;;;;;;;;
;;;;;;;;
;;;;;;;;
;;;;;;;;
;;;;;;;;
;;;;;;;;
;;;;;;;;
Receita total prevista do Fundeb 2026 - Portaria Interministerial MEC MF nº 11, de 28 de Agosto de 2026;;;;;;;;
;;;;;;;;
UF;Código IBGE;Entidade;"Receita da contribuição de
estados e municípios ao Fundeb";"Complementação
VAAF";"Complementação
VAAT";"Complementação
VAAR";"Complementação
da União Total";"Total das receitas
previstas"
AC;1200013;ACRELANDIA; 19.187.940,49 ; -   ; 2.635.312,60 ; -   ; 2.635.312,60 ; 21.823.253,09 
AC;1200054;ASSIS BRASIL; 13.155.027,52 ; -   ; 1.974.201,99 ; 1.003.564,13 ; 2.977.766,12 ; 16.132.793,64 
AC;1200104;BRASILEIA; 33.576.934,80 ; -   ; 8.478.769,33 ; -   ; 8.478.769,33 ; 42.055.704,13 
AC;1200138;BUJARI; 18.333.113,62 ; -   ; 7.054.989,84 ; -   ; 7.054.989,84 ; 25.388.103,46 
AC;1200179;CAPIXABA; 18.620.058,54 ; -   ; 2.341.169,53 ; -   ; 2.341.169,53 ; 20.961.228,07 
AC;1200203;CRUZEIRO DO SUL; 127.451.048,20 ; -   ; 39.564.751,54 ; -   ; 39.564.751,54 ; 167.015.799,74 
AC;1200252;EPITACIOLANDIA; 27.945.588,03 ; -   ; 9.074.031,43 ; 1.003.220,72 ; 10.077.252,15 ; 38.022.840,18 
AC;1200302;FEIJO; 50.703.917,32 ; -   ; 24.050.615,54 ; -   ; 24.050.615,54 ; 74.754.532,86 
AC;1200328;JORDAO; 29.836.946,06 ; -   ; 4.745.015,76 ; 1.803.044,36 ; 6.548.060,12 ; 36.385.006,18 
AC;1200336;MANCIO LIMA; 31.539.753,68 ; -   ; 8.379.070,53 ; -   ; 8.379.070,53 ; 39.918.824,21 
AC;1200344;MANOEL URBANO; 23.884.748,12 ; -   ; 6.196.965,99 ; -   ; 6.196.965,99 ; 30.081.714,11 
AC;1200351;MARECHAL THAUMATURGO; 47.364.614,97 ; -   ; 5.537.268,21 ; -   ; 5.537.268,21 ; 52.901.883,18 
AC;1200385;PLACIDO DE CASTRO; 20.752.587,24 ; -   ; 3.463.564,23 ; -   ; 3.463.564,23 ; 24.216.151,47 
AC;1200807;PORTO ACRE; 28.566.312,59 ; -   ; 12.808.173,13 ; -   ; 12.808.173,13 ; 41.374.485,72 
AC;1200393;PORTO WALTER; 26.008.999,38 ; -   ; -   ; -   ; -   ; 26.008.999,38 
AC;1200401;RIO BRANCO; 220.138.743,67 ; -   ; -   ; -   ; -   ; 220.138.743,67 
AC;1200427;RODRIGUES ALVES; 35.619.253,04 ; -   ; -   ; 2.467.502,43 ; 2.467.502,43 ; 38.086.755,47 
AC;1200435;SANTA ROSA DO PURUS; 19.980.376,02 ; -   ; 1.612.205,92 ; 1.268.374,73 ; 2.880.580,65 ; 22.860.956,67 
AC;1200500;SENA MADUREIRA; 52.970.619,76 ; -   ; 9.088.945,64 ; -   ; 9.088.945,64 ; 62.059.565,40 
AC;1200450;SENADOR GUIOMARD; 22.446.866,07 ; -   ; 5.520.142,74 ; -   ; 5.520.142,74 ; 27.967.008,81 
AC;1200609;TARAUACA; 73.607.047,82 ; -   ; 21.035.526,55 ; 2.639.593,07 ; 23.675.119,62 ; 97.282.167,44 
AC;1200708;XAPURI; 18.061.147,92 ; -   ; 6.351.727,65 ; 1.374.092,84 ; 7.725.820,49 ; 25.786.968,41 
AC;12;GOVERNO DO ESTADO; 1.563.876.701,47 ; -   ; -   ; -   ; -   ; 1.563.876.701,47 
AL;2700102;AGUA BRANCA; 35.633.218,93 ; 8.664.615,63 ; 19.068.197,45 ; 3.458.774,50 ; 31.191.587,58 ; 66.824.806,51 
AL;2700201;ANADIA; 22.930.967,24 ; 5.575.921,10 ; 15.589.628,22 ; -   ; 21.165.549,32 ; 44.096.516,56 
AL;2700300;ARAPIRACA; 214.459.642,39 ; 52.148.260,15 ; 122.832.612,50 ; -   ; 174.980.872,65 ; 389.440.515,04 
AL;2700409;ATALAIA; 58.984.658,31 ; 14.342.779,24 ; 29.373.748,89 ; 5.816.957,25 ; 49.533.485,38 ; 108.518.143,69 
AL;2700508;BARRA DE SANTO ANTONIO; 24.106.373,97 ; 5.861.734,39 ; 11.251.174,54 ; 1.014.074,62 ; 18.126.983,55 ; 42.233.357,52 
AL;2700607;BARRA DE SAO MIGUEL; 14.214.170,64 ; 3.456.334,54 ; 2.318.181,63 ; 1.407.740,75 ; 7.182.256,92 ; 21.396.427,56 
AL;2700706;BATALHA; 23.273.356,53 ; 5.659.176,89 ; 1.701.790,94 ; -   ; 7.360.967,83 ; 30.634.324,36 
AL;2700805;BELEM; 12.274.351,36 ; 2.984.645,79 ; 6.001.056,10 ; 574.094,35 ; 9.559.796,24 ; 21.834.147,60 
AL;2700904;BELO MONTE; 15.481.647,23 ; 3.764.535,64 ; 11.809.712,87 ; 1.461.187,52 ; 17.035.436,03 ; 32.517.083,26 
AL;2701001;BOCA DA MATA; 35.836.610,03 ; 8.714.072,46 ; 18.780.657,31 ; 3.546.451,32 ; 31.041.181,09 ; 66.877.791,12 
AL;2701100;BRANQUINHA; 22.570.138,02 ; 5.488.181,44 ; 10.687.638,33 ; 2.561.425,55 ; 18.737.245,32 ; 41.307.383,34 
AL;2701209;CACIMBINHAS; 16.871.650,19 ; 4.102.530,40 ; 1.160.608,22 ; 1.754.285,12 ; 7.017.423,74 ; 23.889.073,93 
AL;2701308;CAJUEIRO; 29.776.056,27 ; 7.240.381,04 ; 19.305.561,62 ; 2.693.668,91 ; 29.239.611,57 ; 59.015.667,84 
AL;2701357;CAMPESTRE; 11.683.694,93 ; 2.841.021,07 ; 6.191.008,79 ; 585.398,11 ; 9.617.427,97 ; 21.301.122,90 
AL;2701407;CAMPO ALEGRE; 91.103.672,79 ; 22.152.876,76 ; 81.254.058,96 ; -   ; 103.406.935,72 ; 194.510.608,51 
AL;2701506;CAMPO GRANDE; 16.755.087,86 ; 4.074.186,97 ; 5.560.260,44 ; 1.101.112,60 ; 10.735.560,01 ; 27.490.647,87 
AL;2701605;CANAPI; 40.056.895,86 ; 9.740.282,15 ; 20.551.901,12 ; 4.164.094,12 ; 34.456.277,39 ; 74.513.173,25 
AL;2701704;CAPELA; 27.034.577,02 ; 6.573.759,70 ; 13.412.432,48 ; 1.246.625,58 ; 21.232.817,76 ; 48.267.394,78 
AL;2701803;CARNEIROS; 16.979.930,58 ; 4.128.859,99 ; 9.640.571,28 ; -   ; 13.769.431,27 ; 30.749.361,85 
AL;2701902;CHA PRETA; 8.937.367,37 ; 2.173.220,81 ; 3.457.280,34 ; 461.157,36 ; 6.091.658,51 ; 15.029.025,88 
AL;2702009;COITE DO NOIA; 17.671.382,21 ; 4.296.994,19 ; 10.029.094,87 ; -   ; 14.326.089,06 ; 31.997.471,27 
AL;2702108;COLONIA LEOPOLDINA; 28.317.408,80 ; 6.885.694,60 ; 17.994.066,65 ; 2.700.465,24 ; 27.580.226,49 ; 55.897.635,29 
AL;2702207;COQUEIRO SECO; 7.679.682,35 ; 1.867.400,64 ; 494.685,19 ; 785.769,93 ; 3.147.855,76 ; 10.827.538,11 
AL;2702306;CORURIPE; 91.624.040,03 ; 22.279.409,88 ; 62.353.786,07 ; 11.615.237,73 ; 96.248.433,68 ; 187.872.473,71 
AL;2702355;CRAIBAS; 46.362.458,76 ; 11.273.550,27 ; 26.650.387,50 ; 2.271.435,49 ; 40.195.373,26 ; 86.557.832,02 
AL;2702405;DELMIRO GOUVEIA; 63.393.138,78 ; 15.414.750,56 ; 31.720.215,90 ; -   ; 47.134.966,46 ; 110.528.105,24 
AL;2702504;DOIS RIACHOS; 21.010.380,47 ; 5.108.908,95 ; 7.482.848,66 ; 2.257.861,81 ; 14.849.619,42 ; 35.859.999,89 
AL;2702553;ESTRELA DE ALAGOAS; 22.837.864,01 ; 5.553.282,01 ; 13.823.535,18 ; 2.354.986,31 ; 21.731.803,50 ; 44.569.667,51 
AL;2702603;FEIRA GRANDE; 33.177.390,09 ; 8.067.453,39 ; 18.847.021,09 ; 1.547.485,95 ; 28.461.960,43 ; 61.639.350,52 
AL;2702702;FELIZ DESERTO; 6.953.111,48 ; 1.690.726,81 ; 157.627,51 ; 365.794,86 ; 2.214.149,18 ; 9.167.260,66 
AL;2702801;FLEXEIRAS; 16.164.153,62 ; 3.930.494,70 ; 4.349.870,01 ; 1.731.718,82 ; 10.012.083,53 ; 26.176.237,15 
AL;2702900;GIRAU DO PONCIANO; 71.029.953,33 ; 17.271.727,41 ; 7.118.122,33 ; 3.399.913,72 ; 27.789.763,46 ; 98.819.716,79 
AL;2703007;IBATEGUARA; 25.274.975,61 ; 6.145.892,94 ; 22.670.028,15 ; 2.984.502,93 ; 31.800.424,02 ; 57.075.399,63 
AL;2703106;IGACI; 29.570.927,76 ; 7.190.501,75 ; 17.026.991,23 ; 2.968.518,79 ; 27.186.011,77 ; 56.756.939,53 
AL;2703205;IGREJA NOVA; 33.881.770,59 ; 8.238.731,39 ; 16.258.063,09 ; -   ; 24.496.794,48 ; 58.378.565,07 
AL;2703304;INHAPI; 33.273.826,54 ; 8.090.902,99 ; 16.826.156,86 ; 3.244.020,95 ; 28.161.080,80 ; 61.434.907,34 
AL;2703403;JACARE DOS HOMENS; 15.793.832,71 ; 3.840.447,03 ; 11.639.382,90 ; 1.277.388,18 ; 16.757.218,11 ; 32.551.050,82 
AL;2703502;JACUIPE; 9.783.590,88 ; 2.378.989,52 ; 76.390,06 ; 973.263,76 ; 3.428.643,34 ; 13.212.234,22 
AL;2703601;JAPARATINGA; 14.997.124,92 ; 3.646.718,62 ; 5.733.681,12 ; 662.119,58 ; 10.042.519,32 ; 25.039.644,24 
AL;2703700;JARAMATAIA; 9.504.803,07 ; 2.311.199,15 ; 4.726.355,50 ; 844.891,91 ; 7.882.446,56 ; 17.387.249,63 
AL;2703759;JEQUIA DA PRAIA; 15.178.132,31 ; 3.690.732,60 ; 3.145.129,26 ; -   ; 6.835.861,86 ; 22.013.994,17 
AL;2703809;JOAQUIM GOMES; 22.193.638,41 ; 5.396.631,35 ; 9.829.448,95 ; 1.092.412,02 ; 16.318.492,32 ; 38.512.130,73 
AL;2703908;JUNDIA; 11.164.977,41 ; 2.714.889,10 ; 4.693.767,98 ; 1.040.457,77 ; 8.449.114,85 ; 19.614.092,26 
AL;2704005;JUNQUEIRO; 31.981.619,07 ; 7.776.688,30 ; 13.109.502,58 ; -   ; 20.886.190,88 ; 52.867.809,95 
AL;2704104;LAGOA DA CANOA; 35.447.422,21 ; 8.619.437,09 ; 8.371.222,71 ; 3.372.218,10 ; 20.362.877,90 ; 55.810.300,11 
AL;2704203;LIMOEIRO DE ANADIA; 60.774.130,89 ; 14.777.909,50 ; 56.232.119,19 ; 2.756.465,61 ; 73.766.494,30 ; 134.540.625,19 
AL;2704302;MACEIO; 370.180.353,45 ; 90.013.492,32 ; -   ; -   ; 90.013.492,32 ; 460.193.845,77 
AL;2704401;MAJOR ISIDORO; 32.452.968,39 ; 7.891.302,15 ; 17.300.477,55 ; 2.751.155,32 ; 27.942.935,02 ; 60.395.903,41 
AL;2704906;MAR VERMELHO; 4.697.933,47 ; 1.142.355,06 ; 1.039.943,02 ; 471.961,78 ; 2.654.259,86 ; 7.352.193,33 
AL;2704500;MARAGOGI; 43.082.036,19 ; 10.475.878,85 ; 9.830.883,69 ; 4.432.477,20 ; 24.739.239,74 ; 67.821.275,93 
AL;2704609;MARAVILHA; 23.204.278,96 ; 5.642.379,90 ; 13.046.402,59 ; 2.196.277,96 ; 20.885.060,45 ; 44.089.339,41 
AL;2704708;MARECHAL DEODORO; 80.102.644,36 ; 19.477.853,69 ; 22.391.329,23 ; -   ; 41.869.182,92 ; 121.971.827,28 
AL;2704807;MARIBONDO; 15.309.176,31 ; 3.722.597,41 ; 9.194.589,59 ; 675.433,39 ; 13.592.620,39 ; 28.901.796,70 
AL;2705002;MATA GRANDE; 32.561.412,21 ; 7.917.671,48 ; 10.882.646,09 ; 3.310.908,47 ; 22.111.226,04 ; 54.672.638,25 
AL;2705101;MATRIZ DE CAMARAGIBE; 31.554.594,94 ; 7.672.852,60 ; 10.527.362,78 ; -   ; 18.200.215,38 ; 49.754.810,32 
AL;2705200;MESSIAS; 22.224.068,70 ; 5.404.030,81 ; 9.060.217,73 ; -   ; 14.464.248,54 ; 36.688.317,24 
AL;2705309;MINADOR DO NEGRAO; 10.227.491,79 ; 2.486.928,99 ; 3.854.853,53 ; -   ; 6.341.782,52 ; 16.569.274,31 
AL;2705408;MONTEIROPOLIS; 16.372.530,11 ; 3.981.163,77 ; 12.222.393,48 ; 1.534.820,17 ; 17.738.377,42 ; 34.110.907,53 
AL;2705507;MURICI; 46.193.149,65 ; 11.232.380,87 ; 24.010.902,64 ; 4.748.779,96 ; 39.992.063,47 ; 86.185.213,12 
AL;2705606;NOVO LINO; 23.097.259,34 ; 5.616.356,88 ; 7.232.565,24 ; 2.535.417,32 ; 15.384.339,44 ; 38.481.598,78 
AL;2705705;OLHO DAGUA DAS FLORES; 28.093.092,09 ; 6.831.149,48 ; 14.314.976,26 ; 2.980.933,98 ; 24.127.059,72 ; 52.220.151,81 
AL;2705804;OLHO DAGUA DO CASADO; 13.800.207,36 ; 3.355.674,73 ; 8.653.268,48 ; 642.298,30 ; 12.651.241,51 ; 26.451.448,87 
AL;2705903;OLHO DAGUA GRANDE; 9.730.978,87 ; 2.366.196,33 ; 1.770.113,33 ; 1.095.570,38 ; 5.231.880,04 ; 14.962.858,91 
AL;2706000;OLIVENCA; 21.340.962,81 ; 5.189.293,75 ; 13.626.139,19 ; 2.167.874,26 ; 20.983.307,20 ; 42.324.270,01 
AL;2706109;OURO BRANCO; 20.523.351,19 ; 4.990.482,33 ; 10.046.024,50 ; 2.133.107,76 ; 17.169.614,59 ; 37.692.965,78 
AL;2706208;PALESTINA; 8.698.610,60 ; 2.115.164,44 ; 5.523.932,33 ; 791.868,87 ; 8.430.965,64 ; 17.129.576,24 
AL;2706307;PALMEIRA DOS INDIOS; 69.295.931,38 ; 16.850.080,59 ; 32.384.829,17 ; -   ; 49.234.909,76 ; 118.530.841,14 
AL;2706406;PAO DE ACUCAR; 32.016.741,22 ; 7.785.228,64 ; 14.775.454,15 ; 3.193.607,31 ; 25.754.290,10 ; 57.771.031,32 
AL;2706422;PARICONHA; 15.424.397,86 ; 3.750.614,82 ; 8.172.904,39 ; 1.272.517,93 ; 13.196.037,14 ; 28.620.435,00 
AL;2706448;PARIPUEIRA; 19.122.298,20 ; 4.649.800,63 ; 5.919.255,84 ; -   ; 10.569.056,47 ; 29.691.354,67 
AL;2706505;PASSO DE CAMARAGIBE; 20.755.880,49 ; 5.047.024,44 ; 10.043.387,38 ; 2.142.570,69 ; 17.232.982,51 ; 37.988.863,00 
AL;2706604;PAULO JACINTO; 7.602.129,42 ; 1.848.542,77 ; 3.264.333,77 ; 823.881,64 ; 5.936.758,18 ; 13.538.887,60 
AL;2706703;PENEDO; 70.372.611,01 ; 17.111.887,28 ; 50.029.797,49 ; 7.367.427,36 ; 74.509.112,13 ; 144.881.723,14 
AL;2706802;PIACABUCU; 22.736.109,76 ; 5.528.539,33 ; 9.667.823,00 ; 2.294.222,22 ; 17.490.584,55 ; 40.226.694,31 
AL;2706901;PILAR; 61.729.018,08 ; 15.010.101,00 ; 30.459.489,94 ; 6.488.911,63 ; 51.958.502,57 ; 113.687.520,65 
AL;2707008;PINDOBA; 3.705.325,20 ; 900.991,26 ; 361.285,68 ; 167.968,23 ; 1.430.245,17 ; 5.135.570,37 
AL;2707107;PIRANHAS; 32.187.206,06 ; 7.826.679,07 ; 17.767.456,77 ; 3.193.989,06 ; 28.788.124,90 ; 60.975.330,96 
AL;2707206;POCO DAS TRINCHEIRAS; 21.023.904,22 ; 5.112.197,40 ; -   ; 1.984.774,28 ; 7.096.971,68 ; 28.120.875,90 
AL;2707305;PORTO CALVO; 43.902.894,24 ; 10.675.479,66 ; 32.961.617,13 ; 4.412.125,00 ; 48.049.221,79 ; 91.952.116,03 
AL;2707404;PORTO DE PEDRAS; 14.948.999,84 ; 3.635.016,47 ; 1.945.891,23 ; 1.367.461,05 ; 6.948.368,75 ; 21.897.368,59 
AL;2707503;PORTO REAL DO COLEGIO; 24.200.418,00 ; 5.884.602,25 ; 15.432.064,49 ; 2.295.697,48 ; 23.612.364,22 ; 47.812.782,22 
AL;2707602;QUEBRANGULO; 22.853.044,80 ; 5.556.973,39 ; 12.183.101,86 ; -   ; 17.740.075,25 ; 40.593.120,05 
AL;2707701;RIO LARGO; 106.148.279,72 ; 25.811.141,17 ; 50.141.266,79 ; 11.882.613,30 ; 87.835.021,26 ; 193.983.300,98 
AL;2707800;ROTEIRO; 10.631.791,53 ; 2.585.239,00 ; 1.569.707,42 ; 1.162.548,48 ; 5.317.494,90 ; 15.949.286,43 
AL;2707909;SANTA LUZIA DO NORTE; 11.190.876,90 ; 2.721.186,86 ; 5.212.194,90 ; 995.568,32 ; 8.928.950,08 ; 20.119.826,98 
AL;2708006;SANTANA DO IPANEMA; 48.248.366,54 ; 11.732.129,84 ; 29.843.036,09 ; 2.288.298,70 ; 43.863.464,63 ; 92.111.831,17 
AL;2708105;SANTANA DO MUNDAU; 25.987.646,73 ; 6.319.186,90 ; 14.869.068,64 ; 3.270.337,12 ; 24.458.592,66 ; 50.446.239,39 
AL;2708204;SAO BRAS; 9.013.286,48 ; 2.191.681,40 ; 4.907.695,78 ; 479.222,33 ; 7.578.599,51 ; 16.591.885,99 
AL;2708303;SAO JOSE DA LAJE; 27.939.705,38 ; 6.793.851,78 ; 15.597.351,83 ; 3.591.441,61 ; 25.982.645,22 ; 53.922.350,60 
AL;2708402;SAO JOSE DA TAPERA; 51.414.950,49 ; 12.502.120,14 ; 32.667.893,27 ; -   ; 45.170.013,41 ; 96.584.963,90 
AL;2708501;SAO LUIS DO QUITUNDE; 34.678.092,87 ; 8.432.366,06 ; 11.721.645,15 ; 3.572.238,59 ; 23.726.249,80 ; 58.404.342,67 
AL;2708600;SAO MIGUEL DOS CAMPOS; 63.154.009,13 ; 15.356.603,51 ; 25.261.483,44 ; 6.628.085,50 ; 47.246.172,45 ; 110.400.181,58 
AL;2708709;SAO MIGUEL DOS MILAGRES; 14.347.111,93 ; 3.488.660,69 ; 3.986.156,32 ; 1.409.090,54 ; 8.883.907,55 ; 23.231.019,48 
AL;2708808;SAO SEBASTIAO; 45.990.717,03 ; 11.183.157,12 ; 19.334.320,52 ; 4.629.839,91 ; 35.147.317,55 ; 81.138.034,58 
AL;2708907;SATUBA; 28.285.976,85 ; 6.878.051,56 ; 21.061.363,49 ; 3.023.160,74 ; 30.962.575,79 ; 59.248.552,64 
AL;2708956;SENADOR RUI PALMEIRA; 21.428.602,49 ; 5.210.604,31 ; 9.599.350,32 ; 2.019.718,90 ; 16.829.673,53 ; 38.258.276,02 
AL;2709004;TANQUE DARCA; 10.247.010,83 ; 2.491.675,27 ; 1.817.674,31 ; 899.772,03 ; 5.209.121,61 ; 15.456.132,44 
AL;2709103;TAQUARANA; 38.507.366,86 ; 9.363.496,85 ; 18.678.069,18 ; 3.672.257,62 ; 31.713.823,65 ; 70.221.190,51 
AL;2709152;TEOTONIO VILELA; 83.636.650,51 ; 20.337.186,80 ; 48.836.236,18 ; 8.979.173,69 ; 78.152.596,67 ; 161.789.247,18 
AL;2709202;TRAIPU; 54.399.272,87 ; 13.227.791,50 ; 41.764.384,91 ; 2.308.398,38 ; 57.300.574,79 ; 111.699.847,66 
AL;2709301;UNIAO DOS PALMARES; 90.133.230,02 ; 21.916.902,75 ; 60.788.189,32 ; 11.763.535,62 ; 94.468.627,69 ; 184.601.857,71 
AL;2709400;VICOSA; 27.714.516,06 ; 6.739.094,48 ; 9.525.032,00 ; 2.899.622,20 ; 19.163.748,68 ; 46.878.264,74 
AL;27;GOVERNO DO ESTADO; 1.366.795.136,44 ; 332.351.520,99 ; -   ; 59.884.942,20 ; 392.236.463,19 ; 1.759.031.599,63 
AM;1300029;ALVARAES; 32.390.910,75 ; 7.420.696,18 ; 19.357.268,00 ; 1.308.243,50 ; 28.086.207,68 ; 60.477.118,43 
AM;1300060;AMATURA; 23.223.926,66 ; 5.320.557,52 ; 18.532.332,66 ; -   ; 23.852.890,18 ; 47.076.816,84 
AM;1300086;ANAMA; 12.220.554,20 ; 2.799.705,77 ; 2.821.766,82 ; 653.125,77 ; 6.274.598,36 ; 18.495.152,56 
AM;1300102;ANORI; 15.674.650,22 ; 3.591.032,61 ; 5.321.577,56 ; -   ; 8.912.610,17 ; 24.587.260,39 
AM;1300144;APUI; 14.436.483,12 ; 3.307.370,88 ; 5.626.784,32 ; -   ; 8.934.155,20 ; 23.370.638,32 
AM;1300201;ATALAIA DO NORTE; 34.242.027,10 ; 7.844.783,42 ; 25.084.454,59 ; -   ; 32.929.238,01 ; 67.171.265,11 
AM;1300300;AUTAZES; 53.538.438,82 ; 12.265.554,72 ; 32.481.579,16 ; 4.801.814,69 ; 49.548.948,57 ; 103.087.387,39 
AM;1300409;BARCELOS; 23.098.754,80 ; 5.291.880,89 ; 15.606.294,01 ; -   ; 20.898.174,90 ; 43.996.929,70 
AM;1300508;BARREIRINHA; 62.370.259,95 ; 14.288.908,18 ; 36.592.094,53 ; 5.304.669,69 ; 56.185.672,40 ; 118.555.932,35 
AM;1300607;BENJAMIN CONSTANT; 93.421.621,80 ; 21.402.716,25 ; 75.881.910,30 ; 7.904.484,99 ; 105.189.111,54 ; 198.610.733,34 
AM;1300631;BERURI; 37.753.178,41 ; 8.649.181,52 ; 22.392.204,38 ; -   ; 31.041.385,90 ; 68.794.564,31 
AM;1300680;BOA VISTA DO RAMOS; 23.612.741,30 ; 5.409.634,22 ; 8.517.319,04 ; 2.232.705,72 ; 16.159.658,98 ; 39.772.400,28 
AM;1300706;BOCA DO ACRE; 35.209.435,43 ; 8.066.414,83 ; 18.365.579,77 ; 3.820.043,85 ; 30.252.038,45 ; 65.461.473,88 
AM;1300805;BORBA; 48.781.452,67 ; 11.175.738,22 ; 35.164.357,96 ; 2.042.070,91 ; 48.382.167,09 ; 97.163.619,76 
AM;1300839;CAAPIRANGA; 15.384.138,46 ; 3.524.476,92 ; 3.609.020,67 ; 1.372.832,16 ; 8.506.329,75 ; 23.890.468,21 
AM;1300904;CANUTAMA; 15.821.317,85 ; 3.624.633,89 ; 4.999.591,40 ; 1.538.269,64 ; 10.162.494,93 ; 25.983.812,78 
AM;1301001;CARAUARI; 35.096.703,16 ; 8.040.588,08 ; 23.894.838,68 ; 1.860.183,86 ; 33.795.610,62 ; 68.892.313,78 
AM;1301100;CAREIRO; 48.985.153,18 ; 11.222.405,62 ; 26.339.125,55 ; -   ; 37.561.531,17 ; 86.546.684,35 
AM;1301159;CAREIRO DA VARZEA; 23.994.946,54 ; 5.497.196,71 ; 12.797.319,43 ; 2.303.441,06 ; 20.597.957,20 ; 44.592.903,74 
AM;1301209;COARI; 70.935.244,56 ; 16.251.129,90 ; 13.774.843,72 ; 6.941.041,31 ; 36.967.014,93 ; 107.902.259,49 
AM;1301308;CODAJAS; 21.287.232,98 ; 4.876.864,67 ; 6.637.220,76 ; -   ; 11.514.085,43 ; 32.801.318,41 
AM;1301407;EIRUNEPE; 37.660.202,43 ; 8.627.880,90 ; 15.868.545,44 ; -   ; 24.496.426,34 ; 62.156.628,77 
AM;1301506;ENVIRA; 19.130.298,87 ; 4.382.715,17 ; 2.098.956,01 ; -   ; 6.481.671,18 ; 25.611.970,05 
AM;1301605;FONTE BOA; 42.047.140,90 ; 9.632.920,18 ; 25.509.977,03 ; 4.004.254,36 ; 39.147.151,57 ; 81.194.292,47 
AM;1301654;GUAJARA; 15.865.706,62 ; 3.634.803,28 ; 9.367.592,76 ; 1.618.687,90 ; 14.621.083,94 ; 30.486.790,56 
AM;1301704;HUMAITA; 62.083.523,62 ; 14.223.217,44 ; 29.140.924,65 ; 6.340.745,73 ; 49.704.887,82 ; 111.788.411,44 
AM;1301803;IPIXUNA; 25.331.172,62 ; 5.803.323,57 ; 16.432.726,27 ; 1.090.807,75 ; 23.326.857,59 ; 48.658.030,21 
AM;1301852;IRANDUBA; 75.495.178,08 ; 17.295.802,02 ; 45.292.114,91 ; -   ; 62.587.916,93 ; 138.083.095,01 
AM;1301902;ITACOATIARA; 102.192.767,98 ; 23.412.169,19 ; 28.885.992,87 ; 10.500.704,62 ; 62.798.866,68 ; 164.991.634,66 
AM;1301951;ITAMARATI; 19.204.641,61 ; 4.399.746,94 ; 9.416.015,51 ; -   ; 13.815.762,45 ; 33.020.404,06 
AM;1302009;ITAPIRANGA; 13.398.812,06 ; 3.069.642,41 ; 9.252.431,01 ; 1.300.482,55 ; 13.622.555,97 ; 27.021.368,03 
AM;1302108;JAPURA; 22.828.579,92 ; 5.229.984,33 ; 15.573.583,92 ; 941.899,71 ; 21.745.467,96 ; 44.574.047,88 
AM;1302207;JURUA; 17.391.108,21 ; 3.984.269,89 ; 8.220.191,57 ; 1.629.516,61 ; 13.833.978,07 ; 31.225.086,28 
AM;1302306;JUTAI; 54.122.421,70 ; 12.399.344,09 ; 34.361.261,73 ; 4.872.205,13 ; 51.632.810,95 ; 105.755.232,65 
AM;1302405;LABREA; 55.266.596,12 ; 12.661.472,28 ; 31.545.216,45 ; 2.596.438,11 ; 46.803.126,84 ; 102.069.722,96 
AM;1302504;MANACAPURU; 117.522.789,82 ; 26.924.248,10 ; 61.132.681,69 ; -   ; 88.056.929,79 ; 205.579.719,61 
AM;1302553;MANAQUIRI; 26.608.792,25 ; 6.096.023,80 ; 7.904.062,62 ; 2.386.063,88 ; 16.386.150,30 ; 42.994.942,55 
AM;1302603;MANAUS; 1.453.244.607,02 ; 332.935.581,38 ; -   ; -   ; 332.935.581,38 ; 1.786.180.188,40 
AM;1302702;MANICORE; 71.670.340,40 ; 16.419.538,97 ; 28.706.885,21 ; -   ; 45.126.424,18 ; 116.796.764,58 
AM;1302801;MARAA; 32.033.667,88 ; 7.338.852,52 ; 18.824.488,98 ; 2.679.094,99 ; 28.842.436,49 ; 60.876.104,37 
AM;1302900;MAUES; 77.438.499,99 ; 17.741.013,38 ; 41.521.743,21 ; -   ; 59.262.756,59 ; 136.701.256,58 
AM;1303007;NHAMUNDA; 23.459.546,69 ; 5.374.537,63 ; 10.216.903,87 ; 2.271.483,64 ; 17.862.925,14 ; 41.322.471,83 
AM;1303106;NOVA OLINDA DO NORTE; 41.871.667,93 ; 9.592.719,66 ; 22.811.454,43 ; 3.978.629,39 ; 36.382.803,48 ; 78.254.471,41 
AM;1303205;NOVO AIRAO; 18.108.796,17 ; 4.148.690,83 ; 5.491.563,14 ; 1.080.695,27 ; 10.720.949,24 ; 28.829.745,41 
AM;1303304;NOVO ARIPUANA; 19.058.939,05 ; 4.366.366,76 ; 10.018.120,50 ; -   ; 14.384.487,26 ; 33.443.426,31 
AM;1303403;PARINTINS; 109.823.506,84 ; 25.160.356,99 ; 59.028.554,45 ; -   ; 84.188.911,44 ; 194.012.418,28 
AM;1303502;PAUINI; 23.810.452,60 ; 5.454.929,50 ; 12.070.244,83 ; 1.099.487,16 ; 18.624.661,49 ; 42.435.114,09 
AM;1303536;PRESIDENTE FIGUEIREDO; 49.319.876,09 ; 11.299.090,01 ; 3.218.387,87 ; -   ; 14.517.477,88 ; 63.837.353,97 
AM;1303569;RIO PRETO DA EVA; 39.290.017,25 ; 9.001.268,38 ; 17.107.705,74 ; 3.770.769,36 ; 29.879.743,48 ; 69.169.760,73 
AM;1303601;SANTA ISABEL DO RIO NEGRO; 25.319.226,06 ; 5.800.586,64 ; 20.370.405,98 ; 1.212.173,59 ; 27.383.166,21 ; 52.702.392,27 
AM;1303700;SANTO ANTONIO DO ICA; 59.902.617,89 ; 13.723.576,07 ; 49.607.075,61 ; 5.184.068,12 ; 68.514.719,80 ; 128.417.337,69 
AM;1303809;SAO GABRIEL DA CACHOEIRA; 96.125.321,63 ; 22.022.128,75 ; 78.884.244,83 ; 6.493.585,37 ; 107.399.958,95 ; 203.525.280,58 
AM;1303908;SAO PAULO DE OLIVENCA; 69.854.300,84 ; 16.003.487,75 ; 50.353.392,63 ; -   ; 66.356.880,38 ; 136.211.181,22 
AM;1303957;SAO SEBASTIAO DO UATUMA; 11.764.175,54 ; 2.695.150,29 ; 5.738.093,72 ; 617.801,74 ; 9.051.045,75 ; 20.815.221,29 
AM;1304005;SILVES; 19.325.449,38 ; 4.427.423,78 ; 6.260.185,52 ; 734.746,90 ; 11.422.356,20 ; 30.747.805,58 
AM;1304062;TABATINGA; 126.630.848,07 ; 29.010.886,96 ; 95.847.129,18 ; 10.715.783,50 ; 135.573.799,64 ; 262.204.647,71 
AM;1304104;TAPAUA; 35.570.398,54 ; 8.149.110,79 ; 22.053.284,11 ; 3.298.817,13 ; 33.501.212,03 ; 69.071.610,57 
AM;1304203;TEFE; 111.470.604,34 ; 25.537.703,90 ; 70.712.830,70 ; -   ; 96.250.534,60 ; 207.721.138,94 
AM;1304237;TONANTINS; 33.766.194,64 ; 7.735.771,11 ; 20.389.716,04 ; 3.168.112,89 ; 31.293.600,04 ; 65.059.794,68 
AM;1304260;UARINI; 24.601.602,54 ; 5.636.180,45 ; 12.822.687,76 ; -   ; 18.458.868,21 ; 43.060.470,75 
AM;1304302;URUCARA; 17.948.329,08 ; 4.111.928,13 ; 6.789.181,83 ; 940.498,73 ; 11.841.608,69 ; 29.789.937,77 
AM;1304401;URUCURITUBA; 23.233.838,74 ; 5.322.828,36 ; 14.867.899,04 ; 2.339.191,88 ; 22.529.919,28 ; 45.763.758,02 
AM;13;GOVERNO DO ESTADO; 2.539.794.056,05 ; 581.861.998,00 ; -   ; 246.071.183,02 ; 827.933.181,02 ; 3.367.727.237,07 
AP;1600105;AMAPA; 14.032.830,28 ; -   ; 151.722,49 ; 446.020,97 ; 597.743,46 ; 14.630.573,74 
AP;1600204;CALCOENE; 21.300.313,02 ; -   ; 4.906.381,37 ; 1.241.900,39 ; 6.148.281,76 ; 27.448.594,78 
AP;1600212;CUTIAS; 9.106.647,05 ; -   ; -   ; -   ; -   ; 9.106.647,05 
AP;1600238;FERREIRA GOMES; 19.047.143,35 ; -   ; -   ; -   ; -   ; 19.047.143,35 
AP;1600253;ITAUBAL; 13.794.645,66 ; -   ; 1.939.557,18 ; -   ; 1.939.557,18 ; 15.734.202,84 
AP;1600279;LARANJAL DO JARI; 77.831.494,17 ; -   ; 1.113.190,04 ; 4.526.614,00 ; 5.639.804,04 ; 83.471.298,21 
AP;1600303;MACAPA; 414.160.336,45 ; -   ; -   ; 25.817.612,59 ; 25.817.612,59 ; 439.977.949,04 
AP;1600402;MAZAGAO; 67.579.413,25 ; -   ; 11.216.257,84 ; 1.864.302,05 ; 13.080.559,89 ; 80.659.973,14 
AP;1600501;OIAPOQUE; 51.151.809,38 ; -   ; 1.915.103,49 ; -   ; 1.915.103,49 ; 53.066.912,87 
AP;1600154;PEDRA BRANCA DO AMAPARI; 17.480.349,22 ; -   ; -   ; 1.089.098,46 ; 1.089.098,46 ; 18.569.447,68 
AP;1600535;PORTO GRANDE; 35.268.144,16 ; -   ; -   ; -   ; -   ; 35.268.144,16 
AP;1600550;PRACUUBA; 7.631.527,90 ; -   ; -   ; -   ; -   ; 7.631.527,90 
AP;1600600;SANTANA; 134.944.449,63 ; -   ; 728.540,21 ; 8.178.538,65 ; 8.907.078,86 ; 143.851.528,49 
AP;1600055;SERRA DO NAVIO; 6.283.007,21 ; -   ; -   ; 364.992,11 ; 364.992,11 ; 6.647.999,32 
AP;1600709;TARTARUGALZINHO; 32.065.636,55 ; -   ; 8.354.508,07 ; 1.773.096,16 ; 10.127.604,23 ; 42.193.240,78 
AP;1600808;VITORIA DO JARI; 29.838.792,66 ; -   ; 1.201.971,60 ; -   ; 1.201.971,60 ; 31.040.764,26 
AP;16;GOVERNO DO ESTADO; 1.260.518.479,91 ; -   ; -   ; -   ; -   ; 1.260.518.479,91 
BA;2900108;ABAIRA; 5.407.062,14 ; 2.107.240,87 ; 2.169.204,17 ; 338.979,32 ; 4.615.424,36 ; 10.022.486,50 
BA;2900207;ABARE; 23.980.352,37 ; 9.345.625,68 ; 17.327.225,71 ; 1.395.631,52 ; 28.068.482,91 ; 52.048.835,28 
BA;2900306;ACAJUTIBA; 29.212.977,25 ; 11.384.884,84 ; 28.098.549,25 ; 2.725.457,24 ; 42.208.891,33 ; 71.421.868,58 
BA;2900355;ADUSTINA; 16.669.087,26 ; 6.496.278,59 ; 7.220.768,26 ; 2.105.019,53 ; 15.822.066,38 ; 32.491.153,64 
BA;2900405;AGUA FRIA; 17.568.014,02 ; 6.846.608,44 ; 6.501.623,01 ; -   ; 13.348.231,45 ; 30.916.245,47 
BA;2900603;AIQUARA; 5.553.185,74 ; 2.164.188,19 ; -   ; 284.417,59 ; 2.448.605,78 ; 8.001.791,52 
BA;2900702;ALAGOINHAS; 68.072.215,72 ; 26.529.111,71 ; -   ; -   ; 26.529.111,71 ; 94.601.327,43 
BA;2900801;ALCOBACA; 29.761.311,08 ; 11.598.581,56 ; 12.238.709,91 ; -   ; 23.837.291,47 ; 53.598.602,55 
BA;2900900;ALMADINA; 8.449.405,97 ; 3.292.903,46 ; 8.602.617,17 ; -   ; 11.895.520,63 ; 20.344.926,60 
BA;2901007;AMARGOSA; 36.590.694,13 ; 14.260.129,51 ; 25.289.243,50 ; -   ; 39.549.373,01 ; 76.140.067,14 
BA;2901106;AMELIA RODRIGUES; 23.712.275,93 ; 9.241.150,89 ; 11.616.297,77 ; -   ; 20.857.448,66 ; 44.569.724,59 
BA;2901155;AMERICA DOURADA; 21.363.470,50 ; 8.325.774,17 ; 12.861.336,10 ; 1.106.383,24 ; 22.293.493,51 ; 43.656.964,01 
BA;2901205;ANAGE; 17.906.074,91 ; 6.978.357,56 ; 4.548.271,10 ; -   ; 11.526.628,66 ; 29.432.703,57 
BA;2901304;ANDARAI; 15.244.600,63 ; 5.941.127,50 ; 7.227.788,18 ; -   ; 13.168.915,68 ; 28.413.516,31 
BA;2901353;ANDORINHA; 25.449.924,19 ; 9.918.347,37 ; 14.873.280,97 ; 2.451.729,43 ; 27.243.357,77 ; 52.693.281,96 
BA;2901403;ANGICAL; 14.768.359,85 ; 5.755.526,89 ; 7.550.356,85 ; -   ; 13.305.883,74 ; 28.074.243,59 
BA;2901502;ANGUERA; 17.380.187,55 ; 6.773.408,68 ; 11.263.550,84 ; 2.164.302,04 ; 20.201.261,56 ; 37.581.449,11 
BA;2901601;ANTAS; 24.892.097,94 ; 9.700.951,26 ; 15.206.071,01 ; 2.831.321,46 ; 27.738.343,73 ; 52.630.441,67 
BA;2901700;ANTONIO CARDOSO; 14.735.511,57 ; 5.742.725,26 ; 9.820.671,22 ; -   ; 15.563.396,48 ; 30.298.908,05 
BA;2901809;ANTONIO GONCALVES; 14.916.460,05 ; 5.813.244,52 ; 11.196.511,64 ; 1.330.672,85 ; 18.340.429,01 ; 33.256.889,06 
BA;2901908;APORA; 22.813.948,53 ; 8.891.054,64 ; 21.058.244,39 ; 1.073.435,28 ; 31.022.734,31 ; 53.836.682,84 
BA;2901957;APUAREMA; 9.638.998,13 ; 3.756.511,45 ; 6.721.559,66 ; 913.686,08 ; 11.391.757,19 ; 21.030.755,32 
BA;2902054;ARACAS; 13.913.844,92 ; 5.422.505,24 ; 1.248.591,43 ; 1.482.904,88 ; 8.154.001,55 ; 22.067.846,47 
BA;2902005;ARACATU; 24.549.961,21 ; 9.567.613,70 ; 30.984.749,09 ; 2.741.088,91 ; 43.293.451,70 ; 67.843.412,91 
BA;2902104;ARACI; 93.019.729,15 ; 36.251.659,50 ; 72.327.998,81 ; -   ; 108.579.658,31 ; 201.599.387,46 
BA;2902203;ARAMARI; 22.645.594,89 ; 8.825.443,84 ; 24.562.241,33 ; -   ; 33.387.685,17 ; 56.033.280,06 
BA;2902252;ARATACA; 10.839.981,12 ; 4.224.558,69 ; 4.945.049,57 ; -   ; 9.169.608,26 ; 20.009.589,38 
BA;2902302;ARATUIPE; 10.672.728,04 ; 4.159.376,79 ; 7.682.177,63 ; 521.830,09 ; 12.363.384,51 ; 23.036.112,55 
BA;2902401;AURELINO LEAL; 15.314.104,97 ; 5.968.214,74 ; 2.529.667,14 ; 1.683.574,60 ; 10.181.456,48 ; 25.495.561,45 
BA;2902500;BAIANOPOLIS; 16.288.612,46 ; 6.347.999,92 ; 11.102.742,91 ; -   ; 17.450.742,83 ; 33.739.355,29 
BA;2902609;BAIXA GRANDE; 20.473.760,71 ; 7.979.036,37 ; 12.085.245,63 ; -   ; 20.064.282,00 ; 40.538.042,71 
BA;2902658;BANZAE; 19.246.438,21 ; 7.500.724,10 ; 11.883.914,29 ; 2.091.555,52 ; 21.476.193,91 ; 40.722.632,12 
BA;2902708;BARRA; 67.456.631,41 ; 26.289.206,12 ; 45.032.931,92 ; -   ; 71.322.138,04 ; 138.778.769,45 
BA;2902807;BARRA DA ESTIVA; 24.535.684,35 ; 9.562.049,72 ; 14.529.629,87 ; -   ; 24.091.679,59 ; 48.627.363,94 
BA;2902906;BARRA DO CHOCA; 43.103.131,16 ; 16.798.157,22 ; 25.545.699,98 ; 4.937.015,66 ; 47.280.872,86 ; 90.384.004,02 
BA;2903003;BARRA DO MENDES; 15.579.656,78 ; 6.071.705,63 ; 10.636.749,91 ; -   ; 16.708.455,54 ; 32.288.112,32 
BA;2903102;BARRA DO ROCHA; 7.601.888,04 ; 2.962.608,68 ; -   ; -   ; 2.962.608,68 ; 10.564.496,72 
BA;2903201;BARREIRAS; 139.747.248,80 ; 54.462.313,82 ; 29.196.781,24 ; -   ; 83.659.095,06 ; 223.406.343,86 
BA;2903235;BARRO ALTO; 18.820.470,90 ; 7.334.716,08 ; 16.020.811,99 ; 1.705.783,11 ; 25.061.311,18 ; 43.881.782,08 
BA;2903300;BARRO PRETO; 12.949.254,38 ; 5.046.584,90 ; 7.822.861,76 ; -   ; 12.869.446,66 ; 25.818.701,04 
BA;2903276;BARROCAS; 24.598.694,46 ; 9.586.606,03 ; 17.026.892,83 ; 2.565.887,80 ; 29.179.386,66 ; 53.778.081,12 
BA;2903409;BELMONTE; 24.584.453,70 ; 9.581.056,11 ; 16.202.581,41 ; 2.645.309,85 ; 28.428.947,37 ; 53.013.401,07 
BA;2903508;BELO CAMPO; 21.493.501,78 ; 8.376.449,98 ; 14.983.993,30 ; 2.388.214,91 ; 25.748.658,19 ; 47.242.159,97 
BA;2903607;BIRITINGA; 28.375.084,02 ; 11.058.340,99 ; 13.328.984,46 ; 2.713.088,43 ; 27.100.413,88 ; 55.475.497,90 
BA;2903706;BOA NOVA; 18.421.720,76 ; 7.179.315,13 ; 13.982.550,38 ; 2.108.843,52 ; 23.270.709,03 ; 41.692.429,79 
BA;2903805;BOA VISTA DO TUPIM; 19.115.121,86 ; 7.449.547,48 ; 6.641.275,51 ; 1.101.974,19 ; 15.192.797,18 ; 34.307.919,04 
BA;2903904;BOM JESUS DA LAPA; 86.300.897,14 ; 33.633.195,52 ; 66.003.433,87 ; 9.523.300,09 ; 109.159.929,48 ; 195.460.826,62 
BA;2903953;BOM JESUS DA SERRA; 12.225.124,69 ; 4.764.376,99 ; 9.627.498,07 ; 501.689,43 ; 14.893.564,49 ; 27.118.689,18 
BA;2904001;BONINAL; 13.325.905,49 ; 5.193.373,41 ; 5.833.030,76 ; -   ; 11.026.404,17 ; 24.352.309,66 
BA;2904050;BONITO; 25.438.410,95 ; 9.913.860,43 ; 19.707.587,14 ; -   ; 29.621.447,57 ; 55.059.858,52 
BA;2904100;BOQUIRA; 22.728.254,37 ; 8.857.657,89 ; 22.647.910,21 ; 2.373.666,10 ; 33.879.234,20 ; 56.607.488,57 
BA;2904209;BOTUPORA; 15.113.683,85 ; 5.890.106,60 ; 10.103.452,64 ; -   ; 15.993.559,24 ; 31.107.243,09 
BA;2904308;BREJOES; 15.269.626,10 ; 5.950.880,44 ; 7.248.148,24 ; -   ; 13.199.028,68 ; 28.468.654,78 
BA;2904407;BREJOLANDIA; 7.336.720,33 ; 2.859.267,49 ; 1.717.273,56 ; -   ; 4.576.541,05 ; 11.913.261,38 
BA;2904506;BROTAS DE MACAUBAS; 13.354.173,38 ; 5.204.389,98 ; 7.018.876,86 ; -   ; 12.223.266,84 ; 25.577.440,22 
BA;2904605;BRUMADO; 67.047.670,77 ; 26.129.825,93 ; 35.211.154,19 ; -   ; 61.340.980,12 ; 128.388.650,89 
BA;2904704;BUERAREMA; 15.233.735,46 ; 5.936.893,13 ; 8.203.317,69 ; -   ; 14.140.210,82 ; 29.373.946,28 
BA;2904753;BURITIRAMA; 22.602.652,50 ; 8.808.708,32 ; 12.456.928,47 ; 2.560.611,04 ; 23.826.247,83 ; 46.428.900,33 
BA;2904803;CAATIBA; 8.096.865,74 ; 3.155.511,44 ; 4.080.484,50 ; -   ; 7.235.995,94 ; 15.332.861,68 
BA;2904852;CABACEIRAS DO PARAGUACU; 29.243.724,94 ; 11.396.867,83 ; 22.429.819,86 ; 1.302.938,99 ; 35.129.626,68 ; 64.373.351,62 
BA;2904902;CACHOEIRA; 28.712.696,64 ; 11.189.915,42 ; 20.584.829,38 ; 2.817.453,68 ; 34.592.198,48 ; 63.304.895,12 
BA;2905008;CACULE; 24.499.494,16 ; 9.547.945,67 ; 16.237.857,47 ; -   ; 25.785.803,14 ; 50.285.297,30 
BA;2905107;CAEM; 16.844.562,53 ; 6.564.664,84 ; 11.757.060,80 ; -   ; 18.321.725,64 ; 35.166.288,17 
BA;2905156;CAETANOS; 13.725.281,74 ; 5.349.018,37 ; 10.650.924,48 ; 1.459.110,50 ; 17.459.053,35 ; 31.184.335,09 
BA;2905206;CAETITE; 39.690.309,44 ; 15.468.111,94 ; 12.602.917,70 ; -   ; 28.071.029,64 ; 67.761.339,08 
BA;2905305;CAFARNAUM; 23.755.534,29 ; 9.258.009,55 ; 15.657.224,00 ; 2.187.603,30 ; 27.102.836,85 ; 50.858.371,14 
BA;2905404;CAIRU; 33.863.201,65 ; 13.197.170,83 ; 22.719.985,54 ; 3.147.206,58 ; 39.064.362,95 ; 72.927.564,60 
BA;2905503;CALDEIRAO GRANDE; 24.945.222,31 ; 9.721.654,89 ; 20.205.837,35 ; -   ; 29.927.492,24 ; 54.872.714,55 
BA;2905602;CAMACAN; 20.108.636,90 ; 7.836.740,28 ; 2.311.789,03 ; -   ; 10.148.529,31 ; 30.257.166,21 
BA;2905701;CAMACARI; 182.550.116,88 ; 71.143.452,47 ; -   ; -   ; 71.143.452,47 ; 253.693.569,35 
BA;2905800;CAMAMU; 34.887.315,20 ; 13.596.288,48 ; 10.091.265,66 ; -   ; 23.687.554,14 ; 58.574.869,34 
BA;2905909;CAMPO ALEGRE DE LOURDES; 33.466.080,65 ; 13.042.404,79 ; 20.083.390,68 ; -   ; 33.125.795,47 ; 66.591.876,12 
BA;2906006;CAMPO FORMOSO; 87.433.641,28 ; 34.074.648,70 ; 51.150.996,78 ; 8.613.500,73 ; 93.839.146,21 ; 181.272.787,49 
BA;2906105;CANAPOLIS; 9.201.013,99 ; 3.585.820,22 ; 2.476.122,90 ; -   ; 6.061.943,12 ; 15.262.957,11 
BA;2906204;CANARANA; 37.206.383,14 ; 14.500.075,90 ; 27.885.187,59 ; 3.293.060,70 ; 45.678.324,19 ; 82.884.707,33 
BA;2906303;CANAVIEIRAS; 31.667.113,15 ; 12.341.310,96 ; 18.197.684,26 ; -   ; 30.538.995,22 ; 62.206.108,37 
BA;2906402;CANDEAL; 7.264.930,66 ; 2.831.289,61 ; 2.744.172,16 ; 814.680,51 ; 6.390.142,28 ; 13.655.072,94 
BA;2906501;CANDEIAS; 53.256.143,85 ; 20.754.990,48 ; -   ; -   ; 20.754.990,48 ; 74.011.134,33 
BA;2906600;CANDIBA; 10.159.123,65 ; 3.959.214,84 ; 1.576.705,96 ; -   ; 5.535.920,80 ; 15.695.044,45 
BA;2906709;CANDIDO SALES; 31.444.255,60 ; 12.254.458,89 ; 18.946.982,35 ; 3.106.490,91 ; 34.307.932,15 ; 65.752.187,75 
BA;2906808;CANSANCAO; 71.902.758,76 ; 28.021.951,38 ; 24.043.620,41 ; 6.951.633,78 ; 59.017.205,57 ; 130.919.964,33 
BA;2906824;CANUDOS; 20.722.301,62 ; 8.075.897,76 ; 9.047.696,62 ; 2.170.714,06 ; 19.294.308,44 ; 40.016.610,06 
BA;2906857;CAPELA DO ALTO ALEGRE; 11.725.005,95 ; 4.569.470,67 ; 10.720.964,54 ; -   ; 15.290.435,21 ; 27.015.441,16 
BA;2906873;CAPIM GROSSO; 41.458.941,78 ; 16.157.383,54 ; 33.485.846,53 ; 4.199.969,93 ; 53.843.200,00 ; 95.302.141,78 
BA;2906899;CARAIBAS; 9.802.355,92 ; 3.820.175,28 ; 4.113.634,99 ; 1.052.239,46 ; 8.986.049,73 ; 18.788.405,65 
BA;2906907;CARAVELAS; 22.547.142,27 ; 8.787.074,87 ; 7.524.122,26 ; 2.559.658,98 ; 18.870.856,11 ; 41.417.998,38 
BA;2907004;CARDEAL DA SILVA; 12.461.510,65 ; 4.856.501,36 ; 6.680.622,24 ; 777.730,44 ; 12.314.854,04 ; 24.776.364,69 
BA;2907103;CARINHANHA; 33.619.922,94 ; 13.102.360,22 ; 19.926.403,73 ; 1.928.897,73 ; 34.957.661,68 ; 68.577.584,62 
BA;2907202;CASA NOVA; 68.020.574,74 ; 26.508.986,18 ; 34.104.096,49 ; 3.458.356,28 ; 64.071.438,95 ; 132.092.013,69 
BA;2907301;CASTRO ALVES; 35.414.011,11 ; 13.801.552,46 ; 28.355.525,71 ; 3.765.407,01 ; 45.922.485,18 ; 81.336.496,29 
BA;2907400;CATOLANDIA; 3.612.823,31 ; 1.407.989,92 ; 234.658,80 ; 421.423,73 ; 2.064.072,45 ; 5.676.895,76 
BA;2907509;CATU; 34.701.868,71 ; 13.524.016,25 ; -   ; -   ; 13.524.016,25 ; 48.225.884,96 
BA;2907558;CATURAMA; 15.051.616,46 ; 5.865.917,69 ; 16.400.798,25 ; -   ; 22.266.715,94 ; 37.318.332,40 
BA;2907608;CENTRAL; 16.431.018,20 ; 6.403.498,29 ; 10.182.451,12 ; 1.631.563,90 ; 18.217.513,31 ; 34.648.531,51 
BA;2907707;CHORROCHO; 15.722.079,11 ; 6.127.210,48 ; 11.370.954,65 ; -   ; 17.498.165,13 ; 33.220.244,24 
BA;2907806;CICERO DANTAS; 37.151.682,63 ; 14.478.758,02 ; 9.755.999,40 ; 1.845.466,41 ; 26.080.223,83 ; 63.231.906,46 
BA;2907905;CIPO; 35.370.015,35 ; 13.784.406,44 ; 18.081.762,63 ; 4.001.037,59 ; 35.867.206,66 ; 71.237.222,01 
BA;2908002;COARACI; 14.663.420,32 ; 5.714.629,85 ; 2.602.579,99 ; 1.490.935,00 ; 9.808.144,84 ; 24.471.565,16 
BA;2908101;COCOS; 19.553.216,31 ; 7.620.281,70 ; 6.185.991,32 ; 2.336.240,54 ; 16.142.513,56 ; 35.695.729,87 
BA;2908200;CONCEICAO DA FEIRA; 25.468.384,79 ; 9.925.541,84 ; 18.222.501,45 ; 2.714.101,04 ; 30.862.144,33 ; 56.330.529,12 
BA;2908309;CONCEICAO DO ALMEIDA; 10.862.875,01 ; 4.233.480,89 ; 1.689.955,42 ; -   ; 5.923.436,31 ; 16.786.311,32 
BA;2908408;CONCEICAO DO COITE; 62.673.145,31 ; 24.424.985,37 ; 49.366.097,17 ; 3.526.820,72 ; 77.317.903,26 ; 139.991.048,57 
BA;2908507;CONCEICAO DO JACUIPE; 45.372.006,40 ; 17.682.383,54 ; 29.987.329,11 ; -   ; 47.669.712,65 ; 93.041.719,05 
BA;2908606;CONDE; 31.151.988,11 ; 12.140.556,37 ; 17.730.032,47 ; -   ; 29.870.588,84 ; 61.022.576,95 
BA;2908705;CONDEUBA; 16.815.803,54 ; 6.553.456,88 ; 10.672.503,58 ; -   ; 17.225.960,46 ; 34.041.764,00 
BA;2908804;CONTENDAS DO SINCORA; 4.488.348,02 ; 1.749.199,51 ; 501.609,45 ; -   ; 2.250.808,96 ; 6.739.156,98 
BA;2908903;CORACAO DE MARIA; 38.897.998,87 ; 15.159.332,57 ; 30.743.781,26 ; 3.845.128,75 ; 49.748.242,58 ; 88.646.241,45 
BA;2909000;CORDEIROS; 8.962.378,04 ; 3.492.819,00 ; 8.193.486,08 ; 514.191,02 ; 12.200.496,10 ; 21.162.874,14 
BA;2909109;CORIBE; 19.721.869,17 ; 7.686.009,11 ; 18.383.384,74 ; 1.878.084,54 ; 27.947.478,39 ; 47.669.347,56 
BA;2909208;CORONEL JOAO SA; 40.269.459,28 ; 15.693.818,29 ; 26.128.189,41 ; 4.476.486,23 ; 46.298.493,93 ; 86.567.953,21 
BA;2909307;CORRENTINA; 33.147.768,06 ; 12.918.351,97 ; 4.111.662,06 ; -   ; 17.030.014,03 ; 50.177.782,09 
BA;2909406;COTEGIPE; 13.783.421,75 ; 5.371.676,70 ; 6.019.637,56 ; 1.558.117,51 ; 12.949.431,77 ; 26.732.853,52 
BA;2909505;CRAVOLANDIA; 7.294.451,50 ; 2.842.794,48 ; 5.723.970,41 ; -   ; 8.566.764,89 ; 15.861.216,39 
BA;2909604;CRISOPOLIS; 40.819.070,94 ; 15.908.013,01 ; 28.659.303,89 ; 4.280.177,42 ; 48.847.494,32 ; 89.666.565,26 
BA;2909703;CRISTOPOLIS; 13.871.663,33 ; 5.406.066,22 ; 6.812.657,06 ; 1.522.971,73 ; 13.741.695,01 ; 27.613.358,34 
BA;2909802;CRUZ DAS ALMAS; 42.206.226,34 ; 16.448.615,36 ; 18.194.591,63 ; -   ; 34.643.206,99 ; 76.849.433,33 
BA;2909901;CURACA; 43.137.331,11 ; 16.811.485,62 ; 26.235.424,66 ; -   ; 43.046.910,28 ; 86.184.241,39 
BA;2910008;DARIO MEIRA; 19.267.141,73 ; 7.508.792,69 ; 9.827.917,49 ; -   ; 17.336.710,18 ; 36.603.851,91 
BA;2910057;DIAS DAVILA; 61.145.065,42 ; 23.829.461,90 ; 11.180.898,08 ; -   ; 35.010.359,98 ; 96.155.425,40 
BA;2910107;DOM BASILIO; 13.231.162,75 ; 5.156.450,26 ; 8.293.569,81 ; 1.358.477,50 ; 14.808.497,57 ; 28.039.660,32 
BA;2910206;DOM MACEDO COSTA; 4.742.693,20 ; 1.848.322,93 ; 2.083.632,24 ; -   ; 3.931.955,17 ; 8.674.648,37 
BA;2910305;ELISIO MEDRADO; 10.974.666,36 ; 4.277.048,23 ; 6.682.782,75 ; 1.118.702,97 ; 12.078.533,95 ; 23.053.200,31 
BA;2910404;ENCRUZILHADA; 22.632.180,16 ; 8.820.215,84 ; 14.714.898,10 ; -   ; 23.535.113,94 ; 46.167.294,10 
BA;2910503;ENTRE RIOS; 37.669.294,55 ; 14.680.481,79 ; 13.271.029,07 ; 3.762.317,10 ; 31.713.827,96 ; 69.383.122,51 
BA;2900504;ERICO CARDOSO; 14.257.345,26 ; 5.556.374,23 ; 11.194.137,16 ; 1.376.499,11 ; 18.127.010,50 ; 32.384.355,76 
BA;2910602;ESPLANADA; 36.737.335,67 ; 14.317.278,67 ; 16.069.407,72 ; 3.416.844,85 ; 33.803.531,24 ; 70.540.866,91 
BA;2910701;EUCLIDES DA CUNHA; 83.621.462,06 ; 32.588.965,78 ; 50.846.164,07 ; -   ; 83.435.129,85 ; 167.056.591,91 
BA;2910727;EUNAPOLIS; 86.272.777,35 ; 33.622.236,68 ; 7.280.209,07 ; -   ; 40.902.445,75 ; 127.175.223,10 
BA;2910750;FATIMA; 30.411.812,35 ; 11.852.094,99 ; 24.435.034,80 ; 1.912.285,14 ; 38.199.414,93 ; 68.611.227,28 
BA;2910776;FEIRA DA MATA; 7.143.203,22 ; 2.783.849,98 ; 5.202.177,75 ; -   ; 7.986.027,73 ; 15.129.230,95 
BA;2910800;FEIRA DE SANTANA; 317.142.114,83 ; 123.596.661,33 ; 55.848.028,68 ; -   ; 179.444.690,01 ; 496.586.804,84 
BA;2910859;FILADELFIA; 30.820.388,18 ; 12.011.325,21 ; 26.482.845,41 ; 2.729.118,82 ; 41.223.289,44 ; 72.043.677,62 
BA;2910909;FIRMINO ALVES; 5.429.988,59 ; 2.116.175,77 ; 1.565.126,85 ; -   ; 3.681.302,62 ; 9.111.291,21 
BA;2911006;FLORESTA AZUL; 8.661.419,72 ; 3.375.529,49 ; 4.404.893,11 ; 492.565,86 ; 8.272.988,46 ; 16.934.408,18 
BA;2911105;FORMOSA DO RIO PRETO; 25.855.822,89 ; 10.076.534,26 ; -   ; -   ; 10.076.534,26 ; 35.932.357,15 
BA;2911204;GANDU; 44.089.049,69 ; 17.182.389,50 ; 26.946.519,63 ; -   ; 44.128.909,13 ; 88.217.958,82 
BA;2911253;GAVIAO; 8.422.200,97 ; 3.282.301,13 ; 6.051.281,50 ; 962.220,10 ; 10.295.802,73 ; 18.718.003,70 
BA;2911303;GENTIO DO OURO; 12.225.061,03 ; 4.764.352,18 ; -   ; 677.170,83 ; 5.441.523,01 ; 17.666.584,04 
BA;2911402;GLORIA; 16.949.376,18 ; 6.605.512,83 ; 9.048.779,19 ; 1.859.194,44 ; 17.513.486,46 ; 34.462.862,64 
BA;2911501;GONGOGI; 7.001.987,79 ; 2.728.815,48 ; -   ; 805.051,72 ; 3.533.867,20 ; 10.535.854,99 
BA;2911600;GOVERNADOR MANGABEIRA; 22.873.393,73 ; 8.914.221,62 ; 11.072.969,88 ; 2.476.650,89 ; 22.463.842,39 ; 45.337.236,12 
BA;2911659;GUAJERU; 7.436.752,75 ; 2.898.252,14 ; 2.528.608,74 ; 455.196,48 ; 5.882.057,36 ; 13.318.810,11 
BA;2911709;GUANAMBI; 70.870.405,47 ; 27.619.622,54 ; 22.560.986,22 ; -   ; 50.180.608,76 ; 121.051.014,23 
BA;2911808;GUARATINGA; 18.661.175,58 ; 7.272.635,49 ; 10.566.486,74 ; -   ; 17.839.122,23 ; 36.500.297,81 
BA;2911857;HELIOPOLIS; 15.245.061,12 ; 5.941.306,96 ; 6.593.483,93 ; 1.638.855,73 ; 14.173.646,62 ; 29.418.707,74 
BA;2911907;IACU; 39.705.104,94 ; 15.473.878,05 ; 30.269.708,03 ; 2.205.069,01 ; 47.948.655,09 ; 87.653.760,03 
BA;2912004;IBIASSUCE; 9.386.726,04 ; 3.658.195,94 ; 5.098.442,01 ; -   ; 8.756.637,95 ; 18.143.363,99 
BA;2912103;IBICARAI; 16.457.287,41 ; 6.413.735,94 ; 5.490.269,17 ; -   ; 11.904.005,11 ; 28.361.292,52 
BA;2912202;IBICOARA; 27.495.354,93 ; 10.715.492,87 ; 18.426.683,27 ; 2.955.629,45 ; 32.097.805,59 ; 59.593.160,52 
BA;2912301;IBICUI; 17.847.553,70 ; 6.955.550,68 ; 12.940.530,36 ; -   ; 19.896.081,04 ; 37.743.634,74 
BA;2912400;IBIPEBA; 15.056.300,64 ; 5.867.743,21 ; 8.121.656,27 ; 1.595.738,71 ; 15.585.138,19 ; 30.641.438,83 
BA;2912509;IBIPITANGA; 19.730.147,07 ; 7.689.235,18 ; 1.554.314,05 ; 2.178.038,63 ; 11.421.587,86 ; 31.151.734,93 
BA;2912608;IBIQUERA; 3.840.955,93 ; 1.496.897,78 ; 103.672,13 ; 448.800,87 ; 2.049.370,78 ; 5.890.326,71 
BA;2912707;IBIRAPITANGA; 35.093.491,44 ; 13.676.639,50 ; 30.051.378,72 ; 3.438.079,21 ; 47.166.097,43 ; 82.259.588,87 
BA;2912806;IBIRAPUA; 9.769.081,84 ; 3.807.207,69 ; 2.293.482,00 ; -   ; 6.100.689,69 ; 15.869.771,53 
BA;2912905;IBIRATAIA; 22.087.872,87 ; 8.608.088,35 ; 11.254.810,01 ; 2.339.094,62 ; 22.201.992,98 ; 44.289.865,85 
BA;2913002;IBITIARA; 13.151.216,29 ; 5.125.293,52 ; 4.397.801,28 ; 1.515.649,71 ; 11.038.744,51 ; 24.189.960,80 
BA;2913101;IBITITA; 19.313.326,35 ; 7.526.791,76 ; 13.656.675,87 ; 1.881.442,48 ; 23.064.910,11 ; 42.378.236,46 
BA;2913200;IBOTIRAMA; 32.184.945,99 ; 12.543.120,84 ; 18.813.365,42 ; 3.677.993,99 ; 35.034.480,25 ; 67.219.426,24 
BA;2913309;ICHU; 8.692.491,05 ; 3.387.638,61 ; 5.875.434,72 ; 865.056,57 ; 10.128.129,90 ; 18.820.620,95 
BA;2913408;IGAPORA; 15.384.931,45 ; 5.995.817,25 ; 9.911.554,43 ; 748.692,38 ; 16.656.064,06 ; 32.040.995,51 
BA;2913457;IGRAPIUNA; 16.313.303,86 ; 6.357.622,65 ; 8.523.243,65 ; 1.645.247,84 ; 16.526.114,14 ; 32.839.418,00 
BA;2913507;IGUAI; 19.658.006,80 ; 7.661.120,67 ; 2.162.294,59 ; -   ; 9.823.415,26 ; 29.481.422,06 
BA;2913606;ILHEUS; 107.352.348,92 ; 41.837.369,72 ; 10.048.107,72 ; -   ; 51.885.477,44 ; 159.237.826,36 
BA;2913705;INHAMBUPE; 43.317.582,99 ; 16.881.733,40 ; 31.464.046,25 ; -   ; 48.345.779,65 ; 91.663.362,64 
BA;2913804;IPECAETA; 26.922.266,67 ; 10.492.148,85 ; 21.112.686,98 ; 2.426.445,77 ; 34.031.281,60 ; 60.953.548,27 
BA;2913903;IPIAU; 34.543.799,05 ; 13.462.413,33 ; 9.389.812,56 ; -   ; 22.852.225,89 ; 57.396.024,94 
BA;2914000;IPIRA; 57.446.540,39 ; 22.388.072,30 ; 32.439.990,62 ; -   ; 54.828.062,92 ; 112.274.603,31 
BA;2914109;IPUPIARA; 10.301.887,86 ; 4.014.852,92 ; 5.647.872,14 ; 1.189.456,59 ; 10.852.181,65 ; 21.154.069,51 
BA;2914208;IRAJUBA; 8.868.526,86 ; 3.456.243,31 ; 1.579.554,31 ; 877.848,29 ; 5.913.645,91 ; 14.782.172,77 
BA;2914307;IRAMAIA; 12.371.474,98 ; 4.821.412,65 ; 5.024.462,81 ; -   ; 9.845.875,46 ; 22.217.350,44 
BA;2914406;IRAQUARA; 31.406.659,21 ; 12.239.806,83 ; 21.775.137,49 ; -   ; 34.014.944,32 ; 65.421.603,53 
BA;2914505;IRARA; 36.469.928,95 ; 14.213.064,89 ; 27.307.680,17 ; 1.927.585,37 ; 43.448.330,43 ; 79.918.259,38 
BA;2914604;IRECE; 65.501.701,45 ; 25.527.330,60 ; 28.913.015,11 ; 7.074.443,05 ; 61.514.788,76 ; 127.016.490,21 
BA;2914653;ITABELA; 30.258.062,98 ; 11.792.175,77 ; 11.185.260,59 ; -   ; 22.977.436,36 ; 53.235.499,34 
BA;2914703;ITABERABA; 67.194.142,68 ; 26.186.908,98 ; 47.604.026,93 ; -   ; 73.790.935,91 ; 140.985.078,59 
BA;2914802;ITABUNA; 110.763.874,15 ; 43.166.909,73 ; 2.321.337,92 ; -   ; 45.488.247,65 ; 156.252.121,80 
BA;2914901;ITACARE; 36.086.066,86 ; 14.063.466,11 ; 20.662.723,05 ; -   ; 34.726.189,16 ; 70.812.256,02 
BA;2915007;ITAETE; 19.121.996,23 ; 7.452.226,56 ; 13.012.412,83 ; 2.003.783,61 ; 22.468.423,00 ; 41.590.419,23 
BA;2915106;ITAGI; 17.734.740,30 ; 6.911.585,02 ; 1.877.088,09 ; 2.076.212,12 ; 10.864.885,23 ; 28.599.625,53 
BA;2915205;ITAGIBA; 19.241.358,77 ; 7.498.744,54 ; 1.433.964,41 ; -   ; 8.932.708,95 ; 28.174.067,72 
BA;2915304;ITAGIMIRIM; 10.546.443,93 ; 4.110.161,34 ; 5.644.595,15 ; -   ; 9.754.756,49 ; 20.301.200,42 
BA;2915353;ITAGUACU DA BAHIA; 17.556.565,19 ; 6.842.146,59 ; 8.724.927,81 ; 1.829.569,11 ; 17.396.643,51 ; 34.953.208,70 
BA;2915403;ITAJU DO COLONIA; 9.677.366,15 ; 3.771.464,25 ; 7.214.945,77 ; -   ; 10.986.410,02 ; 20.663.776,17 
BA;2915502;ITAJUIPE; 21.279.323,05 ; 8.292.980,21 ; 10.377.528,02 ; 2.219.466,81 ; 20.889.975,04 ; 42.169.298,09 
BA;2915601;ITAMARAJU; 56.300.285,41 ; 21.941.353,68 ; 25.680.633,82 ; -   ; 47.621.987,50 ; 103.922.272,91 
BA;2915700;ITAMARI; 9.601.503,26 ; 3.741.898,95 ; 7.533.720,15 ; 977.359,85 ; 12.252.978,95 ; 21.854.482,21 
BA;2915809;ITAMBE; 24.310.036,75 ; 9.474.110,31 ; 9.653.908,32 ; 2.574.995,77 ; 21.703.014,40 ; 46.013.051,15 
BA;2915908;ITANAGRA; 8.619.489,37 ; 3.359.188,38 ; 1.516.564,26 ; 946.693,01 ; 5.822.445,65 ; 14.441.935,02 
BA;2916005;ITANHEM; 13.539.743,31 ; 5.276.710,31 ; 2.434.318,31 ; -   ; 7.711.028,62 ; 21.250.771,93 
BA;2916104;ITAPARICA; 22.869.908,36 ; 8.912.863,30 ; 6.508.265,84 ; 1.324.847,44 ; 16.745.976,58 ; 39.615.884,94 
BA;2916203;ITAPE; 12.697.121,41 ; 4.948.323,61 ; 7.698.806,80 ; 1.251.149,43 ; 13.898.279,84 ; 26.595.401,25 
BA;2916302;ITAPEBI; 9.126.521,48 ; 3.556.789,00 ; 363.523,47 ; 914.459,30 ; 4.834.771,77 ; 13.961.293,25 
BA;2916401;ITAPETINGA; 58.159.015,36 ; 22.665.738,13 ; 21.907.603,18 ; 7.064.183,00 ; 51.637.524,31 ; 109.796.539,67 
BA;2916500;ITAPICURU; 60.285.978,36 ; 23.494.658,39 ; 46.614.755,03 ; -   ; 70.109.413,42 ; 130.395.391,78 
BA;2916609;ITAPITANGA; 10.928.780,54 ; 4.259.165,61 ; 2.205.630,54 ; -   ; 6.464.796,15 ; 17.393.576,69 
BA;2916708;ITAQUARA; 11.387.378,41 ; 4.437.890,42 ; 12.504.863,09 ; 1.280.730,35 ; 18.223.483,86 ; 29.610.862,27 
BA;2916807;ITARANTIM; 16.330.180,52 ; 6.364.199,82 ; 6.061.042,20 ; 952.946,41 ; 13.378.188,43 ; 29.708.368,95 
BA;2916856;ITATIM; 27.153.809,07 ; 10.582.385,58 ; 19.149.767,18 ; 1.820.612,02 ; 31.552.764,78 ; 58.706.573,85 
BA;2916906;ITIRUCU; 12.477.819,68 ; 4.862.857,32 ; 11.131.405,37 ; 1.313.975,78 ; 17.308.238,47 ; 29.786.058,15 
BA;2917003;ITIUBA; 54.827.176,68 ; 21.367.253,58 ; 34.959.204,35 ; 4.926.998,33 ; 61.253.456,26 ; 116.080.632,94 
BA;2917102;ITORORO; 16.416.785,37 ; 6.397.951,48 ; 9.518.445,23 ; 1.670.375,36 ; 17.586.772,07 ; 34.003.557,44 
BA;2917201;ITUACU; 18.957.751,61 ; 7.388.217,13 ; 8.981.935,53 ; -   ; 16.370.152,66 ; 35.327.904,27 
BA;2917300;ITUBERA; 26.304.972,25 ; 10.251.576,80 ; 14.582.868,54 ; -   ; 24.834.445,34 ; 51.139.417,59 
BA;2917334;IUIU; 12.339.799,73 ; 4.809.068,16 ; 7.136.944,14 ; 1.214.848,89 ; 13.160.861,19 ; 25.500.660,92 
BA;2917359;JABORANDI; 10.435.696,26 ; 4.067.000,74 ; 521.911,69 ; -   ; 4.588.912,43 ; 15.024.608,69 
BA;2917409;JACARACI; 19.830.856,36 ; 7.728.483,61 ; 15.201.651,06 ; -   ; 22.930.134,67 ; 42.760.991,03 
BA;2917508;JACOBINA; 63.543.824,25 ; 24.764.306,47 ; 18.541.503,29 ; -   ; 43.305.809,76 ; 106.849.634,01 
BA;2917607;JAGUAQUARA; 47.091.147,54 ; 18.352.367,42 ; 25.193.816,27 ; 5.659.375,47 ; 49.205.559,16 ; 96.296.706,70 
BA;2917706;JAGUARARI; 32.753.542,15 ; 12.764.714,20 ; 14.453.351,01 ; 3.381.301,13 ; 30.599.366,34 ; 63.352.908,49 
BA;2917805;JAGUARIPE; 23.847.796,02 ; 9.293.965,80 ; 10.359.037,10 ; 2.312.691,15 ; 21.965.694,05 ; 45.813.490,07 
BA;2917904;JANDAIRA; 21.058.318,05 ; 8.206.850,12 ; 18.281.288,00 ; -   ; 26.488.138,12 ; 47.546.456,17 
BA;2918001;JEQUIE; 115.946.306,64 ; 45.186.607,91 ; 41.230.925,29 ; -   ; 86.417.533,20 ; 202.363.839,84 
BA;2918100;JEREMOABO; 45.216.308,25 ; 17.621.704,84 ; 26.316.274,20 ; 4.727.618,33 ; 48.665.597,37 ; 93.881.905,62 
BA;2918209;JIQUIRICA; 20.766.926,31 ; 8.093.288,90 ; 8.347.542,81 ; -   ; 16.440.831,71 ; 37.207.758,02 
BA;2918308;JITAUNA; 30.121.002,87 ; 11.738.760,69 ; 20.510.813,16 ; 1.694.051,70 ; 33.943.625,55 ; 64.064.628,42 
BA;2918357;JOAO DOURADO; 30.958.998,09 ; 12.065.344,29 ; 20.297.741,76 ; 3.235.482,69 ; 35.598.568,74 ; 66.557.566,83 
BA;2918407;JUAZEIRO; 219.481.275,16 ; 85.536.267,70 ; 130.416.139,75 ; -   ; 215.952.407,45 ; 435.433.682,61 
BA;2918456;JUCURUCU; 8.972.465,17 ; 3.496.750,15 ; 3.911.460,51 ; 1.107.172,58 ; 8.515.383,24 ; 17.487.848,41 
BA;2918506;JUSSARA; 24.273.743,02 ; 9.459.965,91 ; 24.769.083,96 ; 1.101.626,15 ; 35.330.676,02 ; 59.604.419,04 
BA;2918555;JUSSARI; 11.454.840,05 ; 4.464.181,58 ; 5.216.263,39 ; 1.138.332,02 ; 10.818.776,99 ; 22.273.617,04 
BA;2918605;JUSSIAPE; 6.929.200,14 ; 2.700.448,67 ; 5.200.519,07 ; -   ; 7.900.967,74 ; 14.830.167,88 
BA;2918704;LAFAIETE COUTINHO; 6.863.008,22 ; 2.674.652,35 ; 3.445.900,98 ; 670.703,78 ; 6.791.257,11 ; 13.654.265,33 
BA;2918753;LAGOA REAL; 15.260.906,90 ; 5.947.482,38 ; 15.827.638,09 ; 844.508,67 ; 22.619.629,14 ; 37.880.536,04 
BA;2918803;LAJE; 24.500.140,98 ; 9.548.197,75 ; 7.720.097,89 ; 2.634.093,13 ; 19.902.388,77 ; 44.402.529,75 
BA;2918902;LAJEDAO; 3.659.577,89 ; 1.426.211,11 ; 226.049,46 ; 416.812,79 ; 2.069.073,36 ; 5.728.651,25 
BA;2919009;LAJEDINHO; 3.654.639,79 ; 1.424.286,64 ; 185.959,15 ; -   ; 1.610.245,79 ; 5.264.885,58 
BA;2919058;LAJEDO DO TABOCAL; 10.809.388,26 ; 4.212.636,03 ; 5.547.611,00 ; 603.241,25 ; 10.363.488,28 ; 21.172.876,54 
BA;2919108;LAMARAO; 9.676.719,82 ; 3.771.212,35 ; 4.318.112,98 ; 1.031.618,48 ; 9.120.943,81 ; 18.797.663,63 
BA;2919157;LAPAO; 34.250.841,00 ; 13.348.241,68 ; 25.047.890,31 ; -   ; 38.396.131,99 ; 72.646.972,99 
BA;2919207;LAURO DE FREITAS; 132.683.597,29 ; 51.709.466,74 ; -   ; -   ; 51.709.466,74 ; 184.393.064,03 
BA;2919306;LENCOIS; 11.108.920,09 ; 4.329.369,61 ; 1.443.808,79 ; 598.846,08 ; 6.372.024,48 ; 17.480.944,57 
BA;2919405;LICINIO DE ALMEIDA; 21.480.521,38 ; 8.371.391,26 ; 28.204.363,98 ; 2.738.588,56 ; 39.314.343,80 ; 60.794.865,18 
BA;2919504;LIVRAMENTO DE NOSSA SENHORA; 52.247.999,09 ; 20.362.096,19 ; 31.769.568,25 ; 5.597.269,02 ; 57.728.933,46 ; 109.976.932,55 
BA;2919553;LUIS EDUARDO MAGALHAES; 114.305.689,35 ; 44.547.226,35 ; 1.804.804,39 ; -   ; 46.352.030,74 ; 160.657.720,09 
BA;2919603;MACAJUBA; 15.963.472,96 ; 6.221.286,51 ; 7.937.201,43 ; 1.458.063,61 ; 15.616.551,55 ; 31.580.024,51 
BA;2919702;MACARANI; 16.053.153,95 ; 6.256.236,99 ; 9.122.188,68 ; -   ; 15.378.425,67 ; 31.431.579,62 
BA;2919801;MACAUBAS; 38.331.289,56 ; 14.938.474,56 ; 20.410.657,13 ; -   ; 35.349.131,69 ; 73.680.421,25 
BA;2919900;MACURURE; 9.254.019,10 ; 3.606.477,39 ; 4.491.075,57 ; 1.043.500,88 ; 9.141.053,84 ; 18.395.072,94 
BA;2919926;MADRE DE DEUS; 13.103.400,52 ; 5.106.658,75 ; -   ; -   ; 5.106.658,75 ; 18.210.059,27 
BA;2919959;MAETINGA; 7.028.212,54 ; 2.739.035,80 ; 3.847.102,50 ; 788.910,91 ; 7.375.049,21 ; 14.403.261,75 
BA;2920007;MAIQUINIQUE; 12.030.971,30 ; 4.688.711,52 ; 8.086.408,62 ; -   ; 12.775.120,14 ; 24.806.091,44 
BA;2920106;MAIRI; 17.807.969,82 ; 6.940.124,04 ; 10.533.057,02 ; 1.811.821,29 ; 19.285.002,35 ; 37.092.972,17 
BA;2920205;MALHADA; 20.591.353,65 ; 8.024.864,71 ; 14.998.025,21 ; 2.166.118,55 ; 25.189.008,47 ; 45.780.362,12 
BA;2920304;MALHADA DE PEDRAS; 15.008.062,82 ; 5.848.943,97 ; 7.557.824,50 ; 1.826.076,24 ; 15.232.844,71 ; 30.240.907,53 
BA;2920403;MANOEL VITORINO; 19.652.923,55 ; 7.659.139,61 ; 19.725.086,57 ; 2.187.480,68 ; 29.571.706,86 ; 49.224.630,41 
BA;2920452;MANSIDAO; 14.195.297,49 ; 5.532.192,96 ; 11.829.521,05 ; 1.536.395,41 ; 18.898.109,42 ; 33.093.406,91 
BA;2920502;MARACAS; 26.750.445,93 ; 10.425.186,86 ; 7.830.647,16 ; 3.153.319,60 ; 21.409.153,62 ; 48.159.599,55 
BA;2920601;MARAGOGIPE; 38.638.712,53 ; 15.058.283,48 ; 19.363.366,91 ; 4.088.516,59 ; 38.510.166,98 ; 77.148.879,51 
BA;2920700;MARAU; 33.295.242,47 ; 12.975.825,71 ; 17.344.872,87 ; 3.143.715,79 ; 33.464.414,37 ; 66.759.656,84 
BA;2920809;MARCIONILIO SOUZA; 14.906.188,46 ; 5.809.241,47 ; 9.083.251,16 ; -   ; 14.892.492,63 ; 29.798.681,09 
BA;2920908;MASCOTE; 14.100.861,25 ; 5.495.389,26 ; 3.844.156,34 ; 1.613.063,29 ; 10.952.608,89 ; 25.053.470,14 
BA;2921005;MATA DE SAO JOAO; 71.319.865,40 ; 27.794.786,11 ; -   ; 7.411.030,10 ; 35.205.816,21 ; 106.525.681,61 
BA;2921054;MATINA; 13.735.528,26 ; 5.353.011,65 ; 9.285.101,70 ; 765.348,17 ; 15.403.461,52 ; 29.138.989,78 
BA;2921104;MEDEIROS NETO; 26.700.498,61 ; 10.405.721,37 ; 21.337.290,11 ; -   ; 31.743.011,48 ; 58.443.510,09 
BA;2921203;MIGUEL CALMON; 24.158.027,58 ; 9.414.869,28 ; 12.649.949,76 ; 2.669.189,20 ; 24.734.008,24 ; 48.892.035,82 
BA;2921302;MILAGRES; 11.136.924,39 ; 4.340.283,45 ; 6.294.801,45 ; -   ; 10.635.084,90 ; 21.772.009,29 
BA;2921401;MIRANGABA; 27.697.680,49 ; 10.794.343,22 ; 21.524.923,93 ; -   ; 32.319.267,15 ; 60.016.947,64 
BA;2921450;MIRANTE; 8.562.804,74 ; 3.337.097,24 ; 3.801.477,98 ; -   ; 7.138.575,22 ; 15.701.379,96 
BA;2921500;MONTE SANTO; 87.484.332,81 ; 34.094.404,21 ; 59.957.528,66 ; -   ; 94.051.932,87 ; 181.536.265,68 
BA;2921609;MORPARA; 8.505.133,52 ; 3.314.621,61 ; 1.559.623,17 ; 992.795,38 ; 5.867.040,16 ; 14.372.173,68 
BA;2921708;MORRO DO CHAPEU; 40.586.019,90 ; 15.817.188,33 ; 16.276.813,20 ; -   ; 32.094.001,53 ; 72.680.021,43 
BA;2921807;MORTUGABA; 14.217.652,95 ; 5.540.905,34 ; 12.389.327,23 ; 1.761.355,00 ; 19.691.587,57 ; 33.909.240,52 
BA;2921906;MUCUGE; 11.630.525,63 ; 4.532.649,78 ; 2.465.954,90 ; -   ; 6.998.604,68 ; 18.629.130,31 
BA;2922003;MUCURI; 36.597.565,42 ; 14.262.807,39 ; -   ; -   ; 14.262.807,39 ; 50.860.372,81 
BA;2922052;MULUNGU DO MORRO; 21.060.620,50 ; 8.207.747,44 ; 15.080.786,36 ; -   ; 23.288.533,80 ; 44.349.154,30 
BA;2922102;MUNDO NOVO; 20.689.039,65 ; 8.062.934,91 ; 5.818.244,57 ; 1.100.293,89 ; 14.981.473,37 ; 35.670.513,02 
BA;2922201;MUNIZ FERREIRA; 6.716.663,27 ; 2.617.618,78 ; 1.061.376,87 ; 794.477,31 ; 4.473.472,96 ; 11.190.136,23 
BA;2922250;MUQUEM DE SAO FRANCISCO; 19.348.108,00 ; 7.540.346,87 ; 13.767.676,23 ; 902.100,27 ; 22.210.123,37 ; 41.558.231,37 
BA;2922300;MURITIBA; 34.664.771,43 ; 13.509.558,69 ; 26.859.113,37 ; 1.564.480,73 ; 41.933.152,79 ; 76.597.924,22 
BA;2922409;MUTUIPE; 20.293.449,94 ; 7.908.765,63 ; 7.339.661,27 ; 2.240.463,08 ; 17.488.889,98 ; 37.782.339,92 
BA;2922508;NAZARE; 24.604.191,42 ; 9.588.748,30 ; -   ; -   ; 9.588.748,30 ; 34.192.939,72 
BA;2922607;NILO PECANHA; 24.364.091,96 ; 9.495.176,71 ; 22.589.995,86 ; 2.308.597,98 ; 34.393.770,55 ; 58.757.862,51 
BA;2922656;NORDESTINA; 28.819.790,01 ; 11.231.651,87 ; 20.559.248,13 ; -   ; 31.790.900,00 ; 60.610.690,01 
BA;2922706;NOVA CANAA; 22.289.644,06 ; 8.686.722,64 ; 13.877.220,03 ; -   ; 22.563.942,67 ; 44.853.586,73 
BA;2922730;NOVA FATIMA; 11.730.812,57 ; 4.571.733,62 ; 11.172.827,73 ; 580.609,94 ; 16.325.171,29 ; 28.055.983,86 
BA;2922755;NOVA IBIA; 9.813.089,02 ; 3.824.358,18 ; 3.826.844,38 ; 980.420,27 ; 8.631.622,83 ; 18.444.711,85 
BA;2922805;NOVA ITARANA; 13.157.707,50 ; 5.127.823,27 ; 9.483.679,62 ; -   ; 14.611.502,89 ; 27.769.210,39 
BA;2922854;NOVA REDENCAO; 8.787.671,65 ; 3.424.732,41 ; 6.701.526,33 ; 864.939,49 ; 10.991.198,23 ; 19.778.869,88 
BA;2922904;NOVA SOURE; 28.352.749,32 ; 11.049.636,71 ; 16.477.081,59 ; 1.513.389,81 ; 29.040.108,11 ; 57.392.857,43 
BA;2923001;NOVA VICOSA; 42.383.938,00 ; 16.517.873,18 ; 17.955.528,51 ; -   ; 34.473.401,69 ; 76.857.339,69 
BA;2923035;NOVO HORIZONTE; 19.900.725,45 ; 7.755.713,00 ; 19.299.551,60 ; 2.182.839,70 ; 29.238.104,30 ; 49.138.829,75 
BA;2923050;NOVO TRIUNFO; 17.607.901,08 ; 6.862.153,22 ; 4.550.551,69 ; 2.118.001,20 ; 13.530.706,11 ; 31.138.607,19 
BA;2923100;OLINDINA; 31.598.804,33 ; 12.314.689,65 ; 25.819.592,03 ; 3.376.030,76 ; 41.510.312,44 ; 73.109.116,77 
BA;2923209;OLIVEIRA DOS BREJINHOS; 28.867.203,42 ; 11.250.129,83 ; 21.948.458,04 ; 1.496.858,43 ; 34.695.446,30 ; 63.562.649,72 
BA;2923308;OURICANGAS; 11.011.960,02 ; 4.291.582,32 ; 5.168.858,06 ; -   ; 9.460.440,38 ; 20.472.400,40 
BA;2923357;OUROLANDIA; 25.972.898,86 ; 10.122.161,12 ; 15.105.323,86 ; 2.654.596,41 ; 27.882.081,39 ; 53.854.980,25 
BA;2923407;PALMAS DE MONTE ALTO; 19.883.979,04 ; 7.749.186,59 ; 8.000.425,83 ; -   ; 15.749.612,42 ; 35.633.591,46 
BA;2923506;PALMEIRAS; 9.348.591,76 ; 3.643.334,26 ; 2.408.426,19 ; 544.178,95 ; 6.595.939,40 ; 15.944.531,16 
BA;2923605;PARAMIRIM; 22.065.810,31 ; 8.599.490,13 ; 18.185.342,34 ; 1.232.077,09 ; 28.016.909,56 ; 50.082.719,87 
BA;2923704;PARATINGA; 34.140.149,05 ; 13.305.102,80 ; 19.678.792,80 ; 3.725.877,90 ; 36.709.773,50 ; 70.849.922,55 
BA;2923803;PARIPIRANGA; 28.599.150,53 ; 11.145.664,23 ; 16.998.368,15 ; 1.579.067,33 ; 29.723.099,71 ; 58.322.250,24 
BA;2923902;PAU BRASIL; 11.404.308,30 ; 4.444.488,34 ; 10.508.877,73 ; 1.281.577,61 ; 16.234.943,68 ; 27.639.251,98 
BA;2924009;PAULO AFONSO; 82.967.704,83 ; 32.334.183,44 ; 14.469.563,96 ; -   ; 46.803.747,40 ; 129.771.452,23 
BA;2924058;PE DE SERRA; 24.206.705,39 ; 9.433.840,00 ; 24.298.237,34 ; 1.224.420,36 ; 34.956.497,70 ; 59.163.203,09 
BA;2924108;PEDRAO; 8.765.105,95 ; 3.415.938,09 ; 7.274.253,17 ; -   ; 10.690.191,26 ; 19.455.297,21 
BA;2924207;PEDRO ALEXANDRE; 21.148.520,48 ; 8.242.003,83 ; 15.523.368,02 ; 2.199.158,83 ; 25.964.530,68 ; 47.113.051,16 
BA;2924306;PIATA; 21.278.293,39 ; 8.292.578,94 ; 7.133.279,69 ; -   ; 15.425.858,63 ; 36.704.152,02 
BA;2924405;PILAO ARCADO; 39.275.907,42 ; 15.306.611,14 ; 19.151.926,85 ; 4.017.224,29 ; 38.475.762,28 ; 77.751.669,70 
BA;2924504;PINDAI; 25.711.961,27 ; 10.020.468,49 ; 25.029.052,21 ; 2.649.653,13 ; 37.699.173,83 ; 63.411.135,10 
BA;2924603;PINDOBACU; 42.960.451,68 ; 16.742.552,15 ; 44.222.322,25 ; 4.076.265,62 ; 65.041.140,02 ; 108.001.591,70 
BA;2924652;PINTADAS; 15.915.686,29 ; 6.202.663,09 ; 17.952.181,06 ; -   ; 24.154.844,15 ; 40.070.530,44 
BA;2924678;PIRAI DO NORTE; 10.353.787,79 ; 4.035.079,37 ; 7.135.062,82 ; -   ; 11.170.142,19 ; 21.523.929,98 
BA;2924702;PIRIPA; 11.510.711,82 ; 4.485.955,93 ; 7.891.487,45 ; -   ; 12.377.443,38 ; 23.888.155,20 
BA;2924801;PIRITIBA; 18.319.408,26 ; 7.139.441,88 ; 9.794.182,23 ; 1.893.370,83 ; 18.826.994,94 ; 37.146.403,20 
BA;2924900;PLANALTINO; 9.736.377,44 ; 3.794.462,13 ; 4.260.101,21 ; 1.073.830,16 ; 9.128.393,50 ; 18.864.770,94 
BA;2925006;PLANALTO; 20.773.449,69 ; 8.095.831,20 ; 8.163.475,21 ; -   ; 16.259.306,41 ; 37.032.756,10 
BA;2925105;POCOES; 47.589.458,36 ; 18.546.569,17 ; 25.293.235,68 ; -   ; 43.839.804,85 ; 91.429.263,21 
BA;2925204;POJUCA; 28.376.198,17 ; 11.058.775,21 ; -   ; -   ; 11.058.775,21 ; 39.434.973,38 
BA;2925253;PONTO NOVO; 45.411.935,46 ; 17.697.944,69 ; 53.534.228,26 ; -   ; 71.232.172,95 ; 116.644.108,41 
BA;2925303;PORTO SEGURO; 175.444.748,46 ; 68.374.347,47 ; 34.653.719,29 ; 19.883.425,83 ; 122.911.492,59 ; 298.356.241,05 
BA;2925402;POTIRAGUA; 12.134.226,62 ; 4.728.952,19 ; 8.873.866,87 ; 1.276.433,82 ; 14.879.252,88 ; 27.013.479,50 
BA;2925501;PRADO; 33.467.008,26 ; 13.042.766,29 ; 13.060.399,83 ; -   ; 26.103.166,12 ; 59.570.174,38 
BA;2925600;PRESIDENTE DUTRA; 12.826.486,22 ; 4.998.739,68 ; 5.365.593,10 ; 788.540,98 ; 11.152.873,76 ; 23.979.359,98 
BA;2925709;PRESIDENTE JANIO QUADROS; 13.065.870,39 ; 5.092.032,51 ; 6.682.916,60 ; 1.459.035,07 ; 13.233.984,18 ; 26.299.854,57 
BA;2925758;PRESIDENTE TANCREDO NEVES; 32.786.658,47 ; 12.777.620,29 ; 16.549.216,05 ; -   ; 29.326.836,34 ; 62.113.494,81 
BA;2925808;QUEIMADAS; 36.625.491,17 ; 14.273.690,61 ; 34.407.101,18 ; 4.013.994,66 ; 52.694.786,45 ; 89.320.277,62 
BA;2925907;QUIJINGUE; 53.267.274,24 ; 20.759.328,22 ; 67.188.241,99 ; 2.131.481,41 ; 90.079.051,62 ; 143.346.325,86 
BA;2925931;QUIXABEIRA; 32.347.551,34 ; 12.606.491,41 ; 32.313.001,44 ; 3.394.979,33 ; 48.314.472,18 ; 80.662.023,52 
BA;2925956;RAFAEL JAMBEIRO; 26.039.681,96 ; 10.148.187,84 ; 22.675.890,91 ; -   ; 32.824.078,75 ; 58.863.760,71 
BA;2926004;REMANSO; 47.874.162,67 ; 18.657.524,16 ; 30.273.214,80 ; -   ; 48.930.738,96 ; 96.804.901,63 
BA;2926103;RETIROLANDIA; 14.394.321,14 ; 5.609.756,49 ; 9.192.918,25 ; 817.072,39 ; 15.619.747,13 ; 30.014.068,27 
BA;2926202;RIACHAO DAS NEVES; 22.997.780,07 ; 8.962.697,48 ; 4.404.173,42 ; 2.646.084,44 ; 16.012.955,34 ; 39.010.735,41 
BA;2926301;RIACHAO DO JACUIPE; 28.682.109,64 ; 11.177.995,06 ; 21.932.051,95 ; 1.397.538,97 ; 34.507.585,98 ; 63.189.695,62 
BA;2926400;RIACHO DE SANTANA; 25.509.876,76 ; 9.941.712,09 ; 10.760.856,47 ; -   ; 20.702.568,56 ; 46.212.445,32 
BA;2926509;RIBEIRA DO AMPARO; 28.676.140,94 ; 11.175.668,93 ; 28.106.325,26 ; 2.839.511,84 ; 42.121.506,03 ; 70.797.646,97 
BA;2926608;RIBEIRA DO POMBAL; 63.776.680,69 ; 24.855.055,30 ; 37.111.918,62 ; -   ; 61.966.973,92 ; 125.743.654,61 
BA;2926657;RIBEIRAO DO LARGO; 11.695.394,59 ; 4.557.930,52 ; 6.638.397,93 ; 1.276.015,55 ; 12.472.344,00 ; 24.167.738,59 
BA;2926707;RIO DE CONTAS; 11.043.909,14 ; 4.304.033,54 ; 5.722.044,80 ; 1.346.150,68 ; 11.372.229,02 ; 22.416.138,16 
BA;2926806;RIO DO ANTONIO; 23.227.695,54 ; 9.052.300,17 ; 17.551.526,53 ; 2.389.361,32 ; 28.993.188,02 ; 52.220.883,56 
BA;2926905;RIO DO PIRES; 15.655.401,50 ; 6.101.224,87 ; 11.739.578,72 ; 1.628.911,06 ; 19.469.714,65 ; 35.125.116,15 
BA;2927002;RIO REAL; 44.904.659,65 ; 17.500.249,10 ; 39.068.116,05 ; 5.054.108,21 ; 61.622.473,36 ; 106.527.133,01 
BA;2927101;RODELAS; 10.640.289,85 ; 4.146.734,98 ; 4.359.906,51 ; 1.298.902,60 ; 9.805.544,09 ; 20.445.833,94 
BA;2927200;RUY BARBOSA; 24.879.625,28 ; 9.696.090,42 ; 11.045.657,89 ; 2.841.376,67 ; 23.583.124,98 ; 48.462.750,26 
BA;2927309;SALINAS DA MARGARIDA; 20.340.517,70 ; 7.927.108,89 ; 8.223.080,57 ; 2.286.204,57 ; 18.436.394,03 ; 38.776.911,73 
BA;2927408;SALVADOR; 879.308.196,79 ; 342.684.091,22 ; -   ; -   ; 342.684.091,22 ; 1.221.992.288,01 
BA;2927507;SANTA BARBARA; 25.459.550,68 ; 9.922.099,01 ; 18.145.173,20 ; 2.650.709,94 ; 30.717.982,15 ; 56.177.532,83 
BA;2927606;SANTA BRIGIDA; 14.878.887,16 ; 5.798.601,61 ; 5.708.560,03 ; -   ; 11.507.161,64 ; 26.386.048,80 
BA;2927705;SANTA CRUZ CABRALIA; 41.508.214,41 ; 16.176.586,08 ; 10.974.185,46 ; -   ; 27.150.771,54 ; 68.658.985,95 
BA;2927804;SANTA CRUZ DA VITORIA; 7.321.497,10 ; 2.853.334,69 ; 3.541.131,44 ; -   ; 6.394.466,13 ; 13.715.963,23 
BA;2927903;SANTA INES; 15.035.449,52 ; 5.859.617,11 ; 7.969.409,59 ; 1.640.439,01 ; 15.469.465,71 ; 30.504.915,23 
BA;2928059;SANTA LUZIA; 17.062.260,98 ; 6.649.506,30 ; 11.860.486,35 ; -   ; 18.509.992,65 ; 35.572.253,63 
BA;2928109;SANTA MARIA DA VITORIA; 42.635.756,70 ; 16.616.011,99 ; 27.833.986,00 ; -   ; 44.449.997,99 ; 87.085.754,69 
BA;2928406;SANTA RITA DE CASSIA; 30.640.994,60 ; 11.941.411,93 ; 21.855.217,47 ; -   ; 33.796.629,40 ; 64.437.624,00 
BA;2928505;SANTA TERESINHA; 12.835.804,97 ; 5.002.371,38 ; 8.252.324,74 ; -   ; 13.254.696,12 ; 26.090.501,09 
BA;2928000;SANTALUZ; 48.776.421,83 ; 19.009.152,71 ; 19.940.679,03 ; -   ; 38.949.831,74 ; 87.726.253,57 
BA;2928208;SANTANA; 20.839.638,59 ; 8.121.626,34 ; 9.223.135,67 ; 2.431.158,12 ; 19.775.920,13 ; 40.615.558,72 
BA;2928307;SANTANOPOLIS; 9.957.698,96 ; 3.880.715,58 ; 5.389.447,81 ; 1.003.272,33 ; 10.273.435,72 ; 20.231.134,68 
BA;2928604;SANTO AMARO; 55.644.476,77 ; 21.685.771,86 ; 26.379.619,52 ; -   ; 48.065.391,38 ; 103.709.868,15 
BA;2928703;SANTO ANTONIO DE JESUS; 66.101.209,47 ; 25.760.970,93 ; 22.867.007,78 ; -   ; 48.627.978,71 ; 114.729.188,18 
BA;2928802;SANTO ESTEVAO; 52.067.271,07 ; 20.291.662,85 ; 28.819.094,51 ; 5.908.838,18 ; 55.019.595,54 ; 107.086.866,61 
BA;2928901;SAO DESIDERIO; 35.803.765,25 ; 13.953.447,50 ; -   ; -   ; 13.953.447,50 ; 49.757.212,75 
BA;2928950;SAO DOMINGOS; 9.673.543,07 ; 3.769.974,31 ; 5.888.301,59 ; -   ; 9.658.275,90 ; 19.331.818,97 
BA;2929107;SAO FELIPE; 34.992.633,09 ; 13.637.332,97 ; 22.864.194,24 ; 3.838.426,45 ; 40.339.953,66 ; 75.332.586,75 
BA;2929008;SAO FELIX; 14.343.233,88 ; 5.589.846,76 ; 6.423.724,28 ; 1.274.586,47 ; 13.288.157,51 ; 27.631.391,39 
BA;2929057;SAO FELIX DO CORIBE; 21.823.637,49 ; 8.505.110,51 ; 17.574.163,69 ; 2.379.012,70 ; 28.458.286,90 ; 50.281.924,39 
BA;2929206;SAO FRANCISCO DO CONDE; 35.983.495,33 ; 14.023.491,93 ; -   ; -   ; 14.023.491,93 ; 50.006.987,26 
BA;2929255;SAO GABRIEL; 21.056.159,93 ; 8.206.009,06 ; 13.185.452,94 ; 1.037.440,84 ; 22.428.902,84 ; 43.485.062,77 
BA;2929305;SAO GONCALO DOS CAMPOS; 23.753.858,68 ; 9.257.356,52 ; 4.247.028,01 ; 1.519.093,73 ; 15.023.478,26 ; 38.777.336,94 
BA;2929354;SAO JOSE DA VITORIA; 6.271.443,89 ; 2.444.107,83 ; 4.155.801,29 ; -   ; 6.599.909,12 ; 12.871.353,01 
BA;2929370;SAO JOSE DO JACUIPE; 15.961.725,01 ; 6.220.605,30 ; 8.219.853,58 ; 765.200,02 ; 15.205.658,90 ; 31.167.383,91 
BA;2929404;SAO MIGUEL DAS MATAS; 9.293.447,15 ; 3.621.843,29 ; 4.848.716,66 ; 523.981,03 ; 8.994.540,98 ; 18.287.988,13 
BA;2929503;SAO SEBASTIAO DO PASSE; 30.501.349,06 ; 11.886.989,25 ; 1.874.605,96 ; 3.580.714,66 ; 17.342.309,87 ; 47.843.658,93 
BA;2929602;SAPEACU; 29.570.711,06 ; 11.524.300,90 ; 8.772.964,99 ; 3.207.072,15 ; 23.504.338,04 ; 53.075.049,10 
BA;2929701;SATIRO DIAS; 30.665.725,52 ; 11.951.050,07 ; 17.429.835,20 ; -   ; 29.380.885,27 ; 60.046.610,79 
BA;2929750;SAUBARA; 11.229.033,62 ; 4.376.180,27 ; 3.584.042,95 ; -   ; 7.960.223,22 ; 19.189.256,84 
BA;2929800;SAUDE; 12.332.223,80 ; 4.806.115,67 ; 8.127.709,84 ; -   ; 12.933.825,51 ; 25.266.049,31 
BA;2929909;SEABRA; 44.275.632,46 ; 17.255.104,55 ; 23.106.182,38 ; -   ; 40.361.286,93 ; 84.636.919,39 
BA;2930006;SEBASTIAO LARANJEIRAS; 12.457.823,35 ; 4.855.064,35 ; 12.660.091,49 ; 704.159,61 ; 18.219.315,45 ; 30.677.138,80 
BA;2930105;SENHOR DO BONFIM; 86.510.204,20 ; 33.714.766,69 ; 92.642.470,55 ; 8.356.465,64 ; 134.713.702,88 ; 221.223.907,08 
BA;2930204;SENTO SE; 51.296.344,12 ; 19.991.217,11 ; 26.744.242,92 ; 5.103.100,15 ; 51.838.560,18 ; 103.134.904,30 
BA;2930154;SERRA DO RAMALHO; 44.660.900,82 ; 17.405.251,39 ; 26.041.658,30 ; -   ; 43.446.909,69 ; 88.107.810,51 
BA;2930303;SERRA DOURADA; 15.659.202,55 ; 6.102.706,21 ; 9.977.866,84 ; 1.759.922,94 ; 17.840.495,99 ; 33.499.698,54 
BA;2930402;SERRA PRETA; 19.668.034,63 ; 7.665.028,71 ; 12.545.659,09 ; 1.056.283,86 ; 21.266.971,66 ; 40.935.006,29 
BA;2930501;SERRINHA; 99.066.272,17 ; 38.608.118,94 ; 47.188.222,15 ; 4.976.773,90 ; 90.773.114,99 ; 189.839.387,16 
BA;2930600;SERROLANDIA; 16.113.835,62 ; 6.279.885,87 ; 9.785.107,34 ; -   ; 16.064.993,21 ; 32.178.828,83 
BA;2930709;SIMOES FILHO; 95.031.964,07 ; 37.035.867,93 ; -   ; -   ; 37.035.867,93 ; 132.067.832,00 
BA;2930758;SITIO DO MATO; 20.275.646,13 ; 7.901.827,14 ; 19.363.930,81 ; 2.182.818,74 ; 29.448.576,69 ; 49.724.222,82 
BA;2930766;SITIO DO QUINTO; 16.630.114,09 ; 6.481.089,97 ; 9.915.181,03 ; 1.929.689,93 ; 18.325.960,93 ; 34.956.075,02 
BA;2930774;SOBRADINHO; 26.402.032,09 ; 10.289.402,97 ; 11.290.220,35 ; -   ; 21.579.623,32 ; 47.981.655,41 
BA;2930808;SOUTO SOARES; 23.690.037,39 ; 9.232.484,08 ; 17.616.763,80 ; 2.543.329,73 ; 29.392.577,61 ; 53.082.615,00 
BA;2930907;TABOCAS DO BREJO VELHO; 10.464.440,40 ; 4.078.202,91 ; 2.974.569,80 ; 1.254.351,94 ; 8.307.124,65 ; 18.771.565,05 
BA;2931004;TANHACU; 31.603.228,41 ; 12.316.413,80 ; 40.283.366,43 ; 3.126.706,18 ; 55.726.486,41 ; 87.329.714,82 
BA;2931053;TANQUE NOVO; 20.435.726,10 ; 7.964.213,52 ; 13.785.997,35 ; 1.292.429,40 ; 23.042.640,27 ; 43.478.366,37 
BA;2931103;TANQUINHO; 10.940.856,65 ; 4.263.871,91 ; 9.120.738,08 ; -   ; 13.384.609,99 ; 24.325.466,64 
BA;2931202;TAPEROA; 24.769.613,01 ; 9.653.216,42 ; 7.938.875,16 ; 2.297.085,86 ; 19.889.177,44 ; 44.658.790,45 
BA;2931301;TAPIRAMUTA; 21.783.593,96 ; 8.489.504,74 ; 19.275.337,61 ; -   ; 27.764.842,35 ; 49.548.436,31 
BA;2931350;TEIXEIRA DE FREITAS; 108.162.422,03 ; 42.153.071,51 ; 29.493.471,92 ; -   ; 71.646.543,43 ; 179.808.965,46 
BA;2931400;TEODORO SAMPAIO; 5.544.533,47 ; 2.160.816,22 ; -   ; -   ; 2.160.816,22 ; 7.705.349,69 
BA;2931509;TEOFILANDIA; 28.362.791,60 ; 11.053.550,39 ; 16.707.189,82 ; -   ; 27.760.740,21 ; 56.123.531,81 
BA;2931608;TEOLANDIA; 16.994.664,42 ; 6.623.162,56 ; -   ; 844.873,13 ; 7.468.035,69 ; 24.462.700,11 
BA;2931707;TERRA NOVA; 11.744.143,75 ; 4.576.929,05 ; 4.901.122,11 ; 1.285.458,02 ; 10.763.509,18 ; 22.507.652,93 
BA;2931806;TREMEDAL; 19.353.001,65 ; 7.542.254,02 ; 9.182.869,25 ; 2.047.480,40 ; 18.772.603,67 ; 38.125.605,32 
BA;2931905;TUCANO; 71.804.264,31 ; 27.983.566,11 ; 60.018.894,12 ; -   ; 88.002.460,23 ; 159.806.724,54 
BA;2932002;UAUA; 35.441.949,51 ; 13.812.440,63 ; 18.155.641,67 ; 1.886.029,05 ; 33.854.111,35 ; 69.296.060,86 
BA;2932101;UBAIRA; 23.333.796,24 ; 9.093.649,75 ; 10.909.290,60 ; 1.318.190,91 ; 21.321.131,26 ; 44.654.927,50 
BA;2932200;UBAITABA; 19.824.235,86 ; 7.725.903,47 ; 9.380.446,16 ; -   ; 17.106.349,63 ; 36.930.585,49 
BA;2932309;UBATA; 18.291.828,70 ; 7.128.693,58 ; 7.034.191,88 ; 2.068.594,55 ; 16.231.480,01 ; 34.523.308,71 
BA;2932408;UIBAI; 14.022.018,81 ; 5.464.662,78 ; 12.296.048,74 ; -   ; 17.760.711,52 ; 31.782.730,33 
BA;2932457;UMBURANAS; 16.996.356,86 ; 6.623.822,14 ; 9.522.330,10 ; 1.809.764,97 ; 17.955.917,21 ; 34.952.274,07 
BA;2932507;UNA; 29.109.462,99 ; 11.344.543,25 ; 15.462.741,73 ; 2.960.347,79 ; 29.767.632,77 ; 58.877.095,76 
BA;2932606;URANDI; 23.320.758,46 ; 9.088.568,66 ; 13.319.577,86 ; 2.591.024,34 ; 24.999.170,86 ; 48.319.929,32 
BA;2932705;URUCUCA; 22.011.212,29 ; 8.578.212,18 ; 5.728.449,00 ; -   ; 14.306.661,18 ; 36.317.873,47 
BA;2932804;UTINGA; 13.715.274,66 ; 5.345.118,41 ; 7.354.626,66 ; -   ; 12.699.745,07 ; 26.415.019,73 
BA;2932903;VALENCA; 76.839.589,87 ; 29.945.933,77 ; 31.424.880,80 ; 8.342.704,22 ; 69.713.518,79 ; 146.553.108,66 
BA;2933000;VALENTE; 32.224.030,62 ; 12.558.352,91 ; 21.960.025,22 ; 1.785.848,60 ; 36.304.226,73 ; 68.528.257,35 
BA;2933059;VARZEA DA ROCA; 26.431.928,01 ; 10.301.054,01 ; 31.622.732,48 ; 1.363.970,56 ; 43.287.757,05 ; 69.719.685,06 
BA;2933109;VARZEA DO POCO; 11.290.032,12 ; 4.399.952,62 ; 11.116.204,86 ; -   ; 15.516.157,48 ; 26.806.189,60 
BA;2933158;VARZEA NOVA; 14.885.889,39 ; 5.801.330,52 ; 5.693.751,45 ; -   ; 11.495.081,97 ; 26.380.971,36 
BA;2933174;VARZEDO; 9.357.423,47 ; 3.646.776,15 ; 5.059.848,89 ; 1.044.781,52 ; 9.751.406,56 ; 19.108.830,03 
BA;2933208;VERA CRUZ; 44.006.845,95 ; 17.150.353,05 ; 17.508.320,29 ; -   ; 34.658.673,34 ; 78.665.519,29 
BA;2933257;VEREDA; 6.817.461,54 ; 2.656.901,89 ; 3.023.659,10 ; -   ; 5.680.560,99 ; 12.498.022,53 
BA;2933307;VITORIA DA CONQUISTA; 248.595.432,84 ; 96.882.640,57 ; 62.556.596,04 ; -   ; 159.439.236,61 ; 408.034.669,45 
BA;2933406;WAGNER; 9.534.904,65 ; 3.715.944,13 ; 6.754.702,16 ; -   ; 10.470.646,29 ; 20.005.550,94 
BA;2933455;WANDERLEY; 16.864.236,38 ; 6.572.332,14 ; 9.098.670,97 ; 1.867.004,16 ; 17.538.007,27 ; 34.402.243,65 
BA;2933505;WENCESLAU GUIMARAES; 28.504.474,21 ; 11.108.766,96 ; 15.951.192,63 ; 2.897.682,97 ; 29.957.642,56 ; 58.462.116,77 
BA;2933604;XIQUE-XIQUE; 56.951.292,05 ; 22.195.064,06 ; 23.162.169,76 ; -   ; 45.357.233,82 ; 102.308.525,87 
BA;29;GOVERNO DO ESTADO; 4.538.101.204,33 ; 1.768.589.321,39 ; -   ; -   ; 1.768.589.321,39 ; 6.306.690.525,72 
CE;2300101;ABAIARA; 9.813.966,53 ; 5.359.096,48 ; 7.381.884,92 ; 1.303.430,23 ; 14.044.411,63 ; 23.858.378,16 
CE;2300150;ACARAPE; 16.995.619,68 ; 9.280.769,94 ; 12.304.160,26 ; 2.119.008,59 ; 23.703.938,79 ; 40.699.558,47 
CE;2300200;ACARAU; 63.225.987,08 ; 34.525.710,24 ; 42.864.855,00 ; -   ; 77.390.565,24 ; 140.616.552,32 
CE;2300309;ACOPIARA; 42.423.114,75 ; 23.165.920,13 ; 30.253.659,20 ; -   ; 53.419.579,33 ; 95.842.694,08 
CE;2300408;AIUABA; 13.572.781,35 ; 7.411.666,27 ; 9.400.548,70 ; 872.392,84 ; 17.684.607,81 ; 31.257.389,16 
CE;2300507;ALCANTARAS; 12.276.687,30 ; 6.703.910,34 ; 10.575.962,86 ; 1.637.255,24 ; 18.917.128,44 ; 31.193.815,74 
CE;2300606;ALTANEIRA; 10.562.827,01 ; 5.768.025,49 ; 7.944.925,40 ; 1.248.351,37 ; 14.961.302,26 ; 25.524.129,27 
CE;2300705;ALTO SANTO; 16.314.415,64 ; 8.908.785,98 ; 9.366.244,99 ; 2.146.256,67 ; 20.421.287,64 ; 36.735.703,28 
CE;2300754;AMONTADA; 56.403.149,73 ; 30.799.974,72 ; 47.545.410,16 ; 6.358.459,23 ; 84.703.844,11 ; 141.106.993,84 
CE;2300804;ANTONINA DO NORTE; 8.284.919,72 ; 4.524.132,42 ; 4.417.281,07 ; -   ; 8.941.413,49 ; 17.226.333,21 
CE;2300903;APUIARES; 11.668.002,89 ; 6.371.527,05 ; 6.562.333,60 ; 1.530.222,15 ; 14.464.082,80 ; 26.132.085,69 
CE;2301000;AQUIRAZ; 97.278.089,90 ; 53.120.485,72 ; 55.040.990,40 ; -   ; 108.161.476,12 ; 205.439.566,02 
CE;2301109;ARACATI; 67.694.759,36 ; 36.965.965,33 ; 36.429.618,94 ; 8.171.251,58 ; 81.566.835,85 ; 149.261.595,21 
CE;2301208;ARACOIABA; 35.163.864,92 ; 19.201.873,58 ; 29.607.044,51 ; 3.891.577,51 ; 52.700.495,60 ; 87.864.360,52 
CE;2301257;ARARENDA; 21.736.761,57 ; 11.869.757,46 ; 24.608.102,13 ; 3.107.806,61 ; 39.585.666,20 ; 61.322.427,77 
CE;2301307;ARARIPE; 22.440.780,97 ; 12.254.200,17 ; 12.074.406,89 ; -   ; 24.328.607,06 ; 46.769.388,03 
CE;2301406;ARATUBA; 17.962.283,88 ; 9.808.634,66 ; 15.816.229,44 ; -   ; 25.624.864,10 ; 43.587.147,98 
CE;2301505;ARNEIROZ; 6.290.034,30 ; 3.434.788,63 ; 2.558.630,49 ; 438.792,28 ; 6.432.211,40 ; 12.722.245,70 
CE;2301604;ASSARE; 25.288.403,25 ; 13.809.196,56 ; 24.400.612,97 ; 2.810.767,74 ; 41.020.577,27 ; 66.308.980,52 
CE;2301703;AURORA; 15.979.757,33 ; 8.726.039,66 ; 9.430.621,10 ; 2.006.128,49 ; 20.162.789,25 ; 36.142.546,58 
CE;2301802;BAIXIO; 5.213.648,67 ; 2.847.008,51 ; 2.652.104,37 ; 681.777,01 ; 6.180.889,89 ; 11.394.538,56 
CE;2301851;BANABUIU; 20.217.837,69 ; 11.040.321,20 ; 11.360.509,97 ; 2.206.084,15 ; 24.606.915,32 ; 44.824.753,01 
CE;2301901;BARBALHA; 55.261.508,01 ; 30.176.560,32 ; 34.753.603,35 ; -   ; 64.930.163,67 ; 120.191.671,68 
CE;2301950;BARREIRA; 26.785.430,69 ; 14.626.675,85 ; 21.201.018,74 ; 3.216.653,05 ; 39.044.347,64 ; 65.829.778,33 
CE;2302008;BARRO; 15.046.233,98 ; 8.216.272,12 ; 7.871.174,53 ; 2.004.227,43 ; 18.091.674,08 ; 33.137.908,06 
CE;2302057;BARROQUINHA; 16.475.956,98 ; 8.996.998,59 ; 9.921.284,86 ; -   ; 18.918.283,45 ; 35.394.240,43 
CE;2302107;BATURITE; 37.912.756,10 ; 20.702.956,05 ; 28.467.231,70 ; -   ; 49.170.187,75 ; 87.082.943,85 
CE;2302206;BEBERIBE; 56.363.659,36 ; 30.778.410,28 ; 43.250.928,62 ; -   ; 74.029.338,90 ; 130.392.998,26 
CE;2302305;BELA CRUZ; 28.082.991,09 ; 15.335.232,52 ; 20.874.682,69 ; 3.190.080,69 ; 39.399.995,90 ; 67.482.986,99 
CE;2302404;BOA VIAGEM; 59.803.208,61 ; 32.656.639,25 ; 55.766.688,67 ; 6.797.389,07 ; 95.220.716,99 ; 155.023.925,60 
CE;2302503;BREJO SANTO; 49.438.289,12 ; 26.996.684,80 ; 9.948.761,86 ; 6.586.486,55 ; 43.531.933,21 ; 92.970.222,33 
CE;2302602;CAMOCIM; 53.841.157,32 ; 29.400.951,77 ; 32.645.301,98 ; 7.273.345,44 ; 69.319.599,19 ; 123.160.756,51 
CE;2302701;CAMPOS SALES; 21.280.810,79 ; 11.620.777,16 ; 14.482.790,60 ; -   ; 26.103.567,76 ; 47.384.378,55 
CE;2302800;CANINDE; 80.814.143,16 ; 44.130.045,54 ; 58.425.982,41 ; 4.835.542,86 ; 107.391.570,81 ; 188.205.713,97 
CE;2302909;CAPISTRANO; 16.740.987,57 ; 9.141.723,40 ; 12.626.969,37 ; 2.029.939,54 ; 23.798.632,31 ; 40.539.619,88 
CE;2303006;CARIDADE; 21.210.250,92 ; 11.582.246,65 ; 6.219.211,81 ; 2.665.787,45 ; 20.467.245,91 ; 41.677.496,83 
CE;2303105;CARIRE; 20.212.058,99 ; 11.037.165,64 ; 12.298.267,13 ; 2.683.387,40 ; 26.018.820,17 ; 46.230.879,16 
CE;2303204;CARIRIACU; 26.348.130,21 ; 14.387.879,90 ; 18.719.148,56 ; 1.714.426,54 ; 34.821.455,00 ; 61.169.585,21 
CE;2303303;CARIUS; 18.732.914,22 ; 10.229.451,49 ; 17.208.586,95 ; 2.081.489,66 ; 29.519.528,10 ; 48.252.442,32 
CE;2303402;CARNAUBAL; 23.891.435,41 ; 13.046.356,63 ; 24.707.673,99 ; 1.371.050,61 ; 39.125.081,23 ; 63.016.516,64 
CE;2303501;CASCAVEL; 74.025.787,21 ; 40.423.139,23 ; 53.927.158,16 ; 9.783.028,01 ; 104.133.325,40 ; 178.159.112,61 
CE;2303600;CATARINA; 10.506.893,50 ; 5.737.481,97 ; 5.598.354,18 ; -   ; 11.335.836,15 ; 21.842.729,65 
CE;2303659;CATUNDA; 16.032.473,40 ; 8.754.826,25 ; 8.409.244,86 ; 2.264.133,01 ; 19.428.204,12 ; 35.460.677,52 
CE;2303709;CAUCAIA; 292.740.223,28 ; 159.856.169,74 ; 155.406.282,30 ; 36.411.514,42 ; 351.673.966,46 ; 644.414.189,74 
CE;2303808;CEDRO; 15.721.995,44 ; 8.585.284,05 ; 5.735.160,75 ; 2.108.339,22 ; 16.428.784,02 ; 32.150.779,46 
CE;2303907;CHAVAL; 13.432.310,35 ; 7.334.959,50 ; 6.664.465,78 ; -   ; 13.999.425,28 ; 27.431.735,63 
CE;2303931;CHORO; 15.130.276,65 ; 8.262.165,15 ; 12.852.783,55 ; 942.688,65 ; 22.057.637,35 ; 37.187.914,00 
CE;2303956;CHOROZINHO; 21.977.782,18 ; 12.001.371,18 ; 13.825.982,67 ; 2.905.878,90 ; 28.733.232,75 ; 50.711.014,93 
CE;2304004;COREAU; 33.769.703,72 ; 18.440.566,28 ; 27.995.873,64 ; 4.431.483,19 ; 50.867.923,11 ; 84.637.626,83 
CE;2304103;CRATEUS; 79.178.435,47 ; 43.236.837,35 ; 75.889.703,41 ; 9.455.173,51 ; 128.581.714,27 ; 207.760.149,74 
CE;2304202;CRATO; 92.485.538,47 ; 50.503.425,09 ; 44.840.762,84 ; 12.823.611,84 ; 108.167.799,77 ; 200.653.338,24 
CE;2304236;CROATA; 25.373.941,10 ; 13.855.906,07 ; 13.828.218,57 ; 3.581.601,39 ; 31.265.726,03 ; 56.639.667,13 
CE;2304251;CRUZ; 33.522.544,06 ; 18.305.600,22 ; 23.758.773,00 ; 5.162.179,63 ; 47.226.552,85 ; 80.749.096,91 
CE;2304269;DEPUTADO IRAPUAN PINHEIRO; 11.376.441,01 ; 6.212.314,34 ; 9.942.087,31 ; 1.748.271,02 ; 17.902.672,67 ; 29.279.113,68 
CE;2304277;ERERE; 6.544.620,62 ; 3.573.810,16 ; 3.626.440,90 ; -   ; 7.200.251,06 ; 13.744.871,68 
CE;2304285;EUSEBIO; 77.252.388,35 ; 42.185.083,99 ; -   ; 9.972.438,29 ; 52.157.522,28 ; 129.409.910,63 
CE;2304301;FARIAS BRITO; 20.962.317,90 ; 11.446.858,28 ; 16.863.305,74 ; 2.254.181,38 ; 30.564.345,40 ; 51.526.663,30 
CE;2304350;FORQUILHA; 27.839.249,73 ; 15.202.133,08 ; 24.926.850,85 ; -   ; 40.128.983,93 ; 67.968.233,66 
CE;2304400;FORTALEZA; 1.456.205.475,18 ; 795.187.716,30 ; 10.376.582,07 ; -   ; 805.564.298,37 ; 2.261.769.773,55 
CE;2304459;FORTIM; 16.079.036,51 ; 8.780.252,89 ; 9.144.936,88 ; 2.277.540,89 ; 20.202.730,66 ; 36.281.767,17 
CE;2304509;FRECHEIRINHA; 19.425.855,43 ; 10.607.844,76 ; 15.907.964,09 ; -   ; 26.515.808,85 ; 45.941.664,28 
CE;2304608;GENERAL SAMPAIO; 9.405.981,61 ; 5.136.308,83 ; 1.750.541,53 ; -   ; 6.886.850,36 ; 16.292.831,97 
CE;2304657;GRACA; 19.784.032,11 ; 10.803.433,71 ; 8.065.829,06 ; 1.173.831,78 ; 20.043.094,55 ; 39.827.126,66 
CE;2304707;GRANJA; 61.684.704,29 ; 33.684.064,48 ; 46.837.244,50 ; 7.494.911,88 ; 88.016.220,86 ; 149.700.925,15 
CE;2304806;GRANJEIRO; 6.369.241,40 ; 3.478.041,13 ; 4.143.217,87 ; 795.352,99 ; 8.416.611,99 ; 14.785.853,39 
CE;2304905;GROAIRAS; 10.717.040,63 ; 5.852.236,66 ; 4.460.014,94 ; 1.368.013,13 ; 11.680.264,73 ; 22.397.305,36 
CE;2304954;GUAIUBA; 27.594.182,21 ; 15.068.309,45 ; 25.214.754,45 ; -   ; 40.283.063,90 ; 67.877.246,11 
CE;2305001;GUARACIABA DO NORTE; 51.503.057,25 ; 28.124.189,33 ; 41.715.026,60 ; 6.568.797,35 ; 76.408.013,28 ; 127.911.070,53 
CE;2305100;GUARAMIRANGA; 7.892.078,86 ; 4.309.614,46 ; 5.170.916,09 ; 860.211,97 ; 10.340.742,52 ; 18.232.821,38 
CE;2305209;HIDROLANDIA; 15.886.321,69 ; 8.675.017,42 ; 10.360.831,98 ; 2.072.005,87 ; 21.107.855,27 ; 36.994.176,96 
CE;2305233;HORIZONTE; 72.955.219,88 ; 39.838.536,30 ; 42.109.115,83 ; -   ; 81.947.652,13 ; 154.902.872,01 
CE;2305266;IBARETAMA; 13.578.911,89 ; 7.415.013,97 ; 8.943.388,57 ; 862.197,32 ; 17.220.599,86 ; 30.799.511,75 
CE;2305308;IBIAPINA; 25.977.413,93 ; 14.185.443,48 ; 16.247.614,72 ; -   ; 30.433.058,20 ; 56.410.472,13 
CE;2305332;IBICUITINGA; 16.985.480,26 ; 9.275.233,13 ; 12.241.057,21 ; 1.035.181,76 ; 22.551.472,10 ; 39.536.952,36 
CE;2305357;ICAPUI; 20.186.817,51 ; 11.023.382,07 ; 5.912.835,41 ; -   ; 16.936.217,48 ; 37.123.034,99 
CE;2305407;ICO; 63.177.406,46 ; 34.499.181,89 ; 49.468.838,60 ; 6.439.529,10 ; 90.407.549,59 ; 153.584.956,05 
CE;2305506;IGUATU; 74.853.945,55 ; 40.875.370,29 ; 49.737.983,54 ; -   ; 90.613.353,83 ; 165.467.299,38 
CE;2305605;INDEPENDENCIA; 22.227.304,57 ; 12.137.627,46 ; 20.776.116,06 ; 3.014.265,27 ; 35.928.008,79 ; 58.155.313,36 
CE;2305654;IPAPORANGA; 15.650.718,86 ; 8.546.362,17 ; 14.017.462,24 ; 1.980.929,99 ; 24.544.754,40 ; 40.195.473,26 
CE;2305704;IPAUMIRIM; 10.528.937,09 ; 5.749.519,27 ; 5.039.465,02 ; 1.461.406,32 ; 12.250.390,61 ; 22.779.327,70 
CE;2305803;IPU; 43.647.170,19 ; 23.834.338,07 ; 29.213.258,28 ; 5.319.942,51 ; 58.367.538,86 ; 102.014.709,05 
CE;2305902;IPUEIRAS; 43.496.371,44 ; 23.751.991,64 ; 38.894.825,84 ; 6.006.330,09 ; 68.653.147,57 ; 112.149.519,01 
CE;2306009;IRACEMA; 13.139.986,48 ; 7.175.330,69 ; 7.618.360,00 ; -   ; 14.793.690,69 ; 27.933.677,17 
CE;2306108;IRAUCUBA; 33.656.030,40 ; 18.378.492,87 ; 26.696.503,89 ; 4.208.398,06 ; 49.283.394,82 ; 82.939.425,22 
CE;2306207;ITAICABA; 7.179.605,59 ; 3.920.555,35 ; 4.871.460,22 ; 432.511,28 ; 9.224.526,85 ; 16.404.132,44 
CE;2306256;ITAITINGA; 66.096.114,76 ; 36.092.996,12 ; 52.215.179,41 ; 7.786.385,35 ; 96.094.560,88 ; 162.190.675,64 
CE;2306306;ITAPAJE; 47.641.104,33 ; 26.015.299,07 ; 38.726.576,45 ; 6.285.769,22 ; 71.027.644,74 ; 118.668.749,07 
CE;2306405;ITAPIPOCA; 181.375.640,69 ; 99.043.496,24 ; 181.826.497,80 ; 21.019.145,21 ; 301.889.139,25 ; 483.264.779,94 
CE;2306504;ITAPIUNA; 14.799.166,32 ; 8.081.356,29 ; 5.220.255,95 ; 1.945.915,46 ; 15.247.527,70 ; 30.046.694,02 
CE;2306553;ITAREMA; 39.042.961,77 ; 21.320.125,58 ; 22.227.780,67 ; 4.869.351,55 ; 48.417.257,80 ; 87.460.219,57 
CE;2306603;ITATIRA; 36.121.511,49 ; 19.724.814,06 ; 16.642.726,03 ; -   ; 36.367.540,09 ; 72.489.051,58 
CE;2306702;JAGUARETAMA; 17.697.485,07 ; 9.664.036,41 ; 11.150.824,21 ; 1.164.278,75 ; 21.979.139,37 ; 39.676.624,44 
CE;2306801;JAGUARIBARA; 14.883.148,81 ; 8.127.216,46 ; 10.051.245,10 ; 949.551,51 ; 19.128.013,07 ; 34.011.161,88 
CE;2306900;JAGUARIBE; 38.493.913,47 ; 21.020.307,68 ; 23.042.536,90 ; -   ; 44.062.844,58 ; 82.556.758,05 
CE;2307007;JAGUARUANA; 32.596.496,21 ; 17.799.914,79 ; 23.334.022,87 ; 1.914.654,26 ; 43.048.591,92 ; 75.645.088,13 
CE;2307106;JARDIM; 26.686.814,11 ; 14.572.824,46 ; 17.971.107,72 ; -   ; 32.543.932,18 ; 59.230.746,29 
CE;2307205;JATI; 7.648.064,81 ; 4.176.366,11 ; 1.880.505,48 ; -   ; 6.056.871,59 ; 13.704.936,40 
CE;2307254;JIJOCA DE JERICOACOARA; 31.765.290,15 ; 17.346.019,48 ; 19.928.365,68 ; 4.868.947,11 ; 42.143.332,27 ; 73.908.622,42 
CE;2307304;JUAZEIRO DO NORTE; 171.030.056,91 ; 93.394.100,41 ; 69.787.180,62 ; -   ; 163.181.281,03 ; 334.211.337,94 
CE;2307403;JUCAS; 25.675.150,83 ; 14.020.387,16 ; 18.586.579,00 ; 3.189.235,54 ; 35.796.201,70 ; 61.471.352,53 
CE;2307502;LAVRAS DA MANGABEIRA; 21.760.431,77 ; 11.882.683,00 ; 13.370.478,38 ; -   ; 25.253.161,38 ; 47.013.593,15 
CE;2307601;LIMOEIRO DO NORTE; 44.679.356,04 ; 24.397.982,09 ; 29.815.710,26 ; 6.052.504,06 ; 60.266.196,41 ; 104.945.552,45 
CE;2307635;MADALENA; 26.551.410,16 ; 14.498.884,65 ; 22.617.894,14 ; 3.316.780,51 ; 40.433.559,30 ; 66.984.969,46 
CE;2307650;MARACANAU; 226.599.771,47 ; 123.738.962,57 ; 134.355.982,81 ; 15.600.175,05 ; 273.695.120,43 ; 500.294.891,90 
CE;2307700;MARANGUAPE; 87.840.697,09 ; 47.967.024,23 ; 62.669.376,91 ; -   ; 110.636.401,14 ; 198.477.098,23 
CE;2307809;MARCO; 32.488.801,12 ; 17.741.105,92 ; 23.018.011,64 ; 4.386.797,12 ; 45.145.914,68 ; 77.634.715,80 
CE;2307908;MARTINOPOLE; 12.442.205,46 ; 6.794.294,57 ; 6.913.252,09 ; -   ; 13.707.546,66 ; 26.149.752,12 
CE;2308005;MASSAPE; 45.165.885,14 ; 24.663.660,23 ; 34.372.523,37 ; 5.445.540,35 ; 64.481.723,95 ; 109.647.609,09 
CE;2308104;MAURITI; 45.598.687,81 ; 24.900.000,07 ; 27.250.583,98 ; 5.947.026,08 ; 58.097.610,13 ; 103.696.297,94 
CE;2308203;MERUOCA; 16.612.674,29 ; 9.071.655,58 ; 11.131.839,32 ; 2.273.087,96 ; 22.476.582,86 ; 39.089.257,15 
CE;2308302;MILAGRES; 23.428.918,82 ; 12.793.790,96 ; 15.243.451,62 ; 2.844.760,61 ; 30.882.003,19 ; 54.310.922,01 
CE;2308351;MILHA; 13.156.036,82 ; 7.184.095,28 ; 8.745.110,81 ; 1.922.258,88 ; 17.851.464,97 ; 31.007.501,79 
CE;2308377;MIRAIMA; 14.936.193,57 ; 8.156.182,53 ; 11.055.944,54 ; 1.686.405,94 ; 20.898.533,01 ; 35.834.726,58 
CE;2308401;MISSAO VELHA; 35.225.537,54 ; 19.235.551,05 ; 23.368.613,25 ; -   ; 42.604.164,30 ; 77.829.701,84 
CE;2308500;MOMBACA; 40.806.134,12 ; 22.282.938,19 ; 31.673.552,96 ; -   ; 53.956.491,15 ; 94.762.625,27 
CE;2308609;MONSENHOR TABOSA; 20.677.235,18 ; 11.291.183,63 ; 7.262.422,53 ; 2.751.014,74 ; 21.304.620,90 ; 41.981.856,08 
CE;2308708;MORADA NOVA; 43.519.585,67 ; 23.764.668,20 ; 7.160.364,93 ; -   ; 30.925.033,13 ; 74.444.618,80 
CE;2308807;MORAUJO; 12.180.647,82 ; 6.651.466,21 ; 13.226.334,39 ; 1.375.273,78 ; 21.253.074,38 ; 33.433.722,20 
CE;2308906;MORRINHOS; 20.843.972,10 ; 11.382.233,38 ; 13.367.997,71 ; -   ; 24.750.231,09 ; 45.594.203,19 
CE;2309003;MUCAMBO; 15.281.347,03 ; 8.344.659,90 ; 10.143.221,82 ; -   ; 18.487.881,72 ; 33.769.228,75 
CE;2309102;MULUNGU; 14.905.397,05 ; 8.139.365,52 ; 14.611.796,37 ; 839.633,82 ; 23.590.795,71 ; 38.496.192,76 
CE;2309201;NOVA OLINDA; 16.602.919,69 ; 9.066.328,90 ; 13.765.462,15 ; 2.306.657,09 ; 25.138.448,14 ; 41.741.367,83 
CE;2309300;NOVA RUSSAS; 34.867.727,99 ; 19.040.162,58 ; 27.340.393,80 ; -   ; 46.380.556,38 ; 81.248.284,37 
CE;2309409;NOVO ORIENTE; 33.821.058,26 ; 18.468.609,37 ; 20.859.925,97 ; 4.704.492,07 ; 44.033.027,41 ; 77.854.085,67 
CE;2309458;OCARA; 24.839.272,96 ; 13.563.940,72 ; 18.565.390,01 ; -   ; 32.129.330,73 ; 56.968.603,69 
CE;2309508;OROS; 19.221.277,53 ; 10.496.131,25 ; 8.293.007,10 ; 2.431.282,95 ; 21.220.421,30 ; 40.441.698,83 
CE;2309607;PACAJUS; 61.051.169,40 ; 33.338.111,14 ; 40.382.463,68 ; -   ; 73.720.574,82 ; 134.771.744,22 
CE;2309706;PACATUBA; 64.094.231,88 ; 34.999.831,23 ; 44.974.660,95 ; -   ; 79.974.492,18 ; 144.068.724,06 
CE;2309805;PACOTI; 13.053.152,57 ; 7.127.913,44 ; 10.264.417,60 ; 1.520.185,67 ; 18.912.516,71 ; 31.965.669,28 
CE;2309904;PACUJA; 7.738.514,47 ; 4.225.757,80 ; 1.809.710,65 ; -   ; 6.035.468,45 ; 13.773.982,92 
CE;2310001;PALHANO; 8.275.487,85 ; 4.518.981,97 ; 4.757.423,95 ; 541.054,83 ; 9.817.460,75 ; 18.092.948,60 
CE;2310100;PALMACIA; 9.866.245,34 ; 5.387.644,29 ; 4.995.816,66 ; 1.264.877,56 ; 11.648.338,51 ; 21.514.583,85 
CE;2310209;PARACURU; 42.916.136,92 ; 23.435.143,94 ; 32.054.831,45 ; 5.792.807,78 ; 61.282.783,17 ; 104.198.920,09 
CE;2310258;PARAIPABA; 42.885.874,85 ; 23.418.618,78 ; 43.647.276,82 ; 4.929.257,20 ; 71.995.152,80 ; 114.881.027,65 
CE;2310308;PARAMBU; 28.261.511,78 ; 15.432.717,02 ; 19.343.537,32 ; 1.870.360,99 ; 36.646.615,33 ; 64.908.127,11 
CE;2310407;PARAMOTI; 12.600.447,47 ; 6.880.705,52 ; 9.220.191,85 ; 1.470.825,98 ; 17.571.723,35 ; 30.172.170,82 
CE;2310506;PEDRA BRANCA; 40.159.603,07 ; 21.929.888,06 ; 26.440.223,17 ; 5.213.226,12 ; 53.583.337,35 ; 93.742.940,42 
CE;2310605;PENAFORTE; 8.830.533,32 ; 4.822.074,73 ; 4.787.748,08 ; 590.269,01 ; 10.200.091,82 ; 19.030.625,14 
CE;2310704;PENTECOSTE; 35.614.159,89 ; 19.447.765,41 ; 22.403.904,43 ; 4.568.988,99 ; 46.420.658,83 ; 82.034.818,72 
CE;2310803;PEREIRO; 23.123.044,88 ; 12.626.762,89 ; 16.256.729,28 ; 3.117.635,00 ; 32.001.127,17 ; 55.124.172,05 
CE;2310852;PINDORETAMA; 29.055.909,61 ; 15.866.512,52 ; 25.057.234,16 ; 3.135.631,41 ; 44.059.378,09 ; 73.115.287,70 
CE;2310902;PIQUET CARNEIRO; 15.810.032,14 ; 8.633.358,11 ; 10.191.517,89 ; 2.077.429,43 ; 20.902.305,43 ; 36.712.337,57 
CE;2310951;PIRES FERREIRA; 10.727.251,99 ; 5.857.812,76 ; 8.494.047,81 ; 1.462.201,98 ; 15.814.062,55 ; 26.541.314,54 
CE;2311009;PORANGA; 18.104.732,99 ; 9.886.421,61 ; 19.516.971,58 ; 2.278.312,96 ; 31.681.706,15 ; 49.786.439,14 
CE;2311108;PORTEIRAS; 23.877.944,70 ; 13.038.989,78 ; 21.060.594,03 ; 2.978.264,84 ; 37.077.848,65 ; 60.955.793,35 
CE;2311207;POTENGI; 10.910.161,26 ; 5.957.693,73 ; 11.422.839,36 ; 602.450,43 ; 17.982.983,52 ; 28.893.144,78 
CE;2311231;POTIRETAMA; 9.801.027,68 ; 5.352.030,98 ; 7.238.354,20 ; 1.232.468,76 ; 13.822.853,94 ; 23.623.881,62 
CE;2311264;QUITERIANOPOLIS; 29.647.609,35 ; 16.189.621,02 ; 21.960.161,48 ; 3.578.245,92 ; 41.728.028,42 ; 71.375.637,77 
CE;2311306;QUIXADA; 71.364.498,70 ; 38.969.893,82 ; 49.314.495,34 ; 8.821.038,93 ; 97.105.428,09 ; 168.469.926,79 
CE;2311355;QUIXELO; 19.136.282,88 ; 10.449.718,36 ; 14.093.738,36 ; -   ; 24.543.456,72 ; 43.679.739,60 
CE;2311405;QUIXERAMOBIM; 85.117.624,51 ; 46.480.040,49 ; 71.913.516,81 ; -   ; 118.393.557,30 ; 203.511.181,81 
CE;2311504;QUIXERE; 17.303.385,58 ; 9.448.831,16 ; 7.674.305,83 ; -   ; 17.123.136,99 ; 34.426.522,57 
CE;2311603;REDENCAO; 28.065.545,02 ; 15.325.705,76 ; 20.568.171,78 ; 3.553.973,87 ; 39.447.851,41 ; 67.513.396,43 
CE;2311702;RERIUTABA; 22.375.107,77 ; 12.218.338,10 ; 17.851.423,87 ; 2.624.414,96 ; 32.694.176,93 ; 55.069.284,70 
CE;2311801;RUSSAS; 73.484.824,84 ; 40.127.736,81 ; 55.739.203,49 ; -   ; 95.866.940,30 ; 169.351.765,14 
CE;2311900;SABOEIRO; 15.091.251,94 ; 8.240.855,00 ; 11.527.096,96 ; -   ; 19.767.951,96 ; 34.859.203,90 
CE;2311959;SALITRE; 25.462.371,95 ; 13.904.195,36 ; 24.874.048,05 ; -   ; 38.778.243,41 ; 64.240.615,36 
CE;2312205;SANTA QUITERIA; 43.378.424,38 ; 23.687.584,49 ; 34.541.099,59 ; 4.962.878,91 ; 63.191.562,99 ; 106.569.987,37 
CE;2312007;SANTANA DO ACARAU; 24.363.108,15 ; 13.303.922,18 ; 12.435.412,96 ; 3.285.151,12 ; 29.024.486,26 ; 53.387.594,41 
CE;2312106;SANTANA DO CARIRI; 16.687.156,36 ; 9.112.327,88 ; 10.791.928,94 ; 2.188.266,22 ; 22.092.523,04 ; 38.779.679,40 
CE;2312304;SAO BENEDITO; 57.443.344,37 ; 31.367.992,08 ; 53.093.261,85 ; 7.758.325,40 ; 92.219.579,33 ; 149.662.923,70 
CE;2312403;SAO GONCALO DO AMARANTE; 75.753.365,39 ; 41.366.514,99 ; 114.893,40 ; -   ; 41.481.408,39 ; 117.234.773,78 
CE;2312502;SAO JOAO DO JAGUARIBE; 5.191.282,11 ; 2.834.794,84 ; 1.893.353,04 ; 330.300,63 ; 5.058.448,51 ; 10.249.730,62 
CE;2312601;SAO LUIS DO CURU; 12.943.847,56 ; 7.068.225,43 ; 14.345.446,71 ; 1.443.420,05 ; 22.857.092,19 ; 35.800.939,75 
CE;2312700;SENADOR POMPEU; 16.126.861,85 ; 8.806.368,79 ; 6.547.480,80 ; 2.272.506,98 ; 17.626.356,57 ; 33.753.218,42 
CE;2312809;SENADOR SA; 11.427.366,04 ; 6.240.122,88 ; 10.028.615,77 ; 1.368.339,34 ; 17.637.077,99 ; 29.064.444,03 
CE;2312908;SOBRAL; 184.438.341,98 ; 100.715.940,47 ; 99.473.191,81 ; 28.285.462,12 ; 228.474.594,40 ; 412.912.936,38 
CE;2313005;SOLONOPOLE; 16.949.133,85 ; 9.255.385,50 ; 1.317.304,51 ; 2.121.432,47 ; 12.694.122,48 ; 29.643.256,33 
CE;2313104;TABULEIRO DO NORTE; 21.258.260,05 ; 11.608.462,92 ; 10.643.332,03 ; 1.355.887,39 ; 23.607.682,34 ; 44.865.942,39 
CE;2313203;TAMBORIL; 27.880.429,94 ; 15.224.620,29 ; 21.326.656,35 ; 3.963.264,37 ; 40.514.541,01 ; 68.394.970,95 
CE;2313252;TARRAFAS; 7.299.823,31 ; 3.986.202,44 ; 5.042.258,55 ; -   ; 9.028.460,99 ; 16.328.284,30 
CE;2313302;TAUA; 63.257.857,69 ; 34.543.113,76 ; 49.149.900,14 ; 7.516.166,04 ; 91.209.179,94 ; 154.467.037,63 
CE;2313351;TEJUCUOCA; 27.848.089,55 ; 15.206.960,22 ; 22.463.652,29 ; 3.172.054,33 ; 40.842.666,84 ; 68.690.756,39 
CE;2313401;TIANGUA; 89.198.991,21 ; 48.708.745,66 ; 74.610.767,13 ; 11.514.900,64 ; 134.834.413,43 ; 224.033.404,64 
CE;2313500;TRAIRI; 64.167.292,38 ; 35.039.727,26 ; 45.210.700,59 ; 8.269.642,76 ; 88.520.070,61 ; 152.687.362,99 
CE;2313559;TURURU; 21.474.778,00 ; 11.726.696,52 ; 18.807.407,52 ; -   ; 30.534.104,04 ; 52.008.882,04 
CE;2313609;UBAJARA; 41.158.891,99 ; 22.475.568,10 ; 34.714.466,70 ; 4.934.298,46 ; 62.124.333,26 ; 103.283.225,25 
CE;2313708;UMARI; 6.717.036,84 ; 3.667.961,20 ; 4.651.806,82 ; 747.451,14 ; 9.067.219,16 ; 15.784.256,00 
CE;2313757;UMIRIM; 22.679.710,20 ; 12.384.671,86 ; 21.657.549,68 ; 1.320.322,49 ; 35.362.544,03 ; 58.042.254,23 
CE;2313807;URUBURETAMA; 27.185.374,39 ; 14.845.072,45 ; 23.045.172,41 ; 3.117.886,49 ; 41.008.131,35 ; 68.193.505,74 
CE;2313906;URUOCA; 16.122.119,76 ; 8.803.779,29 ; 10.129.562,94 ; -   ; 18.933.342,23 ; 35.055.461,99 
CE;2313955;VARJOTA; 23.816.839,36 ; 13.005.622,09 ; 13.315.300,59 ; 2.891.059,08 ; 29.211.981,76 ; 53.028.821,12 
CE;2314003;VARZEA ALEGRE; 37.461.141,06 ; 20.456.343,37 ; 32.722.234,77 ; 4.999.310,57 ; 58.177.888,71 ; 95.639.029,77 
CE;2314102;VICOSA DO CEARA; 83.358.699,00 ; 45.519.546,95 ; 85.221.878,57 ; -   ; 130.741.425,52 ; 214.100.124,52 
CE;23;GOVERNO DO ESTADO; 2.686.142.720,20 ; 1.466.817.514,22 ; -   ; -   ; 1.466.817.514,22 ; 4.152.960.234,42 
DF;53;GOVERNO DO ESTADO; 3.628.288.213,57 ; -   ; -   ; -   ; -   ; 3.628.288.213,57 
ES;3200102;AFONSO CLAUDIO; 34.331.067,91 ; -   ; 5.934.325,49 ; 2.783.636,20 ; 8.717.961,69 ; 43.049.029,60 
ES;3200169;AGUA DOCE DO NORTE; 13.839.898,96 ; -   ; 1.118.206,32 ; 1.176.266,71 ; 2.294.473,03 ; 16.134.371,99 
ES;3200136;AGUIA BRANCA; 13.554.135,79 ; -   ; 580.563,27 ; 1.074.288,63 ; 1.654.851,90 ; 15.208.987,69 
ES;3200201;ALEGRE; 21.900.187,17 ; -   ; 298.194,87 ; 1.762.692,11 ; 2.060.886,98 ; 23.961.074,15 
ES;3200300;ALFREDO CHAVES; 19.044.026,64 ; -   ; -   ; -   ; -   ; 19.044.026,64 
ES;3200359;ALTO RIO NOVO; 8.713.721,69 ; -   ; 484.533,38 ; 687.021,41 ; 1.171.554,79 ; 9.885.276,48 
ES;3200409;ANCHIETA; 56.103.961,16 ; -   ; -   ; 4.568.762,17 ; 4.568.762,17 ; 60.672.723,33 
ES;3200508;APIACA; 8.733.602,48 ; -   ; 662.495,00 ; -   ; 662.495,00 ; 9.396.097,48 
ES;3200607;ARACRUZ; 138.322.371,68 ; -   ; -   ; -   ; -   ; 138.322.371,68 
ES;3200706;ATILIO VIVACQUA; 19.691.344,88 ; -   ; 3.103.416,87 ; -   ; 3.103.416,87 ; 22.794.761,75 
ES;3200805;BAIXO GUANDU; 36.404.907,37 ; -   ; 1.721.225,17 ; -   ; 1.721.225,17 ; 38.126.132,54 
ES;3200904;BARRA DE SAO FRANCISCO; 49.515.399,11 ; -   ; 8.050.806,05 ; -   ; 8.050.806,05 ; 57.566.205,16 
ES;3201001;BOA ESPERANCA; 18.535.642,33 ; -   ; 1.643.945,64 ; -   ; 1.643.945,64 ; 20.179.587,97 
ES;3201100;BOM JESUS DO NORTE; 11.428.239,56 ; -   ; 522.854,67 ; 829.352,72 ; 1.352.207,39 ; 12.780.446,95 
ES;3201159;BREJETUBA; 17.456.957,97 ; -   ; 4.541.047,61 ; 655.806,90 ; 5.196.854,51 ; 22.653.812,48 
ES;3201209;CACHOEIRO DE ITAPEMIRIM; 215.779.969,02 ; -   ; 33.155.236,98 ; 17.735.058,26 ; 50.890.295,24 ; 266.670.264,26 
ES;3201308;CARIACICA; 462.513.550,04 ; -   ; 95.976.019,64 ; -   ; 95.976.019,64 ; 558.489.569,68 
ES;3201407;CASTELO; 47.916.578,03 ; -   ; 9.334.953,68 ; 3.617.845,84 ; 12.952.799,52 ; 60.869.377,55 
ES;3201506;COLATINA; 137.194.033,59 ; -   ; 6.186.492,36 ; -   ; 6.186.492,36 ; 143.380.525,95 
ES;3201605;CONCEICAO DA BARRA; 51.458.202,19 ; -   ; 13.914.975,07 ; -   ; 13.914.975,07 ; 65.373.177,26 
ES;3201704;CONCEICAO DO CASTELO; 14.064.964,20 ; -   ; 1.839.103,06 ; 1.160.905,73 ; 3.000.008,79 ; 17.064.972,99 
ES;3201803;DIVINO DE SAO LOURENCO; 3.685.996,30 ; -   ; -   ; 342.189,30 ; 342.189,30 ; 4.028.185,60 
ES;3201902;DOMINGOS MARTINS; 50.798.565,64 ; -   ; 7.353.835,24 ; -   ; 7.353.835,24 ; 58.152.400,88 
ES;3202009;DORES DO RIO PRETO; 9.137.232,22 ; -   ; 2.243.560,22 ; 681.670,15 ; 2.925.230,37 ; 12.062.462,59 
ES;3202108;ECOPORANGA; 19.066.433,27 ; -   ; -   ; 1.561.033,38 ; 1.561.033,38 ; 20.627.466,65 
ES;3202207;FUNDAO; 23.776.102,92 ; -   ; 260.317,68 ; -   ; 260.317,68 ; 24.036.420,60 
ES;3202256;GOVERNADOR LINDENBERG; 12.285.740,37 ; -   ; 4.836.670,07 ; 1.064.662,74 ; 5.901.332,81 ; 18.187.073,18 
ES;3202306;GUACUI; 40.766.569,45 ; -   ; 6.794.979,39 ; -   ; 6.794.979,39 ; 47.561.548,84 
ES;3202405;GUARAPARI; 185.437.386,15 ; -   ; 14.437.760,30 ; 15.513.442,51 ; 29.951.202,81 ; 215.388.588,96 
ES;3202454;IBATIBA; 40.237.666,96 ; -   ; 11.267.173,79 ; -   ; 11.267.173,79 ; 51.504.840,75 
ES;3202504;IBIRACU; 11.271.432,53 ; -   ; -   ; -   ; -   ; 11.271.432,53 
ES;3202553;IBITIRAMA; 16.061.058,19 ; -   ; 4.995.064,82 ; -   ; 4.995.064,82 ; 21.056.123,01 
ES;3202603;ICONHA; 13.593.794,01 ; -   ; -   ; 1.193.659,23 ; 1.193.659,23 ; 14.787.453,24 
ES;3202652;IRUPI; 17.666.552,98 ; -   ; 3.805.384,28 ; -   ; 3.805.384,28 ; 21.471.937,26 
ES;3202702;ITAGUACU; 13.027.952,82 ; -   ; 82.618,91 ; 1.035.680,85 ; 1.118.299,76 ; 14.146.252,58 
ES;3202801;ITAPEMIRIM; 68.062.930,06 ; -   ; -   ; 2.610.490,81 ; 2.610.490,81 ; 70.673.420,87 
ES;3202900;ITARANA; 10.537.285,41 ; -   ; 1.538.580,18 ; 922.431,71 ; 2.461.011,89 ; 12.998.297,30 
ES;3203007;IUNA; 28.273.907,86 ; -   ; -   ; 2.285.940,54 ; 2.285.940,54 ; 30.559.848,40 
ES;3203056;JAGUARE; 55.076.918,96 ; -   ; 13.869.567,57 ; 4.165.679,69 ; 18.035.247,26 ; 73.112.166,22 
ES;3203106;JERONIMO MONTEIRO; 12.443.878,99 ; -   ; -   ; 1.036.513,18 ; 1.036.513,18 ; 13.480.392,17 
ES;3203130;JOAO NEIVA; 17.308.682,59 ; -   ; -   ; -   ; -   ; 17.308.682,59 
ES;3203163;LARANJA DA TERRA; 14.973.795,35 ; -   ; 4.270.067,37 ; -   ; 4.270.067,37 ; 19.243.862,72 
ES;3203205;LINHARES; 233.199.964,94 ; -   ; 6.413.539,41 ; 19.410.948,38 ; 25.824.487,79 ; 259.024.452,73 
ES;3203304;MANTENOPOLIS; 14.164.441,80 ; -   ; 1.358.791,89 ; 1.242.175,21 ; 2.600.967,10 ; 16.765.408,90 
ES;3203320;MARATAIZES; 75.697.683,20 ; -   ; 6.749.318,89 ; -   ; 6.749.318,89 ; 82.447.002,09 
ES;3203346;MARECHAL FLORIANO; 25.310.240,82 ; -   ; 5.377.314,70 ; -   ; 5.377.314,70 ; 30.687.555,52 
ES;3203353;MARILANDIA; 14.379.938,15 ; -   ; 1.568.192,41 ; -   ; 1.568.192,41 ; 15.948.130,56 
ES;3203403;MIMOSO DO SUL; 22.620.686,65 ; -   ; -   ; -   ; -   ; 22.620.686,65 
ES;3203502;MONTANHA; 26.357.428,42 ; -   ; 3.009.629,07 ; 1.006.212,95 ; 4.015.842,02 ; 30.373.270,44 
ES;3203601;MUCURICI; 7.676.159,03 ; -   ; 81.248,28 ; -   ; 81.248,28 ; 7.757.407,31 
ES;3203700;MUNIZ FREIRE; 24.504.085,73 ; -   ; 4.655.371,16 ; 1.884.026,92 ; 6.539.398,08 ; 31.043.483,81 
ES;3203809;MUQUI; 13.843.063,12 ; -   ; 529.645,15 ; -   ; 529.645,15 ; 14.372.708,27 
ES;3203908;NOVA VENECIA; 66.192.056,59 ; -   ; 6.305.791,45 ; 5.569.573,41 ; 11.875.364,86 ; 78.067.421,45 
ES;3204005;PANCAS; 22.274.315,52 ; -   ; 6.315.144,61 ; -   ; 6.315.144,61 ; 28.589.460,13 
ES;3204054;PEDRO CANARIO; 26.113.037,04 ; -   ; 666.203,44 ; 2.074.757,92 ; 2.740.961,36 ; 28.853.998,40 
ES;3204104;PINHEIROS; 35.973.837,66 ; -   ; 5.217.726,20 ; 2.643.672,19 ; 7.861.398,39 ; 43.835.236,05 
ES;3204203;PIUMA; 40.199.714,36 ; -   ; 7.346.180,40 ; 3.234.907,36 ; 10.581.087,76 ; 50.780.802,12 
ES;3204252;PONTO BELO; 8.342.301,60 ; -   ; 1.185.846,94 ; 676.216,93 ; 1.862.063,87 ; 10.204.365,47 
ES;3204302;PRESIDENTE KENNEDY; 32.052.323,69 ; -   ; -   ; -   ; -   ; 32.052.323,69 
ES;3204351;RIO BANANAL; 32.824.267,80 ; -   ; 3.215.210,19 ; -   ; 3.215.210,19 ; 36.039.477,99 
ES;3204401;RIO NOVO DO SUL; 11.075.702,95 ; -   ; -   ; 944.089,10 ; 944.089,10 ; 12.019.792,05 
ES;3204500;SANTA LEOPOLDINA; 13.389.898,77 ; -   ; 220.214,75 ; 1.001.816,44 ; 1.222.031,19 ; 14.611.929,96 
ES;3204559;SANTA MARIA DE JETIBA; 40.952.316,81 ; -   ; 2.402.969,44 ; 3.198.082,39 ; 5.601.051,83 ; 46.553.368,64 
ES;3204609;SANTA TERESA; 25.651.624,63 ; -   ; -   ; 2.200.002,59 ; 2.200.002,59 ; 27.851.627,22 
ES;3204658;SAO DOMINGOS DO NORTE; 13.672.378,06 ; -   ; 1.678.899,88 ; 1.011.049,28 ; 2.689.949,16 ; 16.362.327,22 
ES;3204708;SAO GABRIEL DA PALHA; 36.750.133,95 ; -   ; 3.721.196,62 ; 1.505.437,23 ; 5.226.633,85 ; 41.976.767,80 
ES;3204807;SAO JOSE DO CALCADO; 18.018.519,60 ; -   ; 5.224.019,21 ; -   ; 5.224.019,21 ; 23.242.538,81 
ES;3204906;SAO MATEUS; 147.152.763,04 ; -   ; 4.579.974,63 ; -   ; 4.579.974,63 ; 151.732.737,67 
ES;3204955;SAO ROQUE DO CANAA; 13.237.745,59 ; -   ; 4.344.229,00 ; 1.169.538,66 ; 5.513.767,66 ; 18.751.513,25 
ES;3205002;SERRA; 567.523.350,06 ; -   ; -   ; -   ; -   ; 567.523.350,06 
ES;3205010;SOORETAMA; 49.124.086,09 ; -   ; 8.113.247,56 ; -   ; 8.113.247,56 ; 57.237.333,65 
ES;3205036;VARGEM ALTA; 23.829.317,01 ; -   ; -   ; -   ; -   ; 23.829.317,01 
ES;3205069;VENDA NOVA DO IMIGRANTE; 27.838.642,39 ; -   ; 9.191.560,57 ; 2.344.559,72 ; 11.536.120,29 ; 39.374.762,68 
ES;3205101;VIANA; 122.767.185,65 ; -   ; 9.812.396,45 ; -   ; 9.812.396,45 ; 132.579.582,10 
ES;3205150;VILA PAVAO; 14.549.078,91 ; -   ; 4.589.249,21 ; 498.634,65 ; 5.087.883,86 ; 19.636.962,77 
ES;3205176;VILA VALERIO; 23.699.504,13 ; -   ; 5.212.903,86 ; -   ; 5.212.903,86 ; 28.912.407,99 
ES;3205200;VILA VELHA; 469.075.603,00 ; -   ; -   ; -   ; -   ; 469.075.603,00 
ES;3205309;VITORIA; 357.953.345,01 ; -   ; -   ; 28.831.379,84 ; 28.831.379,84 ; 386.784.724,85 
ES;32;GOVERNO DO ESTADO; 2.199.878.918,56 ; -   ; -   ; -   ; -   ; 2.199.878.918,56 
GO;5200050;ABADIA DE GOIAS; 29.582.254,59 ; -   ; 8.438.591,60 ; 2.449.168,56 ; 10.887.760,16 ; 40.470.014,75 
GO;5200100;ABADIANIA; 9.173.751,72 ; -   ; -   ; -   ; -   ; 9.173.751,72 
GO;5200134;ACREUNA; 16.707.473,69 ; -   ; -   ; -   ; -   ; 16.707.473,69 
GO;5200159;ADELANDIA; 1.929.251,31 ; -   ; -   ; -   ; -   ; 1.929.251,31 
GO;5200175;AGUA FRIA DE GOIAS; 5.035.896,11 ; -   ; -   ; -   ; -   ; 5.035.896,11 
GO;5200209;AGUA LIMPA; 1.753.010,03 ; -   ; -   ; 80.165,73 ; 80.165,73 ; 1.833.175,76 
GO;5200258;AGUAS LINDAS DE GOIAS; 200.509.886,99 ; -   ; 63.458.246,02 ; -   ; 63.458.246,02 ; 263.968.133,01 
GO;5200308;ALEXANIA; 29.617.056,86 ; -   ; -   ; 2.471.197,34 ; 2.471.197,34 ; 32.088.254,20 
GO;5200506;ALOANDIA; 832.072,39 ; -   ; -   ; 41.497,32 ; 41.497,32 ; 873.569,71 
GO;5200555;ALTO HORIZONTE; 11.021.344,01 ; -   ; -   ; -   ; -   ; 11.021.344,01 
GO;5200605;ALTO PARAISO DE GOIAS; 9.303.576,89 ; -   ; -   ; 799.316,36 ; 799.316,36 ; 10.102.893,25 
GO;5200803;ALVORADA DO NORTE; 9.711.766,99 ; -   ; -   ; -   ; -   ; 9.711.766,99 
GO;5200829;AMARALINA; 2.423.730,27 ; -   ; -   ; 207.596,19 ; 207.596,19 ; 2.631.326,46 
GO;5200852;AMERICANO DO BRASIL; 4.148.359,92 ; -   ; -   ; -   ; -   ; 4.148.359,92 
GO;5200902;AMORINOPOLIS; 2.088.129,04 ; -   ; -   ; -   ; -   ; 2.088.129,04 
GO;5201108;ANAPOLIS; 306.591.224,66 ; -   ; -   ; -   ; -   ; 306.591.224,66 
GO;5201207;ANHANGUERA; 1.001.419,62 ; -   ; -   ; 36.221,60 ; 36.221,60 ; 1.037.641,22 
GO;5201306;ANICUNS; 11.938.844,52 ; -   ; -   ; 1.155.913,83 ; 1.155.913,83 ; 13.094.758,35 
GO;5201405;APARECIDA DE GOIANIA; 417.706.311,58 ; -   ; -   ; 34.916.536,03 ; 34.916.536,03 ; 452.622.847,61 
GO;5201454;APARECIDA DO RIO DOCE; 4.375.321,67 ; -   ; -   ; 198.372,35 ; 198.372,35 ; 4.573.694,02 
GO;5201504;APORE; 5.918.944,96 ; -   ; -   ; -   ; -   ; 5.918.944,96 
GO;5201603;ARACU; 2.408.737,11 ; -   ; -   ; 111.577,88 ; 111.577,88 ; 2.520.314,99 
GO;5201702;ARAGARCAS; 16.726.159,29 ; -   ; 416.261,62 ; 743.775,33 ; 1.160.036,95 ; 17.886.196,24 
GO;5201801;ARAGOIANIA; 11.229.093,10 ; -   ; -   ; 1.010.543,67 ; 1.010.543,67 ; 12.239.636,77 
GO;5202155;ARAGUAPAZ; 6.648.010,10 ; -   ; -   ; -   ; -   ; 6.648.010,10 
GO;5202353;ARENOPOLIS; 3.288.489,56 ; -   ; -   ; -   ; -   ; 3.288.489,56 
GO;5202502;ARUANA; 9.847.105,83 ; -   ; -   ; 373.313,64 ; 373.313,64 ; 10.220.419,47 
GO;5202601;AURILANDIA; 1.920.395,96 ; -   ; -   ; -   ; -   ; 1.920.395,96 
GO;5202809;AVELINOPOLIS; 4.186.968,19 ; -   ; 416.107,31 ; 153.802,76 ; 569.910,07 ; 4.756.878,26 
GO;5203104;BALIZA; 2.600.749,74 ; -   ; -   ; -   ; -   ; 2.600.749,74 
GO;5203203;BARRO ALTO; 15.551.403,81 ; -   ; -   ; -   ; -   ; 15.551.403,81 
GO;5203302;BELA VISTA DE GOIAS; 23.778.217,47 ; -   ; -   ; -   ; -   ; 23.778.217,47 
GO;5203401;BOM JARDIM DE GOIAS; 4.703.523,39 ; -   ; -   ; -   ; -   ; 4.703.523,39 
GO;5203500;BOM JESUS DE GOIAS; 23.747.781,35 ; -   ; -   ; -   ; -   ; 23.747.781,35 
GO;5203559;BONFINOPOLIS; 9.881.377,78 ; -   ; 382.871,44 ; 902.473,04 ; 1.285.344,48 ; 11.166.722,26 
GO;5203575;BONOPOLIS; 2.512.276,87 ; -   ; -   ; -   ; -   ; 2.512.276,87 
GO;5203609;BRAZABRANTES; 2.697.050,15 ; -   ; -   ; -   ; -   ; 2.697.050,15 
GO;5203807;BRITANIA; 6.043.518,78 ; -   ; -   ; 623.596,28 ; 623.596,28 ; 6.667.115,06 
GO;5203906;BURITI ALEGRE; 10.168.756,26 ; -   ; 1.221.115,69 ; -   ; 1.221.115,69 ; 11.389.871,95 
GO;5203939;BURITI DE GOIAS; 3.548.650,29 ; -   ; 98.411,85 ; 292.014,27 ; 390.426,12 ; 3.939.076,41 
GO;5203962;BURITINOPOLIS; 3.806.541,49 ; -   ; -   ; -   ; -   ; 3.806.541,49 
GO;5204003;CABECEIRAS; 7.149.841,31 ; -   ; -   ; 621.241,85 ; 621.241,85 ; 7.771.083,16 
GO;5204102;CACHOEIRA ALTA; 8.991.879,76 ; -   ; -   ; -   ; -   ; 8.991.879,76 
GO;5204201;CACHOEIRA DE GOIAS; 848.293,10 ; -   ; -   ; -   ; -   ; 848.293,10 
GO;5204250;CACHOEIRA DOURADA; 10.042.712,03 ; -   ; -   ; 616.277,13 ; 616.277,13 ; 10.658.989,16 
GO;5204300;CACU; 12.280.928,29 ; -   ; -   ; 1.122.733,54 ; 1.122.733,54 ; 13.403.661,83 
GO;5204409;CAIAPONIA; 12.227.428,37 ; -   ; -   ; -   ; -   ; 12.227.428,37 
GO;5204508;CALDAS NOVAS; 85.507.761,34 ; -   ; -   ; 7.836.212,58 ; 7.836.212,58 ; 93.343.973,92 
GO;5204557;CALDAZINHA; 4.132.794,85 ; -   ; -   ; 391.309,21 ; 391.309,21 ; 4.524.104,06 
GO;5204607;CAMPESTRE DE GOIAS; 4.356.864,83 ; -   ; -   ; 435.125,23 ; 435.125,23 ; 4.791.990,06 
GO;5204656;CAMPINACU; 4.535.783,26 ; -   ; -   ; 386.068,81 ; 386.068,81 ; 4.921.852,07 
GO;5204706;CAMPINORTE; 12.363.032,66 ; -   ; 817.214,52 ; 971.584,79 ; 1.788.799,31 ; 14.151.831,97 
GO;5204805;CAMPO ALEGRE DE GOIAS; 6.590.876,07 ; -   ; -   ; -   ; -   ; 6.590.876,07 
GO;5204854;CAMPO LIMPO DE GOIAS; 10.019.282,93 ; -   ; 3.366.107,76 ; 861.526,22 ; 4.227.633,98 ; 14.246.916,91 
GO;5204904;CAMPOS BELOS; 21.094.616,03 ; -   ; 2.202.520,51 ; -   ; 2.202.520,51 ; 23.297.136,54 
GO;5204953;CAMPOS VERDES; 2.641.138,91 ; -   ; -   ; -   ; -   ; 2.641.138,91 
GO;5205000;CARMO DO RIO VERDE; 6.809.138,58 ; -   ; -   ; 581.591,34 ; 581.591,34 ; 7.390.729,92 
GO;5205059;CASTELANDIA; 2.954.402,79 ; -   ; -   ; 285.220,63 ; 285.220,63 ; 3.239.623,42 
GO;5205109;CATALAO; 70.743.230,25 ; -   ; -   ; 6.529.453,50 ; 6.529.453,50 ; 77.272.683,75 
GO;5205208;CATURAI; 3.576.216,48 ; -   ; -   ; -   ; -   ; 3.576.216,48 
GO;5205307;CAVALCANTE; 11.044.511,18 ; -   ; 839.987,55 ; 813.662,15 ; 1.653.649,70 ; 12.698.160,88 
GO;5205406;CERES; 17.772.060,86 ; -   ; 158.181,09 ; 643.952,05 ; 802.133,14 ; 18.574.194,00 
GO;5205455;CEZARINA; 6.670.291,03 ; -   ; -   ; 656.160,77 ; 656.160,77 ; 7.326.451,80 
GO;5205471;CHAPADAO DO CEU; 25.482.241,64 ; -   ; -   ; -   ; -   ; 25.482.241,64 
GO;5205497;CIDADE OCIDENTAL; 111.715.534,23 ; -   ; 20.422.461,63 ; -   ; 20.422.461,63 ; 132.137.995,86 
GO;5205513;COCALZINHO DE GOIAS; 22.309.357,18 ; -   ; 898.080,64 ; 2.125.415,67 ; 3.023.496,31 ; 25.332.853,49 
GO;5205521;COLINAS DO SUL; 4.361.863,45 ; -   ; -   ; 319.792,95 ; 319.792,95 ; 4.681.656,40 
GO;5205703;CORREGO DO OURO; 1.872.837,13 ; -   ; -   ; 187.521,39 ; 187.521,39 ; 2.060.358,52 
GO;5205802;CORUMBA DE GOIAS; 5.590.363,97 ; -   ; -   ; 261.831,28 ; 261.831,28 ; 5.852.195,25 
GO;5205901;CORUMBAIBA; 10.202.440,63 ; -   ; -   ; 464.071,63 ; 464.071,63 ; 10.666.512,26 
GO;5206206;CRISTALINA; 73.670.773,23 ; -   ; -   ; -   ; -   ; 73.670.773,23 
GO;5206305;CRISTIANOPOLIS; 5.882.709,60 ; -   ; -   ; 498.330,99 ; 498.330,99 ; 6.381.040,59 
GO;5206404;CRIXAS; 11.647.149,27 ; -   ; -   ; -   ; -   ; 11.647.149,27 
GO;5206503;CROMINIA; 2.738.027,85 ; -   ; -   ; -   ; -   ; 2.738.027,85 
GO;5206602;CUMARI; 2.053.429,95 ; -   ; -   ; 95.793,71 ; 95.793,71 ; 2.149.223,66 
GO;5206701;DAMIANOPOLIS; 3.110.765,35 ; -   ; -   ; 307.840,00 ; 307.840,00 ; 3.418.605,35 
GO;5206800;DAMOLANDIA; 2.589.044,97 ; -   ; -   ; 281.198,03 ; 281.198,03 ; 2.870.243,00 
GO;5206909;DAVINOPOLIS; 1.607.235,19 ; -   ; -   ; -   ; -   ; 1.607.235,19 
GO;5207105;DIORAMA; 1.863.462,44 ; -   ; -   ; -   ; -   ; 1.863.462,44 
GO;5208301;DIVINOPOLIS DE GOIAS; 4.703.908,42 ; -   ; -   ; -   ; -   ; 4.703.908,42 
GO;5207253;DOVERLANDIA; 7.321.669,71 ; -   ; -   ; 311.330,49 ; 311.330,49 ; 7.633.000,20 
GO;5207352;EDEALINA; 5.067.263,37 ; -   ; -   ; 441.563,22 ; 441.563,22 ; 5.508.826,59 
GO;5207402;EDEIA; 8.822.069,44 ; -   ; -   ; -   ; -   ; 8.822.069,44 
GO;5207501;ESTRELA DO NORTE; 3.945.363,23 ; -   ; -   ; 368.828,39 ; 368.828,39 ; 4.314.191,62 
GO;5207535;FAINA; 5.405.255,23 ; -   ; -   ; 444.826,66 ; 444.826,66 ; 5.850.081,89 
GO;5207600;FAZENDA NOVA; 3.642.166,15 ; -   ; -   ; 171.881,65 ; 171.881,65 ; 3.814.047,80 
GO;5207808;FIRMINOPOLIS; 5.993.701,89 ; -   ; -   ; -   ; -   ; 5.993.701,89 
GO;5207907;FLORES DE GOIAS; 11.866.728,35 ; -   ; 143.862,36 ; 883.895,16 ; 1.027.757,52 ; 12.894.485,87 
GO;5208004;FORMOSA; 104.457.560,82 ; -   ; -   ; 8.935.082,25 ; 8.935.082,25 ; 113.392.643,07 
GO;5208103;FORMOSO; 2.828.269,82 ; -   ; -   ; -   ; -   ; 2.828.269,82 
GO;5208152;GAMELEIRA DE GOIAS; 6.119.947,31 ; -   ; 136.985,64 ; 536.282,99 ; 673.268,63 ; 6.793.215,94 
GO;5208400;GOIANAPOLIS; 12.832.212,39 ; -   ; 848.879,42 ; 1.165.244,26 ; 2.014.123,68 ; 14.846.336,07 
GO;5208509;GOIANDIRA; 4.711.275,76 ; -   ; -   ; -   ; -   ; 4.711.275,76 
GO;5208608;GOIANESIA; 70.013.775,72 ; -   ; 8.091.744,62 ; 6.254.140,34 ; 14.345.884,96 ; 84.359.660,68 
GO;5208707;GOIANIA; 909.060.639,71 ; -   ; -   ; 40.833.858,30 ; 40.833.858,30 ; 949.894.498,01 
GO;5208806;GOIANIRA; 69.530.496,19 ; -   ; 14.740.844,98 ; 6.601.127,99 ; 21.341.972,97 ; 90.872.469,16 
GO;5208905;GOIAS; 15.745.247,59 ; -   ; -   ; -   ; -   ; 15.745.247,59 
GO;5209101;GOIATUBA; 26.112.803,62 ; -   ; -   ; 2.366.945,93 ; 2.366.945,93 ; 28.479.749,55 
GO;5209150;GOUVELANDIA; 5.390.236,13 ; -   ; -   ; 484.283,77 ; 484.283,77 ; 5.874.519,90 
GO;5209200;GUAPO; 18.158.800,94 ; -   ; 841.103,35 ; 1.632.520,27 ; 2.473.623,62 ; 20.632.424,56 
GO;5209291;GUARAITA; 1.367.623,24 ; -   ; -   ; 137.896,39 ; 137.896,39 ; 1.505.519,63 
GO;5209408;GUARANI DE GOIAS; 3.401.439,79 ; -   ; -   ; 307.108,78 ; 307.108,78 ; 3.708.548,57 
GO;5209457;GUARINOS; 1.136.503,93 ; -   ; -   ; 108.523,62 ; 108.523,62 ; 1.245.027,55 
GO;5209606;HEITORAI; 2.473.523,58 ; -   ; -   ; 254.754,82 ; 254.754,82 ; 2.728.278,40 
GO;5209705;HIDROLANDIA; 35.391.706,48 ; -   ; 2.882.899,34 ; 1.462.598,96 ; 4.345.498,30 ; 39.737.204,78 
GO;5209804;HIDROLINA; 2.504.389,06 ; -   ; -   ; -   ; -   ; 2.504.389,06 
GO;5209903;IACIARA; 10.432.581,85 ; -   ; -   ; -   ; -   ; 10.432.581,85 
GO;5209937;INACIOLANDIA; 7.313.487,50 ; -   ; -   ; -   ; -   ; 7.313.487,50 
GO;5209952;INDIARA; 18.445.632,05 ; -   ; -   ; -   ; -   ; 18.445.632,05 
GO;5210000;INHUMAS; 38.714.593,44 ; -   ; -   ; 3.490.409,35 ; 3.490.409,35 ; 42.205.002,79 
GO;5210109;IPAMERI; 24.981.113,70 ; -   ; -   ; 2.200.923,15 ; 2.200.923,15 ; 27.182.036,85 
GO;5210158;IPIRANGA DE GOIAS; 2.452.875,12 ; -   ; -   ; -   ; -   ; 2.452.875,12 
GO;5210208;IPORA; 28.176.043,63 ; -   ; 1.015.157,42 ; 2.708.642,66 ; 3.723.800,08 ; 31.899.843,71 
GO;5210307;ISRAELANDIA; 1.341.121,03 ; -   ; -   ; -   ; -   ; 1.341.121,03 
GO;5210406;ITABERAI; 55.302.527,22 ; -   ; 10.324.500,51 ; -   ; 10.324.500,51 ; 65.627.027,73 
GO;5210562;ITAGUARI; 4.259.143,23 ; -   ; -   ; -   ; -   ; 4.259.143,23 
GO;5210604;ITAGUARU; 2.802.672,43 ; -   ; -   ; 286.258,34 ; 286.258,34 ; 3.088.930,77 
GO;5210802;ITAJA; 3.853.812,26 ; -   ; -   ; -   ; -   ; 3.853.812,26 
GO;5210901;ITAPACI; 21.006.792,48 ; -   ; 1.219.049,95 ; -   ; 1.219.049,95 ; 22.225.842,43 
GO;5211008;ITAPIRAPUA; 5.130.503,19 ; -   ; -   ; -   ; -   ; 5.130.503,19 
GO;5211206;ITAPURANGA; 16.108.092,22 ; -   ; -   ; 1.509.620,12 ; 1.509.620,12 ; 17.617.712,34 
GO;5211305;ITARUMA; 5.476.919,26 ; -   ; -   ; 524.565,23 ; 524.565,23 ; 6.001.484,49 
GO;5211404;ITAUCU; 7.398.718,69 ; -   ; -   ; 588.458,45 ; 588.458,45 ; 7.987.177,14 
GO;5211503;ITUMBIARA; 119.608.695,48 ; -   ; -   ; -   ; -   ; 119.608.695,48 
GO;5211602;IVOLANDIA; 1.531.834,81 ; -   ; -   ; -   ; -   ; 1.531.834,81 
GO;5211701;JANDAIA; 4.852.756,83 ; -   ; -   ; -   ; -   ; 4.852.756,83 
GO;5211800;JARAGUA; 35.743.931,73 ; -   ; -   ; 1.619.945,40 ; 1.619.945,40 ; 37.363.877,13 
GO;5211909;JATAI; 88.066.886,97 ; -   ; -   ; -   ; -   ; 88.066.886,97 
GO;5212006;JAUPACI; 1.993.400,22 ; -   ; -   ; -   ; -   ; 1.993.400,22 
GO;5212055;JESUPOLIS; 1.909.268,52 ; -   ; -   ; 195.089,85 ; 195.089,85 ; 2.104.358,37 
GO;5212105;JOVIANIA; 8.196.797,73 ; -   ; -   ; -   ; -   ; 8.196.797,73 
GO;5212204;JUSSARA; 14.713.556,75 ; -   ; -   ; 1.332.327,99 ; 1.332.327,99 ; 16.045.884,74 
GO;5212253;LAGOA SANTA; 2.034.640,29 ; -   ; -   ; 154.816,30 ; 154.816,30 ; 2.189.456,59 
GO;5212303;LEOPOLDO DE BULHOES; 7.649.809,71 ; -   ; -   ; 651.771,95 ; 651.771,95 ; 8.301.581,66 
GO;5212501;LUZIANIA; 191.209.980,15 ; -   ; 44.021.434,59 ; -   ; 44.021.434,59 ; 235.231.414,74 
GO;5212600;MAIRIPOTABA; 2.022.617,58 ; -   ; -   ; -   ; -   ; 2.022.617,58 
GO;5212709;MAMBAI; 7.798.869,51 ; -   ; 592.508,34 ; 774.684,18 ; 1.367.192,52 ; 9.166.062,03 
GO;5212808;MARA ROSA; 11.406.062,48 ; -   ; -   ; 901.617,01 ; 901.617,01 ; 12.307.679,49 
GO;5212907;MARZAGAO; 2.601.472,21 ; -   ; -   ; 121.144,64 ; 121.144,64 ; 2.722.616,85 
GO;5212956;MATRINCHA; 3.751.200,62 ; -   ; -   ; 343.287,18 ; 343.287,18 ; 4.094.487,80 
GO;5213004;MAURILANDIA; 10.308.786,26 ; -   ; 116.392,19 ; 1.003.366,56 ; 1.119.758,75 ; 11.428.545,01 
GO;5213053;MIMOSO DE GOIAS; 2.070.089,68 ; -   ; -   ; 203.523,12 ; 203.523,12 ; 2.273.612,80 
GO;5213087;MINACU; 29.204.405,97 ; -   ; -   ; 2.415.758,98 ; 2.415.758,98 ; 31.620.164,95 
GO;5213103;MINEIROS; 64.160.449,44 ; -   ; -   ; -   ; -   ; 64.160.449,44 
GO;5213400;MOIPORA; 1.042.066,42 ; -   ; -   ; 47.681,38 ; 47.681,38 ; 1.089.747,80 
GO;5213509;MONTE ALEGRE DE GOIAS; 5.648.778,82 ; -   ; -   ; 488.191,36 ; 488.191,36 ; 6.136.970,18 
GO;5213707;MONTES CLAROS DE GOIAS; 6.332.617,31 ; -   ; -   ; 593.530,08 ; 593.530,08 ; 6.926.147,39 
GO;5213756;MONTIVIDIU; 15.720.887,18 ; -   ; -   ; 1.432.355,92 ; 1.432.355,92 ; 17.153.243,10 
GO;5213772;MONTIVIDIU DO NORTE; 4.048.913,54 ; -   ; -   ; 344.810,47 ; 344.810,47 ; 4.393.724,01 
GO;5213806;MORRINHOS; 41.629.834,77 ; -   ; -   ; -   ; -   ; 41.629.834,77 
GO;5213855;MORRO AGUDO DE GOIAS; 3.444.222,57 ; -   ; -   ; 247.160,64 ; 247.160,64 ; 3.691.383,21 
GO;5213905;MOSSAMEDES; 6.049.905,08 ; -   ; 778.393,11 ; 233.610,41 ; 1.012.003,52 ; 7.061.908,60 
GO;5214002;MOZARLANDIA; 15.314.515,24 ; -   ; -   ; 698.273,65 ; 698.273,65 ; 16.012.788,89 
GO;5214051;MUNDO NOVO; 5.245.627,71 ; -   ; -   ; 469.939,95 ; 469.939,95 ; 5.715.567,66 
GO;5214101;MUTUNOPOLIS; 2.955.831,57 ; -   ; -   ; 138.401,72 ; 138.401,72 ; 3.094.233,29 
GO;5214408;NAZARIO; 8.023.775,55 ; -   ; -   ; 362.985,95 ; 362.985,95 ; 8.386.761,50 
GO;5214507;NEROPOLIS; 29.514.660,93 ; -   ; -   ; 2.751.450,56 ; 2.751.450,56 ; 32.266.111,49 
GO;5214606;NIQUELANDIA; 24.331.168,52 ; -   ; -   ; 2.235.147,12 ; 2.235.147,12 ; 26.566.315,64 
GO;5214705;NOVA AMERICA; 2.357.561,90 ; -   ; -   ; 215.386,82 ; 215.386,82 ; 2.572.948,72 
GO;5214804;NOVA AURORA; 1.468.793,41 ; -   ; -   ; 66.576,60 ; 66.576,60 ; 1.535.370,01 
GO;5214838;NOVA CRIXAS; 12.468.515,39 ; -   ; -   ; 981.548,85 ; 981.548,85 ; 13.450.064,24 
GO;5214861;NOVA GLORIA; 5.274.097,52 ; -   ; -   ; 235.440,36 ; 235.440,36 ; 5.509.537,88 
GO;5214879;NOVA IGUACU DE GOIAS; 2.636.528,33 ; -   ; -   ; -   ; -   ; 2.636.528,33 
GO;5214903;NOVA ROMA; 2.398.093,57 ; -   ; -   ; 113.424,88 ; 113.424,88 ; 2.511.518,45 
GO;5215009;NOVA VENEZA; 7.940.693,17 ; -   ; -   ; 732.566,10 ; 732.566,10 ; 8.673.259,27 
GO;5215207;NOVO BRASIL; 2.288.069,33 ; -   ; -   ; -   ; -   ; 2.288.069,33 
GO;5215231;NOVO GAMA; 79.868.819,01 ; -   ; 9.637.429,20 ; -   ; 9.637.429,20 ; 89.506.248,21 
GO;5215256;NOVO PLANALTO; 3.028.762,74 ; -   ; -   ; 313.571,31 ; 313.571,31 ; 3.342.334,05 
GO;5215306;ORIZONA; 17.636.347,20 ; -   ; 2.941.784,72 ; 1.328.170,75 ; 4.269.955,47 ; 21.906.302,67 
GO;5215405;OURO VERDE DE GOIAS; 3.942.905,90 ; -   ; -   ; 407.588,38 ; 407.588,38 ; 4.350.494,28 
GO;5215504;OUVIDOR; 6.446.783,14 ; -   ; -   ; -   ; -   ; 6.446.783,14 
GO;5215603;PADRE BERNARDO; 37.514.444,99 ; -   ; 2.507.562,77 ; 2.962.573,88 ; 5.470.136,65 ; 42.984.581,64 
GO;5215652;PALESTINA DE GOIAS; 2.092.528,85 ; -   ; -   ; -   ; -   ; 2.092.528,85 
GO;5215702;PALMEIRAS DE GOIAS; 33.086.175,76 ; -   ; 9.511.736,69 ; -   ; 9.511.736,69 ; 42.597.912,45 
GO;5215801;PALMELO; 1.348.372,35 ; -   ; -   ; 60.294,57 ; 60.294,57 ; 1.408.666,92 
GO;5215900;PALMINOPOLIS; 3.439.033,58 ; -   ; -   ; -   ; -   ; 3.439.033,58 
GO;5216007;PANAMA; 2.118.327,82 ; -   ; -   ; -   ; -   ; 2.118.327,82 
GO;5216304;PARANAIGUARA; 7.252.055,55 ; -   ; 1.053.059,69 ; 726.866,17 ; 1.779.925,86 ; 9.031.981,41 
GO;5216403;PARAUNA; 11.299.391,06 ; -   ; -   ; 495.762,52 ; 495.762,52 ; 11.795.153,58 
GO;5216452;PEROLANDIA; 3.292.700,14 ; -   ; -   ; 335.442,78 ; 335.442,78 ; 3.628.142,92 
GO;5216809;PETROLINA DE GOIAS; 4.111.758,35 ; -   ; -   ; 371.923,28 ; 371.923,28 ; 4.483.681,63 
GO;5216908;PILAR DE GOIAS; 2.103.722,55 ; -   ; -   ; 148.763,97 ; 148.763,97 ; 2.252.486,52 
GO;5217104;PIRACANJUBA; 18.413.711,61 ; -   ; -   ; 797.318,40 ; 797.318,40 ; 19.211.030,01 
GO;5217203;PIRANHAS; 7.166.397,20 ; -   ; -   ; -   ; -   ; 7.166.397,20 
GO;5217302;PIRENOPOLIS; 20.521.078,86 ; -   ; -   ; -   ; -   ; 20.521.078,86 
GO;5217401;PIRES DO RIO; 18.031.157,18 ; -   ; -   ; 1.624.790,47 ; 1.624.790,47 ; 19.655.947,65 
GO;5217609;PLANALTINA; 166.008.051,57 ; -   ; 57.284.747,84 ; 12.408.799,09 ; 69.693.546,93 ; 235.701.598,50 
GO;5217708;PONTALINA; 15.193.936,71 ; -   ; -   ; 1.282.689,21 ; 1.282.689,21 ; 16.476.625,92 
GO;5218003;PORANGATU; 38.771.551,03 ; -   ; -   ; 3.267.529,64 ; 3.267.529,64 ; 42.039.080,67 
GO;5218052;PORTEIRAO; 4.274.338,76 ; -   ; -   ; 193.457,85 ; 193.457,85 ; 4.467.796,61 
GO;5218102;PORTELANDIA; 3.460.644,23 ; -   ; -   ; -   ; -   ; 3.460.644,23 
GO;5218300;POSSE; 33.321.812,03 ; -   ; -   ; 3.029.779,69 ; 3.029.779,69 ; 36.351.591,72 
GO;5218391;PROFESSOR JAMIL; 2.453.355,04 ; -   ; -   ; -   ; -   ; 2.453.355,04 
GO;5218508;QUIRINOPOLIS; 46.833.541,35 ; -   ; -   ; 4.163.583,50 ; 4.163.583,50 ; 50.997.124,85 
GO;5218607;RIALMA; 11.490.358,40 ; -   ; 1.162.985,74 ; 862.877,05 ; 2.025.862,79 ; 13.516.221,19 
GO;5218706;RIANAPOLIS; 3.621.347,11 ; -   ; -   ; -   ; -   ; 3.621.347,11 
GO;5218789;RIO QUENTE; 7.751.841,30 ; -   ; -   ; 582.670,39 ; 582.670,39 ; 8.334.511,69 
GO;5218805;RIO VERDE; 223.695.963,34 ; -   ; -   ; 11.700.736,87 ; 11.700.736,87 ; 235.396.700,21 
GO;5218904;RUBIATABA; 17.414.557,50 ; -   ; 224.881,25 ; 1.583.423,56 ; 1.808.304,81 ; 19.222.862,31 
GO;5219001;SANCLERLANDIA; 7.070.117,37 ; -   ; -   ; 282.638,53 ; 282.638,53 ; 7.352.755,90 
GO;5219100;SANTA BARBARA DE GOIAS; 5.536.846,18 ; -   ; -   ; 549.670,64 ; 549.670,64 ; 6.086.516,82 
GO;5219209;SANTA CRUZ DE GOIAS; 1.470.948,39 ; -   ; -   ; 144.966,48 ; 144.966,48 ; 1.615.914,87 
GO;5219258;SANTA FE DE GOIAS; 4.179.898,44 ; -   ; -   ; 415.456,51 ; 415.456,51 ; 4.595.354,95 
GO;5219308;SANTA HELENA DE GOIAS; 28.910.402,12 ; -   ; 1.760.603,09 ; 1.379.264,59 ; 3.139.867,68 ; 32.050.269,80 
GO;5219357;SANTA ISABEL; 2.274.373,23 ; -   ; -   ; 242.928,51 ; 242.928,51 ; 2.517.301,74 
GO;5219407;SANTA RITA DO ARAGUAIA; 4.690.909,49 ; -   ; -   ; 523.763,64 ; 523.763,64 ; 5.214.673,13 
GO;5219456;SANTA RITA DO NOVO DESTINO; 1.698.273,70 ; -   ; -   ; 167.191,14 ; 167.191,14 ; 1.865.464,84 
GO;5219506;SANTA ROSA DE GOIAS; 2.201.485,15 ; -   ; -   ; 108.394,14 ; 108.394,14 ; 2.309.879,29 
GO;5219605;SANTA TEREZA DE GOIAS; 2.829.099,04 ; -   ; -   ; 268.331,67 ; 268.331,67 ; 3.097.430,71 
GO;5219704;SANTA TEREZINHA DE GOIAS; 10.066.085,73 ; -   ; -   ; 907.261,37 ; 907.261,37 ; 10.973.347,10 
GO;5219712;SANTO ANTONIO DA BARRA; 4.055.688,88 ; -   ; -   ; -   ; -   ; 4.055.688,88 
GO;5219738;SANTO ANTONIO DE GOIAS; 6.826.861,10 ; -   ; -   ; 348.848,52 ; 348.848,52 ; 7.175.709,62 
GO;5219753;SANTO ANTONIO DO DESCOBERTO; 74.846.222,95 ; -   ; 7.732.612,54 ; 3.206.383,31 ; 10.938.995,85 ; 85.785.218,80 
GO;5219803;SAO DOMINGOS; 9.197.028,52 ; -   ; -   ; 815.613,10 ; 815.613,10 ; 10.012.641,62 
GO;5219902;SAO FRANCISCO DE GOIAS; 5.302.898,90 ; -   ; -   ; 498.892,34 ; 498.892,34 ; 5.801.791,24 
GO;5220058;SAO JOAO DA PARAUNA; 1.496.800,89 ; -   ; -   ; -   ; -   ; 1.496.800,89 
GO;5220009;SAO JOAO DALIANCA; 14.902.562,80 ; -   ; -   ; 1.290.993,06 ; 1.290.993,06 ; 16.193.555,86 
GO;5220108;SAO LUIS DE MONTES BELOS; 28.901.282,23 ; -   ; -   ; -   ; -   ; 28.901.282,23 
GO;5220157;SAO LUIZ DO NORTE; 4.664.041,81 ; -   ; -   ; -   ; -   ; 4.664.041,81 
GO;5220207;SAO MIGUEL DO ARAGUAIA; 18.284.669,21 ; -   ; -   ; 1.754.199,71 ; 1.754.199,71 ; 20.038.868,92 
GO;5220264;SAO MIGUEL DO PASSA QUATRO; 4.409.948,70 ; -   ; -   ; -   ; -   ; 4.409.948,70 
GO;5220280;SAO PATRICIO; 1.448.918,96 ; -   ; -   ; 142.842,34 ; 142.842,34 ; 1.591.761,30 
GO;5220405;SAO SIMAO; 19.704.472,47 ; -   ; -   ; -   ; -   ; 19.704.472,47 
GO;5220454;SENADOR CANEDO; 200.722.290,59 ; -   ; -   ; -   ; -   ; 200.722.290,59 
GO;5220504;SERRANOPOLIS; 7.404.752,68 ; -   ; -   ; 657.325,36 ; 657.325,36 ; 8.062.078,04 
GO;5220603;SILVANIA; 18.114.321,78 ; -   ; -   ; 1.613.339,21 ; 1.613.339,21 ; 19.727.660,99 
GO;5220686;SIMOLANDIA; 4.941.368,47 ; -   ; -   ; 437.963,77 ; 437.963,77 ; 5.379.332,24 
GO;5220702;SITIO DABADIA; 2.515.237,75 ; -   ; -   ; -   ; -   ; 2.515.237,75 
GO;5221007;TAQUARAL DE GOIAS; 2.790.881,88 ; -   ; -   ; 253.490,17 ; 253.490,17 ; 3.044.372,05 
GO;5221080;TERESINA DE GOIAS; 3.008.356,58 ; -   ; -   ; -   ; -   ; 3.008.356,58 
GO;5221197;TEREZOPOLIS DE GOIAS; 6.107.347,53 ; -   ; -   ; 620.499,16 ; 620.499,16 ; 6.727.846,69 
GO;5221304;TRES RANCHOS; 2.384.522,02 ; -   ; -   ; 107.346,38 ; 107.346,38 ; 2.491.868,40 
GO;5221403;TRINDADE; 118.145.232,91 ; -   ; 6.231.719,97 ; -   ; 6.231.719,97 ; 124.376.952,88 
GO;5221452;TROMBAS; 3.161.465,73 ; -   ; -   ; 268.296,75 ; 268.296,75 ; 3.429.762,48 
GO;5221502;TURVANIA; 4.776.186,14 ; -   ; 594.689,90 ; 366.259,92 ; 960.949,82 ; 5.737.135,96 
GO;5221551;TURVELANDIA; 5.863.234,48 ; -   ; -   ; 557.877,94 ; 557.877,94 ; 6.421.112,42 
GO;5221577;UIRAPURU; 2.665.286,84 ; -   ; -   ; 240.466,12 ; 240.466,12 ; 2.905.752,96 
GO;5221601;URUACU; 33.081.003,30 ; -   ; 1.856.362,94 ; 2.613.378,62 ; 4.469.741,56 ; 37.550.744,86 
GO;5221700;URUANA; 10.401.573,33 ; -   ; -   ; 988.087,53 ; 988.087,53 ; 11.389.660,86 
GO;5221809;URUTAI; 2.353.087,85 ; -   ; -   ; -   ; -   ; 2.353.087,85 
GO;5221858;VALPARAISO DE GOIAS; 204.356.239,69 ; -   ; 31.203.497,39 ; -   ; 31.203.497,39 ; 235.559.737,08 
GO;5221908;VARJAO; 2.803.052,93 ; -   ; -   ; 274.897,60 ; 274.897,60 ; 3.077.950,53 
GO;5222005;VIANOPOLIS; 12.923.932,26 ; -   ; -   ; -   ; -   ; 12.923.932,26 
GO;5222054;VICENTINOPOLIS; 10.552.158,28 ; -   ; -   ; 528.822,27 ; 528.822,27 ; 11.080.980,55 
GO;5222203;VILA BOA; 5.815.726,58 ; -   ; -   ; 489.762,02 ; 489.762,02 ; 6.305.488,60 
GO;5222302;VILA PROPICIO; 6.622.376,09 ; -   ; -   ; 553.547,05 ; 553.547,05 ; 7.175.923,14 
GO;52;GOVERNO DO ESTADO; 4.806.774.392,82 ; -   ; -   ; 360.978.634,85 ; 360.978.634,85 ; 5.167.753.027,67 
MA;2100055;ACAILANDIA; 95.649.921,39 ; 60.710.994,58 ; 51.737.395,62 ; -   ; 112.448.390,20 ; 208.098.311,59 
MA;2100105;AFONSO CUNHA; 14.797.622,55 ; 9.392.358,82 ; 10.485.367,24 ; 1.651.765,15 ; 21.529.491,21 ; 36.327.113,76 
MA;2100154;AGUA DOCE DO MARANHAO; 16.666.824,26 ; 10.578.780,02 ; 8.097.793,93 ; -   ; 18.676.573,95 ; 35.343.398,21 
MA;2100204;ALCANTARA; 19.184.601,49 ; 12.176.865,59 ; 10.821.110,80 ; -   ; 22.997.976,39 ; 42.182.577,88 
MA;2100303;ALDEIAS ALTAS; 36.733.112,03 ; 23.315.270,24 ; 12.850.674,68 ; 4.579.311,49 ; 40.745.256,41 ; 77.478.368,44 
MA;2100402;ALTAMIRA DO MARANHAO; 8.570.392,87 ; 5.439.806,62 ; 153.410,23 ; -   ; 5.593.216,85 ; 14.163.609,72 
MA;2100436;ALTO ALEGRE DO MARANHAO; 25.903.898,83 ; 16.441.743,37 ; 14.406.613,62 ; 2.870.342,17 ; 33.718.699,16 ; 59.622.597,99 
MA;2100477;ALTO ALEGRE DO PINDARE; 41.374.084,73 ; 26.260.992,13 ; 35.344.769,01 ; 4.805.251,72 ; 66.411.012,86 ; 107.785.097,59 
MA;2100501;ALTO PARNAIBA; 11.561.958,96 ; 7.338.615,84 ; 10.082.392,78 ; -   ; 17.421.008,62 ; 28.982.967,58 
MA;2100550;AMAPA DO MARANHAO; 13.215.395,65 ; 8.388.086,49 ; 6.731.969,57 ; 1.615.436,01 ; 16.735.492,07 ; 29.950.887,72 
MA;2100600;AMARANTE DO MARANHAO; 41.525.848,67 ; 26.357.319,87 ; 39.060.331,49 ; 4.965.393,08 ; 70.383.044,44 ; 111.908.893,11 
MA;2100709;ANAJATUBA; 25.232.966,68 ; 16.015.888,78 ; 17.182.633,33 ; 3.130.473,92 ; 36.328.996,03 ; 61.561.962,71 
MA;2100808;ANAPURUS; 20.814.899,73 ; 13.211.649,80 ; 15.593.945,36 ; -   ; 28.805.595,16 ; 49.620.494,89 
MA;2100832;APICUM-ACU; 23.124.998,43 ; 14.677.917,49 ; 20.733.854,17 ; 2.713.529,47 ; 38.125.301,13 ; 61.250.299,56 
MA;2100873;ARAGUANA; 19.731.554,47 ; 12.524.028,02 ; 11.482.262,01 ; -   ; 24.006.290,03 ; 43.737.844,50 
MA;2100907;ARAIOSES; 43.830.304,28 ; 27.820.005,77 ; 33.382.875,19 ; 5.291.414,60 ; 66.494.295,56 ; 110.324.599,84 
MA;2100956;ARAME; 25.095.765,96 ; 15.928.804,64 ; 15.830.942,05 ; 3.105.603,07 ; 34.865.349,76 ; 59.961.115,72 
MA;2101004;ARARI; 28.890.920,53 ; 18.337.668,17 ; 20.804.166,12 ; 3.968.249,64 ; 43.110.083,93 ; 72.001.004,46 
MA;2101103;AXIXA; 15.379.954,70 ; 9.761.977,14 ; 16.211.589,70 ; 1.678.594,53 ; 27.652.161,37 ; 43.032.116,07 
MA;2101202;BACABAL; 100.992.178,79 ; 64.101.836,47 ; 80.979.888,58 ; 11.969.558,87 ; 157.051.283,92 ; 258.043.462,71 
MA;2101251;BACABEIRA; 22.025.279,36 ; 13.979.902,93 ; 20.638.878,54 ; 2.549.939,42 ; 37.168.720,89 ; 59.194.000,25 
MA;2101301;BACURI; 25.715.623,98 ; 16.322.241,41 ; 14.123.463,39 ; 1.441.597,03 ; 31.887.301,83 ; 57.602.925,81 
MA;2101350;BACURITUBA; 7.347.698,96 ; 4.663.737,36 ; 5.703.465,31 ; 792.287,26 ; 11.159.489,93 ; 18.507.188,89 
MA;2101400;BALSAS; 80.594.293,23 ; 51.154.874,23 ; 31.637.441,78 ; 11.193.760,58 ; 93.986.076,59 ; 174.580.369,82 
MA;2101509;BARAO DE GRAJAU; 17.012.539,37 ; 10.798.212,59 ; 15.548.405,65 ; 956.873,36 ; 27.303.491,60 ; 44.316.030,97 
MA;2101608;BARRA DO CORDA; 86.876.663,02 ; 55.142.425,01 ; 68.929.525,63 ; 5.578.123,71 ; 129.650.074,35 ; 216.526.737,37 
MA;2101707;BARREIRINHAS; 77.778.581,68 ; 49.367.683,55 ; 61.007.083,16 ; 9.532.584,25 ; 119.907.350,96 ; 197.685.932,64 
MA;2101772;BELA VISTA DO MARANHAO; 20.569.775,79 ; 13.056.064,53 ; 10.223.565,38 ; 2.390.677,91 ; 25.670.307,82 ; 46.240.083,61 
MA;2101731;BELAGUA; 20.211.330,36 ; 12.828.551,76 ; 13.513.739,31 ; 2.188.643,64 ; 28.530.934,71 ; 48.742.265,07 
MA;2101806;BENEDITO LEITE; 6.545.955,76 ; 4.154.854,28 ; 7.435.404,56 ; -   ; 11.590.258,84 ; 18.136.214,60 
MA;2101905;BEQUIMAO; 14.751.076,20 ; 9.362.814,88 ; 6.892.487,70 ; 1.755.147,79 ; 18.010.450,37 ; 32.761.526,57 
MA;2101939;BERNARDO DO MEARIM; 4.927.825,30 ; 3.127.793,22 ; -   ; 247.032,83 ; 3.374.826,05 ; 8.302.651,35 
MA;2101970;BOA VISTA DO GURUPI; 12.920.129,73 ; 8.200.675,07 ; 9.288.105,20 ; 1.556.634,10 ; 19.045.414,37 ; 31.965.544,10 
MA;2102002;BOM JARDIM; 48.622.461,08 ; 30.861.687,37 ; 32.234.593,36 ; 5.390.825,07 ; 68.487.105,80 ; 117.109.566,88 
MA;2102036;BOM JESUS DAS SELVAS; 36.817.891,58 ; 23.369.081,58 ; 26.697.343,93 ; 4.779.272,26 ; 54.845.697,77 ; 91.663.589,35 
MA;2102077;BOM LUGAR; 14.457.182,93 ; 9.176.274,71 ; 11.242.690,12 ; 1.760.718,20 ; 22.179.683,03 ; 36.636.865,96 
MA;2102101;BREJO; 41.486.061,35 ; 26.332.066,03 ; 21.139.713,61 ; 5.018.375,31 ; 52.490.154,95 ; 93.976.216,30 
MA;2102150;BREJO DE AREIA; 12.536.009,80 ; 7.956.866,16 ; 14.530.289,31 ; 1.390.404,23 ; 23.877.559,70 ; 36.413.569,50 
MA;2102200;BURITI; 43.992.503,02 ; 27.922.956,68 ; 33.168.582,38 ; -   ; 61.091.539,06 ; 105.084.042,08 
MA;2102309;BURITI BRAVO; 25.041.721,97 ; 15.894.501,78 ; 20.051.327,03 ; 1.615.892,57 ; 37.561.721,38 ; 62.603.443,35 
MA;2102325;BURITICUPU; 60.516.628,56 ; 38.411.162,87 ; 31.948.425,95 ; 8.288.778,74 ; 78.648.367,56 ; 139.164.996,12 
MA;2102358;BURITIRANA; 14.554.398,40 ; 9.237.979,39 ; 7.725.357,23 ; 1.581.676,50 ; 18.545.013,12 ; 33.099.411,52 
MA;2102374;CACHOEIRA GRANDE; 14.199.692,70 ; 9.012.840,30 ; 9.695.538,74 ; 1.555.593,85 ; 20.263.972,89 ; 34.463.665,59 
MA;2102408;CAJAPIO; 9.218.575,38 ; 5.851.221,53 ; 3.926.413,69 ; 1.094.177,45 ; 10.871.812,67 ; 20.090.388,05 
MA;2102507;CAJARI; 23.273.617,78 ; 14.772.249,28 ; 18.033.676,69 ; 2.310.355,59 ; 35.116.281,56 ; 58.389.899,34 
MA;2102556;CAMPESTRE DO MARANHAO; 11.099.130,56 ; 7.044.849,02 ; 3.937.232,81 ; -   ; 10.982.081,83 ; 22.081.212,39 
MA;2102606;CANDIDO MENDES; 34.381.022,54 ; 21.822.350,11 ; 27.794.219,41 ; 3.857.346,46 ; 53.473.915,98 ; 87.854.938,52 
MA;2102705;CANTANHEDE; 33.840.414,41 ; 21.479.214,89 ; 35.139.104,43 ; 3.520.688,11 ; 60.139.007,43 ; 93.979.421,84 
MA;2102754;CAPINZAL DO NORTE; 11.601.522,75 ; 7.363.727,79 ; 3.050.537,68 ; 1.459.005,77 ; 11.873.271,24 ; 23.474.793,99 
MA;2102804;CAROLINA; 19.463.266,41 ; 12.353.740,01 ; -   ; 2.553.005,79 ; 14.906.745,80 ; 34.370.012,21 
MA;2102903;CARUTAPERA; 30.846.590,23 ; 19.578.972,41 ; 22.962.736,50 ; 1.946.130,56 ; 44.487.839,47 ; 75.334.429,70 
MA;2103000;CAXIAS; 134.697.136,16 ; 85.495.073,95 ; 66.310.018,05 ; 18.038.323,86 ; 169.843.415,86 ; 304.540.552,02 
MA;2103109;CEDRAL; 12.047.781,09 ; 7.646.977,24 ; 10.129.991,32 ; -   ; 17.776.968,56 ; 29.824.749,65 
MA;2103125;CENTRAL DO MARANHAO; 10.796.083,52 ; 6.852.498,77 ; 6.535.946,91 ; 1.267.937,87 ; 14.656.383,55 ; 25.452.467,07 
MA;2103158;CENTRO DO GUILHERME; 30.833.561,21 ; 19.570.702,63 ; 20.044.086,78 ; 1.544.203,27 ; 41.158.992,68 ; 71.992.553,89 
MA;2103174;CENTRO NOVO DO MARANHAO; 32.095.306,62 ; 20.371.558,67 ; 22.674.203,92 ; 3.794.403,15 ; 46.840.165,74 ; 78.935.472,36 
MA;2103208;CHAPADINHA; 82.761.044,82 ; 52.530.156,54 ; 42.753.739,83 ; 10.038.528,21 ; 105.322.424,58 ; 188.083.469,40 
MA;2103257;CIDELANDIA; 13.676.328,84 ; 8.680.650,38 ; 5.333.424,58 ; 833.512,15 ; 14.847.587,11 ; 28.523.915,95 
MA;2103307;CODO; 116.003.264,98 ; 73.629.685,09 ; 71.231.585,10 ; -   ; 144.861.270,19 ; 260.864.535,17 
MA;2103406;COELHO NETO; 44.041.270,42 ; 27.953.910,37 ; 13.731.290,62 ; -   ; 41.685.200,99 ; 85.726.471,41 
MA;2103505;COLINAS; 41.713.666,43 ; 26.476.531,71 ; 29.415.632,04 ; 4.908.087,48 ; 60.800.251,23 ; 102.513.917,66 
MA;2103554;CONCEICAO DO LAGO-ACU; 27.673.994,48 ; 17.565.259,90 ; 20.280.834,52 ; 2.926.881,72 ; 40.772.976,14 ; 68.446.970,62 
MA;2103604;COROATA; 65.950.984,27 ; 41.860.461,46 ; 46.810.638,92 ; 8.016.686,61 ; 96.687.786,99 ; 162.638.771,26 
MA;2103703;CURURUPU; 32.709.052,60 ; 20.761.116,01 ; 26.200.132,39 ; 3.558.897,08 ; 50.520.145,48 ; 83.229.198,08 
MA;2103752;DAVINOPOLIS; 14.282.636,52 ; 9.065.486,47 ; 10.169.007,45 ; -   ; 19.234.493,92 ; 33.517.130,44 
MA;2103802;DOM PEDRO; 17.320.744,45 ; 10.993.836,77 ; 8.713.089,36 ; 1.267.504,88 ; 20.974.431,01 ; 38.295.175,46 
MA;2103901;DUQUE BACELAR; 17.464.732,12 ; 11.085.228,74 ; 12.400.259,98 ; 2.378.413,06 ; 25.863.901,78 ; 43.328.633,90 
MA;2104008;ESPERANTINOPOLIS; 21.173.627,56 ; 13.439.341,81 ; 17.104.694,43 ; 2.339.422,06 ; 32.883.458,30 ; 54.057.085,86 
MA;2104057;ESTREITO; 28.851.126,28 ; 18.312.409,94 ; 12.894.514,70 ; -   ; 31.206.924,64 ; 60.058.050,92 
MA;2104073;FEIRA NOVA DO MARANHAO; 7.730.052,07 ; 4.906.424,82 ; 4.406.926,63 ; -   ; 9.313.351,45 ; 17.043.403,52 
MA;2104081;FERNANDO FALCAO; 11.219.132,53 ; 7.121.016,77 ; 9.007.296,21 ; 1.338.622,55 ; 17.466.935,53 ; 28.686.068,06 
MA;2104099;FORMOSA DA SERRA NEGRA; 18.620.912,38 ; 11.819.080,39 ; 8.294.694,47 ; -   ; 20.113.774,86 ; 38.734.687,24 
MA;2104107;FORTALEZA DOS NOGUEIRAS; 14.622.311,90 ; 9.281.085,50 ; 9.673.302,76 ; 1.857.148,95 ; 20.811.537,21 ; 35.433.849,11 
MA;2104206;FORTUNA; 19.208.338,41 ; 12.191.931,91 ; 8.819.781,93 ; 2.534.183,80 ; 23.545.897,64 ; 42.754.236,05 
MA;2104305;GODOFREDO VIANA; 15.928.713,57 ; 10.110.285,81 ; 11.582.918,70 ; 1.870.133,38 ; 23.563.337,89 ; 39.492.051,46 
MA;2104404;GONCALVES DIAS; 16.649.703,70 ; 10.567.913,25 ; 15.380.073,31 ; 2.026.903,72 ; 27.974.890,28 ; 44.624.593,98 
MA;2104503;GOVERNADOR ARCHER; 10.525.980,69 ; 6.681.058,87 ; 4.878.049,51 ; 1.300.624,63 ; 12.859.733,01 ; 23.385.713,70 
MA;2104552;GOVERNADOR EDISON LOBAO; 19.904.184,36 ; 12.633.599,81 ; 12.610.318,30 ; 1.260.313,84 ; 26.504.231,95 ; 46.408.416,31 
MA;2104602;GOVERNADOR EUGENIO BARROS; 15.714.216,74 ; 9.974.140,21 ; 10.733.026,93 ; 1.622.432,93 ; 22.329.600,07 ; 38.043.816,81 
MA;2104628;GOVERNADOR LUIZ ROCHA; 7.640.795,95 ; 4.849.772,11 ; 3.759.354,77 ; 1.046.527,14 ; 9.655.654,02 ; 17.296.449,97 
MA;2104651;GOVERNADOR NEWTON BELLO; 16.434.532,87 ; 10.431.339,84 ; 14.983.003,12 ; -   ; 25.414.342,96 ; 41.848.875,83 
MA;2104677;GOVERNADOR NUNES FREIRE; 43.013.638,26 ; 27.301.650,87 ; 46.269.281,60 ; 4.968.379,72 ; 78.539.312,19 ; 121.552.950,45 
MA;2104701;GRACA ARANHA; 5.283.132,36 ; 3.353.314,00 ; 924.425,57 ; -   ; 4.277.739,57 ; 9.560.871,93 
MA;2104800;GRAJAU; 83.092.809,27 ; 52.740.734,33 ; 31.149.997,10 ; 10.956.158,24 ; 94.846.889,67 ; 177.939.698,94 
MA;2104909;GUIMARAES; 9.706.261,03 ; 6.160.765,76 ; 4.150.070,84 ; 1.151.504,53 ; 11.462.341,13 ; 21.168.602,16 
MA;2105005;HUMBERTO DE CAMPOS; 38.754.171,04 ; 24.598.078,43 ; 28.709.406,27 ; 4.233.190,20 ; 57.540.674,90 ; 96.294.845,94 
MA;2105104;ICATU; 25.642.093,08 ; 16.275.569,82 ; 13.573.538,05 ; 3.207.690,85 ; 33.056.798,72 ; 58.698.891,80 
MA;2105153;IGARAPE DO MEIO; 23.968.504,07 ; 15.213.308,06 ; 4.451.743,23 ; 2.891.347,03 ; 22.556.398,32 ; 46.524.902,39 
MA;2105203;IGARAPE GRANDE; 13.169.306,12 ; 8.358.832,51 ; 9.845.677,10 ; 1.430.425,50 ; 19.634.935,11 ; 32.804.241,23 
MA;2105302;IMPERATRIZ; 178.196.163,30 ; 113.104.811,24 ; 47.327.109,99 ; 26.891.470,45 ; 187.323.391,68 ; 365.519.554,98 
MA;2105351;ITAIPAVA DO GRAJAU; 15.791.259,31 ; 10.023.040,73 ; 9.973.086,18 ; 1.926.639,44 ; 21.922.766,35 ; 37.714.025,66 
MA;2105401;ITAPECURU MIRIM; 78.822.216,56 ; 50.030.100,31 ; 71.683.870,59 ; 9.278.884,94 ; 130.992.855,84 ; 209.815.072,40 
MA;2105427;ITINGA DO MARANHAO; 24.445.437,74 ; 15.516.027,78 ; 11.416.551,75 ; 1.368.084,96 ; 28.300.664,49 ; 52.746.102,23 
MA;2105450;JATOBA; 12.141.447,12 ; 7.706.429,02 ; 15.307.842,69 ; 1.383.401,10 ; 24.397.672,81 ; 36.539.119,93 
MA;2105476;JENIPAPO DOS VIEIRAS; 18.368.240,95 ; 11.658.704,58 ; 17.083.565,00 ; 2.143.499,00 ; 30.885.768,58 ; 49.254.009,53 
MA;2105500;JOAO LISBOA; 30.646.574,68 ; 19.452.018,38 ; 22.184.783,38 ; 3.447.443,14 ; 45.084.244,90 ; 75.730.819,58 
MA;2105609;JOSELANDIA; 14.605.836,18 ; 9.270.628,01 ; 9.651.103,43 ; 852.577,18 ; 19.774.308,62 ; 34.380.144,80 
MA;2105658;JUNCO DO MARANHAO; 9.365.054,18 ; 5.944.194,68 ; 8.556.027,09 ; 1.115.478,30 ; 15.615.700,07 ; 24.980.754,25 
MA;2105708;LAGO DA PEDRA; 43.654.531,25 ; 27.708.438,98 ; 30.962.419,45 ; 4.856.009,66 ; 63.526.868,09 ; 107.181.399,34 
MA;2105807;LAGO DO JUNCO; 13.980.677,41 ; 8.873.826,74 ; 7.429.812,15 ; -   ; 16.303.638,89 ; 30.284.316,30 
MA;2105948;LAGO DOS RODRIGUES; 10.776.348,89 ; 6.839.972,79 ; 8.950.601,53 ; 1.232.803,88 ; 17.023.378,20 ; 27.799.727,09 
MA;2105906;LAGO VERDE; 18.790.247,89 ; 11.926.561,16 ; 13.227.326,89 ; 1.865.556,66 ; 27.019.444,71 ; 45.809.692,60 
MA;2105922;LAGOA DO MATO; 10.258.642,89 ; 6.511.374,02 ; 6.935.465,27 ; 1.438.534,63 ; 14.885.373,92 ; 25.144.016,81 
MA;2105963;LAGOA GRANDE DO MARANHAO; 12.708.807,18 ; 8.066.544,26 ; 6.835.761,35 ; 1.546.528,26 ; 16.448.833,87 ; 29.157.641,05 
MA;2105989;LAJEADO NOVO; 10.775.168,23 ; 6.839.223,39 ; 9.557.777,02 ; 1.288.380,89 ; 17.685.381,30 ; 28.460.549,53 
MA;2106003;LIMA CAMPOS; 12.198.736,37 ; 7.742.791,70 ; 3.825.773,67 ; 1.702.047,97 ; 13.270.613,34 ; 25.469.349,71 
MA;2106102;LORETO; 11.850.316,64 ; 7.521.642,46 ; 6.498.854,52 ; 1.404.894,33 ; 15.425.391,31 ; 27.275.707,95 
MA;2106201;LUIS DOMINGUES; 8.049.504,74 ; 5.109.188,09 ; 2.388.106,95 ; 1.069.408,95 ; 8.566.703,99 ; 16.616.208,73 
MA;2106300;MAGALHAES DE ALMEIDA; 19.260.581,43 ; 12.225.091,64 ; -   ; -   ; 12.225.091,64 ; 31.485.673,07 
MA;2106326;MARACACUME; 27.467.707,90 ; 17.434.325,52 ; 18.282.377,54 ; 3.170.800,96 ; 38.887.504,02 ; 66.355.211,92 
MA;2106359;MARAJA DO SENA; 11.610.778,31 ; 7.369.602,49 ; 9.102.615,59 ; 1.216.556,60 ; 17.688.774,68 ; 29.299.552,99 
MA;2106375;MARANHAOZINHO; 25.854.608,59 ; 16.410.457,83 ; 10.522.149,81 ; -   ; 26.932.607,64 ; 52.787.216,23 
MA;2106409;MATA ROMA; 25.717.644,40 ; 16.323.523,82 ; 22.976.800,90 ; 2.742.808,30 ; 42.043.133,02 ; 67.760.777,42 
MA;2106508;MATINHA; 26.753.485,65 ; 16.980.993,81 ; 21.951.440,02 ; 1.466.529,94 ; 40.398.963,77 ; 67.152.449,42 
MA;2106607;MATOES; 40.797.109,15 ; 25.894.773,74 ; 27.967.974,60 ; -   ; 53.862.748,34 ; 94.659.857,49 
MA;2106631;MATOES DO NORTE; 20.411.231,77 ; 12.955.433,35 ; 19.483.734,47 ; 2.157.846,51 ; 34.597.014,33 ; 55.008.246,10 
MA;2106672;MILAGRES DO MARANHAO; 16.159.760,86 ; 10.256.936,34 ; 14.458.270,59 ; 1.750.414,10 ; 26.465.621,03 ; 42.625.381,89 
MA;2106706;MIRADOR; 18.763.157,14 ; 11.909.366,10 ; 10.363.539,61 ; 2.417.674,97 ; 24.690.580,68 ; 43.453.737,82 
MA;2106755;MIRANDA DO NORTE; 22.405.941,37 ; 14.221.517,02 ; 13.662.088,06 ; 2.457.861,75 ; 30.341.466,83 ; 52.747.408,20 
MA;2106805;MIRINZAL; 15.423.337,79 ; 9.789.513,30 ; 8.615.464,29 ; 779.200,12 ; 19.184.177,71 ; 34.607.515,50 
MA;2106904;MONCAO; 40.906.556,35 ; 25.964.242,15 ; 34.885.009,13 ; 4.243.132,22 ; 65.092.383,50 ; 105.998.939,85 
MA;2107001;MONTES ALTOS; 8.098.007,72 ; 5.139.973,93 ; 4.868.120,24 ; 1.092.820,43 ; 11.100.914,60 ; 19.198.922,32 
MA;2107100;MORROS; 24.990.076,39 ; 15.861.721,26 ; 17.258.992,72 ; 2.976.515,22 ; 36.097.229,20 ; 61.087.305,59 
MA;2107209;NINA RODRIGUES; 16.897.399,87 ; 10.725.131,15 ; 8.030.339,27 ; 2.030.007,17 ; 20.785.477,59 ; 37.682.877,46 
MA;2107258;NOVA COLINAS; 5.348.721,23 ; 3.394.944,61 ; 1.768.213,24 ; 364.067,62 ; 5.527.225,47 ; 10.875.946,70 
MA;2107308;NOVA IORQUE; 3.693.435,58 ; 2.344.300,38 ; -   ; 468.619,41 ; 2.812.919,79 ; 6.506.355,37 
MA;2107357;NOVA OLINDA DO MARANHAO; 23.511.111,28 ; 14.922.991,34 ; 15.209.772,48 ; 1.301.186,79 ; 31.433.950,61 ; 54.945.061,89 
MA;2107407;OLHO DAGUA DAS CUNHAS; 22.944.891,02 ; 14.563.599,57 ; 6.334.944,25 ; 2.667.543,23 ; 23.566.087,05 ; 46.510.978,07 
MA;2107456;OLINDA NOVA DO MARANHAO; 14.175.709,77 ; 8.997.617,83 ; 9.610.684,30 ; 1.737.012,84 ; 20.345.314,97 ; 34.521.024,74 
MA;2107506;PACO DO LUMIAR; 142.073.197,35 ; 90.176.813,41 ; 154.739.181,18 ; 16.217.840,57 ; 261.133.835,16 ; 403.207.032,51 
MA;2107605;PALMEIRANDIA; 17.451.617,39 ; 11.076.904,55 ; 10.056.305,77 ; 1.001.033,60 ; 22.134.243,92 ; 39.585.861,31 
MA;2107704;PARAIBANO; 16.054.687,37 ; 10.190.244,00 ; 5.988.131,95 ; 1.102.992,56 ; 17.281.368,51 ; 33.336.055,88 
MA;2107803;PARNARAMA; 45.716.437,94 ; 29.017.174,03 ; 37.351.379,18 ; 5.326.592,82 ; 71.695.146,03 ; 117.411.583,97 
MA;2107902;PASSAGEM FRANCA; 19.777.675,77 ; 12.553.302,18 ; 17.123.611,32 ; -   ; 29.676.913,50 ; 49.454.589,27 
MA;2108009;PASTOS BONS; 26.405.480,41 ; 16.760.107,64 ; 7.156.998,97 ; 3.534.577,57 ; 27.451.684,18 ; 53.857.164,59 
MA;2108058;PAULINO NEVES; 23.299.847,57 ; 14.788.897,88 ; 14.092.432,57 ; 3.078.123,08 ; 31.959.453,53 ; 55.259.301,10 
MA;2108108;PAULO RAMOS; 29.025.186,20 ; 18.422.889,39 ; 16.167.846,43 ; 3.105.140,07 ; 37.695.875,89 ; 66.721.062,09 
MA;2108207;PEDREIRAS; 24.548.409,20 ; 15.581.385,92 ; 5.331.446,71 ; 3.528.724,28 ; 24.441.556,91 ; 48.989.966,11 
MA;2108256;PEDRO DO ROSARIO; 39.642.471,52 ; 25.161.901,21 ; 23.267.084,61 ; 4.402.210,21 ; 52.831.196,03 ; 92.473.667,55 
MA;2108306;PENALVA; 40.338.252,14 ; 25.603.527,65 ; 30.177.179,70 ; 4.976.162,85 ; 60.756.870,20 ; 101.095.122,34 
MA;2108405;PERI MIRIM; 12.473.192,78 ; 7.916.994,90 ; 6.798.919,79 ; 636.682,05 ; 15.352.596,74 ; 27.825.789,52 
MA;2108454;PERITORO; 33.042.930,51 ; 20.973.035,28 ; 26.470.665,44 ; 3.799.831,08 ; 51.243.531,80 ; 84.286.462,31 
MA;2108504;PINDARE MIRIM; 45.296.052,37 ; 28.750.346,57 ; 30.880.835,19 ; 5.364.180,77 ; 64.995.362,53 ; 110.291.414,90 
MA;2108603;PINHEIRO; 82.519.707,32 ; 52.376.974,61 ; 71.241.714,35 ; -   ; 123.618.688,96 ; 206.138.396,28 
MA;2108702;PIO XII; 31.631.771,99 ; 20.077.343,60 ; 12.189.050,42 ; 3.771.203,60 ; 36.037.597,62 ; 67.669.369,61 
MA;2108801;PIRAPEMAS; 23.116.553,35 ; 14.672.557,23 ; 19.827.851,71 ; -   ; 34.500.408,94 ; 57.616.962,29 
MA;2108900;POCAO DE PEDRAS; 19.439.544,70 ; 12.338.683,35 ; 9.479.958,79 ; 2.278.077,16 ; 24.096.719,30 ; 43.536.264,00 
MA;2109007;PORTO FRANCO; 32.114.799,43 ; 20.383.931,17 ; 20.936.488,94 ; 4.081.996,36 ; 45.402.416,47 ; 77.517.215,90 
MA;2109056;PORTO RICO DO MARANHAO; 7.514.726,18 ; 4.769.753,02 ; 4.031.578,74 ; 799.349,06 ; 9.600.680,82 ; 17.115.407,00 
MA;2109106;PRESIDENTE DUTRA; 38.968.830,37 ; 24.734.327,16 ; 22.925.596,44 ; 4.908.133,29 ; 52.568.056,89 ; 91.536.887,26 
MA;2109205;PRESIDENTE JUSCELINO; 15.306.638,09 ; 9.715.441,57 ; 11.524.622,82 ; 887.072,61 ; 22.127.137,00 ; 37.433.775,09 
MA;2109239;PRESIDENTE MEDICI; 7.186.967,60 ; 4.561.717,83 ; 2.508.680,36 ; 941.561,73 ; 8.011.959,92 ; 15.198.927,52 
MA;2109270;PRESIDENTE SARNEY; 28.513.697,98 ; 18.098.237,18 ; 13.351.190,92 ; 1.553.491,40 ; 33.002.919,50 ; 61.516.617,48 
MA;2109304;PRESIDENTE VARGAS; 15.863.184,98 ; 10.068.693,45 ; 6.574.598,62 ; 1.946.878,10 ; 18.590.170,17 ; 34.453.355,15 
MA;2109403;PRIMEIRA CRUZ; 15.896.088,75 ; 10.089.578,16 ; -   ; 2.075.004,70 ; 12.164.582,86 ; 28.060.671,61 
MA;2109452;RAPOSA; 33.903.271,75 ; 21.519.111,75 ; 24.399.797,61 ; 3.966.559,81 ; 49.885.469,17 ; 83.788.740,92 
MA;2109502;RIACHAO; 18.370.517,88 ; 11.660.149,80 ; 7.598.493,52 ; 2.606.407,54 ; 21.865.050,86 ; 40.235.568,74 
MA;2109551;RIBAMAR FIQUENE; 7.264.789,02 ; 4.611.112,69 ; 3.653.626,57 ; 1.005.263,70 ; 9.270.002,96 ; 16.534.791,98 
MA;2109601;ROSARIO; 50.049.921,78 ; 31.767.726,37 ; 37.115.537,24 ; -   ; 68.883.263,61 ; 118.933.185,39 
MA;2109700;SAMBAIBA; 6.245.899,61 ; 3.964.402,40 ; 3.233.728,29 ; 681.426,44 ; 7.879.557,13 ; 14.125.456,74 
MA;2109759;SANTA FILOMENA DO MARANHAO; 6.856.432,87 ; 4.351.920,55 ; 3.527.601,42 ; -   ; 7.879.521,97 ; 14.735.954,84 
MA;2109809;SANTA HELENA; 57.609.110,35 ; 36.565.700,58 ; 39.028.414,75 ; 6.559.307,38 ; 82.153.422,71 ; 139.762.533,06 
MA;2109908;SANTA INES; 72.017.074,80 ; 45.710.735,30 ; 29.148.742,38 ; 10.111.359,73 ; 84.970.837,41 ; 156.987.912,21 
MA;2110005;SANTA LUZIA; 75.253.067,30 ; 47.764.687,04 ; 59.533.413,03 ; 9.236.051,80 ; 116.534.151,87 ; 191.787.219,17 
MA;2110039;SANTA LUZIA DO PARUA; 25.462.176,16 ; 16.161.372,80 ; 17.401.609,26 ; 3.069.157,99 ; 36.632.140,05 ; 62.094.316,21 
MA;2110104;SANTA QUITERIA DO MARANHAO; 40.724.104,28 ; 25.848.436,02 ; 10.648.905,38 ; 4.979.612,80 ; 41.476.954,20 ; 82.201.058,48 
MA;2110203;SANTA RITA; 49.284.506,07 ; 31.281.901,10 ; 52.666.732,29 ; -   ; 83.948.633,39 ; 133.233.139,46 
MA;2110237;SANTANA DO MARANHAO; 12.118.157,29 ; 7.691.646,49 ; 3.994.006,35 ; 1.317.105,60 ; 13.002.758,44 ; 25.120.915,73 
MA;2110278;SANTO AMARO DO MARANHAO; 14.022.239,32 ; 8.900.206,95 ; 6.546.893,55 ; 1.811.494,14 ; 17.258.594,64 ; 31.280.833,96 
MA;2110302;SANTO ANTONIO DOS LOPES; 15.602.414,98 ; 9.903.177,31 ; -   ; 2.176.673,58 ; 12.079.850,89 ; 27.682.265,87 
MA;2110401;SAO BENEDITO DO RIO PRETO; 25.307.262,51 ; 16.063.045,89 ; 12.245.327,88 ; 3.336.254,13 ; 31.644.627,90 ; 56.951.890,41 
MA;2110500;SAO BENTO; 42.282.687,50 ; 26.837.701,22 ; 17.549.294,12 ; 4.904.779,57 ; 49.291.774,91 ; 91.574.462,41 
MA;2110609;SAO BERNARDO; 44.389.117,86 ; 28.174.696,38 ; 5.636.683,14 ; 2.508.768,44 ; 36.320.147,96 ; 80.709.265,82 
MA;2110658;SAO DOMINGOS DO AZEITAO; 7.966.519,61 ; 5.056.515,70 ; 4.241.385,68 ; 1.065.884,57 ; 10.363.785,95 ; 18.330.305,56 
MA;2110708;SAO DOMINGOS DO MARANHAO; 32.741.185,85 ; 20.781.511,65 ; 16.162.799,30 ; 4.554.875,27 ; 41.499.186,22 ; 74.240.372,07 
MA;2110807;SAO FELIX DE BALSAS; 4.235.343,54 ; 2.688.260,64 ; 2.634.651,65 ; 221.639,54 ; 5.544.551,83 ; 9.779.895,37 
MA;2110856;SAO FRANCISCO DO BREJAO; 9.223.663,75 ; 5.854.451,23 ; 4.681.876,01 ; -   ; 10.536.327,24 ; 19.759.990,99 
MA;2110906;SAO FRANCISCO DO MARANHAO; 14.349.310,91 ; 9.107.806,10 ; 7.237.850,17 ; 1.624.700,20 ; 17.970.356,47 ; 32.319.667,38 
MA;2111003;SAO JOAO BATISTA; 18.413.875,48 ; 11.687.669,76 ; 10.041.524,25 ; -   ; 21.729.194,01 ; 40.143.069,49 
MA;2111029;SAO JOAO DO CARU; 16.856.266,98 ; 10.699.023,25 ; 10.907.714,86 ; 1.983.314,45 ; 23.590.052,56 ; 40.446.319,54 
MA;2111052;SAO JOAO DO PARAISO; 13.422.816,37 ; 8.519.740,74 ; 10.757.824,90 ; 1.542.652,68 ; 20.820.218,32 ; 34.243.034,69 
MA;2111078;SAO JOAO DO SOTER; 23.752.118,30 ; 15.075.963,51 ; 18.570.849,70 ; 2.832.377,17 ; 36.479.190,38 ; 60.231.308,68 
MA;2111102;SAO JOAO DOS PATOS; 23.971.211,28 ; 15.215.026,38 ; 12.160.828,87 ; 3.104.937,40 ; 30.480.792,65 ; 54.452.003,93 
MA;2111201;SAO JOSE DE RIBAMAR; 229.789.764,06 ; 145.852.342,77 ; 220.792.011,09 ; -   ; 366.644.353,86 ; 596.434.117,92 
MA;2111250;SAO JOSE DOS BASILIOS; 8.139.751,86 ; 5.166.469,81 ; 5.622.460,48 ; 873.062,37 ; 11.661.992,66 ; 19.801.744,52 
MA;2111300;SAO LUIS; 466.012.031,57 ; 295.787.529,26 ; -   ; -   ; 295.787.529,26 ; 761.799.560,83 
MA;2111409;SAO LUIS GONZAGA DO MARANHAO; 27.514.732,52 ; 17.464.173,03 ; 20.538.182,65 ; 1.426.381,00 ; 39.428.736,68 ; 66.943.469,20 
MA;2111508;SAO MATEUS DO MARANHAO; 45.842.920,90 ; 29.097.455,40 ; 35.353.918,02 ; 5.326.899,80 ; 69.778.273,22 ; 115.621.194,12 
MA;2111532;SAO PEDRO DA AGUA BRANCA; 11.334.136,60 ; 7.194.012,25 ; 3.055.361,19 ; 752.592,07 ; 11.001.965,51 ; 22.336.102,11 
MA;2111573;SAO PEDRO DOS CRENTES; 5.827.534,35 ; 3.698.857,26 ; 3.127.214,83 ; 674.252,61 ; 7.500.324,70 ; 13.327.859,05 
MA;2111607;SAO RAIMUNDO DAS MANGABEIRAS; 18.021.275,00 ; 11.438.478,07 ; 10.681.495,07 ; -   ; 22.119.973,14 ; 40.141.248,14 
MA;2111631;SAO RAIMUNDO DO DOCA BEZERRA; 6.759.512,94 ; 4.290.403,46 ; 4.669.913,68 ; -   ; 8.960.317,14 ; 15.719.830,08 
MA;2111672;SAO ROBERTO; 6.826.946,45 ; 4.333.204,91 ; 2.393.350,15 ; 760.019,90 ; 7.486.574,96 ; 14.313.521,41 
MA;2111706;SAO VICENTE FERRER; 19.671.744,76 ; 12.486.065,56 ; 13.944.728,14 ; 2.334.951,15 ; 28.765.744,85 ; 48.437.489,61 
MA;2111722;SATUBINHA; 15.771.868,08 ; 10.010.732,71 ; 4.160.587,76 ; 1.853.442,87 ; 16.024.763,34 ; 31.796.631,42 
MA;2111748;SENADOR ALEXANDRE COSTA; 13.805.707,60 ; 8.762.769,77 ; 9.807.835,87 ; 1.554.921,60 ; 20.125.527,24 ; 33.931.234,84 
MA;2111763;SENADOR LA ROCQUE; 16.542.097,91 ; 10.499.613,61 ; 9.337.169,19 ; 901.579,66 ; 20.738.362,46 ; 37.280.460,37 
MA;2111789;SERRANO DO MARANHAO; 24.896.556,73 ; 15.802.362,39 ; 17.648.491,30 ; 1.173.820,60 ; 34.624.674,29 ; 59.521.231,02 
MA;2111805;SITIO NOVO; 21.513.744,18 ; 13.655.220,90 ; 15.715.962,64 ; -   ; 29.371.183,54 ; 50.884.927,72 
MA;2111904;SUCUPIRA DO NORTE; 12.224.540,51 ; 7.759.170,13 ; 8.613.341,97 ; -   ; 16.372.512,10 ; 28.597.052,61 
MA;2111953;SUCUPIRA DO RIACHAO; 4.721.432,23 ; 2.996.791,24 ; 1.170.890,31 ; -   ; 4.167.681,55 ; 8.889.113,78 
MA;2112001;TASSO FRAGOSO; 9.632.941,81 ; 6.114.228,53 ; 2.894.870,12 ; 1.428.069,61 ; 10.437.168,26 ; 20.070.110,07 
MA;2112100;TIMBIRAS; 26.709.172,15 ; 16.952.867,10 ; 16.406.170,39 ; 3.692.603,06 ; 37.051.640,55 ; 63.760.812,70 
MA;2112209;TIMON; 158.757.563,28 ; 100.766.727,49 ; 127.549.804,96 ; 23.230.576,67 ; 251.547.109,12 ; 410.304.672,40 
MA;2112233;TRIZIDELA DO VALE; 20.902.784,54 ; 13.267.432,11 ; 5.447.833,61 ; 3.164.788,86 ; 21.880.054,58 ; 42.782.839,12 
MA;2112274;TUFILANDIA; 8.260.299,16 ; 5.242.983,68 ; 5.976.995,38 ; 880.375,10 ; 12.100.354,16 ; 20.360.653,32 
MA;2112308;TUNTUM; 40.588.784,22 ; 25.762.545,58 ; 39.271.639,35 ; 4.652.735,07 ; 69.686.920,00 ; 110.275.704,22 
MA;2112407;TURIACU; 52.660.307,13 ; 33.424.592,25 ; 41.554.220,23 ; -   ; 74.978.812,48 ; 127.639.119,61 
MA;2112456;TURILANDIA; 41.731.035,20 ; 26.487.556,02 ; 28.963.383,61 ; 4.776.289,87 ; 60.227.229,50 ; 101.958.264,70 
MA;2112506;TUTOIA; 62.968.864,64 ; 39.967.648,10 ; 44.242.092,89 ; 7.995.137,31 ; 92.204.878,30 ; 155.173.742,94 
MA;2112605;URBANO SANTOS; 45.009.558,04 ; 28.568.502,67 ; 30.455.264,47 ; 5.377.075,23 ; 64.400.842,37 ; 109.410.400,41 
MA;2112704;VARGEM GRANDE; 80.253.671,67 ; 50.938.674,65 ; 67.737.759,70 ; 10.753.754,53 ; 129.430.188,88 ; 209.683.860,55 
MA;2112803;VIANA; 58.222.999,33 ; 36.955.348,69 ; 46.321.387,07 ; 7.253.982,99 ; 90.530.718,75 ; 148.753.718,08 
MA;2112852;VILA NOVA DOS MARTIRIOS; 14.827.099,63 ; 9.411.068,53 ; 6.875.557,52 ; -   ; 16.286.626,05 ; 31.113.725,68 
MA;2112902;VITORIA DO MEARIM; 29.222.141,89 ; 18.547.901,26 ; 15.647.347,04 ; 3.495.101,39 ; 37.690.349,69 ; 66.912.491,58 
MA;2113009;VITORINO FREIRE; 34.194.313,75 ; 21.703.842,16 ; 29.339.387,15 ; 3.967.296,26 ; 55.010.525,57 ; 89.204.839,32 
MA;2114007;ZE DOCA; 73.917.599,95 ; 46.917.038,14 ; 43.982.449,52 ; 4.444.168,74 ; 95.343.656,40 ; 169.261.256,35 
MA;21;GOVERNO DO ESTADO; 2.106.671.863,90 ; 1.337.148.449,74 ; 397.865.419,29 ; 234.108.404,83 ; 1.969.122.273,86 ; 4.075.794.137,76 
MG;3100104;ABADIA DOS DOURADOS; 4.506.513,53 ; -   ; -   ; -   ; -   ; 4.506.513,53 
MG;3100203;ABAETE; 16.837.011,46 ; -   ; 921.500,62 ; -   ; 921.500,62 ; 17.758.512,08 
MG;3100302;ABRE CAMPO; 6.226.383,89 ; -   ; -   ; -   ; -   ; 6.226.383,89 
MG;3100401;ACAIACA; 3.276.059,31 ; -   ; -   ; -   ; -   ; 3.276.059,31 
MG;3100500;ACUCENA; 4.035.409,17 ; -   ; -   ; -   ; -   ; 4.035.409,17 
MG;3100609;AGUA BOA; 6.271.237,99 ; -   ; -   ; -   ; -   ; 6.271.237,99 
MG;3100708;AGUA COMPRIDA; 2.007.767,66 ; -   ; -   ; -   ; -   ; 2.007.767,66 
MG;3100807;AGUANIL; 4.395.230,93 ; -   ; -   ; -   ; -   ; 4.395.230,93 
MG;3100906;AGUAS FORMOSAS; 9.850.579,28 ; -   ; -   ; -   ; -   ; 9.850.579,28 
MG;3101003;AGUAS VERMELHAS; 12.928.632,68 ; -   ; 1.922.010,45 ; -   ; 1.922.010,45 ; 14.850.643,13 
MG;3101102;AIMORES; 18.357.835,79 ; -   ; -   ; 753.115,68 ; 753.115,68 ; 19.110.951,47 
MG;3101201;AIURUOCA; 3.602.577,14 ; -   ; -   ; 149.368,63 ; 149.368,63 ; 3.751.945,77 
MG;3101300;ALAGOA; 2.881.072,54 ; -   ; -   ; -   ; -   ; 2.881.072,54 
MG;3101409;ALBERTINA; 4.987.191,91 ; -   ; -   ; 182.785,93 ; 182.785,93 ; 5.169.977,84 
MG;3101508;ALEM PARAIBA; 25.973.787,18 ; -   ; -   ; -   ; -   ; 25.973.787,18 
MG;3101607;ALFENAS; 58.449.957,44 ; -   ; -   ; -   ; -   ; 58.449.957,44 
MG;3101631;ALFREDO VASCONCELOS; 4.931.443,44 ; -   ; -   ; 214.019,15 ; 214.019,15 ; 5.145.462,59 
MG;3101706;ALMENARA; 36.133.840,94 ; -   ; 880.096,25 ; 2.956.722,25 ; 3.836.818,50 ; 39.970.659,44 
MG;3101805;ALPERCATA; 7.202.269,14 ; -   ; 71.726,36 ; -   ; 71.726,36 ; 7.273.995,50 
MG;3101904;ALPINOPOLIS; 12.092.803,72 ; -   ; -   ; -   ; -   ; 12.092.803,72 
MG;3102001;ALTEROSA; 11.668.367,69 ; -   ; -   ; 520.630,21 ; 520.630,21 ; 12.188.997,90 
MG;3102050;ALTO CAPARAO; 5.956.172,59 ; -   ; -   ; -   ; -   ; 5.956.172,59 
MG;3153509;ALTO JEQUITIBA; 6.425.458,10 ; -   ; 755.583,64 ; -   ; 755.583,64 ; 7.181.041,74 
MG;3102100;ALTO RIO DOCE; 6.769.786,84 ; -   ; 420.447,68 ; 286.391,41 ; 706.839,09 ; 7.476.625,93 
MG;3102209;ALVARENGA; 3.729.588,77 ; -   ; -   ; -   ; -   ; 3.729.588,77 
MG;3102308;ALVINOPOLIS; 9.386.941,48 ; -   ; 621.104,53 ; -   ; 621.104,53 ; 10.008.046,01 
MG;3102407;ALVORADA DE MINAS; 3.424.513,10 ; -   ; -   ; 132.430,58 ; 132.430,58 ; 3.556.943,68 
MG;3102506;AMPARO DO SERRA; 3.559.576,65 ; -   ; -   ; 281.988,79 ; 281.988,79 ; 3.841.565,44 
MG;3102605;ANDRADAS; 30.539.875,73 ; -   ; 453.367,75 ; 1.188.630,58 ; 1.641.998,33 ; 32.181.874,06 
MG;3102803;ANDRELANDIA; 10.754.421,20 ; -   ; -   ; 904.540,50 ; 904.540,50 ; 11.658.961,70 
MG;3102852;ANGELANDIA; 8.407.571,00 ; -   ; 1.273.502,36 ; -   ; 1.273.502,36 ; 9.681.073,36 
MG;3102902;ANTONIO CARLOS; 6.767.897,54 ; -   ; 425.249,84 ; -   ; 425.249,84 ; 7.193.147,38 
MG;3103009;ANTONIO DIAS; 4.204.621,63 ; -   ; -   ; -   ; -   ; 4.204.621,63 
MG;3103108;ANTONIO PRADO DE MINAS; 1.530.505,04 ; -   ; -   ; 118.969,58 ; 118.969,58 ; 1.649.474,62 
MG;3103207;ARACAI; 3.034.728,13 ; -   ; -   ; 249.614,59 ; 249.614,59 ; 3.284.342,72 
MG;3103306;ARACITABA; 1.267.162,05 ; -   ; -   ; 55.570,33 ; 55.570,33 ; 1.322.732,38 
MG;3103405;ARACUAI; 18.606.762,05 ; -   ; -   ; 1.356.678,31 ; 1.356.678,31 ; 19.963.440,36 
MG;3103504;ARAGUARI; 79.745.677,32 ; -   ; -   ; -   ; -   ; 79.745.677,32 
MG;3103603;ARANTINA; 3.589.589,04 ; -   ; -   ; -   ; -   ; 3.589.589,04 
MG;3103702;ARAPONGA; 3.559.123,48 ; -   ; -   ; 306.827,64 ; 306.827,64 ; 3.865.951,12 
MG;3103751;ARAPORA; 14.309.030,46 ; -   ; -   ; -   ; -   ; 14.309.030,46 
MG;3103801;ARAPUA; 2.102.642,94 ; -   ; -   ; 83.716,34 ; 83.716,34 ; 2.186.359,28 
MG;3103900;ARAUJOS; 8.860.899,42 ; -   ; 749.097,80 ; -   ; 749.097,80 ; 9.609.997,22 
MG;3104007;ARAXA; 119.222.216,63 ; -   ; -   ; 9.346.296,89 ; 9.346.296,89 ; 128.568.513,52 
MG;3104106;ARCEBURGO; 8.574.897,85 ; -   ; -   ; -   ; -   ; 8.574.897,85 
MG;3104205;ARCOS; 28.729.497,86 ; -   ; -   ; -   ; -   ; 28.729.497,86 
MG;3104304;AREADO; 9.736.307,97 ; -   ; -   ; -   ; -   ; 9.736.307,97 
MG;3104403;ARGIRITA; 4.423.228,08 ; -   ; -   ; -   ; -   ; 4.423.228,08 
MG;3104452;ARICANDUVA; 4.534.459,64 ; -   ; -   ; -   ; -   ; 4.534.459,64 
MG;3104502;ARINOS; 14.446.667,31 ; -   ; -   ; -   ; -   ; 14.446.667,31 
MG;3104601;ASTOLFO DUTRA; 9.108.824,68 ; -   ; -   ; 793.823,69 ; 793.823,69 ; 9.902.648,37 
MG;3104700;ATALEIA; 8.083.631,70 ; -   ; -   ; -   ; -   ; 8.083.631,70 
MG;3104809;AUGUSTO DE LIMA; 5.431.642,22 ; -   ; -   ; 235.479,41 ; 235.479,41 ; 5.667.121,63 
MG;3104908;BAEPENDI; 13.079.080,85 ; -   ; -   ; 1.140.267,05 ; 1.140.267,05 ; 14.219.347,90 
MG;3105004;BALDIM; 5.062.411,40 ; -   ; -   ; -   ; -   ; 5.062.411,40 
MG;3105103;BAMBUI; 14.219.604,02 ; -   ; -   ; 1.208.515,04 ; 1.208.515,04 ; 15.428.119,06 
MG;3105202;BANDEIRA; 3.443.041,09 ; -   ; -   ; -   ; -   ; 3.443.041,09 
MG;3105301;BANDEIRA DO SUL; 6.716.943,45 ; -   ; 123.680,74 ; 283.577,15 ; 407.257,89 ; 7.124.201,34 
MG;3105400;BARAO DE COCAIS; 29.433.179,37 ; -   ; -   ; -   ; -   ; 29.433.179,37 
MG;3105509;BARAO DE MONTE ALTO; 5.872.360,15 ; -   ; -   ; -   ; -   ; 5.872.360,15 
MG;3105608;BARBACENA; 68.475.935,30 ; -   ; -   ; -   ; -   ; 68.475.935,30 
MG;3105707;BARRA LONGA; 2.297.522,68 ; -   ; -   ; 89.697,63 ; 89.697,63 ; 2.387.220,31 
MG;3105905;BARROSO; 16.567.346,21 ; -   ; 767.901,82 ; 1.423.718,68 ; 2.191.620,50 ; 18.758.966,71 
MG;3106002;BELA VISTA DE MINAS; 6.821.333,07 ; -   ; -   ; 574.288,00 ; 574.288,00 ; 7.395.621,07 
MG;3106101;BELMIRO BRAGA; 2.555.421,46 ; -   ; -   ; -   ; -   ; 2.555.421,46 
MG;3106200;BELO HORIZONTE; 1.813.758.261,99 ; -   ; -   ; -   ; -   ; 1.813.758.261,99 
MG;3106309;BELO ORIENTE; 32.659.753,41 ; -   ; -   ; 1.382.728,73 ; 1.382.728,73 ; 34.042.482,14 
MG;3106408;BELO VALE; 8.124.474,03 ; -   ; -   ; -   ; -   ; 8.124.474,03 
MG;3106507;BERILO; 4.218.901,90 ; -   ; -   ; 151.707,02 ; 151.707,02 ; 4.370.608,92 
MG;3106655;BERIZAL; 3.496.568,63 ; -   ; -   ; 141.812,59 ; 141.812,59 ; 3.638.381,22 
MG;3106606;BERTOPOLIS; 3.143.045,23 ; -   ; -   ; 143.087,60 ; 143.087,60 ; 3.286.132,83 
MG;3106705;BETIM; 496.292.729,74 ; -   ; -   ; -   ; -   ; 496.292.729,74 
MG;3106804;BIAS FORTES; 2.081.133,51 ; -   ; -   ; -   ; -   ; 2.081.133,51 
MG;3106903;BICAS; 13.228.983,80 ; -   ; 10.566,60 ; 515.923,38 ; 526.489,98 ; 13.755.473,78 
MG;3107000;BIQUINHAS; 3.087.596,80 ; -   ; -   ; -   ; -   ; 3.087.596,80 
MG;3107109;BOA ESPERANCA; 36.770.870,04 ; -   ; 7.184.490,17 ; -   ; 7.184.490,17 ; 43.955.360,21 
MG;3107208;BOCAINA DE MINAS; 3.812.940,75 ; -   ; -   ; 333.443,43 ; 333.443,43 ; 4.146.384,18 
MG;3107307;BOCAIUVA; 28.853.613,70 ; -   ; 354.341,09 ; 2.150.517,25 ; 2.504.858,34 ; 31.358.472,04 
MG;3107406;BOM DESPACHO; 38.602.181,26 ; -   ; -   ; -   ; -   ; 38.602.181,26 
MG;3107505;BOM JARDIM DE MINAS; 5.502.266,87 ; -   ; -   ; 475.807,05 ; 475.807,05 ; 5.978.073,92 
MG;3107604;BOM JESUS DA PENHA; 4.770.448,98 ; -   ; -   ; -   ; -   ; 4.770.448,98 
MG;3107703;BOM JESUS DO AMPARO; 6.198.070,51 ; -   ; 1.742.243,69 ; -   ; 1.742.243,69 ; 7.940.314,20 
MG;3107802;BOM JESUS DO GALHO; 7.125.953,25 ; -   ; -   ; -   ; -   ; 7.125.953,25 
MG;3107901;BOM REPOUSO; 13.436.890,79 ; -   ; 3.483.532,76 ; -   ; 3.483.532,76 ; 16.920.423,55 
MG;3108008;BOM SUCESSO; 11.726.207,32 ; -   ; -   ; -   ; -   ; 11.726.207,32 
MG;3108107;BONFIM; 4.569.383,01 ; -   ; -   ; -   ; -   ; 4.569.383,01 
MG;3108206;BONFINOPOLIS DE MINAS; 5.761.383,54 ; -   ; -   ; 245.102,73 ; 245.102,73 ; 6.006.486,27 
MG;3108255;BONITO DE MINAS; 8.701.536,01 ; -   ; 299.076,17 ; -   ; 299.076,17 ; 9.000.612,18 
MG;3108305;BORDA DA MATA; 14.839.796,06 ; -   ; -   ; -   ; -   ; 14.839.796,06 
MG;3108404;BOTELHOS; 11.984.175,90 ; -   ; 9.484,98 ; 505.478,38 ; 514.963,36 ; 12.499.139,26 
MG;3108503;BOTUMIRIM; 3.106.240,22 ; -   ; -   ; 221.962,15 ; 221.962,15 ; 3.328.202,37 
MG;3108701;BRAS PIRES; 3.954.359,27 ; -   ; -   ; 295.521,23 ; 295.521,23 ; 4.249.880,50 
MG;3108552;BRASILANDIA DE MINAS; 17.088.227,00 ; -   ; 2.163.295,53 ; -   ; 2.163.295,53 ; 19.251.522,53 
MG;3108602;BRASILIA DE MINAS; 16.888.765,87 ; -   ; 658.154,33 ; 1.164.664,46 ; 1.822.818,79 ; 18.711.584,66 
MG;3108800;BRAUNAS; 2.519.835,63 ; -   ; -   ; -   ; -   ; 2.519.835,63 
MG;3108909;BRAZOPOLIS; 10.900.410,33 ; -   ; 161.265,09 ; -   ; 161.265,09 ; 11.061.675,42 
MG;3109006;BRUMADINHO; 55.673.629,33 ; -   ; -   ; -   ; -   ; 55.673.629,33 
MG;3109105;BUENO BRANDAO; 6.975.230,62 ; -   ; 406.981,71 ; -   ; 406.981,71 ; 7.382.212,33 
MG;3109204;BUENOPOLIS; 6.907.375,42 ; -   ; -   ; -   ; -   ; 6.907.375,42 
MG;3109253;BUGRE; 3.066.252,15 ; -   ; 18.908,21 ; 259.561,49 ; 278.469,70 ; 3.344.721,85 
MG;3109303;BURITIS; 31.162.108,85 ; -   ; -   ; 2.414.670,54 ; 2.414.670,54 ; 33.576.779,39 
MG;3109402;BURITIZEIRO; 23.434.094,12 ; -   ; 417.204,61 ; -   ; 417.204,61 ; 23.851.298,73 
MG;3109451;CABECEIRA GRANDE; 9.342.990,07 ; -   ; -   ; 752.026,94 ; 752.026,94 ; 10.095.017,01 
MG;3109501;CABO VERDE; 9.222.931,39 ; -   ; -   ; -   ; -   ; 9.222.931,39 
MG;3109600;CACHOEIRA DA PRATA; 4.755.458,37 ; -   ; -   ; -   ; -   ; 4.755.458,37 
MG;3109709;CACHOEIRA DE MINAS; 10.545.859,21 ; -   ; 5.809,45 ; 450.036,99 ; 455.846,44 ; 11.001.705,65 
MG;3102704;CACHOEIRA DE PAJEU; 6.062.961,94 ; -   ; 365.596,45 ; -   ; 365.596,45 ; 6.428.558,39 
MG;3109808;CACHOEIRA DOURADA; 3.615.358,08 ; -   ; -   ; 149.390,35 ; 149.390,35 ; 3.764.748,43 
MG;3109907;CAETANOPOLIS; 10.509.530,93 ; -   ; -   ; -   ; -   ; 10.509.530,93 
MG;3110004;CAETE; 26.604.659,22 ; -   ; -   ; -   ; -   ; 26.604.659,22 
MG;3110103;CAIANA; 4.256.097,01 ; -   ; -   ; -   ; -   ; 4.256.097,01 
MG;3110202;CAJURI; 5.712.813,11 ; -   ; -   ; 224.339,12 ; 224.339,12 ; 5.937.152,23 
MG;3110301;CALDAS; 11.349.951,13 ; -   ; 325.093,15 ; 906.419,24 ; 1.231.512,39 ; 12.581.463,52 
MG;3110400;CAMACHO; 2.142.510,33 ; -   ; -   ; 198.184,26 ; 198.184,26 ; 2.340.694,59 
MG;3110509;CAMANDUCAIA; 30.007.916,76 ; -   ; 1.073.137,25 ; 2.298.951,41 ; 3.372.088,66 ; 33.380.005,42 
MG;3110608;CAMBUI; 24.795.133,12 ; -   ; -   ; -   ; -   ; 24.795.133,12 
MG;3110707;CAMBUQUIRA; 10.370.209,70 ; -   ; 140.657,80 ; 809.090,85 ; 949.748,65 ; 11.319.958,35 
MG;3110806;CAMPANARIO; 2.803.168,62 ; -   ; -   ; -   ; -   ; 2.803.168,62 
MG;3110905;CAMPANHA; 14.046.796,57 ; -   ; 604.627,74 ; -   ; 604.627,74 ; 14.651.424,31 
MG;3111002;CAMPESTRE; 23.702.729,66 ; -   ; 3.279.273,55 ; -   ; 3.279.273,55 ; 26.982.003,21 
MG;3111101;CAMPINA VERDE; 10.973.973,61 ; -   ; -   ; -   ; -   ; 10.973.973,61 
MG;3111150;CAMPO AZUL; 4.355.905,66 ; -   ; 205.675,46 ; 171.401,97 ; 377.077,43 ; 4.732.983,09 
MG;3111200;CAMPO BELO; 37.504.658,79 ; -   ; -   ; -   ; -   ; 37.504.658,79 
MG;3111309;CAMPO DO MEIO; 9.093.775,92 ; -   ; 6.226,71 ; -   ; 6.226,71 ; 9.100.002,63 
MG;3111408;CAMPO FLORIDO; 11.619.682,93 ; -   ; -   ; -   ; -   ; 11.619.682,93 
MG;3111507;CAMPOS ALTOS; 15.393.493,80 ; -   ; -   ; -   ; -   ; 15.393.493,80 
MG;3111606;CAMPOS GERAIS; 24.278.134,36 ; -   ; 1.499.897,22 ; 1.945.278,12 ; 3.445.175,34 ; 27.723.309,70 
MG;3111903;CANA VERDE; 3.707.874,16 ; -   ; -   ; 319.613,19 ; 319.613,19 ; 4.027.487,35 
MG;3111705;CANAA; 2.580.623,29 ; -   ; -   ; 107.221,95 ; 107.221,95 ; 2.687.845,24 
MG;3111804;CANAPOLIS; 8.247.902,90 ; -   ; -   ; -   ; -   ; 8.247.902,90 
MG;3112000;CANDEIAS; 7.957.204,30 ; -   ; -   ; -   ; -   ; 7.957.204,30 
MG;3112059;CANTAGALO; 2.946.569,62 ; -   ; -   ; 256.297,17 ; 256.297,17 ; 3.202.866,79 
MG;3112109;CAPARAO; 5.196.768,79 ; -   ; -   ; -   ; -   ; 5.196.768,79 
MG;3112208;CAPELA NOVA; 2.604.664,50 ; -   ; -   ; 109.697,27 ; 109.697,27 ; 2.714.361,77 
MG;3112307;CAPELINHA; 30.397.237,82 ; -   ; 5.539.898,02 ; 2.597.666,31 ; 8.137.564,33 ; 38.534.802,15 
MG;3112406;CAPETINGA; 5.645.269,81 ; -   ; 90.697,29 ; -   ; 90.697,29 ; 5.735.967,10 
MG;3112505;CAPIM BRANCO; 6.954.642,27 ; -   ; -   ; 664.194,17 ; 664.194,17 ; 7.618.836,44 
MG;3112604;CAPINOPOLIS; 13.295.980,87 ; -   ; -   ; -   ; -   ; 13.295.980,87 
MG;3112653;CAPITAO ANDRADE; 4.888.426,38 ; -   ; 297.996,20 ; -   ; 297.996,20 ; 5.186.422,58 
MG;3112703;CAPITAO ENEAS; 14.280.365,29 ; -   ; 331.556,73 ; 1.103.312,75 ; 1.434.869,48 ; 15.715.234,77 
MG;3112802;CAPITOLIO; 8.635.567,23 ; -   ; -   ; 609.793,60 ; 609.793,60 ; 9.245.360,83 
MG;3112901;CAPUTIRA; 9.260.886,03 ; -   ; 985.111,04 ; 385.413,33 ; 1.370.524,37 ; 10.631.410,40 
MG;3113008;CARAI; 15.017.796,55 ; -   ; -   ; -   ; -   ; 15.017.796,55 
MG;3113107;CARANAIBA; 1.813.183,04 ; -   ; -   ; 175.098,27 ; 175.098,27 ; 1.988.281,31 
MG;3113206;CARANDAI; 22.367.787,52 ; -   ; -   ; -   ; -   ; 22.367.787,52 
MG;3113305;CARANGOLA; 17.730.376,49 ; -   ; -   ; 1.181.255,28 ; 1.181.255,28 ; 18.911.631,77 
MG;3113404;CARATINGA; 70.054.599,14 ; -   ; -   ; -   ; -   ; 70.054.599,14 
MG;3113503;CARBONITA; 7.536.217,84 ; -   ; -   ; -   ; -   ; 7.536.217,84 
MG;3113602;CAREACU; 5.331.092,60 ; -   ; -   ; 464.351,51 ; 464.351,51 ; 5.795.444,11 
MG;3113701;CARLOS CHAGAS; 16.843.189,22 ; -   ; -   ; -   ; -   ; 16.843.189,22 
MG;3113800;CARMESIA; 3.021.415,79 ; -   ; -   ; 259.355,03 ; 259.355,03 ; 3.280.770,82 
MG;3113909;CARMO DA CACHOEIRA; 9.834.211,20 ; -   ; 364.983,58 ; -   ; 364.983,58 ; 10.199.194,78 
MG;3114006;CARMO DA MATA; 7.191.660,89 ; -   ; -   ; 297.066,98 ; 297.066,98 ; 7.488.727,87 
MG;3114105;CARMO DE MINAS; 8.023.213,22 ; -   ; -   ; -   ; -   ; 8.023.213,22 
MG;3114204;CARMO DO CAJURU; 21.742.871,79 ; -   ; 57.294,44 ; -   ; 57.294,44 ; 21.800.166,23 
MG;3114303;CARMO DO PARANAIBA; 20.555.123,40 ; -   ; -   ; -   ; -   ; 20.555.123,40 
MG;3114402;CARMO DO RIO CLARO; 15.474.486,16 ; -   ; 1.639.702,50 ; -   ; 1.639.702,50 ; 17.114.188,66 
MG;3114501;CARMOPOLIS DE MINAS; 16.535.491,41 ; -   ; -   ; 1.414.235,72 ; 1.414.235,72 ; 17.949.727,13 
MG;3114550;CARNEIRINHO; 8.042.610,99 ; -   ; -   ; -   ; -   ; 8.042.610,99 
MG;3114600;CARRANCAS; 3.036.629,11 ; -   ; -   ; -   ; -   ; 3.036.629,11 
MG;3114709;CARVALHOPOLIS; 4.684.980,79 ; -   ; -   ; -   ; -   ; 4.684.980,79 
MG;3114808;CARVALHOS; 2.836.119,61 ; -   ; -   ; -   ; -   ; 2.836.119,61 
MG;3114907;CASA GRANDE; 2.043.923,47 ; -   ; -   ; 192.169,93 ; 192.169,93 ; 2.236.093,40 
MG;3115003;CASCALHO RICO; 4.194.348,70 ; -   ; -   ; -   ; -   ; 4.194.348,70 
MG;3115102;CASSIA; 14.600.786,83 ; -   ; 3.747.906,81 ; -   ; 3.747.906,81 ; 18.348.693,64 
MG;3115300;CATAGUASES; 37.416.496,37 ; -   ; -   ; 2.713.539,86 ; 2.713.539,86 ; 40.130.036,23 
MG;3115359;CATAS ALTAS; 5.682.544,81 ; -   ; -   ; -   ; -   ; 5.682.544,81 
MG;3115409;CATAS ALTAS DA NORUEGA; 1.432.266,26 ; -   ; -   ; -   ; -   ; 1.432.266,26 
MG;3115458;CATUJI; 8.599.445,74 ; -   ; 1.768.836,32 ; 578.691,85 ; 2.347.528,17 ; 10.946.973,91 
MG;3115474;CATUTI; 5.607.266,15 ; -   ; 705.219,08 ; 410.297,33 ; 1.115.516,41 ; 6.722.782,56 
MG;3115508;CAXAMBU; 12.984.080,45 ; -   ; -   ; 1.061.802,62 ; 1.061.802,62 ; 14.045.883,07 
MG;3115607;CEDRO DO ABAETE; 1.219.941,93 ; -   ; -   ; 94.206,18 ; 94.206,18 ; 1.314.148,11 
MG;3115706;CENTRAL DE MINAS; 4.884.791,89 ; -   ; 510.033,75 ; 439.355,81 ; 949.389,56 ; 5.834.181,45 
MG;3115805;CENTRALINA; 9.042.187,13 ; -   ; -   ; 360.518,13 ; 360.518,13 ; 9.402.705,26 
MG;3115904;CHACARA; 5.688.500,01 ; -   ; 485.767,46 ; -   ; 485.767,46 ; 6.174.267,47 
MG;3116001;CHALE; 4.631.460,21 ; -   ; 553.517,66 ; 352.913,83 ; 906.431,49 ; 5.537.891,70 
MG;3116100;CHAPADA DO NORTE; 9.023.216,53 ; -   ; -   ; -   ; -   ; 9.023.216,53 
MG;3116159;CHAPADA GAUCHA; 18.622.433,69 ; -   ; 5.155.437,33 ; 749.975,38 ; 5.905.412,71 ; 24.527.846,40 
MG;3116209;CHIADOR; 4.974.021,16 ; -   ; -   ; -   ; -   ; 4.974.021,16 
MG;3116308;CIPOTANEA; 1.958.627,61 ; -   ; -   ; 79.747,02 ; 79.747,02 ; 2.038.374,63 
MG;3116407;CLARAVAL; 4.155.309,07 ; -   ; -   ; -   ; -   ; 4.155.309,07 
MG;3116506;CLARO DOS POCOES; 5.132.651,98 ; -   ; -   ; 458.046,63 ; 458.046,63 ; 5.590.698,61 
MG;3116605;CLAUDIO; 31.225.457,05 ; -   ; 648.741,49 ; -   ; 648.741,49 ; 31.874.198,54 
MG;3116704;COIMBRA; 5.336.446,66 ; -   ; -   ; 459.440,17 ; 459.440,17 ; 5.795.886,83 
MG;3116803;COLUNA; 5.068.781,71 ; -   ; -   ; -   ; -   ; 5.068.781,71 
MG;3116902;COMENDADOR GOMES; 3.769.638,80 ; -   ; -   ; -   ; -   ; 3.769.638,80 
MG;3117009;COMERCINHO; 5.747.565,15 ; -   ; -   ; -   ; -   ; 5.747.565,15 
MG;3117108;CONCEICAO DA APARECIDA; 8.578.278,23 ; -   ; 199.349,28 ; 775.705,14 ; 975.054,42 ; 9.553.332,65 
MG;3115201;CONCEICAO DA BARRA DE MINAS; 2.121.288,93 ; -   ; -   ; -   ; -   ; 2.121.288,93 
MG;3117306;CONCEICAO DAS ALAGOAS; 29.450.347,83 ; -   ; -   ; -   ; -   ; 29.450.347,83 
MG;3117207;CONCEICAO DAS PEDRAS; 2.249.263,44 ; -   ; -   ; -   ; -   ; 2.249.263,44 
MG;3117405;CONCEICAO DE IPANEMA; 4.967.270,51 ; -   ; 7.938,53 ; -   ; 7.938,53 ; 4.975.209,04 
MG;3117504;CONCEICAO DO MATO DENTRO; 20.690.723,30 ; -   ; -   ; 1.792.380,51 ; 1.792.380,51 ; 22.483.103,81 
MG;3117603;CONCEICAO DO PARA; 2.945.292,26 ; -   ; -   ; -   ; -   ; 2.945.292,26 
MG;3117702;CONCEICAO DO RIO VERDE; 11.050.962,09 ; -   ; -   ; 931.713,46 ; 931.713,46 ; 11.982.675,55 
MG;3117801;CONCEICAO DOS OUROS; 11.011.341,04 ; -   ; 1.202.895,30 ; -   ; 1.202.895,30 ; 12.214.236,34 
MG;3117836;CONEGO MARINHO; 5.137.204,79 ; -   ; 782.870,25 ; 321.941,99 ; 1.104.812,24 ; 6.242.017,03 
MG;3117876;CONFINS; 9.515.882,80 ; -   ; -   ; 398.637,64 ; 398.637,64 ; 9.914.520,44 
MG;3117900;CONGONHAL; 8.669.770,70 ; -   ; -   ; 763.144,06 ; 763.144,06 ; 9.432.914,76 
MG;3118007;CONGONHAS; 64.557.359,94 ; -   ; -   ; -   ; -   ; 64.557.359,94 
MG;3118106;CONGONHAS DO NORTE; 3.135.964,96 ; -   ; -   ; -   ; -   ; 3.135.964,96 
MG;3118205;CONQUISTA; 6.219.791,64 ; -   ; -   ; -   ; -   ; 6.219.791,64 
MG;3118304;CONSELHEIRO LAFAIETE; 101.338.377,73 ; -   ; -   ; -   ; -   ; 101.338.377,73 
MG;3118403;CONSELHEIRO PENA; 16.003.022,96 ; -   ; -   ; -   ; -   ; 16.003.022,96 
MG;3118502;CONSOLACAO; 1.697.933,96 ; -   ; -   ; -   ; -   ; 1.697.933,96 
MG;3118601;CONTAGEM; 485.600.672,20 ; -   ; -   ; -   ; -   ; 485.600.672,20 
MG;3118700;COQUEIRAL; 6.177.905,86 ; -   ; -   ; 267.619,95 ; 267.619,95 ; 6.445.525,81 
MG;3118809;CORACAO DE JESUS; 14.665.806,93 ; -   ; 1.395.977,26 ; -   ; 1.395.977,26 ; 16.061.784,19 
MG;3118908;CORDISBURGO; 3.028.394,05 ; -   ; -   ; 284.221,41 ; 284.221,41 ; 3.312.615,46 
MG;3119005;CORDISLANDIA; 2.511.599,64 ; -   ; -   ; 237.663,80 ; 237.663,80 ; 2.749.263,44 
MG;3119104;CORINTO; 20.769.349,58 ; -   ; -   ; -   ; -   ; 20.769.349,58 
MG;3119203;COROACI; 8.015.745,12 ; -   ; 85.478,02 ; -   ; 85.478,02 ; 8.101.223,14 
MG;3119302;COROMANDEL; 17.549.675,42 ; -   ; 72.929,28 ; -   ; 72.929,28 ; 17.622.604,70 
MG;3119401;CORONEL FABRICIANO; 107.110.207,32 ; -   ; 11.428.362,73 ; 8.018.448,50 ; 19.446.811,23 ; 126.557.018,55 
MG;3119500;CORONEL MURTA; 9.784.171,71 ; -   ; 1.894.995,68 ; 769.392,17 ; 2.664.387,85 ; 12.448.559,56 
MG;3119609;CORONEL PACHECO; 3.644.628,69 ; -   ; -   ; -   ; -   ; 3.644.628,69 
MG;3119708;CORONEL XAVIER CHAVES; 2.197.312,46 ; -   ; -   ; 214.063,59 ; 214.063,59 ; 2.411.376,05 
MG;3119807;CORREGO DANTA; 1.882.528,89 ; -   ; -   ; -   ; -   ; 1.882.528,89 
MG;3119906;CORREGO DO BOM JESUS; 3.108.132,58 ; -   ; -   ; -   ; -   ; 3.108.132,58 
MG;3119955;CORREGO FUNDO; 5.662.387,43 ; -   ; -   ; -   ; -   ; 5.662.387,43 
MG;3120003;CORREGO NOVO; 2.827.331,83 ; -   ; -   ; 123.597,16 ; 123.597,16 ; 2.950.928,99 
MG;3120102;COUTO DE MAGALHAES DE MINAS; 3.977.600,61 ; -   ; -   ; 172.331,98 ; 172.331,98 ; 4.149.932,59 
MG;3120151;CRISOLITA; 5.906.982,21 ; -   ; -   ; 445.951,37 ; 445.951,37 ; 6.352.933,58 
MG;3120201;CRISTAIS; 12.699.820,40 ; -   ; 758.043,00 ; 567.032,14 ; 1.325.075,14 ; 14.024.895,54 
MG;3120300;CRISTALIA; 4.644.081,63 ; -   ; -   ; 395.765,92 ; 395.765,92 ; 5.039.847,55 
MG;3120409;CRISTIANO OTONI; 5.087.967,90 ; -   ; -   ; -   ; -   ; 5.087.967,90 
MG;3120508;CRISTINA; 9.223.685,87 ; -   ; 776.596,71 ; 783.962,07 ; 1.560.558,78 ; 10.784.244,65 
MG;3120607;CRUCILANDIA; 4.165.288,71 ; -   ; -   ; -   ; -   ; 4.165.288,71 
MG;3120706;CRUZEIRO DA FORTALEZA; 8.208.761,95 ; -   ; 440.553,26 ; -   ; 440.553,26 ; 8.649.315,21 
MG;3120805;CRUZILIA; 10.085.612,59 ; -   ; -   ; -   ; -   ; 10.085.612,59 
MG;3120839;CUPARAQUE; 3.625.302,81 ; -   ; -   ; 330.464,72 ; 330.464,72 ; 3.955.767,53 
MG;3120870;CURRAL DE DENTRO; 7.889.683,10 ; -   ; 1.350.511,50 ; 692.693,88 ; 2.043.205,38 ; 9.932.888,48 
MG;3120904;CURVELO; 58.496.345,36 ; -   ; 180.814,40 ; -   ; 180.814,40 ; 58.677.159,76 
MG;3121001;DATAS; 6.687.506,74 ; -   ; 552.520,87 ; 270.190,34 ; 822.711,21 ; 7.510.217,95 
MG;3121100;DELFIM MOREIRA; 7.097.665,96 ; -   ; -   ; -   ; -   ; 7.097.665,96 
MG;3121209;DELFINOPOLIS; 8.590.395,01 ; -   ; 1.827.011,65 ; -   ; 1.827.011,65 ; 10.417.406,66 
MG;3121258;DELTA; 17.693.012,45 ; -   ; 2.169.195,73 ; 683.306,53 ; 2.852.502,26 ; 20.545.514,71 
MG;3121308;DESCOBERTO; 4.045.127,10 ; -   ; -   ; -   ; -   ; 4.045.127,10 
MG;3121407;DESTERRO DE ENTRE RIOS; 5.065.022,28 ; -   ; -   ; -   ; -   ; 5.065.022,28 
MG;3121506;DESTERRO DO MELO; 3.710.919,55 ; -   ; -   ; 163.223,43 ; 163.223,43 ; 3.874.142,98 
MG;3121605;DIAMANTINA; 28.988.751,90 ; -   ; -   ; 2.255.649,81 ; 2.255.649,81 ; 31.244.401,71 
MG;3121704;DIOGO DE VASCONCELOS; 3.871.265,28 ; -   ; -   ; 263.407,18 ; 263.407,18 ; 4.134.672,46 
MG;3121803;DIONISIO; 4.263.550,79 ; -   ; 160.959,98 ; -   ; 160.959,98 ; 4.424.510,77 
MG;3121902;DIVINESIA; 5.095.529,66 ; -   ; -   ; 365.293,81 ; 365.293,81 ; 5.460.823,47 
MG;3122009;DIVINO; 15.333.837,61 ; -   ; 2.924.527,69 ; -   ; 2.924.527,69 ; 18.258.365,30 
MG;3122108;DIVINO DAS LARANJEIRAS; 2.705.136,97 ; -   ; -   ; 211.692,91 ; 211.692,91 ; 2.916.829,88 
MG;3122207;DIVINOLANDIA DE MINAS; 10.430.288,87 ; -   ; 6.209.189,08 ; -   ; 6.209.189,08 ; 16.639.477,95 
MG;3122306;DIVINOPOLIS; 122.025.659,59 ; -   ; -   ; -   ; -   ; 122.025.659,59 
MG;3122355;DIVISA ALEGRE; 8.248.424,69 ; -   ; -   ; -   ; -   ; 8.248.424,69 
MG;3122405;DIVISA NOVA; 6.522.615,97 ; -   ; 957.036,27 ; -   ; 957.036,27 ; 7.479.652,24 
MG;3122454;DIVISOPOLIS; 8.863.654,16 ; -   ; 2.613.389,27 ; 766.389,06 ; 3.379.778,33 ; 12.243.432,49 
MG;3122470;DOM BOSCO; 3.429.778,88 ; -   ; -   ; 232.563,21 ; 232.563,21 ; 3.662.342,09 
MG;3122504;DOM CAVATI; 3.004.406,30 ; -   ; -   ; -   ; -   ; 3.004.406,30 
MG;3122603;DOM JOAQUIM; 2.915.124,46 ; -   ; -   ; 108.253,88 ; 108.253,88 ; 3.023.378,34 
MG;3122702;DOM SILVERIO; 3.603.155,35 ; -   ; -   ; 341.354,52 ; 341.354,52 ; 3.944.509,87 
MG;3122801;DOM VICOSO; 1.919.955,96 ; -   ; -   ; -   ; -   ; 1.919.955,96 
MG;3122900;DONA EUZEBIA; 5.411.162,28 ; -   ; 723.410,45 ; -   ; 723.410,45 ; 6.134.572,73 
MG;3123007;DORES DE CAMPOS; 6.624.190,07 ; -   ; -   ; 301.846,29 ; 301.846,29 ; 6.926.036,36 
MG;3123106;DORES DE GUANHAES; 4.410.198,30 ; -   ; -   ; 186.000,80 ; 186.000,80 ; 4.596.199,10 
MG;3123205;DORES DO INDAIA; 10.127.850,53 ; -   ; -   ; 425.467,60 ; 425.467,60 ; 10.553.318,13 
MG;3123304;DORES DO TURVO; 4.100.730,19 ; -   ; -   ; 328.831,28 ; 328.831,28 ; 4.429.561,47 
MG;3123403;DORESOPOLIS; 1.736.712,18 ; -   ; -   ; -   ; -   ; 1.736.712,18 
MG;3123502;DOURADOQUARA; 332.493,77 ; -   ; -   ; -   ; -   ; 332.493,77 
MG;3123528;DURANDE; 5.434.522,77 ; -   ; -   ; 238.506,58 ; 238.506,58 ; 5.673.029,35 
MG;3123601;ELOI MENDES; 23.127.193,54 ; -   ; 462.317,68 ; -   ; 462.317,68 ; 23.589.511,22 
MG;3123700;ENGENHEIRO CALDAS; 10.163.058,32 ; -   ; -   ; 416.566,63 ; 416.566,63 ; 10.579.624,95 
MG;3123809;ENGENHEIRO NAVARRO; 5.423.815,87 ; -   ; 233.886,02 ; -   ; 233.886,02 ; 5.657.701,89 
MG;3123858;ENTRE FOLHAS; 5.417.081,15 ; -   ; 653.573,34 ; -   ; 653.573,34 ; 6.070.654,49 
MG;3123908;ENTRE RIOS DE MINAS; 8.875.698,66 ; -   ; -   ; -   ; -   ; 8.875.698,66 
MG;3124005;ERVALIA; 15.934.570,91 ; -   ; 613.005,61 ; -   ; 613.005,61 ; 16.547.576,52 
MG;3124104;ESMERALDAS; 73.945.940,01 ; -   ; 10.393.440,98 ; -   ; 10.393.440,98 ; 84.339.380,99 
MG;3124203;ESPERA FELIZ; 18.268.771,29 ; -   ; 1.178.494,22 ; -   ; 1.178.494,22 ; 19.447.265,51 
MG;3124302;ESPINOSA; 21.346.918,14 ; -   ; 1.309.891,38 ; 1.647.781,83 ; 2.957.673,21 ; 24.304.591,35 
MG;3124401;ESPIRITO SANTO DO DOURADO; 7.933.889,65 ; -   ; 1.433.233,18 ; 618.188,29 ; 2.051.421,47 ; 9.985.311,12 
MG;3124500;ESTIVA; 6.639.329,79 ; -   ; -   ; -   ; -   ; 6.639.329,79 
MG;3124609;ESTRELA DALVA; 1.876.258,30 ; -   ; -   ; -   ; -   ; 1.876.258,30 
MG;3124708;ESTRELA DO INDAIA; 1.854.191,07 ; -   ; -   ; 135.176,68 ; 135.176,68 ; 1.989.367,75 
MG;3124807;ESTRELA DO SUL; 4.951.184,90 ; -   ; -   ; -   ; -   ; 4.951.184,90 
MG;3124906;EUGENOPOLIS; 7.036.656,46 ; -   ; -   ; -   ; -   ; 7.036.656,46 
MG;3125002;EWBANK DA CAMARA; 5.658.644,15 ; -   ; -   ; 216.117,64 ; 216.117,64 ; 5.874.761,79 
MG;3125101;EXTREMA; 99.682.351,67 ; -   ; -   ; -   ; -   ; 99.682.351,67 
MG;3125200;FAMA; 2.094.232,20 ; -   ; -   ; 192.628,85 ; 192.628,85 ; 2.286.861,05 
MG;3125309;FARIA LEMOS; 3.388.721,61 ; -   ; -   ; 125.063,85 ; 125.063,85 ; 3.513.785,46 
MG;3125408;FELICIO DOS SANTOS; 5.061.095,64 ; -   ; -   ; -   ; -   ; 5.061.095,64 
MG;3125606;FELISBURGO; 7.157.391,92 ; -   ; 465.668,37 ; 302.053,59 ; 767.721,96 ; 7.925.113,88 
MG;3125705;FELIXLANDIA; 11.242.580,25 ; -   ; -   ; -   ; -   ; 11.242.580,25 
MG;3125804;FERNANDES TOURINHO; 2.062.510,78 ; -   ; -   ; -   ; -   ; 2.062.510,78 
MG;3125903;FERROS; 4.444.312,97 ; -   ; -   ; 170.696,23 ; 170.696,23 ; 4.615.009,20 
MG;3125952;FERVEDOURO; 9.254.944,10 ; -   ; 96.175,04 ; -   ; 96.175,04 ; 9.351.119,14 
MG;3126000;FLORESTAL; 7.169.749,83 ; -   ; -   ; 296.940,46 ; 296.940,46 ; 7.466.690,29 
MG;3126109;FORMIGA; 48.046.706,76 ; -   ; -   ; -   ; -   ; 48.046.706,76 
MG;3126208;FORMOSO; 8.197.160,20 ; -   ; 565.930,28 ; 335.890,56 ; 901.820,84 ; 9.098.981,04 
MG;3126307;FORTALEZA DE MINAS; 2.025.586,17 ; -   ; -   ; -   ; -   ; 2.025.586,17 
MG;3126406;FORTUNA DE MINAS; 4.394.296,90 ; -   ; -   ; -   ; -   ; 4.394.296,90 
MG;3126505;FRANCISCO BADARO; 3.355.640,75 ; -   ; -   ; 127.063,64 ; 127.063,64 ; 3.482.704,39 
MG;3126604;FRANCISCO DUMONT; 4.768.768,49 ; -   ; -   ; -   ; -   ; 4.768.768,49 
MG;3126703;FRANCISCO SA; 14.410.788,43 ; -   ; -   ; 532.171,57 ; 532.171,57 ; 14.942.960,00 
MG;3126752;FRANCISCOPOLIS; 3.556.392,00 ; -   ; -   ; 284.036,59 ; 284.036,59 ; 3.840.428,59 
MG;3126802;FREI GASPAR; 7.511.291,35 ; -   ; 1.890.841,86 ; -   ; 1.890.841,86 ; 9.402.133,21 
MG;3126901;FREI INOCENCIO; 8.229.338,82 ; -   ; 1.540.553,12 ; -   ; 1.540.553,12 ; 9.769.891,94 
MG;3126950;FREI LAGONEGRO; 3.542.734,47 ; -   ; -   ; -   ; -   ; 3.542.734,47 
MG;3127008;FRONTEIRA; 12.641.785,08 ; -   ; -   ; 520.318,22 ; 520.318,22 ; 13.162.103,30 
MG;3127057;FRONTEIRA DOS VALES; 2.889.200,28 ; -   ; -   ; -   ; -   ; 2.889.200,28 
MG;3127073;FRUTA DE LEITE; 3.722.071,63 ; -   ; -   ; -   ; -   ; 3.722.071,63 
MG;3127107;FRUTAL; 54.623.370,32 ; -   ; -   ; -   ; -   ; 54.623.370,32 
MG;3127206;FUNILANDIA; 3.682.351,91 ; -   ; -   ; -   ; -   ; 3.682.351,91 
MG;3127305;GALILEIA; 5.802.261,44 ; -   ; -   ; -   ; -   ; 5.802.261,44 
MG;3127339;GAMELEIRAS; 6.350.854,91 ; -   ; 2.166.214,85 ; 406.577,16 ; 2.572.792,01 ; 8.923.646,92 
MG;3127354;GLAUCILANDIA; 2.303.742,14 ; -   ; -   ; 199.129,95 ; 199.129,95 ; 2.502.872,09 
MG;3127370;GOIABEIRA; 3.903.999,71 ; -   ; -   ; -   ; -   ; 3.903.999,71 
MG;3127388;GOIANA; 2.661.155,59 ; -   ; -   ; 118.738,91 ; 118.738,91 ; 2.779.894,50 
MG;3127404;GONCALVES; 4.009.479,55 ; -   ; -   ; 147.872,03 ; 147.872,03 ; 4.157.351,58 
MG;3127503;GONZAGA; 4.990.105,21 ; -   ; 233.354,14 ; 426.512,58 ; 659.866,72 ; 5.649.971,93 
MG;3127602;GOUVEIA; 9.422.027,85 ; -   ; -   ; -   ; -   ; 9.422.027,85 
MG;3127701;GOVERNADOR VALADARES; 184.114.566,25 ; -   ; -   ; -   ; -   ; 184.114.566,25 
MG;3127800;GRAO MOGOL; 14.540.415,78 ; -   ; -   ; 1.113.198,56 ; 1.113.198,56 ; 15.653.614,34 
MG;3127909;GRUPIARA; 435.524,20 ; -   ; -   ; -   ; -   ; 435.524,20 
MG;3128006;GUANHAES; 20.730.395,08 ; -   ; -   ; 900.499,86 ; 900.499,86 ; 21.630.894,94 
MG;3128105;GUAPE; 12.722.005,06 ; -   ; -   ; 514.348,78 ; 514.348,78 ; 13.236.353,84 
MG;3128204;GUARACIABA; 3.650.211,77 ; -   ; -   ; -   ; -   ; 3.650.211,77 
MG;3128253;GUARACIAMA; 4.041.376,98 ; -   ; -   ; -   ; -   ; 4.041.376,98 
MG;3128303;GUARANESIA; 17.128.236,23 ; -   ; 3.050.729,06 ; -   ; 3.050.729,06 ; 20.178.965,29 
MG;3128402;GUARANI; 6.064.049,03 ; -   ; -   ; -   ; -   ; 6.064.049,03 
MG;3128501;GUARARA; 5.474.805,15 ; -   ; 403.070,79 ; -   ; 403.070,79 ; 5.877.875,94 
MG;3128600;GUARDA-MOR; 6.478.095,95 ; -   ; -   ; -   ; -   ; 6.478.095,95 
MG;3128709;GUAXUPE; 36.400.852,67 ; -   ; -   ; -   ; -   ; 36.400.852,67 
MG;3128808;GUIDOVAL; 5.818.093,80 ; -   ; 146.157,58 ; -   ; 146.157,58 ; 5.964.251,38 
MG;3128907;GUIMARANIA; 7.448.200,39 ; -   ; -   ; 320.181,33 ; 320.181,33 ; 7.768.381,72 
MG;3129004;GUIRICEMA; 4.240.938,38 ; -   ; -   ; -   ; -   ; 4.240.938,38 
MG;3129103;GURINHATA; 3.565.825,50 ; -   ; -   ; -   ; -   ; 3.565.825,50 
MG;3129202;HELIODORA; 4.887.623,50 ; -   ; -   ; -   ; -   ; 4.887.623,50 
MG;3129301;IAPU; 8.150.427,78 ; -   ; 402.084,45 ; 697.682,40 ; 1.099.766,85 ; 9.250.194,63 
MG;3129400;IBERTIOGA; 4.138.152,10 ; -   ; -   ; 176.415,08 ; 176.415,08 ; 4.314.567,18 
MG;3129509;IBIA; 19.671.160,74 ; -   ; -   ; -   ; -   ; 19.671.160,74 
MG;3129608;IBIAI; 5.759.891,15 ; -   ; -   ; 511.503,37 ; 511.503,37 ; 6.271.394,52 
MG;3129657;IBIRACATU; 5.566.588,51 ; -   ; 459.835,29 ; 402.528,01 ; 862.363,30 ; 6.428.951,81 
MG;3129707;IBIRACI; 10.170.945,64 ; -   ; -   ; 401.380,88 ; 401.380,88 ; 10.572.326,52 
MG;3129806;IBIRITE; 136.419.660,71 ; -   ; 8.748.142,35 ; -   ; 8.748.142,35 ; 145.167.803,06 
MG;3129905;IBITIURA DE MINAS; 2.878.964,90 ; -   ; -   ; -   ; -   ; 2.878.964,90 
MG;3130002;IBITURUNA; 2.226.442,82 ; -   ; -   ; -   ; -   ; 2.226.442,82 
MG;3130051;ICARAI DE MINAS; 7.264.302,73 ; -   ; 523.806,41 ; -   ; 523.806,41 ; 7.788.109,14 
MG;3130101;IGARAPE; 42.705.240,30 ; -   ; -   ; -   ; -   ; 42.705.240,30 
MG;3130200;IGARATINGA; 9.398.798,16 ; -   ; 65.938,35 ; -   ; 65.938,35 ; 9.464.736,51 
MG;3130309;IGUATAMA; 4.157.530,75 ; -   ; -   ; 380.254,49 ; 380.254,49 ; 4.537.785,24 
MG;3130408;IJACI; 5.471.006,33 ; -   ; -   ; 250.964,73 ; 250.964,73 ; 5.721.971,06 
MG;3130507;ILICINEA; 11.444.522,34 ; -   ; -   ; 1.025.300,41 ; 1.025.300,41 ; 12.469.822,75 
MG;3130556;IMBE DE MINAS; 5.771.763,58 ; -   ; 351.803,64 ; 489.312,65 ; 841.116,29 ; 6.612.879,87 
MG;3130606;INCONFIDENTES; 5.442.257,46 ; -   ; -   ; 432.574,32 ; 432.574,32 ; 5.874.831,78 
MG;3130655;INDAIABIRA; 6.819.712,80 ; -   ; 710.394,95 ; 547.387,55 ; 1.257.782,50 ; 8.077.495,30 
MG;3130705;INDIANOPOLIS; 9.530.706,32 ; -   ; -   ; -   ; -   ; 9.530.706,32 
MG;3130804;INGAI; 2.286.613,51 ; -   ; -   ; -   ; -   ; 2.286.613,51 
MG;3130903;INHAPIM; 16.718.891,32 ; -   ; 763.996,49 ; 1.412.400,77 ; 2.176.397,26 ; 18.895.288,58 
MG;3131000;INHAUMA; 5.156.669,80 ; -   ; -   ; 451.477,00 ; 451.477,00 ; 5.608.146,80 
MG;3131109;INIMUTABA; 5.406.060,17 ; -   ; -   ; 475.482,41 ; 475.482,41 ; 5.881.542,58 
MG;3131158;IPABA; 15.001.673,39 ; -   ; 3.504.412,60 ; 1.321.202,15 ; 4.825.614,75 ; 19.827.288,14 
MG;3131208;IPANEMA; 24.439.190,48 ; -   ; 8.506.511,62 ; 1.016.056,06 ; 9.522.567,68 ; 33.961.758,16 
MG;3131307;IPATINGA; 200.658.656,02 ; -   ; -   ; -   ; -   ; 200.658.656,02 
MG;3131406;IPIACU; 5.703.478,53 ; -   ; -   ; 456.041,50 ; 456.041,50 ; 6.159.520,03 
MG;3131505;IPUIUNA; 7.414.010,28 ; -   ; 275.068,06 ; -   ; 275.068,06 ; 7.689.078,34 
MG;3131604;IRAI DE MINAS; 6.165.485,46 ; -   ; -   ; -   ; -   ; 6.165.485,46 
MG;3131703;ITABIRA; 81.969.802,87 ; -   ; -   ; -   ; -   ; 81.969.802,87 
MG;3131802;ITABIRINHA; 8.582.907,11 ; -   ; 1.429.122,93 ; 365.593,08 ; 1.794.716,01 ; 10.377.623,12 
MG;3131901;ITABIRITO; 71.132.676,50 ; -   ; -   ; -   ; -   ; 71.132.676,50 
MG;3132008;ITACAMBIRA; 2.466.849,79 ; -   ; -   ; -   ; -   ; 2.466.849,79 
MG;3132107;ITACARAMBI; 24.131.989,70 ; -   ; 3.396.713,75 ; 1.791.099,29 ; 5.187.813,04 ; 29.319.802,74 
MG;3132206;ITAGUARA; 9.679.704,64 ; -   ; -   ; -   ; -   ; 9.679.704,64 
MG;3132305;ITAIPE; 10.556.990,01 ; -   ; -   ; -   ; -   ; 10.556.990,01 
MG;3132404;ITAJUBA; 62.124.850,74 ; -   ; -   ; 2.590.820,59 ; 2.590.820,59 ; 64.715.671,33 
MG;3132503;ITAMARANDIBA; 33.533.221,03 ; -   ; 7.680.141,25 ; -   ; 7.680.141,25 ; 41.213.362,28 
MG;3132602;ITAMARATI DE MINAS; 5.348.392,10 ; -   ; -   ; 412.312,21 ; 412.312,21 ; 5.760.704,31 
MG;3132701;ITAMBACURI; 19.799.100,84 ; -   ; 5.064.929,75 ; 1.217.827,68 ; 6.282.757,43 ; 26.081.858,27 
MG;3132800;ITAMBE DO MATO DENTRO; 1.360.746,64 ; -   ; -   ; 63.148,10 ; 63.148,10 ; 1.423.894,74 
MG;3132909;ITAMOGI; 9.596.880,02 ; -   ; -   ; -   ; -   ; 9.596.880,02 
MG;3133006;ITAMONTE; 9.349.899,56 ; -   ; -   ; -   ; -   ; 9.349.899,56 
MG;3133105;ITANHANDU; 9.010.492,90 ; -   ; -   ; 782.239,49 ; 782.239,49 ; 9.792.732,39 
MG;3133204;ITANHOMI; 8.926.919,95 ; -   ; 296.882,86 ; 776.640,16 ; 1.073.523,02 ; 10.000.442,97 
MG;3133303;ITAOBIM; 17.158.221,75 ; -   ; 3.050.876,18 ; -   ; 3.050.876,18 ; 20.209.097,93 
MG;3133402;ITAPAGIPE; 9.825.346,99 ; -   ; -   ; 886.885,10 ; 886.885,10 ; 10.712.232,09 
MG;3133501;ITAPECERICA; 6.700.671,48 ; -   ; -   ; 292.528,35 ; 292.528,35 ; 6.993.199,83 
MG;3133600;ITAPEVA; 22.027.319,55 ; -   ; 5.611.993,18 ; -   ; 5.611.993,18 ; 27.639.312,73 
MG;3133709;ITATIAIUCU; 20.514.775,13 ; -   ; -   ; -   ; -   ; 20.514.775,13 
MG;3133758;ITAU DE MINAS; 14.827.789,87 ; -   ; -   ; -   ; -   ; 14.827.789,87 
MG;3133808;ITAUNA; 57.953.704,60 ; -   ; -   ; -   ; -   ; 57.953.704,60 
MG;3133907;ITAVERAVA; 2.556.307,39 ; -   ; -   ; 99.954,42 ; 99.954,42 ; 2.656.261,81 
MG;3134004;ITINGA; 10.984.581,29 ; -   ; -   ; -   ; -   ; 10.984.581,29 
MG;3134103;ITUETA; 5.609.967,03 ; -   ; -   ; -   ; -   ; 5.609.967,03 
MG;3134202;ITUIUTABA; 79.590.489,02 ; -   ; -   ; -   ; -   ; 79.590.489,02 
MG;3134301;ITUMIRIM; 2.527.958,54 ; -   ; -   ; 239.202,59 ; 239.202,59 ; 2.767.161,13 
MG;3134400;ITURAMA; 30.867.186,22 ; -   ; -   ; -   ; -   ; 30.867.186,22 
MG;3134509;ITUTINGA; 3.215.244,43 ; -   ; -   ; -   ; -   ; 3.215.244,43 
MG;3134608;JABOTICATUBAS; 14.169.084,40 ; -   ; -   ; -   ; -   ; 14.169.084,40 
MG;3134707;JACINTO; 8.288.745,50 ; -   ; -   ; -   ; -   ; 8.288.745,50 
MG;3134806;JACUI; 6.169.181,01 ; -   ; -   ; 280.682,93 ; 280.682,93 ; 6.449.863,94 
MG;3134905;JACUTINGA; 33.759.605,75 ; -   ; -   ; -   ; -   ; 33.759.605,75 
MG;3135001;JAGUARACU; 3.479.047,17 ; -   ; -   ; 288.573,25 ; 288.573,25 ; 3.767.620,42 
MG;3135050;JAIBA; 27.338.457,46 ; -   ; 698.415,55 ; -   ; 698.415,55 ; 28.036.873,01 
MG;3135076;JAMPRUCA; 3.212.855,39 ; -   ; -   ; -   ; -   ; 3.212.855,39 
MG;3135100;JANAUBA; 53.736.136,86 ; -   ; -   ; -   ; -   ; 53.736.136,86 
MG;3135209;JANUARIA; 44.654.793,00 ; -   ; 7.632.350,95 ; -   ; 7.632.350,95 ; 52.287.143,95 
MG;3135308;JAPARAIBA; 5.492.324,66 ; -   ; -   ; -   ; -   ; 5.492.324,66 
MG;3135357;JAPONVAR; 11.424.402,15 ; -   ; 5.604.338,55 ; 725.381,26 ; 6.329.719,81 ; 17.754.121,96 
MG;3135407;JECEABA; 7.559.922,35 ; -   ; -   ; 323.552,85 ; 323.552,85 ; 7.883.475,20 
MG;3135456;JENIPAPO DE MINAS; 3.260.339,08 ; -   ; -   ; 128.294,64 ; 128.294,64 ; 3.388.633,72 
MG;3135506;JEQUERI; 7.769.204,12 ; -   ; -   ; -   ; -   ; 7.769.204,12 
MG;3135605;JEQUITAI; 5.786.726,61 ; -   ; -   ; -   ; -   ; 5.786.726,61 
MG;3135704;JEQUITIBA; 4.931.951,04 ; -   ; -   ; 209.717,87 ; 209.717,87 ; 5.141.668,91 
MG;3135803;JEQUITINHONHA; 17.164.333,30 ; -   ; 1.859.205,46 ; -   ; 1.859.205,46 ; 19.023.538,76 
MG;3135902;JESUANIA; 3.773.310,09 ; -   ; -   ; 356.831,81 ; 356.831,81 ; 4.130.141,90 
MG;3136009;JOAIMA; 15.914.329,65 ; -   ; 2.959.685,69 ; 1.254.590,07 ; 4.214.275,76 ; 20.128.605,41 
MG;3136108;JOANESIA; 2.023.070,71 ; -   ; -   ; 162.569,56 ; 162.569,56 ; 2.185.640,27 
MG;3136207;JOAO MONLEVADE; 56.800.432,07 ; -   ; -   ; -   ; -   ; 56.800.432,07 
MG;3136306;JOAO PINHEIRO; 24.911.912,35 ; -   ; -   ; -   ; -   ; 24.911.912,35 
MG;3136405;JOAQUIM FELICIO; 5.638.222,77 ; -   ; -   ; 236.668,96 ; 236.668,96 ; 5.874.891,73 
MG;3136504;JORDANIA; 4.892.806,94 ; -   ; -   ; 325.158,73 ; 325.158,73 ; 5.217.965,67 
MG;3136520;JOSE GONCALVES DE MINAS; 2.920.795,20 ; -   ; -   ; 125.981,72 ; 125.981,72 ; 3.046.776,92 
MG;3136553;JOSE RAYDAN; 3.754.879,46 ; -   ; -   ; 157.665,35 ; 157.665,35 ; 3.912.544,81 
MG;3136579;JOSENOPOLIS; 3.089.305,99 ; -   ; -   ; 252.226,65 ; 252.226,65 ; 3.341.532,64 
MG;3136652;JUATUBA; 46.004.349,43 ; -   ; 3.842.151,37 ; -   ; 3.842.151,37 ; 49.846.500,80 
MG;3136702;JUIZ DE FORA; 339.121.146,20 ; -   ; -   ; -   ; -   ; 339.121.146,20 
MG;3136801;JURAMENTO; 3.114.379,66 ; -   ; -   ; -   ; -   ; 3.114.379,66 
MG;3136900;JURUAIA; 10.340.000,80 ; -   ; 15.569,63 ; -   ; 15.569,63 ; 10.355.570,43 
MG;3136959;JUVENILIA; 4.948.997,95 ; -   ; -   ; 370.282,32 ; 370.282,32 ; 5.319.280,27 
MG;3137007;LADAINHA; 12.202.567,85 ; -   ; -   ; -   ; -   ; 12.202.567,85 
MG;3137106;LAGAMAR; 3.648.887,85 ; -   ; -   ; 316.455,02 ; 316.455,02 ; 3.965.342,87 
MG;3137205;LAGOA DA PRATA; 29.491.018,66 ; -   ; 312.299,98 ; 1.243.702,26 ; 1.556.002,24 ; 31.047.020,90 
MG;3137304;LAGOA DOS PATOS; 3.355.394,05 ; -   ; -   ; 275.535,82 ; 275.535,82 ; 3.630.929,87 
MG;3137403;LAGOA DOURADA; 16.307.902,69 ; -   ; 408.668,86 ; -   ; 408.668,86 ; 16.716.571,55 
MG;3137502;LAGOA FORMOSA; 15.481.442,78 ; -   ; -   ; -   ; -   ; 15.481.442,78 
MG;3137536;LAGOA GRANDE; 8.435.924,30 ; -   ; -   ; -   ; -   ; 8.435.924,30 
MG;3137601;LAGOA SANTA; 80.697.576,48 ; -   ; -   ; -   ; -   ; 80.697.576,48 
MG;3137700;LAJINHA; 24.207.320,26 ; -   ; 4.183.832,17 ; 988.731,53 ; 5.172.563,70 ; 29.379.883,96 
MG;3137809;LAMBARI; 12.422.101,18 ; -   ; -   ; -   ; -   ; 12.422.101,18 
MG;3137908;LAMIM; 1.353.664,33 ; -   ; -   ; 51.961,86 ; 51.961,86 ; 1.405.626,19 
MG;3138005;LARANJAL; 6.090.866,75 ; -   ; -   ; -   ; -   ; 6.090.866,75 
MG;3138104;LASSANCE; 5.665.804,21 ; -   ; -   ; -   ; -   ; 5.665.804,21 
MG;3138203;LAVRAS; 87.069.093,85 ; -   ; -   ; 3.453.288,44 ; 3.453.288,44 ; 90.522.382,29 
MG;3138302;LEANDRO FERREIRA; 1.549.055,94 ; -   ; -   ; 54.828,21 ; 54.828,21 ; 1.603.884,15 
MG;3138351;LEME DO PRADO; 4.554.074,64 ; -   ; 36.835,33 ; -   ; 36.835,33 ; 4.590.909,97 
MG;3138401;LEOPOLDINA; 39.228.119,66 ; -   ; -   ; -   ; -   ; 39.228.119,66 
MG;3138500;LIBERDADE; 2.778.757,89 ; -   ; -   ; 270.856,75 ; 270.856,75 ; 3.049.614,64 
MG;3138609;LIMA DUARTE; 12.361.896,80 ; -   ; -   ; -   ; -   ; 12.361.896,80 
MG;3138625;LIMEIRA DO OESTE; 7.609.043,67 ; -   ; -   ; 320.536,87 ; 320.536,87 ; 7.929.580,54 
MG;3138658;LONTRA; 10.793.048,03 ; -   ; 1.635.836,50 ; -   ; 1.635.836,50 ; 12.428.884,53 
MG;3138674;LUISBURGO; 7.150.754,44 ; -   ; 552.138,28 ; -   ; 552.138,28 ; 7.702.892,72 
MG;3138682;LUISLANDIA; 3.893.811,22 ; -   ; -   ; 303.120,70 ; 303.120,70 ; 4.196.931,92 
MG;3138708;LUMINARIAS; 4.293.061,70 ; -   ; -   ; -   ; -   ; 4.293.061,70 
MG;3138807;LUZ; 12.639.314,90 ; -   ; -   ; 993.969,16 ; 993.969,16 ; 13.633.284,06 
MG;3138906;MACHACALIS; 5.390.147,53 ; -   ; -   ; 235.222,36 ; 235.222,36 ; 5.625.369,89 
MG;3139003;MACHADO; 30.051.807,12 ; -   ; 2.074.690,56 ; -   ; 2.074.690,56 ; 32.126.497,68 
MG;3139102;MADRE DE DEUS DE MINAS; 3.910.129,06 ; -   ; -   ; -   ; -   ; 3.910.129,06 
MG;3139201;MALACACHETA; 9.415.619,09 ; -   ; -   ; 736.885,78 ; 736.885,78 ; 10.152.504,87 
MG;3139250;MAMONAS; 4.586.022,05 ; -   ; -   ; -   ; -   ; 4.586.022,05 
MG;3139300;MANGA; 16.784.641,35 ; -   ; 1.123.363,00 ; -   ; 1.123.363,00 ; 17.908.004,35 
MG;3139409;MANHUACU; 62.899.111,90 ; -   ; 3.019.165,72 ; 2.449.881,74 ; 5.469.047,46 ; 68.368.159,36 
MG;3139508;MANHUMIRIM; 18.315.451,12 ; -   ; -   ; -   ; -   ; 18.315.451,12 
MG;3139607;MANTENA; 21.967.912,01 ; -   ; 1.600.852,91 ; -   ; 1.600.852,91 ; 23.568.764,92 
MG;3139805;MAR DE ESPANHA; 6.942.614,52 ; -   ; -   ; -   ; -   ; 6.942.614,52 
MG;3139706;MARAVILHAS; 8.285.241,90 ; -   ; 771.975,29 ; -   ; 771.975,29 ; 9.057.217,19 
MG;3139904;MARIA DA FE; 17.694.499,40 ; -   ; 1.849.612,66 ; -   ; 1.849.612,66 ; 19.544.112,06 
MG;3140001;MARIANA; 65.774.064,18 ; -   ; -   ; -   ; -   ; 65.774.064,18 
MG;3140100;MARILAC; 6.975.785,08 ; -   ; 1.929.516,07 ; 514.834,16 ; 2.444.350,23 ; 9.420.135,31 
MG;3140159;MARIO CAMPOS; 12.152.839,43 ; -   ; -   ; -   ; -   ; 12.152.839,43 
MG;3140209;MARIPA DE MINAS; 4.961.132,60 ; -   ; -   ; 361.168,63 ; 361.168,63 ; 5.322.301,23 
MG;3140308;MARLIERIA; 3.704.617,23 ; -   ; -   ; -   ; -   ; 3.704.617,23 
MG;3140407;MARMELOPOLIS; 2.499.666,66 ; -   ; -   ; -   ; -   ; 2.499.666,66 
MG;3140506;MARTINHO CAMPOS; 12.990.513,17 ; -   ; 134.004,32 ; 987.825,67 ; 1.121.829,99 ; 14.112.343,16 
MG;3140530;MARTINS SOARES; 11.924.736,35 ; -   ; 2.226.348,78 ; -   ; 2.226.348,78 ; 14.151.085,13 
MG;3140555;MATA VERDE; 8.229.736,10 ; -   ; 1.532.782,26 ; 317.071,27 ; 1.849.853,53 ; 10.079.589,63 
MG;3140605;MATERLANDIA; 4.174.708,34 ; -   ; -   ; 327.298,62 ; 327.298,62 ; 4.502.006,96 
MG;3140704;MATEUS LEME; 49.044.806,87 ; -   ; 3.865.928,08 ; -   ; 3.865.928,08 ; 52.910.734,95 
MG;3171501;MATHIAS LOBATO; 5.629.434,15 ; -   ; -   ; -   ; -   ; 5.629.434,15 
MG;3140803;MATIAS BARBOSA; 10.590.480,33 ; -   ; -   ; 846.137,87 ; 846.137,87 ; 11.436.618,20 
MG;3140852;MATIAS CARDOSO; 13.430.985,63 ; -   ; 2.029.515,43 ; -   ; 2.029.515,43 ; 15.460.501,06 
MG;3140902;MATIPO; 12.707.504,49 ; -   ; 454.019,96 ; -   ; 454.019,96 ; 13.161.524,45 
MG;3141009;MATO VERDE; 7.779.591,19 ; -   ; 744.339,67 ; 624.704,87 ; 1.369.044,54 ; 9.148.635,73 
MG;3141108;MATOZINHOS; 25.727.076,08 ; -   ; -   ; -   ; -   ; 25.727.076,08 
MG;3141207;MATUTINA; 3.717.069,39 ; -   ; -   ; -   ; -   ; 3.717.069,39 
MG;3141306;MEDEIROS; 5.444.526,82 ; -   ; -   ; -   ; -   ; 5.444.526,82 
MG;3141405;MEDINA; 14.545.313,30 ; -   ; 1.430.252,05 ; 1.227.986,80 ; 2.658.238,85 ; 17.203.552,15 
MG;3141504;MENDES PIMENTEL; 3.542.207,80 ; -   ; -   ; -   ; -   ; 3.542.207,80 
MG;3141603;MERCES; 6.720.261,77 ; -   ; -   ; 555.032,33 ; 555.032,33 ; 7.275.294,10 
MG;3141702;MESQUITA; 3.880.092,41 ; -   ; -   ; 322.561,10 ; 322.561,10 ; 4.202.653,51 
MG;3141801;MINAS NOVAS; 23.941.966,24 ; -   ; 1.884.002,99 ; 2.003.099,03 ; 3.887.102,02 ; 27.829.068,26 
MG;3141900;MINDURI; 2.814.759,64 ; -   ; -   ; -   ; -   ; 2.814.759,64 
MG;3142007;MIRABELA; 10.986.012,92 ; -   ; 1.175.681,43 ; 878.223,78 ; 2.053.905,21 ; 13.039.918,13 
MG;3142106;MIRADOURO; 8.054.424,94 ; -   ; -   ; -   ; -   ; 8.054.424,94 
MG;3142205;MIRAI; 8.743.082,63 ; -   ; -   ; -   ; -   ; 8.743.082,63 
MG;3142254;MIRAVANIA; 5.361.586,77 ; -   ; 998.803,55 ; 301.034,58 ; 1.299.838,13 ; 6.661.424,90 
MG;3142304;MOEDA; 4.633.993,28 ; -   ; -   ; -   ; -   ; 4.633.993,28 
MG;3142403;MOEMA; 6.521.645,50 ; -   ; -   ; -   ; -   ; 6.521.645,50 
MG;3142502;MONJOLOS; 1.446.773,65 ; -   ; -   ; -   ; -   ; 1.446.773,65 
MG;3142601;MONSENHOR PAULO; 9.726.043,29 ; -   ; 615.734,24 ; 386.010,39 ; 1.001.744,63 ; 10.727.787,92 
MG;3142700;MONTALVANIA; 10.555.092,66 ; -   ; 2.182.879,01 ; -   ; 2.182.879,01 ; 12.737.971,67 
MG;3142809;MONTE ALEGRE DE MINAS; 20.106.303,78 ; -   ; -   ; -   ; -   ; 20.106.303,78 
MG;3142908;MONTE AZUL; 10.576.650,03 ; -   ; 965.567,70 ; -   ; 965.567,70 ; 11.542.217,73 
MG;3143005;MONTE BELO; 10.585.794,65 ; -   ; 133.594,35 ; -   ; 133.594,35 ; 10.719.389,00 
MG;3143104;MONTE CARMELO; 28.019.201,23 ; -   ; -   ; -   ; -   ; 28.019.201,23 
MG;3143153;MONTE FORMOSO; 3.769.617,04 ; -   ; -   ; -   ; -   ; 3.769.617,04 
MG;3143203;MONTE SANTO DE MINAS; 17.278.578,25 ; -   ; -   ; 667.271,14 ; 667.271,14 ; 17.945.849,39 
MG;3143401;MONTE SIAO; 27.193.820,13 ; -   ; -   ; -   ; -   ; 27.193.820,13 
MG;3143302;MONTES CLAROS; 288.048.303,64 ; -   ; -   ; -   ; -   ; 288.048.303,64 
MG;3143450;MONTEZUMA; 5.714.405,26 ; -   ; -   ; 507.487,08 ; 507.487,08 ; 6.221.892,34 
MG;3143500;MORADA NOVA DE MINAS; 12.504.293,53 ; -   ; 628.882,58 ; -   ; 628.882,58 ; 13.133.176,11 
MG;3143609;MORRO DA GARCA; 3.468.854,72 ; -   ; -   ; -   ; -   ; 3.468.854,72 
MG;3143708;MORRO DO PILAR; 1.602.868,45 ; -   ; -   ; 69.282,48 ; 69.282,48 ; 1.672.150,93 
MG;3143807;MUNHOZ; 6.586.550,66 ; -   ; -   ; -   ; -   ; 6.586.550,66 
MG;3143906;MURIAE; 94.555.458,17 ; -   ; 522.408,33 ; -   ; 522.408,33 ; 95.077.866,50 
MG;3144003;MUTUM; 16.111.673,96 ; -   ; 2.831.366,27 ; -   ; 2.831.366,27 ; 18.943.040,23 
MG;3144102;MUZAMBINHO; 14.335.303,63 ; -   ; -   ; -   ; -   ; 14.335.303,63 
MG;3144201;NACIP RAYDAN; 2.045.238,86 ; -   ; -   ; 187.725,19 ; 187.725,19 ; 2.232.964,05 
MG;3144300;NANUQUE; 18.313.830,13 ; -   ; -   ; 1.304.603,31 ; 1.304.603,31 ; 19.618.433,44 
MG;3144359;NAQUE; 7.853.191,01 ; -   ; 1.495.507,03 ; 648.335,38 ; 2.143.842,41 ; 9.997.033,42 
MG;3144375;NATALANDIA; 4.927.014,15 ; -   ; 548.930,00 ; 160.079,83 ; 709.009,83 ; 5.636.023,98 
MG;3144409;NATERCIA; 3.955.849,37 ; -   ; -   ; -   ; -   ; 3.955.849,37 
MG;3144508;NAZARENO; 6.773.120,42 ; -   ; -   ; 647.927,21 ; 647.927,21 ; 7.421.047,63 
MG;3144607;NEPOMUCENO; 18.332.517,28 ; -   ; -   ; 731.672,96 ; 731.672,96 ; 19.064.190,24 
MG;3144656;NINHEIRA; 8.283.728,37 ; -   ; 1.180.751,24 ; 337.327,58 ; 1.518.078,82 ; 9.801.807,19 
MG;3144672;NOVA BELEM; 4.650.572,62 ; -   ; -   ; -   ; -   ; 4.650.572,62 
MG;3144706;NOVA ERA; 12.711.103,07 ; -   ; -   ; -   ; -   ; 12.711.103,07 
MG;3144805;NOVA LIMA; 81.856.325,10 ; -   ; -   ; -   ; -   ; 81.856.325,10 
MG;3144904;NOVA MODICA; 3.562.621,53 ; -   ; 306.338,61 ; 150.085,83 ; 456.424,44 ; 4.019.045,97 
MG;3145000;NOVA PONTE; 19.226.290,33 ; -   ; -   ; -   ; -   ; 19.226.290,33 
MG;3145059;NOVA PORTEIRINHA; 7.372.615,38 ; -   ; 239.108,79 ; -   ; 239.108,79 ; 7.611.724,17 
MG;3145109;NOVA RESENDE; 14.969.400,72 ; -   ; 17.775,30 ; -   ; 17.775,30 ; 14.987.176,02 
MG;3145208;NOVA SERRANA; 156.531.719,74 ; -   ; 38.404.212,94 ; 12.274.345,94 ; 50.678.558,88 ; 207.210.278,62 
MG;3136603;NOVA UNIAO; 4.893.080,35 ; -   ; -   ; -   ; -   ; 4.893.080,35 
MG;3145307;NOVO CRUZEIRO; 21.375.878,26 ; -   ; 2.469.304,87 ; 1.595.929,34 ; 4.065.234,21 ; 25.441.112,47 
MG;3145356;NOVO ORIENTE DE MINAS; 8.449.113,12 ; -   ; 381.079,42 ; 339.672,83 ; 720.752,25 ; 9.169.865,37 
MG;3145372;NOVORIZONTE; 5.845.240,62 ; -   ; 1.045.874,08 ; -   ; 1.045.874,08 ; 6.891.114,70 
MG;3145406;OLARIA; 2.631.335,78 ; -   ; -   ; 194.165,26 ; 194.165,26 ; 2.825.501,04 
MG;3145455;OLHOS-DAGUA; 5.366.264,52 ; -   ; -   ; -   ; -   ; 5.366.264,52 
MG;3145505;OLIMPIO NORONHA; 3.299.593,32 ; -   ; -   ; -   ; -   ; 3.299.593,32 
MG;3145604;OLIVEIRA; 25.805.114,34 ; -   ; -   ; -   ; -   ; 25.805.114,34 
MG;3145703;OLIVEIRA FORTES; 1.777.382,59 ; -   ; -   ; -   ; -   ; 1.777.382,59 
MG;3145802;ONCA DE PITANGUI; 1.525.320,02 ; -   ; -   ; -   ; -   ; 1.525.320,02 
MG;3145851;ORATORIOS; 6.325.321,52 ; -   ; -   ; -   ; -   ; 6.325.321,52 
MG;3145877;ORIZANIA; 11.651.037,81 ; -   ; 1.225.562,45 ; -   ; 1.225.562,45 ; 12.876.600,26 
MG;3145901;OURO BRANCO; 47.265.115,90 ; -   ; -   ; -   ; -   ; 47.265.115,90 
MG;3146008;OURO FINO; 17.588.573,63 ; -   ; -   ; -   ; -   ; 17.588.573,63 
MG;3146107;OURO PRETO; 58.750.655,79 ; -   ; -   ; -   ; -   ; 58.750.655,79 
MG;3146206;OURO VERDE DE MINAS; 7.044.648,21 ; -   ; 1.127.715,99 ; 586.399,96 ; 1.714.115,95 ; 8.758.764,16 
MG;3146255;PADRE CARVALHO; 3.050.092,31 ; -   ; -   ; -   ; -   ; 3.050.092,31 
MG;3146305;PADRE PARAISO; 20.529.683,10 ; -   ; 4.827.700,33 ; 1.357.689,45 ; 6.185.389,78 ; 26.715.072,88 
MG;3146552;PAI PEDRO; 7.095.579,46 ; -   ; 592.196,43 ; 267.163,81 ; 859.360,24 ; 7.954.939,70 
MG;3146404;PAINEIRAS; 2.912.120,77 ; -   ; -   ; -   ; -   ; 2.912.120,77 
MG;3146503;PAINS; 6.084.116,15 ; -   ; -   ; -   ; -   ; 6.084.116,15 
MG;3146602;PAIVA; 1.559.657,31 ; -   ; -   ; 135.238,68 ; 135.238,68 ; 1.694.895,99 
MG;3146701;PALMA; 4.207.062,16 ; -   ; -   ; 347.299,05 ; 347.299,05 ; 4.554.361,21 
MG;3146750;PALMOPOLIS; 4.252.624,42 ; -   ; -   ; -   ; -   ; 4.252.624,42 
MG;3146909;PAPAGAIOS; 10.811.577,19 ; -   ; -   ; 475.747,49 ; 475.747,49 ; 11.287.324,68 
MG;3147105;PARA DE MINAS; 75.635.731,10 ; -   ; -   ; -   ; -   ; 75.635.731,10 
MG;3147006;PARACATU; 81.656.554,43 ; -   ; -   ; 3.275.042,53 ; 3.275.042,53 ; 84.931.596,96 
MG;3147204;PARAGUACU; 17.430.388,52 ; -   ; 415.155,75 ; -   ; 415.155,75 ; 17.845.544,27 
MG;3147303;PARAISOPOLIS; 14.364.760,77 ; -   ; -   ; -   ; -   ; 14.364.760,77 
MG;3147402;PARAOPEBA; 20.667.613,20 ; -   ; -   ; -   ; -   ; 20.667.613,20 
MG;3147600;PASSA QUATRO; 6.840.693,89 ; -   ; -   ; -   ; -   ; 6.840.693,89 
MG;3147709;PASSA TEMPO; 6.801.357,15 ; -   ; -   ; 615.355,67 ; 615.355,67 ; 7.416.712,82 
MG;3147808;PASSA VINTE; 2.728.079,32 ; -   ; -   ; -   ; -   ; 2.728.079,32 
MG;3147501;PASSABEM; 1.891.774,10 ; -   ; -   ; -   ; -   ; 1.891.774,10 
MG;3147907;PASSOS; 84.212.367,74 ; -   ; -   ; -   ; -   ; 84.212.367,74 
MG;3147956;PATIS; 5.128.255,83 ; -   ; -   ; 416.265,26 ; 416.265,26 ; 5.544.521,09 
MG;3148004;PATOS DE MINAS; 75.637.630,10 ; -   ; -   ; -   ; -   ; 75.637.630,10 
MG;3148103;PATROCINIO; 79.650.860,55 ; -   ; -   ; -   ; -   ; 79.650.860,55 
MG;3148202;PATROCINIO DO MURIAE; 4.120.404,32 ; -   ; -   ; 357.590,55 ; 357.590,55 ; 4.477.994,87 
MG;3148301;PAULA CANDIDO; 5.256.776,58 ; -   ; -   ; 224.636,43 ; 224.636,43 ; 5.481.413,01 
MG;3148400;PAULISTAS; 4.378.570,84 ; -   ; -   ; -   ; -   ; 4.378.570,84 
MG;3148509;PAVAO; 4.781.496,87 ; -   ; -   ; -   ; -   ; 4.781.496,87 
MG;3148608;PECANHA; 8.729.367,28 ; -   ; -   ; 335.881,80 ; 335.881,80 ; 9.065.249,08 
MG;3148707;PEDRA AZUL; 21.340.855,68 ; -   ; 5.037.733,02 ; -   ; 5.037.733,02 ; 26.378.588,70 
MG;3148756;PEDRA BONITA; 8.242.347,28 ; -   ; 1.241.419,84 ; 325.817,39 ; 1.567.237,23 ; 9.809.584,51 
MG;3148806;PEDRA DO ANTA; 2.244.890,59 ; -   ; -   ; -   ; -   ; 2.244.890,59 
MG;3148905;PEDRA DO INDAIA; 4.134.927,23 ; -   ; -   ; 164.985,75 ; 164.985,75 ; 4.299.912,98 
MG;3149002;PEDRA DOURADA; 3.692.860,88 ; -   ; -   ; 151.736,42 ; 151.736,42 ; 3.844.597,30 
MG;3149101;PEDRALVA; 5.758.619,79 ; -   ; -   ; -   ; -   ; 5.758.619,79 
MG;3149150;PEDRAS DE MARIA DA CRUZ; 9.663.680,33 ; -   ; 1.174.321,14 ; -   ; 1.174.321,14 ; 10.838.001,47 
MG;3149200;PEDRINOPOLIS; 3.376.953,02 ; -   ; -   ; 298.981,40 ; 298.981,40 ; 3.675.934,42 
MG;3149309;PEDRO LEOPOLDO; 51.697.302,29 ; -   ; -   ; -   ; -   ; 51.697.302,29 
MG;3149408;PEDRO TEIXEIRA; 1.565.678,32 ; -   ; -   ; -   ; -   ; 1.565.678,32 
MG;3149507;PEQUERI; 5.502.481,66 ; -   ; 12.242,57 ; 421.196,41 ; 433.438,98 ; 5.935.920,64 
MG;3149606;PEQUI; 3.767.967,20 ; -   ; -   ; -   ; -   ; 3.767.967,20 
MG;3149705;PERDIGAO; 16.437.707,34 ; -   ; 6.186.567,68 ; 675.309,27 ; 6.861.876,95 ; 23.299.584,29 
MG;3149804;PERDIZES; 20.359.078,12 ; -   ; -   ; -   ; -   ; 20.359.078,12 
MG;3149903;PERDOES; 14.299.226,08 ; -   ; -   ; -   ; -   ; 14.299.226,08 
MG;3149952;PERIQUITO; 12.631.714,21 ; -   ; 1.863.061,58 ; -   ; 1.863.061,58 ; 14.494.775,79 
MG;3150000;PESCADOR; 2.639.183,83 ; -   ; -   ; 120.522,65 ; 120.522,65 ; 2.759.706,48 
MG;3150109;PIAU; 1.959.399,72 ; -   ; -   ; 183.786,40 ; 183.786,40 ; 2.143.186,12 
MG;3150158;PIEDADE DE CARATINGA; 8.746.783,91 ; -   ; 1.445.902,78 ; -   ; 1.445.902,78 ; 10.192.686,69 
MG;3150208;PIEDADE DE PONTE NOVA; 5.128.128,61 ; -   ; 31.124,42 ; 420.717,32 ; 451.841,74 ; 5.579.970,35 
MG;3150307;PIEDADE DO RIO GRANDE; 3.342.463,17 ; -   ; -   ; -   ; -   ; 3.342.463,17 
MG;3150406;PIEDADE DOS GERAIS; 2.977.416,73 ; -   ; -   ; -   ; -   ; 2.977.416,73 
MG;3150505;PIMENTA; 5.994.242,99 ; -   ; -   ; -   ; -   ; 5.994.242,99 
MG;3150539;PINGO DAGUA; 4.448.947,53 ; -   ; -   ; -   ; -   ; 4.448.947,53 
MG;3150570;PINTOPOLIS; 7.560.129,73 ; -   ; 1.337.889,32 ; -   ; 1.337.889,32 ; 8.898.019,05 
MG;3150604;PIRACEMA; 4.809.996,39 ; -   ; -   ; -   ; -   ; 4.809.996,39 
MG;3150703;PIRAJUBA; 6.726.982,05 ; -   ; -   ; -   ; -   ; 6.726.982,05 
MG;3150802;PIRANGA; 8.760.886,37 ; -   ; -   ; 746.613,65 ; 746.613,65 ; 9.507.500,02 
MG;3150901;PIRANGUCU; 4.196.639,03 ; -   ; -   ; -   ; -   ; 4.196.639,03 
MG;3151008;PIRANGUINHO; 7.809.598,83 ; -   ; 840.189,34 ; -   ; 840.189,34 ; 8.649.788,17 
MG;3151107;PIRAPETINGA; 10.522.270,87 ; -   ; -   ; 865.843,90 ; 865.843,90 ; 11.388.114,77 
MG;3151206;PIRAPORA; 41.705.070,16 ; -   ; -   ; -   ; -   ; 41.705.070,16 
MG;3151305;PIRAUBA; 8.456.793,39 ; -   ; -   ; 753.546,15 ; 753.546,15 ; 9.210.339,54 
MG;3151404;PITANGUI; 18.581.868,04 ; -   ; 976.898,73 ; 1.436.938,81 ; 2.413.837,54 ; 20.995.705,58 
MG;3151503;PIUMHI; 26.665.125,73 ; -   ; -   ; -   ; -   ; 26.665.125,73 
MG;3151602;PLANURA; 11.218.355,41 ; -   ; -   ; -   ; -   ; 11.218.355,41 
MG;3151701;POCO FUNDO; 9.607.367,59 ; -   ; -   ; 398.947,63 ; 398.947,63 ; 10.006.315,22 
MG;3151800;POCOS DE CALDAS; 162.710.791,89 ; -   ; -   ; -   ; -   ; 162.710.791,89 
MG;3151909;POCRANE; 3.221.952,46 ; -   ; -   ; 131.348,04 ; 131.348,04 ; 3.353.300,50 
MG;3152006;POMPEU; 25.727.253,86 ; -   ; -   ; -   ; -   ; 25.727.253,86 
MG;3152105;PONTE NOVA; 46.084.046,02 ; -   ; -   ; -   ; -   ; 46.084.046,02 
MG;3152131;PONTO CHIQUE; 4.101.682,64 ; -   ; -   ; -   ; -   ; 4.101.682,64 
MG;3152170;PONTO DOS VOLANTES; 11.894.787,07 ; -   ; -   ; -   ; -   ; 11.894.787,07 
MG;3152204;PORTEIRINHA; 26.126.207,11 ; -   ; 3.383.421,82 ; -   ; 3.383.421,82 ; 29.509.628,93 
MG;3152303;PORTO FIRME; 3.859.286,07 ; -   ; -   ; 145.060,20 ; 145.060,20 ; 4.004.346,27 
MG;3152402;POTE; 11.691.289,84 ; -   ; 1.641.904,00 ; -   ; 1.641.904,00 ; 13.333.193,84 
MG;3152501;POUSO ALEGRE; 132.932.996,04 ; -   ; -   ; -   ; -   ; 132.932.996,04 
MG;3152600;POUSO ALTO; 4.797.370,59 ; -   ; -   ; -   ; -   ; 4.797.370,59 
MG;3152709;PRADOS; 5.851.332,50 ; -   ; -   ; -   ; -   ; 5.851.332,50 
MG;3152808;PRATA; 26.425.818,88 ; -   ; -   ; -   ; -   ; 26.425.818,88 
MG;3152907;PRATAPOLIS; 4.822.204,74 ; -   ; -   ; -   ; -   ; 4.822.204,74 
MG;3153004;PRATINHA; 3.774.525,85 ; -   ; -   ; 313.512,15 ; 313.512,15 ; 4.088.038,00 
MG;3153103;PRESIDENTE BERNARDES; 3.243.007,85 ; -   ; 289.281,45 ; 134.902,77 ; 424.184,22 ; 3.667.192,07 
MG;3153202;PRESIDENTE JUSCELINO; 2.586.378,05 ; -   ; -   ; 206.720,35 ; 206.720,35 ; 2.793.098,40 
MG;3153301;PRESIDENTE KUBITSCHEK; 3.676.341,71 ; -   ; -   ; -   ; -   ; 3.676.341,71 
MG;3153400;PRESIDENTE OLEGARIO; 19.144.203,92 ; -   ; -   ; -   ; -   ; 19.144.203,92 
MG;3153608;PRUDENTE DE MORAIS; 10.870.022,82 ; -   ; 1.917.442,46 ; -   ; 1.917.442,46 ; 12.787.465,28 
MG;3153707;QUARTEL GERAL; 3.668.220,21 ; -   ; -   ; -   ; -   ; 3.668.220,21 
MG;3153806;QUELUZITO; 1.518.450,94 ; -   ; -   ; 60.697,23 ; 60.697,23 ; 1.579.148,17 
MG;3153905;RAPOSOS; 10.825.002,86 ; -   ; -   ; -   ; -   ; 10.825.002,86 
MG;3154002;RAUL SOARES; 14.852.756,10 ; -   ; -   ; -   ; -   ; 14.852.756,10 
MG;3154101;RECREIO; 8.193.788,99 ; -   ; 311.170,32 ; -   ; 311.170,32 ; 8.504.959,31 
MG;3154150;REDUTO; 7.127.663,13 ; -   ; 691.406,06 ; 288.704,81 ; 980.110,87 ; 8.107.774,00 
MG;3154200;RESENDE COSTA; 8.976.563,42 ; -   ; -   ; -   ; -   ; 8.976.563,42 
MG;3154309;RESPLENDOR; 15.605.434,82 ; -   ; -   ; -   ; -   ; 15.605.434,82 
MG;3154408;RESSAQUINHA; 5.524.696,04 ; -   ; -   ; -   ; -   ; 5.524.696,04 
MG;3154457;RIACHINHO; 6.331.487,76 ; -   ; 917.104,96 ; -   ; 917.104,96 ; 7.248.592,72 
MG;3154507;RIACHO DOS MACHADOS; 11.451.507,57 ; -   ; 998.367,68 ; 470.127,01 ; 1.468.494,69 ; 12.920.002,26 
MG;3154606;RIBEIRAO DAS NEVES; 263.504.963,88 ; -   ; 44.401.694,57 ; 21.895.643,55 ; 66.297.338,12 ; 329.802.302,00 
MG;3154705;RIBEIRAO VERMELHO; 3.444.389,15 ; -   ; -   ; 320.141,99 ; 320.141,99 ; 3.764.531,14 
MG;3154804;RIO ACIMA; 10.715.092,75 ; -   ; -   ; -   ; -   ; 10.715.092,75 
MG;3154903;RIO CASCA; 15.657.047,77 ; -   ; -   ; -   ; -   ; 15.657.047,77 
MG;3155108;RIO DO PRADO; 4.909.667,40 ; -   ; 1.074.242,87 ; 191.001,98 ; 1.265.244,85 ; 6.174.912,25 
MG;3155009;RIO DOCE; 2.567.762,43 ; -   ; -   ; -   ; -   ; 2.567.762,43 
MG;3155207;RIO ESPERA; 1.625.647,11 ; -   ; -   ; 62.426,41 ; 62.426,41 ; 1.688.073,52 
MG;3155306;RIO MANSO; 3.659.622,87 ; -   ; -   ; 318.173,58 ; 318.173,58 ; 3.977.796,45 
MG;3155405;RIO NOVO; 6.850.712,46 ; -   ; 314.413,99 ; 273.303,47 ; 587.717,46 ; 7.438.429,92 
MG;3155504;RIO PARANAIBA; 18.397.163,58 ; -   ; -   ; -   ; -   ; 18.397.163,58 
MG;3155603;RIO PARDO DE MINAS; 25.555.966,21 ; -   ; 3.918.028,35 ; -   ; 3.918.028,35 ; 29.473.994,56 
MG;3155702;RIO PIRACICABA; 15.466.399,96 ; -   ; -   ; 1.199.128,06 ; 1.199.128,06 ; 16.665.528,02 
MG;3155801;RIO POMBA; 11.795.223,23 ; -   ; -   ; 509.875,78 ; 509.875,78 ; 12.305.099,01 
MG;3155900;RIO PRETO; 5.140.751,08 ; -   ; 216.815,11 ; -   ; 216.815,11 ; 5.357.566,19 
MG;3156007;RIO VERMELHO; 9.650.486,21 ; -   ; 2.036.269,79 ; 686.927,46 ; 2.723.197,25 ; 12.373.683,46 
MG;3156106;RITAPOLIS; 3.189.442,18 ; -   ; -   ; 144.844,60 ; 144.844,60 ; 3.334.286,78 
MG;3156205;ROCHEDO DE MINAS; 4.088.648,82 ; -   ; -   ; -   ; -   ; 4.088.648,82 
MG;3156304;RODEIRO; 7.971.790,94 ; -   ; 355.596,47 ; -   ; 355.596,47 ; 8.327.387,41 
MG;3156403;ROMARIA; 3.035.892,98 ; -   ; -   ; 264.139,28 ; 264.139,28 ; 3.300.032,26 
MG;3156452;ROSARIO DA LIMEIRA; 6.573.550,28 ; -   ; 408.411,00 ; 269.313,69 ; 677.724,69 ; 7.251.274,97 
MG;3156502;RUBELITA; 4.311.364,33 ; -   ; -   ; 176.374,26 ; 176.374,26 ; 4.487.738,59 
MG;3156601;RUBIM; 11.074.639,20 ; -   ; 563.278,34 ; 849.208,57 ; 1.412.486,91 ; 12.487.126,11 
MG;3156700;SABARA; 112.871.451,29 ; -   ; 7.601.921,55 ; -   ; 7.601.921,55 ; 120.473.372,84 
MG;3156809;SABINOPOLIS; 7.560.609,50 ; -   ; -   ; -   ; -   ; 7.560.609,50 
MG;3156908;SACRAMENTO; 28.303.733,77 ; -   ; -   ; 1.132.809,50 ; 1.132.809,50 ; 29.436.543,27 
MG;3157005;SALINAS; 30.166.235,19 ; -   ; 1.098.416,57 ; -   ; 1.098.416,57 ; 31.264.651,76 
MG;3157104;SALTO DA DIVISA; 6.527.737,41 ; -   ; -   ; -   ; -   ; 6.527.737,41 
MG;3157203;SANTA BARBARA; 26.859.399,86 ; -   ; -   ; -   ; -   ; 26.859.399,86 
MG;3157252;SANTA BARBARA DO LESTE; 8.151.330,23 ; -   ; 519.515,17 ; -   ; 519.515,17 ; 8.670.845,40 
MG;3157278;SANTA BARBARA DO MONTE VERDE; 4.054.666,36 ; -   ; -   ; -   ; -   ; 4.054.666,36 
MG;3157302;SANTA BARBARA DO TUGURIO; 7.276.017,38 ; -   ; 1.956.434,82 ; -   ; 1.956.434,82 ; 9.232.452,20 
MG;3157336;SANTA CRUZ DE MINAS; 5.931.284,02 ; -   ; -   ; 267.628,58 ; 267.628,58 ; 6.198.912,60 
MG;3157377;SANTA CRUZ DE SALINAS; 3.243.621,41 ; -   ; -   ; 140.008,36 ; 140.008,36 ; 3.383.629,77 
MG;3157401;SANTA CRUZ DO ESCALVADO; 3.421.615,51 ; -   ; -   ; 130.010,62 ; 130.010,62 ; 3.551.626,13 
MG;3157500;SANTA EFIGENIA DE MINAS; 3.734.879,59 ; -   ; -   ; -   ; -   ; 3.734.879,59 
MG;3157609;SANTA FE DE MINAS; 2.696.892,54 ; -   ; -   ; -   ; -   ; 2.696.892,54 
MG;3157658;SANTA HELENA DE MINAS; 3.531.751,57 ; -   ; -   ; 296.939,92 ; 296.939,92 ; 3.828.691,49 
MG;3157708;SANTA JULIANA; 14.071.553,12 ; -   ; -   ; -   ; -   ; 14.071.553,12 
MG;3157807;SANTA LUZIA; 175.253.136,63 ; -   ; -   ; -   ; -   ; 175.253.136,63 
MG;3157906;SANTA MARGARIDA; 20.569.553,91 ; -   ; 5.697.253,26 ; -   ; 5.697.253,26 ; 26.266.807,17 
MG;3158003;SANTA MARIA DE ITABIRA; 8.286.842,83 ; -   ; -   ; -   ; -   ; 8.286.842,83 
MG;3158102;SANTA MARIA DO SALTO; 4.901.307,04 ; -   ; 1.679.545,20 ; 405.131,35 ; 2.084.676,55 ; 6.985.983,59 
MG;3158201;SANTA MARIA DO SUACUI; 8.461.408,58 ; -   ; 780.514,24 ; 666.319,28 ; 1.446.833,52 ; 9.908.242,10 
MG;3159209;SANTA RITA DE CALDAS; 4.774.078,61 ; -   ; -   ; 442.494,20 ; 442.494,20 ; 5.216.572,81 
MG;3159407;SANTA RITA DE IBITIPOCA; 2.481.432,17 ; -   ; -   ; 103.987,78 ; 103.987,78 ; 2.585.419,95 
MG;3159308;SANTA RITA DE JACUTINGA; 5.800.029,55 ; -   ; -   ; -   ; -   ; 5.800.029,55 
MG;3159357;SANTA RITA DE MINAS; 5.950.155,82 ; -   ; 74.420,52 ; 257.018,70 ; 331.439,22 ; 6.281.595,04 
MG;3159506;SANTA RITA DO ITUETO; 6.861.436,32 ; -   ; 77.720,47 ; -   ; 77.720,47 ; 6.939.156,79 
MG;3159605;SANTA RITA DO SAPUCAI; 32.790.120,20 ; -   ; -   ; -   ; -   ; 32.790.120,20 
MG;3159704;SANTA ROSA DA SERRA; 4.322.794,33 ; -   ; 85.921,21 ; -   ; 85.921,21 ; 4.408.715,54 
MG;3159803;SANTA VITORIA; 18.829.972,49 ; -   ; -   ; -   ; -   ; 18.829.972,49 
MG;3158300;SANTANA DA VARGEM; 4.025.735,45 ; -   ; -   ; -   ; -   ; 4.025.735,45 
MG;3158409;SANTANA DE CATAGUASES; 3.772.102,98 ; -   ; -   ; 160.335,08 ; 160.335,08 ; 3.932.438,06 
MG;3158508;SANTANA DE PIRAPAMA; 4.552.535,72 ; -   ; -   ; -   ; -   ; 4.552.535,72 
MG;3158607;SANTANA DO DESERTO; 5.183.050,23 ; -   ; -   ; 188.726,76 ; 188.726,76 ; 5.371.776,99 
MG;3158706;SANTANA DO GARAMBEU; 2.420.555,20 ; -   ; -   ; 202.178,25 ; 202.178,25 ; 2.622.733,45 
MG;3158805;SANTANA DO JACARE; 3.309.841,34 ; -   ; -   ; 137.874,59 ; 137.874,59 ; 3.447.715,93 
MG;3158904;SANTANA DO MANHUACU; 8.883.045,03 ; -   ; 1.622.788,27 ; 736.018,94 ; 2.358.807,21 ; 11.241.852,24 
MG;3158953;SANTANA DO PARAISO; 30.028.924,45 ; -   ; 1.035.192,53 ; 2.545.516,54 ; 3.580.709,07 ; 33.609.633,52 
MG;3159001;SANTANA DO RIACHO; 5.827.668,15 ; -   ; -   ; -   ; -   ; 5.827.668,15 
MG;3159100;SANTANA DOS MONTES; 3.794.993,04 ; -   ; -   ; 312.071,86 ; 312.071,86 ; 4.107.064,90 
MG;3159902;SANTO ANTONIO DO AMPARO; 14.896.315,94 ; -   ; 652.058,72 ; -   ; 652.058,72 ; 15.548.374,66 
MG;3160009;SANTO ANTONIO DO AVENTUREIRO; 3.761.570,95 ; -   ; -   ; 151.336,98 ; 151.336,98 ; 3.912.907,93 
MG;3160108;SANTO ANTONIO DO GRAMA; 4.268.184,41 ; -   ; -   ; -   ; -   ; 4.268.184,41 
MG;3160207;SANTO ANTONIO DO ITAMBE; 2.891.208,55 ; -   ; -   ; -   ; -   ; 2.891.208,55 
MG;3160306;SANTO ANTONIO DO JACINTO; 9.576.677,57 ; -   ; 522.298,52 ; 741.123,19 ; 1.263.421,71 ; 10.840.099,28 
MG;3160405;SANTO ANTONIO DO MONTE; 23.208.351,51 ; -   ; 1.893.285,10 ; 968.528,72 ; 2.861.813,82 ; 26.070.165,33 
MG;3160454;SANTO ANTONIO DO RETIRO; 8.713.174,77 ; -   ; 1.000.391,36 ; -   ; 1.000.391,36 ; 9.713.566,13 
MG;3160504;SANTO ANTONIO DO RIO ABAIXO; 1.292.568,73 ; -   ; -   ; 112.448,39 ; 112.448,39 ; 1.405.017,12 
MG;3160603;SANTO HIPOLITO; 1.601.089,92 ; -   ; -   ; -   ; -   ; 1.601.089,92 
MG;3160702;SANTOS DUMONT; 29.086.479,75 ; -   ; -   ; -   ; -   ; 29.086.479,75 
MG;3160801;SAO BENTO ABADE; 6.252.900,84 ; -   ; 691.864,81 ; -   ; 691.864,81 ; 6.944.765,65 
MG;3160900;SAO BRAS DO SUACUI; 5.280.272,97 ; -   ; -   ; -   ; -   ; 5.280.272,97 
MG;3160959;SAO DOMINGOS DAS DORES; 7.682.334,61 ; -   ; 1.145.663,70 ; -   ; 1.145.663,70 ; 8.827.998,31 
MG;3161007;SAO DOMINGOS DO PRATA; 12.749.225,58 ; -   ; -   ; -   ; -   ; 12.749.225,58 
MG;3161056;SAO FELIX DE MINAS; 3.427.702,31 ; -   ; -   ; 276.548,36 ; 276.548,36 ; 3.704.250,67 
MG;3161106;SAO FRANCISCO; 43.442.081,88 ; -   ; 3.098.582,81 ; -   ; 3.098.582,81 ; 46.540.664,69 
MG;3161205;SAO FRANCISCO DE PAULA; 6.143.028,34 ; -   ; 894.281,35 ; -   ; 894.281,35 ; 7.037.309,69 
MG;3161304;SAO FRANCISCO DE SALES; 7.497.829,96 ; -   ; -   ; 606.001,80 ; 606.001,80 ; 8.103.831,76 
MG;3161403;SAO FRANCISCO DO GLORIA; 4.467.751,52 ; -   ; -   ; 356.723,25 ; 356.723,25 ; 4.824.474,77 
MG;3161502;SAO GERALDO; 7.732.650,10 ; -   ; 1.182.597,53 ; -   ; 1.182.597,53 ; 8.915.247,63 
MG;3161601;SAO GERALDO DA PIEDADE; 2.994.060,69 ; -   ; -   ; 236.286,73 ; 236.286,73 ; 3.230.347,42 
MG;3161650;SAO GERALDO DO BAIXIO; 3.067.878,81 ; -   ; -   ; -   ; -   ; 3.067.878,81 
MG;3161700;SAO GONCALO DO ABAETE; 7.237.532,92 ; -   ; -   ; 291.602,25 ; 291.602,25 ; 7.529.135,17 
MG;3161809;SAO GONCALO DO PARA; 10.532.484,66 ; -   ; 721.433,43 ; 406.023,55 ; 1.127.456,98 ; 11.659.941,64 
MG;3161908;SAO GONCALO DO RIO ABAIXO; 24.889.547,78 ; -   ; -   ; 1.781.619,18 ; 1.781.619,18 ; 26.671.166,96 
MG;3125507;SAO GONCALO DO RIO PRETO; 2.379.670,33 ; -   ; -   ; 197.705,44 ; 197.705,44 ; 2.577.375,77 
MG;3162005;SAO GONCALO DO SAPUCAI; 22.114.821,24 ; -   ; 1.220.158,01 ; -   ; 1.220.158,01 ; 23.334.979,25 
MG;3162104;SAO GOTARDO; 38.710.626,60 ; -   ; 3.596.836,33 ; -   ; 3.596.836,33 ; 42.307.462,93 
MG;3162203;SAO JOAO BATISTA DO GLORIA; 6.102.670,13 ; -   ; -   ; 582.526,90 ; 582.526,90 ; 6.685.197,03 
MG;3162252;SAO JOAO DA LAGOA; 4.823.801,06 ; -   ; -   ; -   ; -   ; 4.823.801,06 
MG;3162302;SAO JOAO DA MATA; 2.622.327,39 ; -   ; -   ; -   ; -   ; 2.622.327,39 
MG;3162401;SAO JOAO DA PONTE; 32.298.728,77 ; -   ; 7.192.343,26 ; -   ; 7.192.343,26 ; 39.491.072,03 
MG;3162450;SAO JOAO DAS MISSOES; 7.859.079,90 ; -   ; -   ; -   ; -   ; 7.859.079,90 
MG;3162500;SAO JOAO DEL REI; 38.071.518,63 ; -   ; -   ; -   ; -   ; 38.071.518,63 
MG;3162559;SAO JOAO DO MANHUACU; 16.634.789,43 ; -   ; 2.830.884,66 ; -   ; 2.830.884,66 ; 19.465.674,09 
MG;3162575;SAO JOAO DO MANTENINHA; 4.629.962,81 ; -   ; -   ; -   ; -   ; 4.629.962,81 
MG;3162609;SAO JOAO DO ORIENTE; 6.451.896,31 ; -   ; 576.889,87 ; 287.422,25 ; 864.312,12 ; 7.316.208,43 
MG;3162658;SAO JOAO DO PACUI; 2.999.926,86 ; -   ; -   ; -   ; -   ; 2.999.926,86 
MG;3162708;SAO JOAO DO PARAISO; 17.417.300,75 ; -   ; 1.860.658,01 ; -   ; 1.860.658,01 ; 19.277.958,76 
MG;3162807;SAO JOAO EVANGELISTA; 14.573.215,29 ; -   ; 1.687.538,37 ; -   ; 1.687.538,37 ; 16.260.753,66 
MG;3162906;SAO JOAO NEPOMUCENO; 31.106.738,21 ; -   ; 6.655.643,94 ; -   ; 6.655.643,94 ; 37.762.382,15 
MG;3162922;SAO JOAQUIM DE BICAS; 47.603.701,58 ; -   ; 5.754.714,82 ; -   ; 5.754.714,82 ; 53.358.416,40 
MG;3162948;SAO JOSE DA BARRA; 6.007.468,03 ; -   ; -   ; 265.004,43 ; 265.004,43 ; 6.272.472,46 
MG;3162955;SAO JOSE DA LAPA; 34.447.934,13 ; -   ; 1.911.283,04 ; 1.394.376,19 ; 3.305.659,23 ; 37.753.593,36 
MG;3163003;SAO JOSE DA SAFIRA; 3.659.539,18 ; -   ; -   ; 301.178,58 ; 301.178,58 ; 3.960.717,76 
MG;3163102;SAO JOSE DA VARGINHA; 3.670.740,73 ; -   ; -   ; -   ; -   ; 3.670.740,73 
MG;3163201;SAO JOSE DO ALEGRE; 3.851.443,33 ; -   ; -   ; -   ; -   ; 3.851.443,33 
MG;3163300;SAO JOSE DO DIVINO; 2.741.739,71 ; -   ; -   ; -   ; -   ; 2.741.739,71 
MG;3163409;SAO JOSE DO GOIABAL; 3.809.226,77 ; -   ; -   ; -   ; -   ; 3.809.226,77 
MG;3163508;SAO JOSE DO JACURI; 6.000.598,35 ; -   ; 528.747,22 ; -   ; 528.747,22 ; 6.529.345,57 
MG;3163607;SAO JOSE DO MANTIMENTO; 3.059.313,42 ; -   ; -   ; 134.234,81 ; 134.234,81 ; 3.193.548,23 
MG;3163706;SAO LOURENCO; 35.937.412,40 ; -   ; -   ; -   ; -   ; 35.937.412,40 
MG;3163805;SAO MIGUEL DO ANTA; 5.185.268,54 ; -   ; -   ; 206.764,92 ; 206.764,92 ; 5.392.033,46 
MG;3163904;SAO PEDRO DA UNIAO; 4.742.155,96 ; -   ; -   ; -   ; -   ; 4.742.155,96 
MG;3164100;SAO PEDRO DO SUACUI; 3.971.633,43 ; -   ; -   ; 336.310,83 ; 336.310,83 ; 4.307.944,26 
MG;3164001;SAO PEDRO DOS FERROS; 4.788.768,64 ; -   ; -   ; -   ; -   ; 4.788.768,64 
MG;3164209;SAO ROMAO; 6.921.283,20 ; -   ; -   ; 610.120,52 ; 610.120,52 ; 7.531.403,72 
MG;3164308;SAO ROQUE DE MINAS; 5.669.908,77 ; -   ; -   ; 505.191,47 ; 505.191,47 ; 6.175.100,24 
MG;3164407;SAO SEBASTIAO DA BELA VISTA; 7.366.786,50 ; -   ; -   ; 610.546,13 ; 610.546,13 ; 7.977.332,63 
MG;3164431;SAO SEBASTIAO DA VARGEM ALEGRE; 4.658.458,88 ; -   ; -   ; 392.783,05 ; 392.783,05 ; 5.051.241,93 
MG;3164472;SAO SEBASTIAO DO ANTA; 9.170.318,70 ; -   ; 1.712.758,69 ; -   ; 1.712.758,69 ; 10.883.077,39 
MG;3164506;SAO SEBASTIAO DO MARANHAO; 4.005.408,91 ; -   ; -   ; 158.958,15 ; 158.958,15 ; 4.164.367,06 
MG;3164605;SAO SEBASTIAO DO OESTE; 15.437.922,92 ; -   ; 4.109.106,03 ; -   ; 4.109.106,03 ; 19.547.028,95 
MG;3164704;SAO SEBASTIAO DO PARAISO; 57.335.574,96 ; -   ; -   ; -   ; -   ; 57.335.574,96 
MG;3164803;SAO SEBASTIAO DO RIO PRETO; 1.004.207,09 ; -   ; -   ; -   ; -   ; 1.004.207,09 
MG;3164902;SAO SEBASTIAO DO RIO VERDE; 3.110.015,37 ; -   ; -   ; -   ; -   ; 3.110.015,37 
MG;3165206;SAO THOME DAS LETRAS; 6.137.897,59 ; -   ; 528.317,75 ; -   ; 528.317,75 ; 6.666.215,34 
MG;3165008;SAO TIAGO; 7.382.380,03 ; -   ; -   ; -   ; -   ; 7.382.380,03 
MG;3165107;SAO TOMAS DE AQUINO; 6.268.530,21 ; -   ; -   ; -   ; -   ; 6.268.530,21 
MG;3165305;SAO VICENTE DE MINAS; 5.402.340,72 ; -   ; -   ; -   ; -   ; 5.402.340,72 
MG;3165404;SAPUCAI-MIRIM; 6.361.092,72 ; -   ; -   ; -   ; -   ; 6.361.092,72 
MG;3165503;SARDOA; 8.113.977,06 ; -   ; 2.040.243,40 ; 502.534,33 ; 2.542.777,73 ; 10.656.754,79 
MG;3165537;SARZEDO; 37.792.369,16 ; -   ; 73.484,43 ; 1.662.727,90 ; 1.736.212,33 ; 39.528.581,49 
MG;3165560;SEM-PEIXE; 1.884.345,24 ; -   ; -   ; -   ; -   ; 1.884.345,24 
MG;3165578;SENADOR AMARAL; 7.710.276,62 ; -   ; 1.824.543,62 ; -   ; 1.824.543,62 ; 9.534.820,24 
MG;3165602;SENADOR CORTES; 4.004.986,32 ; -   ; -   ; -   ; -   ; 4.004.986,32 
MG;3165701;SENADOR FIRMINO; 6.079.997,99 ; -   ; -   ; 266.167,91 ; 266.167,91 ; 6.346.165,90 
MG;3165800;SENADOR JOSE BENTO; 1.534.819,38 ; -   ; -   ; -   ; -   ; 1.534.819,38 
MG;3165909;SENADOR MODESTINO GONCALVES; 3.053.424,98 ; -   ; -   ; 124.852,81 ; 124.852,81 ; 3.178.277,79 
MG;3166006;SENHORA DE OLIVEIRA; 3.607.162,68 ; -   ; -   ; 164.906,75 ; 164.906,75 ; 3.772.069,43 
MG;3166105;SENHORA DO PORTO; 2.319.221,99 ; -   ; -   ; 208.774,77 ; 208.774,77 ; 2.527.996,76 
MG;3166204;SENHORA DOS REMEDIOS; 4.329.112,71 ; -   ; -   ; 384.177,03 ; 384.177,03 ; 4.713.289,74 
MG;3166303;SERICITA; 7.224.618,46 ; -   ; 1.079.257,88 ; 315.437,30 ; 1.394.695,18 ; 8.619.313,64 
MG;3166402;SERITINGA; 2.276.185,80 ; -   ; -   ; -   ; -   ; 2.276.185,80 
MG;3166501;SERRA AZUL DE MINAS; 2.458.325,49 ; -   ; -   ; 191.518,68 ; 191.518,68 ; 2.649.844,17 
MG;3166600;SERRA DA SAUDADE; 837.593,17 ; -   ; -   ; -   ; -   ; 837.593,17 
MG;3166808;SERRA DO SALITRE; 14.095.201,32 ; -   ; -   ; -   ; -   ; 14.095.201,32 
MG;3166709;SERRA DOS AIMORES; 6.727.755,80 ; -   ; 2.007.013,61 ; 514.737,18 ; 2.521.750,79 ; 9.249.506,59 
MG;3166907;SERRANIA; 7.018.452,62 ; -   ; 1.238.056,77 ; 592.588,91 ; 1.830.645,68 ; 8.849.098,30 
MG;3166956;SERRANOPOLIS DE MINAS; 4.381.650,66 ; -   ; -   ; 353.403,91 ; 353.403,91 ; 4.735.054,57 
MG;3167004;SERRANOS; 2.203.214,59 ; -   ; -   ; -   ; -   ; 2.203.214,59 
MG;3167103;SERRO; 8.475.872,47 ; -   ; -   ; 335.379,99 ; 335.379,99 ; 8.811.252,46 
MG;3167202;SETE LAGOAS; 121.014.994,14 ; -   ; -   ; -   ; -   ; 121.014.994,14 
MG;3165552;SETUBINHA; 5.466.252,96 ; -   ; -   ; 213.180,22 ; 213.180,22 ; 5.679.433,18 
MG;3167301;SILVEIRANIA; 2.090.271,10 ; -   ; -   ; 202.335,22 ; 202.335,22 ; 2.292.606,32 
MG;3167400;SILVIANOPOLIS; 4.572.299,79 ; -   ; -   ; 186.322,48 ; 186.322,48 ; 4.758.622,27 
MG;3167509;SIMAO PEREIRA; 3.893.064,31 ; -   ; -   ; 137.302,26 ; 137.302,26 ; 4.030.366,57 
MG;3167608;SIMONESIA; 21.968.446,80 ; -   ; 8.034.411,02 ; 1.648.215,54 ; 9.682.626,56 ; 31.651.073,36 
MG;3167707;SOBRALIA; 4.520.973,31 ; -   ; -   ; -   ; -   ; 4.520.973,31 
MG;3167806;SOLEDADE DE MINAS; 3.869.662,33 ; -   ; -   ; -   ; -   ; 3.869.662,33 
MG;3167905;TABULEIRO; 2.994.018,31 ; -   ; -   ; -   ; -   ; 2.994.018,31 
MG;3168002;TAIOBEIRAS; 32.342.564,50 ; -   ; 3.341.690,94 ; 1.326.485,86 ; 4.668.176,80 ; 37.010.741,30 
MG;3168051;TAPARUBA; 3.188.842,87 ; -   ; -   ; 269.671,90 ; 269.671,90 ; 3.458.514,77 
MG;3168101;TAPIRA; 7.689.715,29 ; -   ; -   ; -   ; -   ; 7.689.715,29 
MG;3168200;TAPIRAI; 1.983.279,96 ; -   ; -   ; -   ; -   ; 1.983.279,96 
MG;3168309;TAQUARACU DE MINAS; 5.879.071,66 ; -   ; -   ; -   ; -   ; 5.879.071,66 
MG;3168408;TARUMIRIM; 5.406.088,92 ; -   ; -   ; -   ; -   ; 5.406.088,92 
MG;3168507;TEIXEIRAS; 8.547.815,91 ; -   ; 523.932,07 ; 743.270,52 ; 1.267.202,59 ; 9.815.018,50 
MG;3168606;TEOFILO OTONI; 94.384.664,61 ; -   ; 5.363.413,32 ; -   ; 5.363.413,32 ; 99.748.077,93 
MG;3168705;TIMOTEO; 59.686.336,33 ; -   ; -   ; -   ; -   ; 59.686.336,33 
MG;3168804;TIRADENTES; 6.680.108,24 ; -   ; -   ; 528.592,55 ; 528.592,55 ; 7.208.700,79 
MG;3168903;TIROS; 6.694.819,58 ; -   ; -   ; 270.375,76 ; 270.375,76 ; 6.965.195,34 
MG;3169000;TOCANTINS; 11.609.498,28 ; -   ; -   ; -   ; -   ; 11.609.498,28 
MG;3169059;TOCOS DO MOJI; 3.799.778,65 ; -   ; -   ; -   ; -   ; 3.799.778,65 
MG;3169109;TOLEDO; 9.228.759,04 ; -   ; 2.220.437,40 ; -   ; 2.220.437,40 ; 11.449.196,44 
MG;3169208;TOMBOS; 6.490.804,70 ; -   ; -   ; 587.408,05 ; 587.408,05 ; 7.078.212,75 
MG;3169307;TRES CORACOES; 52.011.466,93 ; -   ; -   ; -   ; -   ; 52.011.466,93 
MG;3169356;TRES MARIAS; 33.157.395,80 ; -   ; -   ; -   ; -   ; 33.157.395,80 
MG;3169406;TRES PONTAS; 46.017.193,02 ; -   ; 759.106,71 ; -   ; 759.106,71 ; 46.776.299,73 
MG;3169505;TUMIRITINGA; 6.189.720,33 ; -   ; 557.555,59 ; 475.142,65 ; 1.032.698,24 ; 7.222.418,57 
MG;3169604;TUPACIGUARA; 25.342.002,28 ; -   ; -   ; -   ; -   ; 25.342.002,28 
MG;3169703;TURMALINA; 14.397.809,15 ; -   ; 1.060.658,97 ; 602.758,71 ; 1.663.417,68 ; 16.061.226,83 
MG;3169802;TURVOLANDIA; 5.741.123,88 ; -   ; 407.766,01 ; -   ; 407.766,01 ; 6.148.889,89 
MG;3169901;UBA; 76.966.988,29 ; -   ; -   ; -   ; -   ; 76.966.988,29 
MG;3170008;UBAI; 9.096.891,88 ; -   ; 635.003,67 ; -   ; 635.003,67 ; 9.731.895,55 
MG;3170057;UBAPORANGA; 9.437.856,91 ; -   ; 1.498.657,96 ; 774.255,38 ; 2.272.913,34 ; 11.710.770,25 
MG;3170107;UBERABA; 264.272.423,28 ; -   ; -   ; -   ; -   ; 264.272.423,28 
MG;3170206;UBERLANDIA; 611.095.903,19 ; -   ; -   ; -   ; -   ; 611.095.903,19 
MG;3170305;UMBURATIBA; 2.418.876,81 ; -   ; -   ; 101.728,28 ; 101.728,28 ; 2.520.605,09 
MG;3170404;UNAI; 59.904.613,34 ; -   ; -   ; -   ; -   ; 59.904.613,34 
MG;3170438;UNIAO DE MINAS; 2.548.869,41 ; -   ; -   ; 218.438,47 ; 218.438,47 ; 2.767.307,88 
MG;3170479;URUANA DE MINAS; 6.250.622,57 ; -   ; -   ; 213.981,84 ; 213.981,84 ; 6.464.604,41 
MG;3170503;URUCANIA; 8.643.839,19 ; -   ; 1.604.007,56 ; -   ; 1.604.007,56 ; 10.247.846,75 
MG;3170529;URUCUIA; 17.847.636,53 ; -   ; 3.117.006,06 ; 1.041.355,25 ; 4.158.361,31 ; 22.005.997,84 
MG;3170578;VARGEM ALEGRE; 4.241.238,09 ; -   ; -   ; 183.206,12 ; 183.206,12 ; 4.424.444,21 
MG;3170602;VARGEM BONITA; 1.949.981,02 ; -   ; -   ; 167.461,36 ; 167.461,36 ; 2.117.442,38 
MG;3170651;VARGEM GRANDE DO RIO PARDO; 4.932.727,04 ; -   ; 145.529,32 ; 209.173,30 ; 354.702,62 ; 5.287.429,66 
MG;3170701;VARGINHA; 104.670.986,79 ; -   ; -   ; -   ; -   ; 104.670.986,79 
MG;3170750;VARJAO DE MINAS; 8.364.554,99 ; -   ; -   ; -   ; -   ; 8.364.554,99 
MG;3170800;VARZEA DA PALMA; 28.365.544,13 ; -   ; 3.632.349,76 ; 1.155.951,29 ; 4.788.301,05 ; 33.153.845,18 
MG;3170909;VARZELANDIA; 16.237.545,10 ; -   ; 3.645.024,90 ; 1.147.540,46 ; 4.792.565,36 ; 21.030.110,46 
MG;3171006;VAZANTE; 13.829.651,09 ; -   ; -   ; -   ; -   ; 13.829.651,09 
MG;3171030;VERDELANDIA; 7.219.086,44 ; -   ; 777.360,44 ; -   ; 777.360,44 ; 7.996.446,88 
MG;3171071;VEREDINHA; 4.895.275,56 ; -   ; -   ; -   ; -   ; 4.895.275,56 
MG;3171105;VERISSIMO; 2.864.776,59 ; -   ; -   ; -   ; -   ; 2.864.776,59 
MG;3171154;VERMELHO NOVO; 4.884.332,95 ; -   ; 225.811,63 ; 187.640,06 ; 413.451,69 ; 5.297.784,64 
MG;3171204;VESPASIANO; 145.970.742,81 ; -   ; 22.965.122,70 ; -   ; 22.965.122,70 ; 168.935.865,51 
MG;3171303;VICOSA; 55.858.245,44 ; -   ; -   ; -   ; -   ; 55.858.245,44 
MG;3171402;VIEIRAS; 4.892.763,62 ; -   ; -   ; 205.278,50 ; 205.278,50 ; 5.098.042,12 
MG;3171600;VIRGEM DA LAPA; 10.831.862,25 ; -   ; -   ; -   ; -   ; 10.831.862,25 
MG;3171709;VIRGINIA; 6.431.473,88 ; -   ; -   ; 584.517,87 ; 584.517,87 ; 7.015.991,75 
MG;3171808;VIRGINOPOLIS; 11.145.031,41 ; -   ; 363.873,77 ; 818.212,01 ; 1.182.085,78 ; 12.327.117,19 
MG;3171907;VIRGOLANDIA; 2.788.486,06 ; -   ; -   ; 251.631,58 ; 251.631,58 ; 3.040.117,64 
MG;3172004;VISCONDE DO RIO BRANCO; 29.190.834,70 ; -   ; -   ; -   ; -   ; 29.190.834,70 
MG;3172103;VOLTA GRANDE; 5.869.973,99 ; -   ; -   ; -   ; -   ; 5.869.973,99 
MG;3172202;WENCESLAU BRAZ; 1.981.280,37 ; -   ; -   ; -   ; -   ; 1.981.280,37 
MG;31;GOVERNO DO ESTADO; 13.093.161.691,58 ; -   ; -   ; -   ; -   ; 13.093.161.691,58 
MS;5000203;AGUA CLARA; 29.116.276,45 ; -   ; -   ; 2.537.397,95 ; 2.537.397,95 ; 31.653.674,40 
MS;5000252;ALCINOPOLIS; 6.737.917,48 ; -   ; -   ; -   ; -   ; 6.737.917,48 
MS;5000609;AMAMBAI; 66.163.116,84 ; -   ; -   ; -   ; -   ; 66.163.116,84 
MS;5000708;ANASTACIO; 24.147.936,15 ; -   ; -   ; 1.782.785,59 ; 1.782.785,59 ; 25.930.721,74 
MS;5000807;ANAURILANDIA; 8.453.265,03 ; -   ; -   ; -   ; -   ; 8.453.265,03 
MS;5000856;ANGELICA; 12.036.480,97 ; -   ; -   ; 503.804,65 ; 503.804,65 ; 12.540.285,62 
MS;5000906;ANTONIO JOAO; 14.685.579,87 ; -   ; -   ; 584.818,93 ; 584.818,93 ; 15.270.398,80 
MS;5001003;APARECIDA DO TABOADO; 29.695.255,06 ; -   ; -   ; -   ; -   ; 29.695.255,06 
MS;5001102;AQUIDAUANA; 63.202.351,94 ; -   ; -   ; 4.372.389,77 ; 4.372.389,77 ; 67.574.741,71 
MS;5001243;ARAL MOREIRA; 13.514.671,45 ; -   ; -   ; -   ; -   ; 13.514.671,45 
MS;5001508;BANDEIRANTES; 9.918.848,83 ; -   ; -   ; -   ; -   ; 9.918.848,83 
MS;5001904;BATAGUASSU; 25.912.570,38 ; -   ; -   ; 2.021.966,05 ; 2.021.966,05 ; 27.934.536,43 
MS;5002001;BATAYPORA; 12.711.944,35 ; -   ; -   ; -   ; -   ; 12.711.944,35 
MS;5002100;BELA VISTA; 29.588.820,19 ; -   ; 257.973,81 ; 2.138.490,18 ; 2.396.463,99 ; 31.985.284,18 
MS;5002159;BODOQUENA; 11.165.585,10 ; -   ; -   ; -   ; -   ; 11.165.585,10 
MS;5002209;BONITO; 28.174.555,90 ; -   ; -   ; -   ; -   ; 28.174.555,90 
MS;5002308;BRASILANDIA; 16.677.482,86 ; -   ; -   ; -   ; -   ; 16.677.482,86 
MS;5002407;CAARAPO; 46.926.361,97 ; -   ; -   ; -   ; -   ; 46.926.361,97 
MS;5002605;CAMAPUA; 14.185.448,47 ; -   ; -   ; 1.074.824,07 ; 1.074.824,07 ; 15.260.272,54 
MS;5002704;CAMPO GRANDE; 985.333.101,40 ; -   ; -   ; -   ; -   ; 985.333.101,40 
MS;5002803;CARACOL; 8.129.397,39 ; -   ; -   ; -   ; -   ; 8.129.397,39 
MS;5002902;CASSILANDIA; 21.991.803,44 ; -   ; -   ; 1.795.506,74 ; 1.795.506,74 ; 23.787.310,18 
MS;5002951;CHAPADAO DO SUL; 55.726.463,46 ; -   ; -   ; -   ; -   ; 55.726.463,46 
MS;5003108;CORGUINHO; 5.473.758,34 ; -   ; -   ; 433.965,95 ; 433.965,95 ; 5.907.724,29 
MS;5003157;CORONEL SAPUCAIA; 30.512.849,02 ; -   ; 5.077.252,25 ; -   ; 5.077.252,25 ; 35.590.101,27 
MS;5003207;CORUMBA; 125.485.613,18 ; -   ; -   ; -   ; -   ; 125.485.613,18 
MS;5003256;COSTA RICA; 50.147.416,04 ; -   ; -   ; -   ; -   ; 50.147.416,04 
MS;5003306;COXIM; 32.683.423,14 ; -   ; -   ; 1.243.798,72 ; 1.243.798,72 ; 33.927.221,86 
MS;5003454;DEODAPOLIS; 13.197.346,48 ; -   ; -   ; 515.243,22 ; 515.243,22 ; 13.712.589,70 
MS;5003488;DOIS IRMAOS DO BURITI; 20.328.697,32 ; -   ; -   ; -   ; -   ; 20.328.697,32 
MS;5003504;DOURADINA; 6.118.764,24 ; -   ; -   ; -   ; -   ; 6.118.764,24 
MS;5003702;DOURADOS; 281.453.930,14 ; -   ; -   ; -   ; -   ; 281.453.930,14 
MS;5003751;ELDORADO; 13.416.760,62 ; -   ; -   ; -   ; -   ; 13.416.760,62 
MS;5003801;FATIMA DO SUL; 19.875.544,47 ; -   ; -   ; -   ; -   ; 19.875.544,47 
MS;5003900;FIGUEIRAO; 3.502.957,35 ; -   ; -   ; 158.726,16 ; 158.726,16 ; 3.661.683,51 
MS;5004007;GLORIA DE DOURADOS; 9.182.622,70 ; -   ; -   ; 787.972,32 ; 787.972,32 ; 9.970.595,02 
MS;5004106;GUIA LOPES DA LAGUNA; 9.298.497,65 ; -   ; -   ; 777.473,07 ; 777.473,07 ; 10.075.970,72 
MS;5004304;IGUATEMI; 18.846.815,45 ; -   ; -   ; -   ; -   ; 18.846.815,45 
MS;5004403;INOCENCIA; 9.621.164,69 ; -   ; -   ; 775.573,75 ; 775.573,75 ; 10.396.738,44 
MS;5004502;ITAPORA; 18.061.034,88 ; -   ; -   ; 1.421.658,16 ; 1.421.658,16 ; 19.482.693,04 
MS;5004601;ITAQUIRAI; 26.090.839,87 ; -   ; 3.769.369,07 ; 1.984.222,61 ; 5.753.591,68 ; 31.844.431,55 
MS;5004700;IVINHEMA; 29.641.414,49 ; -   ; -   ; -   ; -   ; 29.641.414,49 
MS;5004809;JAPORA; 20.924.615,64 ; -   ; 1.532.093,90 ; -   ; 1.532.093,90 ; 22.456.709,54 
MS;5004908;JARAGUARI; 6.281.573,19 ; -   ; -   ; 451.442,05 ; 451.442,05 ; 6.733.015,24 
MS;5005004;JARDIM; 26.070.295,28 ; -   ; -   ; -   ; -   ; 26.070.295,28 
MS;5005103;JATEI; 3.160.475,33 ; -   ; -   ; 112.867,38 ; 112.867,38 ; 3.273.342,71 
MS;5005152;JUTI; 9.452.782,49 ; -   ; -   ; 771.873,20 ; 771.873,20 ; 10.224.655,69 
MS;5005202;LADARIO; 31.922.451,02 ; -   ; -   ; 2.395.958,62 ; 2.395.958,62 ; 34.318.409,64 
MS;5005251;LAGUNA CARAPA; 12.900.995,31 ; -   ; -   ; -   ; -   ; 12.900.995,31 
MS;5005400;MARACAJU; 57.745.266,95 ; -   ; -   ; 4.620.295,55 ; 4.620.295,55 ; 62.365.562,50 
MS;5005608;MIRANDA; 46.000.773,33 ; -   ; 4.222.499,19 ; -   ; 4.222.499,19 ; 50.223.272,52 
MS;5005681;MUNDO NOVO; 19.896.077,77 ; -   ; -   ; 1.696.905,90 ; 1.696.905,90 ; 21.592.983,67 
MS;5005707;NAVIRAI; 68.378.622,05 ; -   ; -   ; -   ; -   ; 68.378.622,05 
MS;5005806;NIOAQUE; 17.750.393,77 ; -   ; -   ; 1.274.011,43 ; 1.274.011,43 ; 19.024.405,20 
MS;5006002;NOVA ALVORADA DO SUL; 33.786.220,79 ; -   ; -   ; -   ; -   ; 33.786.220,79 
MS;5006200;NOVA ANDRADINA; 64.644.700,85 ; -   ; -   ; -   ; -   ; 64.644.700,85 
MS;5006259;NOVO HORIZONTE DO SUL; 7.025.138,43 ; -   ; -   ; 578.358,94 ; 578.358,94 ; 7.603.497,37 
MS;5006275;PARAISO DAS AGUAS; 14.360.013,24 ; -   ; -   ; 936.404,33 ; 936.404,33 ; 15.296.417,57 
MS;5006309;PARANAIBA; 49.292.116,77 ; -   ; -   ; 3.654.535,55 ; 3.654.535,55 ; 52.946.652,32 
MS;5006358;PARANHOS; 36.499.562,44 ; -   ; 3.502.470,03 ; -   ; 3.502.470,03 ; 40.002.032,47 
MS;5006408;PEDRO GOMES; 7.267.990,05 ; -   ; -   ; 306.967,26 ; 306.967,26 ; 7.574.957,31 
MS;5006606;PONTA PORA; 110.356.332,09 ; -   ; -   ; -   ; -   ; 110.356.332,09 
MS;5006903;PORTO MURTINHO; 25.420.565,63 ; -   ; 1.962.352,42 ; -   ; 1.962.352,42 ; 27.382.918,05 
MS;5007109;RIBAS DO RIO PARDO; 42.408.416,19 ; -   ; -   ; -   ; -   ; 42.408.416,19 
MS;5007208;RIO BRILHANTE; 56.148.576,10 ; -   ; -   ; -   ; -   ; 56.148.576,10 
MS;5007307;RIO NEGRO; 5.723.030,40 ; -   ; -   ; 454.937,66 ; 454.937,66 ; 6.177.968,06 
MS;5007406;RIO VERDE DE MATO GROSSO; 22.953.206,48 ; -   ; -   ; -   ; -   ; 22.953.206,48 
MS;5007505;ROCHEDO; 6.626.890,94 ; -   ; -   ; 548.594,78 ; 548.594,78 ; 7.175.485,72 
MS;5007554;SANTA RITA DO PARDO; 10.987.888,61 ; -   ; -   ; -   ; -   ; 10.987.888,61 
MS;5007695;SAO GABRIEL DO OESTE; 40.537.675,38 ; -   ; -   ; -   ; -   ; 40.537.675,38 
MS;5007802;SELVIRIA; 9.633.827,37 ; -   ; -   ; 778.447,44 ; 778.447,44 ; 10.412.274,81 
MS;5007703;SETE QUEDAS; 10.465.983,21 ; -   ; -   ; 829.497,58 ; 829.497,58 ; 11.295.480,79 
MS;5007901;SIDROLANDIA; 79.417.147,68 ; -   ; -   ; -   ; -   ; 79.417.147,68 
MS;5007935;SONORA; 25.645.324,79 ; -   ; -   ; 1.946.273,95 ; 1.946.273,95 ; 27.591.598,74 
MS;5007950;TACURU; 19.042.609,49 ; -   ; -   ; -   ; -   ; 19.042.609,49 
MS;5007976;TAQUARUSSU; 4.358.185,55 ; -   ; -   ; 367.595,53 ; 367.595,53 ; 4.725.781,08 
MS;5008008;TERENOS; 23.558.766,93 ; -   ; -   ; -   ; -   ; 23.558.766,93 
MS;5008305;TRES LAGOAS; 145.260.461,68 ; -   ; -   ; -   ; -   ; 145.260.461,68 
MS;5008404;VICENTINA; 6.079.859,48 ; -   ; -   ; -   ; -   ; 6.079.859,48 
MS;50;GOVERNO DO ESTADO; 2.143.271.047,98 ; -   ; -   ; -   ; -   ; 2.143.271.047,98 
MT;5100102;ACORIZAL; 4.825.079,12 ; -   ; -   ; 179.340,60 ; 179.340,60 ; 5.004.419,72 
MT;5100201;AGUA BOA; 43.104.686,11 ; -   ; -   ; 2.885.829,43 ; 2.885.829,43 ; 45.990.515,54 
MT;5100250;ALTA FLORESTA; 65.397.748,03 ; -   ; 1.385.160,96 ; 4.803.338,33 ; 6.188.499,29 ; 71.586.247,32 
MT;5100300;ALTO ARAGUAIA; 15.786.574,69 ; -   ; -   ; -   ; -   ; 15.786.574,69 
MT;5100359;ALTO BOA VISTA; 10.935.796,23 ; -   ; -   ; 376.513,78 ; 376.513,78 ; 11.312.310,01 
MT;5100409;ALTO GARCAS; 16.524.975,61 ; -   ; -   ; 1.151.786,05 ; 1.151.786,05 ; 17.676.761,66 
MT;5100508;ALTO PARAGUAI; 9.160.269,27 ; -   ; 608.035,73 ; 610.682,38 ; 1.218.718,11 ; 10.378.987,38 
MT;5100607;ALTO TAQUARI; 15.029.968,56 ; -   ; -   ; -   ; -   ; 15.029.968,56 
MT;5100805;APIACAS; 12.255.350,81 ; -   ; -   ; 452.375,06 ; 452.375,06 ; 12.707.725,87 
MT;5101001;ARAGUAIANA; 4.298.370,01 ; -   ; -   ; 312.705,86 ; 312.705,86 ; 4.611.075,87 
MT;5101209;ARAGUAINHA; 864.986,41 ; -   ; -   ; -   ; -   ; 864.986,41 
MT;5101258;ARAPUTANGA; 18.077.867,04 ; -   ; -   ; 1.281.226,14 ; 1.281.226,14 ; 19.359.093,18 
MT;5101308;ARENAPOLIS; 12.079.062,67 ; -   ; -   ; 444.638,61 ; 444.638,61 ; 12.523.701,28 
MT;5101407;ARIPUANA; 43.089.077,80 ; -   ; -   ; 2.861.864,53 ; 2.861.864,53 ; 45.950.942,33 
MT;5101605;BARAO DE MELGACO; 7.146.306,97 ; -   ; 465.357,95 ; 249.688,89 ; 715.046,84 ; 7.861.353,81 
MT;5101704;BARRA DO BUGRES; 39.301.236,85 ; -   ; -   ; 2.755.804,63 ; 2.755.804,63 ; 42.057.041,48 
MT;5101803;BARRA DO GARCAS; 82.766.497,04 ; -   ; -   ; 5.669.088,05 ; 5.669.088,05 ; 88.435.585,09 
MT;5101837;BOA ESPERANCA DO NORTE; 11.743.683,76 ; -   ; -   ; 885.302,71 ; 885.302,71 ; 12.628.986,47 
MT;5101852;BOM JESUS DO ARAGUAIA; 11.229.393,99 ; -   ; -   ; -   ; -   ; 11.229.393,99 
MT;5101902;BRASNORTE; 23.742.096,42 ; -   ; -   ; 818.076,71 ; 818.076,71 ; 24.560.173,13 
MT;5102504;CACERES; 98.091.420,19 ; -   ; -   ; -   ; -   ; 98.091.420,19 
MT;5102603;CAMPINAPOLIS; 47.829.598,95 ; -   ; 5.757.369,14 ; -   ; 5.757.369,14 ; 53.586.968,09 
MT;5102637;CAMPO NOVO DO PARECIS; 82.949.149,43 ; -   ; -   ; 6.197.955,39 ; 6.197.955,39 ; 89.147.104,82 
MT;5102678;CAMPO VERDE; 61.658.416,51 ; -   ; -   ; -   ; -   ; 61.658.416,51 
MT;5102686;CAMPOS DE JULIO; 17.935.925,17 ; -   ; -   ; 1.295.222,45 ; 1.295.222,45 ; 19.231.147,62 
MT;5102694;CANABRAVA DO NORTE; 7.284.219,83 ; -   ; -   ; 475.615,77 ; 475.615,77 ; 7.759.835,60 
MT;5102702;CANARANA; 38.038.685,62 ; -   ; -   ; -   ; -   ; 38.038.685,62 
MT;5102793;CARLINDA; 15.147.220,42 ; -   ; -   ; 918.454,62 ; 918.454,62 ; 16.065.675,04 
MT;5102850;CASTANHEIRA; 7.573.538,42 ; -   ; -   ; 475.412,12 ; 475.412,12 ; 8.048.950,54 
MT;5103007;CHAPADA DOS GUIMARAES; 24.020.562,19 ; -   ; -   ; 1.593.614,30 ; 1.593.614,30 ; 25.614.176,49 
MT;5103056;CLAUDIA; 16.279.523,72 ; -   ; -   ; 1.104.071,52 ; 1.104.071,52 ; 17.383.595,24 
MT;5103106;COCALINHO; 7.941.068,18 ; -   ; -   ; 549.444,60 ; 549.444,60 ; 8.490.512,78 
MT;5103205;COLIDER; 36.721.378,48 ; -   ; -   ; 2.769.319,09 ; 2.769.319,09 ; 39.490.697,57 
MT;5103254;COLNIZA; 37.859.965,06 ; -   ; -   ; 2.614.883,85 ; 2.614.883,85 ; 40.474.848,91 
MT;5103304;COMODORO; 27.399.692,71 ; -   ; -   ; -   ; -   ; 27.399.692,71 
MT;5103353;CONFRESA; 49.055.508,85 ; -   ; 5.811.985,35 ; 3.357.308,02 ; 9.169.293,37 ; 58.224.802,22 
MT;5103361;CONQUISTA DOESTE; 6.175.250,42 ; -   ; -   ; 206.077,38 ; 206.077,38 ; 6.381.327,80 
MT;5103379;COTRIGUACU; 12.417.636,71 ; -   ; -   ; 876.640,98 ; 876.640,98 ; 13.294.277,69 
MT;5103403;CUIABA; 642.142.706,24 ; -   ; -   ; -   ; -   ; 642.142.706,24 
MT;5103437;CURVELANDIA; 5.813.782,98 ; -   ; -   ; 416.949,03 ; 416.949,03 ; 6.230.732,01 
MT;5103452;DENISE; 8.956.953,06 ; -   ; -   ; 333.502,19 ; 333.502,19 ; 9.290.455,25 
MT;5103502;DIAMANTINO; 30.500.138,09 ; -   ; -   ; -   ; -   ; 30.500.138,09 
MT;5103601;DOM AQUINO; 7.454.665,10 ; -   ; -   ; 526.713,46 ; 526.713,46 ; 7.981.378,56 
MT;5103700;FELIZ NATAL; 17.920.269,49 ; -   ; -   ; 631.705,13 ; 631.705,13 ; 18.551.974,62 
MT;5103809;FIGUEIROPOLIS DOESTE; 3.627.771,08 ; -   ; -   ; 133.761,04 ; 133.761,04 ; 3.761.532,12 
MT;5103858;GAUCHA DO NORTE; 14.406.465,45 ; -   ; -   ; 892.534,83 ; 892.534,83 ; 15.299.000,28 
MT;5103908;GENERAL CARNEIRO; 5.209.326,10 ; -   ; -   ; 326.176,60 ; 326.176,60 ; 5.535.502,70 
MT;5103957;GLORIA DOESTE; 4.023.775,45 ; -   ; -   ; -   ; -   ; 4.023.775,45 
MT;5104104;GUARANTA DO NORTE; 49.985.400,58 ; -   ; -   ; -   ; -   ; 49.985.400,58 
MT;5104203;GUIRATINGA; 10.843.469,01 ; -   ; -   ; 741.997,95 ; 741.997,95 ; 11.585.466,96 
MT;5104500;INDIAVAI; 3.643.992,92 ; -   ; -   ; 134.616,74 ; 134.616,74 ; 3.778.609,66 
MT;5104526;IPIRANGA DO NORTE; 13.812.680,64 ; -   ; -   ; -   ; -   ; 13.812.680,64 
MT;5104542;ITANHANGA; 11.516.170,69 ; -   ; -   ; 417.408,52 ; 417.408,52 ; 11.933.579,21 
MT;5104559;ITAUBA; 9.105.176,93 ; -   ; -   ; 672.834,70 ; 672.834,70 ; 9.778.011,63 
MT;5104609;ITIQUIRA; 23.896.797,84 ; -   ; -   ; -   ; -   ; 23.896.797,84 
MT;5104807;JACIARA; 34.675.830,28 ; -   ; -   ; 2.458.026,13 ; 2.458.026,13 ; 37.133.856,41 
MT;5104906;JANGADA; 6.127.140,00 ; -   ; -   ; 387.075,03 ; 387.075,03 ; 6.514.215,03 
MT;5105002;JAURU; 10.845.712,09 ; -   ; -   ; 773.764,04 ; 773.764,04 ; 11.619.476,13 
MT;5105101;JUARA; 41.054.849,61 ; -   ; 6.907.643,89 ; -   ; 6.907.643,89 ; 47.962.493,50 
MT;5105150;JUINA; 56.530.545,88 ; -   ; 1.915.968,93 ; 1.968.742,05 ; 3.884.710,98 ; 60.415.256,86 
MT;5105176;JURUENA; 15.033.936,90 ; -   ; -   ; 544.719,56 ; 544.719,56 ; 15.578.656,46 
MT;5105200;JUSCIMEIRA; 14.336.175,71 ; -   ; -   ; -   ; -   ; 14.336.175,71 
MT;5105234;LAMBARI DOESTE; 7.389.551,87 ; -   ; -   ; 490.626,14 ; 490.626,14 ; 7.880.178,01 
MT;5105259;LUCAS DO RIO VERDE; 143.423.638,65 ; -   ; -   ; -   ; -   ; 143.423.638,65 
MT;5105309;LUCIARA; 3.287.330,30 ; -   ; -   ; -   ; -   ; 3.287.330,30 
MT;5105580;MARCELANDIA; 16.688.538,09 ; -   ; -   ; 1.214.693,35 ; 1.214.693,35 ; 17.903.231,44 
MT;5105606;MATUPA; 33.356.639,64 ; -   ; 388.898,21 ; 2.282.778,61 ; 2.671.676,82 ; 36.028.316,46 
MT;5105622;MIRASSOL DOESTE; 29.586.617,27 ; -   ; -   ; 2.099.817,20 ; 2.099.817,20 ; 31.686.434,47 
MT;5105903;NOBRES; 23.080.092,17 ; -   ; 2.860.657,56 ; -   ; 2.860.657,56 ; 25.940.749,73 
MT;5106000;NORTELANDIA; 6.236.974,17 ; -   ; -   ; 258.781,16 ; 258.781,16 ; 6.495.755,33 
MT;5106109;NOSSA SENHORA DO LIVRAMENTO; 19.464.403,14 ; -   ; -   ; 1.212.154,54 ; 1.212.154,54 ; 20.676.557,68 
MT;5106158;NOVA BANDEIRANTES; 19.243.528,53 ; -   ; -   ; 1.365.430,06 ; 1.365.430,06 ; 20.608.958,59 
MT;5106208;NOVA BRASILANDIA; 6.054.144,89 ; -   ; -   ; 426.488,74 ; 426.488,74 ; 6.480.633,63 
MT;5106216;NOVA CANAA DO NORTE; 15.357.685,17 ; -   ; -   ; 1.081.909,53 ; 1.081.909,53 ; 16.439.594,70 
MT;5108808;NOVA GUARITA; 6.808.465,19 ; -   ; -   ; 508.629,05 ; 508.629,05 ; 7.317.094,24 
MT;5106182;NOVA LACERDA; 13.246.877,80 ; -   ; -   ; 908.705,30 ; 908.705,30 ; 14.155.583,10 
MT;5108857;NOVA MARILANDIA; 5.837.285,11 ; -   ; -   ; 438.373,58 ; 438.373,58 ; 6.275.658,69 
MT;5108907;NOVA MARINGA; 11.317.874,76 ; -   ; -   ; -   ; -   ; 11.317.874,76 
MT;5108956;NOVA MONTE VERDE; 15.446.501,00 ; -   ; -   ; 1.111.907,46 ; 1.111.907,46 ; 16.558.408,46 
MT;5106224;NOVA MUTUM; 100.398.579,10 ; -   ; -   ; 7.032.633,05 ; 7.032.633,05 ; 107.431.212,15 
MT;5106174;NOVA NAZARE; 9.227.046,87 ; -   ; -   ; -   ; -   ; 9.227.046,87 
MT;5106232;NOVA OLIMPIA; 21.534.390,16 ; -   ; -   ; 1.525.872,56 ; 1.525.872,56 ; 23.060.262,72 
MT;5106190;NOVA SANTA HELENA; 5.724.724,48 ; -   ; -   ; 427.003,76 ; 427.003,76 ; 6.151.728,24 
MT;5106240;NOVA UBIRATA; 18.394.294,32 ; -   ; -   ; 1.296.395,24 ; 1.296.395,24 ; 19.690.689,56 
MT;5106257;NOVA XAVANTINA; 24.171.546,25 ; -   ; -   ; -   ; -   ; 24.171.546,25 
MT;5106273;NOVO HORIZONTE DO NORTE; 4.768.145,35 ; -   ; -   ; 375.975,05 ; 375.975,05 ; 5.144.120,40 
MT;5106265;NOVO MUNDO; 13.608.469,27 ; -   ; -   ; 455.880,60 ; 455.880,60 ; 14.064.349,87 
MT;5106315;NOVO SANTO ANTONIO; 4.181.428,26 ; -   ; -   ; 278.728,70 ; 278.728,70 ; 4.460.156,96 
MT;5106281;NOVO SAO JOAQUIM; 10.489.261,81 ; -   ; -   ; 681.999,02 ; 681.999,02 ; 11.171.260,83 
MT;5106299;PARANAITA; 16.843.746,80 ; -   ; -   ; 1.171.989,51 ; 1.171.989,51 ; 18.015.736,31 
MT;5106307;PARANATINGA; 34.520.022,67 ; -   ; -   ; 1.158.921,31 ; 1.158.921,31 ; 35.678.943,98 
MT;5106372;PEDRA PRETA; 23.070.744,77 ; -   ; -   ; 1.649.170,63 ; 1.649.170,63 ; 24.719.915,40 
MT;5106422;PEIXOTO DE AZEVEDO; 51.840.489,86 ; -   ; 3.559.527,10 ; 3.323.894,20 ; 6.883.421,30 ; 58.723.911,16 
MT;5106455;PLANALTO DA SERRA; 6.635.909,20 ; -   ; -   ; -   ; -   ; 6.635.909,20 
MT;5106505;POCONE; 37.933.099,61 ; -   ; -   ; -   ; -   ; 37.933.099,61 
MT;5106653;PONTAL DO ARAGUAIA; 6.711.242,98 ; -   ; -   ; 459.355,24 ; 459.355,24 ; 7.170.598,22 
MT;5106703;PONTE BRANCA; 1.946.039,06 ; -   ; -   ; -   ; -   ; 1.946.039,06 
MT;5106752;PONTES E LACERDA; 60.757.176,15 ; -   ; -   ; 4.663.807,19 ; 4.663.807,19 ; 65.420.983,34 
MT;5106778;PORTO ALEGRE DO NORTE; 14.501.444,14 ; -   ; -   ; 972.849,62 ; 972.849,62 ; 15.474.293,76 
MT;5106802;PORTO DOS GAUCHOS; 7.982.428,42 ; -   ; -   ; 279.555,74 ; 279.555,74 ; 8.261.984,16 
MT;5106828;PORTO ESPERIDIAO; 15.122.724,10 ; -   ; -   ; -   ; -   ; 15.122.724,10 
MT;5106851;PORTO ESTRELA; 4.021.184,31 ; -   ; -   ; -   ; -   ; 4.021.184,31 
MT;5107008;POXOREU; 23.344.825,04 ; -   ; -   ; -   ; -   ; 23.344.825,04 
MT;5107040;PRIMAVERA DO LESTE; 108.063.213,45 ; -   ; -   ; 7.774.641,21 ; 7.774.641,21 ; 115.837.854,66 
MT;5107065;QUERENCIA; 37.847.865,27 ; -   ; -   ; 2.833.020,12 ; 2.833.020,12 ; 40.680.885,39 
MT;5107156;RESERVA DO CABACAL; 3.035.925,60 ; -   ; -   ; 108.253,88 ; 108.253,88 ; 3.144.179,48 
MT;5107180;RIBEIRAO CASCALHEIRA; 16.251.664,87 ; -   ; -   ; 1.024.607,03 ; 1.024.607,03 ; 17.276.271,90 
MT;5107198;RIBEIRAOZINHO; 3.796.395,74 ; -   ; -   ; -   ; -   ; 3.796.395,74 
MT;5107206;RIO BRANCO; 7.821.065,03 ; -   ; -   ; 524.601,94 ; 524.601,94 ; 8.345.666,97 
MT;5107578;RONDOLANDIA; 4.952.661,47 ; -   ; -   ; 168.258,12 ; 168.258,12 ; 5.120.919,59 
MT;5107602;RONDONOPOLIS; 305.861.757,90 ; -   ; -   ; 10.515.532,31 ; 10.515.532,31 ; 316.377.290,21 
MT;5107701;ROSARIO OESTE; 17.922.829,56 ; -   ; -   ; 1.092.510,86 ; 1.092.510,86 ; 19.015.340,42 
MT;5107750;SALTO DO CEU; 5.124.092,90 ; -   ; -   ; 333.196,61 ; 333.196,61 ; 5.457.289,51 
MT;5107248;SANTA CARMEM; 12.800.849,15 ; -   ; -   ; -   ; -   ; 12.800.849,15 
MT;5107743;SANTA CRUZ DO XINGU; 4.824.925,73 ; -   ; -   ; 313.951,44 ; 313.951,44 ; 5.138.877,17 
MT;5107768;SANTA RITA DO TRIVELATO; 9.163.200,91 ; -   ; -   ; 646.274,09 ; 646.274,09 ; 9.809.475,00 
MT;5107776;SANTA TEREZINHA; 8.604.768,40 ; -   ; -   ; 286.872,81 ; 286.872,81 ; 8.891.641,21 
MT;5107263;SANTO AFONSO; 3.625.750,38 ; -   ; -   ; 272.561,29 ; 272.561,29 ; 3.898.311,67 
MT;5107792;SANTO ANTONIO DO LESTE; 7.125.954,39 ; -   ; -   ; -   ; -   ; 7.125.954,39 
MT;5107800;SANTO ANTONIO DO LEVERGER; 15.775.281,94 ; -   ; 480.024,74 ; 446.858,54 ; 926.883,28 ; 16.702.165,22 
MT;5107859;SAO FELIX DO ARAGUAIA; 14.322.820,86 ; -   ; -   ; 889.722,84 ; 889.722,84 ; 15.212.543,70 
MT;5107297;SAO JOSE DO POVO; 2.348.077,14 ; -   ; -   ; 177.085,67 ; 177.085,67 ; 2.525.162,81 
MT;5107305;SAO JOSE DO RIO CLARO; 22.031.073,53 ; -   ; -   ; -   ; -   ; 22.031.073,53 
MT;5107354;SAO JOSE DO XINGU; 11.316.397,05 ; -   ; -   ; 376.457,45 ; 376.457,45 ; 11.692.854,50 
MT;5107107;SAO JOSE DOS QUATRO MARCOS; 20.227.594,92 ; -   ; 112.439,61 ; 1.423.739,12 ; 1.536.178,73 ; 21.763.773,65 
MT;5107404;SAO PEDRO DA CIPA; 5.698.676,49 ; -   ; -   ; 434.629,76 ; 434.629,76 ; 6.133.306,25 
MT;5107875;SAPEZAL; 51.389.092,79 ; -   ; -   ; 3.808.471,17 ; 3.808.471,17 ; 55.197.563,96 
MT;5107883;SERRA NOVA DOURADA; 2.953.341,63 ; -   ; -   ; 92.435,47 ; 92.435,47 ; 3.045.777,10 
MT;5107909;SINOP; 235.303.398,22 ; -   ; -   ; -   ; -   ; 235.303.398,22 
MT;5107925;SORRISO; 177.747.382,17 ; -   ; -   ; -   ; -   ; 177.747.382,17 
MT;5107941;TABAPORA; 18.477.379,21 ; -   ; -   ; 635.079,12 ; 635.079,12 ; 19.112.458,33 
MT;5107958;TANGARA DA SERRA; 135.951.950,40 ; -   ; -   ; -   ; -   ; 135.951.950,40 
MT;5108006;TAPURAH; 19.613.056,54 ; -   ; -   ; -   ; -   ; 19.613.056,54 
MT;5108055;TERRA NOVA DO NORTE; 15.511.147,32 ; -   ; -   ; 1.085.806,75 ; 1.085.806,75 ; 16.596.954,07 
MT;5108105;TESOURO; 2.967.035,50 ; -   ; -   ; 109.866,73 ; 109.866,73 ; 3.076.902,23 
MT;5108204;TORIXOREU; 4.181.977,58 ; -   ; -   ; 275.242,03 ; 275.242,03 ; 4.457.219,61 
MT;5108303;UNIAO DO SUL; 7.467.291,42 ; -   ; -   ; 568.467,34 ; 568.467,34 ; 8.035.758,76 
MT;5108352;VALE DE SAO DOMINGOS; 4.760.986,74 ; -   ; -   ; 279.516,39 ; 279.516,39 ; 5.040.503,13 
MT;5108402;VARZEA GRANDE; 343.209.464,91 ; -   ; -   ; -   ; -   ; 343.209.464,91 
MT;5108501;VERA; 17.203.654,06 ; -   ; -   ; 1.160.540,39 ; 1.160.540,39 ; 18.364.194,45 
MT;5105507;VILA BELA DA SANTISSIMA TRINDADE; 28.849.192,01 ; -   ; -   ; 1.644.508,76 ; 1.644.508,76 ; 30.493.700,77 
MT;5108600;VILA RICA; 27.790.872,74 ; -   ; -   ; 1.932.579,74 ; 1.932.579,74 ; 29.723.452,48 
MT;51;GOVERNO DO ESTADO; 3.540.301.374,42 ; -   ; -   ; -   ; -   ; 3.540.301.374,42 
PA;1500107;ABAETETUBA; 138.158.923,91 ; 67.222.878,42 ; 118.632.603,13 ; -   ; 185.855.481,55 ; 324.014.405,46 
PA;1500131;ABEL FIGUEIREDO; 7.116.818,38 ; 3.462.773,19 ; 2.627.844,40 ; 488.826,99 ; 6.579.444,58 ; 13.696.262,96 
PA;1500206;ACARA; 93.106.723,52 ; 45.302.190,97 ; 49.236.866,82 ; 10.087.414,55 ; 104.626.472,34 ; 197.733.195,86 
PA;1500305;AFUA; 66.832.429,74 ; 32.518.118,78 ; 44.521.616,30 ; -   ; 77.039.735,08 ; 143.872.164,82 
PA;1500347;AGUA AZUL DO NORTE; 15.717.268,95 ; 7.647.425,37 ; 3.299.914,02 ; 1.984.524,09 ; 12.931.863,48 ; 28.649.132,43 
PA;1500404;ALENQUER; 63.875.493,55 ; 31.079.386,08 ; 42.514.147,17 ; 7.643.090,03 ; 81.236.623,28 ; 145.112.116,83 
PA;1500503;ALMEIRIM; 53.847.338,50 ; 26.200.067,18 ; 39.120.442,99 ; 6.160.440,62 ; 71.480.950,79 ; 125.328.289,29 
PA;1500602;ALTAMIRA; 130.677.311,27 ; 63.582.610,22 ; 74.659.857,02 ; -   ; 138.242.467,24 ; 268.919.778,51 
PA;1500701;ANAJAS; 54.147.847,55 ; 26.346.283,46 ; 37.861.279,94 ; 6.264.328,83 ; 70.471.892,23 ; 124.619.739,78 
PA;1500800;ANANINDEUA; 203.353.603,52 ; 98.944.130,27 ; 90.856.902,63 ; 29.533.653,66 ; 219.334.686,56 ; 422.688.290,08 
PA;1500859;ANAPU; 45.126.688,47 ; 21.956.930,51 ; 34.603.375,36 ; 5.159.588,75 ; 61.719.894,62 ; 106.846.583,09 
PA;1500909;AUGUSTO CORREA; 60.726.437,18 ; 29.547.175,01 ; 37.754.516,28 ; 6.922.868,79 ; 74.224.560,08 ; 134.950.997,26 
PA;1500958;AURORA DO PARA; 30.173.265,05 ; 14.681.163,33 ; 20.751.319,67 ; -   ; 35.432.483,00 ; 65.605.748,05 
PA;1501006;AVEIRO; 22.263.567,29 ; 10.832.605,20 ; 18.537.526,44 ; 2.320.653,01 ; 31.690.784,65 ; 53.954.351,94 
PA;1501105;BAGRE; 36.008.981,68 ; 17.520.601,12 ; 28.256.703,86 ; -   ; 45.777.304,98 ; 81.786.286,66 
PA;1501204;BAIAO; 40.625.021,89 ; 19.766.590,75 ; 22.742.406,54 ; 4.486.310,68 ; 46.995.307,97 ; 87.620.329,86 
PA;1501253;BANNACH; 4.493.143,64 ; 2.186.192,82 ; 1.713.781,14 ; -   ; 3.899.973,96 ; 8.393.117,60 
PA;1501303;BARCARENA; 126.783.388,33 ; 61.687.975,39 ; -   ; 16.537.614,72 ; 78.225.590,11 ; 205.008.978,44 
PA;1501402;BELEM; 331.643.691,70 ; 161.365.208,51 ; -   ; -   ; 161.365.208,51 ; 493.008.900,21 
PA;1501451;BELTERRA; 21.947.322,22 ; 10.678.732,37 ; 12.732.875,74 ; 1.496.242,04 ; 24.907.850,15 ; 46.855.172,37 
PA;1501501;BENEVIDES; 58.232.543,74 ; 28.333.741,29 ; 51.428.142,63 ; -   ; 79.761.883,92 ; 137.994.427,66 
PA;1501576;BOM JESUS DO TOCANTINS; 16.018.530,58 ; 7.794.007,82 ; 6.746.410,35 ; 1.957.792,05 ; 16.498.210,22 ; 32.516.740,80 
PA;1501600;BONITO; 10.459.822,28 ; 5.089.351,75 ; 9.255.891,31 ; 1.239.979,41 ; 15.585.222,47 ; 26.045.044,75 
PA;1501709;BRAGANCA; 95.254.507,05 ; 46.347.220,75 ; 59.142.337,02 ; 11.473.189,56 ; 116.962.747,33 ; 212.217.254,38 
PA;1501725;BRASIL NOVO; 32.570.780,10 ; 15.847.702,99 ; 31.120.194,25 ; -   ; 46.967.897,24 ; 79.538.677,34 
PA;1501758;BREJO GRANDE DO ARAGUAIA; 9.750.992,64 ; 4.744.462,20 ; 4.141.864,14 ; 552.966,46 ; 9.439.292,80 ; 19.190.285,44 
PA;1501782;BREU BRANCO; 48.985.207,57 ; 23.834.339,18 ; 25.789.535,76 ; -   ; 49.623.874,94 ; 98.609.082,51 
PA;1501808;BREVES; 172.785.602,62 ; 84.070.903,48 ; 92.734.435,12 ; -   ; 176.805.338,60 ; 349.590.941,22 
PA;1501907;BUJARU; 39.752.854,23 ; 19.342.227,14 ; 29.955.350,94 ; 4.117.121,91 ; 53.414.699,99 ; 93.167.554,22 
PA;1502004;CACHOEIRA DO ARARI; 22.096.805,68 ; 10.751.465,34 ; 16.215.123,19 ; 2.461.612,86 ; 29.428.201,39 ; 51.525.007,07 
PA;1501956;CACHOEIRA DO PIRIA; 28.058.238,38 ; 13.652.071,79 ; 20.120.002,26 ; 2.990.121,06 ; 36.762.195,11 ; 64.820.433,49 
PA;1502103;CAMETA; 156.807.845,03 ; 76.296.734,25 ; 92.608.117,34 ; -   ; 168.904.851,59 ; 325.712.696,62 
PA;1502152;CANAA DOS CARAJAS; 94.732.862,08 ; 46.093.408,15 ; -   ; 12.811.448,99 ; 58.904.857,14 ; 153.637.719,22 
PA;1502202;CAPANEMA; 40.185.155,84 ; 19.552.568,65 ; 23.999.805,27 ; 2.668.981,54 ; 46.221.355,46 ; 86.406.511,30 
PA;1502301;CAPITAO POCO; 53.060.200,67 ; 25.817.075,85 ; 48.243.187,99 ; 5.680.023,94 ; 79.740.287,78 ; 132.800.488,45 
PA;1502400;CASTANHAL; 134.093.858,28 ; 65.244.972,06 ; 56.064.425,96 ; -   ; 121.309.398,02 ; 255.403.256,30 
PA;1502509;CHAVES; 44.218.536,57 ; 21.515.058,33 ; 38.829.903,77 ; 4.489.167,88 ; 64.834.129,98 ; 109.052.666,55 
PA;1502608;COLARES; 11.803.701,56 ; 5.743.232,30 ; 10.037.972,79 ; 1.191.092,19 ; 16.972.297,28 ; 28.775.998,84 
PA;1502707;CONCEICAO DO ARAGUAIA; 32.719.884,70 ; 15.920.251,61 ; 10.941.255,19 ; -   ; 26.861.506,80 ; 59.581.391,50 
PA;1502756;CONCORDIA DO PARA; 56.762.004,38 ; 27.618.232,77 ; 39.449.281,40 ; 6.166.967,46 ; 73.234.481,63 ; 129.996.486,01 
PA;1502764;CUMARU DO NORTE; 21.517.489,54 ; 10.469.592,13 ; 16.911.047,17 ; 2.536.881,26 ; 29.917.520,56 ; 51.435.010,10 
PA;1502772;CURIONOPOLIS; 29.739.677,18 ; 14.470.195,97 ; 12.440.874,20 ; -   ; 26.911.070,17 ; 56.650.747,35 
PA;1502806;CURRALINHO; 54.131.414,73 ; 26.338.287,88 ; 30.694.664,04 ; 6.097.154,19 ; 63.130.106,11 ; 117.261.520,84 
PA;1502855;CURUA; 18.610.180,94 ; 9.055.006,33 ; 13.372.370,29 ; 2.232.590,93 ; 24.659.967,55 ; 43.270.148,49 
PA;1502905;CURUCA; 39.488.974,57 ; 19.213.833,32 ; 26.572.279,18 ; 4.659.289,08 ; 50.445.401,58 ; 89.934.376,15 
PA;1502939;DOM ELISEU; 52.088.128,75 ; 25.344.102,62 ; 35.819.571,68 ; -   ; 61.163.674,30 ; 113.251.803,05 
PA;1502954;ELDORADO DO CARAJAS; 33.788.344,94 ; 16.440.123,73 ; 15.325.555,22 ; 3.844.075,83 ; 35.609.754,78 ; 69.398.099,72 
PA;1503002;FARO; 12.257.670,95 ; 5.964.116,54 ; 5.623.326,33 ; 1.455.903,81 ; 13.043.346,68 ; 25.301.017,63 
PA;1503044;FLORESTA DO ARAGUAIA; 23.026.866,03 ; 11.203.997,33 ; 17.099.034,18 ; 2.889.439,91 ; 31.192.471,42 ; 54.219.337,45 
PA;1503077;GARRAFAO DO NORTE; 31.622.648,53 ; 15.386.378,22 ; 17.239.119,64 ; 3.746.130,50 ; 36.371.628,36 ; 67.994.276,89 
PA;1503093;GOIANESIA DO PARA; 30.336.888,05 ; 14.760.776,07 ; 11.649.444,17 ; -   ; 26.410.220,24 ; 56.747.108,29 
PA;1503101;GURUPA; 86.311.943,71 ; 41.996.109,50 ; 69.235.967,63 ; -   ; 111.232.077,13 ; 197.544.020,84 
PA;1503200;IGARAPE-ACU; 24.337.805,30 ; 11.841.850,53 ; 15.420.855,70 ; -   ; 27.262.706,23 ; 51.600.511,53 
PA;1503309;IGARAPE-MIRI; 81.206.726,01 ; 39.512.104,71 ; 48.298.558,41 ; 9.493.482,57 ; 97.304.145,69 ; 178.510.871,70 
PA;1503408;INHANGAPI; 7.887.959,27 ; 3.837.981,02 ; 6.364.042,59 ; 889.669,62 ; 11.091.693,23 ; 18.979.652,50 
PA;1503457;IPIXUNA DO PARA; 53.025.247,88 ; 25.800.069,15 ; 26.381.114,37 ; -   ; 52.181.183,52 ; 105.206.431,40 
PA;1503507;IRITUIA; 23.529.985,52 ; 11.448.796,15 ; 15.554.010,00 ; 1.532.589,11 ; 28.535.395,26 ; 52.065.380,78 
PA;1503606;ITAITUBA; 135.178.907,52 ; 65.772.915,76 ; 73.755.570,67 ; 18.110.658,02 ; 157.639.144,45 ; 292.818.051,97 
PA;1503705;ITUPIRANGA; 60.675.782,93 ; 29.522.528,57 ; 47.952.017,88 ; 6.384.320,67 ; 83.858.867,12 ; 144.534.650,05 
PA;1503754;JACAREACANGA; 42.061.754,12 ; 20.465.650,01 ; 23.497.100,91 ; 4.661.568,74 ; 48.624.319,66 ; 90.686.073,78 
PA;1503804;JACUNDA; 38.933.464,20 ; 18.943.543,11 ; 18.164.187,02 ; 4.770.493,26 ; 41.878.223,39 ; 80.811.687,59 
PA;1503903;JURUTI; 63.979.615,67 ; 31.130.047,94 ; 11.067.248,32 ; 8.035.771,52 ; 50.233.067,78 ; 114.212.683,45 
PA;1504000;LIMOEIRO DO AJURU; 34.222.654,49 ; 16.651.442,25 ; 20.369.795,15 ; 4.024.640,70 ; 41.045.878,10 ; 75.268.532,59 
PA;1504059;MAE DO RIO; 39.966.475,77 ; 19.446.167,25 ; 25.547.916,74 ; 4.495.924,12 ; 49.490.008,11 ; 89.456.483,88 
PA;1504109;MAGALHAES BARATA; 8.999.951,27 ; 4.379.034,04 ; 4.635.169,04 ; 1.060.654,16 ; 10.074.857,24 ; 19.074.808,51 
PA;1504208;MARABA; 250.268.654,02 ; 121.771.209,74 ; 71.028.841,13 ; 33.676.979,39 ; 226.477.030,26 ; 476.745.684,28 
PA;1504307;MARACANA; 36.760.644,62 ; 17.886.331,72 ; 25.276.200,51 ; 4.043.704,55 ; 47.206.236,78 ; 83.966.881,40 
PA;1504406;MARAPANIM; 26.227.079,38 ; 12.761.099,46 ; 15.038.337,93 ; 3.050.342,93 ; 30.849.780,32 ; 57.076.859,70 
PA;1504422;MARITUBA; 111.338.650,11 ; 54.173.153,12 ; 44.241.454,92 ; 15.192.959,68 ; 113.607.567,72 ; 224.946.217,83 
PA;1504455;MEDICILANDIA; 30.685.623,14 ; 14.930.457,30 ; 18.386.304,86 ; 3.738.732,77 ; 37.055.494,93 ; 67.741.118,07 
PA;1504505;MELGACO; 56.322.478,10 ; 27.404.375,99 ; 47.332.755,94 ; 6.485.748,07 ; 81.222.880,00 ; 137.545.358,10 
PA;1504604;MOCAJUBA; 42.215.562,72 ; 20.540.487,43 ; 30.038.095,31 ; 2.438.087,94 ; 53.016.670,68 ; 95.232.233,40 
PA;1504703;MOJU; 108.750.753,82 ; 52.913.981,19 ; 76.998.258,43 ; -   ; 129.912.239,62 ; 238.662.993,44 
PA;1504752;MOJUI DOS CAMPOS; 25.638.919,75 ; 12.474.923,35 ; 18.012.818,61 ; 3.025.610,78 ; 33.513.352,74 ; 59.152.272,49 
PA;1504802;MONTE ALEGRE; 75.191.138,43 ; 36.585.148,57 ; 49.063.537,91 ; 8.917.953,55 ; 94.566.640,03 ; 169.757.778,46 
PA;1504901;MUANA; 56.901.034,40 ; 27.685.879,49 ; 39.385.996,80 ; 5.773.703,79 ; 72.845.580,08 ; 129.746.614,48 
PA;1504950;NOVA ESPERANCA DO PIRIA; 26.042.978,04 ; 12.671.522,74 ; 15.225.356,50 ; -   ; 27.896.879,24 ; 53.939.857,28 
PA;1504976;NOVA IPIXUNA; 13.820.411,64 ; 6.724.486,73 ; 5.712.857,75 ; 1.699.324,20 ; 14.136.668,68 ; 27.957.080,32 
PA;1505007;NOVA TIMBOTEUA; 13.580.749,73 ; 6.607.876,36 ; 9.327.995,33 ; 1.565.699,45 ; 17.501.571,14 ; 31.082.320,87 
PA;1505031;NOVO PROGRESSO; 43.412.266,27 ; 21.122.757,87 ; 28.283.090,70 ; -   ; 49.405.848,57 ; 92.818.114,84 
PA;1505064;NOVO REPARTIMENTO; 78.180.574,47 ; 38.039.694,46 ; 52.344.238,97 ; -   ; 90.383.933,43 ; 168.564.507,90 
PA;1505106;OBIDOS; 61.225.166,37 ; 29.789.837,67 ; 37.619.904,94 ; -   ; 67.409.742,61 ; 128.634.908,98 
PA;1505205;OEIRAS DO PARA; 53.795.902,07 ; 26.175.040,18 ; 35.525.841,96 ; 6.008.854,48 ; 67.709.736,62 ; 121.505.638,69 
PA;1505304;ORIXIMINA; 93.847.519,52 ; 45.662.634,13 ; 57.380.406,91 ; -   ; 103.043.041,04 ; 196.890.560,56 
PA;1505403;OUREM; 13.914.930,49 ; 6.770.476,02 ; 7.431.908,21 ; 1.834.668,75 ; 16.037.052,98 ; 29.951.983,47 
PA;1505437;OURILANDIA DO NORTE; 38.665.740,20 ; 18.813.278,79 ; 10.161.419,61 ; 4.818.107,98 ; 33.792.806,38 ; 72.458.546,58 
PA;1505486;PACAJA; 67.961.737,12 ; 33.067.596,81 ; 52.704.825,40 ; 7.103.927,99 ; 92.876.350,20 ; 160.838.087,32 
PA;1505494;PALESTINA DO PARA; 7.364.833,49 ; 3.583.447,90 ; 3.313.636,74 ; -   ; 6.897.084,64 ; 14.261.918,13 
PA;1505502;PARAGOMINAS; 114.769.317,82 ; 55.842.385,57 ; 59.522.282,29 ; -   ; 115.364.667,86 ; 230.133.985,68 
PA;1505536;PARAUAPEBAS; 240.418.045,81 ; 116.978.278,38 ; -   ; -   ; 116.978.278,38 ; 357.396.324,19 
PA;1505551;PAU DARCO; 9.925.706,16 ; 4.829.471,15 ; 5.246.599,28 ; -   ; 10.076.070,43 ; 20.001.776,59 
PA;1505601;PEIXE-BOI; 12.158.312,51 ; 5.915.772,50 ; 3.909.996,68 ; 1.470.253,49 ; 11.296.022,67 ; 23.454.335,18 
PA;1505635;PICARRA; 24.287.445,17 ; 11.817.347,21 ; 23.837.982,13 ; 2.687.558,62 ; 38.342.887,96 ; 62.630.333,13 
PA;1505650;PLACAS; 42.780.352,15 ; 20.815.292,49 ; 36.879.263,60 ; 4.468.438,45 ; 62.162.994,54 ; 104.943.346,69 
PA;1505700;PONTA DE PEDRAS; 27.956.873,35 ; 13.602.751,42 ; 14.273.860,50 ; 3.162.365,85 ; 31.038.977,77 ; 58.995.851,12 
PA;1505809;PORTEL; 113.925.656,36 ; 55.431.891,98 ; 85.227.039,40 ; -   ; 140.658.931,38 ; 254.584.587,74 
PA;1505908;PORTO DE MOZ; 87.079.102,10 ; 42.369.379,61 ; 58.650.694,47 ; 11.047.711,20 ; 112.067.785,28 ; 199.146.887,38 
PA;1506005;PRAINHA; 54.613.085,69 ; 26.572.650,65 ; 34.422.659,18 ; 6.425.452,90 ; 67.420.762,73 ; 122.033.848,42 
PA;1506104;PRIMAVERA; 8.917.002,68 ; 4.338.674,41 ; 3.184.981,68 ; 1.181.721,00 ; 8.705.377,09 ; 17.622.379,77 
PA;1506112;QUATIPURU; 7.871.356,71 ; 3.829.902,84 ; 3.779.729,57 ; -   ; 7.609.632,41 ; 15.480.989,12 
PA;1506138;REDENCAO; 80.839.657,09 ; 39.333.502,94 ; 46.588.601,80 ; 10.630.397,68 ; 96.552.502,42 ; 177.392.159,51 
PA;1506161;RIO MARIA; 15.258.738,85 ; 7.424.322,06 ; 6.030.626,83 ; -   ; 13.454.948,89 ; 28.713.687,74 
PA;1506187;RONDON DO PARA; 36.478.160,67 ; 17.748.885,78 ; 15.203.264,01 ; -   ; 32.952.149,79 ; 69.430.310,46 
PA;1506195;RUROPOLIS; 41.889.604,68 ; 20.381.888,64 ; 48.890.845,69 ; 5.130.234,83 ; 74.402.969,16 ; 116.292.573,84 
PA;1506203;SALINOPOLIS; 34.160.566,66 ; 16.621.232,66 ; 19.751.622,04 ; -   ; 36.372.854,70 ; 70.533.421,36 
PA;1506302;SALVATERRA; 28.803.411,95 ; 14.014.644,91 ; 19.943.348,78 ; -   ; 33.957.993,69 ; 62.761.405,64 
PA;1506351;SANTA BARBARA DO PARA; 14.683.114,46 ; 7.144.245,13 ; 9.236.963,53 ; 1.959.462,05 ; 18.340.670,71 ; 33.023.785,17 
PA;1506401;SANTA CRUZ DO ARARI; 9.760.209,18 ; 4.748.946,62 ; 6.709.790,09 ; 1.188.453,42 ; 12.647.190,13 ; 22.407.399,31 
PA;1506500;SANTA IZABEL DO PARA; 59.972.505,86 ; 29.180.340,69 ; 34.210.594,03 ; -   ; 63.390.934,72 ; 123.363.440,58 
PA;1506559;SANTA LUZIA DO PARA; 23.694.269,34 ; 11.528.730,41 ; 14.069.333,59 ; 2.547.626,68 ; 28.145.690,68 ; 51.839.960,02 
PA;1506583;SANTA MARIA DAS BARREIRAS; 22.902.931,79 ; 11.143.695,65 ; 14.940.510,59 ; 2.570.777,68 ; 28.654.983,92 ; 51.557.915,71 
PA;1506609;SANTA MARIA DO PARA; 17.308.998,81 ; 8.421.900,58 ; 10.032.632,26 ; 2.201.125,34 ; 20.655.658,18 ; 37.964.656,99 
PA;1506708;SANTANA DO ARAGUAIA; 75.026.469,99 ; 36.505.027,16 ; 45.970.318,17 ; 8.795.590,41 ; 91.270.935,74 ; 166.297.405,73 
PA;1506807;SANTAREM; 326.705.678,02 ; 158.962.558,84 ; 205.119.302,96 ; -   ; 364.081.861,80 ; 690.787.539,82 
PA;1506906;SANTAREM NOVO; 8.684.393,27 ; 4.225.495,51 ; 5.827.536,68 ; 980.230,67 ; 11.033.262,86 ; 19.717.656,13 
PA;1507003;SANTO ANTONIO DO TAUA; 33.756.432,12 ; 16.424.596,16 ; 28.033.765,36 ; 3.635.423,45 ; 48.093.784,97 ; 81.850.217,09 
PA;1507102;SAO CAETANO DE ODIVELAS; 19.013.790,58 ; 9.251.387,43 ; 13.543.894,18 ; 2.354.165,50 ; 25.149.447,11 ; 44.163.237,69 
PA;1507151;SAO DOMINGOS DO ARAGUAIA; 21.828.519,13 ; 10.620.927,30 ; 9.298.625,63 ; 2.617.846,66 ; 22.537.399,59 ; 44.365.918,72 
PA;1507201;SAO DOMINGOS DO CAPIM; 42.119.963,99 ; 20.493.972,73 ; 26.517.235,36 ; 4.989.623,65 ; 52.000.831,74 ; 94.120.795,73 
PA;1507300;SAO FELIX DO XINGU; 79.811.035,75 ; 38.833.014,91 ; 39.571.013,65 ; -   ; 78.404.028,56 ; 158.215.064,31 
PA;1507409;SAO FRANCISCO DO PARA; 16.069.930,83 ; 7.819.017,23 ; 11.356.774,23 ; 1.862.536,69 ; 21.038.328,15 ; 37.108.258,98 
PA;1507458;SAO GERALDO DO ARAGUAIA; 31.004.373,90 ; 15.085.549,29 ; 22.395.404,82 ; 3.837.107,33 ; 41.318.061,44 ; 72.322.435,34 
PA;1507466;SAO JOAO DA PONTA; 6.332.080,65 ; 3.080.949,64 ; -   ; 766.433,68 ; 3.847.383,32 ; 10.179.463,97 
PA;1507474;SAO JOAO DE PIRABAS; 23.473.183,28 ; 11.421.158,34 ; 15.407.544,28 ; 2.521.832,53 ; 29.350.535,15 ; 52.823.718,43 
PA;1507508;SAO JOAO DO ARAGUAIA; 16.105.178,34 ; 7.836.167,33 ; 7.860.053,37 ; 1.835.169,03 ; 17.531.389,73 ; 33.636.568,07 
PA;1507607;SAO MIGUEL DO GUAMA; 72.947.288,53 ; 35.493.376,53 ; 50.764.025,17 ; 9.018.028,59 ; 95.275.430,29 ; 168.222.718,82 
PA;1507706;SAO SEBASTIAO DA BOA VISTA; 36.180.175,26 ; 17.603.897,41 ; 24.559.419,90 ; 4.399.233,57 ; 46.562.550,88 ; 82.742.726,14 
PA;1507755;SAPUCAIA; 9.943.484,58 ; 4.838.121,46 ; 7.071.144,14 ; 1.088.078,14 ; 12.997.343,74 ; 22.940.828,32 
PA;1507805;SENADOR JOSE PORFIRIO; 40.003.499,43 ; 19.464.181,56 ; 33.373.261,31 ; -   ; 52.837.442,87 ; 92.840.942,30 
PA;1507904;SOURE; 22.924.588,96 ; 11.154.233,21 ; 13.495.148,13 ; -   ; 24.649.381,34 ; 47.573.970,30 
PA;1507953;TAILANDIA; 88.984.204,74 ; 43.296.330,10 ; 60.355.132,57 ; -   ; 103.651.462,67 ; 192.635.667,41 
PA;1507961;TERRA ALTA; 10.594.892,78 ; 5.155.071,93 ; 8.505.893,28 ; -   ; 13.660.965,21 ; 24.255.857,99 
PA;1507979;TERRA SANTA; 24.801.003,57 ; 12.067.225,19 ; 13.933.821,18 ; 3.009.220,22 ; 29.010.266,59 ; 53.811.270,16 
PA;1508001;TOME-ACU; 97.820.604,93 ; 47.595.786,40 ; 59.228.637,61 ; 11.958.611,16 ; 118.783.035,17 ; 216.603.640,10 
PA;1508035;TRACUATEUA; 31.552.184,06 ; 15.352.092,88 ; 16.361.288,29 ; 3.611.519,57 ; 35.324.900,74 ; 66.877.084,80 
PA;1508050;TRAIRAO; 19.510.123,44 ; 9.492.884,13 ; 9.982.210,47 ; -   ; 19.475.094,60 ; 38.985.218,04 
PA;1508084;TUCUMA; 39.661.416,58 ; 19.297.737,05 ; 13.357.942,04 ; 5.151.455,84 ; 37.807.134,93 ; 77.468.551,51 
PA;1508100;TUCURUI; 119.837.548,54 ; 58.308.393,90 ; 109.306.634,88 ; -   ; 167.615.028,78 ; 287.452.577,32 
PA;1508126;ULIANOPOLIS; 34.167.423,10 ; 16.624.568,75 ; 18.338.359,64 ; 2.145.716,67 ; 37.108.645,06 ; 71.276.068,16 
PA;1508159;URUARA; 66.205.520,83 ; 32.213.088,75 ; 46.530.039,05 ; 8.291.802,44 ; 87.034.930,24 ; 153.240.451,07 
PA;1508209;VIGIA; 38.692.555,04 ; 18.826.325,87 ; 29.190.224,67 ; -   ; 48.016.550,54 ; 86.709.105,58 
PA;1508308;VISEU; 81.624.434,73 ; 39.715.345,90 ; 47.852.782,29 ; 9.270.537,52 ; 96.838.665,71 ; 178.463.100,44 
PA;1508357;VITORIA DO XINGU; 26.564.241,87 ; 12.925.149,89 ; 6.102.800,95 ; -   ; 19.027.950,84 ; 45.592.192,71 
PA;1508407;XINGUARA; 48.012.963,56 ; 23.361.282,22 ; 24.558.997,44 ; -   ; 47.920.279,66 ; 95.933.243,22 
PA;15;GOVERNO DO ESTADO; 2.811.077.380,88 ; 1.367.763.352,84 ; -   ; 148.440.808,34 ; 1.516.204.161,18 ; 4.327.281.542,06 
PB;2500106;AGUA BRANCA; 15.065.039,18 ; 1.133.366,53 ; 5.905.160,02 ; -   ; 7.038.526,55 ; 22.103.565,73 
PB;2500205;AGUIAR; 9.714.209,15 ; 730.815,19 ; 4.207.495,64 ; -   ; 4.938.310,83 ; 14.652.519,98 
PB;2500304;ALAGOA GRANDE; 30.512.201,30 ; 2.295.480,77 ; 13.725.742,21 ; -   ; 16.021.222,98 ; 46.533.424,28 
PB;2500403;ALAGOA NOVA; 28.647.936,20 ; 2.155.229,18 ; 16.326.978,79 ; 2.462.519,75 ; 20.944.727,72 ; 49.592.663,92 
PB;2500502;ALAGOINHA; 15.039.744,97 ; 1.131.463,61 ; 2.645.954,55 ; 1.413.991,31 ; 5.191.409,47 ; 20.231.154,44 
PB;2500536;ALCANTIL; 8.872.652,78 ; 667.503,59 ; 3.833.267,99 ; -   ; 4.500.771,58 ; 13.373.424,36 
PB;2500577;ALGODAO DE JANDAIRA; 4.154.546,18 ; 312.553,03 ; 404.922,99 ; 214.927,37 ; 932.403,39 ; 5.086.949,57 
PB;2500601;ALHANDRA; 29.263.701,35 ; 2.201.554,16 ; 4.209.168,02 ; 2.500.006,77 ; 8.910.728,95 ; 38.174.430,30 
PB;2500734;AMPARO; 3.044.584,23 ; 229.048,85 ; -   ; 280.110,86 ; 509.159,71 ; 3.553.743,94 
PB;2500775;APARECIDA; 11.466.881,01 ; 862.671,45 ; 5.774.423,99 ; -   ; 6.637.095,44 ; 18.103.976,45 
PB;2500809;ARACAGI; 22.076.135,55 ; 1.660.822,31 ; 8.186.938,99 ; 1.815.510,44 ; 11.663.271,74 ; 33.739.407,29 
PB;2500908;ARARA; 11.783.084,12 ; 886.459,90 ; 1.389.576,51 ; 1.033.345,79 ; 3.309.382,20 ; 15.092.466,32 
PB;2501005;ARARUNA; 26.522.921,02 ; 1.995.360,96 ; 11.000.514,84 ; -   ; 12.995.875,80 ; 39.518.796,82 
PB;2501104;AREIA; 30.909.914,59 ; 2.325.401,37 ; 16.613.355,47 ; 1.125.006,30 ; 20.063.763,14 ; 50.973.677,73 
PB;2501153;AREIA DE BARAUNAS; 2.782.490,91 ; 209.331,16 ; -   ; 217.608,72 ; 426.939,88 ; 3.209.430,79 
PB;2501203;AREIAL; 12.324.663,22 ; 927.203,75 ; 5.074.230,50 ; -   ; 6.001.434,25 ; 18.326.097,47 
PB;2501302;AROEIRAS; 28.244.054,85 ; 2.124.844,56 ; 14.704.400,89 ; 2.236.243,61 ; 19.065.489,06 ; 47.309.543,91 
PB;2501351;ASSUNCAO; 6.997.073,65 ; 526.400,83 ; 1.610.410,97 ; 642.733,61 ; 2.779.545,41 ; 9.776.619,06 
PB;2501401;BAIA DA TRAICAO; 25.833.116,20 ; 1.943.465,86 ; 20.074.751,03 ; -   ; 22.018.216,89 ; 47.851.333,09 
PB;2501500;BANANEIRAS; 26.482.299,37 ; 1.992.304,93 ; 8.555.125,26 ; -   ; 10.547.430,19 ; 37.029.729,56 
PB;2501534;BARAUNA; 7.060.346,64 ; 531.160,95 ; 1.850.869,86 ; 695.292,15 ; 3.077.322,96 ; 10.137.669,60 
PB;2501609;BARRA DE SANTA ROSA; 16.879.745,65 ; 1.269.889,75 ; 5.928.349,08 ; -   ; 7.198.238,83 ; 24.077.984,48 
PB;2501575;BARRA DE SANTANA; 13.380.649,77 ; 1.006.647,27 ; 7.761.968,70 ; 437.667,15 ; 9.206.283,12 ; 22.586.932,89 
PB;2501708;BARRA DE SAO MIGUEL; 16.954.552,81 ; 1.275.517,61 ; 11.353.769,64 ; 1.409.857,08 ; 14.039.144,33 ; 30.993.697,14 
PB;2501807;BAYEUX; 60.198.126,34 ; 4.528.799,49 ; 7.547.300,04 ; -   ; 12.076.099,53 ; 72.274.225,87 
PB;2501906;BELEM; 14.895.096,13 ; 1.120.581,45 ; 3.548.377,52 ; 690.946,60 ; 5.359.905,57 ; 20.255.001,70 
PB;2502003;BELEM DO BREJO DO CRUZ; 9.955.928,81 ; 749.000,14 ; 2.057.811,92 ; -   ; 2.806.812,06 ; 12.762.740,87 
PB;2502052;BERNARDINO BATISTA; 12.322.911,06 ; 927.071,93 ; 4.885.338,52 ; -   ; 5.812.410,45 ; 18.135.321,51 
PB;2502102;BOA VENTURA; 5.569.625,02 ; 419.011,63 ; 1.181.022,39 ; 215.033,43 ; 1.815.067,45 ; 7.384.692,47 
PB;2502151;BOA VISTA; 9.582.504,64 ; 720.906,86 ; 2.185.378,60 ; 888.773,65 ; 3.795.059,11 ; 13.377.563,75 
PB;2502201;BOM JESUS; 6.074.305,77 ; 456.979,55 ; 2.349.601,17 ; -   ; 2.806.580,72 ; 8.880.886,49 
PB;2502300;BOM SUCESSO; 5.432.692,83 ; 408.710,00 ; -   ; -   ; 408.710,00 ; 5.841.402,83 
PB;2502409;BONITO DE SANTA FE; 13.027.231,44 ; 980.059,06 ; 4.932.602,04 ; 1.226.012,75 ; 7.138.673,85 ; 20.165.905,29 
PB;2502508;BOQUEIRAO; 17.176.751,16 ; 1.292.233,94 ; 5.116.141,16 ; -   ; 6.408.375,10 ; 23.585.126,26 
PB;2502706;BORBOREMA; 5.401.042,12 ; 406.328,87 ; 1.127.126,33 ; 472.361,78 ; 2.005.816,98 ; 7.406.859,10 
PB;2502805;BREJO DO CRUZ; 21.371.488,66 ; 1.607.810,62 ; 3.705.052,17 ; 2.032.827,23 ; 7.345.690,02 ; 28.717.178,68 
PB;2502904;BREJO DOS SANTOS; 6.426.038,43 ; 483.440,95 ; 929.373,17 ; 596.490,63 ; 2.009.304,75 ; 8.435.343,18 
PB;2503001;CAAPORA; 31.889.604,96 ; 2.399.105,01 ; 15.118.670,71 ; 2.568.779,88 ; 20.086.555,60 ; 51.976.160,56 
PB;2503100;CABACEIRAS; 10.977.894,69 ; 825.884,24 ; 4.686.498,71 ; 474.479,96 ; 5.986.862,91 ; 16.964.757,60 
PB;2503209;CABEDELO; 56.776.128,57 ; 4.271.357,23 ; -   ; 5.418.614,40 ; 9.689.971,63 ; 66.466.100,20 
PB;2503308;CACHOEIRA DOS INDIOS; 12.546.498,81 ; 943.892,79 ; 6.313.378,98 ; -   ; 7.257.271,77 ; 19.803.770,58 
PB;2503407;CACIMBA DE AREIA; 4.058.245,22 ; 305.308,15 ; 832.710,94 ; 197.247,86 ; 1.335.266,95 ; 5.393.512,17 
PB;2503506;CACIMBA DE DENTRO; 17.907.025,80 ; 1.347.173,65 ; 7.860.416,29 ; 1.610.572,58 ; 10.818.162,52 ; 28.725.188,32 
PB;2503555;CACIMBAS; 15.299.372,36 ; 1.150.995,78 ; 7.700.578,88 ; 1.150.332,45 ; 10.001.907,11 ; 25.301.279,47 
PB;2503605;CAICARA; 9.342.049,57 ; 702.817,05 ; 3.324.825,31 ; 771.477,55 ; 4.799.119,91 ; 14.141.169,48 
PB;2503704;CAJAZEIRAS; 70.236.555,53 ; 5.284.006,27 ; 31.524.389,23 ; -   ; 36.808.395,50 ; 107.044.951,03 
PB;2503753;CAJAZEIRINHAS; 3.944.820,77 ; 296.775,06 ; 36.103,28 ; -   ; 332.878,34 ; 4.277.699,11 
PB;2503803;CALDAS BRANDAO; 8.231.649,77 ; 619.279,93 ; 419.738,80 ; 758.637,99 ; 1.797.656,72 ; 10.029.306,49 
PB;2503902;CAMALAU; 8.506.771,47 ; 639.977,76 ; 3.071.025,02 ; 435.635,21 ; 4.146.637,99 ; 12.653.409,46 
PB;2504009;CAMPINA GRANDE; 280.097.517,35 ; 21.072.175,67 ; 65.815.937,07 ; -   ; 86.888.112,74 ; 366.985.630,09 
PB;2504033;CAPIM; 10.122.831,37 ; 761.556,48 ; 3.637.038,18 ; 873.034,53 ; 5.271.629,19 ; 15.394.460,56 
PB;2504074;CARAUBAS; 5.327.012,27 ; 400.759,49 ; 10.514,44 ; 464.811,71 ; 876.085,64 ; 6.203.097,91 
PB;2504108;CARRAPATEIRA; 5.017.576,96 ; 377.480,19 ; 132.634,79 ; 517.140,49 ; 1.027.255,47 ; 6.044.832,43 
PB;2504157;CASSERENGUE; 9.076.066,56 ; 682.806,73 ; 2.449.454,94 ; 855.921,73 ; 3.988.183,40 ; 13.064.249,96 
PB;2504207;CATINGUEIRA; 5.908.067,58 ; 444.473,19 ; 747.444,74 ; 562.308,68 ; 1.754.226,61 ; 7.662.294,19 
PB;2504306;CATOLE DO ROCHA; 26.784.713,59 ; 2.015.056,03 ; 7.240.095,61 ; 2.441.707,52 ; 11.696.859,16 ; 38.481.572,75 
PB;2504355;CATURITE; 8.940.251,88 ; 672.589,18 ; 4.113.086,77 ; -   ; 4.785.675,95 ; 13.725.927,83 
PB;2504405;CONCEICAO; 21.408.581,48 ; 1.610.601,17 ; 8.074.927,98 ; 901.921,98 ; 10.587.451,13 ; 31.996.032,61 
PB;2504504;CONDADO; 6.254.053,55 ; 470.502,26 ; 421.324,04 ; -   ; 891.826,30 ; 7.145.879,85 
PB;2504603;CONDE; 47.058.166,83 ; 3.540.259,72 ; 10.441.281,46 ; 4.365.699,01 ; 18.347.240,19 ; 65.405.407,02 
PB;2504702;CONGO; 7.499.292,19 ; 564.183,52 ; 1.823.779,13 ; 672.077,46 ; 3.060.040,11 ; 10.559.332,30 
PB;2504801;COREMAS; 14.628.475,24 ; 1.100.523,14 ; 5.511.157,48 ; 557.830,92 ; 7.169.511,54 ; 21.797.986,78 
PB;2504850;COXIXOLA; 2.297.486,76 ; 172.843,53 ; -   ; -   ; 172.843,53 ; 2.470.330,29 
PB;2504900;CRUZ DO ESPIRITO SANTO; 23.094.504,81 ; 1.737.435,83 ; 7.034.989,20 ; -   ; 8.772.425,03 ; 31.866.929,84 
PB;2505006;CUBATI; 14.558.057,59 ; 1.095.225,51 ; 6.750.962,03 ; 1.271.118,27 ; 9.117.305,81 ; 23.675.363,40 
PB;2505105;CUITE; 21.690.901,10 ; 1.631.840,52 ; 10.904.549,85 ; 2.039.246,45 ; 14.575.636,82 ; 36.266.537,92 
PB;2505238;CUITE DE MAMANGUAPE; 11.730.010,24 ; 882.467,07 ; 2.687.365,48 ; -   ; 3.569.832,55 ; 15.299.842,79 
PB;2505204;CUITEGI; 9.462.441,09 ; 711.874,29 ; 3.038.755,80 ; 821.843,79 ; 4.572.473,88 ; 14.034.914,97 
PB;2505279;CURRAL DE CIMA; 10.935.278,22 ; 822.678,14 ; 4.413.499,27 ; 789.815,06 ; 6.025.992,47 ; 16.961.270,69 
PB;2505303;CURRAL VELHO; 3.933.616,70 ; 295.932,16 ; 825.417,64 ; 327.790,34 ; 1.449.140,14 ; 5.382.756,84 
PB;2505352;DAMIAO; 7.608.862,06 ; 572.426,63 ; 2.329.024,21 ; 720.368,53 ; 3.621.819,37 ; 11.230.681,43 
PB;2505402;DESTERRO; 8.307.352,72 ; 624.975,18 ; 2.362.484,60 ; 771.595,34 ; 3.759.055,12 ; 12.066.407,84 
PB;2505600;DIAMANTE; 6.508.126,07 ; 489.616,54 ; 3.738.496,97 ; 504.551,66 ; 4.732.665,17 ; 11.240.791,24 
PB;2505709;DONA INES; 14.824.782,43 ; 1.115.291,64 ; 4.899.943,94 ; -   ; 6.015.235,58 ; 20.840.018,01 
PB;2505808;DUAS ESTRADAS; 5.028.791,93 ; 378.323,91 ; 179.537,89 ; 419.207,83 ; 977.069,63 ; 6.005.861,56 
PB;2505907;EMAS; 4.372.429,69 ; 328.944,75 ; 506.191,61 ; -   ; 835.136,36 ; 5.207.566,05 
PB;2506004;ESPERANCA; 48.066.772,09 ; 3.616.138,68 ; 20.516.216,85 ; -   ; 24.132.355,53 ; 72.199.127,62 
PB;2506103;FAGUNDES; 11.543.490,80 ; 868.434,92 ; 2.003.527,68 ; -   ; 2.871.962,60 ; 14.415.453,40 
PB;2506202;FREI MARTINHO; 3.182.384,60 ; 239.415,79 ; 339.532,86 ; -   ; 578.948,65 ; 3.761.333,25 
PB;2506251;GADO BRAVO; 19.071.272,51 ; 1.434.761,75 ; 11.607.997,65 ; 1.348.142,76 ; 14.390.902,16 ; 33.462.174,67 
PB;2506301;GUARABIRA; 47.701.372,06 ; 3.588.649,06 ; 18.082.766,89 ; 4.352.984,35 ; 26.024.400,30 ; 73.725.772,36 
PB;2506400;GURINHEM; 26.050.688,82 ; 1.959.834,19 ; 14.617.327,38 ; 2.053.640,60 ; 18.630.802,17 ; 44.681.490,99 
PB;2506509;GURJAO; 5.044.907,58 ; 379.536,31 ; 1.320.695,46 ; 464.335,89 ; 2.164.567,66 ; 7.209.475,24 
PB;2506608;IBIARA; 5.804.582,45 ; 436.687,84 ; 2.220.168,31 ; 265.761,28 ; 2.922.617,43 ; 8.727.199,88 
PB;2502607;IGARACY; 6.294.106,74 ; 473.515,52 ; 1.702.891,29 ; 553.834,04 ; 2.730.240,85 ; 9.024.347,59 
PB;2506707;IMACULADA; 11.580.062,71 ; 871.186,29 ; 2.302.425,56 ; 466.766,06 ; 3.640.377,91 ; 15.220.440,62 
PB;2506806;INGA; 24.829.431,92 ; 1.867.957,12 ; 9.866.523,64 ; 859.243,16 ; 12.593.723,92 ; 37.423.155,84 
PB;2506905;ITABAIANA; 18.375.121,44 ; 1.382.389,21 ; 8.566.760,98 ; -   ; 9.949.150,19 ; 28.324.271,63 
PB;2507002;ITAPORANGA; 18.071.601,03 ; 1.359.554,90 ; 6.102.767,48 ; -   ; 7.462.322,38 ; 25.533.923,41 
PB;2507101;ITAPOROROCA; 26.833.113,09 ; 2.018.697,19 ; 7.083.468,02 ; 2.375.642,83 ; 11.477.808,04 ; 38.310.921,13 
PB;2507200;ITATUBA; 11.849.007,61 ; 891.419,43 ; 2.539.143,81 ; -   ; 3.430.563,24 ; 15.279.570,85 
PB;2507309;JACARAU; 24.629.310,05 ; 1.852.901,64 ; 7.853.096,26 ; -   ; 9.705.997,90 ; 34.335.307,95 
PB;2507408;JERICO; 10.919.560,65 ; 821.495,68 ; 3.943.305,54 ; 847.960,24 ; 5.612.761,46 ; 16.532.322,11 
PB;2507507;JOAO PESSOA; 596.069.056,82 ; 44.843.210,30 ; -   ; -   ; 44.843.210,30 ; 640.912.267,12 
PB;2513653;JOCA CLAUDINO; 8.406.548,50 ; 632.437,83 ; 3.878.066,29 ; 720.064,57 ; 5.230.568,69 ; 13.637.117,19 
PB;2507606;JUAREZ TAVORA; 10.078.373,62 ; 758.211,86 ; 3.810.899,67 ; 892.354,36 ; 5.461.465,89 ; 15.539.839,51 
PB;2507705;JUAZEIRINHO; 22.684.437,33 ; 1.706.585,81 ; 6.674.296,02 ; -   ; 8.380.881,83 ; 31.065.319,16 
PB;2507804;JUNCO DO SERIDO; 8.209.992,12 ; 617.650,59 ; 2.570.057,01 ; 741.926,43 ; 3.929.634,03 ; 12.139.626,15 
PB;2507903;JURIPIRANGA; 15.650.226,21 ; 1.177.391,07 ; 4.957.774,51 ; -   ; 6.135.165,58 ; 21.785.391,79 
PB;2508000;JURU; 12.021.207,55 ; 904.374,30 ; 4.084.308,03 ; 1.132.991,99 ; 6.121.674,32 ; 18.142.881,87 
PB;2508109;LAGOA; 4.552.933,56 ; 342.524,33 ; -   ; 430.498,53 ; 773.022,86 ; 5.325.956,42 
PB;2508208;LAGOA DE DENTRO; 13.250.950,21 ; 996.889,77 ; 4.647.429,51 ; 1.138.569,92 ; 6.782.889,20 ; 20.033.839,41 
PB;2508307;LAGOA SECA; 34.664.935,00 ; 2.607.897,44 ; 18.742.115,23 ; 2.836.487,36 ; 24.186.500,03 ; 58.851.435,03 
PB;2508406;LASTRO; 5.310.415,24 ; 399.510,87 ; 1.014.366,36 ; 417.068,85 ; 1.830.946,08 ; 7.141.361,32 
PB;2508505;LIVRAMENTO; 9.400.319,39 ; 707.200,78 ; 3.211.538,60 ; -   ; 3.918.739,38 ; 13.319.058,77 
PB;2508554;LOGRADOURO; 7.702.859,64 ; 579.498,22 ; 3.222.029,28 ; -   ; 3.801.527,50 ; 11.504.387,14 
PB;2508604;LUCENA; 18.848.624,50 ; 1.418.011,59 ; 7.815.625,94 ; -   ; 9.233.637,53 ; 28.082.262,03 
PB;2508703;MAE DAGUA; 4.289.305,41 ; 322.691,18 ; 274.313,14 ; 404.733,95 ; 1.001.738,27 ; 5.291.043,68 
PB;2508802;MALTA; 8.507.367,11 ; 640.022,57 ; 3.697.101,33 ; -   ; 4.337.123,90 ; 12.844.491,01 
PB;2508901;MAMANGUAPE; 42.937.198,41 ; 3.230.232,80 ; 16.267.960,84 ; 3.952.770,31 ; 23.450.963,95 ; 66.388.162,36 
PB;2509008;MANAIRA; 12.692.387,62 ; 954.868,23 ; 5.103.523,15 ; 1.144.163,43 ; 7.202.554,81 ; 19.894.942,43 
PB;2509057;MARCACAO; 15.216.193,48 ; 1.144.738,11 ; 6.300.986,71 ; 997.156,47 ; 8.442.881,29 ; 23.659.074,77 
PB;2509107;MARI; 29.074.172,54 ; 2.187.295,61 ; 8.052.802,16 ; 2.266.491,01 ; 12.506.588,78 ; 41.580.761,32 
PB;2509156;MARIZOPOLIS; 12.722.027,19 ; 957.098,06 ; 7.213.526,24 ; 965.370,62 ; 9.135.994,92 ; 21.858.022,11 
PB;2509206;MASSARANDUBA; 16.744.719,80 ; 1.259.731,54 ; 8.362.484,94 ; -   ; 9.622.216,48 ; 26.366.936,28 
PB;2509305;MATARACA; 16.397.910,93 ; 1.233.640,57 ; 7.306.701,96 ; 1.560.117,17 ; 10.100.459,70 ; 26.498.370,63 
PB;2509339;MATINHAS; 6.880.618,44 ; 517.639,72 ; 2.635.665,56 ; 600.251,08 ; 3.753.556,36 ; 10.634.174,80 
PB;2509370;MATO GROSSO; 6.990.576,47 ; 525.912,03 ; 1.552.679,92 ; 278.616,39 ; 2.357.208,34 ; 9.347.784,81 
PB;2509396;MATUREIA; 9.638.731,48 ; 725.136,89 ; 3.942.741,51 ; 886.588,77 ; 5.554.467,17 ; 15.193.198,65 
PB;2509404;MOGEIRO; 21.496.068,00 ; 1.617.182,92 ; 10.792.381,40 ; -   ; 12.409.564,32 ; 33.905.632,32 
PB;2509503;MONTADAS; 9.404.207,18 ; 707.493,26 ; 4.970.048,30 ; -   ; 5.677.541,56 ; 15.081.748,74 
PB;2509602;MONTE HOREBE; 9.301.849,86 ; 699.792,76 ; 638.388,37 ; 753.138,64 ; 2.091.319,77 ; 11.393.169,63 
PB;2509701;MONTEIRO; 37.786.157,31 ; 2.842.711,90 ; 16.823.246,30 ; 3.738.776,68 ; 23.404.734,88 ; 61.190.892,19 
PB;2509800;MULUNGU; 13.284.863,69 ; 999.441,14 ; 8.254.913,62 ; 520.701,08 ; 9.775.055,84 ; 23.059.919,53 
PB;2509909;NATUBA; 15.960.754,66 ; 1.200.752,61 ; 7.361.960,50 ; -   ; 8.562.713,11 ; 24.523.467,77 
PB;2510006;NAZAREZINHO; 7.867.775,33 ; 591.905,08 ; 944.395,02 ; 748.121,94 ; 2.284.422,04 ; 10.152.197,37 
PB;2510105;NOVA FLORESTA; 11.231.442,94 ; 844.959,07 ; 4.940.823,81 ; -   ; 5.785.782,88 ; 17.017.225,82 
PB;2510204;NOVA OLINDA; 8.851.957,45 ; 665.946,65 ; 2.878.960,30 ; -   ; 3.544.906,95 ; 12.396.864,40 
PB;2510303;NOVA PALMEIRA; 4.869.631,62 ; 366.350,03 ; -   ; 476.325,40 ; 842.675,43 ; 5.712.307,05 
PB;2510402;OLHO DAGUA; 7.318.561,69 ; 550.586,88 ; 2.715.663,28 ; 616.684,08 ; 3.882.934,24 ; 11.201.495,93 
PB;2510501;OLIVEDOS; 5.710.066,16 ; 429.577,24 ; 1.651.817,42 ; 488.323,00 ; 2.569.717,66 ; 8.279.783,82 
PB;2510600;OURO VELHO; 3.364.266,15 ; 253.099,02 ; -   ; 319.447,91 ; 572.546,93 ; 3.936.813,08 
PB;2510659;PARARI; 2.092.977,63 ; 157.457,99 ; -   ; 174.249,68 ; 331.707,67 ; 2.424.685,30 
PB;2510709;PASSAGEM; 4.249.383,90 ; 319.687,82 ; 1.780.688,32 ; -   ; 2.100.376,14 ; 6.349.760,04 
PB;2510808;PATOS; 86.954.353,90 ; 6.541.712,46 ; 37.557.488,55 ; 8.177.032,26 ; 52.276.233,27 ; 139.230.587,17 
PB;2510907;PAULISTA; 19.953.670,39 ; 1.501.145,93 ; 4.934.858,64 ; 1.758.014,67 ; 8.194.019,24 ; 28.147.689,63 
PB;2511004;PEDRA BRANCA; 5.982.910,12 ; 450.103,71 ; 2.537.537,57 ; 531.858,68 ; 3.519.499,96 ; 9.502.410,08 
PB;2511103;PEDRA LAVRADA; 11.762.565,27 ; 884.916,24 ; 3.450.047,63 ; 473.665,43 ; 4.808.629,30 ; 16.571.194,57 
PB;2511202;PEDRAS DE FOGO; 45.039.193,85 ; 3.388.369,21 ; 13.561.085,81 ; -   ; 16.949.455,02 ; 61.988.648,87 
PB;2512721;PEDRO REGIS; 8.359.364,25 ; 628.888,09 ; 3.267.388,09 ; -   ; 3.896.276,18 ; 12.255.640,43 
PB;2511301;PIANCO; 11.438.278,02 ; 860.519,60 ; 6.517.103,52 ; -   ; 7.377.623,12 ; 18.815.901,14 
PB;2511400;PICUI; 24.403.394,41 ; 1.835.905,65 ; 8.972.451,92 ; 1.093.087,90 ; 11.901.445,47 ; 36.304.839,88 
PB;2511509;PILAR; 17.416.823,12 ; 1.310.294,93 ; 10.932.271,78 ; 698.448,30 ; 12.941.015,01 ; 30.357.838,13 
PB;2511608;PILOES; 11.334.132,12 ; 852.684,54 ; 5.670.203,44 ; 1.003.065,37 ; 7.525.953,35 ; 18.860.085,47 
PB;2511707;PILOEZINHOS; 7.683.826,62 ; 578.066,33 ; 2.228.502,32 ; 336.909,73 ; 3.143.478,38 ; 10.827.305,00 
PB;2511806;PIRPIRITUBA; 9.826.101,19 ; 739.233,01 ; 3.839.766,50 ; -   ; 4.578.999,51 ; 14.405.100,70 
PB;2511905;PITIMBU; 24.444.710,98 ; 1.839.013,96 ; 4.035.785,25 ; -   ; 5.874.799,21 ; 30.319.510,19 
PB;2512002;POCINHOS; 31.204.519,91 ; 2.347.564,99 ; 14.701.856,31 ; 1.257.599,94 ; 18.307.021,24 ; 49.511.541,15 
PB;2512036;POCO DANTAS; 10.203.410,61 ; 767.618,59 ; 2.111.885,52 ; 904.899,04 ; 3.784.403,15 ; 13.987.813,76 
PB;2512077;POCO DE JOSE DE MOURA; 14.972.896,10 ; 1.126.434,46 ; 9.253.856,26 ; 637.696,16 ; 11.017.986,88 ; 25.990.882,98 
PB;2512101;POMBAL; 40.058.277,18 ; 3.013.647,04 ; 20.397.135,76 ; -   ; 23.410.782,80 ; 63.469.059,98 
PB;2512200;PRATA; 4.707.463,05 ; 354.149,83 ; 658.141,56 ; 448.187,27 ; 1.460.478,66 ; 6.167.941,71 
PB;2512309;PRINCESA ISABEL; 19.081.246,46 ; 1.435.512,11 ; 7.346.914,11 ; 1.889.107,90 ; 10.671.534,12 ; 29.752.780,58 
PB;2512408;PUXINANA; 29.107.505,96 ; 2.189.803,34 ; 19.139.144,36 ; 1.084.617,05 ; 22.413.564,75 ; 51.521.070,71 
PB;2512507;QUEIMADAS; 70.851.625,22 ; 5.330.278,92 ; 38.548.092,33 ; 6.913.110,94 ; 50.791.482,19 ; 121.643.107,41 
PB;2512606;QUIXABA; 2.577.063,58 ; 193.876,54 ; -   ; -   ; 193.876,54 ; 2.770.940,12 
PB;2512705;REMIGIO; 22.948.686,50 ; 1.726.465,69 ; 10.678.567,27 ; -   ; 12.405.032,96 ; 35.353.719,46 
PB;2512747;RIACHAO; 4.540.368,22 ; 341.579,02 ; 167.141,35 ; 414.297,25 ; 923.017,62 ; 5.463.385,84 
PB;2512754;RIACHAO DO BACAMARTE; 10.432.775,30 ; 784.874,05 ; 3.442.365,29 ; -   ; 4.227.239,34 ; 14.660.014,64 
PB;2512762;RIACHAO DO POCO; 8.217.459,30 ; 618.212,35 ; 3.498.694,67 ; -   ; 4.116.907,02 ; 12.334.366,32 
PB;2512788;RIACHO DE SANTO ANTONIO; 3.896.593,92 ; 293.146,87 ; 629.073,57 ; 166.961,14 ; 1.089.181,58 ; 4.985.775,50 
PB;2512804;RIACHO DOS CAVALOS; 15.590.132,96 ; 1.172.870,16 ; 6.434.251,61 ; -   ; 7.607.121,77 ; 23.197.254,73 
PB;2512903;RIO TINTO; 28.327.292,44 ; 2.131.106,65 ; 15.836.731,60 ; 2.177.077,58 ; 20.144.915,83 ; 48.472.208,27 
PB;2513000;SALGADINHO; 4.416.795,80 ; 332.282,48 ; 49.257,05 ; -   ; 381.539,53 ; 4.798.335,33 
PB;2513109;SALGADO DE SAO FELIX; 14.759.666,20 ; 1.110.392,84 ; 5.184.054,39 ; 1.190.542,94 ; 7.484.990,17 ; 22.244.656,37 
PB;2513158;SANTA CECILIA; 10.080.433,00 ; 758.366,79 ; 4.005.063,68 ; 919.758,94 ; 5.683.189,41 ; 15.763.622,41 
PB;2513208;SANTA CRUZ; 5.311.557,77 ; 399.596,82 ; 636.200,66 ; 519.800,06 ; 1.555.597,54 ; 6.867.155,31 
PB;2513307;SANTA HELENA; 6.441.598,70 ; 484.611,58 ; -   ; -   ; 484.611,58 ; 6.926.210,28 
PB;2513356;SANTA INES; 3.134.232,50 ; 235.793,23 ; -   ; 270.395,84 ; 506.189,07 ; 3.640.421,57 
PB;2513406;SANTA LUZIA; 13.701.061,90 ; 1.030.752,38 ; 4.366.555,06 ; 1.288.164,65 ; 6.685.472,09 ; 20.386.533,99 
PB;2513703;SANTA RITA; 97.050.925,12 ; 7.301.293,36 ; 13.880.636,93 ; -   ; 21.181.930,29 ; 118.232.855,41 
PB;2513802;SANTA TERESINHA; 4.330.969,02 ; 325.825,59 ; -   ; 190.124,54 ; 515.950,13 ; 4.846.919,15 
PB;2513505;SANTANA DE MANGUEIRA; 7.040.330,67 ; 529.655,12 ; 3.779.662,77 ; 260.328,95 ; 4.569.646,84 ; 11.609.977,51 
PB;2513604;SANTANA DOS GARROTES; 8.379.728,91 ; 630.420,15 ; 930.549,64 ; -   ; 1.560.969,79 ; 9.940.698,70 
PB;2513851;SANTO ANDRE; 3.463.569,90 ; 260.569,80 ; 175.769,19 ; -   ; 436.338,99 ; 3.899.908,89 
PB;2513927;SAO BENTINHO; 6.067.632,16 ; 456.477,49 ; 1.444.892,46 ; 556.221,83 ; 2.457.591,78 ; 8.525.223,94 
PB;2513901;SAO BENTO; 65.162.019,40 ; 4.902.240,95 ; 25.007.058,29 ; -   ; 29.909.299,24 ; 95.071.318,64 
PB;2513968;SAO DOMINGOS; 3.558.259,65 ; 267.693,46 ; -   ; 157.464,66 ; 425.158,12 ; 3.983.417,77 
PB;2513943;SAO DOMINGOS DO CARIRI; 4.233.986,49 ; 318.529,45 ; 1.375.438,46 ; 390.690,74 ; 2.084.658,65 ; 6.318.645,14 
PB;2513984;SAO FRANCISCO; 6.657.868,49 ; 500.881,89 ; 3.199.492,48 ; 476.389,75 ; 4.176.764,12 ; 10.834.632,61 
PB;2514008;SAO JOAO DO CARIRI; 7.356.346,09 ; 553.429,46 ; 3.503.814,51 ; 565.735,85 ; 4.622.979,82 ; 11.979.325,91 
PB;2500700;SAO JOAO DO RIO DO PEIXE; 30.961.288,18 ; 2.329.266,28 ; 2.240.425,27 ; 2.523.222,20 ; 7.092.913,75 ; 38.054.201,93 
PB;2514107;SAO JOAO DO TIGRE; 6.110.087,43 ; 459.671,46 ; 1.503.367,93 ; 519.456,65 ; 2.482.496,04 ; 8.592.583,47 
PB;2514206;SAO JOSE DA LAGOA TAPADA; 11.899.653,42 ; 895.229,60 ; 4.726.454,65 ; 423.846,56 ; 6.045.530,81 ; 17.945.184,23 
PB;2514305;SAO JOSE DE CAIANA; 8.143.351,49 ; 612.637,11 ; 1.805.776,28 ; -   ; 2.418.413,39 ; 10.561.764,88 
PB;2514404;SAO JOSE DE ESPINHARAS; 4.063.282,77 ; 305.687,14 ; 216.668,70 ; 378.188,18 ; 900.544,02 ; 4.963.826,79 
PB;2514503;SAO JOSE DE PIRANHAS; 25.678.531,70 ; 1.931.836,23 ; 5.396.686,35 ; 1.092.220,97 ; 8.420.743,55 ; 34.099.275,25 
PB;2514552;SAO JOSE DE PRINCESA; 3.811.525,37 ; 286.747,03 ; 1.400.739,45 ; -   ; 1.687.486,48 ; 5.499.011,85 
PB;2514602;SAO JOSE DO BONFIM; 4.625.660,03 ; 347.995,66 ; 839.499,40 ; 203.202,93 ; 1.390.697,99 ; 6.016.358,02 
PB;2514651;SAO JOSE DO BREJO DO CRUZ; 4.493.264,24 ; 338.035,32 ; 161.374,63 ; -   ; 499.409,95 ; 4.992.674,19 
PB;2514701;SAO JOSE DO SABUGI; 5.682.213,05 ; 427.481,80 ; 914.527,23 ; 509.343,26 ; 1.851.352,29 ; 7.533.565,34 
PB;2514800;SAO JOSE DOS CORDEIROS; 3.770.303,18 ; 283.645,82 ; 381.407,81 ; 366.826,81 ; 1.031.880,44 ; 4.802.183,62 
PB;2514453;SAO JOSE DOS RAMOS; 11.267.731,35 ; 847.689,11 ; 4.050.956,28 ; 934.485,48 ; 5.833.130,87 ; 17.100.862,22 
PB;2514909;SAO MAMEDE; 8.593.536,12 ; 646.505,20 ; 3.076.694,78 ; -   ; 3.723.199,98 ; 12.316.736,10 
PB;2515005;SAO MIGUEL DE TAIPU; 11.285.060,39 ; 848.992,80 ; 3.855.938,00 ; 872.981,40 ; 5.577.912,20 ; 16.862.972,59 
PB;2515104;SAO SEBASTIAO DE LAGOA DE ROCA; 11.455.745,85 ; 861.833,73 ; 3.845.341,42 ; -   ; 4.707.175,15 ; 16.162.921,00 
PB;2515203;SAO SEBASTIAO DO UMBUZEIRO; 5.052.511,49 ; 380.108,37 ; 1.378.059,89 ; 473.731,26 ; 2.231.899,52 ; 7.284.411,01 
PB;2515401;SAO VICENTE DO SERIDO; 14.987.591,81 ; 1.127.540,05 ; 7.913.862,16 ; 1.333.027,33 ; 10.374.429,54 ; 25.362.021,35 
PB;2515302;SAPE; 49.945.180,15 ; 3.757.454,26 ; 19.158.057,58 ; -   ; 22.915.511,84 ; 72.860.691,99 
PB;2515500;SERRA BRANCA; 9.587.599,09 ; 721.290,12 ; 1.563.413,93 ; 894.864,57 ; 3.179.568,62 ; 12.767.167,71 
PB;2515609;SERRA DA RAIZ; 5.960.985,42 ; 448.454,28 ; 2.149.935,48 ; 243.076,04 ; 2.841.465,80 ; 8.802.451,22 
PB;2515708;SERRA GRANDE; 4.193.627,98 ; 315.493,21 ; 66.254,63 ; 441.857,18 ; 823.605,02 ; 5.017.233,00 
PB;2515807;SERRA REDONDA; 8.052.758,58 ; 605.821,66 ; 4.453.667,68 ; 690.083,74 ; 5.749.573,08 ; 13.802.331,66 
PB;2515906;SERRARIA; 5.989.938,00 ; 450.632,43 ; 1.942.605,07 ; 274.290,45 ; 2.667.527,95 ; 8.657.465,95 
PB;2515930;SERTAOZINHO; 8.733.413,66 ; 657.028,41 ; 2.810.184,65 ; 802.738,62 ; 4.269.951,68 ; 13.003.365,34 
PB;2515971;SOBRADO; 13.912.226,37 ; 1.046.638,62 ; 6.848.475,64 ; -   ; 7.895.114,26 ; 21.807.340,63 
PB;2516003;SOLANEA; 23.696.670,51 ; 1.782.737,70 ; 5.201.817,44 ; -   ; 6.984.555,14 ; 30.681.225,65 
PB;2516102;SOLEDADE; 18.862.064,48 ; 1.419.022,70 ; 7.485.626,93 ; 853.571,53 ; 9.758.221,16 ; 28.620.285,64 
PB;2516151;SOSSEGO; 6.066.323,73 ; 456.379,05 ; 2.024.376,56 ; -   ; 2.480.755,61 ; 8.547.079,34 
PB;2516201;SOUSA; 41.140.197,94 ; 3.095.041,63 ; 11.351.664,11 ; 4.147.001,88 ; 18.593.707,62 ; 59.733.905,56 
PB;2516300;SUME; 17.564.347,84 ; 1.321.393,44 ; 6.572.750,07 ; 1.584.590,16 ; 9.478.733,67 ; 27.043.081,51 
PB;2516409;TACIMA; 9.896.326,98 ; 744.516,21 ; 2.225.191,90 ; 868.492,35 ; 3.838.200,46 ; 13.734.527,44 
PB;2516508;TAPEROA; 17.084.180,90 ; 1.285.269,73 ; 9.298.562,06 ; 1.473.208,58 ; 12.057.040,37 ; 29.141.221,27 
PB;2516607;TAVARES; 15.471.842,38 ; 1.163.970,97 ; 4.781.015,53 ; 1.422.126,68 ; 7.367.113,18 ; 22.838.955,56 
PB;2516706;TEIXEIRA; 21.994.656,88 ; 1.654.692,54 ; 12.406.882,23 ; 1.691.798,73 ; 15.753.373,50 ; 37.748.030,38 
PB;2516755;TENORIO; 4.376.688,60 ; 329.265,15 ; 220.619,29 ; 414.197,33 ; 964.081,77 ; 5.340.770,37 
PB;2516805;TRIUNFO; 22.580.103,97 ; 1.698.736,65 ; 16.335.272,43 ; 1.921.558,59 ; 19.955.567,67 ; 42.535.671,64 
PB;2516904;UIRAUNA; 20.192.688,67 ; 1.519.127,65 ; 2.919.559,54 ; 1.760.817,62 ; 6.199.504,81 ; 26.392.193,48 
PB;2517001;UMBUZEIRO; 21.428.848,31 ; 1.612.125,88 ; 10.776.241,67 ; 1.556.766,10 ; 13.945.133,65 ; 35.373.981,96 
PB;2517100;VARZEA; 3.038.387,66 ; 228.582,67 ; -   ; 296.793,08 ; 525.375,75 ; 3.563.763,41 
PB;2517209;VIEIROPOLIS; 7.674.184,62 ; 577.340,95 ; 6.284.232,46 ; 600.557,04 ; 7.462.130,45 ; 15.136.315,07 
PB;2505501;VISTA SERRANA; 5.294.199,90 ; 398.290,96 ; 514.961,87 ; 252.903,81 ; 1.166.156,64 ; 6.460.356,54 
PB;2517407;ZABELE; 3.918.507,24 ; 294.795,45 ; 693.999,87 ; -   ; 988.795,32 ; 4.907.302,56 
PB;25;GOVERNO DO ESTADO; 1.786.460.301,30 ; 134.398.211,19 ; -   ; -   ; 134.398.211,19 ; 1.920.858.512,49 
PE;2600054;ABREU E LIMA; 44.247.870,85 ; 6.211.224,06 ; 7.161.072,15 ; -   ; 13.372.296,21 ; 57.620.167,06 
PE;2600104;AFOGADOS DA INGAZEIRA; 43.538.193,99 ; 6.111.604,31 ; 14.431.573,43 ; 4.737.189,22 ; 25.280.366,96 ; 68.818.560,95 
PE;2600203;AFRANIO; 19.523.091,07 ; 2.740.522,67 ; 7.732.833,78 ; 1.870.587,22 ; 12.343.943,67 ; 31.867.034,74 
PE;2600302;AGRESTINA; 23.639.674,87 ; 3.318.381,53 ; 6.369.123,10 ; 2.461.737,16 ; 12.149.241,79 ; 35.788.916,66 
PE;2600401;AGUA PRETA; 25.665.305,11 ; 3.602.726,13 ; 7.758.535,95 ; 2.470.280,79 ; 13.831.542,87 ; 39.496.847,98 
PE;2600500;AGUAS BELAS; 45.255.497,38 ; 6.352.668,02 ; 16.582.350,72 ; 4.560.651,08 ; 27.495.669,82 ; 72.751.167,20 
PE;2600609;ALAGOINHA; 16.532.080,87 ; 2.320.664,40 ; 6.550.261,63 ; 1.548.408,03 ; 10.419.334,06 ; 26.951.414,93 
PE;2600708;ALIANCA; 34.728.181,88 ; 4.874.912,96 ; 13.032.993,34 ; -   ; 17.907.906,30 ; 52.636.088,18 
PE;2600807;ALTINHO; 15.730.668,42 ; 2.208.167,41 ; 5.247.700,05 ; 813.826,13 ; 8.269.693,59 ; 24.000.362,01 
PE;2600906;AMARAJI; 18.780.605,58 ; 2.636.297,45 ; 6.741.308,86 ; 1.784.230,31 ; 11.161.836,62 ; 29.942.442,20 
PE;2601003;ANGELIM; 12.011.961,10 ; 1.686.159,82 ; 3.189.729,24 ; 1.244.744,46 ; 6.120.633,52 ; 18.132.594,62 
PE;2601052;ARACOIABA; 22.904.847,32 ; 3.215.231,29 ; 6.301.683,94 ; -   ; 9.516.915,23 ; 32.421.762,55 
PE;2601102;ARARIPINA; 85.729.892,78 ; 12.034.196,50 ; 38.852.071,34 ; -   ; 50.886.267,84 ; 136.616.160,62 
PE;2601201;ARCOVERDE; 48.077.186,03 ; 6.748.758,05 ; 9.142.242,86 ; -   ; 15.891.000,91 ; 63.968.186,94 
PE;2601300;BARRA DE GUABIRABA; 13.228.387,27 ; 1.856.913,69 ; 4.417.518,12 ; -   ; 6.274.431,81 ; 19.502.819,08 
PE;2601409;BARREIROS; 49.240.959,37 ; 6.912.120,87 ; 24.695.569,41 ; 4.109.971,47 ; 35.717.661,75 ; 84.958.621,12 
PE;2601508;BELEM DE MARIA; 14.151.462,77 ; 1.986.488,94 ; 5.305.914,55 ; 1.330.968,53 ; 8.623.372,02 ; 22.774.834,79 
PE;2601607;BELEM DO SAO FRANCISCO; 18.279.961,34 ; 2.566.020,32 ; 7.587.709,61 ; -   ; 10.153.729,93 ; 28.433.691,27 
PE;2601706;BELO JARDIM; 75.861.956,58 ; 10.649.000,75 ; 33.302.880,06 ; -   ; 43.951.880,81 ; 119.813.837,39 
PE;2601805;BETANIA; 17.880.730,99 ; 2.509.979,00 ; 9.365.789,96 ; 1.746.720,86 ; 13.622.489,82 ; 31.503.220,81 
PE;2601904;BEZERROS; 45.108.546,65 ; 6.332.040,05 ; 16.820.031,81 ; -   ; 23.152.071,86 ; 68.260.618,51 
PE;2602001;BODOCO; 35.193.787,54 ; 4.940.271,60 ; 9.319.042,48 ; -   ; 14.259.314,08 ; 49.453.101,62 
PE;2602100;BOM CONSELHO; 44.148.447,90 ; 6.197.267,72 ; 14.685.856,95 ; 4.282.308,81 ; 25.165.433,48 ; 69.313.881,38 
PE;2602209;BOM JARDIM; 37.169.813,66 ; 5.217.653,11 ; 16.095.667,95 ; 3.423.442,20 ; 24.736.763,26 ; 61.906.576,92 
PE;2602308;BONITO; 37.395.332,28 ; 5.249.309,93 ; 10.800.184,12 ; -   ; 16.049.494,05 ; 53.444.826,33 
PE;2602407;BREJAO; 15.469.470,11 ; 2.171.502,11 ; 7.830.001,60 ; -   ; 10.001.503,71 ; 25.470.973,82 
PE;2602506;BREJINHO; 9.571.167,98 ; 1.343.537,39 ; 1.194.575,28 ; -   ; 2.538.112,67 ; 12.109.280,65 
PE;2602605;BREJO DA MADRE DE DEUS; 51.274.006,88 ; 7.197.506,66 ; 17.469.374,80 ; -   ; 24.666.881,46 ; 75.940.888,34 
PE;2602704;BUENOS AIRES; 13.417.450,65 ; 1.883.453,16 ; 4.751.123,52 ; 613.280,20 ; 7.247.856,88 ; 20.665.307,53 
PE;2602803;BUIQUE; 57.515.795,54 ; 8.073.687,75 ; 21.506.938,89 ; 5.466.648,04 ; 35.047.274,68 ; 92.563.070,22 
PE;2602902;CABO DE SANTO AGOSTINHO; 191.239.976,97 ; 26.845.005,72 ; -   ; 18.811.423,69 ; 45.656.429,41 ; 236.896.406,38 
PE;2603009;CABROBO; 35.721.718,61 ; 5.014.379,08 ; 17.016.516,81 ; 1.785.614,81 ; 23.816.510,70 ; 59.538.229,31 
PE;2603108;CACHOEIRINHA; 16.492.388,52 ; 2.315.092,64 ; 7.186.867,45 ; 1.691.375,38 ; 11.193.335,47 ; 27.685.723,99 
PE;2603207;CAETES; 33.934.086,46 ; 4.763.443,08 ; 13.257.781,23 ; -   ; 18.021.224,31 ; 51.955.310,77 
PE;2603306;CALCADO; 10.923.033,01 ; 1.533.303,28 ; 1.167.822,28 ; -   ; 2.701.125,56 ; 13.624.158,57 
PE;2603405;CALUMBI; 9.525.749,08 ; 1.337.161,78 ; 4.611.731,58 ; 888.628,38 ; 6.837.521,74 ; 16.363.270,82 
PE;2603454;CAMARAGIBE; 63.897.148,37 ; 8.969.459,95 ; -   ; -   ; 8.969.459,95 ; 72.866.608,32 
PE;2603504;CAMOCIM DE SAO FELIX; 18.159.720,08 ; 2.549.141,64 ; 8.517.158,07 ; -   ; 11.066.299,71 ; 29.226.019,79 
PE;2603603;CAMUTANGA; 7.618.364,93 ; 1.069.415,79 ; 960.201,69 ; 719.793,98 ; 2.749.411,46 ; 10.367.776,39 
PE;2603702;CANHOTINHO; 26.847.870,13 ; 3.768.726,80 ; 8.692.264,23 ; 2.654.640,00 ; 15.115.631,03 ; 41.963.501,16 
PE;2603801;CAPOEIRAS; 23.564.970,07 ; 3.307.894,96 ; 10.428.743,13 ; 2.128.702,25 ; 15.865.340,34 ; 39.430.310,41 
PE;2603900;CARNAIBA; 28.685.705,08 ; 4.026.709,95 ; 14.442.337,36 ; 2.774.535,02 ; 21.243.582,33 ; 49.929.287,41 
PE;2603926;CARNAUBEIRA DA PENHA; 9.051.879,68 ; 1.270.643,12 ; -   ; 897.716,73 ; 2.168.359,85 ; 11.220.239,53 
PE;2604007;CARPINA; 54.862.836,70 ; 7.701.282,90 ; 14.711.920,21 ; 5.651.716,97 ; 28.064.920,08 ; 82.927.756,78 
PE;2604106;CARUARU; 341.452.019,54 ; 47.930.780,81 ; 114.655.741,32 ; -   ; 162.586.522,13 ; 504.038.541,67 
PE;2604155;CASINHAS; 19.866.476,31 ; 2.788.724,82 ; 10.411.445,97 ; 2.180.983,14 ; 15.381.153,93 ; 35.247.630,24 
PE;2604205;CATENDE; 31.589.092,05 ; 4.434.268,25 ; 13.866.201,69 ; 2.770.231,68 ; 21.070.701,62 ; 52.659.793,67 
PE;2604304;CEDRO; 11.757.751,49 ; 1.650.475,55 ; 4.879.378,52 ; 1.088.259,15 ; 7.618.113,22 ; 19.375.864,71 
PE;2604403;CHA DE ALEGRIA; 15.299.283,65 ; 2.147.612,46 ; 6.734.787,52 ; 1.452.370,28 ; 10.334.770,26 ; 25.634.053,91 
PE;2604502;CHA GRANDE; 30.629.681,56 ; 4.299.592,53 ; 7.127.622,86 ; 3.133.177,82 ; 14.560.393,21 ; 45.190.074,77 
PE;2604601;CONDADO; 25.114.921,42 ; 3.525.466,90 ; 8.695.689,47 ; -   ; 12.221.156,37 ; 37.336.077,79 
PE;2604700;CORRENTES; 17.855.360,59 ; 2.506.417,67 ; 5.549.849,55 ; 1.719.280,71 ; 9.775.547,93 ; 27.630.908,52 
PE;2604809;CORTES; 12.434.884,60 ; 1.745.527,03 ; 966.754,31 ; -   ; 2.712.281,34 ; 15.147.165,94 
PE;2604908;CUMARU; 21.585.814,54 ; 3.030.074,17 ; 10.299.776,32 ; 1.893.969,36 ; 15.223.819,85 ; 36.809.634,39 
PE;2605004;CUPIRA; 35.341.353,25 ; 4.960.985,90 ; 19.998.998,01 ; 3.749.531,32 ; 28.709.515,23 ; 64.050.868,48 
PE;2605103;CUSTODIA; 44.583.234,64 ; 6.258.300,21 ; 8.794.785,78 ; 4.803.698,63 ; 19.856.784,62 ; 64.440.019,26 
PE;2605152;DORMENTES; 19.232.659,02 ; 2.699.753,73 ; 4.213.930,61 ; -   ; 6.913.684,34 ; 26.146.343,36 
PE;2605202;ESCADA; 44.602.689,35 ; 6.261.031,14 ; 13.785.181,98 ; 4.368.826,55 ; 24.415.039,67 ; 69.017.729,02 
PE;2605301;EXU; 35.529.975,57 ; 4.987.463,46 ; 15.616.755,59 ; 3.482.198,52 ; 24.086.417,57 ; 59.616.393,14 
PE;2605400;FEIRA NOVA; 21.830.101,66 ; 3.064.365,59 ; 8.035.587,04 ; -   ; 11.099.952,63 ; 32.930.054,29 
PE;2605509;FERREIROS; 10.413.700,93 ; 1.461.806,60 ; 2.434.028,65 ; 1.019.916,75 ; 4.915.752,00 ; 15.329.452,93 
PE;2605608;FLORES; 20.004.396,46 ; 2.808.085,14 ; 8.908.857,49 ; 1.988.547,18 ; 13.705.489,81 ; 33.709.886,27 
PE;2605707;FLORESTA; 31.459.593,68 ; 4.416.090,12 ; 9.145.638,98 ; -   ; 13.561.729,10 ; 45.021.322,78 
PE;2605806;FREI MIGUELINHO; 13.971.607,93 ; 1.961.242,10 ; 4.165.563,83 ; -   ; 6.126.805,93 ; 20.098.413,86 
PE;2605905;GAMELEIRA; 21.191.775,71 ; 2.974.761,60 ; 5.987.845,52 ; 2.055.318,44 ; 11.017.925,56 ; 32.209.701,27 
PE;2606002;GARANHUNS; 115.382.069,36 ; 16.196.573,34 ; 28.942.721,28 ; -   ; 45.139.294,62 ; 160.521.363,98 
PE;2606101;GLORIA DO GOITA; 27.993.363,55 ; 3.929.523,61 ; 9.069.044,16 ; -   ; 12.998.567,77 ; 40.991.931,32 
PE;2606200;GOIANA; 72.498.507,46 ; 10.176.861,96 ; -   ; 6.883.732,81 ; 17.060.594,77 ; 89.559.102,23 
PE;2606309;GRANITO; 10.473.484,13 ; 1.470.198,57 ; 5.368.683,98 ; -   ; 6.838.882,55 ; 17.312.366,68 
PE;2606408;GRAVATA; 58.160.184,36 ; 8.164.142,81 ; 6.107.647,17 ; -   ; 14.271.789,98 ; 72.431.974,34 
PE;2606507;IATI; 20.547.299,00 ; 2.884.294,22 ; 4.247.361,27 ; -   ; 7.131.655,49 ; 27.678.954,49 
PE;2606606;IBIMIRIM; 24.028.271,70 ; 3.372.930,19 ; 9.040.208,20 ; -   ; 12.413.138,39 ; 36.441.410,09 
PE;2606705;IBIRAJUBA; 7.674.771,01 ; 1.077.333,70 ; 734.427,85 ; 793.195,93 ; 2.604.957,48 ; 10.279.728,49 
PE;2606804;IGARASSU; 99.067.850,73 ; 13.906.491,01 ; 27.570.678,36 ; 9.917.557,67 ; 51.394.727,04 ; 150.462.577,77 
PE;2606903;IGUARACY; 12.246.207,67 ; 1.719.041,80 ; 2.678.113,09 ; -   ; 4.397.154,89 ; 16.643.362,56 
PE;2607604;ILHA DE ITAMARACA; 13.063.159,11 ; 1.833.720,05 ; 931.527,93 ; 1.333.389,25 ; 4.098.637,23 ; 17.161.796,34 
PE;2607000;INAJA; 26.744.681,46 ; 3.754.241,86 ; 12.717.213,60 ; -   ; 16.471.455,46 ; 43.216.136,92 
PE;2607109;INGAZEIRA; 6.129.659,25 ; 860.441,11 ; 1.187.512,73 ; 629.632,59 ; 2.677.586,43 ; 8.807.245,68 
PE;2607208;IPOJUCA; 134.097.298,55 ; 18.823.693,68 ; -   ; 14.265.076,05 ; 33.088.769,73 ; 167.186.068,28 
PE;2607307;IPUBI; 44.939.310,06 ; 6.308.283,73 ; 26.342.079,96 ; -   ; 32.650.363,69 ; 77.589.673,75 
PE;2607406;ITACURUBA; 5.020.601,05 ; 704.758,84 ; -   ; -   ; 704.758,84 ; 5.725.359,89 
PE;2607505;ITAIBA; 36.481.846,99 ; 5.121.080,89 ; 23.484.806,82 ; -   ; 28.605.887,71 ; 65.087.734,70 
PE;2607653;ITAMBE; 25.420.601,36 ; 3.568.376,23 ; 3.267.893,04 ; -   ; 6.836.269,27 ; 32.256.870,63 
PE;2607703;ITAPETIM; 13.965.187,85 ; 1.960.340,90 ; 2.437.907,82 ; 746.373,25 ; 5.144.621,97 ; 19.109.809,82 
PE;2607752;ITAPISSUMA; 28.437.799,91 ; 3.991.910,65 ; 6.423.263,62 ; -   ; 10.415.174,27 ; 38.852.974,18 
PE;2607802;ITAQUITINGA; 11.836.439,19 ; 1.661.521,21 ; -   ; -   ; 1.661.521,21 ; 13.497.960,40 
PE;2607901;JABOATAO DOS GUARARAPES; 385.522.894,86 ; 54.117.159,41 ; 3.081.819,54 ; -   ; 57.198.978,95 ; 442.721.873,81 
PE;2607950;JAQUEIRA; 14.646.645,40 ; 2.055.999,41 ; 6.489.887,13 ; 1.385.818,82 ; 9.931.705,36 ; 24.578.350,76 
PE;2608008;JATAUBA; 20.984.024,36 ; 2.945.598,84 ; 5.253.926,15 ; 1.015.270,28 ; 9.214.795,27 ; 30.198.819,63 
PE;2608057;JATOBA; 9.688.466,62 ; 1.360.003,00 ; -   ; -   ; 1.360.003,00 ; 11.048.469,62 
PE;2608107;JOAO ALFREDO; 31.078.691,67 ; 4.362.621,61 ; 15.060.223,21 ; -   ; 19.422.844,82 ; 50.501.536,49 
PE;2608206;JOAQUIM NABUCO; 18.244.740,26 ; 2.561.076,22 ; 12.621.882,75 ; 1.427.276,92 ; 16.610.235,89 ; 34.854.976,15 
PE;2608255;JUCATI; 16.169.306,66 ; 2.269.740,55 ; 4.847.787,38 ; -   ; 7.117.527,93 ; 23.286.834,59 
PE;2608305;JUPI; 26.235.790,22 ; 3.682.807,07 ; 13.484.685,46 ; -   ; 17.167.492,53 ; 43.403.282,75 
PE;2608404;JUREMA; 20.785.577,49 ; 2.917.742,18 ; 10.821.077,30 ; 1.952.828,03 ; 15.691.647,51 ; 36.477.225,00 
PE;2608503;LAGOA DE ITAENGA; 17.252.806,76 ; 2.421.835,14 ; 4.118.810,00 ; 1.630.733,18 ; 8.171.378,32 ; 25.424.185,08 
PE;2608453;LAGOA DO CARRO; 17.476.515,07 ; 2.453.237,84 ; 5.247.511,95 ; 1.764.877,88 ; 9.465.627,67 ; 26.942.142,74 
PE;2608602;LAGOA DO OURO; 15.515.846,42 ; 2.178.012,11 ; 5.150.471,55 ; 1.575.459,51 ; 8.903.943,17 ; 24.419.789,59 
PE;2608701;LAGOA DOS GATOS; 16.353.169,96 ; 2.295.550,06 ; 4.258.765,14 ; 1.644.924,44 ; 8.199.239,64 ; 24.552.409,60 
PE;2608750;LAGOA GRANDE; 38.618.846,85 ; 5.421.058,82 ; 22.692.731,91 ; 1.821.327,68 ; 29.935.118,41 ; 68.553.965,26 
PE;2608800;LAJEDO; 49.059.229,11 ; 6.886.610,78 ; 17.225.715,72 ; 4.884.884,12 ; 28.997.210,62 ; 78.056.439,73 
PE;2608909;LIMOEIRO; 43.294.920,66 ; 6.077.455,20 ; 18.345.050,70 ; 2.084.911,46 ; 26.507.417,36 ; 69.802.338,02 
PE;2609006;MACAPARANA; 24.086.194,93 ; 3.381.061,07 ; 7.410.667,86 ; -   ; 10.791.728,93 ; 34.877.923,86 
PE;2609105;MACHADOS; 14.261.009,14 ; 2.001.866,34 ; 4.913.705,73 ; -   ; 6.915.572,07 ; 21.176.581,21 
PE;2609154;MANARI; 31.383.823,85 ; 4.405.454,05 ; 20.640.523,69 ; 1.317.080,40 ; 26.363.058,14 ; 57.746.881,99 
PE;2609204;MARAIAL; 13.171.572,91 ; 1.848.938,47 ; 4.626.155,62 ; 1.205.495,87 ; 7.680.589,96 ; 20.852.162,87 
PE;2609303;MIRANDIBA; 17.528.907,12 ; 2.460.592,28 ; 7.252.027,19 ; 1.757.246,75 ; 11.469.866,22 ; 28.998.773,34 
PE;2614303;MOREILANDIA; 10.982.747,69 ; 1.541.685,63 ; 3.653.197,18 ; 1.110.889,66 ; 6.305.772,47 ; 17.288.520,16 
PE;2609402;MORENO; 38.167.894,61 ; 5.357.757,12 ; 4.976.764,52 ; 3.907.752,34 ; 14.242.273,98 ; 52.410.168,59 
PE;2609501;NAZARE DA MATA; 17.736.287,86 ; 2.489.703,03 ; 3.986.893,73 ; 1.815.214,29 ; 8.291.811,05 ; 26.028.098,91 
PE;2609600;OLINDA; 163.001.984,91 ; 22.881.142,77 ; -   ; -   ; 22.881.142,77 ; 185.883.127,68 
PE;2609709;OROBO; 27.434.385,49 ; 3.851.057,96 ; 10.109.756,00 ; -   ; 13.960.813,96 ; 41.395.199,45 
PE;2609808;OROCO; 20.518.574,63 ; 2.880.262,08 ; 9.200.291,89 ; 1.835.413,73 ; 13.915.967,70 ; 34.434.542,33 
PE;2609907;OURICURI; 56.037.780,22 ; 7.866.213,72 ; 14.907.256,34 ; 5.351.551,53 ; 28.125.021,59 ; 84.162.801,81 
PE;2610004;PALMARES; 48.350.101,95 ; 6.787.068,19 ; 19.135.227,70 ; -   ; 25.922.295,89 ; 74.272.397,84 
PE;2610103;PALMEIRINA; 7.834.102,36 ; 1.099.699,58 ; 1.534.913,77 ; 748.075,72 ; 3.382.689,07 ; 11.216.791,43 
PE;2610202;PANELAS; 36.975.112,55 ; 5.190.322,25 ; 11.087.757,96 ; 3.880.716,82 ; 20.158.797,03 ; 57.133.909,58 
PE;2610301;PARANATAMA; 16.213.616,45 ; 2.275.960,46 ; 3.794.925,31 ; 1.519.530,06 ; 7.590.415,83 ; 23.804.032,28 
PE;2610400;PARNAMIRIM; 22.076.249,00 ; 3.098.918,13 ; 9.568.966,50 ; 987.876,16 ; 13.655.760,79 ; 35.732.009,79 
PE;2610509;PASSIRA; 25.057.605,15 ; 3.517.421,22 ; 7.544.781,48 ; 2.608.387,37 ; 13.670.590,07 ; 38.728.195,22 
PE;2610608;PAUDALHO; 58.860.380,09 ; 8.262.431,66 ; 27.188.375,45 ; 5.750.962,60 ; 41.201.769,71 ; 100.062.149,80 
PE;2610707;PAULISTA; 148.357.060,40 ; 20.825.384,93 ; 29.071.052,74 ; -   ; 49.896.437,67 ; 198.253.498,07 
PE;2610806;PEDRA; 20.067.437,71 ; 2.816.934,45 ; 8.466.295,40 ; -   ; 11.283.229,85 ; 31.350.667,56 
PE;2610905;PESQUEIRA; 62.654.015,42 ; 8.794.957,15 ; 21.859.906,64 ; -   ; 30.654.863,79 ; 93.308.879,21 
PE;2611002;PETROLANDIA; 41.609.748,61 ; 5.840.901,87 ; 14.014.757,63 ; -   ; 19.855.659,50 ; 61.465.408,11 
PE;2611101;PETROLINA; 424.264.622,15 ; 59.555.467,37 ; 220.762.251,19 ; -   ; 280.317.718,56 ; 704.582.340,71 
PE;2611200;POCAO; 12.047.007,48 ; 1.691.079,40 ; 2.968.908,34 ; -   ; 4.659.987,74 ; 16.706.995,22 
PE;2611309;POMBOS; 22.524.458,66 ; 3.161.834,84 ; -   ; -   ; 3.161.834,84 ; 25.686.293,50 
PE;2611408;PRIMAVERA; 11.702.381,29 ; 1.642.703,05 ; 2.864.892,08 ; 1.109.568,64 ; 5.617.163,77 ; 17.319.545,06 
PE;2611507;QUIPAPA; 20.769.110,96 ; 2.915.430,71 ; 6.108.787,91 ; 1.957.702,60 ; 10.981.921,22 ; 31.751.032,18 
PE;2611533;QUIXABA; 13.146.487,84 ; 1.845.417,19 ; 5.800.560,56 ; 1.452.484,82 ; 9.098.462,57 ; 22.244.950,41 
PE;2611606;RECIFE; 725.987.915,80 ; 101.909.391,87 ; -   ; -   ; 101.909.391,87 ; 827.897.307,67 
PE;2611705;RIACHO DAS ALMAS; 27.606.098,12 ; 3.875.161,85 ; 13.191.265,92 ; 2.664.333,21 ; 19.730.760,98 ; 47.336.859,10 
PE;2611804;RIBEIRAO; 26.414.894,06 ; 3.707.948,48 ; 2.819.515,30 ; 2.733.140,48 ; 9.260.604,26 ; 35.675.498,32 
PE;2611903;RIO FORMOSO; 28.857.801,36 ; 4.050.867,68 ; 9.170.974,90 ; 3.010.136,52 ; 16.231.979,10 ; 45.089.780,46 
PE;2612000;SAIRE; 10.048.054,48 ; 1.410.479,57 ; 2.166.469,53 ; 516.830,92 ; 4.093.780,02 ; 14.141.834,50 
PE;2612109;SALGADINHO; 6.337.934,89 ; 889.677,47 ; -   ; 602.342,59 ; 1.492.020,06 ; 7.829.954,95 
PE;2612208;SALGUEIRO; 57.217.652,93 ; 8.031.836,46 ; 19.797.660,51 ; 2.974.566,75 ; 30.804.063,72 ; 88.021.716,65 
PE;2612307;SALOA; 18.785.430,14 ; 2.636.974,69 ; 7.535.224,48 ; 2.046.280,26 ; 12.218.479,43 ; 31.003.909,57 
PE;2612406;SANHARO; 21.299.871,89 ; 2.989.935,43 ; 8.736.571,03 ; -   ; 11.726.506,46 ; 33.026.378,35 
PE;2612455;SANTA CRUZ; 19.886.165,12 ; 2.791.488,61 ; 5.895.615,65 ; -   ; 8.687.104,26 ; 28.573.269,38 
PE;2612471;SANTA CRUZ DA BAIXA VERDE; 12.985.394,74 ; 1.822.804,01 ; 4.241.115,57 ; 1.333.584,10 ; 7.397.503,68 ; 20.382.898,42 
PE;2612505;SANTA CRUZ DO CAPIBARIBE; 97.245.794,71 ; 13.650.722,81 ; 37.980.885,37 ; -   ; 51.631.608,18 ; 148.877.402,89 
PE;2612554;SANTA FILOMENA; 15.730.992,63 ; 2.208.212,92 ; 5.297.176,77 ; -   ; 7.505.389,69 ; 23.236.382,32 
PE;2612604;SANTA MARIA DA BOA VISTA; 58.429.525,58 ; 8.201.951,15 ; 33.358.114,66 ; 5.164.827,00 ; 46.724.892,81 ; 105.154.418,39 
PE;2612703;SANTA MARIA DO CAMBUCA; 14.235.630,39 ; 1.998.303,84 ; 4.457.979,01 ; 1.308.780,76 ; 7.765.063,61 ; 22.000.694,00 
PE;2612802;SANTA TEREZINHA; 10.965.049,60 ; 1.539.201,29 ; 1.655.162,26 ; 1.082.380,23 ; 4.276.743,78 ; 15.241.793,38 
PE;2612901;SAO BENEDITO DO SUL; 12.282.089,51 ; 1.724.078,66 ; 2.758.372,55 ; -   ; 4.482.451,21 ; 16.764.540,72 
PE;2613008;SAO BENTO DO UNA; 56.895.347,21 ; 7.986.593,32 ; 20.064.984,70 ; -   ; 28.051.578,02 ; 84.946.925,23 
PE;2613107;SAO CAITANO; 34.774.238,34 ; 4.881.378,06 ; 13.611.489,27 ; 3.427.014,06 ; 21.919.881,39 ; 56.694.119,73 
PE;2613206;SAO JOAO; 27.037.358,42 ; 3.795.325,92 ; 8.569.254,89 ; 2.773.876,70 ; 15.138.457,51 ; 42.175.815,93 
PE;2613305;SAO JOAQUIM DO MONTE; 21.610.349,48 ; 3.033.518,22 ; 6.434.001,13 ; 1.154.997,48 ; 10.622.516,83 ; 32.232.866,31 
PE;2613404;SAO JOSE DA COROA GRANDE; 25.332.627,04 ; 3.556.026,98 ; 9.536.810,23 ; -   ; 13.092.837,21 ; 38.425.464,25 
PE;2613503;SAO JOSE DO BELMONTE; 33.459.830,76 ; 4.696.870,20 ; 10.104.852,54 ; 1.693.873,43 ; 16.495.596,17 ; 49.955.426,93 
PE;2613602;SAO JOSE DO EGITO; 30.971.394,52 ; 4.347.559,94 ; 14.417.766,59 ; 1.589.094,98 ; 20.354.421,51 ; 51.325.816,03 
PE;2613701;SAO LOURENCO DA MATA; 82.983.198,68 ; 11.648.633,71 ; 33.697.685,18 ; 8.358.291,09 ; 53.704.609,98 ; 136.687.808,66 
PE;2613800;SAO VICENTE FERRER; 16.537.770,48 ; 2.321.463,07 ; 4.499.453,67 ; 1.641.336,41 ; 8.462.253,15 ; 25.000.023,63 
PE;2613909;SERRA TALHADA; 80.193.418,42 ; 11.257.022,78 ; 24.624.869,63 ; 8.392.784,24 ; 44.274.676,65 ; 124.468.095,07 
PE;2614006;SERRITA; 24.742.143,69 ; 3.473.138,83 ; 10.308.767,15 ; -   ; 13.781.905,98 ; 38.524.049,67 
PE;2614105;SERTANIA; 28.949.041,48 ; 4.063.675,37 ; 9.622.112,52 ; 2.925.075,90 ; 16.610.863,79 ; 45.559.905,27 
PE;2614204;SIRINHAEM; 40.688.460,47 ; 5.711.577,52 ; 6.054.766,57 ; 4.057.867,22 ; 15.824.211,31 ; 56.512.671,78 
PE;2614402;SOLIDAO; 8.831.441,27 ; 1.239.699,43 ; 2.694.643,58 ; 910.777,29 ; 4.845.120,30 ; 13.676.561,57 
PE;2614501;SURUBIM; 47.694.802,29 ; 6.695.081,54 ; 24.388.972,61 ; 4.640.595,93 ; 35.724.650,08 ; 83.419.452,37 
PE;2614600;TABIRA; 29.260.463,13 ; 4.107.390,69 ; 10.702.498,81 ; 2.830.745,06 ; 17.640.634,56 ; 46.901.097,69 
PE;2614709;TACAIMBO; 11.277.561,11 ; 1.583.069,59 ; 796.445,63 ; 1.066.323,49 ; 3.445.838,71 ; 14.723.399,82 
PE;2614808;TACARATU; 21.368.175,07 ; 2.999.523,38 ; 3.574.875,67 ; 1.024.063,89 ; 7.598.462,94 ; 28.966.638,01 
PE;2614857;TAMANDARE; 27.229.500,00 ; 3.822.297,49 ; 2.596.434,34 ; -   ; 6.418.731,83 ; 33.648.231,83 
PE;2615003;TAQUARITINGA DO NORTE; 23.905.315,33 ; 3.355.670,38 ; 5.343.302,28 ; -   ; 8.698.972,66 ; 32.604.287,99 
PE;2615102;TEREZINHA; 9.641.090,83 ; 1.353.352,70 ; 2.663.133,52 ; -   ; 4.016.486,22 ; 13.657.577,05 
PE;2615201;TERRA NOVA; 11.562.699,84 ; 1.623.095,49 ; 3.875.266,24 ; 1.222.215,37 ; 6.720.577,10 ; 18.283.276,94 
PE;2615300;TIMBAUBA; 35.120.656,57 ; 4.930.005,96 ; 3.716.079,94 ; 3.365.345,31 ; 12.011.431,21 ; 47.132.087,78 
PE;2615409;TORITAMA; 51.860.620,32 ; 7.279.851,58 ; 23.369.166,55 ; -   ; 30.649.018,13 ; 82.509.638,45 
PE;2615508;TRACUNHAEM; 11.554.265,48 ; 1.621.911,53 ; 3.690.026,37 ; -   ; 5.311.937,90 ; 16.866.203,38 
PE;2615607;TRINDADE; 36.447.774,62 ; 5.116.298,04 ; 17.835.624,28 ; -   ; 22.951.922,32 ; 59.399.696,94 
PE;2615706;TRIUNFO; 17.291.372,94 ; 2.427.248,80 ; 5.020.834,65 ; 1.776.908,02 ; 9.224.991,47 ; 26.516.364,41 
PE;2615805;TUPANATINGA; 30.671.476,90 ; 4.305.459,49 ; 11.497.075,22 ; 2.986.135,42 ; 18.788.670,13 ; 49.460.147,03 
PE;2615904;TUPARETAMA; 10.216.984,46 ; 1.434.192,84 ; 5.013.290,83 ; 1.028.139,90 ; 7.475.623,57 ; 17.692.608,03 
PE;2616001;VENTUROSA; 16.205.361,95 ; 2.274.801,75 ; 4.894.254,98 ; 1.608.732,42 ; 8.777.789,15 ; 24.983.151,10 
PE;2616100;VERDEJANTE; 11.296.518,37 ; 1.585.730,69 ; 3.206.140,32 ; 1.064.148,36 ; 5.856.019,37 ; 17.152.537,74 
PE;2616183;VERTENTE DO LERIO; 12.163.242,06 ; 1.707.395,64 ; 6.132.583,28 ; 1.129.362,51 ; 8.969.341,43 ; 21.132.583,49 
PE;2616209;VERTENTES; 21.190.051,97 ; 2.974.519,64 ; 8.662.824,48 ; 2.083.323,16 ; 13.720.667,28 ; 34.910.719,25 
PE;2616308;VICENCIA; 31.982.056,35 ; 4.489.429,98 ; 14.253.101,01 ; -   ; 18.742.530,99 ; 50.724.587,34 
PE;2616407;VITORIA DE SANTO ANTAO; 99.259.969,85 ; 13.933.459,42 ; 21.354.939,96 ; 10.026.985,53 ; 45.315.384,91 ; 144.575.354,76 
PE;2616506;XEXEU; 21.165.626,65 ; 2.971.090,97 ; 8.717.587,40 ; 1.953.458,42 ; 13.642.136,79 ; 34.807.763,44 
PE;26;GOVERNO DO ESTADO; 4.044.493.646,87 ; 567.739.323,19 ; -   ; 338.355.942,75 ; 906.095.265,94 ; 4.950.588.912,81 
PI;2200053;ACAUA; 7.912.951,16 ; 2.902.374,59 ; 5.942.533,92 ; -   ; 8.844.908,51 ; 16.757.859,67 
PI;2200103;AGRICOLANDIA; 7.114.845,06 ; 2.609.638,95 ; 5.159.829,71 ; -   ; 7.769.468,66 ; 14.884.313,72 
PI;2200202;AGUA BRANCA; 21.058.249,97 ; 7.723.910,90 ; 13.853.615,65 ; 2.145.814,37 ; 23.723.340,92 ; 44.781.590,89 
PI;2200251;ALAGOINHA DO PIAUI; 5.763.791,34 ; 2.114.088,82 ; 5.127.828,92 ; 634.224,49 ; 7.876.142,23 ; 13.639.933,57 
PI;2200277;ALEGRETE DO PIAUI; 6.233.898,49 ; 2.286.518,43 ; 3.855.343,80 ; 669.220,45 ; 6.811.082,68 ; 13.044.981,17 
PI;2200301;ALTO LONGA; 11.653.791,17 ; 4.274.469,38 ; 7.619.982,05 ; 1.227.470,57 ; 13.121.922,00 ; 24.775.713,17 
PI;2200400;ALTOS; 60.445.292,80 ; 22.170.600,91 ; 49.976.294,02 ; 6.010.147,41 ; 78.157.042,34 ; 138.602.335,14 
PI;2200459;ALVORADA DO GURGUEIA; 7.137.673,33 ; 2.618.012,08 ; 3.610.874,27 ; 621.007,20 ; 6.849.893,55 ; 13.987.566,88 
PI;2200509;AMARANTE; 24.391.051,27 ; 8.946.342,04 ; 17.114.468,64 ; 2.119.201,50 ; 28.180.012,18 ; 52.571.063,45 
PI;2200608;ANGICAL DO PIAUI; 9.711.558,18 ; 3.562.081,85 ; 11.329.873,72 ; 1.007.509,69 ; 15.899.465,26 ; 25.611.023,44 
PI;2200707;ANISIO DE ABREU; 12.947.009,88 ; 4.748.806,33 ; 8.553.213,20 ; 1.370.732,45 ; 14.672.751,98 ; 27.619.761,86 
PI;2200806;ANTONIO ALMEIDA; 4.368.141,88 ; 1.602.181,50 ; 1.363.057,21 ; 476.833,92 ; 3.442.072,63 ; 7.810.214,51 
PI;2200905;AROAZES; 6.865.065,04 ; 2.518.022,66 ; 4.007.991,73 ; -   ; 6.526.014,39 ; 13.391.079,43 
PI;2200954;AROEIRAS DO ITAIM; 5.561.086,11 ; 2.039.738,99 ; 4.410.944,02 ; -   ; 6.450.683,01 ; 12.011.769,12 
PI;2201002;ARRAIAL; 7.700.693,82 ; 2.824.521,18 ; 5.575.146,62 ; 770.706,79 ; 9.170.374,59 ; 16.871.068,41 
PI;2201051;ASSUNCAO DO PIAUI; 12.283.015,35 ; 4.505.261,19 ; 6.823.596,59 ; -   ; 11.328.857,78 ; 23.611.873,13 
PI;2201101;AVELINO LOPES; 12.891.658,79 ; 4.728.504,22 ; 7.590.917,26 ; -   ; 12.319.421,48 ; 25.211.080,27 
PI;2201150;BAIXA GRANDE DO RIBEIRO; 26.159.457,10 ; 9.594.971,86 ; 16.781.881,05 ; -   ; 26.376.852,91 ; 52.536.310,01 
PI;2201176;BARRA DALCANTARA; 4.375.954,86 ; 1.605.047,21 ; 2.039.936,10 ; 513.260,81 ; 4.158.244,12 ; 8.534.198,98 
PI;2201200;BARRAS; 79.066.048,94 ; 29.000.468,62 ; 68.156.166,12 ; 7.247.949,54 ; 104.404.584,28 ; 183.470.633,22 
PI;2201309;BARREIRAS DO PIAUI; 3.832.567,69 ; 1.405.739,39 ; 1.104.593,21 ; -   ; 2.510.332,60 ; 6.342.900,29 
PI;2201408;BARRO DURO; 6.079.585,29 ; 2.229.918,21 ; 2.338.228,82 ; -   ; 4.568.147,03 ; 10.647.732,32 
PI;2201507;BATALHA; 27.802.318,82 ; 10.197.553,64 ; 17.098.905,81 ; 2.876.147,09 ; 30.172.606,54 ; 57.974.925,36 
PI;2201556;BELA VISTA DO PIAUI; 5.337.692,06 ; 1.957.800,76 ; 4.839.584,44 ; 492.328,32 ; 7.289.713,52 ; 12.627.405,58 
PI;2201572;BELEM DO PIAUI; 6.468.577,22 ; 2.372.595,74 ; 2.903.296,21 ; 713.359,66 ; 5.989.251,61 ; 12.457.828,83 
PI;2201606;BENEDITINOS; 15.932.477,61 ; 5.843.839,72 ; 10.807.569,94 ; 1.689.729,66 ; 18.341.139,32 ; 34.273.616,93 
PI;2201705;BERTOLINIA; 7.403.905,36 ; 2.715.662,77 ; 3.236.769,83 ; -   ; 5.952.432,60 ; 13.356.337,96 
PI;2201739;BETANIA DO PIAUI; 11.964.761,88 ; 4.388.529,67 ; 11.023.010,27 ; 1.053.389,13 ; 16.464.929,07 ; 28.429.690,95 
PI;2201770;BOA HORA; 8.712.363,65 ; 3.195.589,41 ; 4.795.397,36 ; -   ; 7.990.986,77 ; 16.703.350,42 
PI;2201804;BOCAINA; 3.265.848,37 ; 1.197.873,60 ; 808.376,06 ; -   ; 2.006.249,66 ; 5.272.098,03 
PI;2201903;BOM JESUS; 40.002.582,93 ; 14.672.462,67 ; 27.166.702,88 ; 4.430.026,69 ; 46.269.192,24 ; 86.271.775,17 
PI;2201919;BOM PRINCIPIO DO PIAUI; 7.291.530,35 ; 2.674.444,98 ; 4.021.568,85 ; 725.220,97 ; 7.421.234,80 ; 14.712.765,15 
PI;2201929;BONFIM DO PIAUI; 6.294.389,52 ; 2.308.705,80 ; 2.886.662,89 ; 653.245,94 ; 5.848.614,63 ; 12.143.004,15 
PI;2201945;BOQUEIRAO DO PIAUI; 8.068.293,41 ; 2.959.352,25 ; 5.313.839,63 ; 882.831,71 ; 9.156.023,59 ; 17.224.317,00 
PI;2201960;BRASILEIRA; 12.013.989,84 ; 4.406.585,89 ; 7.557.149,69 ; 530.511,14 ; 12.494.246,72 ; 24.508.236,56 
PI;2201988;BREJO DO PIAUI; 5.676.890,38 ; 2.082.214,60 ; 3.176.194,73 ; 550.875,77 ; 5.809.285,10 ; 11.486.175,48 
PI;2202000;BURITI DOS LOPES; 29.163.571,92 ; 10.696.844,77 ; 21.734.919,64 ; 2.818.260,57 ; 35.250.024,98 ; 64.413.596,90 
PI;2202026;BURITI DOS MONTES; 15.728.071,02 ; 5.768.865,85 ; 10.631.145,40 ; 1.889.050,41 ; 18.289.061,66 ; 34.017.132,68 
PI;2202059;CABECEIRAS DO PIAUI; 14.499.195,63 ; 5.318.129,25 ; 11.701.068,79 ; -   ; 17.019.198,04 ; 31.518.393,67 
PI;2202075;CAJAZEIRAS DO PIAUI; 4.696.050,96 ; 1.722.454,58 ; 2.716.984,08 ; 417.118,38 ; 4.856.557,04 ; 9.552.608,00 
PI;2202083;CAJUEIRO DA PRAIA; 12.282.582,07 ; 4.505.102,26 ; 9.160.324,86 ; 1.361.602,86 ; 15.027.029,98 ; 27.309.612,05 
PI;2202091;CALDEIRAO GRANDE DO PIAUI; 7.052.833,22 ; 2.586.893,76 ; 2.843.604,96 ; 788.987,50 ; 6.219.486,22 ; 13.272.319,44 
PI;2202109;CAMPINAS DO PIAUI; 7.499.366,33 ; 2.750.676,70 ; -   ; 700.615,30 ; 3.451.292,00 ; 10.950.658,33 
PI;2202117;CAMPO ALEGRE DO FIDALGO; 8.278.500,19 ; 3.036.453,55 ; 6.154.211,22 ; 692.883,10 ; 9.883.547,87 ; 18.162.048,06 
PI;2202133;CAMPO GRANDE DO PIAUI; 7.582.766,88 ; 2.781.267,00 ; 5.803.999,60 ; 792.216,62 ; 9.377.483,22 ; 16.960.250,10 
PI;2202174;CAMPO LARGO DO PIAUI; 14.221.269,04 ; 5.216.189,15 ; 10.489.731,53 ; -   ; 15.705.920,68 ; 29.927.189,72 
PI;2202208;CAMPO MAIOR; 52.789.865,40 ; 19.362.682,92 ; 24.917.205,42 ; 6.244.403,01 ; 50.524.291,35 ; 103.314.156,75 
PI;2202251;CANAVIEIRA; 3.801.622,61 ; 1.394.389,11 ; 1.098.691,32 ; -   ; 2.493.080,43 ; 6.294.703,04 
PI;2202307;CANTO DO BURITI; 19.469.508,24 ; 7.141.179,69 ; 13.677.232,21 ; -   ; 20.818.411,90 ; 40.287.920,14 
PI;2202406;CAPITAO DE CAMPOS; 16.263.703,04 ; 5.965.329,19 ; 9.815.229,05 ; -   ; 15.780.558,24 ; 32.044.261,28 
PI;2202455;CAPITAO GERVASIO OLIVEIRA; 4.481.209,45 ; 1.643.653,32 ; 102.877,98 ; 233.258,10 ; 1.979.789,40 ; 6.460.998,85 
PI;2202505;CARACOL; 14.878.598,72 ; 5.457.289,71 ; 7.039.756,82 ; -   ; 12.497.046,53 ; 27.375.645,25 
PI;2202539;CARAUBAS DO PIAUI; 7.095.160,51 ; 2.602.418,90 ; 3.186.312,40 ; 363.781,85 ; 6.152.513,15 ; 13.247.673,66 
PI;2202554;CARIDADE DO PIAUI; 11.531.452,25 ; 4.229.596,95 ; 10.657.700,07 ; 1.133.982,70 ; 16.021.279,72 ; 27.552.731,97 
PI;2202604;CASTELO DO PIAUI; 25.258.750,78 ; 9.264.603,70 ; 21.196.868,42 ; -   ; 30.461.472,12 ; 55.720.222,90 
PI;2202653;CAXINGO; 8.795.657,81 ; 3.226.140,70 ; 7.184.369,58 ; -   ; 10.410.510,28 ; 19.206.168,09 
PI;2202703;COCAL; 36.342.734,40 ; 13.330.074,57 ; 33.179.648,91 ; 3.746.952,88 ; 50.256.676,36 ; 86.599.410,76 
PI;2202711;COCAL DE TELHA; 7.989.475,77 ; 2.930.442,89 ; 4.489.534,66 ; -   ; 7.419.977,55 ; 15.409.453,32 
PI;2202729;COCAL DOS ALVES; 8.848.271,31 ; 3.245.438,69 ; 8.596.756,36 ; 865.938,66 ; 12.708.133,71 ; 21.556.405,02 
PI;2202737;COIVARAS; 6.222.380,35 ; 2.282.293,71 ; 3.533.371,51 ; -   ; 5.815.665,22 ; 12.038.045,57 
PI;2202752;COLONIA DO GURGUEIA; 8.826.450,67 ; 3.237.435,14 ; 4.909.852,98 ; 820.107,66 ; 8.967.395,78 ; 17.793.846,45 
PI;2202778;COLONIA DO PIAUI; 8.877.463,11 ; 3.256.145,89 ; 6.307.470,72 ; 973.248,97 ; 10.536.865,58 ; 19.414.328,69 
PI;2202802;CONCEICAO DO CANINDE; 6.591.202,57 ; 2.417.573,23 ; 5.165.172,74 ; 635.823,56 ; 8.218.569,53 ; 14.809.772,10 
PI;2202851;CORONEL JOSE DIAS; 6.841.560,10 ; 2.509.401,34 ; 7.352.259,28 ; -   ; 9.861.660,62 ; 16.703.220,72 
PI;2202901;CORRENTE; 26.673.576,25 ; 9.783.544,53 ; 12.707.501,14 ; 2.746.839,42 ; 25.237.885,09 ; 51.911.461,34 
PI;2203008;CRISTALANDIA DO PIAUI; 11.102.441,49 ; 4.072.241,00 ; 9.496.637,31 ; 1.011.676,21 ; 14.580.554,52 ; 25.682.996,01 
PI;2203107;CRISTINO CASTRO; 15.954.226,02 ; 5.851.816,77 ; 12.665.669,13 ; 1.500.716,61 ; 20.018.202,51 ; 35.972.428,53 
PI;2203206;CURIMATA; 15.675.500,71 ; 5.749.583,70 ; 12.717.679,34 ; 1.431.648,39 ; 19.898.911,43 ; 35.574.412,14 
PI;2203230;CURRAIS; 11.226.095,32 ; 4.117.595,72 ; 6.992.385,19 ; 1.051.154,66 ; 12.161.135,57 ; 23.387.230,89 
PI;2203271;CURRAL NOVO DO PIAUI; 10.151.243,12 ; 3.723.352,97 ; 9.245.588,35 ; 1.019.208,68 ; 13.988.150,00 ; 24.139.393,12 
PI;2203255;CURRALINHOS; 7.217.223,05 ; 2.647.189,96 ; 4.845.365,22 ; 681.563,79 ; 8.174.118,97 ; 15.391.342,02 
PI;2203305;DEMERVAL LOBAO; 23.207.536,26 ; 8.512.243,07 ; 16.408.276,53 ; 2.563.322,08 ; 27.483.841,68 ; 50.691.377,94 
PI;2203354;DIRCEU ARCOVERDE; 11.590.743,17 ; 4.251.344,14 ; 6.515.918,85 ; -   ; 10.767.262,99 ; 22.358.006,16 
PI;2203404;DOM EXPEDITO LOPES; 7.332.610,36 ; 2.689.512,62 ; 5.467.611,49 ; 793.155,44 ; 8.950.279,55 ; 16.282.889,91 
PI;2203453;DOM INOCENCIO; 10.720.183,91 ; 3.932.033,55 ; 6.435.536,50 ; 986.285,60 ; 11.353.855,65 ; 22.074.039,56 
PI;2203420;DOMINGOS MOURAO; 7.751.677,40 ; 2.843.221,34 ; 4.711.642,46 ; 745.117,37 ; 8.299.981,17 ; 16.051.658,57 
PI;2203503;ELESBAO VELOSO; 10.545.810,31 ; 3.868.075,43 ; 4.521.256,47 ; 1.174.919,80 ; 9.564.251,70 ; 20.110.062,01 
PI;2203602;ELISEU MARTINS; 3.936.036,40 ; 1.443.690,45 ; 1.954.267,41 ; 475.209,72 ; 3.873.167,58 ; 7.809.203,98 
PI;2203701;ESPERANTINA; 51.125.979,02 ; 18.752.389,55 ; 39.792.920,26 ; 4.967.493,01 ; 63.512.802,82 ; 114.638.781,84 
PI;2203750;FARTURA DO PIAUI; 9.688.457,04 ; 3.553.608,64 ; 6.996.981,37 ; 790.526,70 ; 11.341.116,71 ; 21.029.573,75 
PI;2203800;FLORES DO PIAUI; 5.483.947,59 ; 2.011.445,52 ; 4.249.409,75 ; 498.756,33 ; 6.759.611,60 ; 12.243.559,19 
PI;2203859;FLORESTA DO PIAUI; 3.758.312,95 ; 1.378.503,65 ; 1.708.346,94 ; 383.004,02 ; 3.469.854,61 ; 7.228.167,56 
PI;2203909;FLORIANO; 47.673.100,28 ; 17.485.915,48 ; 25.748.422,44 ; 5.285.521,02 ; 48.519.858,94 ; 96.192.959,22 
PI;2204006;FRANCINOPOLIS; 5.894.592,49 ; 2.162.065,09 ; 3.335.330,08 ; 684.178,38 ; 6.181.573,55 ; 12.076.166,04 
PI;2204105;FRANCISCO AYRES; 4.367.126,62 ; 1.601.809,13 ; 1.612.688,62 ; 280.636,16 ; 3.495.133,91 ; 7.862.260,53 
PI;2204154;FRANCISCO MACEDO; 4.944.400,97 ; 1.813.546,36 ; 3.442.617,11 ; 481.306,10 ; 5.737.469,57 ; 10.681.870,54 
PI;2204204;FRANCISCO SANTOS; 7.837.339,93 ; 2.874.641,32 ; 6.675.633,50 ; 397.151,60 ; 9.947.426,42 ; 17.784.766,35 
PI;2204303;FRONTEIRAS; 12.505.299,67 ; 4.586.792,38 ; 9.918.357,71 ; 1.259.572,18 ; 15.764.722,27 ; 28.270.021,94 
PI;2204352;GEMINIANO; 9.153.004,77 ; 3.357.211,23 ; 11.689.042,88 ; 417.798,12 ; 15.464.052,23 ; 24.617.057,00 
PI;2204402;GILBUES; 16.093.476,98 ; 5.902.892,33 ; 10.992.388,76 ; 1.392.928,97 ; 18.288.210,06 ; 34.381.687,04 
PI;2204501;GUADALUPE; 13.130.219,91 ; 4.816.005,55 ; 7.825.162,08 ; 1.210.952,46 ; 13.852.120,09 ; 26.982.340,00 
PI;2204550;GUARIBAS; 7.228.353,70 ; 2.651.272,54 ; 4.269.951,62 ; 639.941,55 ; 7.561.165,71 ; 14.789.519,41 
PI;2204600;HUGO NAPOLEAO; 4.424.003,12 ; 1.622.670,73 ; 2.731.094,54 ; -   ; 4.353.765,27 ; 8.777.768,39 
PI;2204659;ILHA GRANDE; 10.314.868,82 ; 3.783.368,89 ; 5.206.852,91 ; 553.324,00 ; 9.543.545,80 ; 19.858.414,62 
PI;2204709;INHUMA; 12.582.039,62 ; 4.614.939,66 ; 9.722.463,68 ; 1.382.376,15 ; 15.719.779,49 ; 28.301.819,11 
PI;2204808;IPIRANGA DO PIAUI; 12.481.076,07 ; 4.577.907,45 ; 11.715.475,44 ; 1.249.189,79 ; 17.542.572,68 ; 30.023.648,75 
PI;2204907;ISAIAS COELHO; 9.898.744,82 ; 3.630.739,65 ; 7.307.770,24 ; 551.284,68 ; 11.489.794,57 ; 21.388.539,39 
PI;2205003;ITAINOPOLIS; 9.883.367,71 ; 3.625.099,51 ; 8.001.173,78 ; 1.140.224,92 ; 12.766.498,21 ; 22.649.865,92 
PI;2205102;ITAUEIRA; 6.853.864,64 ; 2.513.914,49 ; 1.595.473,53 ; 779.657,96 ; 4.889.045,98 ; 11.742.910,62 
PI;2205151;JACOBINA DO PIAUI; 13.368.373,06 ; 4.903.357,24 ; 7.345.514,49 ; 1.399.866,02 ; 13.648.737,75 ; 27.017.110,81 
PI;2205201;JAICOS; 17.095.014,29 ; 6.270.244,08 ; 10.514.362,04 ; 1.074.735,62 ; 17.859.341,74 ; 34.954.356,03 
PI;2205250;JARDIM DO MULATO; 4.825.323,67 ; 1.769.870,25 ; 2.046.743,68 ; 440.637,03 ; 4.257.250,96 ; 9.082.574,63 
PI;2205276;JATOBA DO PIAUI; 8.125.827,20 ; 2.980.454,95 ; 7.937.906,02 ; -   ; 10.918.360,97 ; 19.044.188,17 
PI;2205300;JERUMENHA; 5.668.368,04 ; 2.079.088,71 ; 3.396.570,00 ; -   ; 5.475.658,71 ; 11.144.026,75 
PI;2205359;JOAO COSTA; 4.075.079,94 ; 1.494.689,94 ; 2.809.251,40 ; 317.804,56 ; 4.621.745,90 ; 8.696.825,84 
PI;2205409;JOAQUIM PIRES; 16.438.696,21 ; 6.029.514,56 ; 9.781.674,14 ; -   ; 15.811.188,70 ; 32.249.884,91 
PI;2205458;JOCA MARQUES; 11.446.490,77 ; 4.198.434,11 ; 10.787.661,40 ; -   ; 14.986.095,51 ; 26.432.586,28 
PI;2205508;JOSE DE FREITAS; 39.409.087,59 ; 14.454.775,76 ; 25.880.508,63 ; 4.613.484,55 ; 44.948.768,94 ; 84.357.856,53 
PI;2205516;JUAZEIRO DO PIAUI; 8.374.391,91 ; 3.071.625,47 ; 6.665.142,43 ; -   ; 9.736.767,90 ; 18.111.159,81 
PI;2205524;JULIO BORGES; 8.828.753,45 ; 3.238.279,78 ; 6.484.919,71 ; -   ; 9.723.199,49 ; 18.551.952,94 
PI;2205532;JUREMA; 5.912.066,21 ; 2.168.474,24 ; 894.433,68 ; -   ; 3.062.907,92 ; 8.974.974,13 
PI;2205557;LAGOA ALEGRE; 14.630.282,00 ; 5.366.210,15 ; 11.489.047,67 ; -   ; 16.855.257,82 ; 31.485.539,82 
PI;2205573;LAGOA DE SAO FRANCISCO; 10.560.550,39 ; 3.873.481,91 ; 7.752.448,64 ; 1.163.842,44 ; 12.789.772,99 ; 23.350.323,38 
PI;2205565;LAGOA DO BARRO DO PIAUI; 5.803.128,05 ; 2.128.517,04 ; -   ; -   ; 2.128.517,04 ; 7.931.645,09 
PI;2205581;LAGOA DO PIAUI; 7.258.084,31 ; 2.662.177,37 ; 6.719.034,90 ; 307.716,08 ; 9.688.928,35 ; 16.947.012,66 
PI;2205599;LAGOA DO SITIO; 4.922.742,34 ; 1.805.602,24 ; 1.707.258,92 ; 458.518,20 ; 3.971.379,36 ; 8.894.121,70 
PI;2205540;LAGOINHA DO PIAUI; 3.407.505,95 ; 1.249.831,89 ; 1.379.877,83 ; -   ; 2.629.709,72 ; 6.037.215,67 
PI;2205607;LANDRI SALES; 8.663.690,59 ; 3.177.736,72 ; 3.806.485,17 ; 948.915,68 ; 7.933.137,57 ; 16.596.828,16 
PI;2205706;LUIS CORREIA; 30.664.984,99 ; 11.247.544,90 ; 17.290.147,78 ; -   ; 28.537.692,68 ; 59.202.677,67 
PI;2205805;LUZILANDIA; 34.792.459,52 ; 12.761.452,53 ; 18.866.679,87 ; 3.628.412,32 ; 35.256.544,72 ; 70.049.004,24 
PI;2205854;MADEIRO; 12.242.830,95 ; 4.490.522,03 ; 2.760.349,21 ; 1.231.007,61 ; 8.481.878,85 ; 20.724.709,80 
PI;2205904;MANOEL EMIDIO; 7.045.146,51 ; 2.584.074,36 ; 7.280.728,69 ; -   ; 9.864.803,05 ; 16.909.949,56 
PI;2205953;MARCOLANDIA; 12.609.603,81 ; 4.625.049,87 ; 6.844.797,86 ; 669.202,17 ; 12.139.049,90 ; 24.748.653,71 
PI;2206001;MARCOS PARENTE; 5.219.597,99 ; 1.914.485,29 ; 2.632.151,96 ; -   ; 4.546.637,25 ; 9.766.235,24 
PI;2206050;MASSAPE DO PIAUI; 7.875.947,56 ; 2.888.802,13 ; 5.984.670,94 ; -   ; 8.873.473,07 ; 16.749.420,63 
PI;2206100;MATIAS OLIMPIO; 13.153.431,46 ; 4.824.519,27 ; 9.244.577,69 ; 1.513.266,08 ; 15.582.363,04 ; 28.735.794,50 
PI;2206209;MIGUEL ALVES; 63.005.405,10 ; 23.109.619,09 ; 54.222.653,84 ; 5.443.398,85 ; 82.775.671,78 ; 145.781.076,88 
PI;2206308;MIGUEL LEAO; 1.959.844,53 ; 718.847,23 ; -   ; 93.532,87 ; 812.380,10 ; 2.772.224,63 
PI;2206357;MILTON BRANDAO; 5.871.931,12 ; 2.153.753,18 ; 1.899.888,01 ; 651.820,55 ; 4.705.461,74 ; 10.577.392,86 
PI;2206407;MONSENHOR GIL; 15.322.065,75 ; 5.619.948,04 ; 15.147.659,61 ; -   ; 20.767.607,65 ; 36.089.673,40 
PI;2206506;MONSENHOR HIPOLITO; 11.448.047,72 ; 4.199.005,18 ; 9.766.092,92 ; -   ; 13.965.098,10 ; 25.413.145,82 
PI;2206605;MONTE ALEGRE DO PIAUI; 13.946.697,41 ; 5.115.479,61 ; 8.486.171,67 ; 1.378.197,96 ; 14.979.849,24 ; 28.926.546,65 
PI;2206654;MORRO CABECA NO TEMPO; 7.780.261,34 ; 2.853.705,58 ; 5.350.647,73 ; 641.410,59 ; 8.845.763,90 ; 16.626.025,24 
PI;2206670;MORRO DO CHAPEU DO PIAUI; 11.481.974,46 ; 4.211.449,10 ; 8.509.276,09 ; 617.250,49 ; 13.337.975,68 ; 24.819.950,14 
PI;2206696;MURICI DOS PORTELAS; 10.457.044,36 ; 3.835.517,15 ; 6.704.059,58 ; -   ; 10.539.576,73 ; 20.996.621,09 
PI;2206704;NAZARE DO PIAUI; 6.558.630,56 ; 2.405.626,21 ; 3.139.661,76 ; 767.558,26 ; 6.312.846,23 ; 12.871.476,79 
PI;2206720;NAZARIA; 11.251.263,58 ; 4.126.827,14 ; 5.274.998,98 ; -   ; 9.401.826,12 ; 20.653.089,70 
PI;2206753;NOSSA SENHORA DE NAZARE; 11.651.074,48 ; 4.273.472,93 ; 4.702.436,57 ; 1.348.617,35 ; 10.324.526,85 ; 21.975.601,33 
PI;2206803;NOSSA SENHORA DOS REMEDIOS; 21.528.007,36 ; 7.896.212,22 ; 10.901.054,17 ; -   ; 18.797.266,39 ; 40.325.273,75 
PI;2207959;NOVA SANTA RITA; 4.705.051,61 ; 1.725.755,92 ; 2.826.561,64 ; -   ; 4.552.317,56 ; 9.257.369,17 
PI;2206902;NOVO ORIENTE DO PIAUI; 5.251.226,63 ; 1.926.086,30 ; 2.946.098,25 ; -   ; 4.872.184,55 ; 10.123.411,18 
PI;2206951;NOVO SANTO ANTONIO; 4.563.543,09 ; 1.673.852,30 ; 2.622.537,61 ; 434.593,38 ; 4.730.983,29 ; 9.294.526,38 
PI;2207009;OEIRAS; 34.915.921,97 ; 12.806.737,06 ; 21.487.230,51 ; -   ; 34.293.967,57 ; 69.209.889,54 
PI;2207108;OLHO DAGUA DO PIAUI; 3.430.104,28 ; 1.258.120,69 ; 777.916,21 ; 395.639,74 ; 2.431.676,64 ; 5.861.780,92 
PI;2207207;PADRE MARCOS; 9.726.853,34 ; 3.567.691,93 ; 6.673.605,91 ; 977.320,44 ; 11.218.618,28 ; 20.945.471,62 
PI;2207306;PAES LANDIM; 5.253.989,43 ; 1.927.099,66 ; 2.192.298,59 ; 298.057,39 ; 4.417.455,64 ; 9.671.445,07 
PI;2207355;PAJEU DO PIAUI; 3.046.520,60 ; 1.117.426,84 ; 929.549,53 ; 309.636,04 ; 2.356.612,41 ; 5.403.133,01 
PI;2207405;PALMEIRA DO PIAUI; 7.615.570,89 ; 2.793.299,12 ; 4.996.353,98 ; 363.820,46 ; 8.153.473,56 ; 15.769.044,45 
PI;2207504;PALMEIRAIS; 17.854.249,43 ; 6.548.722,34 ; 8.516.973,29 ; -   ; 15.065.695,63 ; 32.919.945,06 
PI;2207553;PAQUETA; 7.565.800,47 ; 2.775.043,93 ; 320.447,75 ; 862.805,19 ; 3.958.296,87 ; 11.524.097,34 
PI;2207603;PARNAGUA; 11.743.636,29 ; 4.307.423,48 ; 6.740.700,00 ; 687.064,06 ; 11.735.187,54 ; 23.478.823,83 
PI;2207702;PARNAIBA; 113.421.425,34 ; 41.601.604,37 ; 63.880.872,39 ; -   ; 105.482.476,76 ; 218.903.902,10 
PI;2207751;PASSAGEM FRANCA DO PIAUI; 7.833.479,37 ; 2.873.225,30 ; 5.879.549,95 ; 819.183,87 ; 9.571.959,12 ; 17.405.438,49 
PI;2207777;PATOS DO PIAUI; 8.139.522,69 ; 2.985.478,29 ; 5.806.644,88 ; 798.283,61 ; 9.590.406,78 ; 17.729.929,47 
PI;2207793;PAU DARCO DO PIAUI; 4.420.210,93 ; 1.621.279,80 ; 2.363.006,61 ; 468.565,84 ; 4.452.852,25 ; 8.873.063,18 
PI;2207801;PAULISTANA; 24.139.573,63 ; 8.854.103,08 ; 14.478.051,53 ; -   ; 23.332.154,61 ; 47.471.728,24 
PI;2207850;PAVUSSU; 4.680.464,10 ; 1.716.737,51 ; 2.596.624,37 ; 424.139,87 ; 4.737.501,75 ; 9.417.965,85 
PI;2207900;PEDRO II; 37.083.460,56 ; 13.601.763,95 ; 23.330.225,29 ; 3.792.265,39 ; 40.724.254,63 ; 77.807.715,19 
PI;2207934;PEDRO LAURENTINO; 2.466.523,97 ; 904.691,10 ; 326.258,03 ; 273.079,46 ; 1.504.028,59 ; 3.970.552,56 
PI;2208007;PICOS; 56.561.827,60 ; 20.746.192,94 ; 40.716.139,17 ; 5.398.738,35 ; 66.861.070,46 ; 123.422.898,06 
PI;2208106;PIMENTEIRAS; 9.721.665,46 ; 3.565.789,08 ; 5.797.407,28 ; -   ; 9.363.196,36 ; 19.084.861,82 
PI;2208205;PIO IX; 19.868.848,48 ; 7.287.652,85 ; 13.103.675,16 ; -   ; 20.391.328,01 ; 40.260.176,49 
PI;2208304;PIRACURUCA; 29.529.920,67 ; 10.831.217,06 ; 24.698.811,06 ; 1.658.417,14 ; 37.188.445,26 ; 66.718.365,93 
PI;2208403;PIRIPIRI; 68.399.235,60 ; 25.088.010,75 ; 50.521.810,49 ; 7.479.114,33 ; 83.088.935,57 ; 151.488.171,17 
PI;2208502;PORTO; 26.793.934,34 ; 9.827.690,42 ; 28.381.391,28 ; 1.168.904,93 ; 39.377.986,63 ; 66.171.920,97 
PI;2208551;PORTO ALEGRE DO PIAUI; 3.448.868,07 ; 1.265.003,01 ; 1.495.435,71 ; 351.290,39 ; 3.111.729,11 ; 6.560.597,18 
PI;2208601;PRATA DO PIAUI; 3.960.944,31 ; 1.452.826,38 ; 1.340.333,81 ; 437.581,26 ; 3.230.741,45 ; 7.191.685,76 
PI;2208650;QUEIMADA NOVA; 11.723.722,83 ; 4.300.119,46 ; 8.695.432,77 ; 992.497,82 ; 13.988.050,05 ; 25.711.772,88 
PI;2208700;REDENCAO DO GURGUEIA; 12.562.587,00 ; 4.607.804,67 ; 9.574.402,80 ; 1.090.817,44 ; 15.273.024,91 ; 27.835.611,91 
PI;2208809;REGENERACAO; 24.568.657,68 ; 9.011.485,91 ; 24.187.690,48 ; 2.404.045,96 ; 35.603.222,35 ; 60.171.880,03 
PI;2208858;RIACHO FRIO; 11.267.044,18 ; 4.132.615,27 ; 5.745.902,13 ; 1.177.443,23 ; 11.055.960,63 ; 22.323.004,81 
PI;2208874;RIBEIRA DO PIAUI; 5.130.594,48 ; 1.881.839,88 ; 2.739.227,50 ; 491.288,18 ; 5.112.355,56 ; 10.242.950,04 
PI;2208908;RIBEIRO GONCALVES; 8.769.026,10 ; 3.216.372,51 ; -   ; 840.386,51 ; 4.056.759,02 ; 12.825.785,12 
PI;2209005;RIO GRANDE DO PIAUI; 6.784.114,48 ; 2.488.330,98 ; 4.790.860,78 ; 646.491,61 ; 7.925.683,37 ; 14.709.797,85 
PI;2209104;SANTA CRUZ DO PIAUI; 8.211.182,30 ; 3.011.762,16 ; 6.466.518,17 ; -   ; 9.478.280,33 ; 17.689.462,63 
PI;2209153;SANTA CRUZ DOS MILAGRES; 4.182.580,46 ; 1.534.119,83 ; 1.437.340,33 ; -   ; 2.971.460,16 ; 7.154.040,62 
PI;2209203;SANTA FILOMENA; 7.270.605,10 ; 2.666.769,85 ; 2.305.708,18 ; 811.648,11 ; 5.784.126,14 ; 13.054.731,24 
PI;2209302;SANTA LUZ; 7.282.950,59 ; 2.671.298,02 ; 4.768.415,31 ; -   ; 7.439.713,33 ; 14.722.663,92 
PI;2209377;SANTA ROSA DO PIAUI; 5.681.064,72 ; 2.083.745,69 ; 4.683.605,70 ; 648.578,12 ; 7.415.929,51 ; 13.096.994,23 
PI;2209351;SANTANA DO PIAUI; 5.013.492,34 ; 1.838.888,24 ; 2.477.105,11 ; 550.965,65 ; 4.866.959,00 ; 9.880.451,34 
PI;2209401;SANTO ANTONIO DE LISBOA; 4.920.917,63 ; 1.804.932,96 ; 3.384.625,72 ; -   ; 5.189.558,68 ; 10.110.476,31 
PI;2209450;SANTO ANTONIO DOS MILAGRES; 3.186.794,04 ; 1.168.877,43 ; -   ; 358.740,63 ; 1.527.618,06 ; 4.714.412,10 
PI;2209500;SANTO INACIO DO PIAUI; 5.418.946,67 ; 1.987.603,97 ; 2.878.458,96 ; 300.881,79 ; 5.166.944,72 ; 10.585.891,39 
PI;2209559;SAO BRAZ DO PIAUI; 6.077.295,96 ; 2.229.078,52 ; 3.588.618,03 ; 533.488,59 ; 6.351.185,14 ; 12.428.481,10 
PI;2209609;SAO FELIX DO PIAUI; 3.769.769,23 ; 1.382.705,67 ; 1.053.004,77 ; -   ; 2.435.710,44 ; 6.205.479,67 
PI;2209658;SAO FRANCISCO DE ASSIS DO PIAUI; 7.578.871,86 ; 2.779.838,36 ; 4.761.550,00 ; 678.075,56 ; 8.219.463,92 ; 15.798.335,78 
PI;2209708;SAO FRANCISCO DO PIAUI; 5.839.211,67 ; 2.141.752,08 ; 1.668.010,10 ; 658.955,77 ; 4.468.717,95 ; 10.307.929,62 
PI;2209757;SAO GONCALO DO GURGUEIA; 4.616.712,25 ; 1.693.354,11 ; 2.436.754,92 ; 444.486,54 ; 4.574.595,57 ; 9.191.307,82 
PI;2209807;SAO GONCALO DO PIAUI; 4.905.945,77 ; 1.799.441,46 ; 3.450.938,43 ; 518.032,95 ; 5.768.412,84 ; 10.674.358,61 
PI;2209856;SAO JOAO DA CANABRAVA; 7.602.719,37 ; 2.788.585,33 ; 1.659.215,50 ; 472.532,38 ; 4.920.333,21 ; 12.523.052,58 
PI;2209872;SAO JOAO DA FRONTEIRA; 8.476.449,62 ; 3.109.059,00 ; 8.288.138,36 ; -   ; 11.397.197,36 ; 19.873.646,98 
PI;2209906;SAO JOAO DA SERRA; 5.296.858,97 ; 1.942.823,68 ; 3.485.696,57 ; 652.294,46 ; 6.080.814,71 ; 11.377.673,68 
PI;2209955;SAO JOAO DA VARJOTA; 7.663.117,49 ; 2.810.738,63 ; 7.308.207,56 ; 761.585,54 ; 10.880.531,73 ; 18.543.649,22 
PI;2209971;SAO JOAO DO ARRAIAL; 15.186.079,66 ; 5.570.069,99 ; 9.793.142,13 ; 1.508.495,72 ; 16.871.707,84 ; 32.057.787,50 
PI;2210003;SAO JOAO DO PIAUI; 26.097.067,59 ; 9.572.088,14 ; 18.693.195,59 ; 2.468.118,09 ; 30.733.401,82 ; 56.830.469,41 
PI;2210052;SAO JOSE DO DIVINO; 6.396.441,39 ; 2.346.137,19 ; 4.541.066,85 ; 706.086,69 ; 7.593.290,73 ; 13.989.732,12 
PI;2210102;SAO JOSE DO PEIXE; 3.898.982,93 ; 1.430.099,69 ; 1.140.293,22 ; 381.230,03 ; 2.951.622,94 ; 6.850.605,87 
PI;2210201;SAO JOSE DO PIAUI; 5.460.537,20 ; 2.002.858,87 ; 3.300.162,81 ; 627.229,09 ; 5.930.250,77 ; 11.390.787,97 
PI;2210300;SAO JULIAO; 9.677.234,25 ; 3.549.492,25 ; 13.837.616,82 ; 990.017,93 ; 18.377.127,00 ; 28.054.361,25 
PI;2210359;SAO LOURENCO DO PIAUI; 5.087.656,26 ; 1.866.090,66 ; -   ; 469.934,16 ; 2.336.024,82 ; 7.423.681,08 
PI;2210375;SAO LUIS DO PIAUI; 3.150.886,49 ; 1.155.706,98 ; 1.879.736,44 ; 357.336,40 ; 3.392.779,82 ; 6.543.666,31 
PI;2210383;SAO MIGUEL DA BAIXA GRANDE; 2.667.855,67 ; 978.537,13 ; 741.251,02 ; -   ; 1.719.788,15 ; 4.387.643,82 
PI;2210391;SAO MIGUEL DO FIDALGO; 4.015.750,54 ; 1.472.928,64 ; 1.984.026,55 ; 364.549,09 ; 3.821.504,28 ; 7.837.254,82 
PI;2210409;SAO MIGUEL DO TAPUIO; 28.332.541,45 ; 10.392.032,86 ; 20.407.442,97 ; -   ; 30.799.475,83 ; 59.132.017,28 
PI;2210508;SAO PEDRO DO PIAUI; 20.225.750,56 ; 7.418.560,20 ; 15.364.339,35 ; 1.820.639,93 ; 24.603.539,48 ; 44.829.290,04 
PI;2210607;SAO RAIMUNDO NONATO; 40.434.505,05 ; 14.830.886,46 ; 25.834.222,59 ; 1.876.061,52 ; 42.541.170,57 ; 82.975.675,62 
PI;2210623;SEBASTIAO BARROS; 6.230.704,25 ; 2.285.346,81 ; 2.999.365,65 ; 530.739,17 ; 5.815.451,63 ; 12.046.155,88 
PI;2210631;SEBASTIAO LEAL; 5.398.889,97 ; 1.980.247,42 ; 1.118.337,48 ; 307.594,78 ; 3.406.179,68 ; 8.805.069,65 
PI;2210656;SIGEFREDO PACHECO; 8.420.920,97 ; 3.088.691,77 ; 3.768.837,99 ; 977.103,23 ; 7.834.632,99 ; 16.255.553,96 
PI;2210706;SIMOES; 21.633.534,39 ; 7.934.918,25 ; 13.414.785,16 ; 2.208.634,18 ; 23.558.337,59 ; 45.191.871,98 
PI;2210805;SIMPLICIO MENDES; 15.595.346,50 ; 5.720.184,11 ; 11.163.608,44 ; -   ; 16.883.792,55 ; 32.479.139,05 
PI;2210904;SOCORRO DO PIAUI; 6.521.683,11 ; 2.392.074,33 ; 4.641.177,26 ; 551.436,94 ; 7.584.688,53 ; 14.106.371,64 
PI;2210938;SUSSUAPARA; 7.532.016,37 ; 2.762.652,33 ; 6.463.903,91 ; 656.203,75 ; 9.882.759,99 ; 17.414.776,36 
PI;2210953;TAMBORIL DO PIAUI; 4.589.675,98 ; 1.683.437,53 ; 2.449.152,92 ; 232.966,03 ; 4.365.556,48 ; 8.955.232,46 
PI;2210979;TANQUE DO PIAUI; 3.236.308,46 ; 1.187.038,72 ; 1.118.230,14 ; -   ; 2.305.268,86 ; 5.541.577,32 
PI;2211001;TERESINA; 508.733.267,27 ; 186.597.197,56 ; -   ; -   ; 186.597.197,56 ; 695.330.464,83 
PI;2211100;UNIAO; 58.354.971,18 ; 21.403.896,28 ; 34.793.554,83 ; 5.782.417,78 ; 61.979.868,89 ; 120.334.840,07 
PI;2211209;URUCUI; 22.523.865,67 ; 8.261.480,98 ; 999.100,65 ; 2.683.427,53 ; 11.944.009,16 ; 34.467.874,83 
PI;2211308;VALENCA DO PIAUI; 21.556.839,79 ; 7.906.787,61 ; 20.648.131,91 ; 2.306.755,12 ; 30.861.674,64 ; 52.418.514,43 
PI;2211357;VARZEA BRANCA; 7.291.554,43 ; 2.674.453,81 ; 5.007.001,15 ; 613.848,09 ; 8.295.303,05 ; 15.586.857,48 
PI;2211407;VARZEA GRANDE; 6.969.842,03 ; 2.556.453,59 ; 5.741.149,83 ; 731.932,54 ; 9.029.535,96 ; 15.999.377,99 
PI;2211506;VERA MENDES; 6.453.497,35 ; 2.367.064,63 ; 4.799.134,22 ; 601.914,61 ; 7.768.113,46 ; 14.221.610,81 
PI;2211605;VILA NOVA DO PIAUI; 7.627.961,89 ; 2.797.843,99 ; 8.842.331,33 ; 847.359,86 ; 12.487.535,18 ; 20.115.497,07 
PI;2211704;WALL FERRAZ; 10.200.417,33 ; 3.741.389,46 ; 7.757.365,40 ; 1.019.210,65 ; 12.517.965,51 ; 22.718.382,84 
PI;22;GOVERNO DO ESTADO; 1.898.522.683,21 ; 696.355.113,73 ; 766.371.045,24 ; 87.819.229,78 ; 1.550.545.388,75 ; 3.449.068.071,96 
PR;4100103;ABATIA; 6.964.219,32 ; -   ; -   ; -   ; -   ; 6.964.219,32 
PR;4100202;ADRIANOPOLIS; 6.182.993,01 ; -   ; -   ; 559.384,06 ; 559.384,06 ; 6.742.377,07 
PR;4100301;AGUDOS DO SUL; 10.249.176,36 ; -   ; 1.821.953,29 ; 460.156,65 ; 2.282.109,94 ; 12.531.286,30 
PR;4100400;ALMIRANTE TAMANDARE; 72.608.545,11 ; -   ; -   ; -   ; -   ; 72.608.545,11 
PR;4100459;ALTAMIRA DO PARANA; 3.391.943,49 ; -   ; -   ; 336.562,33 ; 336.562,33 ; 3.728.505,82 
PR;4128625;ALTO PARAISO; 3.685.206,42 ; -   ; -   ; 336.176,98 ; 336.176,98 ; 4.021.383,40 
PR;4100608;ALTO PARANA; 13.683.748,37 ; -   ; -   ; 617.810,02 ; 617.810,02 ; 14.301.558,39 
PR;4100707;ALTO PIQUIRI; 9.917.620,22 ; -   ; 225.954,17 ; 907.095,27 ; 1.133.049,44 ; 11.050.669,66 
PR;4100509;ALTONIA; 16.241.232,10 ; -   ; 209.598,41 ; 740.260,81 ; 949.859,22 ; 17.191.091,32 
PR;4100806;ALVORADA DO SUL; 9.572.981,93 ; -   ; -   ; 879.055,83 ; 879.055,83 ; 10.452.037,76 
PR;4100905;AMAPORA; 4.542.729,25 ; -   ; -   ; -   ; -   ; 4.542.729,25 
PR;4101002;AMPERE; 18.885.730,56 ; -   ; 1.168.550,51 ; -   ; 1.168.550,51 ; 20.054.281,07 
PR;4101051;ANAHY; 2.805.907,36 ; -   ; -   ; -   ; -   ; 2.805.907,36 
PR;4101101;ANDIRA; 17.326.333,08 ; -   ; -   ; 747.877,86 ; 747.877,86 ; 18.074.210,94 
PR;4101150;ANGULO; 3.702.878,36 ; -   ; -   ; 326.896,69 ; 326.896,69 ; 4.029.775,05 
PR;4101200;ANTONINA; 13.989.963,62 ; -   ; -   ; -   ; -   ; 13.989.963,62 
PR;4101309;ANTONIO OLINTO; 5.983.714,43 ; -   ; -   ; 571.128,63 ; 571.128,63 ; 6.554.843,06 
PR;4101408;APUCARANA; 121.680.247,17 ; -   ; 2.286.029,39 ; -   ; 2.286.029,39 ; 123.966.276,56 
PR;4101507;ARAPONGAS; 90.687.849,16 ; -   ; -   ; 9.007.065,20 ; 9.007.065,20 ; 99.694.914,36 
PR;4101606;ARAPOTI; 25.005.799,84 ; -   ; 763.518,29 ; -   ; 763.518,29 ; 25.769.318,13 
PR;4101655;ARAPUA; 3.109.110,71 ; -   ; -   ; -   ; -   ; 3.109.110,71 
PR;4101705;ARARUNA; 11.936.717,03 ; -   ; -   ; 554.455,08 ; 554.455,08 ; 12.491.172,11 
PR;4101804;ARAUCARIA; 155.638.849,97 ; -   ; -   ; -   ; -   ; 155.638.849,97 
PR;4101853;ARIRANHA DO IVAI; 2.304.390,75 ; -   ; -   ; -   ; -   ; 2.304.390,75 
PR;4101903;ASSAI; 12.100.539,18 ; -   ; -   ; 1.125.459,97 ; 1.125.459,97 ; 13.225.999,15 
PR;4102000;ASSIS CHATEAUBRIAND; 33.968.910,21 ; -   ; 596.577,65 ; 3.121.256,81 ; 3.717.834,46 ; 37.686.744,67 
PR;4102109;ASTORGA; 21.691.631,70 ; -   ; -   ; 2.118.227,31 ; 2.118.227,31 ; 23.809.859,01 
PR;4102208;ATALAIA; 5.221.086,21 ; -   ; 781.143,83 ; 428.082,36 ; 1.209.226,19 ; 6.430.312,40 
PR;4102307;BALSA NOVA; 15.495.698,83 ; -   ; -   ; 1.372.538,67 ; 1.372.538,67 ; 16.868.237,50 
PR;4102406;BANDEIRANTES; 25.517.712,81 ; -   ; 1.052.377,41 ; -   ; 1.052.377,41 ; 26.570.090,22 
PR;4102505;BARBOSA FERRAZ; 8.404.658,37 ; -   ; -   ; 784.700,66 ; 784.700,66 ; 9.189.359,03 
PR;4102703;BARRA DO JACARE; 2.964.493,77 ; -   ; -   ; -   ; -   ; 2.964.493,77 
PR;4102604;BARRACAO; 9.794.595,73 ; -   ; -   ; -   ; -   ; 9.794.595,73 
PR;4102752;BELA VISTA DA CAROBA; 4.586.525,65 ; -   ; 586.764,81 ; 317.759,13 ; 904.523,94 ; 5.491.049,59 
PR;4102802;BELA VISTA DO PARAISO; 13.246.547,88 ; -   ; 610.827,89 ; -   ; 610.827,89 ; 13.857.375,77 
PR;4102901;BITURUNA; 17.919.235,91 ; -   ; 3.118.336,08 ; 1.706.811,81 ; 4.825.147,89 ; 22.744.383,80 
PR;4103008;BOA ESPERANCA; 3.810.875,30 ; -   ; -   ; -   ; -   ; 3.810.875,30 
PR;4103024;BOA ESPERANCA DO IGUACU; 2.747.142,93 ; -   ; -   ; 284.092,22 ; 284.092,22 ; 3.031.235,15 
PR;4103040;BOA VENTURA DE SAO ROQUE; 6.559.955,58 ; -   ; -   ; -   ; -   ; 6.559.955,58 
PR;4103057;BOA VISTA DA APARECIDA; 8.677.166,05 ; -   ; 264.282,93 ; 766.860,37 ; 1.031.143,30 ; 9.708.309,35 
PR;4103107;BOCAIUVA DO SUL; 13.543.216,90 ; -   ; 762.390,63 ; -   ; 762.390,63 ; 14.305.607,53 
PR;4103156;BOM JESUS DO SUL; 6.021.475,45 ; -   ; 922.916,64 ; 403.690,30 ; 1.326.606,94 ; 7.348.082,39 
PR;4103206;BOM SUCESSO; 6.802.003,14 ; -   ; -   ; -   ; -   ; 6.802.003,14 
PR;4103222;BOM SUCESSO DO SUL; 3.421.436,11 ; -   ; -   ; 367.525,83 ; 367.525,83 ; 3.788.961,94 
PR;4103305;BORRAZOPOLIS; 5.714.445,25 ; -   ; -   ; -   ; -   ; 5.714.445,25 
PR;4103354;BRAGANEY; 5.954.530,80 ; -   ; 707.987,43 ; -   ; 707.987,43 ; 6.662.518,23 
PR;4103370;BRASILANDIA DO SUL; 3.801.104,06 ; -   ; -   ; 333.993,62 ; 333.993,62 ; 4.135.097,68 
PR;4103404;CAFEARA; 2.587.410,69 ; -   ; -   ; 257.697,08 ; 257.697,08 ; 2.845.107,77 
PR;4103453;CAFELANDIA; 22.332.102,38 ; -   ; 2.505.462,40 ; 2.187.287,79 ; 4.692.750,19 ; 27.024.852,57 
PR;4103479;CAFEZAL DO SUL; 4.054.036,60 ; -   ; -   ; 368.200,73 ; 368.200,73 ; 4.422.237,33 
PR;4103503;CALIFORNIA; 9.701.433,24 ; -   ; 1.945.098,45 ; -   ; 1.945.098,45 ; 11.646.531,69 
PR;4103602;CAMBARA; 18.174.020,33 ; -   ; -   ; -   ; -   ; 18.174.020,33 
PR;4103701;CAMBE; 82.878.665,24 ; -   ; -   ; -   ; -   ; 82.878.665,24 
PR;4103800;CAMBIRA; 9.053.600,09 ; -   ; 311.319,81 ; 833.905,69 ; 1.145.225,50 ; 10.198.825,59 
PR;4103909;CAMPINA DA LAGOA; 16.451.414,80 ; -   ; 2.144.702,33 ; 1.539.928,10 ; 3.684.630,43 ; 20.136.045,23 
PR;4103958;CAMPINA DO SIMAO; 4.727.594,36 ; -   ; -   ; 483.472,78 ; 483.472,78 ; 5.211.067,14 
PR;4104006;CAMPINA GRANDE DO SUL; 45.985.924,36 ; -   ; -   ; 2.105.478,34 ; 2.105.478,34 ; 48.091.402,70 
PR;4104055;CAMPO BONITO; 4.450.908,32 ; -   ; -   ; 194.968,16 ; 194.968,16 ; 4.645.876,48 
PR;4104105;CAMPO DO TENENTE; 8.232.461,97 ; -   ; 161.458,19 ; -   ; 161.458,19 ; 8.393.920,16 
PR;4104204;CAMPO LARGO; 114.251.123,09 ; -   ; -   ; 11.014.686,19 ; 11.014.686,19 ; 125.265.809,28 
PR;4104253;CAMPO MAGRO; 21.988.825,00 ; -   ; -   ; -   ; -   ; 21.988.825,00 
PR;4104303;CAMPO MOURAO; 80.730.605,03 ; -   ; -   ; 7.932.460,12 ; 7.932.460,12 ; 88.663.065,15 
PR;4104402;CANDIDO DE ABREU; 12.743.222,04 ; -   ; -   ; 1.214.672,39 ; 1.214.672,39 ; 13.957.894,43 
PR;4104428;CANDOI; 16.353.667,67 ; -   ; -   ; 1.452.924,18 ; 1.452.924,18 ; 17.806.591,85 
PR;4104451;CANTAGALO; 13.243.245,55 ; -   ; 2.116.135,59 ; 577.391,99 ; 2.693.527,58 ; 15.936.773,13 
PR;4104501;CAPANEMA; 19.806.227,52 ; -   ; 1.133.854,41 ; 1.845.512,18 ; 2.979.366,59 ; 22.785.594,11 
PR;4104600;CAPITAO LEONIDAS MARQUES; 15.172.246,67 ; -   ; -   ; -   ; -   ; 15.172.246,67 
PR;4104659;CARAMBEI; 23.033.703,63 ; -   ; -   ; 1.020.814,32 ; 1.020.814,32 ; 24.054.517,95 
PR;4104709;CARLOPOLIS; 14.795.353,88 ; -   ; 688.606,84 ; -   ; 688.606,84 ; 15.483.960,72 
PR;4104808;CASCAVEL; 278.289.125,87 ; -   ; -   ; 25.839.224,18 ; 25.839.224,18 ; 304.128.350,05 
PR;4104907;CASTRO; 75.315.170,94 ; -   ; -   ; 6.830.542,94 ; 6.830.542,94 ; 82.145.713,88 
PR;4105003;CATANDUVAS; 8.936.142,04 ; -   ; -   ; -   ; -   ; 8.936.142,04 
PR;4105102;CENTENARIO DO SUL; 10.986.001,61 ; -   ; 1.114.204,17 ; 434.283,22 ; 1.548.487,39 ; 12.534.489,00 
PR;4105201;CERRO AZUL; 14.061.774,29 ; -   ; -   ; 580.649,33 ; 580.649,33 ; 14.642.423,62 
PR;4105300;CEU AZUL; 10.447.620,93 ; -   ; -   ; -   ; -   ; 10.447.620,93 
PR;4105409;CHOPINZINHO; 19.999.092,61 ; -   ; -   ; 1.728.215,51 ; 1.728.215,51 ; 21.727.308,12 
PR;4105508;CIANORTE; 70.638.741,30 ; -   ; -   ; 3.170.673,73 ; 3.170.673,73 ; 73.809.415,03 
PR;4105607;CIDADE GAUCHA; 11.384.123,08 ; -   ; 783.139,39 ; 536.007,93 ; 1.319.147,32 ; 12.703.270,40 
PR;4105706;CLEVELANDIA; 17.459.902,26 ; -   ; 366.902,98 ; 1.460.939,58 ; 1.827.842,56 ; 19.287.744,82 
PR;4105805;COLOMBO; 200.296.340,61 ; -   ; 9.261.722,06 ; -   ; 9.261.722,06 ; 209.558.062,67 
PR;4105904;COLORADO; 17.283.803,60 ; -   ; -   ; -   ; -   ; 17.283.803,60 
PR;4106001;CONGONHINHAS; 8.256.422,25 ; -   ; -   ; 704.470,57 ; 704.470,57 ; 8.960.892,82 
PR;4106100;CONSELHEIRO MAIRINCK; 3.737.430,39 ; -   ; -   ; 391.170,61 ; 391.170,61 ; 4.128.601,00 
PR;4106209;CONTENDA; 17.865.566,91 ; -   ; -   ; 1.733.837,37 ; 1.733.837,37 ; 19.599.404,28 
PR;4106308;CORBELIA; 19.008.099,68 ; -   ; 845.958,66 ; 1.726.117,01 ; 2.572.075,67 ; 21.580.175,35 
PR;4106407;CORNELIO PROCOPIO; 29.264.732,40 ; -   ; -   ; -   ; -   ; 29.264.732,40 
PR;4106456;CORONEL DOMINGOS SOARES; 7.331.514,64 ; -   ; -   ; -   ; -   ; 7.331.514,64 
PR;4106506;CORONEL VIVIDA; 20.140.644,07 ; -   ; -   ; -   ; -   ; 20.140.644,07 
PR;4106555;CORUMBATAI DO SUL; 3.359.146,13 ; -   ; -   ; 326.764,83 ; 326.764,83 ; 3.685.910,96 
PR;4106803;CRUZ MACHADO; 14.178.240,36 ; -   ; -   ; 1.275.932,69 ; 1.275.932,69 ; 15.454.173,05 
PR;4106571;CRUZEIRO DO IGUACU; 4.586.054,01 ; -   ; -   ; 473.156,79 ; 473.156,79 ; 5.059.210,80 
PR;4106605;CRUZEIRO DO OESTE; 20.504.434,58 ; -   ; 344.642,10 ; -   ; 344.642,10 ; 20.849.076,68 
PR;4106704;CRUZEIRO DO SUL; 3.945.051,32 ; -   ; -   ; 421.342,46 ; 421.342,46 ; 4.366.393,78 
PR;4106852;CRUZMALTINA; 2.971.804,35 ; -   ; -   ; -   ; -   ; 2.971.804,35 
PR;4106902;CURITIBA; 1.083.412.126,22 ; -   ; -   ; -   ; -   ; 1.083.412.126,22 
PR;4107009;CURIUVA; 11.580.453,92 ; -   ; -   ; 1.116.028,47 ; 1.116.028,47 ; 12.696.482,39 
PR;4107108;DIAMANTE DO NORTE; 4.226.600,37 ; -   ; -   ; 187.828,28 ; 187.828,28 ; 4.414.428,65 
PR;4107124;DIAMANTE DO SUL; 3.331.168,03 ; -   ; -   ; 295.121,83 ; 295.121,83 ; 3.626.289,86 
PR;4107157;DIAMANTE DOESTE; 4.027.830,66 ; -   ; -   ; -   ; -   ; 4.027.830,66 
PR;4107207;DOIS VIZINHOS; 45.431.894,60 ; -   ; 80.773,53 ; 4.369.646,75 ; 4.450.420,28 ; 49.882.314,88 
PR;4107256;DOURADINA; 8.882.612,07 ; -   ; -   ; -   ; -   ; 8.882.612,07 
PR;4107306;DOUTOR CAMARGO; 5.603.184,50 ; -   ; -   ; -   ; -   ; 5.603.184,50 
PR;4128633;DOUTOR ULYSSES; 5.463.145,30 ; -   ; 318.248,79 ; -   ; 318.248,79 ; 5.781.394,09 
PR;4107405;ENEAS MARQUES; 5.680.684,52 ; -   ; -   ; -   ; -   ; 5.680.684,52 
PR;4107504;ENGENHEIRO BELTRAO; 11.109.545,60 ; -   ; -   ; 1.017.575,80 ; 1.017.575,80 ; 12.127.121,40 
PR;4107538;ENTRE RIOS DO OESTE; 5.701.290,88 ; -   ; -   ; 488.452,62 ; 488.452,62 ; 6.189.743,50 
PR;4107520;ESPERANCA NOVA; 1.588.826,33 ; -   ; -   ; 143.180,68 ; 143.180,68 ; 1.732.007,01 
PR;4107546;ESPIGAO ALTO DO IGUACU; 3.994.436,43 ; -   ; -   ; 370.716,54 ; 370.716,54 ; 4.365.152,97 
PR;4107553;FAROL; 2.273.969,57 ; -   ; -   ; -   ; -   ; 2.273.969,57 
PR;4107603;FAXINAL; 14.393.107,99 ; -   ; -   ; 656.779,48 ; 656.779,48 ; 15.049.887,47 
PR;4107652;FAZENDA RIO GRANDE; 135.681.612,80 ; -   ; 5.923.641,50 ; -   ; 5.923.641,50 ; 141.605.254,30 
PR;4107702;FENIX; 4.600.888,71 ; -   ; -   ; 409.012,15 ; 409.012,15 ; 5.009.900,86 
PR;4107736;FERNANDES PINHEIRO; 5.700.415,14 ; -   ; -   ; 258.726,77 ; 258.726,77 ; 5.959.141,91 
PR;4107751;FIGUEIRA; 6.050.620,03 ; -   ; -   ; 601.711,10 ; 601.711,10 ; 6.652.331,13 
PR;4107850;FLOR DA SERRA DO SUL; 4.995.298,80 ; -   ; -   ; 485.971,81 ; 485.971,81 ; 5.481.270,61 
PR;4107801;FLORAI; 4.711.365,43 ; -   ; -   ; -   ; -   ; 4.711.365,43 
PR;4107900;FLORESTA; 13.855.983,18 ; -   ; 4.181.573,51 ; -   ; 4.181.573,51 ; 18.037.556,69 
PR;4108007;FLORESTOPOLIS; 8.529.217,16 ; -   ; -   ; -   ; -   ; 8.529.217,16 
PR;4108106;FLORIDA; 2.366.843,07 ; -   ; -   ; 241.731,64 ; 241.731,64 ; 2.608.574,71 
PR;4108205;FORMOSA DO OESTE; 6.710.913,10 ; -   ; -   ; 622.377,68 ; 622.377,68 ; 7.333.290,78 
PR;4108304;FOZ DO IGUACU; 237.098.855,54 ; -   ; -   ; 10.972.367,62 ; 10.972.367,62 ; 248.071.223,16 
PR;4108452;FOZ DO JORDAO; 5.601.360,98 ; -   ; 249.440,91 ; 556.873,97 ; 806.314,88 ; 6.407.675,86 
PR;4108320;FRANCISCO ALVES; 8.721.851,46 ; -   ; 1.903.743,75 ; -   ; 1.903.743,75 ; 10.625.595,21 
PR;4108403;FRANCISCO BELTRAO; 92.722.307,00 ; -   ; 3.593.143,33 ; 8.428.938,46 ; 12.022.081,79 ; 104.744.388,79 
PR;4108502;GENERAL CARNEIRO; 11.406.572,16 ; -   ; 581.765,39 ; 1.020.452,34 ; 1.602.217,73 ; 13.008.789,89 
PR;4108551;GODOY MOREIRA; 2.882.586,81 ; -   ; -   ; 269.784,30 ; 269.784,30 ; 3.152.371,11 
PR;4108601;GOIOERE; 24.408.438,80 ; -   ; -   ; -   ; -   ; 24.408.438,80 
PR;4108650;GOIOXIM; 6.565.982,89 ; -   ; -   ; 635.657,39 ; 635.657,39 ; 7.201.640,28 
PR;4108700;GRANDES RIOS; 6.597.753,60 ; -   ; 18.040,03 ; -   ; 18.040,03 ; 6.615.793,63 
PR;4108809;GUAIRA; 29.969.926,17 ; -   ; -   ; 2.660.737,34 ; 2.660.737,34 ; 32.630.663,51 
PR;4108908;GUAIRACA; 7.318.106,99 ; -   ; 40.170,53 ; 325.551,32 ; 365.721,85 ; 7.683.828,84 
PR;4108957;GUAMIRANGA; 6.924.665,07 ; -   ; 402.641,57 ; 694.430,21 ; 1.097.071,78 ; 8.021.736,85 
PR;4109005;GUAPIRAMA; 4.960.794,57 ; -   ; -   ; -   ; -   ; 4.960.794,57 
PR;4109104;GUAPOREMA; 2.181.800,54 ; -   ; -   ; -   ; -   ; 2.181.800,54 
PR;4109203;GUARACI; 4.531.181,94 ; -   ; -   ; -   ; -   ; 4.531.181,94 
PR;4109302;GUARANIACU; 13.506.998,38 ; -   ; 400.574,50 ; -   ; 400.574,50 ; 13.907.572,88 
PR;4109401;GUARAPUAVA; 156.762.883,76 ; -   ; -   ; -   ; -   ; 156.762.883,76 
PR;4109500;GUARAQUECABA; 6.854.091,43 ; -   ; -   ; -   ; -   ; 6.854.091,43 
PR;4109609;GUARATUBA; 47.018.336,97 ; -   ; -   ; -   ; -   ; 47.018.336,97 
PR;4109658;HONORIO SERPA; 4.945.482,91 ; -   ; -   ; 446.479,30 ; 446.479,30 ; 5.391.962,21 
PR;4109708;IBAITI; 25.506.128,99 ; -   ; 787.434,16 ; 2.437.604,28 ; 3.225.038,44 ; 28.731.167,43 
PR;4109757;IBEMA; 5.888.974,48 ; -   ; -   ; -   ; -   ; 5.888.974,48 
PR;4109807;IBIPORA; 53.891.496,33 ; -   ; -   ; -   ; -   ; 53.891.496,33 
PR;4109906;ICARAIMA; 7.955.430,28 ; -   ; -   ; -   ; -   ; 7.955.430,28 
PR;4110003;IGUARACU; 5.808.432,23 ; -   ; -   ; 554.404,33 ; 554.404,33 ; 6.362.836,56 
PR;4110052;IGUATU; 1.766.058,12 ; -   ; -   ; 157.284,41 ; 157.284,41 ; 1.923.342,53 
PR;4110078;IMBAU; 11.307.469,34 ; -   ; -   ; 1.066.956,37 ; 1.066.956,37 ; 12.374.425,71 
PR;4110102;IMBITUVA; 29.998.129,16 ; -   ; 1.003.335,96 ; 2.787.608,22 ; 3.790.944,18 ; 33.789.073,34 
PR;4110201;INACIO MARTINS; 10.731.029,46 ; -   ; 271.499,03 ; -   ; 271.499,03 ; 11.002.528,49 
PR;4110300;INAJA; 2.559.190,39 ; -   ; -   ; 265.384,15 ; 265.384,15 ; 2.824.574,54 
PR;4110409;INDIANOPOLIS; 4.717.639,96 ; -   ; -   ; 201.855,15 ; 201.855,15 ; 4.919.495,11 
PR;4110508;IPIRANGA; 13.618.969,58 ; -   ; -   ; 1.281.551,62 ; 1.281.551,62 ; 14.900.521,20 
PR;4110607;IPORA; 11.290.705,98 ; -   ; -   ; 1.004.325,84 ; 1.004.325,84 ; 12.295.031,82 
PR;4110656;IRACEMA DO OESTE; 2.270.183,37 ; -   ; -   ; 202.286,13 ; 202.286,13 ; 2.472.469,50 
PR;4110706;IRATI; 49.196.779,37 ; -   ; -   ; 4.831.828,89 ; 4.831.828,89 ; 54.028.608,26 
PR;4110805;IRETAMA; 11.130.111,97 ; -   ; -   ; 1.051.799,42 ; 1.051.799,42 ; 12.181.911,39 
PR;4110904;ITAGUAJE; 4.602.044,10 ; -   ; -   ; -   ; -   ; 4.602.044,10 
PR;4110953;ITAIPULANDIA; 14.630.921,48 ; -   ; -   ; -   ; -   ; 14.630.921,48 
PR;4111001;ITAMBARACA; 5.116.274,58 ; -   ; -   ; -   ; -   ; 5.116.274,58 
PR;4111100;ITAMBE; 5.806.584,67 ; -   ; -   ; 257.331,52 ; 257.331,52 ; 6.063.916,19 
PR;4111209;ITAPEJARA DOESTE; 13.652.182,75 ; -   ; 1.231.766,32 ; -   ; 1.231.766,32 ; 14.883.949,07 
PR;4111258;ITAPERUCU; 28.901.981,00 ; -   ; 5.633.921,09 ; 2.760.790,84 ; 8.394.711,93 ; 37.296.692,93 
PR;4111308;ITAUNA DO SUL; 3.454.565,55 ; -   ; -   ; 347.233,80 ; 347.233,80 ; 3.801.799,35 
PR;4111407;IVAI; 11.430.506,13 ; -   ; -   ; 1.169.384,15 ; 1.169.384,15 ; 12.599.890,28 
PR;4111506;IVAIPORA; 24.610.336,34 ; -   ; -   ; 2.338.659,38 ; 2.338.659,38 ; 26.948.995,72 
PR;4111555;IVATE; 6.767.937,32 ; -   ; 268.449,68 ; -   ; 268.449,68 ; 7.036.387,00 
PR;4111605;IVATUBA; 1.904.056,29 ; -   ; -   ; 83.355,49 ; 83.355,49 ; 1.987.411,78 
PR;4111704;JABOTI; 5.229.931,41 ; -   ; 416.311,71 ; 527.801,69 ; 944.113,40 ; 6.174.044,81 
PR;4111803;JACAREZINHO; 35.384.265,86 ; -   ; -   ; -   ; -   ; 35.384.265,86 
PR;4111902;JAGUAPITA; 15.670.641,41 ; -   ; 424.986,74 ; -   ; 424.986,74 ; 16.095.628,15 
PR;4112009;JAGUARIAIVA; 30.489.806,69 ; -   ; -   ; 2.859.919,94 ; 2.859.919,94 ; 33.349.726,63 
PR;4112108;JANDAIA DO SUL; 17.459.579,39 ; -   ; -   ; -   ; -   ; 17.459.579,39 
PR;4112207;JANIOPOLIS; 5.431.538,15 ; -   ; -   ; 228.351,63 ; 228.351,63 ; 5.659.889,78 
PR;4112306;JAPIRA; 4.478.581,19 ; -   ; -   ; 404.400,92 ; 404.400,92 ; 4.882.982,11 
PR;4112405;JAPURA; 7.482.930,56 ; -   ; -   ; 755.468,82 ; 755.468,82 ; 8.238.399,38 
PR;4112504;JARDIM ALEGRE; 10.835.954,44 ; -   ; 263.112,10 ; -   ; 263.112,10 ; 11.099.066,54 
PR;4112603;JARDIM OLINDA; 1.362.950,97 ; -   ; -   ; 58.386,77 ; 58.386,77 ; 1.421.337,74 
PR;4112702;JATAIZINHO; 10.261.220,00 ; -   ; 198.946,16 ; 974.570,45 ; 1.173.516,61 ; 11.434.736,61 
PR;4112751;JESUITAS; 5.942.889,11 ; -   ; -   ; 545.574,90 ; 545.574,90 ; 6.488.464,01 
PR;4112801;JOAQUIM TAVORA; 13.444.463,17 ; -   ; 812.395,58 ; 1.389.951,80 ; 2.202.347,38 ; 15.646.810,55 
PR;4112900;JUNDIAI DO SUL; 3.591.561,70 ; -   ; -   ; 321.231,51 ; 321.231,51 ; 3.912.793,21 
PR;4112959;JURANDA; 6.624.183,28 ; -   ; 106.259,15 ; 612.788,15 ; 719.047,30 ; 7.343.230,58 
PR;4113007;JUSSARA; 6.165.094,48 ; -   ; -   ; 558.965,06 ; 558.965,06 ; 6.724.059,54 
PR;4113106;KALORE; 4.339.024,99 ; -   ; -   ; 420.024,59 ; 420.024,59 ; 4.759.049,58 
PR;4113205;LAPA; 41.194.470,46 ; -   ; -   ; 3.601.741,85 ; 3.601.741,85 ; 44.796.212,31 
PR;4113254;LARANJAL; 5.792.929,84 ; -   ; -   ; 505.573,66 ; 505.573,66 ; 6.298.503,50 
PR;4113304;LARANJEIRAS DO SUL; 34.850.705,98 ; -   ; 3.637.904,49 ; -   ; 3.637.904,49 ; 38.488.610,47 
PR;4113403;LEOPOLIS; 4.025.763,78 ; -   ; -   ; 384.142,43 ; 384.142,43 ; 4.409.906,21 
PR;4113429;LIDIANOPOLIS; 3.567.599,78 ; -   ; -   ; -   ; -   ; 3.567.599,78 
PR;4113452;LINDOESTE; 6.482.554,91 ; -   ; 412.093,33 ; 603.428,54 ; 1.015.521,87 ; 7.498.076,78 
PR;4113502;LOANDA; 22.048.527,37 ; -   ; -   ; -   ; -   ; 22.048.527,37 
PR;4113601;LOBATO; 4.212.123,04 ; -   ; -   ; 189.444,29 ; 189.444,29 ; 4.401.567,33 
PR;4113700;LONDRINA; 373.122.647,10 ; -   ; -   ; -   ; -   ; 373.122.647,10 
PR;4113734;LUIZIANA; 5.445.226,12 ; -   ; -   ; 530.945,44 ; 530.945,44 ; 5.976.171,56 
PR;4113759;LUNARDELLI; 3.792.154,46 ; -   ; -   ; 381.557,99 ; 381.557,99 ; 4.173.712,45 
PR;4113809;LUPIONOPOLIS; 4.250.184,25 ; -   ; -   ; -   ; -   ; 4.250.184,25 
PR;4113908;MALLET; 10.123.441,10 ; -   ; -   ; 1.025.027,81 ; 1.025.027,81 ; 11.148.468,91 
PR;4114005;MAMBORE; 10.938.637,86 ; -   ; -   ; 1.068.419,56 ; 1.068.419,56 ; 12.007.057,42 
PR;4114104;MANDAGUACU; 29.894.827,13 ; -   ; 3.009.219,17 ; -   ; 3.009.219,17 ; 32.904.046,30 
PR;4114203;MANDAGUARI; 35.357.740,83 ; -   ; 1.439.639,78 ; 1.484.458,51 ; 2.924.098,29 ; 38.281.839,12 
PR;4114302;MANDIRITUBA; 24.278.408,20 ; -   ; -   ; -   ; -   ; 24.278.408,20 
PR;4114351;MANFRINOPOLIS; 2.141.692,11 ; -   ; -   ; -   ; -   ; 2.141.692,11 
PR;4114401;MANGUEIRINHA; 16.953.793,44 ; -   ; -   ; 1.565.094,87 ; 1.565.094,87 ; 18.518.888,31 
PR;4114500;MANOEL RIBAS; 11.294.418,66 ; -   ; -   ; -   ; -   ; 11.294.418,66 
PR;4114609;MARECHAL CANDIDO RONDON; 45.951.443,12 ; -   ; -   ; -   ; -   ; 45.951.443,12 
PR;4114708;MARIA HELENA; 4.950.147,30 ; -   ; -   ; 236.544,59 ; 236.544,59 ; 5.186.691,89 
PR;4114807;MARIALVA; 34.134.076,09 ; -   ; -   ; -   ; -   ; 34.134.076,09 
PR;4114906;MARILANDIA DO SUL; 7.928.953,18 ; -   ; -   ; -   ; -   ; 7.928.953,18 
PR;4115002;MARILENA; 7.252.310,60 ; -   ; -   ; 328.370,11 ; 328.370,11 ; 7.580.680,71 
PR;4115101;MARILUZ; 8.691.466,78 ; -   ; -   ; 811.632,19 ; 811.632,19 ; 9.503.098,97 
PR;4115200;MARINGA; 281.044.180,59 ; -   ; -   ; -   ; -   ; 281.044.180,59 
PR;4115309;MARIOPOLIS; 6.941.034,53 ; -   ; -   ; -   ; -   ; 6.941.034,53 
PR;4115358;MARIPA; 5.971.167,09 ; -   ; -   ; 608.468,25 ; 608.468,25 ; 6.579.635,34 
PR;4115408;MARMELEIRO; 13.280.325,22 ; -   ; -   ; 587.470,75 ; 587.470,75 ; 13.867.795,97 
PR;4115457;MARQUINHO; 4.751.731,57 ; -   ; -   ; 421.862,73 ; 421.862,73 ; 5.173.594,30 
PR;4115507;MARUMBI; 4.721.021,55 ; -   ; -   ; 201.746,55 ; 201.746,55 ; 4.922.768,10 
PR;4115606;MATELANDIA; 20.584.798,13 ; -   ; 717.188,55 ; 2.094.985,47 ; 2.812.174,02 ; 23.396.972,15 
PR;4115705;MATINHOS; 37.656.704,26 ; -   ; -   ; 1.822.233,73 ; 1.822.233,73 ; 39.478.937,99 
PR;4115739;MATO RICO; 3.746.156,94 ; -   ; -   ; 165.989,28 ; 165.989,28 ; 3.912.146,22 
PR;4115754;MAUA DA SERRA; 10.862.043,75 ; -   ; -   ; 1.070.385,95 ; 1.070.385,95 ; 11.932.429,70 
PR;4115804;MEDIANEIRA; 49.841.357,13 ; -   ; -   ; -   ; -   ; 49.841.357,13 
PR;4115853;MERCEDES; 5.938.873,42 ; -   ; -   ; 636.502,63 ; 636.502,63 ; 6.575.376,05 
PR;4115903;MIRADOR; 2.518.649,18 ; -   ; -   ; 206.331,88 ; 206.331,88 ; 2.724.981,06 
PR;4116000;MIRASELVA; 1.827.806,67 ; -   ; -   ; 167.880,23 ; 167.880,23 ; 1.995.686,90 
PR;4116059;MISSAL; 10.445.439,99 ; -   ; -   ; 981.559,33 ; 981.559,33 ; 11.426.999,32 
PR;4116109;MOREIRA SALES; 10.352.987,30 ; -   ; -   ; -   ; -   ; 10.352.987,30 
PR;4116208;MORRETES; 16.994.829,94 ; -   ; -   ; 771.831,40 ; 771.831,40 ; 17.766.661,34 
PR;4116307;MUNHOZ DE MELO; 4.311.009,75 ; -   ; -   ; 417.430,56 ; 417.430,56 ; 4.728.440,31 
PR;4116406;NOSSA SENHORA DAS GRACAS; 3.675.273,12 ; -   ; -   ; -   ; -   ; 3.675.273,12 
PR;4116505;NOVA ALIANCA DO IVAI; 1.404.945,23 ; -   ; -   ; -   ; -   ; 1.404.945,23 
PR;4116604;NOVA AMERICA DA COLINA; 2.928.856,20 ; -   ; -   ; -   ; -   ; 2.928.856,20 
PR;4116703;NOVA AURORA; 12.018.450,70 ; -   ; -   ; -   ; -   ; 12.018.450,70 
PR;4116802;NOVA CANTU; 6.912.516,71 ; -   ; -   ; 312.853,71 ; 312.853,71 ; 7.225.370,42 
PR;4116901;NOVA ESPERANCA; 22.250.664,85 ; -   ; -   ; -   ; -   ; 22.250.664,85 
PR;4116950;NOVA ESPERANCA DO SUDOESTE; 5.730.355,60 ; -   ; -   ; 251.847,17 ; 251.847,17 ; 5.982.202,77 
PR;4117008;NOVA FATIMA; 6.677.116,27 ; -   ; -   ; -   ; -   ; 6.677.116,27 
PR;4117057;NOVA LARANJEIRAS; 7.901.752,28 ; -   ; -   ; 680.544,91 ; 680.544,91 ; 8.582.297,19 
PR;4117107;NOVA LONDRINA; 12.989.366,72 ; -   ; -   ; 571.777,09 ; 571.777,09 ; 13.561.143,81 
PR;4117206;NOVA OLIMPIA; 5.638.278,97 ; -   ; -   ; 558.025,52 ; 558.025,52 ; 6.196.304,49 
PR;4117255;NOVA PRATA DO IGUACU; 11.460.754,33 ; -   ; 121.523,46 ; 1.122.100,61 ; 1.243.624,07 ; 12.704.378,40 
PR;4117214;NOVA SANTA BARBARA; 5.496.452,82 ; -   ; 466.506,50 ; 410.365,08 ; 876.871,58 ; 6.373.324,40 
PR;4117222;NOVA SANTA ROSA; 9.157.377,81 ; -   ; -   ; -   ; -   ; 9.157.377,81 
PR;4117271;NOVA TEBAS; 7.828.361,51 ; -   ; 299.130,29 ; -   ; 299.130,29 ; 8.127.491,80 
PR;4117297;NOVO ITACOLOMI; 2.548.125,81 ; -   ; -   ; 266.103,56 ; 266.103,56 ; 2.814.229,37 
PR;4117305;ORTIGUEIRA; 20.794.258,54 ; -   ; -   ; 1.890.894,22 ; 1.890.894,22 ; 22.685.152,76 
PR;4117404;OURIZONA; 2.653.962,40 ; -   ; -   ; 273.692,79 ; 273.692,79 ; 2.927.655,19 
PR;4117453;OURO VERDE DO OESTE; 6.500.721,74 ; -   ; -   ; 638.837,02 ; 638.837,02 ; 7.139.558,76 
PR;4117503;PAICANDU; 42.759.716,68 ; -   ; 4.068.207,67 ; -   ; 4.068.207,67 ; 46.827.924,35 
PR;4117602;PALMAS; 47.491.958,88 ; -   ; 4.975.250,54 ; 4.154.460,29 ; 9.129.710,83 ; 56.621.669,71 
PR;4117701;PALMEIRA; 28.983.896,21 ; -   ; -   ; -   ; -   ; 28.983.896,21 
PR;4117800;PALMITAL; 12.548.894,18 ; -   ; 482.259,85 ; -   ; 482.259,85 ; 13.031.154,03 
PR;4117909;PALOTINA; 32.900.609,36 ; -   ; -   ; 1.482.980,57 ; 1.482.980,57 ; 34.383.589,93 
PR;4118006;PARAISO DO NORTE; 16.474.916,03 ; -   ; 3.720.158,16 ; 1.355.220,30 ; 5.075.378,46 ; 21.550.294,49 
PR;4118105;PARANACITY; 9.107.489,39 ; -   ; -   ; 894.765,37 ; 894.765,37 ; 10.002.254,76 
PR;4118204;PARANAGUA; 112.363.406,30 ; -   ; -   ; -   ; -   ; 112.363.406,30 
PR;4118303;PARANAPOEMA; 2.499.364,13 ; -   ; -   ; 112.495,10 ; 112.495,10 ; 2.611.859,23 
PR;4118402;PARANAVAI; 83.681.870,69 ; -   ; -   ; 7.747.328,45 ; 7.747.328,45 ; 91.429.199,14 
PR;4118451;PATO BRAGADO; 7.689.932,06 ; -   ; 871.306,54 ; 689.622,10 ; 1.560.928,64 ; 9.250.860,70 
PR;4118501;PATO BRANCO; 75.558.941,44 ; -   ; -   ; -   ; -   ; 75.558.941,44 
PR;4118600;PAULA FREITAS; 5.656.837,04 ; -   ; -   ; -   ; -   ; 5.656.837,04 
PR;4118709;PAULO FRONTIN; 5.447.350,06 ; -   ; -   ; 247.377,16 ; 247.377,16 ; 5.694.727,22 
PR;4118808;PEABIRU; 12.332.780,81 ; -   ; -   ; 545.554,93 ; 545.554,93 ; 12.878.335,74 
PR;4118857;PEROBAL; 7.320.047,88 ; -   ; -   ; 331.231,54 ; 331.231,54 ; 7.651.279,42 
PR;4118907;PEROLA; 11.685.622,58 ; -   ; 791.344,31 ; -   ; 791.344,31 ; 12.476.966,89 
PR;4119004;PEROLA DOESTE; 5.706.899,18 ; -   ; 39.012,63 ; 563.863,65 ; 602.876,28 ; 6.309.775,46 
PR;4119103;PIEN; 16.167.953,56 ; -   ; 2.430.674,08 ; -   ; 2.430.674,08 ; 18.598.627,64 
PR;4119152;PINHAIS; 111.080.390,19 ; -   ; -   ; -   ; -   ; 111.080.390,19 
PR;4119251;PINHAL DE SAO BENTO; 3.771.720,95 ; -   ; 246.853,75 ; -   ; 246.853,75 ; 4.018.574,70 
PR;4119202;PINHALAO; 6.564.114,47 ; -   ; -   ; -   ; -   ; 6.564.114,47 
PR;4119301;PINHAO; 26.395.892,22 ; -   ; -   ; 2.528.421,68 ; 2.528.421,68 ; 28.924.313,90 
PR;4119400;PIRAI DO SUL; 22.988.628,94 ; -   ; -   ; 2.143.227,88 ; 2.143.227,88 ; 25.131.856,82 
PR;4119509;PIRAQUARA; 98.289.521,46 ; -   ; 11.343.044,88 ; -   ; 11.343.044,88 ; 109.632.566,34 
PR;4119608;PITANGA; 29.345.681,83 ; -   ; -   ; 2.717.534,98 ; 2.717.534,98 ; 32.063.216,81 
PR;4119657;PITANGUEIRAS; 2.916.963,92 ; -   ; -   ; -   ; -   ; 2.916.963,92 
PR;4119707;PLANALTINA DO PARANA; 4.870.339,38 ; -   ; -   ; -   ; -   ; 4.870.339,38 
PR;4119806;PLANALTO; 12.706.962,02 ; -   ; 1.322.946,01 ; -   ; 1.322.946,01 ; 14.029.908,03 
PR;4119905;PONTA GROSSA; 307.350.409,81 ; -   ; -   ; 24.131.597,93 ; 24.131.597,93 ; 331.482.007,74 
PR;4119954;PONTAL DO PARANA; 33.083.603,36 ; -   ; -   ; 1.475.362,89 ; 1.475.362,89 ; 34.558.966,25 
PR;4120002;PORECATU; 8.970.873,32 ; -   ; -   ; -   ; -   ; 8.970.873,32 
PR;4120101;PORTO AMAZONAS; 4.295.483,50 ; -   ; -   ; 404.218,08 ; 404.218,08 ; 4.699.701,58 
PR;4120150;PORTO BARREIRO; 2.997.890,51 ; -   ; -   ; 258.908,95 ; 258.908,95 ; 3.256.799,46 
PR;4120200;PORTO RICO; 4.009.732,04 ; -   ; -   ; -   ; -   ; 4.009.732,04 
PR;4120309;PORTO VITORIA; 3.613.392,17 ; -   ; -   ; 360.868,61 ; 360.868,61 ; 3.974.260,78 
PR;4120333;PRADO FERREIRA; 4.229.081,10 ; -   ; -   ; 426.681,68 ; 426.681,68 ; 4.655.762,78 
PR;4120358;PRANCHITA; 6.160.135,39 ; -   ; -   ; -   ; -   ; 6.160.135,39 
PR;4120408;PRESIDENTE CASTELO BRANCO; 3.964.238,94 ; -   ; -   ; -   ; -   ; 3.964.238,94 
PR;4120507;PRIMEIRO DE MAIO; 7.462.918,52 ; -   ; -   ; 649.256,03 ; 649.256,03 ; 8.112.174,55 
PR;4120606;PRUDENTOPOLIS; 40.449.876,44 ; -   ; -   ; -   ; -   ; 40.449.876,44 
PR;4120655;QUARTO CENTENARIO; 3.958.135,29 ; -   ; -   ; -   ; -   ; 3.958.135,29 
PR;4120705;QUATIGUA; 7.861.574,17 ; -   ; 314.341,92 ; -   ; 314.341,92 ; 8.175.916,09 
PR;4120804;QUATRO BARRAS; 20.109.655,42 ; -   ; -   ; 1.951.099,28 ; 1.951.099,28 ; 22.060.754,70 
PR;4120853;QUATRO PONTES; 5.101.335,93 ; -   ; -   ; 481.477,52 ; 481.477,52 ; 5.582.813,45 
PR;4120903;QUEDAS DO IGUACU; 29.817.726,56 ; -   ; 3.828.216,47 ; 2.761.077,45 ; 6.589.293,92 ; 36.407.020,48 
PR;4121000;QUERENCIA DO NORTE; 11.460.882,45 ; -   ; -   ; -   ; -   ; 11.460.882,45 
PR;4121109;QUINTA DO SOL; 4.757.168,65 ; -   ; 19.543,71 ; -   ; 19.543,71 ; 4.776.712,36 
PR;4121208;QUITANDINHA; 20.025.459,99 ; -   ; 4.148.297,55 ; -   ; 4.148.297,55 ; 24.173.757,54 
PR;4121257;RAMILANDIA; 4.411.352,41 ; -   ; -   ; 464.459,77 ; 464.459,77 ; 4.875.812,18 
PR;4121307;RANCHO ALEGRE; 2.858.781,55 ; -   ; -   ; -   ; -   ; 2.858.781,55 
PR;4121356;RANCHO ALEGRE DOESTE; 1.899.361,95 ; -   ; -   ; -   ; -   ; 1.899.361,95 
PR;4121406;REALEZA; 19.282.575,08 ; -   ; 2.634.496,70 ; -   ; 2.634.496,70 ; 21.917.071,78 
PR;4121505;REBOUCAS; 14.960.803,41 ; -   ; 1.648.195,74 ; -   ; 1.648.195,74 ; 16.608.999,15 
PR;4121604;RENASCENCA; 6.284.464,68 ; -   ; -   ; -   ; -   ; 6.284.464,68 
PR;4121703;RESERVA; 24.824.318,78 ; -   ; 3.896.645,07 ; -   ; 3.896.645,07 ; 28.720.963,85 
PR;4121752;RESERVA DO IGUACU; 8.392.781,81 ; -   ; 16.162,27 ; 786.585,38 ; 802.747,65 ; 9.195.529,46 
PR;4121802;RIBEIRAO CLARO; 10.669.864,07 ; -   ; -   ; -   ; -   ; 10.669.864,07 
PR;4121901;RIBEIRAO DO PINHAL; 14.103.535,47 ; -   ; 2.512.420,17 ; 596.342,44 ; 3.108.762,61 ; 17.212.298,08 
PR;4122008;RIO AZUL; 12.117.021,18 ; -   ; -   ; 1.138.663,45 ; 1.138.663,45 ; 13.255.684,63 
PR;4122107;RIO BOM; 2.984.269,38 ; -   ; -   ; -   ; -   ; 2.984.269,38 
PR;4122156;RIO BONITO DO IGUACU; 14.088.301,17 ; -   ; 1.398.997,26 ; 1.273.396,88 ; 2.672.394,14 ; 16.760.695,31 
PR;4122172;RIO BRANCO DO IVAI; 4.377.172,70 ; -   ; -   ; -   ; -   ; 4.377.172,70 
PR;4122206;RIO BRANCO DO SUL; 32.838.600,12 ; -   ; -   ; 1.543.245,19 ; 1.543.245,19 ; 34.381.845,31 
PR;4122305;RIO NEGRO; 29.525.736,93 ; -   ; -   ; 2.711.098,51 ; 2.711.098,51 ; 32.236.835,44 
PR;4122404;ROLANDIA; 60.674.712,60 ; -   ; -   ; -   ; -   ; 60.674.712,60 
PR;4122503;RONCADOR; 9.218.194,10 ; -   ; -   ; 875.382,27 ; 875.382,27 ; 10.093.576,37 
PR;4122602;RONDON; 8.793.929,79 ; -   ; 766.983,96 ; 798.608,09 ; 1.565.592,05 ; 10.359.521,84 
PR;4122651;ROSARIO DO IVAI; 5.110.622,92 ; -   ; -   ; -   ; -   ; 5.110.622,92 
PR;4122701;SABAUDIA; 11.809.932,20 ; -   ; 1.663.934,53 ; 1.030.540,12 ; 2.694.474,65 ; 14.504.406,85 
PR;4122800;SALGADO FILHO; 4.261.178,10 ; -   ; -   ; -   ; -   ; 4.261.178,10 
PR;4122909;SALTO DO ITARARE; 5.415.291,26 ; -   ; 745.495,75 ; -   ; 745.495,75 ; 6.160.787,01 
PR;4123006;SALTO DO LONTRA; 13.464.247,10 ; -   ; 1.478.311,50 ; 1.268.701,43 ; 2.747.012,93 ; 16.211.260,03 
PR;4123105;SANTA AMELIA; 3.665.187,08 ; -   ; -   ; -   ; -   ; 3.665.187,08 
PR;4123204;SANTA CECILIA DO PAVAO; 3.629.410,25 ; -   ; -   ; 167.793,51 ; 167.793,51 ; 3.797.203,76 
PR;4123303;SANTA CRUZ DE MONTE CASTELO; 8.995.529,97 ; -   ; 562.530,63 ; 905.959,90 ; 1.468.490,53 ; 10.464.020,50 
PR;4123402;SANTA FE; 10.244.981,38 ; -   ; 146.944,12 ; -   ; 146.944,12 ; 10.391.925,50 
PR;4123501;SANTA HELENA; 28.845.394,77 ; -   ; -   ; -   ; -   ; 28.845.394,77 
PR;4123600;SANTA INES; 1.820.490,03 ; -   ; -   ; 162.273,91 ; 162.273,91 ; 1.982.763,94 
PR;4123709;SANTA ISABEL DO IVAI; 8.110.633,73 ; -   ; -   ; -   ; -   ; 8.110.633,73 
PR;4123808;SANTA IZABEL DO OESTE; 12.208.412,80 ; -   ; 397.667,88 ; -   ; 397.667,88 ; 12.606.080,68 
PR;4123824;SANTA LUCIA; 2.973.227,05 ; -   ; -   ; 144.236,11 ; 144.236,11 ; 3.117.463,16 
PR;4123857;SANTA MARIA DO OESTE; 9.753.695,25 ; -   ; 352.911,47 ; 821.507,42 ; 1.174.418,89 ; 10.928.114,14 
PR;4123907;SANTA MARIANA; 8.379.073,86 ; -   ; -   ; 367.653,02 ; 367.653,02 ; 8.746.726,88 
PR;4123956;SANTA MONICA; 4.144.967,30 ; -   ; -   ; -   ; -   ; 4.144.967,30 
PR;4124020;SANTA TEREZA DO OESTE; 14.159.534,01 ; -   ; -   ; 689.639,28 ; 689.639,28 ; 14.849.173,29 
PR;4124053;SANTA TEREZINHA DE ITAIPU; 21.693.420,06 ; -   ; 49.907,99 ; 2.244.620,72 ; 2.294.528,71 ; 23.987.948,77 
PR;4124004;SANTANA DO ITARARE; 5.484.265,31 ; -   ; -   ; 537.325,06 ; 537.325,06 ; 6.021.590,37 
PR;4124103;SANTO ANTONIO DA PLATINA; 36.547.371,13 ; -   ; -   ; -   ; -   ; 36.547.371,13 
PR;4124202;SANTO ANTONIO DO CAIUA; 2.879.043,53 ; -   ; -   ; 243.898,18 ; 243.898,18 ; 3.122.941,71 
PR;4124301;SANTO ANTONIO DO PARAISO; 2.074.888,90 ; -   ; -   ; 193.428,04 ; 193.428,04 ; 2.268.316,94 
PR;4124400;SANTO ANTONIO DO SUDOESTE; 21.220.870,12 ; -   ; 3.827.424,43 ; 1.899.391,77 ; 5.726.816,20 ; 26.947.686,32 
PR;4124509;SANTO INACIO; 7.542.630,53 ; -   ; -   ; -   ; -   ; 7.542.630,53 
PR;4124608;SAO CARLOS DO IVAI; 7.695.873,21 ; -   ; 532.966,07 ; 646.321,70 ; 1.179.287,77 ; 8.875.160,98 
PR;4124707;SAO JERONIMO DA SERRA; 6.918.422,77 ; -   ; -   ; -   ; -   ; 6.918.422,77 
PR;4124806;SAO JOAO; 12.628.658,55 ; -   ; 557.643,13 ; 1.156.789,33 ; 1.714.432,46 ; 14.343.091,01 
PR;4124905;SAO JOAO DO CAIUA; 7.401.176,53 ; -   ; 1.302.588,71 ; 700.933,56 ; 2.003.522,27 ; 9.404.698,80 
PR;4125001;SAO JOAO DO IVAI; 10.473.929,33 ; -   ; 1.365.563,88 ; -   ; 1.365.563,88 ; 11.839.493,21 
PR;4125100;SAO JOAO DO TRIUNFO; 12.130.326,77 ; -   ; 739.914,85 ; -   ; 739.914,85 ; 12.870.241,62 
PR;4125308;SAO JORGE DO IVAI; 4.530.724,91 ; -   ; -   ; 438.117,17 ; 438.117,17 ; 4.968.842,08 
PR;4125357;SAO JORGE DO PATROCINIO; 6.790.738,24 ; -   ; -   ; 269.313,69 ; 269.313,69 ; 7.060.051,93 
PR;4125209;SAO JORGE DOESTE; 9.549.610,18 ; -   ; -   ; 435.979,90 ; 435.979,90 ; 9.985.590,08 
PR;4125407;SAO JOSE DA BOA VISTA; 5.359.934,65 ; -   ; -   ; 242.961,02 ; 242.961,02 ; 5.602.895,67 
PR;4125456;SAO JOSE DAS PALMEIRAS; 3.649.311,14 ; -   ; -   ; 348.740,91 ; 348.740,91 ; 3.998.052,05 
PR;4125506;SAO JOSE DOS PINHAIS; 236.409.267,37 ; -   ; -   ; -   ; -   ; 236.409.267,37 
PR;4125555;SAO MANOEL DO PARANA; 2.068.719,64 ; -   ; -   ; 187.343,08 ; 187.343,08 ; 2.256.062,72 
PR;4125605;SAO MATEUS DO SUL; 41.486.872,06 ; -   ; -   ; 3.835.511,19 ; 3.835.511,19 ; 45.322.383,25 
PR;4125704;SAO MIGUEL DO IGUACU; 27.574.802,80 ; -   ; -   ; -   ; -   ; 27.574.802,80 
PR;4125753;SAO PEDRO DO IGUACU; 6.005.760,44 ; -   ; -   ; 282.068,76 ; 282.068,76 ; 6.287.829,20 
PR;4125803;SAO PEDRO DO IVAI; 7.838.707,24 ; -   ; -   ; -   ; -   ; 7.838.707,24 
PR;4125902;SAO PEDRO DO PARANA; 2.747.160,26 ; -   ; -   ; 261.605,91 ; 261.605,91 ; 3.008.766,17 
PR;4126009;SAO SEBASTIAO DA AMOREIRA; 6.481.131,69 ; -   ; 398.653,18 ; 628.096,83 ; 1.026.750,01 ; 7.507.881,70 
PR;4126108;SAO TOME; 5.387.559,28 ; -   ; -   ; 247.901,38 ; 247.901,38 ; 5.635.460,66 
PR;4126207;SAPOPEMA; 8.617.717,04 ; -   ; 2.274.108,45 ; 763.265,56 ; 3.037.374,01 ; 11.655.091,05 
PR;4126256;SARANDI; 93.374.990,71 ; -   ; 13.441.410,17 ; -   ; 13.441.410,17 ; 106.816.400,88 
PR;4126272;SAUDADE DO IGUACU; 7.218.132,93 ; -   ; -   ; 673.643,58 ; 673.643,58 ; 7.891.776,51 
PR;4126306;SENGES; 18.129.003,70 ; -   ; -   ; 1.767.628,81 ; 1.767.628,81 ; 19.896.632,51 
PR;4126355;SERRANOPOLIS DO IGUACU; 4.317.503,31 ; -   ; -   ; 473.186,37 ; 473.186,37 ; 4.790.689,68 
PR;4126405;SERTANEJA; 5.171.903,08 ; -   ; -   ; 219.948,08 ; 219.948,08 ; 5.391.851,16 
PR;4126504;SERTANOPOLIS; 13.299.561,35 ; -   ; -   ; 562.548,38 ; 562.548,38 ; 13.862.109,73 
PR;4126603;SIQUEIRA CAMPOS; 22.906.336,91 ; -   ; 3.032.536,77 ; -   ; 3.032.536,77 ; 25.938.873,68 
PR;4126652;SULINA; 3.657.020,54 ; -   ; -   ; 302.389,69 ; 302.389,69 ; 3.959.410,23 
PR;4126678;TAMARANA; 9.129.801,19 ; -   ; -   ; -   ; -   ; 9.129.801,19 
PR;4126702;TAMBOARA; 4.628.236,48 ; -   ; -   ; -   ; -   ; 4.628.236,48 
PR;4126801;TAPEJARA; 14.444.081,89 ; -   ; -   ; 1.401.028,44 ; 1.401.028,44 ; 15.845.110,33 
PR;4126900;TAPIRA; 4.710.527,07 ; -   ; -   ; -   ; -   ; 4.710.527,07 
PR;4127007;TEIXEIRA SOARES; 9.046.748,60 ; -   ; -   ; 860.361,03 ; 860.361,03 ; 9.907.109,63 
PR;4127106;TELEMACO BORBA; 66.161.972,51 ; -   ; -   ; -   ; -   ; 66.161.972,51 
PR;4127205;TERRA BOA; 17.224.340,01 ; -   ; 140.970,61 ; 1.822.980,14 ; 1.963.950,75 ; 19.188.290,76 
PR;4127304;TERRA RICA; 14.602.899,87 ; -   ; -   ; -   ; -   ; 14.602.899,87 
PR;4127403;TERRA ROXA; 17.569.450,39 ; -   ; -   ; 1.630.877,92 ; 1.630.877,92 ; 19.200.328,31 
PR;4127502;TIBAGI; 18.488.984,62 ; -   ; -   ; -   ; -   ; 18.488.984,62 
PR;4127601;TIJUCAS DO SUL; 19.614.371,29 ; -   ; 1.186.797,17 ; -   ; 1.186.797,17 ; 20.801.168,46 
PR;4127700;TOLEDO; 123.640.262,20 ; -   ; -   ; -   ; -   ; 123.640.262,20 
PR;4127809;TOMAZINA; 7.163.147,96 ; -   ; -   ; -   ; -   ; 7.163.147,96 
PR;4127858;TRES BARRAS DO PARANA; 10.982.531,30 ; -   ; -   ; -   ; -   ; 10.982.531,30 
PR;4127882;TUNAS DO PARANA; 7.973.131,03 ; -   ; 561.099,34 ; 691.955,32 ; 1.253.054,66 ; 9.226.185,69 
PR;4127908;TUNEIRAS DO OESTE; 8.218.966,62 ; -   ; 222.590,79 ; 745.991,68 ; 968.582,47 ; 9.187.549,09 
PR;4127957;TUPASSI; 7.020.495,80 ; -   ; -   ; 333.697,76 ; 333.697,76 ; 7.354.193,56 
PR;4127965;TURVO; 14.834.268,45 ; -   ; 8.363,74 ; 1.406.355,74 ; 1.414.719,48 ; 16.248.987,93 
PR;4128005;UBIRATA; 24.203.198,06 ; -   ; -   ; -   ; -   ; 24.203.198,06 
PR;4128104;UMUARAMA; 85.414.859,27 ; -   ; -   ; -   ; -   ; 85.414.859,27 
PR;4128203;UNIAO DA VITORIA; 47.445.477,44 ; -   ; -   ; 4.497.333,80 ; 4.497.333,80 ; 51.942.811,24 
PR;4128302;UNIFLOR; 1.642.268,41 ; -   ; -   ; -   ; -   ; 1.642.268,41 
PR;4128401;URAI; 6.950.350,16 ; -   ; -   ; 609.094,12 ; 609.094,12 ; 7.559.444,28 
PR;4128534;VENTANIA; 8.693.990,73 ; -   ; -   ; 847.016,56 ; 847.016,56 ; 9.541.007,29 
PR;4128559;VERA CRUZ DO OESTE; 6.973.337,00 ; -   ; -   ; 651.168,99 ; 651.168,99 ; 7.624.505,99 
PR;4128609;VERE; 7.392.796,37 ; -   ; -   ; -   ; -   ; 7.392.796,37 
PR;4128658;VIRMOND; 3.533.374,78 ; -   ; -   ; 383.767,14 ; 383.767,14 ; 3.917.141,92 
PR;4128708;VITORINO; 8.756.881,66 ; -   ; 243.530,39 ; -   ; 243.530,39 ; 9.000.412,05 
PR;4128500;WENCESLAU BRAZ; 17.440.505,25 ; -   ; 1.266.777,12 ; -   ; 1.266.777,12 ; 18.707.282,37 
PR;4128807;XAMBRE; 5.475.109,56 ; -   ; -   ; -   ; -   ; 5.475.109,56 
PR;41;GOVERNO DO ESTADO; 7.806.759.297,24 ; -   ; -   ; 627.511.105,85 ; 627.511.105,85 ; 8.434.270.403,09 
RJ;3300100;ANGRA DOS REIS; 200.792.791,56 ; -   ; -   ; -   ; -   ; 200.792.791,56 
RJ;3300159;APERIBE; 8.949.028,84 ; -   ; -   ; -   ; -   ; 8.949.028,84 
RJ;3300209;ARARUAMA; 167.032.454,15 ; -   ; -   ; -   ; -   ; 167.032.454,15 
RJ;3300225;AREAL; 15.037.826,41 ; -   ; -   ; -   ; -   ; 15.037.826,41 
RJ;3300233;ARMACAO DOS BUZIOS; 76.096.988,91 ; -   ; -   ; -   ; -   ; 76.096.988,91 
RJ;3300258;ARRAIAL DO CABO; 47.531.166,85 ; -   ; -   ; -   ; -   ; 47.531.166,85 
RJ;3300308;BARRA DO PIRAI; 55.319.026,33 ; -   ; -   ; -   ; -   ; 55.319.026,33 
RJ;3300407;BARRA MANSA; 125.616.267,77 ; -   ; -   ; -   ; -   ; 125.616.267,77 
RJ;3300456;BELFORD ROXO; 311.831.834,31 ; -   ; 57.918.566,99 ; -   ; 57.918.566,99 ; 369.750.401,30 
RJ;3300506;BOM JARDIM; 20.259.672,97 ; -   ; -   ; -   ; -   ; 20.259.672,97 
RJ;3300605;BOM JESUS DO ITABAPOANA; 33.569.297,44 ; -   ; -   ; -   ; -   ; 33.569.297,44 
RJ;3300704;CABO FRIO; 230.022.763,41 ; -   ; -   ; -   ; -   ; 230.022.763,41 
RJ;3300803;CACHOEIRAS DE MACACU; 54.097.696,51 ; -   ; -   ; -   ; -   ; 54.097.696,51 
RJ;3300902;CAMBUCI; 12.616.012,60 ; -   ; -   ; -   ; -   ; 12.616.012,60 
RJ;3301009;CAMPOS DOS GOYTACAZES; 430.978.383,90 ; -   ; -   ; -   ; -   ; 430.978.383,90 
RJ;3301108;CANTAGALO; 12.831.507,31 ; -   ; -   ; -   ; -   ; 12.831.507,31 
RJ;3300936;CARAPEBUS; 15.634.696,45 ; -   ; -   ; -   ; -   ; 15.634.696,45 
RJ;3301157;CARDOSO MOREIRA; 17.300.612,28 ; -   ; -   ; -   ; -   ; 17.300.612,28 
RJ;3301207;CARMO; 14.087.359,97 ; -   ; -   ; -   ; -   ; 14.087.359,97 
RJ;3301306;CASIMIRO DE ABREU; 56.787.404,78 ; -   ; -   ; -   ; -   ; 56.787.404,78 
RJ;3300951;COMENDADOR LEVY GASPARIAN; 12.077.557,39 ; -   ; -   ; -   ; -   ; 12.077.557,39 
RJ;3301405;CONCEICAO DE MACABU; 19.289.069,33 ; -   ; -   ; -   ; -   ; 19.289.069,33 
RJ;3301504;CORDEIRO; 17.271.261,57 ; -   ; -   ; -   ; -   ; 17.271.261,57 
RJ;3301603;DUAS BARRAS; 12.176.185,62 ; -   ; -   ; -   ; -   ; 12.176.185,62 
RJ;3301702;DUQUE DE CAXIAS; 597.389.980,13 ; -   ; -   ; -   ; -   ; 597.389.980,13 
RJ;3301801;ENGENHEIRO PAULO DE FRONTIN; 13.113.042,52 ; -   ; -   ; -   ; -   ; 13.113.042,52 
RJ;3301850;GUAPIMIRIM; 63.986.994,77 ; -   ; -   ; -   ; -   ; 63.986.994,77 
RJ;3301876;IGUABA GRANDE; 43.998.306,64 ; -   ; -   ; -   ; -   ; 43.998.306,64 
RJ;3301900;ITABORAI; 218.299.559,48 ; -   ; 13.722.544,28 ; -   ; 13.722.544,28 ; 232.022.103,76 
RJ;3302007;ITAGUAI; 150.109.115,45 ; -   ; -   ; -   ; -   ; 150.109.115,45 
RJ;3302056;ITALVA; 12.573.676,67 ; -   ; -   ; -   ; -   ; 12.573.676,67 
RJ;3302106;ITAOCARA; 14.944.898,72 ; -   ; -   ; -   ; -   ; 14.944.898,72 
RJ;3302205;ITAPERUNA; 76.696.921,34 ; -   ; -   ; -   ; -   ; 76.696.921,34 
RJ;3302254;ITATIAIA; 39.955.963,70 ; -   ; -   ; -   ; -   ; 39.955.963,70 
RJ;3302270;JAPERI; 91.171.097,48 ; -   ; 4.913.889,39 ; -   ; 4.913.889,39 ; 96.084.986,87 
RJ;3302304;LAJE DO MURIAE; 8.510.906,47 ; -   ; -   ; -   ; -   ; 8.510.906,47 
RJ;3302403;MACAE; 300.362.886,90 ; -   ; -   ; -   ; -   ; 300.362.886,90 
RJ;3302452;MACUCO; 6.330.801,10 ; -   ; -   ; -   ; -   ; 6.330.801,10 
RJ;3302502;MAGE; 296.379.292,06 ; -   ; 42.411.347,91 ; -   ; 42.411.347,91 ; 338.790.639,97 
RJ;3302601;MANGARATIBA; 59.305.072,51 ; -   ; -   ; -   ; -   ; 59.305.072,51 
RJ;3302700;MARICA; 242.758.617,61 ; -   ; -   ; -   ; -   ; 242.758.617,61 
RJ;3302809;MENDES; 18.076.918,93 ; -   ; -   ; -   ; -   ; 18.076.918,93 
RJ;3302858;MESQUITA; 113.206.279,34 ; -   ; 7.692.976,61 ; -   ; 7.692.976,61 ; 120.899.255,95 
RJ;3302908;MIGUEL PEREIRA; 28.615.049,84 ; -   ; -   ; -   ; -   ; 28.615.049,84 
RJ;3303005;MIRACEMA; 24.207.065,47 ; -   ; -   ; -   ; -   ; 24.207.065,47 
RJ;3303104;NATIVIDADE; 11.973.591,42 ; -   ; -   ; -   ; -   ; 11.973.591,42 
RJ;3303203;NILOPOLIS; 80.767.374,08 ; -   ; -   ; -   ; -   ; 80.767.374,08 
RJ;3303302;NITEROI; 225.580.342,86 ; -   ; -   ; -   ; -   ; 225.580.342,86 
RJ;3303401;NOVA FRIBURGO; 148.593.262,62 ; -   ; 2.511.990,27 ; -   ; 2.511.990,27 ; 151.105.252,89 
RJ;3303500;NOVA IGUACU; 476.210.996,44 ; -   ; 73.752.335,30 ; -   ; 73.752.335,30 ; 549.963.331,74 
RJ;3303609;PARACAMBI; 34.616.629,64 ; -   ; -   ; -   ; -   ; 34.616.629,64 
RJ;3303708;PARAIBA DO SUL; 45.767.704,18 ; -   ; -   ; -   ; -   ; 45.767.704,18 
RJ;3303807;PARATY; 49.489.383,88 ; -   ; -   ; -   ; -   ; 49.489.383,88 
RJ;3303856;PATY DO ALFERES; 37.701.236,88 ; -   ; 335.907,26 ; -   ; 335.907,26 ; 38.037.144,14 
RJ;3303906;PETROPOLIS; 270.328.569,07 ; -   ; -   ; -   ; -   ; 270.328.569,07 
RJ;3303955;PINHEIRAL; 26.545.969,22 ; -   ; -   ; -   ; -   ; 26.545.969,22 
RJ;3304003;PIRAI; 31.651.501,63 ; -   ; -   ; -   ; -   ; 31.651.501,63 
RJ;3304102;PORCIUNCULA; 15.065.980,46 ; -   ; -   ; -   ; -   ; 15.065.980,46 
RJ;3304110;PORTO REAL; 23.075.775,12 ; -   ; -   ; -   ; -   ; 23.075.775,12 
RJ;3304128;QUATIS; 17.622.289,67 ; -   ; -   ; -   ; -   ; 17.622.289,67 
RJ;3304144;QUEIMADOS; 104.512.617,11 ; -   ; 4.330.887,42 ; -   ; 4.330.887,42 ; 108.843.504,53 
RJ;3304151;QUISSAMA; 35.042.384,18 ; -   ; -   ; -   ; -   ; 35.042.384,18 
RJ;3304201;RESENDE; 105.861.781,57 ; -   ; -   ; -   ; -   ; 105.861.781,57 
RJ;3304300;RIO BONITO; 62.844.833,80 ; -   ; -   ; -   ; -   ; 62.844.833,80 
RJ;3304409;RIO CLARO; 20.522.334,39 ; -   ; -   ; -   ; -   ; 20.522.334,39 
RJ;3304508;RIO DAS FLORES; 12.094.739,73 ; -   ; -   ; -   ; -   ; 12.094.739,73 
RJ;3304524;RIO DAS OSTRAS; 166.266.056,17 ; -   ; -   ; -   ; -   ; 166.266.056,17 
RJ;3304557;RIO DE JANEIRO; 5.296.862.808,83 ; -   ; -   ; -   ; -   ; 5.296.862.808,83 
RJ;3304607;SANTA MARIA MADALENA; 9.648.677,47 ; -   ; -   ; -   ; -   ; 9.648.677,47 
RJ;3304706;SANTO ANTONIO DE PADUA; 39.533.478,41 ; -   ; -   ; -   ; -   ; 39.533.478,41 
RJ;3304805;SAO FIDELIS; 35.975.591,79 ; -   ; -   ; -   ; -   ; 35.975.591,79 
RJ;3304755;SAO FRANCISCO DE ITABAPOANA; 62.993.342,73 ; -   ; -   ; -   ; -   ; 62.993.342,73 
RJ;3304904;SAO GONCALO; 342.034.203,16 ; -   ; -   ; -   ; -   ; 342.034.203,16 
RJ;3305000;SAO JOAO DA BARRA; 60.156.202,53 ; -   ; -   ; -   ; -   ; 60.156.202,53 
RJ;3305109;SAO JOAO DE MERITI; 218.921.020,81 ; -   ; 21.129.049,76 ; -   ; 21.129.049,76 ; 240.050.070,57 
RJ;3305133;SAO JOSE DE UBA; 5.604.970,18 ; -   ; -   ; -   ; -   ; 5.604.970,18 
RJ;3305158;SAO JOSE DO VALE DO RIO PRETO; 24.304.066,66 ; -   ; -   ; -   ; -   ; 24.304.066,66 
RJ;3305208;SAO PEDRO DA ALDEIA; 106.998.787,85 ; -   ; 14.960.223,05 ; -   ; 14.960.223,05 ; 121.959.010,90 
RJ;3305307;SAO SEBASTIAO DO ALTO; 7.290.862,21 ; -   ; -   ; -   ; -   ; 7.290.862,21 
RJ;3305406;SAPUCAIA; 18.003.325,80 ; -   ; -   ; -   ; -   ; 18.003.325,80 
RJ;3305505;SAQUAREMA; 151.677.152,97 ; -   ; -   ; -   ; -   ; 151.677.152,97 
RJ;3305554;SEROPEDICA; 100.376.807,76 ; -   ; 3.876.842,40 ; -   ; 3.876.842,40 ; 104.253.650,16 
RJ;3305604;SILVA JARDIM; 30.183.286,94 ; -   ; -   ; -   ; -   ; 30.183.286,94 
RJ;3305703;SUMIDOURO; 16.484.732,63 ; -   ; -   ; -   ; -   ; 16.484.732,63 
RJ;3305752;TANGUA; 41.542.284,91 ; -   ; 4.114.290,28 ; -   ; 4.114.290,28 ; 45.656.575,19 
RJ;3305802;TERESOPOLIS; 163.568.633,69 ; -   ; -   ; -   ; -   ; 163.568.633,69 
RJ;3305901;TRAJANO DE MORAES; 8.664.408,10 ; -   ; -   ; -   ; -   ; 8.664.408,10 
RJ;3306008;TRES RIOS; 74.234.146,76 ; -   ; -   ; -   ; -   ; 74.234.146,76 
RJ;3306107;VALENCA; 64.105.846,58 ; -   ; -   ; -   ; -   ; 64.105.846,58 
RJ;3306156;VARRE-SAI; 12.401.920,46 ; -   ; -   ; -   ; -   ; 12.401.920,46 
RJ;3306206;VASSOURAS; 28.719.308,88 ; -   ; -   ; -   ; -   ; 28.719.308,88 
RJ;3306305;VOLTA REDONDA; 242.136.034,98 ; -   ; -   ; -   ; -   ; 242.136.034,98 
RJ;33;GOVERNO DO ESTADO; 4.666.294.244,36 ; -   ; -   ; -   ; -   ; 4.666.294.244,36 
RN;2400109;ACARI; 10.787.116,42 ; -   ; 2.068.911,52 ; 473.910,68 ; 2.542.822,20 ; 13.329.938,62 
RN;2400208;ACU; 46.768.269,27 ; -   ; 745.872,88 ; 3.656.159,20 ; 4.402.032,08 ; 51.170.301,35 
RN;2400307;AFONSO BEZERRA; 12.070.164,82 ; -   ; -   ; 416.013,72 ; 416.013,72 ; 12.486.178,54 
RN;2400406;AGUA NOVA; 4.585.419,21 ; -   ; 492.725,22 ; -   ; 492.725,22 ; 5.078.144,43 
RN;2400505;ALEXANDRIA; 14.897.445,52 ; -   ; 4.896.385,94 ; 1.169.399,78 ; 6.065.785,72 ; 20.963.231,24 
RN;2400604;ALMINO AFONSO; 3.102.060,83 ; -   ; -   ; 243.859,70 ; 243.859,70 ; 3.345.920,53 
RN;2400703;ALTO DO RODRIGUES; 21.942.447,46 ; -   ; -   ; 1.691.575,80 ; 1.691.575,80 ; 23.634.023,26 
RN;2400802;ANGICOS; 9.492.518,60 ; -   ; 1.077.786,79 ; 745.867,97 ; 1.823.654,76 ; 11.316.173,36 
RN;2400901;ANTONIO MARTINS; 6.576.782,40 ; -   ; 1.559.595,17 ; 495.527,86 ; 2.055.123,03 ; 8.631.905,43 
RN;2401008;APODI; 23.855.791,04 ; -   ; 419.648,53 ; 1.951.589,93 ; 2.371.238,46 ; 26.227.029,50 
RN;2401107;AREIA BRANCA; 25.157.736,76 ; -   ; -   ; -   ; -   ; 25.157.736,76 
RN;2401206;ARES; 19.801.508,73 ; -   ; 4.080.341,72 ; -   ; 4.080.341,72 ; 23.881.850,45 
RN;2401305;AUGUSTO SEVERO; 9.993.810,57 ; -   ; 2.736.759,79 ; 708.192,77 ; 3.444.952,56 ; 13.438.763,13 
RN;2401404;BAIA FORMOSA; 13.399.914,45 ; -   ; 3.447.346,77 ; 919.333,93 ; 4.366.680,70 ; 17.766.595,15 
RN;2401453;BARAUNA; 36.495.797,56 ; -   ; 10.512.542,31 ; 2.614.898,29 ; 13.127.440,60 ; 49.623.238,16 
RN;2401503;BARCELONA; 6.376.843,72 ; -   ; 894.062,84 ; -   ; 894.062,84 ; 7.270.906,56 
RN;2401602;BENTO FERNANDES; 7.392.520,99 ; -   ; 927.125,82 ; -   ; 927.125,82 ; 8.319.646,81 
RN;2401651;BODO; 5.307.300,92 ; -   ; -   ; -   ; -   ; 5.307.300,92 
RN;2401701;BOM JESUS; 14.415.208,61 ; -   ; 4.771.957,76 ; -   ; 4.771.957,76 ; 19.187.166,37 
RN;2401800;BREJINHO; 12.433.410,90 ; -   ; 3.011.570,56 ; 929.919,42 ; 3.941.489,98 ; 16.374.900,88 
RN;2401859;CAICARA DO NORTE; 6.522.151,89 ; -   ; 856.702,69 ; 456.825,74 ; 1.313.528,43 ; 7.835.680,32 
RN;2401909;CAICARA DO RIO DO VENTO; 4.866.055,95 ; -   ; -   ; -   ; -   ; 4.866.055,95 
RN;2402006;CAICO; 40.744.631,81 ; -   ; 4.127.066,22 ; 3.313.945,39 ; 7.441.011,61 ; 48.185.643,42 
RN;2402105;CAMPO REDONDO; 17.146.988,45 ; -   ; 1.018.086,55 ; -   ; 1.018.086,55 ; 18.165.075,00 
RN;2402204;CANGUARETAMA; 54.334.844,38 ; -   ; 22.698.226,86 ; 3.788.197,83 ; 26.486.424,69 ; 80.821.269,07 
RN;2402303;CARAUBAS; 23.063.073,60 ; -   ; 5.046.376,08 ; 1.737.269,89 ; 6.783.645,97 ; 29.846.719,57 
RN;2402402;CARNAUBA DOS DANTAS; 10.000.992,50 ; -   ; 3.043.684,12 ; -   ; 3.043.684,12 ; 13.044.676,62 
RN;2402501;CARNAUBAIS; 11.806.578,12 ; -   ; -   ; 883.374,23 ; 883.374,23 ; 12.689.952,35 
RN;2402600;CEARA MIRIM; 89.310.677,21 ; -   ; 28.922.799,26 ; 6.486.683,69 ; 35.409.482,95 ; 124.720.160,16 
RN;2402709;CERRO CORA; 13.763.209,84 ; -   ; 2.305.265,08 ; 1.115.690,41 ; 3.420.955,49 ; 17.184.165,33 
RN;2402808;CORONEL EZEQUIEL; 7.704.524,96 ; -   ; 2.663.135,15 ; 619.721,00 ; 3.282.856,15 ; 10.987.381,11 
RN;2402907;CORONEL JOAO PESSOA; 6.430.015,69 ; -   ; 411.794,06 ; -   ; 411.794,06 ; 6.841.809,75 
RN;2403004;CRUZETA; 9.810.615,01 ; -   ; 2.561.033,85 ; 732.671,77 ; 3.293.705,62 ; 13.104.320,63 
RN;2403103;CURRAIS NOVOS; 37.221.821,66 ; -   ; 5.115.109,51 ; 1.597.836,79 ; 6.712.946,30 ; 43.934.767,96 
RN;2403202;DOUTOR SEVERIANO; 13.969.841,61 ; -   ; 4.956.274,18 ; 944.146,98 ; 5.900.421,16 ; 19.870.262,77 
RN;2403301;ENCANTO; 9.380.232,32 ; -   ; 2.088.829,66 ; 368.948,90 ; 2.457.778,56 ; 11.838.010,88 
RN;2403400;EQUADOR; 7.115.890,11 ; -   ; 791.595,05 ; 613.301,89 ; 1.404.896,94 ; 8.520.787,05 
RN;2403509;ESPIRITO SANTO; 11.070.246,67 ; -   ; 1.713.120,19 ; -   ; 1.713.120,19 ; 12.783.366,86 
RN;2403608;EXTREMOZ; 82.932.438,79 ; -   ; 47.227.540,67 ; 6.497.807,27 ; 53.725.347,94 ; 136.657.786,73 
RN;2403707;FELIPE GUERRA; 7.326.907,09 ; -   ; -   ; 601.644,47 ; 601.644,47 ; 7.928.551,56 
RN;2403756;FERNANDO PEDROZA; 4.111.801,66 ; -   ; 654.326,92 ; 318.548,74 ; 972.875,66 ; 5.084.677,32 
RN;2403806;FLORANIA; 9.064.046,78 ; -   ; 2.786.561,37 ; -   ; 2.786.561,37 ; 11.850.608,15 
RN;2403905;FRANCISCO DANTAS; 3.300.865,05 ; -   ; 323.419,46 ; -   ; 323.419,46 ; 3.624.284,51 
RN;2404002;FRUTUOSO GOMES; 4.069.641,25 ; -   ; 467.021,52 ; -   ; 467.021,52 ; 4.536.662,77 
RN;2404101;GALINHOS; 4.835.894,03 ; -   ; -   ; 375.232,45 ; 375.232,45 ; 5.211.126,48 
RN;2404200;GOIANINHA; 57.052.484,05 ; -   ; 23.699.623,24 ; -   ; 23.699.623,24 ; 80.752.107,29 
RN;2404309;GOVERNADOR DIX-SEPT ROSADO; 11.465.844,64 ; -   ; -   ; 416.215,82 ; 416.215,82 ; 11.882.060,46 
RN;2404408;GROSSOS; 9.589.098,53 ; -   ; -   ; -   ; -   ; 9.589.098,53 
RN;2404507;GUAMARE; 26.526.323,50 ; -   ; -   ; 1.992.062,39 ; 1.992.062,39 ; 28.518.385,89 
RN;2404606;IELMO MARINHO; 22.569.314,64 ; -   ; 3.822.582,43 ; -   ; 3.822.582,43 ; 26.391.897,07 
RN;2404705;IPANGUACU; 17.313.281,13 ; -   ; 4.977.579,27 ; 1.183.767,90 ; 6.161.347,17 ; 23.474.628,30 
RN;2404804;IPUEIRA; 2.962.356,59 ; -   ; -   ; 207.751,54 ; 207.751,54 ; 3.170.108,13 
RN;2404853;ITAJA; 11.938.226,02 ; -   ; 3.100.665,33 ; 800.391,43 ; 3.901.056,76 ; 15.839.282,78 
RN;2404903;ITAU; 6.933.525,95 ; -   ; 1.685.908,45 ; 228.820,78 ; 1.914.729,23 ; 8.848.255,18 
RN;2405009;JACANA; 10.754.599,88 ; -   ; 5.193.107,67 ; 875.383,25 ; 6.068.490,92 ; 16.823.090,80 
RN;2405108;JANDAIRA; 10.887.937,18 ; -   ; 249.861,26 ; -   ; 249.861,26 ; 11.137.798,44 
RN;2405207;JANDUIS; 8.705.288,76 ; -   ; 2.880.359,73 ; 588.979,86 ; 3.469.339,59 ; 12.174.628,35 
RN;2405306;JANUARIO CICCO; 15.506.464,78 ; -   ; 6.240.697,92 ; -   ; 6.240.697,92 ; 21.747.162,70 
RN;2405405;JAPI; 7.173.604,10 ; -   ; 2.188.476,48 ; 301.109,73 ; 2.489.586,21 ; 9.663.190,31 
RN;2405504;JARDIM DE ANGICOS; 5.087.700,67 ; -   ; -   ; -   ; -   ; 5.087.700,67 
RN;2405603;JARDIM DE PIRANHAS; 19.229.464,91 ; -   ; 6.578.373,36 ; -   ; 6.578.373,36 ; 25.807.838,27 
RN;2405702;JARDIM DO SERIDO; 9.305.726,31 ; -   ; 1.510.626,67 ; 722.773,76 ; 2.233.400,43 ; 11.539.126,74 
RN;2405801;JOAO CAMARA; 41.228.032,02 ; -   ; 8.583.110,75 ; 1.441.413,86 ; 10.024.524,61 ; 51.252.556,63 
RN;2405900;JOAO DIAS; 3.641.037,89 ; -   ; 318.740,85 ; 272.919,80 ; 591.660,65 ; 4.232.698,54 
RN;2406007;JOSE DA PENHA; 8.679.534,72 ; -   ; 2.507.072,67 ; 529.647,04 ; 3.036.719,71 ; 11.716.254,43 
RN;2406106;JUCURUTU; 16.824.676,19 ; -   ; 2.038.314,94 ; -   ; 2.038.314,94 ; 18.862.991,13 
RN;2406155;JUNDIA; 7.532.333,94 ; -   ; 3.458.515,48 ; 450.653,57 ; 3.909.169,05 ; 11.441.502,99 
RN;2406205;LAGOA DANTA; 9.642.139,91 ; -   ; 3.560.428,09 ; -   ; 3.560.428,09 ; 13.202.568,00 
RN;2406304;LAGOA DE PEDRAS; 12.441.690,94 ; -   ; 7.472.071,03 ; 465.684,71 ; 7.937.755,74 ; 20.379.446,68 
RN;2406403;LAGOA DE VELHOS; 6.108.640,99 ; -   ; 1.081.592,11 ; 420.803,98 ; 1.502.396,09 ; 7.611.037,08 
RN;2406502;LAGOA NOVA; 23.318.279,14 ; -   ; 5.406.169,55 ; 1.843.254,77 ; 7.249.424,32 ; 30.567.703,46 
RN;2406601;LAGOA SALGADA; 12.150.102,40 ; -   ; 3.542.568,10 ; 911.418,34 ; 4.453.986,44 ; 16.604.088,84 
RN;2406700;LAJES; 12.886.063,56 ; -   ; -   ; -   ; -   ; 12.886.063,56 
RN;2406809;LAJES PINTADAS; 9.084.405,82 ; -   ; 708.205,96 ; -   ; 708.205,96 ; 9.792.611,78 
RN;2406908;LUCRECIA; 4.279.698,19 ; -   ; 440.164,35 ; 354.586,44 ; 794.750,79 ; 5.074.448,98 
RN;2407005;LUIS GOMES; 12.680.262,42 ; -   ; 2.280.111,60 ; 873.227,65 ; 3.153.339,25 ; 15.833.601,67 
RN;2407104;MACAIBA; 69.447.030,40 ; -   ; 9.156.950,43 ; -   ; 9.156.950,43 ; 78.603.980,83 
RN;2407203;MACAU; 22.522.545,65 ; -   ; -   ; -   ; -   ; 22.522.545,65 
RN;2407252;MAJOR SALES; 7.857.064,86 ; -   ; 1.226.351,88 ; 567.956,51 ; 1.794.308,39 ; 9.651.373,25 
RN;2407302;MARCELINO VIEIRA; 7.683.503,68 ; -   ; 1.998.788,96 ; 529.717,57 ; 2.528.506,53 ; 10.212.010,21 
RN;2407401;MARTINS; 9.704.033,27 ; -   ; 3.164.216,38 ; 741.452,84 ; 3.905.669,22 ; 13.609.702,49 
RN;2407500;MAXARANGUAPE; 16.773.317,69 ; -   ; 4.739.158,56 ; -   ; 4.739.158,56 ; 21.512.476,25 
RN;2407609;MESSIAS TARGINO; 4.609.117,23 ; -   ; 500.657,87 ; 184.600,88 ; 685.258,75 ; 5.294.375,98 
RN;2407708;MONTANHAS; 15.492.864,54 ; -   ; 4.461.641,15 ; 645.418,74 ; 5.107.059,89 ; 20.599.924,43 
RN;2407807;MONTE ALEGRE; 41.834.835,74 ; -   ; 15.883.920,44 ; 2.648.466,71 ; 18.532.387,15 ; 60.367.222,89 
RN;2407906;MONTE DAS GAMELEIRAS; 5.192.058,09 ; -   ; -   ; 412.047,72 ; 412.047,72 ; 5.604.105,81 
RN;2408003;MOSSORO; 159.786.723,50 ; -   ; -   ; -   ; -   ; 159.786.723,50 
RN;2408102;NATAL; 431.837.431,36 ; -   ; -   ; -   ; -   ; 431.837.431,36 
RN;2408201;NISIA FLORESTA; 56.243.391,70 ; -   ; 30.483.696,61 ; -   ; 30.483.696,61 ; 86.727.088,31 
RN;2408300;NOVA CRUZ; 34.913.190,50 ; -   ; 8.644.630,49 ; 1.219.187,99 ; 9.863.818,48 ; 44.777.008,98 
RN;2408409;OLHO DAGUA DO BORGES; 3.906.659,57 ; -   ; -   ; 267.863,37 ; 267.863,37 ; 4.174.522,94 
RN;2408508;OURO BRANCO; 5.157.434,71 ; -   ; 682.260,58 ; -   ; 682.260,58 ; 5.839.695,29 
RN;2408607;PARANA; 5.283.842,65 ; -   ; 253.762,67 ; 382.417,63 ; 636.180,30 ; 5.920.022,95 
RN;2408706;PARAU; 2.885.079,81 ; -   ; -   ; -   ; -   ; 2.885.079,81 
RN;2408805;PARAZINHO; 8.275.101,13 ; -   ; 469.411,80 ; -   ; 469.411,80 ; 8.744.512,93 
RN;2408904;PARELHAS; 16.489.212,33 ; -   ; 2.098.646,01 ; -   ; 2.098.646,01 ; 18.587.858,34 
RN;2403251;PARNAMIRIM; 175.236.209,37 ; -   ; -   ; -   ; -   ; 175.236.209,37 
RN;2409100;PASSA E FICA; 23.854.654,16 ; -   ; 10.711.055,84 ; -   ; 10.711.055,84 ; 34.565.710,00 
RN;2409209;PASSAGEM; 6.785.710,33 ; -   ; 1.656.806,81 ; 218.571,39 ; 1.875.378,20 ; 8.661.088,53 
RN;2409308;PATU; 9.046.348,72 ; -   ; 422.040,12 ; -   ; 422.040,12 ; 9.468.388,84 
RN;2409407;PAU DOS FERROS; 18.173.810,33 ; -   ; -   ; -   ; -   ; 18.173.810,33 
RN;2409506;PEDRA GRANDE; 7.126.713,27 ; -   ; 138.874,56 ; -   ; 138.874,56 ; 7.265.587,83 
RN;2409605;PEDRA PRETA; 3.688.415,85 ; -   ; -   ; 270.004,75 ; 270.004,75 ; 3.958.420,60 
RN;2409704;PEDRO AVELINO; 8.145.936,72 ; -   ; 40.740,99 ; 574.500,70 ; 615.241,69 ; 8.761.178,41 
RN;2409803;PEDRO VELHO; 29.956.377,16 ; -   ; 19.232.549,19 ; -   ; 19.232.549,19 ; 49.188.926,35 
RN;2409902;PENDENCIAS; 12.944.916,18 ; -   ; -   ; 984.079,79 ; 984.079,79 ; 13.928.995,97 
RN;2410009;PILOES; 2.848.605,01 ; -   ; -   ; -   ; -   ; 2.848.605,01 
RN;2410108;POCO BRANCO; 17.415.656,21 ; -   ; 7.926.374,45 ; 569.245,73 ; 8.495.620,18 ; 25.911.276,39 
RN;2410207;PORTALEGRE; 11.127.399,66 ; -   ; 3.351.116,21 ; 859.611,73 ; 4.210.727,94 ; 15.338.127,60 
RN;2410256;PORTO DO MANGUE; 8.941.122,60 ; -   ; -   ; -   ; -   ; 8.941.122,60 
RN;2410306;PRESIDENTE JUSCELINO; 21.951.574,73 ; -   ; 7.508.065,92 ; 1.651.589,33 ; 9.159.655,25 ; 31.111.229,98 
RN;2410405;PUREZA; 16.645.274,36 ; -   ; 9.188.905,93 ; -   ; 9.188.905,93 ; 25.834.180,29 
RN;2410504;RAFAEL FERNANDES; 4.399.403,93 ; -   ; -   ; -   ; -   ; 4.399.403,93 
RN;2410603;RAFAEL GODEIRO; 5.411.613,40 ; -   ; -   ; 483.098,11 ; 483.098,11 ; 5.894.711,51 
RN;2410702;RIACHO DA CRUZ; 4.836.688,98 ; -   ; 905.658,10 ; -   ; 905.658,10 ; 5.742.347,08 
RN;2410801;RIACHO DE SANTANA; 5.424.725,20 ; -   ; 330.916,28 ; 385.106,30 ; 716.022,58 ; 6.140.747,78 
RN;2410900;RIACHUELO; 10.753.018,11 ; -   ; 1.847.418,68 ; 808.797,65 ; 2.656.216,33 ; 13.409.234,44 
RN;2408953;RIO DO FOGO; 18.877.754,14 ; -   ; 3.923.320,01 ; -   ; 3.923.320,01 ; 22.801.074,15 
RN;2411007;RODOLFO FERNANDES; 6.062.962,72 ; -   ; 791.022,73 ; 475.930,02 ; 1.266.952,75 ; 7.329.915,47 
RN;2411106;RUY BARBOSA; 4.998.715,11 ; -   ; -   ; 423.016,11 ; 423.016,11 ; 5.421.731,22 
RN;2411205;SANTA CRUZ; 31.240.181,48 ; -   ; 5.778.332,46 ; -   ; 5.778.332,46 ; 37.018.513,94 
RN;2409332;SANTA MARIA; 7.955.225,55 ; -   ; 1.659.804,06 ; -   ; 1.659.804,06 ; 9.615.029,61 
RN;2411403;SANTANA DO MATOS; 11.602.026,77 ; -   ; 1.605.296,39 ; 431.851,77 ; 2.037.148,16 ; 13.639.174,93 
RN;2411429;SANTANA DO SERIDO; 2.588.348,08 ; -   ; -   ; -   ; -   ; 2.588.348,08 
RN;2411502;SANTO ANTONIO; 20.791.211,58 ; -   ; 4.636.311,34 ; -   ; 4.636.311,34 ; 25.427.522,92 
RN;2411601;SAO BENTO DO NORTE; 6.911.869,57 ; -   ; -   ; 561.561,63 ; 561.561,63 ; 7.473.431,20 
RN;2411700;SAO BENTO DO TRAIRI; 5.866.475,94 ; -   ; 889.630,81 ; -   ; 889.630,81 ; 6.756.106,75 
RN;2411809;SAO FERNANDO; 4.667.443,68 ; -   ; -   ; -   ; -   ; 4.667.443,68 
RN;2411908;SAO FRANCISCO DO OESTE; 6.768.353,05 ; -   ; 79.730,50 ; 515.836,34 ; 595.566,84 ; 7.363.919,89 
RN;2412005;SAO GONCALO DO AMARANTE; 111.156.194,42 ; -   ; 20.656.237,29 ; 8.636.285,88 ; 29.292.523,17 ; 140.448.717,59 
RN;2412104;SAO JOAO DO SABUGI; 6.750.545,10 ; -   ; 2.053.766,74 ; 572.572,08 ; 2.626.338,82 ; 9.376.883,92 
RN;2412203;SAO JOSE DE MIPIBU; 73.615.622,25 ; -   ; 29.800.945,08 ; 5.629.045,48 ; 35.429.990,56 ; 109.045.612,81 
RN;2412302;SAO JOSE DO CAMPESTRE; 16.860.993,55 ; -   ; -   ; -   ; -   ; 16.860.993,55 
RN;2412401;SAO JOSE DO SERIDO; 5.665.916,28 ; -   ; 359.935,98 ; -   ; 359.935,98 ; 6.025.852,26 
RN;2412500;SAO MIGUEL; 31.264.778,59 ; -   ; 7.419.200,23 ; 2.459.211,16 ; 9.878.411,39 ; 41.143.189,98 
RN;2412559;SAO MIGUEL DO GOSTOSO; 19.514.503,70 ; -   ; 3.021.652,31 ; -   ; 3.021.652,31 ; 22.536.156,01 
RN;2412609;SAO PAULO DO POTENGI; 21.612.198,98 ; -   ; 3.442.591,20 ; -   ; 3.442.591,20 ; 25.054.790,18 
RN;2412708;SAO PEDRO; 8.142.186,54 ; -   ; 2.712.665,84 ; 290.139,55 ; 3.002.805,39 ; 11.144.991,93 
RN;2412807;SAO RAFAEL; 6.226.296,52 ; -   ; 1.966.321,74 ; -   ; 1.966.321,74 ; 8.192.618,26 
RN;2412906;SAO TOME; 18.689.495,50 ; -   ; 1.016.953,82 ; 1.337.161,47 ; 2.354.115,29 ; 21.043.610,79 
RN;2413003;SAO VICENTE; 6.399.144,89 ; -   ; 780.572,02 ; -   ; 780.572,02 ; 7.179.716,91 
RN;2413102;SENADOR ELOI DE SOUZA; 8.274.002,15 ; -   ; 2.269.468,49 ; -   ; 2.269.468,49 ; 10.543.470,64 
RN;2413201;SENADOR GEORGINO AVELINO; 7.629.251,86 ; -   ; 2.131.200,19 ; 263.366,85 ; 2.394.567,04 ; 10.023.818,90 
RN;2413300;SERRA DE SAO BENTO; 6.565.222,26 ; -   ; 946.395,24 ; 586.570,94 ; 1.532.966,18 ; 8.098.188,44 
RN;2413359;SERRA DO MEL; 24.985.662,74 ; -   ; 2.474.077,96 ; 1.722.489,96 ; 4.196.567,92 ; 29.182.230,66 
RN;2413409;SERRA NEGRA DO NORTE; 7.943.904,17 ; -   ; 796.685,50 ; -   ; 796.685,50 ; 8.740.589,67 
RN;2413508;SERRINHA; 10.813.760,74 ; -   ; 3.187.206,83 ; 820.659,69 ; 4.007.866,52 ; 14.821.627,26 
RN;2413557;SERRINHA DOS PINTOS; 7.271.504,40 ; -   ; 2.126.343,96 ; 519.330,04 ; 2.645.674,00 ; 9.917.178,40 
RN;2413607;SEVERIANO MELO; 7.578.672,21 ; -   ; 1.614.885,14 ; -   ; 1.614.885,14 ; 9.193.557,35 
RN;2413706;SITIO NOVO; 9.383.749,25 ; -   ; 2.561.022,19 ; -   ; 2.561.022,19 ; 11.944.771,44 
RN;2413805;TABOLEIRO GRANDE; 3.461.616,57 ; -   ; -   ; 269.595,76 ; 269.595,76 ; 3.731.212,33 
RN;2413904;TAIPU; 14.100.994,57 ; -   ; 3.793.809,13 ; -   ; 3.793.809,13 ; 17.894.803,70 
RN;2414001;TANGARA; 19.031.048,02 ; -   ; 6.858.592,77 ; -   ; 6.858.592,77 ; 25.889.640,79 
RN;2414100;TENENTE ANANIAS; 14.797.188,86 ; -   ; 5.353.068,45 ; 1.258.008,40 ; 6.611.076,85 ; 21.408.265,71 
RN;2414159;TENENTE LAURENTINO CRUZ; 10.863.893,00 ; -   ; 2.998.793,02 ; 895.807,30 ; 3.894.600,32 ; 14.758.493,32 
RN;2411056;TIBAU; 5.575.761,82 ; -   ; -   ; 222.578,73 ; 222.578,73 ; 5.798.340,55 
RN;2414209;TIBAU DO SUL; 23.531.183,61 ; -   ; 1.051.460,37 ; 868.617,30 ; 1.920.077,67 ; 25.451.261,28 
RN;2414308;TIMBAUBA DOS BATISTAS; 2.842.109,98 ; -   ; -   ; 102.929,33 ; 102.929,33 ; 2.945.039,31 
RN;2414407;TOUROS; 56.220.980,56 ; -   ; 23.899.520,90 ; 3.792.750,64 ; 27.692.271,54 ; 83.913.252,10 
RN;2414456;TRIUNFO POTIGUAR; 5.404.613,09 ; -   ; 596.763,72 ; -   ; 596.763,72 ; 6.001.376,81 
RN;2414506;UMARIZAL; 7.771.200,67 ; -   ; 1.770.583,31 ; 629.424,76 ; 2.400.008,07 ; 10.171.208,74 
RN;2414605;UPANEMA; 14.630.172,01 ; -   ; -   ; -   ; -   ; 14.630.172,01 
RN;2414704;VARZEA; 5.333.135,02 ; -   ; 426.089,97 ; 193.065,87 ; 619.155,84 ; 5.952.290,86 
RN;2414753;VENHA-VER; 7.580.930,69 ; -   ; 1.285.456,69 ; 537.710,63 ; 1.823.167,32 ; 9.404.098,01 
RN;2414803;VERA CRUZ; 22.249.998,25 ; -   ; 6.135.856,24 ; 1.652.610,46 ; 7.788.466,70 ; 30.038.464,95 
RN;2414902;VICOSA; 3.346.862,33 ; -   ; -   ; -   ; -   ; 3.346.862,33 
RN;2415008;VILA FLOR; 5.033.344,08 ; -   ; 189.497,69 ; -   ; 189.497,69 ; 5.222.841,77 
RN;24;GOVERNO DO ESTADO; 1.806.796.468,25 ; -   ; -   ; -   ; -   ; 1.806.796.468,25 
RO;1100015;ALTA FLORESTA DOESTE; 29.375.215,32 ; -   ; -   ; 1.956.574,88 ; 1.956.574,88 ; 31.331.790,20 
RO;1100379;ALTO ALEGRE DOS PARECIS; 21.110.666,44 ; -   ; -   ; 1.312.789,44 ; 1.312.789,44 ; 22.423.455,88 
RO;1100403;ALTO PARAISO; 17.050.483,22 ; -   ; -   ; 1.100.303,89 ; 1.100.303,89 ; 18.150.787,11 
RO;1100346;ALVORADA DOESTE; 15.225.100,14 ; -   ; -   ; 514.258,19 ; 514.258,19 ; 15.739.358,33 
RO;1100023;ARIQUEMES; 119.155.680,96 ; -   ; -   ; 7.861.549,57 ; 7.861.549,57 ; 127.017.230,53 
RO;1100452;BURITIS; 31.491.746,64 ; -   ; -   ; 1.135.986,09 ; 1.135.986,09 ; 32.627.732,73 
RO;1100031;CABIXI; 6.616.035,67 ; -   ; -   ; 470.990,72 ; 470.990,72 ; 7.087.026,39 
RO;1100601;CACAULANDIA; 5.745.659,36 ; -   ; -   ; 201.949,81 ; 201.949,81 ; 5.947.609,17 
RO;1100049;CACOAL; 79.859.403,18 ; -   ; -   ; -   ; -   ; 79.859.403,18 
RO;1100700;CAMPO NOVO DE RONDONIA; 14.378.903,59 ; -   ; -   ; -   ; -   ; 14.378.903,59 
RO;1100809;CANDEIAS DO JAMARI; 37.006.090,66 ; -   ; 3.361.384,38 ; -   ; 3.361.384,38 ; 40.367.475,04 
RO;1100908;CASTANHEIRAS; 5.862.147,80 ; -   ; -   ; 348.275,53 ; 348.275,53 ; 6.210.423,33 
RO;1100056;CEREJEIRAS; 19.820.110,80 ; -   ; -   ; -   ; -   ; 19.820.110,80 
RO;1100924;CHUPINGUAIA; 14.564.037,83 ; -   ; -   ; 951.789,64 ; 951.789,64 ; 15.515.827,47 
RO;1100064;COLORADO DO OESTE; 18.905.849,42 ; -   ; -   ; 1.299.557,57 ; 1.299.557,57 ; 20.205.406,99 
RO;1100072;CORUMBIARA; 9.763.888,19 ; -   ; -   ; 337.581,47 ; 337.581,47 ; 10.101.469,66 
RO;1100080;COSTA MARQUES; 21.981.741,11 ; -   ; -   ; -   ; -   ; 21.981.741,11 
RO;1100940;CUJUBIM; 27.580.486,36 ; -   ; -   ; -   ; -   ; 27.580.486,36 
RO;1100098;ESPIGAO DOESTE; 32.113.116,79 ; -   ; -   ; 2.264.176,66 ; 2.264.176,66 ; 34.377.293,45 
RO;1101005;GOVERNADOR JORGE TEIXEIRA; 10.779.701,52 ; -   ; -   ; 683.257,37 ; 683.257,37 ; 11.462.958,89 
RO;1100106;GUAJARA-MIRIM; 36.565.500,96 ; -   ; -   ; -   ; -   ; 36.565.500,96 
RO;1101104;ITAPUA DO OESTE; 13.172.634,62 ; -   ; -   ; 483.377,29 ; 483.377,29 ; 13.656.011,91 
RO;1100114;JARU; 57.876.617,04 ; -   ; -   ; -   ; -   ; 57.876.617,04 
RO;1100122;JI-PARANA; 95.975.048,00 ; -   ; -   ; -   ; -   ; 95.975.048,00 
RO;1100130;MACHADINHO DOESTE; 38.868.091,97 ; -   ; -   ; 2.547.694,19 ; 2.547.694,19 ; 41.415.786,16 
RO;1101203;MINISTRO ANDREAZZA; 10.662.817,99 ; -   ; -   ; -   ; -   ; 10.662.817,99 
RO;1101302;MIRANTE DA SERRA; 11.680.265,65 ; -   ; -   ; -   ; -   ; 11.680.265,65 
RO;1101401;MONTE NEGRO; 18.963.859,90 ; -   ; -   ; 1.223.254,10 ; 1.223.254,10 ; 20.187.114,00 
RO;1100148;NOVA BRASILANDIA DOESTE; 24.192.862,64 ; -   ; -   ; -   ; -   ; 24.192.862,64 
RO;1100338;NOVA MAMORE; 37.514.440,35 ; -   ; -   ; 2.364.430,25 ; 2.364.430,25 ; 39.878.870,60 
RO;1101435;NOVA UNIAO; 9.836.092,76 ; -   ; -   ; 305.387,58 ; 305.387,58 ; 10.141.480,34 
RO;1100502;NOVO HORIZONTE DO OESTE; 8.437.142,31 ; -   ; -   ; 281.062,13 ; 281.062,13 ; 8.718.204,44 
RO;1100155;OURO PRETO DO OESTE; 37.379.553,22 ; -   ; -   ; -   ; -   ; 37.379.553,22 
RO;1101450;PARECIS; 5.340.468,32 ; -   ; -   ; 343.512,33 ; 343.512,33 ; 5.683.980,65 
RO;1100189;PIMENTA BUENO; 48.561.358,02 ; -   ; -   ; -   ; -   ; 48.561.358,02 
RO;1101468;PIMENTEIRAS DO OESTE; 3.188.802,36 ; -   ; -   ; 233.906,95 ; 233.906,95 ; 3.422.709,31 
RO;1100205;PORTO VELHO; 436.219.649,64 ; -   ; -   ; -   ; -   ; 436.219.649,64 
RO;1100254;PRESIDENTE MEDICI; 15.586.634,42 ; -   ; -   ; 565.490,71 ; 565.490,71 ; 16.152.125,13 
RO;1101476;PRIMAVERA DE RONDONIA; 4.444.070,67 ; -   ; -   ; 306.865,30 ; 306.865,30 ; 4.750.935,97 
RO;1100262;RIO CRESPO; 4.545.066,24 ; -   ; -   ; 294.539,70 ; 294.539,70 ; 4.839.605,94 
RO;1100288;ROLIM DE MOURA; 59.659.859,76 ; -   ; -   ; 4.348.326,70 ; 4.348.326,70 ; 64.008.186,46 
RO;1100296;SANTA LUZIA DOESTE; 10.010.942,93 ; -   ; -   ; -   ; -   ; 10.010.942,93 
RO;1101484;SAO FELIPE DOESTE; 5.901.653,66 ; -   ; -   ; 370.505,56 ; 370.505,56 ; 6.272.159,22 
RO;1101492;SAO FRANCISCO DO GUAPORE; 27.245.958,26 ; -   ; -   ; 1.839.071,41 ; 1.839.071,41 ; 29.085.029,67 
RO;1100320;SAO MIGUEL DO GUAPORE; 29.278.747,98 ; -   ; -   ; 1.905.019,52 ; 1.905.019,52 ; 31.183.767,50 
RO;1101500;SERINGUEIRAS; 15.625.288,90 ; -   ; 2.557.119,54 ; 912.598,30 ; 3.469.717,84 ; 19.095.006,74 
RO;1101559;TEIXEIROPOLIS; 6.510.176,83 ; -   ; -   ; 212.289,80 ; 212.289,80 ; 6.722.466,63 
RO;1101609;THEOBROMA; 12.967.655,28 ; -   ; -   ; -   ; -   ; 12.967.655,28 
RO;1101708;URUPA; 17.163.522,61 ; -   ; -   ; -   ; -   ; 17.163.522,61 
RO;1101757;VALE DO ANARI; 8.758.061,95 ; -   ; -   ; -   ; -   ; 8.758.061,95 
RO;1101807;VALE DO PARAISO; 9.874.578,79 ; -   ; -   ; 586.867,74 ; 586.867,74 ; 10.461.446,53 
RO;1100304;VILHENA; 112.035.295,09 ; -   ; -   ; -   ; -   ; 112.035.295,09 
RO;11;GOVERNO DO ESTADO; 1.868.290.505,06 ; -   ; -   ; -   ; -   ; 1.868.290.505,06 
RR;1400050;ALTO ALEGRE; 28.368.865,52 ; -   ; 5.512.807,71 ; 1.219.897,19 ; 6.732.704,90 ; 35.101.570,42 
RR;1400027;AMAJARI; 17.623.348,64 ; -   ; -   ; 907.168,86 ; 907.168,86 ; 18.530.517,50 
RR;1400100;BOA VISTA; 608.274.775,41 ; -   ; -   ; -   ; -   ; 608.274.775,41 
RR;1400159;BONFIM; 45.759.139,48 ; -   ; 1.222.491,02 ; -   ; 1.222.491,02 ; 46.981.630,50 
RR;1400175;CANTA; 34.853.582,85 ; -   ; -   ; 1.837.804,85 ; 1.837.804,85 ; 36.691.387,70 
RR;1400209;CARACARAI; 36.087.217,68 ; -   ; -   ; 1.097.682,22 ; 1.097.682,22 ; 37.184.899,90 
RR;1400233;CAROEBE; 20.427.118,13 ; -   ; -   ; -   ; -   ; 20.427.118,13 
RR;1400282;IRACEMA; 13.100.480,84 ; -   ; -   ; 730.137,55 ; 730.137,55 ; 13.830.618,39 
RR;1400308;MUCAJAI; 35.218.965,37 ; -   ; -   ; 1.085.465,68 ; 1.085.465,68 ; 36.304.431,05 
RR;1400407;NORMANDIA; 53.417.141,26 ; -   ; 12.198.416,69 ; 2.255.339,61 ; 14.453.756,30 ; 67.870.897,56 
RR;1400456;PACARAIMA; 58.194.938,10 ; -   ; 2.818.771,95 ; -   ; 2.818.771,95 ; 61.013.710,05 
RR;1400472;RORAINOPOLIS; 66.082.493,85 ; -   ; 4.949.079,57 ; -   ; 4.949.079,57 ; 71.031.573,42 
RR;1400506;SAO JOAO DA BALIZA; 17.117.579,13 ; -   ; -   ; -   ; -   ; 17.117.579,13 
RR;1400605;SAO LUIZ; 15.752.329,82 ; -   ; -   ; -   ; -   ; 15.752.329,82 
RR;1400704;UIRAMUTA; 32.113.568,41 ; -   ; 6.365.891,33 ; -   ; 6.365.891,33 ; 38.479.459,74 
RR;14;GOVERNO DO ESTADO; 1.041.602.784,50 ; -   ; -   ; -   ; -   ; 1.041.602.784,50 
RS;4300034;ACEGUA; 7.886.878,11 ; -   ; -   ; 277.951,26 ; 277.951,26 ; 8.164.829,37 
RS;4300059;AGUA SANTA; 5.227.925,86 ; -   ; -   ; -   ; -   ; 5.227.925,86 
RS;4300109;AGUDO; 21.524.761,11 ; -   ; -   ; -   ; -   ; 21.524.761,11 
RS;4300208;AJURICABA; 6.352.887,98 ; -   ; -   ; 474.598,78 ; 474.598,78 ; 6.827.486,76 
RS;4300307;ALECRIM; 4.505.153,33 ; -   ; -   ; 141.868,04 ; 141.868,04 ; 4.647.021,37 
RS;4300406;ALEGRETE; 45.643.422,31 ; -   ; -   ; -   ; -   ; 45.643.422,31 
RS;4300455;ALEGRIA; 4.940.344,79 ; -   ; -   ; 305.379,05 ; 305.379,05 ; 5.245.723,84 
RS;4300471;ALMIRANTE TAMANDARE DO SUL; 2.639.211,72 ; -   ; -   ; -   ; -   ; 2.639.211,72 
RS;4300505;ALPESTRE; 7.364.230,71 ; -   ; -   ; 544.995,87 ; 544.995,87 ; 7.909.226,58 
RS;4300554;ALTO ALEGRE; 1.510.516,03 ; -   ; -   ; 48.714,24 ; 48.714,24 ; 1.559.230,27 
RS;4300570;ALTO FELIZ; 4.940.901,27 ; -   ; -   ; 311.228,16 ; 311.228,16 ; 5.252.129,43 
RS;4300604;ALVORADA; 199.690.883,69 ; -   ; -   ; -   ; -   ; 199.690.883,69 
RS;4300638;AMARAL FERRADOR; 6.444.781,76 ; -   ; -   ; -   ; -   ; 6.444.781,76 
RS;4300646;AMETISTA DO SUL; 10.214.245,79 ; -   ; -   ; -   ; -   ; 10.214.245,79 
RS;4300661;ANDRE DA ROCHA; 1.542.005,81 ; -   ; -   ; -   ; -   ; 1.542.005,81 
RS;4300703;ANTA GORDA; 3.079.342,60 ; -   ; -   ; 102.809,08 ; 102.809,08 ; 3.182.151,68 
RS;4300802;ANTONIO PRADO; 9.973.928,03 ; -   ; -   ; -   ; -   ; 9.973.928,03 
RS;4300851;ARAMBARE; 5.173.452,00 ; -   ; -   ; -   ; -   ; 5.173.452,00 
RS;4300877;ARARICA; 20.081.369,16 ; -   ; 790.473,08 ; -   ; 790.473,08 ; 20.871.842,24 
RS;4300901;ARATIBA; 6.734.064,96 ; -   ; -   ; 515.404,92 ; 515.404,92 ; 7.249.469,88 
RS;4301008;ARROIO DO MEIO; 34.969.407,48 ; -   ; -   ; 2.390.475,30 ; 2.390.475,30 ; 37.359.882,78 
RS;4301073;ARROIO DO PADRE; 3.756.204,18 ; -   ; -   ; -   ; -   ; 3.756.204,18 
RS;4301057;ARROIO DO SAL; 21.262.090,25 ; -   ; -   ; -   ; -   ; 21.262.090,25 
RS;4301206;ARROIO DO TIGRE; 14.643.081,22 ; -   ; -   ; 951.147,45 ; 951.147,45 ; 15.594.228,67 
RS;4301107;ARROIO DOS RATOS; 17.657.574,59 ; -   ; -   ; -   ; -   ; 17.657.574,59 
RS;4301305;ARROIO GRANDE; 13.748.716,35 ; -   ; -   ; 890.928,14 ; 890.928,14 ; 14.639.644,49 
RS;4301404;ARVOREZINHA; 7.798.144,26 ; -   ; -   ; -   ; -   ; 7.798.144,26 
RS;4301503;AUGUSTO PESTANA; 5.375.647,55 ; -   ; -   ; -   ; -   ; 5.375.647,55 
RS;4301552;AUREA; 3.747.450,07 ; -   ; -   ; -   ; -   ; 3.747.450,07 
RS;4301602;BAGE; 105.541.447,20 ; -   ; -   ; -   ; -   ; 105.541.447,20 
RS;4301636;BALNEARIO PINHAL; 26.586.775,77 ; -   ; -   ; -   ; -   ; 26.586.775,77 
RS;4301651;BARAO; 7.722.269,05 ; -   ; -   ; -   ; -   ; 7.722.269,05 
RS;4301701;BARAO DE COTEGIPE; 6.124.053,57 ; -   ; -   ; 223.943,06 ; 223.943,06 ; 6.347.996,63 
RS;4301750;BARAO DO TRIUNFO; 6.068.697,75 ; -   ; -   ; -   ; -   ; 6.068.697,75 
RS;4301859;BARRA DO GUARITA; 4.920.653,98 ; -   ; -   ; 335.167,49 ; 335.167,49 ; 5.255.821,47 
RS;4301875;BARRA DO QUARAI; 7.539.396,56 ; -   ; -   ; -   ; -   ; 7.539.396,56 
RS;4301909;BARRA DO RIBEIRO; 9.071.419,54 ; -   ; -   ; 581.554,49 ; 581.554,49 ; 9.652.974,03 
RS;4301925;BARRA DO RIO AZUL; 885.352,58 ; -   ; -   ; 31.544,34 ; 31.544,34 ; 916.896,92 
RS;4301958;BARRA FUNDA; 2.776.581,56 ; -   ; -   ; -   ; -   ; 2.776.581,56 
RS;4301800;BARRACAO; 6.098.569,94 ; -   ; -   ; 449.277,12 ; 449.277,12 ; 6.547.847,06 
RS;4302006;BARROS CASSAL; 9.195.991,34 ; -   ; -   ; 556.149,73 ; 556.149,73 ; 9.752.141,07 
RS;4302055;BENJAMIN CONSTANT DO SUL; 3.431.670,29 ; -   ; 34.772,89 ; 96.322,77 ; 131.095,66 ; 3.562.765,95 
RS;4302105;BENTO GONCALVES; 115.557.088,20 ; -   ; -   ; -   ; -   ; 115.557.088,20 
RS;4302154;BOA VISTA DAS MISSOES; 3.228.014,95 ; -   ; -   ; 212.307,62 ; 212.307,62 ; 3.440.322,57 
RS;4302204;BOA VISTA DO BURICA; 9.664.791,90 ; -   ; -   ; 350.650,00 ; 350.650,00 ; 10.015.441,90 
RS;4302220;BOA VISTA DO CADEADO; 3.446.985,33 ; -   ; -   ; 220.049,78 ; 220.049,78 ; 3.667.035,11 
RS;4302238;BOA VISTA DO INCRA; 4.266.195,58 ; -   ; -   ; -   ; -   ; 4.266.195,58 
RS;4302253;BOA VISTA DO SUL; 3.201.675,27 ; -   ; -   ; -   ; -   ; 3.201.675,27 
RS;4302303;BOM JESUS; 12.145.491,53 ; -   ; -   ; -   ; -   ; 12.145.491,53 
RS;4302352;BOM PRINCIPIO; 20.494.446,53 ; -   ; -   ; -   ; -   ; 20.494.446,53 
RS;4302378;BOM PROGRESSO; 2.817.327,28 ; -   ; -   ; 101.187,58 ; 101.187,58 ; 2.918.514,86 
RS;4302402;BOM RETIRO DO SUL; 18.370.676,34 ; -   ; -   ; 1.227.218,79 ; 1.227.218,79 ; 19.597.895,13 
RS;4302451;BOQUEIRAO DO LEAO; 4.619.261,49 ; -   ; -   ; -   ; -   ; 4.619.261,49 
RS;4302501;BOSSOROCA; 7.075.478,92 ; -   ; -   ; -   ; -   ; 7.075.478,92 
RS;4302584;BOZANO; 1.889.411,58 ; -   ; -   ; 119.214,10 ; 119.214,10 ; 2.008.625,68 
RS;4302600;BRAGA; 3.004.025,09 ; -   ; -   ; -   ; -   ; 3.004.025,09 
RS;4302659;BROCHIER; 5.524.592,19 ; -   ; -   ; 369.156,72 ; 369.156,72 ; 5.893.748,91 
RS;4302709;BUTIA; 24.847.173,29 ; -   ; -   ; 1.613.843,64 ; 1.613.843,64 ; 26.461.016,93 
RS;4302808;CACAPAVA DO SUL; 36.199.968,73 ; -   ; -   ; -   ; -   ; 36.199.968,73 
RS;4302907;CACEQUI; 10.983.924,98 ; -   ; -   ; -   ; -   ; 10.983.924,98 
RS;4303004;CACHOEIRA DO SUL; 60.469.453,71 ; -   ; -   ; -   ; -   ; 60.469.453,71 
RS;4303103;CACHOEIRINHA; 143.444.619,13 ; -   ; -   ; 10.222.814,71 ; 10.222.814,71 ; 153.667.433,84 
RS;4303202;CACIQUE DOBLE; 6.123.857,63 ; -   ; -   ; -   ; -   ; 6.123.857,63 
RS;4303301;CAIBATE; 4.862.910,14 ; -   ; -   ; 315.170,39 ; 315.170,39 ; 5.178.080,53 
RS;4303400;CAICARA; 1.197.455,07 ; -   ; -   ; 37.548,45 ; 37.548,45 ; 1.235.003,52 
RS;4303509;CAMAQUA; 62.519.927,89 ; -   ; -   ; -   ; -   ; 62.519.927,89 
RS;4303558;CAMARGO; 4.151.339,59 ; -   ; -   ; 135.317,35 ; 135.317,35 ; 4.286.656,94 
RS;4303608;CAMBARA DO SUL; 6.844.180,68 ; -   ; -   ; -   ; -   ; 6.844.180,68 
RS;4303673;CAMPESTRE DA SERRA; 4.263.889,76 ; -   ; -   ; -   ; -   ; 4.263.889,76 
RS;4303707;CAMPINA DAS MISSOES; 5.738.365,42 ; -   ; -   ; 451.628,80 ; 451.628,80 ; 6.189.994,22 
RS;4303806;CAMPINAS DO SUL; 4.412.926,01 ; -   ; -   ; 152.498,20 ; 152.498,20 ; 4.565.424,21 
RS;4303905;CAMPO BOM; 100.114.960,95 ; -   ; -   ; 3.473.513,29 ; 3.473.513,29 ; 103.588.474,24 
RS;4304002;CAMPO NOVO; 5.279.043,68 ; -   ; -   ; 375.171,38 ; 375.171,38 ; 5.654.215,06 
RS;4304101;CAMPOS BORGES; 3.865.092,75 ; -   ; -   ; 268.987,03 ; 268.987,03 ; 4.134.079,78 
RS;4304200;CANDELARIA; 27.001.132,30 ; -   ; -   ; 1.905.504,48 ; 1.905.504,48 ; 28.906.636,78 
RS;4304309;CANDIDO GODOI; 5.534.114,56 ; -   ; -   ; 418.103,42 ; 418.103,42 ; 5.952.217,98 
RS;4304358;CANDIOTA; 8.545.016,98 ; -   ; -   ; -   ; -   ; 8.545.016,98 
RS;4304408;CANELA; 69.574.956,91 ; -   ; -   ; 1.944.543,79 ; 1.944.543,79 ; 71.519.500,70 
RS;4304507;CANGUCU; 61.151.579,60 ; -   ; -   ; 3.505.169,56 ; 3.505.169,56 ; 64.656.749,16 
RS;4304606;CANOAS; 318.489.843,90 ; -   ; -   ; -   ; -   ; 318.489.843,90 
RS;4304614;CANUDOS DO VALE; 2.440.534,30 ; -   ; -   ; 148.480,63 ; 148.480,63 ; 2.589.014,93 
RS;4304622;CAPAO BONITO DO SUL; 4.102.933,36 ; -   ; -   ; 208.418,57 ; 208.418,57 ; 4.311.351,93 
RS;4304630;CAPAO DA CANOA; 97.990.827,83 ; -   ; -   ; -   ; -   ; 97.990.827,83 
RS;4304655;CAPAO DO CIPO; 3.708.500,06 ; -   ; -   ; -   ; -   ; 3.708.500,06 
RS;4304663;CAPAO DO LEAO; 34.247.441,57 ; -   ; -   ; -   ; -   ; 34.247.441,57 
RS;4304689;CAPELA DE SANTANA; 15.970.783,21 ; -   ; -   ; -   ; -   ; 15.970.783,21 
RS;4304697;CAPITAO; 5.721.774,22 ; -   ; -   ; -   ; -   ; 5.721.774,22 
RS;4304671;CAPIVARI DO SUL; 7.186.451,45 ; -   ; -   ; -   ; -   ; 7.186.451,45 
RS;4304713;CARAA; 10.775.962,37 ; -   ; 745.426,92 ; 622.161,23 ; 1.367.588,15 ; 12.143.550,52 
RS;4304705;CARAZINHO; 59.373.171,00 ; -   ; -   ; -   ; -   ; 59.373.171,00 
RS;4304804;CARLOS BARBOSA; 29.760.784,98 ; -   ; -   ; 2.181.178,28 ; 2.181.178,28 ; 31.941.963,26 
RS;4304853;CARLOS GOMES; 1.740.581,45 ; -   ; -   ; 107.690,87 ; 107.690,87 ; 1.848.272,32 
RS;4304903;CASCA; 8.840.586,32 ; -   ; -   ; 299.665,35 ; 299.665,35 ; 9.140.251,67 
RS;4304952;CASEIROS; 4.623.930,59 ; -   ; -   ; -   ; -   ; 4.623.930,59 
RS;4305009;CATUIPE; 9.081.535,42 ; -   ; -   ; -   ; -   ; 9.081.535,42 
RS;4305108;CAXIAS DO SUL; 383.799.996,92 ; -   ; -   ; -   ; -   ; 383.799.996,92 
RS;4305116;CENTENARIO; 2.052.916,86 ; -   ; -   ; 65.313,18 ; 65.313,18 ; 2.118.230,04 
RS;4305124;CERRITO; 6.429.464,54 ; -   ; -   ; -   ; -   ; 6.429.464,54 
RS;4305132;CERRO BRANCO; 4.202.017,52 ; -   ; -   ; 133.274,52 ; 133.274,52 ; 4.335.292,04 
RS;4305157;CERRO GRANDE; 4.489.141,98 ; -   ; 403.598,09 ; 117.782,04 ; 521.380,13 ; 5.010.522,11 
RS;4305173;CERRO GRANDE DO SUL; 9.337.513,89 ; -   ; -   ; 592.934,07 ; 592.934,07 ; 9.930.447,96 
RS;4305207;CERRO LARGO; 13.064.432,75 ; -   ; -   ; -   ; -   ; 13.064.432,75 
RS;4305306;CHAPADA; 13.354.065,31 ; -   ; -   ; -   ; -   ; 13.354.065,31 
RS;4305355;CHARQUEADAS; 36.385.427,52 ; -   ; -   ; 2.693.621,20 ; 2.693.621,20 ; 39.079.048,72 
RS;4305371;CHARRUA; 3.300.121,49 ; -   ; -   ; 100.990,38 ; 100.990,38 ; 3.401.111,87 
RS;4305405;CHIAPETTA; 4.370.505,09 ; -   ; -   ; 291.376,87 ; 291.376,87 ; 4.661.881,96 
RS;4305439;CHUI; 4.637.188,26 ; -   ; -   ; -   ; -   ; 4.637.188,26 
RS;4305447;CHUVISCA; 6.338.479,47 ; -   ; -   ; 198.857,34 ; 198.857,34 ; 6.537.336,81 
RS;4305454;CIDREIRA; 24.173.903,04 ; -   ; -   ; -   ; -   ; 24.173.903,04 
RS;4305504;CIRIACO; 3.768.500,70 ; -   ; -   ; 122.129,12 ; 122.129,12 ; 3.890.629,82 
RS;4305587;COLINAS; 4.337.710,57 ; -   ; -   ; 255.943,14 ; 255.943,14 ; 4.593.653,71 
RS;4305603;COLORADO; 3.262.407,31 ; -   ; -   ; -   ; -   ; 3.262.407,31 
RS;4305702;CONDOR; 8.427.923,63 ; -   ; -   ; -   ; -   ; 8.427.923,63 
RS;4305801;CONSTANTINA; 11.445.460,38 ; -   ; -   ; -   ; -   ; 11.445.460,38 
RS;4305835;COQUEIRO BAIXO; 1.909.724,92 ; -   ; -   ; 60.983,02 ; 60.983,02 ; 1.970.707,94 
RS;4305850;COQUEIROS DO SUL; 2.295.324,11 ; -   ; -   ; -   ; -   ; 2.295.324,11 
RS;4305871;CORONEL BARROS; 4.041.561,10 ; -   ; -   ; 160.544,95 ; 160.544,95 ; 4.202.106,05 
RS;4305900;CORONEL BICACO; 7.800.615,90 ; -   ; -   ; -   ; -   ; 7.800.615,90 
RS;4305934;CORONEL PILAR; 1.755.369,03 ; -   ; -   ; 59.082,82 ; 59.082,82 ; 1.814.451,85 
RS;4305959;COTIPORA; 4.130.834,01 ; -   ; -   ; 318.978,62 ; 318.978,62 ; 4.449.812,63 
RS;4305975;COXILHA; 5.265.995,96 ; -   ; -   ; 390.532,86 ; 390.532,86 ; 5.656.528,82 
RS;4306007;CRISSIUMAL; 15.924.822,23 ; -   ; -   ; -   ; -   ; 15.924.822,23 
RS;4306056;CRISTAL; 7.755.402,16 ; -   ; -   ; 514.283,22 ; 514.283,22 ; 8.269.685,38 
RS;4306072;CRISTAL DO SUL; 3.021.907,93 ; -   ; -   ; 196.455,67 ; 196.455,67 ; 3.218.363,60 
RS;4306106;CRUZ ALTA; 52.006.708,76 ; -   ; -   ; 3.633.637,32 ; 3.633.637,32 ; 55.640.346,08 
RS;4306130;CRUZALTENSE; 2.392.733,15 ; -   ; -   ; -   ; -   ; 2.392.733,15 
RS;4306205;CRUZEIRO DO SUL; 12.312.377,22 ; -   ; -   ; -   ; -   ; 12.312.377,22 
RS;4306304;DAVID CANABARRO; 2.434.523,29 ; -   ; -   ; 78.664,49 ; 78.664,49 ; 2.513.187,78 
RS;4306320;DERRUBADAS; 4.336.296,75 ; -   ; -   ; 296.498,48 ; 296.498,48 ; 4.632.795,23 
RS;4306353;DEZESSEIS DE NOVEMBRO; 2.083.503,97 ; -   ; -   ; 67.541,14 ; 67.541,14 ; 2.151.045,11 
RS;4306379;DILERMANDO DE AGUIAR; 3.728.255,85 ; -   ; -   ; -   ; -   ; 3.728.255,85 
RS;4306403;DOIS IRMAOS; 44.106.540,18 ; -   ; -   ; 3.199.699,07 ; 3.199.699,07 ; 47.306.239,25 
RS;4306429;DOIS IRMAOS DAS MISSOES; 3.445.271,25 ; -   ; -   ; 113.528,12 ; 113.528,12 ; 3.558.799,37 
RS;4306452;DOIS LAJEADOS; 3.006.012,20 ; -   ; -   ; 110.448,54 ; 110.448,54 ; 3.116.460,74 
RS;4306502;DOM FELICIANO; 16.909.575,14 ; -   ; -   ; -   ; -   ; 16.909.575,14 
RS;4306601;DOM PEDRITO; 28.484.112,26 ; -   ; -   ; 1.016.597,37 ; 1.016.597,37 ; 29.500.709,63 
RS;4306551;DOM PEDRO DE ALCANTARA; 3.810.233,89 ; -   ; -   ; 239.239,92 ; 239.239,92 ; 4.049.473,81 
RS;4306700;DONA FRANCISCA; 2.407.379,56 ; -   ; -   ; 167.093,07 ; 167.093,07 ; 2.574.472,63 
RS;4306734;DOUTOR MAURICIO CARDOSO; 5.256.121,75 ; -   ; -   ; 402.559,27 ; 402.559,27 ; 5.658.681,02 
RS;4306759;DOUTOR RICARDO; 1.604.714,79 ; -   ; -   ; 60.925,85 ; 60.925,85 ; 1.665.640,64 
RS;4306767;ELDORADO DO SUL; 55.024.089,24 ; -   ; -   ; 1.794.861,19 ; 1.794.861,19 ; 56.818.950,43 
RS;4306809;ENCANTADO; 23.235.651,28 ; -   ; -   ; -   ; -   ; 23.235.651,28 
RS;4306908;ENCRUZILHADA DO SUL; 24.415.810,04 ; -   ; -   ; -   ; -   ; 24.415.810,04 
RS;4306924;ENGENHO VELHO; 2.382.304,44 ; -   ; -   ; 132.717,67 ; 132.717,67 ; 2.515.022,11 
RS;4306957;ENTRE RIOS DO SUL; 3.705.795,35 ; -   ; -   ; -   ; -   ; 3.705.795,35 
RS;4306932;ENTRE-IJUIS; 8.461.341,02 ; -   ; -   ; 286.475,95 ; 286.475,95 ; 8.747.816,97 
RS;4306973;EREBANGO; 2.985.623,38 ; -   ; -   ; 219.581,94 ; 219.581,94 ; 3.205.205,32 
RS;4307005;ERECHIM; 72.169.524,27 ; -   ; -   ; 5.149.576,90 ; 5.149.576,90 ; 77.319.101,17 
RS;4307054;ERNESTINA; 4.295.162,14 ; -   ; -   ; -   ; -   ; 4.295.162,14 
RS;4307203;ERVAL GRANDE; 7.411.628,83 ; -   ; 1.162.551,60 ; 458.311,57 ; 1.620.863,17 ; 9.032.492,00 
RS;4307302;ERVAL SECO; 10.045.452,30 ; -   ; -   ; 614.955,80 ; 614.955,80 ; 10.660.408,10 
RS;4307401;ESMERALDA; 3.837.153,21 ; -   ; -   ; 272.023,33 ; 272.023,33 ; 4.109.176,54 
RS;4307450;ESPERANCA DO SUL; 6.400.884,63 ; -   ; -   ; 436.434,67 ; 436.434,67 ; 6.837.319,30 
RS;4307500;ESPUMOSO; 13.685.468,18 ; -   ; -   ; 840.233,19 ; 840.233,19 ; 14.525.701,37 
RS;4307559;ESTACAO; 6.273.592,39 ; -   ; -   ; -   ; -   ; 6.273.592,39 
RS;4307609;ESTANCIA VELHA; 69.120.656,39 ; -   ; -   ; -   ; -   ; 69.120.656,39 
RS;4307708;ESTEIO; 108.097.320,30 ; -   ; -   ; 7.354.207,32 ; 7.354.207,32 ; 115.451.527,62 
RS;4307807;ESTRELA; 44.166.875,11 ; -   ; -   ; -   ; -   ; 44.166.875,11 
RS;4307815;ESTRELA VELHA; 3.805.193,15 ; -   ; -   ; 269.281,11 ; 269.281,11 ; 4.074.474,26 
RS;4307831;EUGENIO DE CASTRO; 2.582.281,65 ; -   ; -   ; -   ; -   ; 2.582.281,65 
RS;4307864;FAGUNDES VARELA; 2.639.202,61 ; -   ; -   ; 191.198,01 ; 191.198,01 ; 2.830.400,62 
RS;4307906;FARROUPILHA; 79.092.590,04 ; -   ; -   ; -   ; -   ; 79.092.590,04 
RS;4308003;FAXINAL DO SOTURNO; 4.924.823,20 ; -   ; -   ; 323.666,75 ; 323.666,75 ; 5.248.489,95 
RS;4308052;FAXINALZINHO; 2.066.223,23 ; -   ; -   ; 72.457,59 ; 72.457,59 ; 2.138.680,82 
RS;4308078;FAZENDA VILANOVA; 8.681.561,90 ; -   ; -   ; 584.936,10 ; 584.936,10 ; 9.266.498,00 
RS;4308102;FELIZ; 14.382.012,45 ; -   ; -   ; -   ; -   ; 14.382.012,45 
RS;4308201;FLORES DA CUNHA; 31.757.490,48 ; -   ; -   ; -   ; -   ; 31.757.490,48 
RS;4308250;FLORIANO PEIXOTO; 1.684.157,33 ; -   ; -   ; 64.313,80 ; 64.313,80 ; 1.748.471,13 
RS;4308300;FONTOURA XAVIER; 10.136.186,56 ; -   ; -   ; 661.867,08 ; 661.867,08 ; 10.798.053,64 
RS;4308409;FORMIGUEIRO; 5.580.147,51 ; -   ; -   ; 179.406,15 ; 179.406,15 ; 5.759.553,66 
RS;4308433;FORQUETINHA; 4.351.805,50 ; -   ; -   ; 252.651,59 ; 252.651,59 ; 4.604.457,09 
RS;4308458;FORTALEZA DOS VALOS; 5.279.401,75 ; -   ; -   ; 406.818,50 ; 406.818,50 ; 5.686.220,25 
RS;4308508;FREDERICO WESTPHALEN; 27.728.336,70 ; -   ; -   ; 1.845.319,96 ; 1.845.319,96 ; 29.573.656,66 
RS;4308607;GARIBALDI; 30.550.420,38 ; -   ; -   ; 2.407.492,09 ; 2.407.492,09 ; 32.957.912,47 
RS;4308656;GARRUCHOS; 2.452.265,12 ; -   ; -   ; 153.523,28 ; 153.523,28 ; 2.605.788,40 
RS;4308706;GAURAMA; 5.609.940,70 ; -   ; -   ; -   ; -   ; 5.609.940,70 
RS;4308805;GENERAL CAMARA; 4.675.675,81 ; -   ; -   ; -   ; -   ; 4.675.675,81 
RS;4308854;GENTIL; 2.177.461,87 ; -   ; -   ; 140.766,06 ; 140.766,06 ; 2.318.227,93 
RS;4308904;GETULIO VARGAS; 16.488.848,49 ; -   ; -   ; 1.244.546,94 ; 1.244.546,94 ; 17.733.395,43 
RS;4309001;GIRUA; 18.243.955,75 ; -   ; -   ; 1.207.806,36 ; 1.207.806,36 ; 19.451.762,11 
RS;4309050;GLORINHA; 13.944.870,36 ; -   ; -   ; 984.347,13 ; 984.347,13 ; 14.929.217,49 
RS;4309100;GRAMADO; 58.425.320,74 ; -   ; -   ; 4.104.989,90 ; 4.104.989,90 ; 62.530.310,64 
RS;4309126;GRAMADO DOS LOUREIROS; 2.555.898,51 ; -   ; -   ; -   ; -   ; 2.555.898,51 
RS;4309159;GRAMADO XAVIER; 4.249.001,65 ; -   ; -   ; -   ; -   ; 4.249.001,65 
RS;4309209;GRAVATAI; 274.275.347,48 ; -   ; -   ; -   ; -   ; 274.275.347,48 
RS;4309258;GUABIJU; 877.088,13 ; -   ; -   ; -   ; -   ; 877.088,13 
RS;4309308;GUAIBA; 107.162.448,55 ; -   ; -   ; -   ; -   ; 107.162.448,55 
RS;4309407;GUAPORE; 29.223.001,65 ; -   ; -   ; -   ; -   ; 29.223.001,65 
RS;4309506;GUARANI DAS MISSOES; 7.927.621,16 ; -   ; -   ; -   ; -   ; 7.927.621,16 
RS;4309555;HARMONIA; 8.304.277,38 ; -   ; 94.696,31 ; 566.560,29 ; 661.256,60 ; 8.965.533,98 
RS;4307104;HERVAL; 6.644.724,14 ; -   ; -   ; -   ; -   ; 6.644.724,14 
RS;4309571;HERVEIRAS; 3.837.448,78 ; -   ; -   ; 213.654,90 ; 213.654,90 ; 4.051.103,68 
RS;4309605;HORIZONTINA; 26.810.421,04 ; -   ; -   ; 1.983.705,58 ; 1.983.705,58 ; 28.794.126,62 
RS;4309654;HULHA NEGRA; 6.787.090,92 ; -   ; -   ; -   ; -   ; 6.787.090,92 
RS;4309704;HUMAITA; 6.996.641,72 ; -   ; -   ; 517.425,26 ; 517.425,26 ; 7.514.066,98 
RS;4309753;IBARAMA; 4.369.108,17 ; -   ; -   ; -   ; -   ; 4.369.108,17 
RS;4309803;IBIACA; 4.205.603,85 ; -   ; -   ; 322.344,89 ; 322.344,89 ; 4.527.948,74 
RS;4309902;IBIRAIARAS; 7.260.234,50 ; -   ; -   ; -   ; -   ; 7.260.234,50 
RS;4309951;IBIRAPUITA; 5.186.876,58 ; -   ; -   ; 302.003,38 ; 302.003,38 ; 5.488.879,96 
RS;4310009;IBIRUBA; 18.984.295,73 ; -   ; -   ; 1.397.803,73 ; 1.397.803,73 ; 20.382.099,46 
RS;4310108;IGREJINHA; 55.684.091,73 ; -   ; -   ; -   ; -   ; 55.684.091,73 
RS;4310207;IJUI; 77.003.300,37 ; -   ; -   ; -   ; -   ; 77.003.300,37 
RS;4310306;ILOPOLIS; 4.142.839,99 ; -   ; -   ; 303.879,53 ; 303.879,53 ; 4.446.719,52 
RS;4310330;IMBE; 50.128.897,45 ; -   ; -   ; 3.458.843,22 ; 3.458.843,22 ; 53.587.740,67 
RS;4310363;IMIGRANTE; 4.287.604,42 ; -   ; -   ; 295.069,33 ; 295.069,33 ; 4.582.673,75 
RS;4310405;INDEPENDENCIA; 8.298.831,21 ; -   ; -   ; -   ; -   ; 8.298.831,21 
RS;4310413;INHACORA; 3.215.205,09 ; -   ; -   ; 230.297,91 ; 230.297,91 ; 3.445.503,00 
RS;4310439;IPE; 5.707.675,63 ; -   ; -   ; -   ; -   ; 5.707.675,63 
RS;4310462;IPIRANGA DO SUL; 2.681.242,34 ; -   ; -   ; 197.835,65 ; 197.835,65 ; 2.879.077,99 
RS;4310504;IRAI; 10.042.818,09 ; -   ; 746.370,48 ; 298.639,33 ; 1.045.009,81 ; 11.087.827,90 
RS;4310538;ITAARA; 7.826.215,61 ; -   ; -   ; -   ; -   ; 7.826.215,61 
RS;4310553;ITACURUBI; 4.217.467,47 ; -   ; -   ; 139.205,70 ; 139.205,70 ; 4.356.673,17 
RS;4310579;ITAPUCA; 3.810.420,24 ; -   ; -   ; 118.357,58 ; 118.357,58 ; 3.928.777,82 
RS;4310603;ITAQUI; 33.308.745,43 ; -   ; -   ; -   ; -   ; 33.308.745,43 
RS;4310652;ITATI; 4.294.441,44 ; -   ; -   ; 242.851,56 ; 242.851,56 ; 4.537.293,00 
RS;4310702;ITATIBA DO SUL; 3.483.661,62 ; -   ; -   ; 175.471,98 ; 175.471,98 ; 3.659.133,60 
RS;4310751;IVORA; 1.068.138,33 ; -   ; -   ; 35.362,93 ; 35.362,93 ; 1.103.501,26 
RS;4310801;IVOTI; 33.367.306,57 ; -   ; -   ; -   ; -   ; 33.367.306,57 
RS;4310850;JABOTICABA; 4.732.131,86 ; -   ; -   ; 150.942,54 ; 150.942,54 ; 4.883.074,40 
RS;4310876;JACUIZINHO; 2.935.771,65 ; -   ; -   ; -   ; -   ; 2.935.771,65 
RS;4310900;JACUTINGA; 3.315.743,88 ; -   ; -   ; 275.694,78 ; 275.694,78 ; 3.591.438,66 
RS;4311007;JAGUARAO; 22.006.545,01 ; -   ; -   ; -   ; -   ; 22.006.545,01 
RS;4311106;JAGUARI; 8.138.166,12 ; -   ; -   ; 583.107,91 ; 583.107,91 ; 8.721.274,03 
RS;4311122;JAQUIRANA; 4.832.083,93 ; -   ; -   ; -   ; -   ; 4.832.083,93 
RS;4311130;JARI; 3.860.704,72 ; -   ; -   ; 297.005,44 ; 297.005,44 ; 4.157.710,16 
RS;4311155;JOIA; 5.558.158,10 ; -   ; -   ; 372.146,28 ; 372.146,28 ; 5.930.304,38 
RS;4311205;JULIO DE CASTILHOS; 19.004.700,30 ; -   ; -   ; 1.324.752,80 ; 1.324.752,80 ; 20.329.453,10 
RS;4311239;LAGOA BONITA DO SUL; 2.656.907,99 ; -   ; -   ; 171.056,78 ; 171.056,78 ; 2.827.964,77 
RS;4311270;LAGOA DOS TRES CANTOS; 2.455.706,83 ; -   ; -   ; 74.112,94 ; 74.112,94 ; 2.529.819,77 
RS;4311304;LAGOA VERMELHA; 23.269.240,93 ; -   ; -   ; 1.516.510,43 ; 1.516.510,43 ; 24.785.751,36 
RS;4311254;LAGOAO; 7.121.529,27 ; -   ; -   ; 412.034,35 ; 412.034,35 ; 7.533.563,62 
RS;4311403;LAJEADO; 110.241.085,93 ; -   ; -   ; -   ; -   ; 110.241.085,93 
RS;4311429;LAJEADO DO BUGRE; 4.913.661,65 ; -   ; 740.669,46 ; -   ; 740.669,46 ; 5.654.331,11 
RS;4311502;LAVRAS DO SUL; 8.118.403,31 ; -   ; -   ; -   ; -   ; 8.118.403,31 
RS;4311601;LIBERATO SALZANO; 4.030.878,91 ; -   ; -   ; -   ; -   ; 4.030.878,91 
RS;4311627;LINDOLFO COLLOR; 10.235.288,64 ; -   ; -   ; -   ; -   ; 10.235.288,64 
RS;4311643;LINHA NOVA; 1.733.904,20 ; -   ; -   ; 51.042,06 ; 51.042,06 ; 1.784.946,26 
RS;4311718;MACAMBARA; 5.704.603,91 ; -   ; -   ; -   ; -   ; 5.704.603,91 
RS;4311700;MACHADINHO; 6.756.668,48 ; -   ; -   ; -   ; -   ; 6.756.668,48 
RS;4311734;MAMPITUBA; 4.624.248,56 ; -   ; -   ; 302.416,44 ; 302.416,44 ; 4.926.665,00 
RS;4311759;MANOEL VIANA; 5.158.250,15 ; -   ; -   ; -   ; -   ; 5.158.250,15 
RS;4311775;MAQUINE; 6.760.567,39 ; -   ; -   ; -   ; -   ; 6.760.567,39 
RS;4311791;MARATA; 3.760.715,85 ; -   ; -   ; 104.764,99 ; 104.764,99 ; 3.865.480,84 
RS;4311809;MARAU; 54.058.287,86 ; -   ; -   ; -   ; -   ; 54.058.287,86 
RS;4311908;MARCELINO RAMOS; 5.127.264,37 ; -   ; -   ; -   ; -   ; 5.127.264,37 
RS;4311981;MARIANA PIMENTEL; 5.186.519,18 ; -   ; -   ; -   ; -   ; 5.186.519,18 
RS;4312005;MARIANO MORO; 1.446.619,04 ; -   ; -   ; 53.299,83 ; 53.299,83 ; 1.499.918,87 
RS;4312054;MARQUES DE SOUZA; 5.034.331,26 ; -   ; -   ; 166.651,04 ; 166.651,04 ; 5.200.982,30 
RS;4312104;MATA; 3.915.801,68 ; -   ; -   ; -   ; -   ; 3.915.801,68 
RS;4312138;MATO CASTELHANO; 5.506.672,19 ; -   ; 571.389,79 ; -   ; 571.389,79 ; 6.078.061,98 
RS;4312153;MATO LEITAO; 7.563.408,89 ; -   ; -   ; -   ; -   ; 7.563.408,89 
RS;4312179;MATO QUEIMADO; 2.444.562,62 ; -   ; -   ; 89.129,03 ; 89.129,03 ; 2.533.691,65 
RS;4312203;MAXIMILIANO DE ALMEIDA; 4.240.529,41 ; -   ; -   ; 268.888,53 ; 268.888,53 ; 4.509.417,94 
RS;4312252;MINAS DO LEAO; 9.574.482,70 ; -   ; -   ; -   ; -   ; 9.574.482,70 
RS;4312302;MIRAGUAI; 5.549.220,43 ; -   ; -   ; -   ; -   ; 5.549.220,43 
RS;4312351;MONTAURI; 2.025.210,17 ; -   ; -   ; 120.580,32 ; 120.580,32 ; 2.145.790,49 
RS;4312377;MONTE ALEGRE DOS CAMPOS; 6.466.466,04 ; -   ; -   ; 398.088,00 ; 398.088,00 ; 6.864.554,04 
RS;4312385;MONTE BELO DO SUL; 4.084.620,18 ; -   ; -   ; 259.660,15 ; 259.660,15 ; 4.344.280,33 
RS;4312401;MONTENEGRO; 68.612.652,02 ; -   ; -   ; 4.663.058,93 ; 4.663.058,93 ; 73.275.710,95 
RS;4312427;MORMACO; 4.172.150,17 ; -   ; -   ; 115.034,30 ; 115.034,30 ; 4.287.184,47 
RS;4312443;MORRINHOS DO SUL; 3.924.131,26 ; -   ; -   ; 122.495,67 ; 122.495,67 ; 4.046.626,93 
RS;4312450;MORRO REDONDO; 6.161.993,53 ; -   ; -   ; 458.995,27 ; 458.995,27 ; 6.620.988,80 
RS;4312476;MORRO REUTER; 9.095.571,39 ; -   ; -   ; 521.871,76 ; 521.871,76 ; 9.617.443,15 
RS;4312500;MOSTARDAS; 16.575.660,68 ; -   ; -   ; 1.145.086,75 ; 1.145.086,75 ; 17.720.747,43 
RS;4312609;MUCUM; 4.340.193,88 ; -   ; -   ; -   ; -   ; 4.340.193,88 
RS;4312617;MUITOS CAPOES; 3.449.047,69 ; -   ; -   ; -   ; -   ; 3.449.047,69 
RS;4312625;MULITERNO; 887.428,43 ; -   ; -   ; 23.094,15 ; 23.094,15 ; 910.522,58 
RS;4312658;NAO-ME-TOQUE; 24.590.799,09 ; -   ; -   ; -   ; -   ; 24.590.799,09 
RS;4312674;NICOLAU VERGUEIRO; 2.442.708,05 ; -   ; -   ; 73.612,64 ; 73.612,64 ; 2.516.320,69 
RS;4312708;NONOAI; 13.514.346,06 ; -   ; -   ; -   ; -   ; 13.514.346,06 
RS;4312757;NOVA ALVORADA; 3.487.722,94 ; -   ; -   ; 246.842,78 ; 246.842,78 ; 3.734.565,72 
RS;4312807;NOVA ARACA; 8.116.920,88 ; -   ; -   ; -   ; -   ; 8.116.920,88 
RS;4312906;NOVA BASSANO; 10.087.527,28 ; -   ; -   ; 377.115,09 ; 377.115,09 ; 10.464.642,37 
RS;4312955;NOVA BOA VISTA; 3.314.800,18 ; -   ; -   ; 262.105,00 ; 262.105,00 ; 3.576.905,18 
RS;4313003;NOVA BRESCIA; 3.426.674,65 ; -   ; -   ; 109.953,31 ; 109.953,31 ; 3.536.627,96 
RS;4313011;NOVA CANDELARIA; 4.677.900,12 ; -   ; -   ; 359.107,78 ; 359.107,78 ; 5.037.007,90 
RS;4313037;NOVA ESPERANCA DO SUL; 6.081.464,97 ; -   ; -   ; -   ; -   ; 6.081.464,97 
RS;4313060;NOVA HARTZ; 29.176.862,42 ; -   ; -   ; -   ; -   ; 29.176.862,42 
RS;4313086;NOVA PADUA; 2.543.380,20 ; -   ; -   ; 87.209,82 ; 87.209,82 ; 2.630.590,02 
RS;4313102;NOVA PALMA; 3.222.107,07 ; -   ; -   ; 110.391,36 ; 110.391,36 ; 3.332.498,43 
RS;4313201;NOVA PETROPOLIS; 26.406.124,43 ; -   ; -   ; -   ; -   ; 26.406.124,43 
RS;4313300;NOVA PRATA; 26.568.476,57 ; -   ; -   ; 970.632,72 ; 970.632,72 ; 27.539.109,29 
RS;4313334;NOVA RAMADA; 3.330.133,21 ; -   ; -   ; -   ; -   ; 3.330.133,21 
RS;4313359;NOVA ROMA DO SUL; 3.387.331,07 ; -   ; -   ; 270.580,63 ; 270.580,63 ; 3.657.911,70 
RS;4313375;NOVA SANTA RITA; 48.490.283,66 ; -   ; -   ; 3.389.584,46 ; 3.389.584,46 ; 51.879.868,12 
RS;4313490;NOVO BARREIRO; 5.041.763,76 ; -   ; -   ; 328.320,09 ; 328.320,09 ; 5.370.083,85 
RS;4313391;NOVO CABRAIS; 5.978.122,50 ; -   ; -   ; -   ; -   ; 5.978.122,50 
RS;4313409;NOVO HAMBURGO; 226.022.563,22 ; -   ; -   ; -   ; -   ; 226.022.563,22 
RS;4313425;NOVO MACHADO; 1.717.473,70 ; -   ; -   ; -   ; -   ; 1.717.473,70 
RS;4313441;NOVO TIRADENTES; 3.535.005,64 ; -   ; -   ; 235.733,21 ; 235.733,21 ; 3.770.738,85 
RS;4313466;NOVO XINGU; 1.939.477,66 ; -   ; -   ; -   ; -   ; 1.939.477,66 
RS;4313508;OSORIO; 42.834.454,37 ; -   ; -   ; -   ; -   ; 42.834.454,37 
RS;4313607;PAIM FILHO; 4.084.061,80 ; -   ; -   ; 151.712,90 ; 151.712,90 ; 4.235.774,70 
RS;4313656;PALMARES DO SUL; 18.049.754,22 ; -   ; -   ; -   ; -   ; 18.049.754,22 
RS;4313706;PALMEIRA DAS MISSOES; 24.328.064,75 ; -   ; -   ; -   ; -   ; 24.328.064,75 
RS;4313805;PALMITINHO; 8.891.136,09 ; -   ; -   ; 284.284,32 ; 284.284,32 ; 9.175.420,41 
RS;4313904;PANAMBI; 48.290.898,79 ; -   ; -   ; -   ; -   ; 48.290.898,79 
RS;4313953;PANTANO GRANDE; 15.250.305,04 ; -   ; -   ; 1.043.641,68 ; 1.043.641,68 ; 16.293.946,72 
RS;4314001;PARAI; 7.747.709,63 ; -   ; -   ; -   ; -   ; 7.747.709,63 
RS;4314027;PARAISO DO SUL; 6.351.157,81 ; -   ; -   ; 218.527,64 ; 218.527,64 ; 6.569.685,45 
RS;4314035;PARECI NOVO; 8.167.688,97 ; -   ; 87.337,55 ; -   ; 87.337,55 ; 8.255.026,52 
RS;4314050;PAROBE; 84.747.684,61 ; -   ; -   ; -   ; -   ; 84.747.684,61 
RS;4314068;PASSA SETE; 5.793.079,47 ; -   ; -   ; 343.767,63 ; 343.767,63 ; 6.136.847,10 
RS;4314076;PASSO DO SOBRADO; 6.656.375,32 ; -   ; -   ; 432.892,50 ; 432.892,50 ; 7.089.267,82 
RS;4314100;PASSO FUNDO; 175.536.825,09 ; -   ; -   ; -   ; -   ; 175.536.825,09 
RS;4314134;PAULO BENTO; 2.068.065,43 ; -   ; -   ; 162.096,50 ; 162.096,50 ; 2.230.161,93 
RS;4314159;PAVERAMA; 9.985.231,46 ; -   ; -   ; -   ; -   ; 9.985.231,46 
RS;4314175;PEDRAS ALTAS; 2.981.049,42 ; -   ; -   ; -   ; -   ; 2.981.049,42 
RS;4314209;PEDRO OSORIO; 6.598.385,42 ; -   ; -   ; 435.234,41 ; 435.234,41 ; 7.033.619,83 
RS;4314308;PEJUCARA; 4.398.279,96 ; -   ; -   ; -   ; -   ; 4.398.279,96 
RS;4314407;PELOTAS; 272.424.855,70 ; -   ; -   ; -   ; -   ; 272.424.855,70 
RS;4314423;PICADA CAFE; 8.711.183,94 ; -   ; -   ; 523.184,00 ; 523.184,00 ; 9.234.367,94 
RS;4314456;PINHAL; 5.142.724,76 ; -   ; -   ; 338.754,91 ; 338.754,91 ; 5.481.479,67 
RS;4314464;PINHAL DA SERRA; 3.358.479,88 ; -   ; -   ; 207.578,77 ; 207.578,77 ; 3.566.058,65 
RS;4314472;PINHAL GRANDE; 3.279.352,87 ; -   ; -   ; -   ; -   ; 3.279.352,87 
RS;4314498;PINHEIRINHO DO VALE; 7.240.490,91 ; -   ; 750.831,98 ; -   ; 750.831,98 ; 7.991.322,89 
RS;4314506;PINHEIRO MACHADO; 12.459.443,97 ; -   ; -   ; 444.879,72 ; 444.879,72 ; 12.904.323,69 
RS;4314548;PINTO BANDEIRA; 1.916.412,48 ; -   ; -   ; -   ; -   ; 1.916.412,48 
RS;4314555;PIRAPO; 1.438.444,04 ; -   ; -   ; 43.671,47 ; 43.671,47 ; 1.482.115,51 
RS;4314605;PIRATINI; 13.777.066,08 ; -   ; -   ; 422.832,99 ; 422.832,99 ; 14.199.899,07 
RS;4314704;PLANALTO; 11.733.855,11 ; -   ; -   ; 433.839,52 ; 433.839,52 ; 12.167.694,63 
RS;4314753;POCO DAS ANTAS; 2.545.060,37 ; -   ; -   ; 179.490,59 ; 179.490,59 ; 2.724.550,96 
RS;4314779;PONTAO; 4.612.441,14 ; -   ; -   ; -   ; -   ; 4.612.441,14 
RS;4314787;PONTE PRETA; 1.622.544,72 ; -   ; -   ; 54.487,79 ; 54.487,79 ; 1.677.032,51 
RS;4314803;PORTAO; 50.763.762,39 ; -   ; -   ; -   ; -   ; 50.763.762,39 
RS;4314902;PORTO ALEGRE; 697.576.608,17 ; -   ; -   ; -   ; -   ; 697.576.608,17 
RS;4315008;PORTO LUCENA; 2.890.047,94 ; -   ; -   ; 185.985,89 ; 185.985,89 ; 3.076.033,83 
RS;4315057;PORTO MAUA; 2.501.905,19 ; -   ; -   ; 168.155,49 ; 168.155,49 ; 2.670.060,68 
RS;4315073;PORTO VERA CRUZ; 1.491.243,13 ; -   ; -   ; 52.683,56 ; 52.683,56 ; 1.543.926,69 
RS;4315107;PORTO XAVIER; 12.817.466,56 ; -   ; 1.324.879,44 ; -   ; 1.324.879,44 ; 14.142.346,00 
RS;4315131;POUSO NOVO; 2.490.147,35 ; -   ; -   ; 140.496,86 ; 140.496,86 ; 2.630.644,21 
RS;4315149;PRESIDENTE LUCENA; 5.245.028,04 ; -   ; -   ; 314.144,39 ; 314.144,39 ; 5.559.172,43 
RS;4315156;PROGRESSO; 4.895.533,91 ; -   ; -   ; 356.235,50 ; 356.235,50 ; 5.251.769,41 
RS;4315172;PROTASIO ALVES; 2.186.200,61 ; -   ; -   ; 164.265,82 ; 164.265,82 ; 2.350.466,43 
RS;4315206;PUTINGA; 2.907.398,58 ; -   ; -   ; 221.731,55 ; 221.731,55 ; 3.129.130,13 
RS;4315305;QUARAI; 22.194.865,39 ; -   ; 121.825,43 ; 1.476.406,49 ; 1.598.231,92 ; 23.793.097,31 
RS;4315313;QUATRO IRMAOS; 2.217.679,05 ; -   ; -   ; -   ; -   ; 2.217.679,05 
RS;4315321;QUEVEDOS; 1.683.572,41 ; -   ; -   ; -   ; -   ; 1.683.572,41 
RS;4315354;QUINZE DE NOVEMBRO; 5.716.027,55 ; -   ; -   ; 432.845,94 ; 432.845,94 ; 6.148.873,49 
RS;4315404;REDENTORA; 7.520.049,04 ; -   ; -   ; 480.733,90 ; 480.733,90 ; 8.000.782,94 
RS;4315453;RELVADO; 1.649.876,39 ; -   ; -   ; 116.343,28 ; 116.343,28 ; 1.766.219,67 
RS;4315503;RESTINGA SECA; 14.614.269,52 ; -   ; -   ; -   ; -   ; 14.614.269,52 
RS;4315552;RIO DOS INDIOS; 3.481.530,96 ; -   ; -   ; 198.697,83 ; 198.697,83 ; 3.680.228,79 
RS;4315602;RIO GRANDE; 230.523.689,95 ; -   ; -   ; -   ; -   ; 230.523.689,95 
RS;4315701;RIO PARDO; 24.791.864,90 ; -   ; -   ; -   ; -   ; 24.791.864,90 
RS;4315750;RIOZINHO; 5.895.271,58 ; -   ; -   ; 349.429,51 ; 349.429,51 ; 6.244.701,09 
RS;4315800;ROCA SALES; 11.219.097,86 ; -   ; -   ; 741.739,76 ; 741.739,76 ; 11.960.837,62 
RS;4315909;RODEIO BONITO; 8.049.020,43 ; -   ; -   ; 576.842,40 ; 576.842,40 ; 8.625.862,83 
RS;4315958;ROLADOR; 2.220.483,29 ; -   ; -   ; -   ; -   ; 2.220.483,29 
RS;4316006;ROLANTE; 32.936.176,41 ; -   ; -   ; 2.132.697,50 ; 2.132.697,50 ; 35.068.873,91 
RS;4316105;RONDA ALTA; 6.727.285,78 ; -   ; -   ; -   ; -   ; 6.727.285,78 
RS;4316204;RONDINHA; 4.905.591,44 ; -   ; -   ; -   ; -   ; 4.905.591,44 
RS;4316303;ROQUE GONZALES; 6.723.773,06 ; -   ; -   ; 424.812,16 ; 424.812,16 ; 7.148.585,22 
RS;4316402;ROSARIO DO SUL; 21.596.618,54 ; -   ; -   ; -   ; -   ; 21.596.618,54 
RS;4316428;SAGRADA FAMILIA; 3.385.316,99 ; -   ; -   ; 104.481,10 ; 104.481,10 ; 3.489.798,09 
RS;4316436;SALDANHA MARINHO; 2.958.027,43 ; -   ; -   ; 216.740,59 ; 216.740,59 ; 3.174.768,02 
RS;4316451;SALTO DO JACUI; 10.804.344,76 ; -   ; -   ; 687.951,23 ; 687.951,23 ; 11.492.295,99 
RS;4316477;SALVADOR DAS MISSOES; 3.421.287,39 ; -   ; -   ; 108.630,11 ; 108.630,11 ; 3.529.917,50 
RS;4316501;SALVADOR DO SUL; 9.124.379,10 ; -   ; -   ; -   ; -   ; 9.124.379,10 
RS;4316600;SANANDUVA; 15.059.596,13 ; -   ; -   ; 1.074.832,84 ; 1.074.832,84 ; 16.134.428,97 
RS;4316709;SANTA BARBARA DO SUL; 9.035.742,88 ; -   ; -   ; 649.949,22 ; 649.949,22 ; 9.685.692,10 
RS;4316733;SANTA CECILIA DO SUL; 2.642.914,35 ; -   ; -   ; 208.735,71 ; 208.735,71 ; 2.851.650,06 
RS;4316758;SANTA CLARA DO SUL; 8.812.599,49 ; -   ; -   ; 549.457,05 ; 549.457,05 ; 9.362.056,54 
RS;4316808;SANTA CRUZ DO SUL; 118.061.759,40 ; -   ; -   ; 8.110.475,64 ; 8.110.475,64 ; 126.172.235,04 
RS;4316972;SANTA MARGARIDA DO SUL; 3.849.257,95 ; -   ; -   ; -   ; -   ; 3.849.257,95 
RS;4316907;SANTA MARIA; 196.502.563,17 ; -   ; -   ; -   ; -   ; 196.502.563,17 
RS;4316956;SANTA MARIA DO HERVAL; 7.458.810,50 ; -   ; -   ; -   ; -   ; 7.458.810,50 
RS;4317202;SANTA ROSA; 78.732.411,13 ; -   ; -   ; -   ; -   ; 78.732.411,13 
RS;4317251;SANTA TEREZA; 988.966,45 ; -   ; -   ; -   ; -   ; 988.966,45 
RS;4317301;SANTA VITORIA DO PALMAR; 37.798.493,74 ; -   ; -   ; -   ; -   ; 37.798.493,74 
RS;4317004;SANTANA DA BOA VISTA; 5.596.637,98 ; -   ; -   ; 390.440,48 ; 390.440,48 ; 5.987.078,46 
RS;4317103;SANTANA DO LIVRAMENTO; 56.919.397,93 ; -   ; -   ; 3.566.686,55 ; 3.566.686,55 ; 60.486.084,48 
RS;4317400;SANTIAGO; 43.367.594,71 ; -   ; -   ; -   ; -   ; 43.367.594,71 
RS;4317509;SANTO ANGELO; 52.082.656,31 ; -   ; -   ; 3.714.066,33 ; 3.714.066,33 ; 55.796.722,64 
RS;4317608;SANTO ANTONIO DA PATRULHA; 39.076.586,74 ; -   ; -   ; 2.657.263,81 ; 2.657.263,81 ; 41.733.850,55 
RS;4317707;SANTO ANTONIO DAS MISSOES; 10.769.988,27 ; -   ; -   ; 773.120,24 ; 773.120,24 ; 11.543.108,51 
RS;4317558;SANTO ANTONIO DO PALMA; 2.899.990,90 ; -   ; -   ; 152.777,18 ; 152.777,18 ; 3.052.768,08 
RS;4317756;SANTO ANTONIO DO PLANALTO; 2.057.124,42 ; -   ; -   ; -   ; -   ; 2.057.124,42 
RS;4317806;SANTO AUGUSTO; 16.146.157,87 ; -   ; -   ; -   ; -   ; 16.146.157,87 
RS;4317905;SANTO CRISTO; 17.173.405,04 ; -   ; -   ; -   ; -   ; 17.173.405,04 
RS;4317954;SANTO EXPEDITO DO SUL; 2.363.328,54 ; -   ; -   ; 164.980,68 ; 164.980,68 ; 2.528.309,22 
RS;4318002;SAO BORJA; 52.410.413,42 ; -   ; -   ; -   ; -   ; 52.410.413,42 
RS;4318051;SAO DOMINGOS DO SUL; 2.169.699,65 ; -   ; -   ; 69.643,33 ; 69.643,33 ; 2.239.342,98 
RS;4318101;SAO FRANCISCO DE ASSIS; 15.350.690,86 ; -   ; -   ; 1.073.885,84 ; 1.073.885,84 ; 16.424.576,70 
RS;4318200;SAO FRANCISCO DE PAULA; 17.464.651,26 ; -   ; -   ; -   ; -   ; 17.464.651,26 
RS;4318309;SAO GABRIEL; 59.886.209,60 ; -   ; -   ; -   ; -   ; 59.886.209,60 
RS;4318408;SAO JERONIMO; 14.857.111,59 ; -   ; -   ; -   ; -   ; 14.857.111,59 
RS;4318424;SAO JOAO DA URTIGA; 4.424.333,39 ; -   ; -   ; 304.534,91 ; 304.534,91 ; 4.728.868,30 
RS;4318432;SAO JOAO DO POLESINE; 2.119.202,48 ; -   ; -   ; -   ; -   ; 2.119.202,48 
RS;4318440;SAO JORGE; 2.424.977,17 ; -   ; -   ; 219.189,21 ; 219.189,21 ; 2.644.166,38 
RS;4318457;SAO JOSE DAS MISSOES; 4.019.584,05 ; -   ; -   ; -   ; -   ; 4.019.584,05 
RS;4318465;SAO JOSE DO HERVAL; 2.499.886,93 ; -   ; -   ; -   ; -   ; 2.499.886,93 
RS;4318481;SAO JOSE DO HORTENCIO; 6.140.030,38 ; -   ; -   ; -   ; -   ; 6.140.030,38 
RS;4318499;SAO JOSE DO INHACORA; 3.445.581,46 ; -   ; -   ; -   ; -   ; 3.445.581,46 
RS;4318507;SAO JOSE DO NORTE; 28.577.842,86 ; -   ; -   ; 1.974.295,72 ; 1.974.295,72 ; 30.552.138,58 
RS;4318606;SAO JOSE DO OURO; 6.199.383,97 ; -   ; -   ; 446.352,39 ; 446.352,39 ; 6.645.736,36 
RS;4318614;SAO JOSE DO SUL; 3.717.221,41 ; -   ; -   ; 121.382,01 ; 121.382,01 ; 3.838.603,42 
RS;4318622;SAO JOSE DOS AUSENTES; 7.934.967,55 ; -   ; -   ; -   ; -   ; 7.934.967,55 
RS;4318705;SAO LEOPOLDO; 236.626.894,77 ; -   ; -   ; -   ; -   ; 236.626.894,77 
RS;4318804;SAO LOURENCO DO SUL; 43.567.005,48 ; -   ; -   ; 1.499.513,58 ; 1.499.513,58 ; 45.066.519,06 
RS;4318903;SAO LUIZ GONZAGA; 29.110.002,53 ; -   ; -   ; 1.931.980,98 ; 1.931.980,98 ; 31.041.983,51 
RS;4319000;SAO MARCOS; 17.447.546,26 ; -   ; -   ; -   ; -   ; 17.447.546,26 
RS;4319109;SAO MARTINHO; 8.351.474,93 ; -   ; -   ; 633.538,82 ; 633.538,82 ; 8.985.013,75 
RS;4319125;SAO MARTINHO DA SERRA; 2.415.773,60 ; -   ; -   ; 86.603,11 ; 86.603,11 ; 2.502.376,71 
RS;4319158;SAO MIGUEL DAS MISSOES; 8.701.275,73 ; -   ; -   ; 586.137,81 ; 586.137,81 ; 9.287.413,54 
RS;4319208;SAO NICOLAU; 4.091.936,02 ; -   ; -   ; -   ; -   ; 4.091.936,02 
RS;4319307;SAO PAULO DAS MISSOES; 7.573.930,80 ; -   ; -   ; 549.073,43 ; 549.073,43 ; 8.123.004,23 
RS;4319356;SAO PEDRO DA SERRA; 5.529.173,62 ; -   ; -   ; 379.547,62 ; 379.547,62 ; 5.908.721,24 
RS;4319364;SAO PEDRO DAS MISSOES; 2.539.483,44 ; -   ; -   ; 81.130,12 ; 81.130,12 ; 2.620.613,56 
RS;4319372;SAO PEDRO DO BUTIA; 2.600.503,41 ; -   ; -   ; 172.238,64 ; 172.238,64 ; 2.772.742,05 
RS;4319406;SAO PEDRO DO SUL; 16.998.256,95 ; -   ; -   ; -   ; -   ; 16.998.256,95 
RS;4319505;SAO SEBASTIAO DO CAI; 28.810.091,65 ; -   ; -   ; -   ; -   ; 28.810.091,65 
RS;4319604;SAO SEPE; 21.362.057,69 ; -   ; -   ; 745.597,68 ; 745.597,68 ; 22.107.655,37 
RS;4319703;SAO VALENTIM; 4.208.610,16 ; -   ; -   ; 345.681,86 ; 345.681,86 ; 4.554.292,02 
RS;4319711;SAO VALENTIM DO SUL; 1.489.545,15 ; -   ; -   ; 51.601,01 ; 51.601,01 ; 1.541.146,16 
RS;4319737;SAO VALERIO DO SUL; 2.497.972,57 ; -   ; -   ; -   ; -   ; 2.497.972,57 
RS;4319752;SAO VENDELINO; 3.080.846,79 ; -   ; -   ; 235.306,80 ; 235.306,80 ; 3.316.153,59 
RS;4319802;SAO VICENTE DO SUL; 7.868.945,44 ; -   ; -   ; 560.114,39 ; 560.114,39 ; 8.429.059,83 
RS;4319901;SAPIRANGA; 118.763.193,32 ; -   ; -   ; -   ; -   ; 118.763.193,32 
RS;4320008;SAPUCAIA DO SUL; 157.370.868,81 ; -   ; -   ; -   ; -   ; 157.370.868,81 
RS;4320107;SARANDI; 30.851.482,40 ; -   ; 523.108,22 ; -   ; 523.108,22 ; 31.374.590,62 
RS;4320206;SEBERI; 12.897.606,66 ; -   ; -   ; 829.352,06 ; 829.352,06 ; 13.726.958,72 
RS;4320230;SEDE NOVA; 3.983.495,80 ; -   ; -   ; 285.080,27 ; 285.080,27 ; 4.268.576,07 
RS;4320263;SEGREDO; 5.844.177,20 ; -   ; -   ; 354.806,19 ; 354.806,19 ; 6.198.983,39 
RS;4320305;SELBACH; 3.647.568,04 ; -   ; -   ; 114.759,53 ; 114.759,53 ; 3.762.327,57 
RS;4320321;SENADOR SALGADO FILHO; 2.569.578,93 ; -   ; -   ; 186.110,60 ; 186.110,60 ; 2.755.689,53 
RS;4320354;SENTINELA DO SUL; 5.995.760,48 ; -   ; -   ; 412.782,97 ; 412.782,97 ; 6.408.543,45 
RS;4320404;SERAFINA CORREA; 22.522.090,60 ; -   ; -   ; -   ; -   ; 22.522.090,60 
RS;4320453;SERIO; 1.930.939,35 ; -   ; -   ; 60.653,85 ; 60.653,85 ; 1.991.593,20 
RS;4320503;SERTAO; 5.501.974,58 ; -   ; -   ; 406.970,26 ; 406.970,26 ; 5.908.944,84 
RS;4320552;SERTAO SANTANA; 7.587.661,12 ; -   ; -   ; 512.290,84 ; 512.290,84 ; 8.099.951,96 
RS;4320578;SETE DE SETEMBRO; 1.644.183,75 ; -   ; -   ; -   ; -   ; 1.644.183,75 
RS;4320602;SEVERIANO DE ALMEIDA; 2.896.386,61 ; -   ; -   ; 101.036,95 ; 101.036,95 ; 2.997.423,56 
RS;4320651;SILVEIRA MARTINS; 2.855.806,11 ; -   ; -   ; -   ; -   ; 2.855.806,11 
RS;4320677;SINIMBU; 10.717.711,28 ; -   ; -   ; 692.631,31 ; 692.631,31 ; 11.410.342,59 
RS;4320701;SOBRADINHO; 17.712.904,36 ; -   ; -   ; 589.586,10 ; 589.586,10 ; 18.302.490,46 
RS;4320800;SOLEDADE; 28.907.630,96 ; -   ; -   ; 1.881.887,00 ; 1.881.887,00 ; 30.789.517,96 
RS;4320859;TABAI; 6.628.511,27 ; -   ; -   ; 390.415,52 ; 390.415,52 ; 7.018.926,79 
RS;4320909;TAPEJARA; 33.854.758,47 ; -   ; -   ; 2.557.440,82 ; 2.557.440,82 ; 36.412.199,29 
RS;4321006;TAPERA; 9.703.020,94 ; -   ; -   ; 647.608,21 ; 647.608,21 ; 10.350.629,15 
RS;4321105;TAPES; 15.312.270,83 ; -   ; -   ; 1.078.869,48 ; 1.078.869,48 ; 16.391.140,31 
RS;4321204;TAQUARA; 66.223.790,94 ; -   ; -   ; -   ; -   ; 66.223.790,94 
RS;4321303;TAQUARI; 21.728.234,11 ; -   ; -   ; -   ; -   ; 21.728.234,11 
RS;4321329;TAQUARUCU DO SUL; 4.015.552,34 ; -   ; -   ; -   ; -   ; 4.015.552,34 
RS;4321352;TAVARES; 5.190.145,22 ; -   ; -   ; -   ; -   ; 5.190.145,22 
RS;4321402;TENENTE PORTELA; 16.395.064,17 ; -   ; -   ; -   ; -   ; 16.395.064,17 
RS;4321436;TERRA DE AREIA; 15.187.334,22 ; -   ; -   ; -   ; -   ; 15.187.334,22 
RS;4321451;TEUTONIA; 46.775.283,41 ; -   ; -   ; -   ; -   ; 46.775.283,41 
RS;4321469;TIO HUGO; 5.774.291,00 ; -   ; -   ; 427.778,86 ; 427.778,86 ; 6.202.069,86 
RS;4321477;TIRADENTES DO SUL; 4.273.978,91 ; -   ; -   ; 142.438,62 ; 142.438,62 ; 4.416.417,53 
RS;4321493;TOROPI; 2.082.367,05 ; -   ; -   ; -   ; -   ; 2.082.367,05 
RS;4321501;TORRES; 47.210.984,83 ; -   ; -   ; -   ; -   ; 47.210.984,83 
RS;4321600;TRAMANDAI; 80.394.900,16 ; -   ; -   ; -   ; -   ; 80.394.900,16 
RS;4321626;TRAVESSEIRO; 3.066.326,53 ; -   ; -   ; 167.724,61 ; 167.724,61 ; 3.234.051,14 
RS;4321634;TRES ARROIOS; 1.789.892,20 ; -   ; -   ; -   ; -   ; 1.789.892,20 
RS;4321667;TRES CACHOEIRAS; 13.689.671,26 ; -   ; 781.605,34 ; 970.454,61 ; 1.752.059,95 ; 15.441.731,21 
RS;4321709;TRES COROAS; 37.589.307,83 ; -   ; -   ; -   ; -   ; 37.589.307,83 
RS;4321808;TRES DE MAIO; 26.629.519,29 ; -   ; -   ; -   ; -   ; 26.629.519,29 
RS;4321832;TRES FORQUILHAS; 4.314.108,67 ; -   ; -   ; 200.370,56 ; 200.370,56 ; 4.514.479,23 
RS;4321857;TRES PALMEIRAS; 8.260.020,75 ; -   ; -   ; -   ; -   ; 8.260.020,75 
RS;4321907;TRES PASSOS; 35.027.383,10 ; -   ; -   ; 2.513.503,10 ; 2.513.503,10 ; 37.540.886,20 
RS;4321956;TRINDADE DO SUL; 10.162.900,75 ; -   ; -   ; -   ; -   ; 10.162.900,75 
RS;4322004;TRIUNFO; 42.149.673,58 ; -   ; -   ; 2.960.050,33 ; 2.960.050,33 ; 45.109.723,91 
RS;4322103;TUCUNDUVA; 3.290.862,93 ; -   ; -   ; 115.511,90 ; 115.511,90 ; 3.406.374,83 
RS;4322152;TUNAS; 5.010.540,71 ; -   ; -   ; -   ; -   ; 5.010.540,71 
RS;4322186;TUPANCI DO SUL; 1.810.078,64 ; -   ; -   ; 144.231,68 ; 144.231,68 ; 1.954.310,32 
RS;4322202;TUPANCIRETA; 20.338.672,48 ; -   ; -   ; -   ; -   ; 20.338.672,48 
RS;4322251;TUPANDI; 10.694.291,45 ; -   ; -   ; -   ; -   ; 10.694.291,45 
RS;4322301;TUPARENDI; 7.191.951,62 ; -   ; -   ; 247.454,34 ; 247.454,34 ; 7.439.405,96 
RS;4322327;TURUCU; 4.779.120,84 ; -   ; -   ; 340.308,01 ; 340.308,01 ; 5.119.428,85 
RS;4322343;UBIRETAMA; 1.305.200,58 ; -   ; -   ; 40.053,93 ; 40.053,93 ; 1.345.254,51 
RS;4322350;UNIAO DA SERRA; 688.617,89 ; -   ; -   ; -   ; -   ; 688.617,89 
RS;4322376;UNISTALDA; 2.438.230,28 ; -   ; -   ; -   ; -   ; 2.438.230,28 
RS;4322400;URUGUAIANA; 107.528.379,16 ; -   ; -   ; -   ; -   ; 107.528.379,16 
RS;4322509;VACARIA; 72.760.369,61 ; -   ; -   ; -   ; -   ; 72.760.369,61 
RS;4322533;VALE DO SOL; 9.136.747,29 ; -   ; -   ; -   ; -   ; 9.136.747,29 
RS;4322541;VALE REAL; 7.702.814,58 ; -   ; -   ; -   ; -   ; 7.702.814,58 
RS;4322525;VALE VERDE; 4.592.670,71 ; -   ; -   ; 254.238,55 ; 254.238,55 ; 4.846.909,26 
RS;4322558;VANINI; 2.073.980,05 ; -   ; -   ; 141.843,49 ; 141.843,49 ; 2.215.823,54 
RS;4322608;VENANCIO AIRES; 62.487.599,85 ; -   ; -   ; 4.087.846,00 ; 4.087.846,00 ; 66.575.445,85 
RS;4322707;VERA CRUZ; 30.237.955,21 ; -   ; -   ; 2.012.253,62 ; 2.012.253,62 ; 32.250.208,83 
RS;4322806;VERANOPOLIS; 27.090.270,72 ; -   ; -   ; -   ; -   ; 27.090.270,72 
RS;4322855;VESPASIANO CORREA; 1.953.871,07 ; -   ; -   ; -   ; -   ; 1.953.871,07 
RS;4322905;VIADUTOS; 3.888.371,09 ; -   ; -   ; 329.330,67 ; 329.330,67 ; 4.217.701,76 
RS;4323002;VIAMAO; 264.475.062,63 ; -   ; -   ; -   ; -   ; 264.475.062,63 
RS;4323101;VICENTE DUTRA; 6.355.287,44 ; -   ; -   ; 431.800,35 ; 431.800,35 ; 6.787.087,79 
RS;4323200;VICTOR GRAEFF; 4.052.079,26 ; -   ; -   ; 134.148,84 ; 134.148,84 ; 4.186.228,10 
RS;4323309;VILA FLORES; 4.747.376,12 ; -   ; -   ; 384.408,38 ; 384.408,38 ; 5.131.784,50 
RS;4323358;VILA LANGARO; 3.175.019,93 ; -   ; -   ; 109.336,42 ; 109.336,42 ; 3.284.356,35 
RS;4323408;VILA MARIA; 4.182.988,00 ; -   ; -   ; -   ; -   ; 4.182.988,00 
RS;4323457;VILA NOVA DO SUL; 4.271.108,84 ; -   ; -   ; 303.253,15 ; 303.253,15 ; 4.574.361,99 
RS;4323507;VISTA ALEGRE; 2.792.338,83 ; -   ; -   ; 97.805,89 ; 97.805,89 ; 2.890.144,72 
RS;4323606;VISTA ALEGRE DO PRATA; 1.443.160,28 ; -   ; -   ; 105.459,18 ; 105.459,18 ; 1.548.619,46 
RS;4323705;VISTA GAUCHA; 4.257.512,33 ; -   ; -   ; 288.023,22 ; 288.023,22 ; 4.545.535,55 
RS;4323754;VITORIA DAS MISSOES; 3.019.485,12 ; -   ; -   ; 97.965,25 ; 97.965,25 ; 3.117.450,37 
RS;4323770;WESTFALIA; 5.261.377,31 ; -   ; -   ; 187.775,08 ; 187.775,08 ; 5.449.152,39 
RS;4323804;XANGRI-LA; 30.263.618,34 ; -   ; -   ; -   ; -   ; 30.263.618,34 
RS;43;GOVERNO DO ESTADO; 6.302.180.564,47 ; -   ; -   ; -   ; -   ; 6.302.180.564,47 
SC;4200051;ABDON BATISTA; 3.317.084,50 ; -   ; -   ; 228.271,30 ; 228.271,30 ; 3.545.355,80 
SC;4200101;ABELARDO LUZ; 26.179.733,30 ; -   ; -   ; 1.063.285,29 ; 1.063.285,29 ; 27.243.018,59 
SC;4200200;AGROLANDIA; 16.286.167,07 ; -   ; 34.662,89 ; 1.258.925,09 ; 1.293.587,98 ; 17.579.755,05 
SC;4200309;AGRONOMICA; 7.376.515,04 ; -   ; -   ; 512.688,80 ; 512.688,80 ; 7.889.203,84 
SC;4200408;AGUA DOCE; 8.606.359,79 ; -   ; -   ; -   ; -   ; 8.606.359,79 
SC;4200507;AGUAS DE CHAPECO; 4.644.380,36 ; -   ; -   ; 317.184,83 ; 317.184,83 ; 4.961.565,19 
SC;4200556;AGUAS FRIAS; 3.383.866,69 ; -   ; -   ; 271.947,28 ; 271.947,28 ; 3.655.813,97 
SC;4200606;AGUAS MORNAS; 7.392.396,55 ; -   ; -   ; -   ; -   ; 7.392.396,55 
SC;4200705;ALFREDO WAGNER; 10.547.801,73 ; -   ; -   ; -   ; -   ; 10.547.801,73 
SC;4200754;ALTO BELA VISTA; 1.639.108,65 ; -   ; -   ; -   ; -   ; 1.639.108,65 
SC;4200804;ANCHIETA; 6.372.567,68 ; -   ; -   ; -   ; -   ; 6.372.567,68 
SC;4200903;ANGELINA; 4.119.626,28 ; -   ; -   ; 304.214,71 ; 304.214,71 ; 4.423.840,99 
SC;4201000;ANITA GARIBALDI; 9.490.038,97 ; -   ; 234.537,67 ; -   ; 234.537,67 ; 9.724.576,64 
SC;4201109;ANITAPOLIS; 3.441.944,10 ; -   ; -   ; 274.654,95 ; 274.654,95 ; 3.716.599,05 
SC;4201208;ANTONIO CARLOS; 13.084.777,38 ; -   ; -   ; -   ; -   ; 13.084.777,38 
SC;4201257;APIUNA; 17.354.668,54 ; -   ; -   ; 629.831,43 ; 629.831,43 ; 17.984.499,97 
SC;4201273;ARABUTA; 5.824.688,31 ; -   ; -   ; -   ; -   ; 5.824.688,31 
SC;4201307;ARAQUARI; 68.511.391,45 ; -   ; -   ; -   ; -   ; 68.511.391,45 
SC;4201406;ARARANGUA; 60.596.433,94 ; -   ; -   ; -   ; -   ; 60.596.433,94 
SC;4201505;ARMAZEM; 10.941.553,29 ; -   ; 953.165,93 ; -   ; 953.165,93 ; 11.894.719,22 
SC;4201604;ARROIO TRINTA; 4.205.049,12 ; -   ; -   ; -   ; -   ; 4.205.049,12 
SC;4201653;ARVOREDO; 2.949.667,25 ; -   ; -   ; -   ; -   ; 2.949.667,25 
SC;4201703;ASCURRA; 6.120.684,35 ; -   ; -   ; 475.252,97 ; 475.252,97 ; 6.595.937,32 
SC;4201802;ATALANTA; 4.167.249,47 ; -   ; -   ; 276.401,40 ; 276.401,40 ; 4.443.650,87 
SC;4201901;AURORA; 8.023.673,35 ; -   ; -   ; -   ; -   ; 8.023.673,35 
SC;4201950;BALNEARIO ARROIO DO SILVA; 19.844.417,86 ; -   ; -   ; -   ; -   ; 19.844.417,86 
SC;4202057;BALNEARIO BARRA DO SUL; 15.823.060,21 ; -   ; -   ; -   ; -   ; 15.823.060,21 
SC;4202008;BALNEARIO CAMBORIU; 149.762.085,63 ; -   ; -   ; -   ; -   ; 149.762.085,63 
SC;4202073;BALNEARIO GAIVOTA; 24.271.588,26 ; -   ; 1.584.351,17 ; -   ; 1.584.351,17 ; 25.855.939,43 
SC;4212809;BALNEARIO PICARRAS; 54.977.118,86 ; -   ; -   ; -   ; -   ; 54.977.118,86 
SC;4220000;BALNEARIO RINCAO; 20.228.789,64 ; -   ; 956.035,51 ; -   ; 956.035,51 ; 21.184.825,15 
SC;4202081;BANDEIRANTE; 5.616.256,46 ; -   ; -   ; -   ; -   ; 5.616.256,46 
SC;4202099;BARRA BONITA; 1.801.601,83 ; -   ; -   ; 62.426,41 ; 62.426,41 ; 1.864.028,24 
SC;4202107;BARRA VELHA; 80.146.373,95 ; -   ; -   ; -   ; -   ; 80.146.373,95 
SC;4202131;BELA VISTA DO TOLDO; 11.574.689,72 ; -   ; 255.691,27 ; 764.143,69 ; 1.019.834,96 ; 12.594.524,68 
SC;4202156;BELMONTE; 3.039.697,44 ; -   ; -   ; 277.245,57 ; 277.245,57 ; 3.316.943,01 
SC;4202206;BENEDITO NOVO; 7.250.997,23 ; -   ; -   ; 553.117,44 ; 553.117,44 ; 7.804.114,67 
SC;4202305;BIGUACU; 55.361.531,47 ; -   ; -   ; 2.091.767,63 ; 2.091.767,63 ; 57.453.299,10 
SC;4202404;BLUMENAU; 346.415.515,87 ; -   ; -   ; -   ; -   ; 346.415.515,87 
SC;4202438;BOCAINA DO SUL; 6.214.050,31 ; -   ; -   ; 234.077,94 ; 234.077,94 ; 6.448.128,25 
SC;4202503;BOM JARDIM DA SERRA; 5.641.528,74 ; -   ; -   ; -   ; -   ; 5.641.528,74 
SC;4202537;BOM JESUS; 2.979.789,31 ; -   ; -   ; -   ; -   ; 2.979.789,31 
SC;4202578;BOM JESUS DO OESTE; 2.696.810,91 ; -   ; -   ; -   ; -   ; 2.696.810,91 
SC;4202602;BOM RETIRO; 8.040.609,60 ; -   ; -   ; 603.300,22 ; 603.300,22 ; 8.643.909,82 
SC;4202453;BOMBINHAS; 43.154.859,03 ; -   ; -   ; -   ; -   ; 43.154.859,03 
SC;4202701;BOTUVERA; 5.419.907,77 ; -   ; -   ; 390.580,84 ; 390.580,84 ; 5.810.488,61 
SC;4202800;BRACO DO NORTE; 40.663.648,98 ; -   ; -   ; 2.962.431,75 ; 2.962.431,75 ; 43.626.080,73 
SC;4202859;BRACO DO TROMBUDO; 5.977.084,27 ; -   ; -   ; 210.298,64 ; 210.298,64 ; 6.187.382,91 
SC;4202875;BRUNOPOLIS; 2.847.373,40 ; -   ; -   ; 102.119,49 ; 102.119,49 ; 2.949.492,89 
SC;4202909;BRUSQUE; 164.662.011,38 ; -   ; -   ; 12.575.925,93 ; 12.575.925,93 ; 177.237.937,31 
SC;4203006;CACADOR; 89.758.343,53 ; -   ; -   ; 6.376.835,65 ; 6.376.835,65 ; 96.135.179,18 
SC;4203105;CAIBI; 6.048.236,84 ; -   ; -   ; 229.108,61 ; 229.108,61 ; 6.277.345,45 
SC;4203154;CALMON; 6.836.981,41 ; -   ; -   ; 472.909,70 ; 472.909,70 ; 7.309.891,11 
SC;4203204;CAMBORIU; 167.634.306,36 ; -   ; 24.804.742,55 ; -   ; 24.804.742,55 ; 192.439.048,91 
SC;4203303;CAMPO ALEGRE; 20.060.422,99 ; -   ; -   ; -   ; -   ; 20.060.422,99 
SC;4203402;CAMPO BELO DO SUL; 7.066.682,05 ; -   ; -   ; 527.237,56 ; 527.237,56 ; 7.593.919,61 
SC;4203501;CAMPO ERE; 14.946.644,05 ; -   ; 1.439.935,67 ; 1.066.271,52 ; 2.506.207,19 ; 17.452.851,24 
SC;4203600;CAMPOS NOVOS; 44.051.889,38 ; -   ; -   ; -   ; -   ; 44.051.889,38 
SC;4203709;CANELINHA; 15.035.292,24 ; -   ; -   ; 566.328,29 ; 566.328,29 ; 15.601.620,53 
SC;4203808;CANOINHAS; 61.296.327,13 ; -   ; -   ; 2.247.988,53 ; 2.247.988,53 ; 63.544.315,66 
SC;4203253;CAPAO ALTO; 4.971.159,11 ; -   ; -   ; -   ; -   ; 4.971.159,11 
SC;4203907;CAPINZAL; 32.577.356,06 ; -   ; -   ; -   ; -   ; 32.577.356,06 
SC;4203956;CAPIVARI DE BAIXO; 26.565.755,43 ; -   ; -   ; -   ; -   ; 26.565.755,43 
SC;4204004;CATANDUVAS; 13.390.499,59 ; -   ; -   ; 1.035.345,76 ; 1.035.345,76 ; 14.425.845,35 
SC;4204103;CAXAMBU DO SUL; 4.591.272,63 ; -   ; -   ; 383.015,64 ; 383.015,64 ; 4.974.288,27 
SC;4204152;CELSO RAMOS; 4.434.027,29 ; -   ; -   ; -   ; -   ; 4.434.027,29 
SC;4204178;CERRO NEGRO; 4.396.695,90 ; -   ; -   ; 308.639,75 ; 308.639,75 ; 4.705.335,65 
SC;4204194;CHAPADAO DO LAGEADO; 3.926.220,71 ; -   ; -   ; 131.983,61 ; 131.983,61 ; 4.058.204,32 
SC;4204202;CHAPECO; 260.301.331,17 ; -   ; -   ; -   ; -   ; 260.301.331,17 
SC;4204251;COCAL DO SUL; 20.174.379,58 ; -   ; -   ; 780.601,28 ; 780.601,28 ; 20.954.980,86 
SC;4204301;CONCORDIA; 100.152.090,24 ; -   ; -   ; -   ; -   ; 100.152.090,24 
SC;4204350;CORDILHEIRA ALTA; 7.631.164,69 ; -   ; -   ; 594.925,44 ; 594.925,44 ; 8.226.090,13 
SC;4204400;CORONEL FREITAS; 10.205.513,49 ; -   ; -   ; 792.417,08 ; 792.417,08 ; 10.997.930,57 
SC;4204459;CORONEL MARTINS; 2.906.285,51 ; -   ; -   ; 234.506,94 ; 234.506,94 ; 3.140.792,45 
SC;4204558;CORREIA PINTO; 18.583.280,22 ; -   ; -   ; 1.384.672,99 ; 1.384.672,99 ; 19.967.953,21 
SC;4204509;CORUPA; 23.497.605,07 ; -   ; -   ; -   ; -   ; 23.497.605,07 
SC;4204608;CRICIUMA; 262.817.488,70 ; -   ; -   ; -   ; -   ; 262.817.488,70 
SC;4204707;CUNHA PORA; 11.486.611,79 ; -   ; -   ; -   ; -   ; 11.486.611,79 
SC;4204756;CUNHATAI; 2.453.953,17 ; -   ; -   ; -   ; -   ; 2.453.953,17 
SC;4204806;CURITIBANOS; 40.929.004,62 ; -   ; -   ; 3.030.316,56 ; 3.030.316,56 ; 43.959.321,18 
SC;4204905;DESCANSO; 7.722.721,74 ; -   ; -   ; 291.613,79 ; 291.613,79 ; 8.014.335,53 
SC;4205001;DIONISIO CERQUEIRA; 14.314.699,78 ; -   ; -   ; -   ; -   ; 14.314.699,78 
SC;4205100;DONA EMMA; 4.650.257,32 ; -   ; -   ; 175.664,48 ; 175.664,48 ; 4.825.921,80 
SC;4205159;DOUTOR PEDRINHO; 3.817.400,60 ; -   ; -   ; 285.643,31 ; 285.643,31 ; 4.103.043,91 
SC;4205175;ENTRE RIOS; 3.819.654,77 ; -   ; -   ; 282.476,82 ; 282.476,82 ; 4.102.131,59 
SC;4205191;ERMO; 4.471.117,25 ; -   ; -   ; 271.196,37 ; 271.196,37 ; 4.742.313,62 
SC;4205209;ERVAL VELHO; 5.099.184,80 ; -   ; -   ; -   ; -   ; 5.099.184,80 
SC;4205308;FAXINAL DOS GUEDES; 17.506.968,04 ; -   ; 531.283,55 ; 1.368.775,17 ; 1.900.058,72 ; 19.407.026,76 
SC;4205357;FLOR DO SERTAO; 3.127.944,68 ; -   ; -   ; 90.749,21 ; 90.749,21 ; 3.218.693,89 
SC;4205407;FLORIANOPOLIS; 368.612.242,89 ; -   ; -   ; -   ; -   ; 368.612.242,89 
SC;4205431;FORMOSA DO SUL; 2.880.170,66 ; -   ; -   ; -   ; -   ; 2.880.170,66 
SC;4205456;FORQUILHINHA; 39.663.220,01 ; -   ; 408.102,22 ; -   ; 408.102,22 ; 40.071.322,23 
SC;4205506;FRAIBURGO; 61.013.587,56 ; -   ; 3.714.350,43 ; -   ; 3.714.350,43 ; 64.727.937,99 
SC;4205555;FREI ROGERIO; 3.484.508,35 ; -   ; -   ; 235.084,45 ; 235.084,45 ; 3.719.592,80 
SC;4205605;GALVAO; 4.522.293,91 ; -   ; -   ; 336.899,93 ; 336.899,93 ; 4.859.193,84 
SC;4205704;GAROPABA; 32.089.001,60 ; -   ; -   ; -   ; -   ; 32.089.001,60 
SC;4205803;GARUVA; 35.192.222,40 ; -   ; -   ; -   ; -   ; 35.192.222,40 
SC;4205902;GASPAR; 94.873.222,70 ; -   ; -   ; 7.109.524,85 ; 7.109.524,85 ; 101.982.747,55 
SC;4206009;GOVERNADOR CELSO RAMOS; 30.474.287,43 ; -   ; -   ; 2.430.950,85 ; 2.430.950,85 ; 32.905.238,28 
SC;4206108;GRAO PARA; 7.110.011,80 ; -   ; -   ; -   ; -   ; 7.110.011,80 
SC;4206207;GRAVATAL; 11.175.695,15 ; -   ; 1.563.972,39 ; 676.239,30 ; 2.240.211,69 ; 13.415.906,84 
SC;4206306;GUABIRUBA; 43.487.030,78 ; -   ; 3.970.894,34 ; 3.468.264,40 ; 7.439.158,74 ; 50.926.189,52 
SC;4206405;GUARACIABA; 12.107.198,37 ; -   ; -   ; -   ; -   ; 12.107.198,37 
SC;4206504;GUARAMIRIM; 56.264.216,39 ; -   ; -   ; -   ; -   ; 56.264.216,39 
SC;4206603;GUARUJA DO SUL; 7.458.669,50 ; -   ; -   ; 281.644,07 ; 281.644,07 ; 7.740.313,57 
SC;4206652;GUATAMBU; 10.717.949,86 ; -   ; -   ; 868.791,64 ; 868.791,64 ; 11.586.741,50 
SC;4206702;HERVAL DOESTE; 23.729.036,39 ; -   ; -   ; 1.820.382,79 ; 1.820.382,79 ; 25.549.419,18 
SC;4206751;IBIAM; 2.411.892,50 ; -   ; -   ; 93.691,41 ; 93.691,41 ; 2.505.583,91 
SC;4206801;IBICARE; 3.691.160,74 ; -   ; -   ; 296.315,15 ; 296.315,15 ; 3.987.475,89 
SC;4206900;IBIRAMA; 23.053.865,36 ; -   ; -   ; -   ; -   ; 23.053.865,36 
SC;4207007;ICARA; 70.737.024,45 ; -   ; -   ; 5.424.414,98 ; 5.424.414,98 ; 76.161.439,43 
SC;4207106;ILHOTA; 32.968.801,31 ; -   ; 6.386.372,13 ; 2.361.362,55 ; 8.747.734,68 ; 41.716.535,99 
SC;4207205;IMARUI; 16.508.902,45 ; -   ; 3.158.678,23 ; -   ; 3.158.678,23 ; 19.667.580,68 
SC;4207304;IMBITUBA; 42.040.515,56 ; -   ; -   ; 3.324.492,57 ; 3.324.492,57 ; 45.365.008,13 
SC;4207403;IMBUIA; 8.598.002,06 ; -   ; 398.240,46 ; -   ; 398.240,46 ; 8.996.242,52 
SC;4207502;INDAIAL; 92.487.399,87 ; -   ; -   ; -   ; -   ; 92.487.399,87 
SC;4207577;IOMERE; 5.439.403,16 ; -   ; -   ; 372.876,20 ; 372.876,20 ; 5.812.279,36 
SC;4207601;IPIRA; 7.004.295,52 ; -   ; -   ; -   ; -   ; 7.004.295,52 
SC;4207650;IPORA DO OESTE; 9.418.307,32 ; -   ; -   ; 837.044,40 ; 837.044,40 ; 10.255.351,72 
SC;4207684;IPUACU; 6.767.725,91 ; -   ; -   ; 508.083,03 ; 508.083,03 ; 7.275.808,94 
SC;4207700;IPUMIRIM; 9.891.070,48 ; -   ; -   ; 774.826,00 ; 774.826,00 ; 10.665.896,48 
SC;4207759;IRACEMINHA; 3.435.686,70 ; -   ; -   ; 233.540,32 ; 233.540,32 ; 3.669.227,02 
SC;4207809;IRANI; 13.510.066,18 ; -   ; -   ; -   ; -   ; 13.510.066,18 
SC;4207858;IRATI; 2.450.830,28 ; -   ; -   ; 185.323,29 ; 185.323,29 ; 2.636.153,57 
SC;4207908;IRINEOPOLIS; 21.012.924,78 ; -   ; 1.305.611,58 ; -   ; 1.305.611,58 ; 22.318.536,36 
SC;4208005;ITA; 11.758.585,29 ; -   ; -   ; -   ; -   ; 11.758.585,29 
SC;4208104;ITAIOPOLIS; 23.529.708,53 ; -   ; -   ; -   ; -   ; 23.529.708,53 
SC;4208203;ITAJAI; 347.727.629,00 ; -   ; -   ; -   ; -   ; 347.727.629,00 
SC;4208302;ITAPEMA; 120.950.289,86 ; -   ; -   ; -   ; -   ; 120.950.289,86 
SC;4208401;ITAPIRANGA; 22.118.789,17 ; -   ; -   ; 1.621.542,22 ; 1.621.542,22 ; 23.740.331,39 
SC;4208450;ITAPOA; 55.105.712,37 ; -   ; -   ; 4.422.024,66 ; 4.422.024,66 ; 59.527.737,03 
SC;4208500;ITUPORANGA; 23.921.500,66 ; -   ; -   ; -   ; -   ; 23.921.500,66 
SC;4208609;JABORA; 5.696.132,61 ; -   ; -   ; -   ; -   ; 5.696.132,61 
SC;4208708;JACINTO MACHADO; 14.851.353,14 ; -   ; -   ; -   ; -   ; 14.851.353,14 
SC;4208807;JAGUARUNA; 25.681.905,83 ; -   ; -   ; -   ; -   ; 25.681.905,83 
SC;4208906;JARAGUA DO SUL; 203.657.984,20 ; -   ; -   ; -   ; -   ; 203.657.984,20 
SC;4208955;JARDINOPOLIS; 1.901.988,87 ; -   ; -   ; 154.978,22 ; 154.978,22 ; 2.056.967,09 
SC;4209003;JOACABA; 31.629.907,19 ; -   ; -   ; 1.142.205,99 ; 1.142.205,99 ; 32.772.113,18 
SC;4209102;JOINVILLE; 655.019.387,13 ; -   ; -   ; -   ; -   ; 655.019.387,13 
SC;4209151;JOSE BOITEUX; 9.291.890,31 ; -   ; -   ; 631.584,94 ; 631.584,94 ; 9.923.475,25 
SC;4209177;JUPIA; 2.510.366,88 ; -   ; -   ; 99.954,42 ; 99.954,42 ; 2.610.321,30 
SC;4209201;LACERDOPOLIS; 2.546.640,62 ; -   ; -   ; 93.566,82 ; 93.566,82 ; 2.640.207,44 
SC;4209300;LAGES; 159.603.187,82 ; -   ; -   ; -   ; -   ; 159.603.187,82 
SC;4209409;LAGUNA; 23.239.538,53 ; -   ; -   ; -   ; -   ; 23.239.538,53 
SC;4209458;LAJEADO GRANDE; 2.290.157,10 ; -   ; -   ; 193.531,55 ; 193.531,55 ; 2.483.688,65 
SC;4209508;LAURENTINO; 8.662.452,22 ; -   ; -   ; 678.041,77 ; 678.041,77 ; 9.340.493,99 
SC;4209607;LAURO MULLER; 17.559.519,13 ; -   ; -   ; 1.374.777,00 ; 1.374.777,00 ; 18.934.296,13 
SC;4209706;LEBON REGIS; 16.243.554,10 ; -   ; -   ; -   ; -   ; 16.243.554,10 
SC;4209805;LEOBERTO LEAL; 3.629.981,49 ; -   ; -   ; 296.275,45 ; 296.275,45 ; 3.926.256,94 
SC;4209854;LINDOIA DO SUL; 4.531.726,04 ; -   ; -   ; 379.021,89 ; 379.021,89 ; 4.910.747,93 
SC;4209904;LONTRAS; 19.837.587,05 ; -   ; 2.468.686,33 ; 1.334.357,87 ; 3.803.044,20 ; 23.640.631,25 
SC;4210001;LUIZ ALVES; 17.334.757,39 ; -   ; 425.824,97 ; 1.366.119,56 ; 1.791.944,53 ; 19.126.701,92 
SC;4210035;LUZERNA; 9.461.824,02 ; -   ; -   ; 368.424,04 ; 368.424,04 ; 9.830.248,06 
SC;4210050;MACIEIRA; 2.481.329,43 ; -   ; -   ; 198.198,03 ; 198.198,03 ; 2.679.527,46 
SC;4210100;MAFRA; 56.517.829,21 ; -   ; -   ; -   ; -   ; 56.517.829,21 
SC;4210209;MAJOR GERCINO; 3.212.060,14 ; -   ; -   ; -   ; -   ; 3.212.060,14 
SC;4210308;MAJOR VIEIRA; 9.221.136,25 ; -   ; -   ; -   ; -   ; 9.221.136,25 
SC;4210407;MARACAJA; 15.235.134,03 ; -   ; -   ; -   ; -   ; 15.235.134,03 
SC;4210506;MARAVILHA; 30.418.388,96 ; -   ; -   ; 2.469.353,86 ; 2.469.353,86 ; 32.887.742,82 
SC;4210555;MAREMA; 2.416.807,76 ; -   ; -   ; 86.242,26 ; 86.242,26 ; 2.503.050,02 
SC;4210605;MASSARANDUBA; 22.546.906,93 ; -   ; -   ; -   ; -   ; 22.546.906,93 
SC;4210704;MATOS COSTA; 3.577.754,63 ; -   ; -   ; 125.586,13 ; 125.586,13 ; 3.703.340,76 
SC;4210803;MELEIRO; 10.322.308,48 ; -   ; -   ; -   ; -   ; 10.322.308,48 
SC;4210852;MIRIM DOCE; 4.468.627,09 ; -   ; -   ; -   ; -   ; 4.468.627,09 
SC;4210902;MODELO; 4.661.641,22 ; -   ; -   ; 181.866,52 ; 181.866,52 ; 4.843.507,74 
SC;4211009;MONDAI; 13.098.626,96 ; -   ; -   ; 510.521,53 ; 510.521,53 ; 13.609.148,49 
SC;4211058;MONTE CARLO; 15.883.011,11 ; -   ; 336.081,62 ; -   ; 336.081,62 ; 16.219.092,73 
SC;4211108;MONTE CASTELO; 9.284.093,87 ; -   ; -   ; -   ; -   ; 9.284.093,87 
SC;4211207;MORRO DA FUMACA; 27.168.180,44 ; -   ; -   ; -   ; -   ; 27.168.180,44 
SC;4211256;MORRO GRANDE; 3.533.715,50 ; -   ; -   ; 230.876,83 ; 230.876,83 ; 3.764.592,33 
SC;4211306;NAVEGANTES; 186.587.208,54 ; -   ; -   ; -   ; -   ; 186.587.208,54 
SC;4211405;NOVA ERECHIM; 6.151.837,28 ; -   ; -   ; 517.034,67 ; 517.034,67 ; 6.668.871,95 
SC;4211454;NOVA ITABERABA; 4.688.729,33 ; -   ; -   ; 349.343,25 ; 349.343,25 ; 5.038.072,58 
SC;4211504;NOVA TRENTO; 17.218.310,00 ; -   ; -   ; 646.935,55 ; 646.935,55 ; 17.865.245,55 
SC;4211603;NOVA VENEZA; 17.499.479,86 ; -   ; -   ; 1.297.958,28 ; 1.297.958,28 ; 18.797.438,14 
SC;4211652;NOVO HORIZONTE; 2.210.353,56 ; -   ; -   ; 173.194,90 ; 173.194,90 ; 2.383.548,46 
SC;4211702;ORLEANS; 19.841.414,58 ; -   ; -   ; 1.440.416,89 ; 1.440.416,89 ; 21.281.831,47 
SC;4211751;OTACILIO COSTA; 24.474.896,58 ; -   ; -   ; 915.079,51 ; 915.079,51 ; 25.389.976,09 
SC;4211801;OURO; 7.256.860,23 ; -   ; -   ; -   ; -   ; 7.256.860,23 
SC;4211850;OURO VERDE; 2.468.070,19 ; -   ; -   ; -   ; -   ; 2.468.070,19 
SC;4211876;PAIAL; 2.549.052,88 ; -   ; -   ; -   ; -   ; 2.549.052,88 
SC;4211892;PAINEL; 1.871.423,12 ; -   ; -   ; 125.339,68 ; 125.339,68 ; 1.996.762,80 
SC;4211900;PALHOCA; 195.511.236,23 ; -   ; -   ; -   ; -   ; 195.511.236,23 
SC;4212007;PALMA SOLA; 9.369.056,30 ; -   ; -   ; -   ; -   ; 9.369.056,30 
SC;4212056;PALMEIRA; 3.121.945,76 ; -   ; -   ; -   ; -   ; 3.121.945,76 
SC;4212106;PALMITOS; 14.831.485,01 ; -   ; -   ; 535.399,16 ; 535.399,16 ; 15.366.884,17 
SC;4212205;PAPANDUVA; 17.848.015,63 ; -   ; -   ; 680.352,33 ; 680.352,33 ; 18.528.367,96 
SC;4212239;PARAISO; 4.493.601,05 ; -   ; -   ; 365.547,38 ; 365.547,38 ; 4.859.148,43 
SC;4212254;PASSO DE TORRES; 24.229.216,00 ; -   ; -   ; 1.792.789,00 ; 1.792.789,00 ; 26.022.005,00 
SC;4212270;PASSOS MAIA; 4.484.167,39 ; -   ; -   ; 294.876,78 ; 294.876,78 ; 4.779.044,17 
SC;4212304;PAULO LOPES; 12.846.711,10 ; -   ; -   ; 1.015.540,26 ; 1.015.540,26 ; 13.862.251,36 
SC;4212403;PEDRAS GRANDES; 4.217.488,16 ; -   ; -   ; 341.474,64 ; 341.474,64 ; 4.558.962,80 
SC;4212502;PENHA; 52.579.704,77 ; -   ; -   ; -   ; -   ; 52.579.704,77 
SC;4212601;PERITIBA; 4.807.662,76 ; -   ; 108.025,99 ; 169.927,77 ; 277.953,76 ; 5.085.616,52 
SC;4212650;PESCARIA BRAVA; 14.459.643,72 ; -   ; 325.080,63 ; 948.304,14 ; 1.273.384,77 ; 15.733.028,49 
SC;4212700;PETROLANDIA; 8.817.624,62 ; -   ; 238.577,27 ; 646.615,02 ; 885.192,29 ; 9.702.816,91 
SC;4212908;PINHALZINHO; 25.677.089,43 ; -   ; -   ; -   ; -   ; 25.677.089,43 
SC;4213005;PINHEIRO PRETO; 4.514.444,41 ; -   ; -   ; 348.461,07 ; 348.461,07 ; 4.862.905,48 
SC;4213104;PIRATUBA; 9.297.233,52 ; -   ; -   ; -   ; -   ; 9.297.233,52 
SC;4213153;PLANALTO ALEGRE; 3.978.860,18 ; -   ; -   ; -   ; -   ; 3.978.860,18 
SC;4213203;POMERODE; 47.895.873,42 ; -   ; -   ; -   ; -   ; 47.895.873,42 
SC;4213302;PONTE ALTA; 5.286.288,14 ; -   ; -   ; -   ; -   ; 5.286.288,14 
SC;4213351;PONTE ALTA DO NORTE; 3.986.530,57 ; -   ; -   ; -   ; -   ; 3.986.530,57 
SC;4213401;PONTE SERRADA; 12.849.842,50 ; -   ; -   ; -   ; -   ; 12.849.842,50 
SC;4213500;PORTO BELO; 47.405.086,71 ; -   ; -   ; -   ; -   ; 47.405.086,71 
SC;4213609;PORTO UNIAO; 24.096.095,91 ; -   ; -   ; 1.704.636,55 ; 1.704.636,55 ; 25.800.732,46 
SC;4213708;POUSO REDONDO; 18.927.360,79 ; -   ; -   ; 1.232.014,18 ; 1.232.014,18 ; 20.159.374,97 
SC;4213807;PRAIA GRANDE; 10.470.616,11 ; -   ; 35.293,47 ; -   ; 35.293,47 ; 10.505.909,58 
SC;4213906;PRESIDENTE CASTELLO BRANCO; 2.547.284,82 ; -   ; -   ; 174.954,96 ; 174.954,96 ; 2.722.239,78 
SC;4214003;PRESIDENTE GETULIO; 25.582.479,28 ; -   ; 490.623,41 ; -   ; 490.623,41 ; 26.073.102,69 
SC;4214102;PRESIDENTE NEREU; 2.969.459,32 ; -   ; -   ; -   ; -   ; 2.969.459,32 
SC;4214151;PRINCESA; 3.690.019,70 ; -   ; -   ; 140.369,20 ; 140.369,20 ; 3.830.388,90 
SC;4214201;QUILOMBO; 11.555.448,97 ; -   ; -   ; 957.191,39 ; 957.191,39 ; 12.512.640,36 
SC;4214300;RANCHO QUEIMADO; 3.974.782,47 ; -   ; -   ; -   ; -   ; 3.974.782,47 
SC;4214409;RIO DAS ANTAS; 11.782.387,54 ; -   ; -   ; -   ; -   ; 11.782.387,54 
SC;4214508;RIO DO CAMPO; 7.655.590,92 ; -   ; 140.404,36 ; 511.569,71 ; 651.974,07 ; 8.307.564,99 
SC;4214607;RIO DO OESTE; 8.167.942,84 ; -   ; -   ; 625.675,84 ; 625.675,84 ; 8.793.618,68 
SC;4214805;RIO DO SUL; 71.738.609,77 ; -   ; -   ; -   ; -   ; 71.738.609,77 
SC;4214706;RIO DOS CEDROS; 16.300.430,57 ; -   ; -   ; -   ; -   ; 16.300.430,57 
SC;4214904;RIO FORTUNA; 5.699.375,77 ; -   ; -   ; -   ; -   ; 5.699.375,77 
SC;4215000;RIO NEGRINHO; 57.752.750,17 ; -   ; -   ; -   ; -   ; 57.752.750,17 
SC;4215059;RIO RUFINO; 3.090.332,69 ; -   ; -   ; 211.216,21 ; 211.216,21 ; 3.301.548,90 
SC;4215075;RIQUEZA; 5.308.278,86 ; -   ; -   ; 446.201,06 ; 446.201,06 ; 5.754.479,92 
SC;4215109;RODEIO; 14.658.812,01 ; -   ; -   ; 1.120.464,15 ; 1.120.464,15 ; 15.779.276,16 
SC;4215208;ROMELANDIA; 3.658.473,06 ; -   ; -   ; 272.630,22 ; 272.630,22 ; 3.931.103,28 
SC;4215307;SALETE; 9.688.459,09 ; -   ; -   ; -   ; -   ; 9.688.459,09 
SC;4215356;SALTINHO; 4.492.968,45 ; -   ; -   ; -   ; -   ; 4.492.968,45 
SC;4215406;SALTO VELOSO; 8.092.271,63 ; -   ; -   ; 661.264,60 ; 661.264,60 ; 8.753.536,23 
SC;4215455;SANGAO; 10.450.953,81 ; -   ; -   ; 736.467,34 ; 736.467,34 ; 11.187.421,15 
SC;4215505;SANTA CECILIA; 19.312.980,60 ; -   ; -   ; 1.457.039,95 ; 1.457.039,95 ; 20.770.020,55 
SC;4215554;SANTA HELENA; 2.609.607,92 ; -   ; -   ; 212.059,68 ; 212.059,68 ; 2.821.667,60 
SC;4215604;SANTA ROSA DE LIMA; 4.209.616,41 ; -   ; -   ; -   ; -   ; 4.209.616,41 
SC;4215653;SANTA ROSA DO SUL; 14.764.450,29 ; -   ; 1.242.974,82 ; 1.121.146,07 ; 2.364.120,89 ; 17.128.571,18 
SC;4215679;SANTA TEREZINHA; 9.296.634,96 ; -   ; 430.029,28 ; -   ; 430.029,28 ; 9.726.664,24 
SC;4215687;SANTA TEREZINHA DO PROGRESSO; 3.202.492,07 ; -   ; -   ; 110.779,80 ; 110.779,80 ; 3.313.271,87 
SC;4215695;SANTIAGO DO SUL; 1.719.256,12 ; -   ; -   ; 132.815,95 ; 132.815,95 ; 1.852.072,07 
SC;4215703;SANTO AMARO DA IMPERATRIZ; 37.544.417,25 ; -   ; 2.078.613,67 ; 2.842.112,83 ; 4.920.726,50 ; 42.465.143,75 
SC;4215802;SAO BENTO DO SUL; 108.364.437,17 ; -   ; -   ; 8.019.916,34 ; 8.019.916,34 ; 116.384.353,51 
SC;4215752;SAO BERNARDINO; 3.031.656,63 ; -   ; -   ; 255.389,26 ; 255.389,26 ; 3.287.045,89 
SC;4215901;SAO BONIFACIO; 2.069.917,77 ; -   ; -   ; -   ; -   ; 2.069.917,77 
SC;4216008;SAO CARLOS; 9.593.963,66 ; -   ; -   ; 350.046,07 ; 350.046,07 ; 9.944.009,73 
SC;4216057;SAO CRISTOVAO DO SUL; 6.415.806,86 ; -   ; -   ; 490.390,66 ; 490.390,66 ; 6.906.197,52 
SC;4216107;SAO DOMINGOS; 8.374.002,13 ; -   ; -   ; 674.854,01 ; 674.854,01 ; 9.048.856,14 
SC;4216206;SAO FRANCISCO DO SUL; 68.462.152,86 ; -   ; -   ; -   ; -   ; 68.462.152,86 
SC;4216305;SAO JOAO BATISTA; 41.994.342,92 ; -   ; -   ; -   ; -   ; 41.994.342,92 
SC;4216354;SAO JOAO DO ITAPERIU; 7.989.703,76 ; -   ; 456.097,01 ; 559.421,23 ; 1.015.518,24 ; 9.005.222,00 
SC;4216255;SAO JOAO DO OESTE; 6.653.571,85 ; -   ; -   ; 536.064,86 ; 536.064,86 ; 7.189.636,71 
SC;4216404;SAO JOAO DO SUL; 16.671.649,55 ; -   ; 3.707.666,22 ; 1.092.006,51 ; 4.799.672,73 ; 21.471.322,28 
SC;4216503;SAO JOAQUIM; 26.735.734,71 ; -   ; -   ; 1.847.552,49 ; 1.847.552,49 ; 28.583.287,20 
SC;4216602;SAO JOSE; 227.879.827,37 ; -   ; -   ; -   ; -   ; 227.879.827,37 
SC;4216701;SAO JOSE DO CEDRO; 17.399.642,23 ; -   ; -   ; -   ; -   ; 17.399.642,23 
SC;4216800;SAO JOSE DO CERRITO; 6.569.627,17 ; -   ; -   ; 241.942,79 ; 241.942,79 ; 6.811.569,96 
SC;4216909;SAO LOURENCO DO OESTE; 39.266.827,72 ; -   ; -   ; -   ; -   ; 39.266.827,72 
SC;4217006;SAO LUDGERO; 18.281.466,07 ; -   ; 106.830,79 ; -   ; 106.830,79 ; 18.388.296,86 
SC;4217105;SAO MARTINHO; 3.570.484,44 ; -   ; -   ; 266.330,24 ; 266.330,24 ; 3.836.814,68 
SC;4217154;SAO MIGUEL DA BOA VISTA; 2.453.541,24 ; -   ; -   ; 161.767,74 ; 161.767,74 ; 2.615.308,98 
SC;4217204;SAO MIGUEL DO OESTE; 45.204.087,19 ; -   ; -   ; -   ; -   ; 45.204.087,19 
SC;4217253;SAO PEDRO DE ALCANTARA; 6.446.115,71 ; -   ; -   ; -   ; -   ; 6.446.115,71 
SC;4217303;SAUDADES; 11.297.759,42 ; -   ; -   ; 939.518,34 ; 939.518,34 ; 12.237.277,76 
SC;4217402;SCHROEDER; 27.254.217,89 ; -   ; -   ; -   ; -   ; 27.254.217,89 
SC;4217501;SEARA; 22.820.915,31 ; -   ; 1.857.637,58 ; -   ; 1.857.637,58 ; 24.678.552,89 
SC;4217550;SERRA ALTA; 4.070.360,73 ; -   ; -   ; 158.050,66 ; 158.050,66 ; 4.228.411,39 
SC;4217600;SIDEROPOLIS; 14.230.694,03 ; -   ; -   ; -   ; -   ; 14.230.694,03 
SC;4217709;SOMBRIO; 42.749.718,30 ; -   ; 423.192,79 ; -   ; 423.192,79 ; 43.172.911,09 
SC;4217758;SUL BRASIL; 3.318.180,64 ; -   ; -   ; -   ; -   ; 3.318.180,64 
SC;4217808;TAIO; 26.497.967,59 ; -   ; 840.977,89 ; -   ; 840.977,89 ; 27.338.945,48 
SC;4217907;TANGARA; 10.205.323,84 ; -   ; -   ; 723.861,06 ; 723.861,06 ; 10.929.184,90 
SC;4217956;TIGRINHOS; 3.508.423,90 ; -   ; -   ; 121.082,91 ; 121.082,91 ; 3.629.506,81 
SC;4218004;TIJUCAS; 68.002.556,93 ; -   ; -   ; -   ; -   ; 68.002.556,93 
SC;4218103;TIMBE DO SUL; 5.818.343,59 ; -   ; -   ; 458.943,03 ; 458.943,03 ; 6.277.286,62 
SC;4218202;TIMBO; 44.146.656,47 ; -   ; -   ; -   ; -   ; 44.146.656,47 
SC;4218251;TIMBO GRANDE; 13.756.562,87 ; -   ; 1.249.586,53 ; 995.654,12 ; 2.245.240,65 ; 16.001.803,52 
SC;4218301;TRES BARRAS; 30.270.146,42 ; -   ; -   ; 2.187.767,22 ; 2.187.767,22 ; 32.457.913,64 
SC;4218350;TREVISO; 3.380.057,93 ; -   ; -   ; 290.197,48 ; 290.197,48 ; 3.670.255,41 
SC;4218400;TREZE DE MAIO; 9.418.535,12 ; -   ; -   ; 707.455,47 ; 707.455,47 ; 10.125.990,59 
SC;4218509;TREZE TILIAS; 15.586.984,15 ; -   ; -   ; -   ; -   ; 15.586.984,15 
SC;4218608;TROMBUDO CENTRAL; 9.279.314,39 ; -   ; -   ; -   ; -   ; 9.279.314,39 
SC;4218707;TUBARAO; 71.408.731,28 ; -   ; -   ; 4.910.636,77 ; 4.910.636,77 ; 76.319.368,05 
SC;4218756;TUNAPOLIS; 4.735.359,76 ; -   ; -   ; 413.319,67 ; 413.319,67 ; 5.148.679,43 
SC;4218806;TURVO; 13.132.987,39 ; -   ; -   ; -   ; -   ; 13.132.987,39 
SC;4218855;UNIAO DO OESTE; 3.004.251,16 ; -   ; -   ; 113.666,57 ; 113.666,57 ; 3.117.917,73 
SC;4218905;URUBICI; 14.782.081,55 ; -   ; -   ; 1.031.956,30 ; 1.031.956,30 ; 15.814.037,85 
SC;4218954;URUPEMA; 2.876.611,15 ; -   ; -   ; 95.083,57 ; 95.083,57 ; 2.971.694,72 
SC;4219002;URUSSANGA; 17.345.165,64 ; -   ; -   ; -   ; -   ; 17.345.165,64 
SC;4219101;VARGEAO; 5.345.159,16 ; -   ; -   ; -   ; -   ; 5.345.159,16 
SC;4219150;VARGEM; 2.885.773,80 ; -   ; -   ; -   ; -   ; 2.885.773,80 
SC;4219176;VARGEM BONITA; 4.560.185,39 ; -   ; -   ; 185.881,92 ; 185.881,92 ; 4.746.067,31 
SC;4219200;VIDAL RAMOS; 7.140.433,21 ; -   ; -   ; -   ; -   ; 7.140.433,21 
SC;4219309;VIDEIRA; 69.615.624,31 ; -   ; -   ; 5.236.939,30 ; 5.236.939,30 ; 74.852.563,61 
SC;4219358;VITOR MEIRELES; 6.279.748,24 ; -   ; -   ; 483.854,72 ; 483.854,72 ; 6.763.602,96 
SC;4219408;WITMARSUM; 6.001.178,80 ; -   ; 404.322,27 ; 429.681,13 ; 834.003,40 ; 6.835.182,20 
SC;4219507;XANXERE; 38.786.081,46 ; -   ; -   ; 3.237.856,43 ; 3.237.856,43 ; 42.023.937,89 
SC;4219606;XAVANTINA; 2.871.073,12 ; -   ; -   ; -   ; -   ; 2.871.073,12 
SC;4219705;XAXIM; 45.696.417,56 ; -   ; -   ; -   ; -   ; 45.696.417,56 
SC;4219853;ZORTEA; 8.167.246,39 ; -   ; -   ; -   ; -   ; 8.167.246,39 
SC;42;GOVERNO DO ESTADO; 5.095.979.896,42 ; -   ; -   ; -   ; -   ; 5.095.979.896,42 
SE;2800100;AMPARO DE SAO FRANCISCO; 7.134.063,81 ; -   ; 2.006.875,48 ; -   ; 2.006.875,48 ; 9.140.939,29 
SE;2800209;AQUIDABA; 35.208.561,85 ; -   ; 5.523.472,50 ; 2.283.981,00 ; 7.807.453,50 ; 43.016.015,35 
SE;2800308;ARACAJU; 286.117.431,22 ; -   ; -   ; 23.233.417,67 ; 23.233.417,67 ; 309.350.848,89 
SE;2800407;ARAUA; 21.262.611,31 ; -   ; 4.783.866,43 ; 1.412.606,19 ; 6.196.472,62 ; 27.459.083,93 
SE;2800506;AREIA BRANCA; 32.546.598,12 ; -   ; 2.170.595,19 ; -   ; 2.170.595,19 ; 34.717.193,31 
SE;2800605;BARRA DOS COQUEIROS; 38.904.689,01 ; -   ; -   ; 2.945.044,14 ; 2.945.044,14 ; 41.849.733,15 
SE;2800670;BOQUIM; 29.097.358,09 ; -   ; 1.676.301,91 ; 948.198,70 ; 2.624.500,61 ; 31.721.858,70 
SE;2800704;BREJO GRANDE; 17.806.260,32 ; -   ; 5.140.968,80 ; 415.858,51 ; 5.556.827,31 ; 23.363.087,63 
SE;2801009;CAMPO DO BRITO; 19.106.830,95 ; -   ; 1.829.447,39 ; 1.301.181,73 ; 3.130.629,12 ; 22.237.460,07 
SE;2801108;CANHOBA; 10.335.229,78 ; -   ; 3.544.990,07 ; 544.311,10 ; 4.089.301,17 ; 14.424.530,95 
SE;2801207;CANINDE DE SAO FRANCISCO; 68.203.694,33 ; -   ; 18.061.840,04 ; 4.595.600,88 ; 22.657.440,92 ; 90.861.135,25 
SE;2801306;CAPELA; 64.532.336,67 ; -   ; 18.779.699,19 ; 3.635.657,64 ; 22.415.356,83 ; 86.947.693,50 
SE;2801405;CARIRA; 40.969.672,81 ; -   ; 15.000.034,13 ; 2.443.832,93 ; 17.443.867,06 ; 58.413.539,87 
SE;2801504;CARMOPOLIS; 19.301.288,49 ; -   ; -   ; 1.357.697,91 ; 1.357.697,91 ; 20.658.986,40 
SE;2801603;CEDRO DE SAO JOAO; 8.084.877,74 ; -   ; -   ; 500.927,15 ; 500.927,15 ; 8.585.804,89 
SE;2801702;CRISTINAPOLIS; 33.047.094,41 ; -   ; 3.682.777,16 ; 1.242.218,87 ; 4.924.996,03 ; 37.972.090,44 
SE;2801900;CUMBE; 3.840.371,68 ; -   ; -   ; 274.750,35 ; 274.750,35 ; 4.115.122,03 
SE;2802007;DIVINA PASTORA; 12.874.040,09 ; -   ; 1.159.519,45 ; 703.603,35 ; 1.863.122,80 ; 14.737.162,89 
SE;2802106;ESTANCIA; 77.231.354,42 ; -   ; 710.326,35 ; -   ; 710.326,35 ; 77.941.680,77 
SE;2802205;FEIRA NOVA; 6.848.212,57 ; -   ; -   ; 531.289,60 ; 531.289,60 ; 7.379.502,17 
SE;2802304;FREI PAULO; 23.904.702,16 ; -   ; 8.225.564,70 ; 1.320.548,27 ; 9.546.112,97 ; 33.450.815,13 
SE;2802403;GARARU; 21.060.881,50 ; -   ; 8.361.882,09 ; -   ; 8.361.882,09 ; 29.422.763,59 
SE;2802502;GENERAL MAYNARD; 5.286.316,56 ; -   ; -   ; 350.311,42 ; 350.311,42 ; 5.636.627,98 
SE;2802601;GRACHO CARDOSO; 11.963.007,35 ; -   ; 7.101.521,07 ; -   ; 7.101.521,07 ; 19.064.528,42 
SE;2802700;ILHA DAS FLORES; 24.912.813,83 ; -   ; 7.025.042,59 ; 1.498.056,41 ; 8.523.099,00 ; 33.435.912,83 
SE;2802809;INDIAROBA; 43.101.974,86 ; -   ; 21.016.711,25 ; 2.745.553,25 ; 23.762.264,50 ; 66.864.239,36 
SE;2802908;ITABAIANA; 96.083.664,38 ; -   ; 15.810.574,33 ; -   ; 15.810.574,33 ; 111.894.238,71 
SE;2803005;ITABAIANINHA; 67.742.602,89 ; -   ; 11.559.731,72 ; -   ; 11.559.731,72 ; 79.302.334,61 
SE;2803104;ITABI; 6.472.887,01 ; -   ; 49.728,72 ; 420.623,88 ; 470.352,60 ; 6.943.239,61 
SE;2803203;ITAPORANGA DAJUDA; 61.106.279,63 ; -   ; 11.602.771,32 ; 3.634.355,96 ; 15.237.127,28 ; 76.343.406,91 
SE;2803302;JAPARATUBA; 33.539.148,33 ; -   ; 4.525.138,66 ; -   ; 4.525.138,66 ; 38.064.286,99 
SE;2803401;JAPOATA; 23.354.282,63 ; -   ; 398.404,63 ; 1.671.222,60 ; 2.069.627,23 ; 25.423.909,86 
SE;2803500;LAGARTO; 117.955.719,47 ; -   ; 11.822.656,85 ; -   ; 11.822.656,85 ; 129.778.376,32 
SE;2803609;LARANJEIRAS; 80.911.465,84 ; -   ; 41.569.381,93 ; 5.115.283,82 ; 46.684.665,75 ; 127.596.131,59 
SE;2803708;MACAMBIRA; 10.277.255,29 ; -   ; 1.564.158,10 ; -   ; 1.564.158,10 ; 11.841.413,39 
SE;2803807;MALHADA DOS BOIS; 10.740.194,77 ; -   ; 4.123.723,56 ; 319.706,74 ; 4.443.430,30 ; 15.183.625,07 
SE;2803906;MALHADOR; 19.094.084,24 ; -   ; 4.616.035,81 ; 1.208.459,30 ; 5.824.495,11 ; 24.918.579,35 
SE;2804003;MARUIM; 24.171.400,56 ; -   ; 1.098.195,10 ; -   ; 1.098.195,10 ; 25.269.595,66 
SE;2804102;MOITA BONITA; 16.809.571,57 ; -   ; 3.786.936,97 ; -   ; 3.786.936,97 ; 20.596.508,54 
SE;2804201;MONTE ALEGRE DE SERGIPE; 24.174.420,73 ; -   ; 7.464.612,79 ; 1.406.976,43 ; 8.871.589,22 ; 33.046.009,95 
SE;2804300;MURIBECA; 12.208.555,75 ; -   ; 3.364.995,57 ; 772.916,78 ; 4.137.912,35 ; 16.346.468,10 
SE;2804409;NEOPOLIS; 21.413.550,04 ; -   ; 1.342.732,51 ; 1.501.853,83 ; 2.844.586,34 ; 24.258.136,38 
SE;2804458;NOSSA SENHORA APARECIDA; 9.903.942,12 ; -   ; 1.363.930,26 ; 680.521,93 ; 2.044.452,19 ; 11.948.394,31 
SE;2804508;NOSSA SENHORA DA GLORIA; 69.345.663,62 ; -   ; 21.082.710,01 ; 4.282.088,22 ; 25.364.798,23 ; 94.710.461,85 
SE;2804607;NOSSA SENHORA DAS DORES; 38.171.733,92 ; -   ; 5.425.914,77 ; 2.304.769,07 ; 7.730.683,84 ; 45.902.417,76 
SE;2804706;NOSSA SENHORA DE LOURDES; 9.098.942,88 ; -   ; 2.940.550,92 ; 632.396,47 ; 3.572.947,39 ; 12.671.890,27 
SE;2804805;NOSSA SENHORA DO SOCORRO; 163.408.290,50 ; -   ; 10.746.439,17 ; -   ; 10.746.439,17 ; 174.154.729,67 
SE;2804904;PACATUBA; 26.807.543,67 ; -   ; 3.969.770,97 ; 1.786.895,62 ; 5.756.666,59 ; 32.564.210,26 
SE;2805000;PEDRA MOLE; 6.993.580,49 ; -   ; 1.269.739,90 ; 420.235,76 ; 1.689.975,66 ; 8.683.556,15 
SE;2805109;PEDRINHAS; 15.421.602,42 ; -   ; 411.643,90 ; -   ; 411.643,90 ; 15.833.246,32 
SE;2805208;PINHAO; 7.521.191,83 ; -   ; -   ; 277.553,85 ; 277.553,85 ; 7.798.745,68 
SE;2805307;PIRAMBU; 15.326.889,25 ; -   ; 44.541,34 ; -   ; 44.541,34 ; 15.371.430,59 
SE;2805406;POCO REDONDO; 49.469.715,06 ; -   ; 7.837.604,63 ; -   ; 7.837.604,63 ; 57.307.319,69 
SE;2805505;POCO VERDE; 23.324.992,49 ; -   ; 3.577.395,27 ; 1.590.199,67 ; 5.167.594,94 ; 28.492.587,43 
SE;2805604;PORTO DA FOLHA; 44.907.394,80 ; -   ; 18.231.205,44 ; 2.571.120,02 ; 20.802.325,46 ; 65.709.720,26 
SE;2805703;PROPRIA; 19.694.267,40 ; -   ; 2.176.821,21 ; 1.199.951,81 ; 3.376.773,02 ; 23.071.040,42 
SE;2805802;RIACHAO DO DANTAS; 33.634.119,76 ; -   ; 6.503.958,50 ; 2.022.703,78 ; 8.526.662,28 ; 42.160.782,04 
SE;2805901;RIACHUELO; 18.116.531,91 ; -   ; 3.734.044,22 ; -   ; 3.734.044,22 ; 21.850.576,13 
SE;2806008;RIBEIROPOLIS; 15.184.004,62 ; -   ; -   ; -   ; -   ; 15.184.004,62 
SE;2806107;ROSARIO DO CATETE; 16.027.227,72 ; -   ; -   ; 1.095.845,71 ; 1.095.845,71 ; 17.123.073,43 
SE;2806206;SALGADO; 23.408.945,11 ; -   ; 3.692.210,88 ; 1.579.094,70 ; 5.271.305,58 ; 28.680.250,69 
SE;2806305;SANTA LUZIA DO ITANHY; 36.704.365,78 ; -   ; 8.809.466,87 ; 2.229.005,77 ; 11.038.472,64 ; 47.742.838,42 
SE;2806503;SANTA ROSA DE LIMA; 7.662.793,65 ; -   ; -   ; 577.903,81 ; 577.903,81 ; 8.240.697,46 
SE;2806404;SANTANA DO SAO FRANCISCO; 15.750.433,56 ; -   ; 4.772.598,05 ; 930.502,18 ; 5.703.100,23 ; 21.453.533,79 
SE;2806602;SANTO AMARO DAS BROTAS; 14.295.421,03 ; -   ; -   ; 992.833,38 ; 992.833,38 ; 15.288.254,41 
SE;2806701;SAO CRISTOVAO; 79.259.906,52 ; -   ; 9.009.225,02 ; 6.400.313,23 ; 15.409.538,25 ; 94.669.444,77 
SE;2806800;SAO DOMINGOS; 15.441.734,97 ; -   ; 2.500.551,77 ; -   ; 2.500.551,77 ; 17.942.286,74 
SE;2806909;SAO FRANCISCO; 5.967.126,19 ; -   ; -   ; 376.967,08 ; 376.967,08 ; 6.344.093,27 
SE;2807006;SAO MIGUEL DO ALEIXO; 4.838.601,72 ; -   ; -   ; 321.326,62 ; 321.326,62 ; 5.159.928,34 
SE;2807105;SIMAO DIAS; 43.650.330,72 ; -   ; 6.275.030,42 ; 3.090.340,99 ; 9.365.371,41 ; 53.015.702,13 
SE;2807204;SIRIRI; 12.756.684,94 ; -   ; 478.204,59 ; -   ; 478.204,59 ; 13.234.889,53 
SE;2807303;TELHA; 5.873.314,72 ; -   ; 315.350,12 ; -   ; 315.350,12 ; 6.188.664,84 
SE;2807402;TOBIAS BARRETO; 71.329.966,61 ; -   ; 22.740.475,69 ; 4.559.398,30 ; 27.299.873,99 ; 98.629.840,60 
SE;2807501;TOMAR DO GERU; 22.145.308,93 ; -   ; 5.912.164,98 ; -   ; 5.912.164,98 ; 28.057.473,91 
SE;2807600;UMBAUBA; 41.218.259,96 ; -   ; 11.393.224,61 ; 3.014.377,10 ; 14.407.601,71 ; 55.625.861,67 
SE;28;GOVERNO DO ESTADO; 1.381.613.607,39 ; -   ; -   ; 93.726.010,33 ; 93.726.010,33 ; 1.475.339.617,72 
SP;3500105;ADAMANTINA; 23.411.104,61 ; -   ; -   ; -   ; -   ; 23.411.104,61 
SP;3500204;ADOLFO; 6.096.301,82 ; -   ; -   ; -   ; -   ; 6.096.301,82 
SP;3500303;AGUAI; 30.575.722,58 ; -   ; -   ; -   ; -   ; 30.575.722,58 
SP;3500402;AGUAS DA PRATA; 3.655.865,42 ; -   ; -   ; -   ; -   ; 3.655.865,42 
SP;3500501;AGUAS DE LINDOIA; 20.066.514,92 ; -   ; -   ; 1.646.245,44 ; 1.646.245,44 ; 21.712.760,36 
SP;3500550;AGUAS DE SANTA BARBARA; 6.774.808,36 ; -   ; -   ; -   ; -   ; 6.774.808,36 
SP;3500600;AGUAS DE SAO PEDRO; 6.961.214,28 ; -   ; -   ; -   ; -   ; 6.961.214,28 
SP;3500709;AGUDOS; 32.797.174,00 ; -   ; -   ; -   ; -   ; 32.797.174,00 
SP;3500758;ALAMBARI; 5.284.923,95 ; -   ; -   ; -   ; -   ; 5.284.923,95 
SP;3500808;ALFREDO MARCONDES; 1.966.473,31 ; -   ; -   ; -   ; -   ; 1.966.473,31 
SP;3500907;ALTAIR; 3.277.151,26 ; -   ; -   ; 281.707,26 ; 281.707,26 ; 3.558.858,52 
SP;3501004;ALTINOPOLIS; 19.564.413,19 ; -   ; -   ; 1.476.155,70 ; 1.476.155,70 ; 21.040.568,89 
SP;3501103;ALTO ALEGRE; 2.506.047,23 ; -   ; -   ; 258.625,94 ; 258.625,94 ; 2.764.673,17 
SP;3501152;ALUMINIO; 22.730.491,72 ; -   ; -   ; -   ; -   ; 22.730.491,72 
SP;3501202;ALVARES FLORENCE; 3.823.156,47 ; -   ; -   ; -   ; -   ; 3.823.156,47 
SP;3501301;ALVARES MACHADO; 28.553.433,42 ; -   ; 1.835.448,07 ; 2.630.744,23 ; 4.466.192,30 ; 33.019.625,72 
SP;3501400;ALVARO DE CARVALHO; 2.985.339,61 ; -   ; -   ; -   ; -   ; 2.985.339,61 
SP;3501509;ALVINLANDIA; 3.351.561,25 ; -   ; -   ; 298.894,79 ; 298.894,79 ; 3.650.456,04 
SP;3501608;AMERICANA; 115.897.475,49 ; -   ; -   ; -   ; -   ; 115.897.475,49 
SP;3501707;AMERICO BRASILIENSE; 39.562.189,61 ; -   ; -   ; -   ; -   ; 39.562.189,61 
SP;3501806;AMERICO DE CAMPOS; 7.263.413,75 ; -   ; -   ; 577.835,52 ; 577.835,52 ; 7.841.249,27 
SP;3501905;AMPARO; 44.478.713,21 ; -   ; -   ; -   ; -   ; 44.478.713,21 
SP;3502002;ANALANDIA; 6.964.764,43 ; -   ; -   ; -   ; -   ; 6.964.764,43 
SP;3502101;ANDRADINA; 40.973.898,57 ; -   ; -   ; -   ; -   ; 40.973.898,57 
SP;3502200;ANGATUBA; 31.830.009,09 ; -   ; 1.684.990,92 ; -   ; 1.684.990,92 ; 33.515.000,01 
SP;3502309;ANHEMBI; 8.635.694,57 ; -   ; -   ; -   ; -   ; 8.635.694,57 
SP;3502408;ANHUMAS; 3.851.314,52 ; -   ; -   ; 356.912,13 ; 356.912,13 ; 4.208.226,65 
SP;3502507;APARECIDA; 36.595.620,56 ; -   ; -   ; -   ; -   ; 36.595.620,56 
SP;3502606;APARECIDA DOESTE; 3.187.236,17 ; -   ; -   ; -   ; -   ; 3.187.236,17 
SP;3502705;APIAI; 20.165.928,48 ; -   ; 1.316.999,87 ; 1.707.807,40 ; 3.024.807,27 ; 23.190.735,75 
SP;3502754;ARACARIGUAMA; 33.310.870,85 ; -   ; -   ; -   ; -   ; 33.310.870,85 
SP;3502804;ARACATUBA; 146.128.066,99 ; -   ; -   ; -   ; -   ; 146.128.066,99 
SP;3502903;ARACOIABA DA SERRA; 42.125.502,36 ; -   ; -   ; -   ; -   ; 42.125.502,36 
SP;3503000;ARAMINA; 4.457.321,33 ; -   ; -   ; -   ; -   ; 4.457.321,33 
SP;3503109;ARANDU; 6.782.006,44 ; -   ; -   ; 307.623,19 ; 307.623,19 ; 7.089.629,63 
SP;3503158;ARAPEI; 2.808.658,89 ; -   ; -   ; 255.071,88 ; 255.071,88 ; 3.063.730,77 
SP;3503208;ARARAQUARA; 157.378.418,84 ; -   ; -   ; -   ; -   ; 157.378.418,84 
SP;3503307;ARARAS; 120.198.583,53 ; -   ; -   ; -   ; -   ; 120.198.583,53 
SP;3503356;ARCO-IRIS; 1.776.118,32 ; -   ; -   ; -   ; -   ; 1.776.118,32 
SP;3503406;AREALVA; 6.960.404,17 ; -   ; -   ; 618.058,48 ; 618.058,48 ; 7.578.462,65 
SP;3503505;AREIAS; 4.334.425,43 ; -   ; -   ; 211.756,01 ; 211.756,01 ; 4.546.181,44 
SP;3503604;AREIOPOLIS; 13.913.995,77 ; -   ; 1.554.235,00 ; 1.211.723,18 ; 2.765.958,18 ; 16.679.953,95 
SP;3503703;ARIRANHA; 5.810.325,92 ; -   ; -   ; -   ; -   ; 5.810.325,92 
SP;3503802;ARTUR NOGUEIRA; 44.292.363,34 ; -   ; -   ; -   ; -   ; 44.292.363,34 
SP;3503901;ARUJA; 84.962.894,55 ; -   ; -   ; -   ; -   ; 84.962.894,55 
SP;3503950;ASPASIA; 1.023.496,92 ; -   ; -   ; 40.227,24 ; 40.227,24 ; 1.063.724,16 
SP;3504008;ASSIS; 82.927.315,12 ; -   ; -   ; -   ; -   ; 82.927.315,12 
SP;3504107;ATIBAIA; 145.632.756,84 ; -   ; -   ; -   ; -   ; 145.632.756,84 
SP;3504206;AURIFLAMA; 9.476.021,71 ; -   ; -   ; -   ; -   ; 9.476.021,71 
SP;3504305;AVAI; 3.838.158,93 ; -   ; -   ; -   ; -   ; 3.838.158,93 
SP;3504404;AVANHANDAVA; 10.289.660,42 ; -   ; -   ; 894.473,38 ; 894.473,38 ; 11.184.133,80 
SP;3504503;AVARE; 68.009.745,10 ; -   ; -   ; -   ; -   ; 68.009.745,10 
SP;3504602;BADY BASSITT; 32.484.659,34 ; -   ; 2.946.833,89 ; -   ; 2.946.833,89 ; 35.431.493,23 
SP;3504701;BALBINOS; 1.204.041,74 ; -   ; -   ; -   ; -   ; 1.204.041,74 
SP;3504800;BALSAMO; 6.928.667,58 ; -   ; -   ; -   ; -   ; 6.928.667,58 
SP;3504909;BANANAL; 10.208.637,19 ; -   ; -   ; -   ; -   ; 10.208.637,19 
SP;3505005;BARAO DE ANTONINA; 2.595.640,52 ; -   ; -   ; -   ; -   ; 2.595.640,52 
SP;3505104;BARBOSA; 7.638.089,64 ; -   ; 83.406,18 ; -   ; 83.406,18 ; 7.721.495,82 
SP;3505203;BARIRI; 29.940.065,12 ; -   ; -   ; 1.387.309,33 ; 1.387.309,33 ; 31.327.374,45 
SP;3505302;BARRA BONITA; 19.873.410,51 ; -   ; -   ; 1.980.308,52 ; 1.980.308,52 ; 21.853.719,03 
SP;3505351;BARRA DO CHAPEU; 7.260.367,62 ; -   ; 1.645.298,80 ; -   ; 1.645.298,80 ; 8.905.666,42 
SP;3505401;BARRA DO TURVO; 5.943.733,09 ; -   ; -   ; 536.275,07 ; 536.275,07 ; 6.480.008,16 
SP;3505500;BARRETOS; 121.424.804,36 ; -   ; -   ; 10.261.638,75 ; 10.261.638,75 ; 131.686.443,11 
SP;3505609;BARRINHA; 42.804.211,20 ; -   ; 788.829,13 ; -   ; 788.829,13 ; 43.593.040,33 
SP;3505708;BARUERI; 509.389.705,04 ; -   ; -   ; -   ; -   ; 509.389.705,04 
SP;3505807;BASTOS; 18.212.634,79 ; -   ; -   ; -   ; -   ; 18.212.634,79 
SP;3505906;BATATAIS; 41.457.390,31 ; -   ; -   ; 3.743.838,59 ; 3.743.838,59 ; 45.201.228,90 
SP;3506003;BAURU; 201.913.399,76 ; -   ; -   ; -   ; -   ; 201.913.399,76 
SP;3506102;BEBEDOURO; 56.766.459,28 ; -   ; -   ; -   ; -   ; 56.766.459,28 
SP;3506201;BENTO DE ABREU; 2.313.038,36 ; -   ; -   ; -   ; -   ; 2.313.038,36 
SP;3506300;BERNARDINO DE CAMPOS; 8.860.167,89 ; -   ; -   ; 397.291,74 ; 397.291,74 ; 9.257.459,63 
SP;3506359;BERTIOGA; 83.202.822,92 ; -   ; -   ; -   ; -   ; 83.202.822,92 
SP;3506409;BILAC; 6.020.249,89 ; -   ; -   ; -   ; -   ; 6.020.249,89 
SP;3506508;BIRIGUI; 89.306.006,37 ; -   ; -   ; -   ; -   ; 89.306.006,37 
SP;3506607;BIRITIBA MIRIM; 23.461.196,28 ; -   ; -   ; -   ; -   ; 23.461.196,28 
SP;3506706;BOA ESPERANCA DO SUL; 18.508.812,98 ; -   ; -   ; -   ; -   ; 18.508.812,98 
SP;3506805;BOCAINA; 7.700.209,74 ; -   ; -   ; -   ; -   ; 7.700.209,74 
SP;3506904;BOFETE; 11.599.595,48 ; -   ; -   ; -   ; -   ; 11.599.595,48 
SP;3507001;BOITUVA; 76.754.149,75 ; -   ; -   ; -   ; -   ; 76.754.149,75 
SP;3507100;BOM JESUS DOS PERDOES; 22.675.075,13 ; -   ; -   ; -   ; -   ; 22.675.075,13 
SP;3507159;BOM SUCESSO DE ITARARE; 3.972.224,03 ; -   ; -   ; -   ; -   ; 3.972.224,03 
SP;3507209;BORA; 769.246,99 ; -   ; -   ; -   ; -   ; 769.246,99 
SP;3507308;BORACEIA; 5.100.661,35 ; -   ; -   ; -   ; -   ; 5.100.661,35 
SP;3507407;BORBOREMA; 9.321.024,38 ; -   ; -   ; -   ; -   ; 9.321.024,38 
SP;3507456;BOREBI; 6.016.898,54 ; -   ; -   ; -   ; -   ; 6.016.898,54 
SP;3507506;BOTUCATU; 140.059.712,47 ; -   ; -   ; -   ; -   ; 140.059.712,47 
SP;3507605;BRAGANCA PAULISTA; 134.588.978,92 ; -   ; -   ; -   ; -   ; 134.588.978,92 
SP;3507704;BRAUNA; 5.493.241,11 ; -   ; -   ; 472.497,77 ; 472.497,77 ; 5.965.738,88 
SP;3507753;BREJO ALEGRE; 2.994.073,14 ; -   ; -   ; -   ; -   ; 2.994.073,14 
SP;3507803;BRODOWSKY; 28.361.168,24 ; -   ; -   ; 2.435.882,21 ; 2.435.882,21 ; 30.797.050,45 
SP;3507902;BROTAS; 22.069.434,28 ; -   ; -   ; -   ; -   ; 22.069.434,28 
SP;3508009;BURI; 33.555.433,35 ; -   ; 2.747.745,92 ; 2.956.934,60 ; 5.704.680,52 ; 39.260.113,87 
SP;3508108;BURITAMA; 12.542.745,51 ; -   ; -   ; -   ; -   ; 12.542.745,51 
SP;3508207;BURITIZAL; 5.140.833,05 ; -   ; -   ; 228.465,88 ; 228.465,88 ; 5.369.298,93 
SP;3508306;CABRALIA PAULISTA; 3.577.361,05 ; -   ; -   ; -   ; -   ; 3.577.361,05 
SP;3508405;CABREUVA; 50.581.917,13 ; -   ; -   ; -   ; -   ; 50.581.917,13 
SP;3508504;CACAPAVA; 73.985.955,30 ; -   ; -   ; -   ; -   ; 73.985.955,30 
SP;3508603;CACHOEIRA PAULISTA; 19.521.878,51 ; -   ; -   ; -   ; -   ; 19.521.878,51 
SP;3508702;CACONDE; 11.971.604,15 ; -   ; -   ; -   ; -   ; 11.971.604,15 
SP;3508801;CAFELANDIA; 12.854.674,60 ; -   ; -   ; -   ; -   ; 12.854.674,60 
SP;3508900;CAIABU; 2.832.324,04 ; -   ; -   ; -   ; -   ; 2.832.324,04 
SP;3509007;CAIEIRAS; 71.243.825,04 ; -   ; -   ; -   ; -   ; 71.243.825,04 
SP;3509106;CAIUA; 2.804.836,25 ; -   ; -   ; 257.110,33 ; 257.110,33 ; 3.061.946,58 
SP;3509205;CAJAMAR; 139.382.533,14 ; -   ; -   ; 12.284.767,22 ; 12.284.767,22 ; 151.667.300,36 
SP;3509254;CAJATI; 28.597.324,95 ; -   ; -   ; -   ; -   ; 28.597.324,95 
SP;3509304;CAJOBI; 10.924.469,48 ; -   ; 428.580,29 ; -   ; 428.580,29 ; 11.353.049,77 
SP;3509403;CAJURU; 22.077.112,49 ; -   ; -   ; -   ; -   ; 22.077.112,49 
SP;3509452;CAMPINA DO MONTE ALEGRE; 8.467.700,63 ; -   ; -   ; -   ; -   ; 8.467.700,63 
SP;3509502;CAMPINAS; 533.159.077,37 ; -   ; -   ; -   ; -   ; 533.159.077,37 
SP;3509601;CAMPO LIMPO PAULISTA; 77.747.567,40 ; -   ; -   ; -   ; -   ; 77.747.567,40 
SP;3509700;CAMPOS DO JORDAO; 64.248.161,00 ; -   ; -   ; -   ; -   ; 64.248.161,00 
SP;3509809;CAMPOS NOVOS PAULISTA; 4.814.620,55 ; -   ; -   ; -   ; -   ; 4.814.620,55 
SP;3509908;CANANEIA; 10.400.592,92 ; -   ; -   ; -   ; -   ; 10.400.592,92 
SP;3509957;CANAS; 6.990.515,99 ; -   ; -   ; -   ; -   ; 6.990.515,99 
SP;3510005;CANDIDO MOTA; 21.367.630,94 ; -   ; -   ; -   ; -   ; 21.367.630,94 
SP;3510104;CANDIDO RODRIGUES; 4.105.676,70 ; -   ; -   ; -   ; -   ; 4.105.676,70 
SP;3510153;CANITAR; 8.812.465,81 ; -   ; 502.831,51 ; -   ; 502.831,51 ; 9.315.297,32 
SP;3510203;CAPAO BONITO; 57.321.211,55 ; -   ; 1.963.437,45 ; -   ; 1.963.437,45 ; 59.284.649,00 
SP;3510302;CAPELA DO ALTO; 30.971.252,27 ; -   ; 3.828.800,83 ; -   ; 3.828.800,83 ; 34.800.053,10 
SP;3510401;CAPIVARI; 53.950.848,18 ; -   ; -   ; 2.359.674,82 ; 2.359.674,82 ; 56.310.523,00 
SP;3510500;CARAGUATATUBA; 179.603.772,48 ; -   ; -   ; -   ; -   ; 179.603.772,48 
SP;3510609;CARAPICUIBA; 160.496.030,15 ; -   ; -   ; -   ; -   ; 160.496.030,15 
SP;3510708;CARDOSO; 9.866.189,83 ; -   ; -   ; 902.238,95 ; 902.238,95 ; 10.768.428,78 
SP;3510807;CASA BRANCA; 23.084.215,31 ; -   ; -   ; 944.160,26 ; 944.160,26 ; 24.028.375,57 
SP;3510906;CASSIA DOS COQUEIROS; 3.509.804,24 ; -   ; -   ; -   ; -   ; 3.509.804,24 
SP;3511003;CASTILHO; 18.365.794,16 ; -   ; -   ; 830.374,11 ; 830.374,11 ; 19.196.168,27 
SP;3511102;CATANDUVA; 89.296.919,62 ; -   ; -   ; 7.548.730,65 ; 7.548.730,65 ; 96.845.650,27 
SP;3511201;CATIGUA; 4.734.639,63 ; -   ; -   ; -   ; -   ; 4.734.639,63 
SP;3511300;CEDRAL; 16.244.291,23 ; -   ; -   ; -   ; -   ; 16.244.291,23 
SP;3511409;CERQUEIRA CESAR; 17.676.236,67 ; -   ; -   ; -   ; -   ; 17.676.236,67 
SP;3511508;CERQUILHO; 48.067.121,32 ; -   ; -   ; -   ; -   ; 48.067.121,32 
SP;3511607;CESARIO LANGE; 27.622.429,94 ; -   ; 457.030,33 ; -   ; 457.030,33 ; 28.079.460,27 
SP;3511706;CHARQUEADA; 19.944.775,16 ; -   ; 1.450.142,69 ; 1.758.109,15 ; 3.208.251,84 ; 23.153.027,00 
SP;3557204;CHAVANTES; 10.741.356,87 ; -   ; -   ; -   ; -   ; 10.741.356,87 
SP;3511904;CLEMENTINA; 7.951.552,07 ; -   ; -   ; -   ; -   ; 7.951.552,07 
SP;3512001;COLINA; 23.147.207,71 ; -   ; -   ; 976.317,69 ; 976.317,69 ; 24.123.525,40 
SP;3512100;COLOMBIA; 12.969.849,24 ; -   ; -   ; 1.104.886,97 ; 1.104.886,97 ; 14.074.736,21 
SP;3512209;CONCHAL; 30.464.776,68 ; -   ; -   ; -   ; -   ; 30.464.776,68 
SP;3512308;CONCHAS; 18.214.118,08 ; -   ; -   ; -   ; -   ; 18.214.118,08 
SP;3512407;CORDEIROPOLIS; 28.132.716,87 ; -   ; -   ; -   ; -   ; 28.132.716,87 
SP;3512506;COROADOS; 4.334.612,61 ; -   ; -   ; -   ; -   ; 4.334.612,61 
SP;3512605;CORONEL MACEDO; 4.594.893,40 ; -   ; -   ; 331.555,75 ; 331.555,75 ; 4.926.449,15 
SP;3512704;CORUMBATAI; 6.457.089,19 ; -   ; -   ; -   ; -   ; 6.457.089,19 
SP;3512803;COSMOPOLIS; 64.728.082,25 ; -   ; -   ; -   ; -   ; 64.728.082,25 
SP;3512902;COSMORAMA; 9.517.318,12 ; -   ; -   ; -   ; -   ; 9.517.318,12 
SP;3513009;COTIA; 241.140.297,05 ; -   ; -   ; -   ; -   ; 241.140.297,05 
SP;3513108;CRAVINHOS; 30.035.732,71 ; -   ; -   ; -   ; -   ; 30.035.732,71 
SP;3513207;CRISTAIS PAULISTA; 12.627.051,10 ; -   ; -   ; -   ; -   ; 12.627.051,10 
SP;3513306;CRUZALIA; 2.261.821,98 ; -   ; -   ; 81.190,41 ; 81.190,41 ; 2.343.012,39 
SP;3513405;CRUZEIRO; 55.680.821,20 ; -   ; -   ; -   ; -   ; 55.680.821,20 
SP;3513504;CUBATAO; 114.384.474,00 ; -   ; -   ; -   ; -   ; 114.384.474,00 
SP;3513603;CUNHA; 14.608.397,67 ; -   ; -   ; -   ; -   ; 14.608.397,67 
SP;3513702;DESCALVADO; 32.755.988,38 ; -   ; -   ; -   ; -   ; 32.755.988,38 
SP;3513801;DIADEMA; 261.749.446,61 ; -   ; -   ; -   ; -   ; 261.749.446,61 
SP;3513850;DIRCE REIS; 1.095.819,77 ; -   ; -   ; -   ; -   ; 1.095.819,77 
SP;3513900;DIVINOLANDIA; 11.581.422,50 ; -   ; -   ; -   ; -   ; 11.581.422,50 
SP;3514007;DOBRADA; 5.752.350,84 ; -   ; -   ; 213.981,84 ; 213.981,84 ; 5.966.332,68 
SP;3514106;DOIS CORREGOS; 25.373.764,80 ; -   ; -   ; -   ; -   ; 25.373.764,80 
SP;3514205;DOLCINOPOLIS; 2.390.853,97 ; -   ; -   ; -   ; -   ; 2.390.853,97 
SP;3514304;DOURADO; 8.156.830,03 ; -   ; -   ; -   ; -   ; 8.156.830,03 
SP;3514403;DRACENA; 32.343.863,14 ; -   ; -   ; 2.938.537,72 ; 2.938.537,72 ; 35.282.400,86 
SP;3514502;DUARTINA; 10.227.055,05 ; -   ; -   ; -   ; -   ; 10.227.055,05 
SP;3514601;DUMONT; 12.095.943,58 ; -   ; -   ; -   ; -   ; 12.095.943,58 
SP;3514700;ECHAPORA; 5.901.998,49 ; -   ; -   ; 271.717,24 ; 271.717,24 ; 6.173.715,73 
SP;3514809;ELDORADO; 14.435.870,95 ; -   ; 157.955,50 ; -   ; 157.955,50 ; 14.593.826,45 
SP;3514908;ELIAS FAUSTO; 23.509.627,98 ; -   ; -   ; 2.154.075,92 ; 2.154.075,92 ; 25.663.703,90 
SP;3514924;ELISIARIO; 3.393.494,06 ; -   ; -   ; -   ; -   ; 3.393.494,06 
SP;3514957;EMBAUBA; 2.108.750,16 ; -   ; -   ; 177.575,42 ; 177.575,42 ; 2.286.325,58 
SP;3515004;EMBU; 195.837.284,51 ; -   ; -   ; -   ; -   ; 195.837.284,51 
SP;3515103;EMBU-GUACU; 40.617.500,64 ; -   ; -   ; -   ; -   ; 40.617.500,64 
SP;3515129;EMILIANOPOLIS; 4.735.768,24 ; -   ; -   ; 345.465,96 ; 345.465,96 ; 5.081.234,20 
SP;3515152;ENGENHEIRO COELHO; 18.264.440,69 ; -   ; -   ; -   ; -   ; 18.264.440,69 
SP;3515186;ESPIRITO SANTO DO PINHAL; 19.750.907,32 ; -   ; -   ; 838.985,34 ; 838.985,34 ; 20.589.892,66 
SP;3515194;ESPIRITO SANTO DO TURVO; 5.749.707,79 ; -   ; -   ; 454.455,09 ; 454.455,09 ; 6.204.162,88 
SP;3557303;ESTIVA GERBI; 15.622.054,05 ; -   ; -   ; -   ; -   ; 15.622.054,05 
SP;3515301;ESTRELA DO NORTE; 2.429.152,32 ; -   ; -   ; 233.350,36 ; 233.350,36 ; 2.662.502,68 
SP;3515202;ESTRELA DOESTE; 7.316.807,78 ; -   ; -   ; -   ; -   ; 7.316.807,78 
SP;3515350;EUCLIDES DA CUNHA PAULISTA; 6.365.905,66 ; -   ; -   ; 271.154,83 ; 271.154,83 ; 6.637.060,49 
SP;3515400;FARTURA; 16.873.592,00 ; -   ; -   ; -   ; -   ; 16.873.592,00 
SP;3515608;FERNANDO PRESTES; 8.483.673,25 ; -   ; -   ; 633.158,03 ; 633.158,03 ; 9.116.831,28 
SP;3515509;FERNANDOPOLIS; 54.468.063,49 ; -   ; -   ; -   ; -   ; 54.468.063,49 
SP;3515657;FERNAO; 1.835.107,59 ; -   ; -   ; 149.321,28 ; 149.321,28 ; 1.984.428,87 
SP;3515707;FERRAZ DE VASCONCELOS; 156.343.805,47 ; -   ; 15.769.356,37 ; -   ; 15.769.356,37 ; 172.113.161,84 
SP;3515806;FLORA RICA; 1.543.045,17 ; -   ; -   ; -   ; -   ; 1.543.045,17 
SP;3515905;FLOREAL; 2.248.740,14 ; -   ; -   ; 80.315,06 ; 80.315,06 ; 2.329.055,20 
SP;3516002;FLORIDA PAULISTA; 7.993.037,50 ; -   ; -   ; -   ; -   ; 7.993.037,50 
SP;3516101;FLORINIA; 1.555.432,78 ; -   ; -   ; 61.704,72 ; 61.704,72 ; 1.617.137,50 
SP;3516200;FRANCA; 233.740.744,47 ; -   ; -   ; -   ; -   ; 233.740.744,47 
SP;3516309;FRANCISCO MORATO; 177.529.744,70 ; -   ; 25.239.917,22 ; -   ; 25.239.917,22 ; 202.769.661,92 
SP;3516408;FRANCO DA ROCHA; 138.358.910,71 ; -   ; -   ; -   ; -   ; 138.358.910,71 
SP;3516507;GABRIEL MONTEIRO; 2.835.399,15 ; -   ; -   ; -   ; -   ; 2.835.399,15 
SP;3516606;GALIA; 4.544.421,64 ; -   ; -   ; -   ; -   ; 4.544.421,64 
SP;3516705;GARCA; 32.706.446,03 ; -   ; -   ; 2.691.706,97 ; 2.691.706,97 ; 35.398.153,00 
SP;3516804;GASTAO VIDIGAL; 1.805.032,08 ; -   ; -   ; 75.803,50 ; 75.803,50 ; 1.880.835,58 
SP;3516853;GAVIAO PEIXOTO; 9.153.230,43 ; -   ; -   ; 362.707,84 ; 362.707,84 ; 9.515.938,27 
SP;3516903;GENERAL SALGADO; 10.466.394,69 ; -   ; -   ; -   ; -   ; 10.466.394,69 
SP;3517000;GETULINA; 5.447.485,67 ; -   ; -   ; -   ; -   ; 5.447.485,67 
SP;3517109;GLICERIO; 4.270.397,58 ; -   ; -   ; -   ; -   ; 4.270.397,58 
SP;3517208;GUAICARA; 10.802.534,55 ; -   ; 888.644,73 ; -   ; 888.644,73 ; 11.691.179,28 
SP;3517307;GUAIMBE; 5.677.993,74 ; -   ; -   ; 438.450,94 ; 438.450,94 ; 6.116.444,68 
SP;3517406;GUAIRA; 27.771.850,92 ; -   ; -   ; -   ; -   ; 27.771.850,92 
SP;3517505;GUAPIACU; 24.946.199,89 ; -   ; -   ; -   ; -   ; 24.946.199,89 
SP;3517604;GUAPIARA; 17.748.254,89 ; -   ; 655.897,99 ; -   ; 655.897,99 ; 18.404.152,88 
SP;3517703;GUARA; 22.961.852,88 ; -   ; -   ; -   ; -   ; 22.961.852,88 
SP;3517802;GUARACAI; 4.314.254,45 ; -   ; -   ; 425.274,51 ; 425.274,51 ; 4.739.528,96 
SP;3517901;GUARACI; 13.472.502,14 ; -   ; -   ; 1.168.661,59 ; 1.168.661,59 ; 14.641.163,73 
SP;3518008;GUARANI DOESTE; 1.977.788,30 ; -   ; -   ; -   ; -   ; 1.977.788,30 
SP;3518107;GUARANTA; 4.800.200,81 ; -   ; -   ; 450.333,40 ; 450.333,40 ; 5.250.534,21 
SP;3518206;GUARARAPES; 23.664.734,25 ; -   ; -   ; 1.071.794,49 ; 1.071.794,49 ; 24.736.528,74 
SP;3518305;GUARAREMA; 34.567.398,73 ; -   ; -   ; 3.064.281,48 ; 3.064.281,48 ; 37.631.680,21 
SP;3518404;GUARATINGUETA; 102.778.578,03 ; -   ; -   ; -   ; -   ; 102.778.578,03 
SP;3518503;GUAREI; 11.346.789,47 ; -   ; -   ; 1.043.502,26 ; 1.043.502,26 ; 12.390.291,73 
SP;3518602;GUARIBA; 46.012.130,63 ; -   ; -   ; 4.099.059,44 ; 4.099.059,44 ; 50.111.190,07 
SP;3518701;GUARUJA; 269.905.737,35 ; -   ; -   ; -   ; -   ; 269.905.737,35 
SP;3518800;GUARULHOS; 894.062.164,59 ; -   ; -   ; -   ; -   ; 894.062.164,59 
SP;3518859;GUATAPARA; 9.080.821,94 ; -   ; -   ; -   ; -   ; 9.080.821,94 
SP;3518909;GUZOLANDIA; 3.382.785,57 ; -   ; -   ; -   ; -   ; 3.382.785,57 
SP;3519006;HERCULANDIA; 7.534.994,07 ; -   ; -   ; 323.509,49 ; 323.509,49 ; 7.858.503,56 
SP;3519055;HOLAMBRA; 22.207.979,67 ; -   ; -   ; -   ; -   ; 22.207.979,67 
SP;3519071;HORTOLANDIA; 211.196.470,70 ; -   ; -   ; -   ; -   ; 211.196.470,70 
SP;3519105;IACANGA; 12.881.272,12 ; -   ; -   ; 1.162.912,41 ; 1.162.912,41 ; 14.044.184,53 
SP;3519204;IACRI; 2.878.806,99 ; -   ; -   ; 122.687,73 ; 122.687,73 ; 3.001.494,72 
SP;3519253;IARAS; 8.971.303,14 ; -   ; -   ; -   ; -   ; 8.971.303,14 
SP;3519303;IBATE; 34.008.805,67 ; -   ; -   ; -   ; -   ; 34.008.805,67 
SP;3519402;IBIRA; 13.755.454,95 ; -   ; -   ; -   ; -   ; 13.755.454,95 
SP;3519501;IBIRAREMA; 5.605.310,93 ; -   ; -   ; 508.104,09 ; 508.104,09 ; 6.113.415,02 
SP;3519600;IBITINGA; 47.030.428,20 ; -   ; 3.493.713,35 ; -   ; 3.493.713,35 ; 50.524.141,55 
SP;3519709;IBIUNA; 71.786.763,39 ; -   ; -   ; -   ; -   ; 71.786.763,39 
SP;3519808;ICEM; 7.820.229,52 ; -   ; -   ; 666.547,35 ; 666.547,35 ; 8.486.776,87 
SP;3519907;IEPE; 6.067.279,58 ; -   ; -   ; -   ; -   ; 6.067.279,58 
SP;3520004;IGARACU DO TIETE; 16.703.172,76 ; -   ; -   ; 1.529.605,42 ; 1.529.605,42 ; 18.232.778,18 
SP;3520103;IGARAPAVA; 26.524.597,17 ; -   ; -   ; -   ; -   ; 26.524.597,17 
SP;3520202;IGARATA; 15.218.524,22 ; -   ; -   ; 1.256.278,26 ; 1.256.278,26 ; 16.474.802,48 
SP;3520301;IGUAPE; 22.612.291,95 ; -   ; -   ; -   ; -   ; 22.612.291,95 
SP;3520426;ILHA COMPRIDA; 21.939.608,75 ; -   ; -   ; 1.854.330,69 ; 1.854.330,69 ; 23.793.939,44 
SP;3520442;ILHA SOLTEIRA; 19.638.285,22 ; -   ; -   ; -   ; -   ; 19.638.285,22 
SP;3520400;ILHABELA; 62.717.956,81 ; -   ; -   ; -   ; -   ; 62.717.956,81 
SP;3520509;INDAIATUBA; 223.921.149,04 ; -   ; -   ; -   ; -   ; 223.921.149,04 
SP;3520608;INDIANA; 3.783.908,31 ; -   ; -   ; -   ; -   ; 3.783.908,31 
SP;3520707;INDIAPORA; 3.569.258,24 ; -   ; -   ; -   ; -   ; 3.569.258,24 
SP;3520806;INUBIA PAULISTA; 2.737.274,03 ; -   ; -   ; -   ; -   ; 2.737.274,03 
SP;3520905;IPAUSSU; 16.793.690,90 ; -   ; -   ; -   ; -   ; 16.793.690,90 
SP;3521002;IPERO; 49.419.691,47 ; -   ; 4.482.634,64 ; -   ; 4.482.634,64 ; 53.902.326,11 
SP;3521101;IPEUNA; 7.067.016,48 ; -   ; -   ; -   ; -   ; 7.067.016,48 
SP;3521150;IPIGUA; 5.690.402,20 ; -   ; -   ; -   ; -   ; 5.690.402,20 
SP;3521200;IPORANGA; 3.616.252,48 ; -   ; -   ; 298.580,33 ; 298.580,33 ; 3.914.832,81 
SP;3521309;IPUA; 17.131.758,92 ; -   ; -   ; 1.430.026,94 ; 1.430.026,94 ; 18.561.785,86 
SP;3521408;IRACEMAPOLIS; 18.855.498,19 ; -   ; -   ; -   ; -   ; 18.855.498,19 
SP;3521507;IRAPUA; 6.899.096,75 ; -   ; -   ; 293.398,28 ; 293.398,28 ; 7.192.495,03 
SP;3521606;IRAPURU; 3.851.226,84 ; -   ; -   ; -   ; -   ; 3.851.226,84 
SP;3521705;ITABERA; 11.279.388,81 ; -   ; -   ; 403.065,28 ; 403.065,28 ; 11.682.454,09 
SP;3521804;ITAI; 22.213.283,74 ; -   ; -   ; -   ; -   ; 22.213.283,74 
SP;3521903;ITAJOBI; 20.256.490,60 ; -   ; -   ; -   ; -   ; 20.256.490,60 
SP;3522000;ITAJU; 3.870.682,59 ; -   ; -   ; -   ; -   ; 3.870.682,59 
SP;3522109;ITANHAEM; 144.825.125,87 ; -   ; -   ; -   ; -   ; 144.825.125,87 
SP;3522158;ITAOCA; 3.950.439,83 ; -   ; 76.360,29 ; 128.098,86 ; 204.459,15 ; 4.154.898,98 
SP;3522208;ITAPECERICA DA SERRA; 125.856.680,48 ; -   ; -   ; -   ; -   ; 125.856.680,48 
SP;3522307;ITAPETININGA; 127.592.087,70 ; -   ; -   ; -   ; -   ; 127.592.087,70 
SP;3522406;ITAPEVA; 121.156.628,87 ; -   ; -   ; -   ; -   ; 121.156.628,87 
SP;3522505;ITAPEVI; 236.664.603,02 ; -   ; 3.276.264,34 ; -   ; 3.276.264,34 ; 239.940.867,36 
SP;3522604;ITAPIRA; 46.163.227,23 ; -   ; -   ; -   ; -   ; 46.163.227,23 
SP;3522653;ITAPIRAPUA PAULISTA; 4.420.398,65 ; -   ; -   ; 200.269,68 ; 200.269,68 ; 4.620.668,33 
SP;3522703;ITAPOLIS; 29.022.049,33 ; -   ; -   ; 1.254.726,03 ; 1.254.726,03 ; 30.276.775,36 
SP;3522802;ITAPORANGA; 11.184.106,67 ; -   ; -   ; -   ; -   ; 11.184.106,67 
SP;3522901;ITAPUI; 16.669.385,60 ; -   ; 754.386,27 ; -   ; 754.386,27 ; 17.423.771,87 
SP;3523008;ITAPURA; 3.840.136,93 ; -   ; -   ; 331.389,76 ; 331.389,76 ; 4.171.526,69 
SP;3523107;ITAQUAQUECETUBA; 344.019.048,18 ; -   ; 64.024.309,88 ; 31.077.102,12 ; 95.101.412,00 ; 439.120.460,18 
SP;3523206;ITARARE; 41.663.844,28 ; -   ; -   ; -   ; -   ; 41.663.844,28 
SP;3523305;ITARIRI; 12.613.348,91 ; -   ; -   ; -   ; -   ; 12.613.348,91 
SP;3523404;ITATIBA; 126.074.466,21 ; -   ; -   ; -   ; -   ; 126.074.466,21 
SP;3523503;ITATINGA; 20.512.936,35 ; -   ; -   ; -   ; -   ; 20.512.936,35 
SP;3523602;ITIRAPINA; 17.152.208,79 ; -   ; -   ; -   ; -   ; 17.152.208,79 
SP;3523701;ITIRAPUA; 5.391.158,15 ; -   ; -   ; -   ; -   ; 5.391.158,15 
SP;3523800;ITOBI; 3.123.313,23 ; -   ; -   ; -   ; -   ; 3.123.313,23 
SP;3523909;ITU; 142.886.493,83 ; -   ; -   ; 12.019.605,79 ; 12.019.605,79 ; 154.906.099,62 
SP;3524006;ITUPEVA; 54.727.770,01 ; -   ; -   ; -   ; -   ; 54.727.770,01 
SP;3524105;ITUVERAVA; 36.952.950,35 ; -   ; -   ; 3.058.803,85 ; 3.058.803,85 ; 40.011.754,20 
SP;3524204;JABORANDI; 9.723.025,30 ; -   ; -   ; 673.930,81 ; 673.930,81 ; 10.396.956,11 
SP;3524303;JABOTICABAL; 51.071.457,68 ; -   ; -   ; -   ; -   ; 51.071.457,68 
SP;3524402;JACAREI; 171.341.779,22 ; -   ; -   ; -   ; -   ; 171.341.779,22 
SP;3524501;JACI; 7.648.462,73 ; -   ; -   ; 677.188,13 ; 677.188,13 ; 8.325.650,86 
SP;3524600;JACUPIRANGA; 14.322.764,70 ; -   ; -   ; -   ; -   ; 14.322.764,70 
SP;3524709;JAGUARIUNA; 66.814.397,08 ; -   ; -   ; -   ; -   ; 66.814.397,08 
SP;3524808;JALES; 33.920.306,26 ; -   ; -   ; -   ; -   ; 33.920.306,26 
SP;3524907;JAMBEIRO; 8.601.908,14 ; -   ; -   ; -   ; -   ; 8.601.908,14 
SP;3525003;JANDIRA; 87.220.692,66 ; -   ; -   ; -   ; -   ; 87.220.692,66 
SP;3525102;JARDINOPOLIS; 51.689.603,84 ; -   ; -   ; -   ; -   ; 51.689.603,84 
SP;3525201;JARINU; 40.563.861,33 ; -   ; -   ; -   ; -   ; 40.563.861,33 
SP;3525300;JAU; 86.464.117,97 ; -   ; -   ; -   ; -   ; 86.464.117,97 
SP;3525409;JERIQUARA; 5.940.108,00 ; -   ; -   ; 261.252,70 ; 261.252,70 ; 6.201.360,70 
SP;3525508;JOANOPOLIS; 15.312.989,45 ; -   ; -   ; -   ; -   ; 15.312.989,45 
SP;3525607;JOAO RAMALHO; 4.143.452,40 ; -   ; -   ; -   ; -   ; 4.143.452,40 
SP;3525706;JOSE BONIFACIO; 26.300.765,27 ; -   ; -   ; -   ; -   ; 26.300.765,27 
SP;3525805;JULIO MESQUITA; 4.635.139,37 ; -   ; 131.791,46 ; 424.351,59 ; 556.143,05 ; 5.191.282,42 
SP;3525854;JUMIRIM; 5.396.339,15 ; -   ; -   ; -   ; -   ; 5.396.339,15 
SP;3525904;JUNDIAI; 262.224.011,04 ; -   ; -   ; 12.287.637,03 ; 12.287.637,03 ; 274.511.648,07 
SP;3526001;JUNQUEIROPOLIS; 19.922.582,27 ; -   ; -   ; 1.569.812,61 ; 1.569.812,61 ; 21.492.394,88 
SP;3526100;JUQUIA; 16.457.311,71 ; -   ; 539.556,47 ; -   ; 539.556,47 ; 16.996.868,18 
SP;3526209;JUQUITIBA; 20.358.474,40 ; -   ; -   ; -   ; -   ; 20.358.474,40 
SP;3526308;LAGOINHA; 3.993.250,35 ; -   ; -   ; -   ; -   ; 3.993.250,35 
SP;3526407;LARANJAL PAULISTA; 31.837.673,04 ; -   ; -   ; -   ; -   ; 31.837.673,04 
SP;3526506;LAVINIA; 4.743.443,47 ; -   ; -   ; -   ; -   ; 4.743.443,47 
SP;3526605;LAVRINHAS; 7.817.055,50 ; -   ; -   ; -   ; -   ; 7.817.055,50 
SP;3526704;LEME; 88.601.818,59 ; -   ; -   ; -   ; -   ; 88.601.818,59 
SP;3526803;LENCOIS PAULISTA; 71.512.823,91 ; -   ; -   ; -   ; -   ; 71.512.823,91 
SP;3526902;LIMEIRA; 199.832.864,37 ; -   ; -   ; -   ; -   ; 199.832.864,37 
SP;3527009;LINDOIA; 8.832.763,96 ; -   ; -   ; -   ; -   ; 8.832.763,96 
SP;3527108;LINS; 38.997.398,39 ; -   ; -   ; -   ; -   ; 38.997.398,39 
SP;3527207;LORENA; 64.311.761,81 ; -   ; -   ; -   ; -   ; 64.311.761,81 
SP;3527256;LOURDES; 2.418.164,55 ; -   ; -   ; -   ; -   ; 2.418.164,55 
SP;3527306;LOUVEIRA; 56.746.311,21 ; -   ; -   ; -   ; -   ; 56.746.311,21 
SP;3527405;LUCELIA; 17.709.506,86 ; -   ; -   ; 1.589.300,68 ; 1.589.300,68 ; 19.298.807,54 
SP;3527504;LUCIANOPOLIS; 1.773.777,46 ; -   ; -   ; -   ; -   ; 1.773.777,46 
SP;3527603;LUIS ANTONIO; 17.447.887,18 ; -   ; -   ; -   ; -   ; 17.447.887,18 
SP;3527702;LUIZIANIA; 5.878.347,14 ; -   ; -   ; -   ; -   ; 5.878.347,14 
SP;3527801;LUPERCIO; 3.696.516,38 ; -   ; -   ; 168.154,36 ; 168.154,36 ; 3.864.670,74 
SP;3527900;LUTECIA; 2.530.125,49 ; -   ; -   ; 244.244,47 ; 244.244,47 ; 2.774.369,96 
SP;3528007;MACATUBA; 16.748.762,74 ; -   ; -   ; -   ; -   ; 16.748.762,74 
SP;3528106;MACAUBAL; 4.692.039,19 ; -   ; -   ; -   ; -   ; 4.692.039,19 
SP;3528205;MACEDONIA; 3.616.502,97 ; -   ; -   ; 280.442,06 ; 280.442,06 ; 3.896.945,03 
SP;3528304;MAGDA; 3.032.053,71 ; -   ; -   ; -   ; -   ; 3.032.053,71 
SP;3528403;MAIRINQUE; 62.557.215,03 ; -   ; -   ; -   ; -   ; 62.557.215,03 
SP;3528502;MAIRIPORA; 69.144.817,78 ; -   ; -   ; -   ; -   ; 69.144.817,78 
SP;3528601;MANDURI; 7.445.148,24 ; -   ; -   ; -   ; -   ; 7.445.148,24 
SP;3528700;MARABA PAULISTA; 2.645.030,62 ; -   ; -   ; 124.131,12 ; 124.131,12 ; 2.769.161,74 
SP;3528809;MARACAI; 9.964.868,03 ; -   ; -   ; 912.505,55 ; 912.505,55 ; 10.877.373,58 
SP;3528858;MARAPOAMA; 3.295.851,31 ; -   ; -   ; -   ; -   ; 3.295.851,31 
SP;3528908;MARIAPOLIS; 2.857.637,46 ; -   ; -   ; 240.562,53 ; 240.562,53 ; 3.098.199,99 
SP;3529005;MARILIA; 160.054.347,49 ; -   ; -   ; -   ; -   ; 160.054.347,49 
SP;3529104;MARINOPOLIS; 1.956.112,11 ; -   ; -   ; 70.004,17 ; 70.004,17 ; 2.026.116,28 
SP;3529203;MARTINOPOLIS; 18.189.175,44 ; -   ; -   ; -   ; -   ; 18.189.175,44 
SP;3529302;MATAO; 50.188.350,91 ; -   ; -   ; -   ; -   ; 50.188.350,91 
SP;3529401;MAUA; 150.488.558,65 ; -   ; -   ; -   ; -   ; 150.488.558,65 
SP;3529500;MENDONCA; 7.814.558,56 ; -   ; 607.614,57 ; 619.430,05 ; 1.227.044,62 ; 9.041.603,18 
SP;3529609;MERIDIANO; 5.131.960,14 ; -   ; -   ; -   ; -   ; 5.131.960,14 
SP;3529658;MESOPOLIS; 2.183.114,72 ; -   ; -   ; -   ; -   ; 2.183.114,72 
SP;3529708;MIGUELOPOLIS; 21.143.340,64 ; -   ; -   ; 945.098,32 ; 945.098,32 ; 22.088.438,96 
SP;3529807;MINEIROS DO TIETE; 9.462.336,02 ; -   ; -   ; 392.195,12 ; 392.195,12 ; 9.854.531,14 
SP;3530003;MIRA ESTRELA; 2.736.735,87 ; -   ; -   ; -   ; -   ; 2.736.735,87 
SP;3529906;MIRACATU; 21.872.783,95 ; -   ; 2.811.928,10 ; -   ; 2.811.928,10 ; 24.684.712,05 
SP;3530102;MIRANDOPOLIS; 14.178.161,85 ; -   ; -   ; -   ; -   ; 14.178.161,85 
SP;3530201;MIRANTE DO PARANAPANEMA; 10.403.341,28 ; -   ; -   ; -   ; -   ; 10.403.341,28 
SP;3530300;MIRASSOL; 42.869.977,12 ; -   ; -   ; 3.931.062,82 ; 3.931.062,82 ; 46.801.039,94 
SP;3530409;MIRASSOLANDIA; 4.651.320,03 ; -   ; -   ; 431.005,10 ; 431.005,10 ; 5.082.325,13 
SP;3530508;MOCOCA; 35.724.666,35 ; -   ; -   ; -   ; -   ; 35.724.666,35 
SP;3530607;MOGI DAS CRUZES; 414.277.056,33 ; -   ; -   ; -   ; -   ; 414.277.056,33 
SP;3530805;MOGI MIRIM; 69.713.744,98 ; -   ; -   ; -   ; -   ; 69.713.744,98 
SP;3530706;MOGI-GUACU; 133.014.392,05 ; -   ; -   ; -   ; -   ; 133.014.392,05 
SP;3530904;MOMBUCA; 7.041.652,22 ; -   ; -   ; -   ; -   ; 7.041.652,22 
SP;3531001;MONCOES; 1.954.049,99 ; -   ; -   ; 70.365,02 ; 70.365,02 ; 2.024.415,01 
SP;3531100;MONGAGUA; 78.752.017,92 ; -   ; -   ; -   ; -   ; 78.752.017,92 
SP;3531209;MONTE ALEGRE DO SUL; 7.972.860,11 ; -   ; -   ; -   ; -   ; 7.972.860,11 
SP;3531308;MONTE ALTO; 38.099.146,68 ; -   ; -   ; 3.220.827,80 ; 3.220.827,80 ; 41.319.974,48 
SP;3531407;MONTE APRAZIVEL; 21.777.576,48 ; -   ; -   ; 1.837.717,75 ; 1.837.717,75 ; 23.615.294,23 
SP;3531506;MONTE AZUL PAULISTA; 17.972.905,35 ; -   ; -   ; -   ; -   ; 17.972.905,35 
SP;3531605;MONTE CASTELO; 3.267.996,70 ; -   ; -   ; 154.442,20 ; 154.442,20 ; 3.422.438,90 
SP;3531803;MONTE MOR; 84.297.545,32 ; -   ; -   ; -   ; -   ; 84.297.545,32 
SP;3531704;MONTEIRO LOBATO; 4.338.690,89 ; -   ; -   ; -   ; -   ; 4.338.690,89 
SP;3531902;MORRO AGUDO; 31.354.625,44 ; -   ; -   ; -   ; -   ; 31.354.625,44 
SP;3532009;MORUNGABA; 15.764.455,61 ; -   ; 50.341,78 ; -   ; 50.341,78 ; 15.814.797,39 
SP;3532058;MOTUCA; 4.994.220,83 ; -   ; -   ; -   ; -   ; 4.994.220,83 
SP;3532108;MURUTINGA DO SUL; 3.384.099,70 ; -   ; -   ; -   ; -   ; 3.384.099,70 
SP;3532157;NANTES; 2.415.771,39 ; -   ; -   ; -   ; -   ; 2.415.771,39 
SP;3532207;NARANDIBA; 10.280.400,42 ; -   ; -   ; -   ; -   ; 10.280.400,42 
SP;3532306;NATIVIDADE DA SERRA; 5.349.408,69 ; -   ; -   ; -   ; -   ; 5.349.408,69 
SP;3532405;NAZARE PAULISTA; 15.192.647,55 ; -   ; -   ; -   ; -   ; 15.192.647,55 
SP;3532504;NEVES PAULISTA; 6.558.609,11 ; -   ; -   ; -   ; -   ; 6.558.609,11 
SP;3532603;NHANDEARA; 6.053.871,39 ; -   ; -   ; 247.127,23 ; 247.127,23 ; 6.300.998,62 
SP;3532702;NIPOA; 5.247.103,62 ; -   ; -   ; 240.491,86 ; 240.491,86 ; 5.487.595,48 
SP;3532801;NOVA ALIANCA; 7.635.289,91 ; -   ; -   ; -   ; -   ; 7.635.289,91 
SP;3532827;NOVA CAMPINA; 12.931.346,29 ; -   ; -   ; 1.102.280,94 ; 1.102.280,94 ; 14.033.627,23 
SP;3532843;NOVA CANAA PAULISTA; 1.676.128,83 ; -   ; -   ; 137.973,16 ; 137.973,16 ; 1.814.101,99 
SP;3532868;NOVA CASTILHO; 1.324.695,74 ; -   ; -   ; 47.631,70 ; 47.631,70 ; 1.372.327,44 
SP;3532900;NOVA EUROPA; 11.958.693,77 ; -   ; -   ; -   ; -   ; 11.958.693,77 
SP;3533007;NOVA GRANADA; 14.236.948,15 ; -   ; -   ; -   ; -   ; 14.236.948,15 
SP;3533106;NOVA GUATAPORANGA; 1.892.984,35 ; -   ; -   ; -   ; -   ; 1.892.984,35 
SP;3533205;NOVA INDEPENDENCIA; 7.615.865,52 ; -   ; -   ; -   ; -   ; 7.615.865,52 
SP;3533304;NOVA LUZITANIA; 2.917.077,14 ; -   ; -   ; 103.077,37 ; 103.077,37 ; 3.020.154,51 
SP;3533403;NOVA ODESSA; 43.104.146,19 ; -   ; -   ; -   ; -   ; 43.104.146,19 
SP;3533254;NOVAIS; 6.885.174,04 ; -   ; -   ; -   ; -   ; 6.885.174,04 
SP;3533502;NOVO HORIZONTE; 39.198.802,36 ; -   ; -   ; -   ; -   ; 39.198.802,36 
SP;3533601;NUPORANGA; 9.798.155,14 ; -   ; -   ; -   ; -   ; 9.798.155,14 
SP;3533700;OCAUCU; 4.559.025,45 ; -   ; -   ; 414.257,35 ; 414.257,35 ; 4.973.282,80 
SP;3533809;OLEO; 2.509.894,36 ; -   ; -   ; 189.692,91 ; 189.692,91 ; 2.699.587,27 
SP;3533908;OLIMPIA; 52.728.440,41 ; -   ; -   ; -   ; -   ; 52.728.440,41 
SP;3534005;ONDA VERDE; 4.666.919,21 ; -   ; -   ; 209.419,78 ; 209.419,78 ; 4.876.338,99 
SP;3534104;ORIENTE; 5.371.678,56 ; -   ; -   ; 198.465,45 ; 198.465,45 ; 5.570.144,01 
SP;3534203;ORINDIUVA; 10.584.359,02 ; -   ; -   ; 380.464,13 ; 380.464,13 ; 10.964.823,15 
SP;3534302;ORLANDIA; 45.520.729,67 ; -   ; -   ; -   ; -   ; 45.520.729,67 
SP;3534401;OSASCO; 535.660.152,56 ; -   ; -   ; -   ; -   ; 535.660.152,56 
SP;3534500;OSCAR BRESSANE; 2.697.051,89 ; -   ; -   ; -   ; -   ; 2.697.051,89 
SP;3534609;OSVALDO CRUZ; 18.902.694,00 ; -   ; -   ; -   ; -   ; 18.902.694,00 
SP;3534708;OURINHOS; 78.663.590,67 ; -   ; -   ; -   ; -   ; 78.663.590,67 
SP;3534807;OURO VERDE; 10.534.028,09 ; -   ; 142.195,41 ; 988.134,50 ; 1.130.329,91 ; 11.664.358,00 
SP;3534757;OUROESTE; 11.511.038,49 ; -   ; -   ; -   ; -   ; 11.511.038,49 
SP;3534906;PACAEMBU; 6.485.712,98 ; -   ; -   ; -   ; -   ; 6.485.712,98 
SP;3535002;PALESTINA; 13.320.742,73 ; -   ; -   ; 612.295,27 ; 612.295,27 ; 13.933.038,00 
SP;3535101;PALMARES PAULISTA; 8.495.662,33 ; -   ; -   ; 828.407,86 ; 828.407,86 ; 9.324.070,19 
SP;3535200;PALMEIRA DOESTE; 5.123.681,91 ; -   ; -   ; 482.690,82 ; 482.690,82 ; 5.606.372,73 
SP;3535309;PALMITAL; 16.535.200,54 ; -   ; -   ; 1.356.933,90 ; 1.356.933,90 ; 17.892.134,44 
SP;3535408;PANORAMA; 12.048.076,78 ; -   ; -   ; -   ; -   ; 12.048.076,78 
SP;3535507;PARAGUACU PAULISTA; 45.654.606,54 ; -   ; -   ; -   ; -   ; 45.654.606,54 
SP;3535606;PARAIBUNA; 12.994.965,06 ; -   ; -   ; -   ; -   ; 12.994.965,06 
SP;3535705;PARAISO; 7.154.383,66 ; -   ; -   ; -   ; -   ; 7.154.383,66 
SP;3535804;PARANAPANEMA; 27.657.752,80 ; -   ; -   ; 1.190.053,39 ; 1.190.053,39 ; 28.847.806,19 
SP;3535903;PARANAPUA; 4.274.107,31 ; -   ; -   ; -   ; -   ; 4.274.107,31 
SP;3536000;PARAPUA; 7.743.873,29 ; -   ; -   ; -   ; -   ; 7.743.873,29 
SP;3536109;PARDINHO; 9.575.798,74 ; -   ; -   ; -   ; -   ; 9.575.798,74 
SP;3536208;PARIQUERA-ACU; 14.095.122,45 ; -   ; -   ; 612.680,35 ; 612.680,35 ; 14.707.802,80 
SP;3536257;PARISI; 3.349.052,49 ; -   ; -   ; 277.661,69 ; 277.661,69 ; 3.626.714,18 
SP;3536307;PATROCINIO PAULISTA; 13.764.498,92 ; -   ; -   ; -   ; -   ; 13.764.498,92 
SP;3536406;PAULICEIA; 8.003.023,29 ; -   ; -   ; 804.039,35 ; 804.039,35 ; 8.807.062,64 
SP;3536505;PAULINIA; 110.799.937,71 ; -   ; -   ; -   ; -   ; 110.799.937,71 
SP;3536570;PAULISTANIA; 2.349.097,58 ; -   ; -   ; -   ; -   ; 2.349.097,58 
SP;3536604;PAULO DE FARIA; 7.950.830,49 ; -   ; -   ; -   ; -   ; 7.950.830,49 
SP;3536703;PEDERNEIRAS; 37.967.783,00 ; -   ; -   ; -   ; -   ; 37.967.783,00 
SP;3536802;PEDRA BELA; 7.958.763,69 ; -   ; 252.474,62 ; -   ; 252.474,62 ; 8.211.238,31 
SP;3536901;PEDRANOPOLIS; 2.249.863,27 ; -   ; -   ; -   ; -   ; 2.249.863,27 
SP;3537008;PEDREGULHO; 13.574.845,17 ; -   ; -   ; 1.294.792,81 ; 1.294.792,81 ; 14.869.637,98 
SP;3537107;PEDREIRA; 36.866.614,20 ; -   ; -   ; -   ; -   ; 36.866.614,20 
SP;3537156;PEDRINHAS PAULISTA; 3.091.971,79 ; -   ; -   ; 237.997,76 ; 237.997,76 ; 3.329.969,55 
SP;3537206;PEDRO DE TOLEDO; 9.289.846,94 ; -   ; -   ; -   ; -   ; 9.289.846,94 
SP;3537305;PENAPOLIS; 52.553.944,34 ; -   ; -   ; 4.423.787,85 ; 4.423.787,85 ; 56.977.732,19 
SP;3537404;PEREIRA BARRETO; 20.989.388,86 ; -   ; -   ; 857.722,77 ; 857.722,77 ; 21.847.111,63 
SP;3537503;PEREIRAS; 7.649.081,04 ; -   ; -   ; -   ; -   ; 7.649.081,04 
SP;3537602;PERUIBE; 65.922.366,76 ; -   ; -   ; -   ; -   ; 65.922.366,76 
SP;3537701;PIACATU; 4.988.987,87 ; -   ; -   ; -   ; -   ; 4.988.987,87 
SP;3537800;PIEDADE; 43.851.690,31 ; -   ; -   ; -   ; -   ; 43.851.690,31 
SP;3537909;PILAR DO SUL; 28.232.857,02 ; -   ; -   ; -   ; -   ; 28.232.857,02 
SP;3538006;PINDAMONHANGABA; 116.463.842,76 ; -   ; -   ; -   ; -   ; 116.463.842,76 
SP;3538105;PINDORAMA; 14.040.408,28 ; -   ; -   ; -   ; -   ; 14.040.408,28 
SP;3538204;PINHALZINHO; 18.664.126,77 ; -   ; 371.256,74 ; -   ; 371.256,74 ; 19.035.383,51 
SP;3538303;PIQUEROBI; 2.855.400,98 ; -   ; -   ; -   ; -   ; 2.855.400,98 
SP;3538501;PIQUETE; 7.673.238,73 ; -   ; -   ; 678.983,53 ; 678.983,53 ; 8.352.222,26 
SP;3538600;PIRACAIA; 28.609.347,90 ; -   ; -   ; -   ; -   ; 28.609.347,90 
SP;3538709;PIRACICABA; 293.019.922,53 ; -   ; -   ; -   ; -   ; 293.019.922,53 
SP;3538808;PIRAJU; 25.672.877,73 ; -   ; -   ; -   ; -   ; 25.672.877,73 
SP;3538907;PIRAJUI; 14.267.138,74 ; -   ; -   ; 631.551,11 ; 631.551,11 ; 14.898.689,85 
SP;3539004;PIRANGI; 7.083.295,84 ; -   ; -   ; 332.574,19 ; 332.574,19 ; 7.415.870,03 
SP;3539103;PIRAPORA DO BOM JESUS; 29.448.693,87 ; -   ; 817.619,85 ; 2.439.945,13 ; 3.257.564,98 ; 32.706.258,85 
SP;3539202;PIRAPOZINHO; 19.585.131,18 ; -   ; -   ; 882.985,60 ; 882.985,60 ; 20.468.116,78 
SP;3539301;PIRASSUNUNGA; 46.743.166,69 ; -   ; -   ; -   ; -   ; 46.743.166,69 
SP;3539400;PIRATININGA; 10.443.985,70 ; -   ; -   ; -   ; -   ; 10.443.985,70 
SP;3539509;PITANGUEIRAS; 31.518.082,44 ; -   ; -   ; 1.402.150,86 ; 1.402.150,86 ; 32.920.233,30 
SP;3539608;PLANALTO; 3.441.985,51 ; -   ; -   ; -   ; -   ; 3.441.985,51 
SP;3539707;PLATINA; 3.360.646,02 ; -   ; -   ; 283.066,71 ; 283.066,71 ; 3.643.712,73 
SP;3539806;POA; 105.875.164,74 ; -   ; -   ; -   ; -   ; 105.875.164,74 
SP;3539905;POLONI; 2.888.564,21 ; -   ; -   ; -   ; -   ; 2.888.564,21 
SP;3540002;POMPEIA; 17.714.913,86 ; -   ; -   ; -   ; -   ; 17.714.913,86 
SP;3540101;PONGAI; 2.548.642,12 ; -   ; -   ; -   ; -   ; 2.548.642,12 
SP;3540200;PONTAL; 36.072.115,39 ; -   ; -   ; -   ; -   ; 36.072.115,39 
SP;3540259;PONTALINDA; 4.312.396,68 ; -   ; -   ; -   ; -   ; 4.312.396,68 
SP;3540309;PONTES GESTAL; 2.857.088,01 ; -   ; -   ; 220.988,42 ; 220.988,42 ; 3.078.076,43 
SP;3540408;POPULINA; 3.694.059,38 ; -   ; -   ; -   ; -   ; 3.694.059,38 
SP;3540507;PORANGABA; 9.605.079,85 ; -   ; -   ; -   ; -   ; 9.605.079,85 
SP;3540606;PORTO FELIZ; 62.738.047,77 ; -   ; -   ; -   ; -   ; 62.738.047,77 
SP;3540705;PORTO FERREIRA; 42.102.705,49 ; -   ; -   ; -   ; -   ; 42.102.705,49 
SP;3540754;POTIM; 23.387.217,89 ; -   ; 2.716.423,63 ; -   ; 2.716.423,63 ; 26.103.641,52 
SP;3540804;POTIRENDABA; 22.677.419,89 ; -   ; -   ; -   ; -   ; 22.677.419,89 
SP;3540853;PRACINHA; 1.300.442,39 ; -   ; -   ; -   ; -   ; 1.300.442,39 
SP;3540903;PRADOPOLIS; 22.042.420,35 ; -   ; -   ; 922.130,78 ; 922.130,78 ; 22.964.551,13 
SP;3541000;PRAIA GRANDE; 432.643.244,33 ; -   ; -   ; -   ; -   ; 432.643.244,33 
SP;3541059;PRATANIA; 7.249.722,25 ; -   ; 1.132.930,74 ; -   ; 1.132.930,74 ; 8.382.652,99 
SP;3541109;PRESIDENTE ALVES; 1.368.123,12 ; -   ; -   ; -   ; -   ; 1.368.123,12 
SP;3541208;PRESIDENTE BERNARDES; 11.218.154,81 ; -   ; -   ; -   ; -   ; 11.218.154,81 
SP;3541307;PRESIDENTE EPITACIO; 24.691.168,43 ; -   ; -   ; 2.142.248,78 ; 2.142.248,78 ; 26.833.417,21 
SP;3541406;PRESIDENTE PRUDENTE; 158.004.690,06 ; -   ; -   ; -   ; -   ; 158.004.690,06 
SP;3541505;PRESIDENTE VENCESLAU; 20.678.354,71 ; -   ; -   ; -   ; -   ; 20.678.354,71 
SP;3541604;PROMISSAO; 21.191.224,81 ; -   ; -   ; -   ; -   ; 21.191.224,81 
SP;3541653;QUADRA; 6.823.144,59 ; -   ; -   ; -   ; -   ; 6.823.144,59 
SP;3541703;QUATA; 10.981.979,35 ; -   ; -   ; -   ; -   ; 10.981.979,35 
SP;3541802;QUEIROZ; 3.972.857,13 ; -   ; -   ; -   ; -   ; 3.972.857,13 
SP;3541901;QUELUZ; 10.580.790,78 ; -   ; -   ; -   ; -   ; 10.580.790,78 
SP;3542008;QUINTANA; 8.209.410,12 ; -   ; -   ; -   ; -   ; 8.209.410,12 
SP;3542107;RAFARD; 9.486.206,90 ; -   ; -   ; -   ; -   ; 9.486.206,90 
SP;3542206;RANCHARIA; 25.358.583,68 ; -   ; -   ; -   ; -   ; 25.358.583,68 
SP;3542305;REDENCAO DA SERRA; 3.295.736,76 ; -   ; -   ; -   ; -   ; 3.295.736,76 
SP;3542404;REGENTE FEIJO; 15.385.658,07 ; -   ; -   ; -   ; -   ; 15.385.658,07 
SP;3542503;REGINOPOLIS; 5.097.499,68 ; -   ; -   ; -   ; -   ; 5.097.499,68 
SP;3542602;REGISTRO; 47.628.565,53 ; -   ; -   ; -   ; -   ; 47.628.565,53 
SP;3542701;RESTINGA; 10.315.369,93 ; -   ; -   ; -   ; -   ; 10.315.369,93 
SP;3542800;RIBEIRA; 3.224.607,15 ; -   ; -   ; 133.873,97 ; 133.873,97 ; 3.358.481,12 
SP;3542909;RIBEIRAO BONITO; 13.626.510,04 ; -   ; 158.561,44 ; -   ; 158.561,44 ; 13.785.071,48 
SP;3543006;RIBEIRAO BRANCO; 20.354.165,57 ; -   ; 3.429.716,14 ; 894.955,55 ; 4.324.671,69 ; 24.678.837,26 
SP;3543105;RIBEIRAO CORRENTE; 7.839.014,47 ; -   ; -   ; 683.004,02 ; 683.004,02 ; 8.522.018,49 
SP;3543204;RIBEIRAO DO SUL; 3.719.754,09 ; -   ; -   ; -   ; -   ; 3.719.754,09 
SP;3543238;RIBEIRAO DOS INDIOS; 1.316.155,46 ; -   ; -   ; 53.766,10 ; 53.766,10 ; 1.369.921,56 
SP;3543253;RIBEIRAO GRANDE; 6.906.818,08 ; -   ; -   ; -   ; -   ; 6.906.818,08 
SP;3543303;RIBEIRAO PIRES; 63.092.760,06 ; -   ; -   ; -   ; -   ; 63.092.760,06 
SP;3543402;RIBEIRAO PRETO; 378.137.032,10 ; -   ; -   ; -   ; -   ; 378.137.032,10 
SP;3543600;RIFAINA; 4.199.435,74 ; -   ; -   ; 171.520,20 ; 171.520,20 ; 4.370.955,94 
SP;3543709;RINCAO; 8.209.862,45 ; -   ; -   ; 702.331,98 ; 702.331,98 ; 8.912.194,43 
SP;3543808;RINOPOLIS; 4.013.089,37 ; -   ; -   ; -   ; -   ; 4.013.089,37 
SP;3543907;RIO CLARO; 146.530.031,40 ; -   ; -   ; -   ; -   ; 146.530.031,40 
SP;3544004;RIO DAS PEDRAS; 34.143.531,53 ; -   ; -   ; -   ; -   ; 34.143.531,53 
SP;3544103;RIO GRANDE DA SERRA; 16.496.980,43 ; -   ; -   ; -   ; -   ; 16.496.980,43 
SP;3544202;RIOLANDIA; 12.869.697,73 ; -   ; -   ; -   ; -   ; 12.869.697,73 
SP;3543501;RIVERSUL; 6.362.506,37 ; -   ; -   ; 239.436,22 ; 239.436,22 ; 6.601.942,59 
SP;3544251;ROSANA; 12.081.367,83 ; -   ; -   ; 489.181,46 ; 489.181,46 ; 12.570.549,29 
SP;3544301;ROSEIRA; 16.870.315,52 ; -   ; -   ; -   ; -   ; 16.870.315,52 
SP;3544400;RUBIACEA; 3.065.808,05 ; -   ; -   ; 263.187,13 ; 263.187,13 ; 3.328.995,18 
SP;3544509;RUBINEIA; 4.285.600,69 ; -   ; -   ; 329.373,95 ; 329.373,95 ; 4.614.974,64 
SP;3544608;SABINO; 3.976.607,73 ; -   ; -   ; 329.323,49 ; 329.323,49 ; 4.305.931,22 
SP;3544707;SAGRES; 2.699.871,50 ; -   ; -   ; 205.877,46 ; 205.877,46 ; 2.905.748,96 
SP;3544806;SALES; 6.331.292,49 ; -   ; -   ; 489.410,21 ; 489.410,21 ; 6.820.702,70 
SP;3544905;SALES OLIVEIRA; 8.417.095,17 ; -   ; -   ; 363.372,20 ; 363.372,20 ; 8.780.467,37 
SP;3545001;SALESOPOLIS; 13.812.071,00 ; -   ; 1.240.106,40 ; 1.320.921,70 ; 2.561.028,10 ; 16.373.099,10 
SP;3545100;SALMOURAO; 4.520.242,23 ; -   ; -   ; -   ; -   ; 4.520.242,23 
SP;3545159;SALTINHO; 7.854.916,31 ; -   ; -   ; 728.750,11 ; 728.750,11 ; 8.583.666,42 
SP;3545209;SALTO; 85.643.313,20 ; -   ; -   ; -   ; -   ; 85.643.313,20 
SP;3545308;SALTO DE PIRAPORA; 36.990.278,87 ; -   ; -   ; -   ; -   ; 36.990.278,87 
SP;3545407;SALTO GRANDE; 9.671.694,17 ; -   ; 132.129,53 ; -   ; 132.129,53 ; 9.803.823,70 
SP;3545506;SANDOVALINA; 5.614.598,26 ; -   ; -   ; -   ; -   ; 5.614.598,26 
SP;3545605;SANTA ADELIA; 13.277.593,37 ; -   ; -   ; -   ; -   ; 13.277.593,37 
SP;3545704;SANTA ALBERTINA; 5.645.111,24 ; -   ; -   ; -   ; -   ; 5.645.111,24 
SP;3545803;SANTA BARBARA DOESTE; 137.647.544,65 ; -   ; -   ; -   ; -   ; 137.647.544,65 
SP;3546009;SANTA BRANCA; 15.923.129,73 ; -   ; -   ; -   ; -   ; 15.923.129,73 
SP;3546108;SANTA CLARA DOESTE; 3.148.359,33 ; -   ; -   ; -   ; -   ; 3.148.359,33 
SP;3546207;SANTA CRUZ DA CONCEICAO; 3.149.128,70 ; -   ; -   ; -   ; -   ; 3.149.128,70 
SP;3546256;SANTA CRUZ DA ESPERANCA; 3.036.423,28 ; -   ; -   ; 278.151,68 ; 278.151,68 ; 3.314.574,96 
SP;3546306;SANTA CRUZ DAS PALMEIRAS; 22.149.383,58 ; -   ; -   ; -   ; -   ; 22.149.383,58 
SP;3546405;SANTA CRUZ DO RIO PARDO; 41.441.251,18 ; -   ; -   ; -   ; -   ; 41.441.251,18 
SP;3546504;SANTA ERNESTINA; 5.551.655,18 ; -   ; -   ; -   ; -   ; 5.551.655,18 
SP;3546603;SANTA FE DO SUL; 42.452.179,33 ; -   ; -   ; -   ; -   ; 42.452.179,33 
SP;3546702;SANTA GERTRUDES; 34.511.596,55 ; -   ; -   ; -   ; -   ; 34.511.596,55 
SP;3546801;SANTA ISABEL; 41.497.389,15 ; -   ; -   ; -   ; -   ; 41.497.389,15 
SP;3546900;SANTA LUCIA; 5.586.309,48 ; -   ; -   ; 272.637,09 ; 272.637,09 ; 5.858.946,57 
SP;3547007;SANTA MARIA DA SERRA; 7.420.954,31 ; -   ; 1.470.993,86 ; -   ; 1.470.993,86 ; 8.891.948,17 
SP;3547106;SANTA MERCEDES; 2.944.133,72 ; -   ; -   ; 274.012,23 ; 274.012,23 ; 3.218.145,95 
SP;3547502;SANTA RITA DO PASSA QUATRO; 16.571.638,74 ; -   ; -   ; 1.379.702,76 ; 1.379.702,76 ; 17.951.341,50 
SP;3547403;SANTA RITA DOESTE; 1.964.292,95 ; -   ; -   ; -   ; -   ; 1.964.292,95 
SP;3547601;SANTA ROSA DE VITERBO; 17.335.859,62 ; -   ; -   ; -   ; -   ; 17.335.859,62 
SP;3547650;SANTA SALETE; 906.940,87 ; -   ; -   ; 37.528,00 ; 37.528,00 ; 944.468,87 
SP;3547205;SANTANA DA PONTE PENSA; 716.698,78 ; -   ; -   ; -   ; -   ; 716.698,78 
SP;3547304;SANTANA DE PARNAIBA; 214.561.942,85 ; -   ; -   ; 18.869.757,34 ; 18.869.757,34 ; 233.431.700,19 
SP;3547700;SANTO ANASTACIO; 9.471.646,60 ; -   ; -   ; -   ; -   ; 9.471.646,60 
SP;3547809;SANTO ANDRE; 356.775.362,82 ; -   ; -   ; -   ; -   ; 356.775.362,82 
SP;3547908;SANTO ANTONIO DA ALEGRIA; 9.487.707,22 ; -   ; -   ; -   ; -   ; 9.487.707,22 
SP;3548005;SANTO ANTONIO DE POSSE; 34.562.660,88 ; -   ; 797.371,01 ; -   ; 797.371,01 ; 35.360.031,89 
SP;3548054;SANTO ANTONIO DO ARACANGUA; 10.434.407,87 ; -   ; -   ; -   ; -   ; 10.434.407,87 
SP;3548104;SANTO ANTONIO DO JARDIM; 4.683.619,47 ; -   ; -   ; -   ; -   ; 4.683.619,47 
SP;3548203;SANTO ANTONIO DO PINHAL; 10.889.509,28 ; -   ; 426.702,89 ; -   ; 426.702,89 ; 11.316.212,17 
SP;3548302;SANTO EXPEDITO; 2.734.581,59 ; -   ; -   ; 246.775,77 ; 246.775,77 ; 2.981.357,36 
SP;3548401;SANTOPOLIS DO AGUAPEI; 5.016.207,60 ; -   ; -   ; -   ; -   ; 5.016.207,60 
SP;3548500;SANTOS; 287.517.555,11 ; -   ; -   ; 22.083.972,85 ; 22.083.972,85 ; 309.601.527,96 
SP;3548609;SAO BENTO DO SAPUCAI; 6.717.247,38 ; -   ; -   ; 658.064,92 ; 658.064,92 ; 7.375.312,30 
SP;3548708;SAO BERNARDO DO CAMPO; 595.109.372,22 ; -   ; -   ; -   ; -   ; 595.109.372,22 
SP;3548807;SAO CAETANO DO SUL; 151.308.526,11 ; -   ; -   ; -   ; -   ; 151.308.526,11 
SP;3548906;SAO CARLOS; 139.604.817,58 ; -   ; -   ; -   ; -   ; 139.604.817,58 
SP;3549003;SAO FRANCISCO; 1.308.528,42 ; -   ; -   ; -   ; -   ; 1.308.528,42 
SP;3549102;SAO JOAO DA BOA VISTA; 62.617.531,30 ; -   ; -   ; -   ; -   ; 62.617.531,30 
SP;3549201;SAO JOAO DAS DUAS PONTES; 1.898.505,04 ; -   ; -   ; -   ; -   ; 1.898.505,04 
SP;3549250;SAO JOAO DE IRACEMA; 2.239.759,82 ; -   ; -   ; 77.781,71 ; 77.781,71 ; 2.317.541,53 
SP;3549300;SAO JOAO DO PAU DALHO; 1.777.908,09 ; -   ; -   ; -   ; -   ; 1.777.908,09 
SP;3549409;SAO JOAQUIM DA BARRA; 27.233.852,26 ; -   ; -   ; 2.337.640,04 ; 2.337.640,04 ; 29.571.492,30 
SP;3549508;SAO JOSE DA BELA VISTA; 6.104.092,40 ; -   ; -   ; 266.236,07 ; 266.236,07 ; 6.370.328,47 
SP;3549607;SAO JOSE DO BARREIRO; 5.381.050,27 ; -   ; -   ; -   ; -   ; 5.381.050,27 
SP;3549706;SAO JOSE DO RIO PARDO; 30.904.755,86 ; -   ; -   ; 2.582.231,20 ; 2.582.231,20 ; 33.486.987,06 
SP;3549805;SAO JOSE DO RIO PRETO; 312.526.836,47 ; -   ; -   ; -   ; -   ; 312.526.836,47 
SP;3549904;SAO JOSE DOS CAMPOS; 640.985.017,79 ; -   ; -   ; -   ; -   ; 640.985.017,79 
SP;3549953;SAO LOURENCO DA SERRA; 12.198.109,21 ; -   ; -   ; -   ; -   ; 12.198.109,21 
SP;3550001;SAO LUIS DO PARAITINGA; 12.099.401,43 ; -   ; -   ; 1.085.287,63 ; 1.085.287,63 ; 13.184.689,06 
SP;3550100;SAO MANUEL; 29.311.269,10 ; -   ; -   ; -   ; -   ; 29.311.269,10 
SP;3550209;SAO MIGUEL ARCANJO; 27.421.669,83 ; -   ; -   ; 1.203.492,70 ; 1.203.492,70 ; 28.625.162,53 
SP;3550308;SAO PAULO; 8.280.999.245,03 ; -   ; -   ; -   ; -   ; 8.280.999.245,03 
SP;3550407;SAO PEDRO; 43.246.883,68 ; -   ; -   ; -   ; -   ; 43.246.883,68 
SP;3550506;SAO PEDRO DO TURVO; 7.410.594,36 ; -   ; -   ; -   ; -   ; 7.410.594,36 
SP;3550605;SAO ROQUE; 106.543.715,19 ; -   ; -   ; -   ; -   ; 106.543.715,19 
SP;3550704;SAO SEBASTIAO; 132.524.948,76 ; -   ; -   ; -   ; -   ; 132.524.948,76 
SP;3550803;SAO SEBASTIAO DA GRAMA; 9.879.469,15 ; -   ; -   ; 426.210,37 ; 426.210,37 ; 10.305.679,52 
SP;3550902;SAO SIMAO; 7.502.895,41 ; -   ; -   ; 571.907,01 ; 571.907,01 ; 8.074.802,42 
SP;3551009;SAO VICENTE; 311.335.485,45 ; -   ; -   ; -   ; -   ; 311.335.485,45 
SP;3551108;SARAPUI; 9.979.102,44 ; -   ; -   ; -   ; -   ; 9.979.102,44 
SP;3551207;SARUTAIA; 3.487.354,98 ; -   ; -   ; -   ; -   ; 3.487.354,98 
SP;3551306;SEBASTIANOPOLIS DO SUL; 3.208.473,97 ; -   ; -   ; 137.735,70 ; 137.735,70 ; 3.346.209,67 
SP;3551405;SERRA AZUL; 7.692.789,29 ; -   ; -   ; -   ; -   ; 7.692.789,29 
SP;3551603;SERRA NEGRA; 15.320.528,81 ; -   ; -   ; 570.460,03 ; 570.460,03 ; 15.890.988,84 
SP;3551504;SERRANA; 52.106.615,09 ; -   ; 3.173.104,82 ; -   ; 3.173.104,82 ; 55.279.719,91 
SP;3551702;SERTAOZINHO; 123.050.978,53 ; -   ; -   ; -   ; -   ; 123.050.978,53 
SP;3551801;SETE BARRAS; 13.971.907,33 ; -   ; 1.215.395,73 ; -   ; 1.215.395,73 ; 15.187.303,06 
SP;3551900;SEVERINIA; 18.871.548,58 ; -   ; 819.238,10 ; 813.173,96 ; 1.632.412,06 ; 20.503.960,64 
SP;3552007;SILVEIRAS; 5.598.008,06 ; -   ; -   ; -   ; -   ; 5.598.008,06 
SP;3552106;SOCORRO; 25.736.656,68 ; -   ; -   ; -   ; -   ; 25.736.656,68 
SP;3552205;SOROCABA; 497.771.480,62 ; -   ; -   ; -   ; -   ; 497.771.480,62 
SP;3552304;SUD MENNUCCI; 10.509.778,17 ; -   ; -   ; -   ; -   ; 10.509.778,17 
SP;3552403;SUMARE; 202.417.582,48 ; -   ; -   ; -   ; -   ; 202.417.582,48 
SP;3552551;SUZANAPOLIS; 3.011.937,85 ; -   ; -   ; 313.771,28 ; 313.771,28 ; 3.325.709,13 
SP;3552502;SUZANO; 217.770.454,71 ; -   ; -   ; -   ; -   ; 217.770.454,71 
SP;3552601;TABAPUA; 11.972.766,62 ; -   ; -   ; 502.996,71 ; 502.996,71 ; 12.475.763,33 
SP;3552700;TABATINGA; 15.552.514,55 ; -   ; 423.572,70 ; -   ; 423.572,70 ; 15.976.087,25 
SP;3552809;TABOAO DA SERRA; 192.645.434,14 ; -   ; -   ; -   ; -   ; 192.645.434,14 
SP;3552908;TACIBA; 6.898.456,46 ; -   ; -   ; 621.365,75 ; 621.365,75 ; 7.519.822,21 
SP;3553005;TAGUAI; 15.015.538,66 ; -   ; 1.390.746,97 ; -   ; 1.390.746,97 ; 16.406.285,63 
SP;3553104;TAIACU; 6.012.963,99 ; -   ; 346.855,99 ; -   ; 346.855,99 ; 6.359.819,98 
SP;3553203;TAIUVA; 5.844.592,80 ; -   ; -   ; -   ; -   ; 5.844.592,80 
SP;3553302;TAMBAU; 16.712.577,68 ; -   ; -   ; 1.425.875,00 ; 1.425.875,00 ; 18.138.452,68 
SP;3553401;TANABI; 22.413.395,43 ; -   ; -   ; -   ; -   ; 22.413.395,43 
SP;3553500;TAPIRAI; 9.757.001,81 ; -   ; 1.591.676,51 ; -   ; 1.591.676,51 ; 11.348.678,32 
SP;3553609;TAPIRATIBA; 15.049.429,34 ; -   ; 564.540,14 ; -   ; 564.540,14 ; 15.613.969,48 
SP;3553658;TAQUARAL; 2.049.942,19 ; -   ; -   ; 83.355,49 ; 83.355,49 ; 2.133.297,68 
SP;3553708;TAQUARITINGA; 36.924.812,96 ; -   ; -   ; 3.202.400,91 ; 3.202.400,91 ; 40.127.213,87 
SP;3553807;TAQUARITUBA; 22.086.594,79 ; -   ; -   ; 954.898,71 ; 954.898,71 ; 23.041.493,50 
SP;3553856;TAQUARIVAI; 10.249.296,33 ; -   ; 844.983,10 ; 458.083,45 ; 1.303.066,55 ; 11.552.362,88 
SP;3553906;TARABAI; 9.328.653,86 ; -   ; -   ; -   ; -   ; 9.328.653,86 
SP;3553955;TARUMA; 17.426.653,01 ; -   ; -   ; 849.424,42 ; 849.424,42 ; 18.276.077,43 
SP;3554003;TATUI; 112.159.417,76 ; -   ; -   ; -   ; -   ; 112.159.417,76 
SP;3554102;TAUBATE; 338.469.446,80 ; -   ; -   ; -   ; -   ; 338.469.446,80 
SP;3554201;TEJUPA; 4.773.461,41 ; -   ; -   ; 427.474,40 ; 427.474,40 ; 5.200.935,81 
SP;3554300;TEODORO SAMPAIO; 21.392.901,78 ; -   ; -   ; -   ; -   ; 21.392.901,78 
SP;3554409;TERRA ROXA; 9.357.363,08 ; -   ; 154.005,90 ; 402.681,43 ; 556.687,33 ; 9.914.050,41 
SP;3554508;TIETE; 44.454.803,51 ; -   ; -   ; -   ; -   ; 44.454.803,51 
SP;3554607;TIMBURI; 2.146.788,63 ; -   ; -   ; 188.566,27 ; 188.566,27 ; 2.335.354,90 
SP;3554656;TORRE DE PEDRA; 2.477.979,50 ; -   ; -   ; -   ; -   ; 2.477.979,50 
SP;3554706;TORRINHA; 6.482.000,14 ; -   ; -   ; -   ; -   ; 6.482.000,14 
SP;3554755;TRABIJU; 2.349.906,43 ; -   ; -   ; -   ; -   ; 2.349.906,43 
SP;3554805;TREMEMBE; 40.740.379,10 ; -   ; -   ; -   ; -   ; 40.740.379,10 
SP;3554904;TRES FRONTEIRAS; 4.932.425,50 ; -   ; -   ; -   ; -   ; 4.932.425,50 
SP;3554953;TUIUTI; 9.392.779,82 ; -   ; 884.609,98 ; -   ; 884.609,98 ; 10.277.389,80 
SP;3555000;TUPA; 40.740.418,12 ; -   ; -   ; 1.597.749,57 ; 1.597.749,57 ; 42.338.167,69 
SP;3555109;TUPI PAULISTA; 14.277.608,09 ; -   ; 2.019.119,33 ; 659.954,03 ; 2.679.073,36 ; 16.956.681,45 
SP;3555208;TURIUBA; 1.746.400,27 ; -   ; -   ; 62.787,25 ; 62.787,25 ; 1.809.187,52 
SP;3555307;TURMALINA; 1.617.422,55 ; -   ; -   ; -   ; -   ; 1.617.422,55 
SP;3555356;UBARANA; 8.213.405,80 ; -   ; -   ; -   ; -   ; 8.213.405,80 
SP;3555406;UBATUBA; 106.386.273,00 ; -   ; -   ; -   ; -   ; 106.386.273,00 
SP;3555505;UBIRAJARA; 5.033.341,24 ; -   ; -   ; -   ; -   ; 5.033.341,24 
SP;3555604;UCHOA; 11.554.762,65 ; -   ; -   ; -   ; -   ; 11.554.762,65 
SP;3555703;UNIAO PAULISTA; 955.071,24 ; -   ; -   ; -   ; -   ; 955.071,24 
SP;3555802;URANIA; 4.048.633,01 ; -   ; -   ; -   ; -   ; 4.048.633,01 
SP;3555901;URU; 1.837.736,18 ; -   ; -   ; -   ; -   ; 1.837.736,18 
SP;3556008;URUPES; 15.465.274,21 ; -   ; -   ; 1.483.584,95 ; 1.483.584,95 ; 16.948.859,16 
SP;3556107;VALENTIM GENTIL; 11.901.903,62 ; -   ; -   ; 549.834,34 ; 549.834,34 ; 12.451.737,96 
SP;3556206;VALINHOS; 78.348.925,42 ; -   ; -   ; -   ; -   ; 78.348.925,42 
SP;3556305;VALPARAISO; 21.384.739,49 ; -   ; -   ; -   ; -   ; 21.384.739,49 
SP;3556354;VARGEM; 12.745.932,90 ; -   ; 150.861,47 ; -   ; 150.861,47 ; 12.896.794,37 
SP;3556404;VARGEM GRANDE DO SUL; 31.318.355,21 ; -   ; -   ; -   ; -   ; 31.318.355,21 
SP;3556453;VARGEM GRANDE PAULISTA; 39.685.405,13 ; -   ; -   ; -   ; -   ; 39.685.405,13 
SP;3556503;VARZEA PAULISTA; 84.852.114,37 ; -   ; -   ; -   ; -   ; 84.852.114,37 
SP;3556602;VERA CRUZ; 7.456.969,89 ; -   ; -   ; 693.986,35 ; 693.986,35 ; 8.150.956,24 
SP;3556701;VINHEDO; 95.120.865,40 ; -   ; -   ; -   ; -   ; 95.120.865,40 
SP;3556800;VIRADOURO; 18.869.786,74 ; -   ; -   ; 1.545.360,49 ; 1.545.360,49 ; 20.415.147,23 
SP;3556909;VISTA ALEGRE DO ALTO; 8.135.532,75 ; -   ; -   ; 731.710,10 ; 731.710,10 ; 8.867.242,85 
SP;3556958;VITORIA BRASIL; 1.574.013,91 ; -   ; -   ; -   ; -   ; 1.574.013,91 
SP;3557006;VOTORANTIM; 95.270.258,46 ; -   ; -   ; -   ; -   ; 95.270.258,46 
SP;3557105;VOTUPORANGA; 78.429.151,82 ; -   ; -   ; 3.105.509,48 ; 3.105.509,48 ; 81.534.661,30 
SP;3557154;ZACARIAS; 2.250.137,46 ; -   ; -   ; 218.174,89 ; 218.174,89 ; 2.468.312,35 
SP;35;GOVERNO DO ESTADO; 30.847.818.244,06 ; -   ; -   ; -   ; -   ; 30.847.818.244,06 
TO;1700251;ABREULANDIA; 6.144.980,39 ; -   ; -   ; 358.909,06 ; 358.909,06 ; 6.503.889,45 
TO;1700301;AGUIARNOPOLIS; 7.402.490,64 ; -   ; -   ; 265.027,22 ; 265.027,22 ; 7.667.517,86 
TO;1700350;ALIANCA DO TOCANTINS; 8.437.720,27 ; -   ; -   ; 457.896,16 ; 457.896,16 ; 8.895.616,43 
TO;1700400;ALMAS; 12.056.258,71 ; -   ; -   ; -   ; -   ; 12.056.258,71 
TO;1700707;ALVORADA; 14.244.714,69 ; -   ; -   ; -   ; -   ; 14.244.714,69 
TO;1701002;ANANAS; 16.522.779,18 ; -   ; 2.615.189,66 ; 941.280,27 ; 3.556.469,93 ; 20.079.249,11 
TO;1701051;ANGICO; 4.534.522,66 ; -   ; -   ; 267.421,90 ; 267.421,90 ; 4.801.944,56 
TO;1701101;APARECIDA DO RIO NEGRO; 9.876.558,02 ; -   ; -   ; -   ; -   ; 9.876.558,02 
TO;1701309;ARAGOMINAS; 6.293.248,42 ; -   ; -   ; 368.948,19 ; 368.948,19 ; 6.662.196,61 
TO;1701903;ARAGUACEMA; 8.606.897,57 ; -   ; -   ; -   ; -   ; 8.606.897,57 
TO;1702000;ARAGUACU; 11.323.021,10 ; -   ; -   ; -   ; -   ; 11.323.021,10 
TO;1702109;ARAGUAINA; 231.350.641,22 ; -   ; -   ; -   ; -   ; 231.350.641,22 
TO;1702158;ARAGUANA; 6.318.215,87 ; -   ; -   ; -   ; -   ; 6.318.215,87 
TO;1702208;ARAGUATINS; 40.004.531,79 ; -   ; -   ; 1.078.528,60 ; 1.078.528,60 ; 41.083.060,39 
TO;1702307;ARAPOEMA; 7.987.754,53 ; -   ; -   ; -   ; -   ; 7.987.754,53 
TO;1702406;ARRAIAS; 13.646.193,10 ; -   ; -   ; -   ; -   ; 13.646.193,10 
TO;1702554;AUGUSTINOPOLIS; 28.435.008,67 ; -   ; 4.180.399,64 ; -   ; 4.180.399,64 ; 32.615.408,31 
TO;1702703;AURORA DO TOCANTINS; 3.946.239,44 ; -   ; -   ; -   ; -   ; 3.946.239,44 
TO;1702901;AXIXA DO TOCANTINS; 29.481.747,34 ; -   ; 3.503.857,97 ; 1.499.840,03 ; 5.003.698,00 ; 34.485.445,34 
TO;1703008;BABACULANDIA; 11.300.517,83 ; -   ; -   ; 681.744,54 ; 681.744,54 ; 11.982.262,37 
TO;1703057;BANDEIRANTES DO TOCANTINS; 7.440.920,84 ; -   ; -   ; 407.471,00 ; 407.471,00 ; 7.848.391,84 
TO;1703073;BARRA DO OURO; 8.244.852,12 ; -   ; 389.778,59 ; 458.549,03 ; 848.327,62 ; 9.093.179,74 
TO;1703107;BARROLANDIA; 7.210.775,12 ; -   ; -   ; -   ; -   ; 7.210.775,12 
TO;1703206;BERNARDO SAYAO; 9.086.014,35 ; -   ; -   ; 290.616,38 ; 290.616,38 ; 9.376.630,73 
TO;1703305;BOM JESUS DO TOCANTINS; 6.914.026,57 ; -   ; -   ; -   ; -   ; 6.914.026,57 
TO;1703602;BRASILANDIA DO TOCANTINS; 2.985.074,37 ; -   ; -   ; -   ; -   ; 2.985.074,37 
TO;1703701;BREJINHO DE NAZARE; 9.515.464,22 ; -   ; -   ; 253.446,02 ; 253.446,02 ; 9.768.910,24 
TO;1703800;BURITI DO TOCANTINS; 17.064.478,24 ; -   ; 1.881.345,89 ; 925.628,69 ; 2.806.974,58 ; 19.871.452,82 
TO;1703826;CACHOEIRINHA; 4.247.689,85 ; -   ; 396.810,55 ; 137.291,78 ; 534.102,33 ; 4.781.792,18 
TO;1703842;CAMPOS LINDOS; 22.811.766,71 ; -   ; -   ; 1.367.689,91 ; 1.367.689,91 ; 24.179.456,62 
TO;1703867;CARIRI DO TOCANTINS; 8.208.558,87 ; -   ; -   ; 225.772,53 ; 225.772,53 ; 8.434.331,40 
TO;1703883;CARMOLANDIA; 5.270.121,44 ; -   ; -   ; -   ; -   ; 5.270.121,44 
TO;1703891;CARRASCO BONITO; 7.181.445,97 ; -   ; -   ; 353.867,71 ; 353.867,71 ; 7.535.313,68 
TO;1703909;CASEARA; 9.244.204,46 ; -   ; 759.431,71 ; 577.179,82 ; 1.336.611,53 ; 10.580.815,99 
TO;1704105;CENTENARIO; 2.835.231,72 ; -   ; -   ; 193.718,37 ; 193.718,37 ; 3.028.950,09 
TO;1705102;CHAPADA DA NATIVIDADE; 6.018.858,61 ; -   ; 305.809,08 ; 251.194,54 ; 557.003,62 ; 6.575.862,23 
TO;1704600;CHAPADA DE AREIA; 3.279.738,35 ; -   ; -   ; 186.639,64 ; 186.639,64 ; 3.466.377,99 
TO;1705508;COLINAS DO TOCANTINS; 66.220.691,20 ; -   ; 3.740.307,89 ; 3.820.574,01 ; 7.560.881,90 ; 73.781.573,10 
TO;1716703;COLMEIA; 10.847.533,72 ; -   ; 1.337.652,64 ; -   ; 1.337.652,64 ; 12.185.186,36 
TO;1705557;COMBINADO; 5.296.242,19 ; -   ; -   ; -   ; -   ; 5.296.242,19 
TO;1705607;CONCEICAO DO TOCANTINS; 7.444.825,34 ; -   ; -   ; -   ; -   ; 7.444.825,34 
TO;1706001;COUTO DE MAGALHAES; 13.186.532,10 ; -   ; 997.578,63 ; 341.711,99 ; 1.339.290,62 ; 14.525.822,72 
TO;1706100;CRISTALANDIA; 7.199.483,76 ; -   ; -   ; 460.546,03 ; 460.546,03 ; 7.660.029,79 
TO;1706258;CRIXAS DO TOCANTINS; 3.542.885,25 ; -   ; -   ; 185.064,42 ; 185.064,42 ; 3.727.949,67 
TO;1706506;DARCINOPOLIS; 8.060.815,80 ; -   ; 648.709,58 ; -   ; 648.709,58 ; 8.709.525,38 
TO;1707009;DIANOPOLIS; 28.790.228,72 ; -   ; -   ; 1.891.091,75 ; 1.891.091,75 ; 30.681.320,47 
TO;1707108;DIVINOPOLIS DO TOCANTINS; 10.206.141,64 ; -   ; -   ; -   ; -   ; 10.206.141,64 
TO;1707207;DOIS IRMAOS DO TOCANTINS; 8.685.018,32 ; -   ; -   ; -   ; -   ; 8.685.018,32 
TO;1707306;DUERE; 5.300.226,58 ; -   ; -   ; 197.263,36 ; 197.263,36 ; 5.497.489,94 
TO;1707405;ESPERANTINA; 17.380.336,10 ; -   ; 258.345,99 ; 1.012.065,79 ; 1.270.411,78 ; 18.650.747,88 
TO;1707553;FATIMA; 4.898.311,09 ; -   ; -   ; -   ; -   ; 4.898.311,09 
TO;1707652;FIGUEIROPOLIS; 5.599.100,29 ; -   ; -   ; -   ; -   ; 5.599.100,29 
TO;1707702;FILADELFIA; 11.369.251,85 ; -   ; 784.897,68 ; 605.600,26 ; 1.390.497,94 ; 12.759.749,79 
TO;1708205;FORMOSO DO ARAGUAIA; 22.073.067,34 ; -   ; -   ; -   ; -   ; 22.073.067,34 
TO;1708254;FORTALEZA DO TABOCAO; 8.418.975,81 ; -   ; -   ; 239.436,22 ; 239.436,22 ; 8.658.412,03 
TO;1708304;GOIANORTE; 6.985.630,73 ; -   ; -   ; -   ; -   ; 6.985.630,73 
TO;1709005;GOIATINS; 24.745.254,46 ; -   ; -   ; 1.446.152,27 ; 1.446.152,27 ; 26.191.406,73 
TO;1709302;GUARAI; 22.515.135,74 ; -   ; -   ; -   ; -   ; 22.515.135,74 
TO;1709500;GURUPI; 107.909.857,35 ; -   ; -   ; -   ; -   ; 107.909.857,35 
TO;1709807;IPUEIRAS; 3.561.496,86 ; -   ; -   ; 214.455,19 ; 214.455,19 ; 3.775.952,05 
TO;1710508;ITACAJA; 9.057.994,54 ; -   ; -   ; -   ; -   ; 9.057.994,54 
TO;1710706;ITAGUATINS; 11.628.203,78 ; -   ; -   ; 547.356,11 ; 547.356,11 ; 12.175.559,89 
TO;1710904;ITAPIRATINS; 5.823.524,22 ; -   ; -   ; 331.234,49 ; 331.234,49 ; 6.154.758,71 
TO;1711100;ITAPORA DO TOCANTINS; 3.108.998,65 ; -   ; -   ; 218.416,77 ; 218.416,77 ; 3.327.415,42 
TO;1711506;JAU DO TOCANTINS; 6.388.394,27 ; -   ; -   ; 208.369,79 ; 208.369,79 ; 6.596.764,06 
TO;1711803;JUARINA; 5.802.698,64 ; -   ; -   ; 292.633,65 ; 292.633,65 ; 6.095.332,29 
TO;1711902;LAGOA DA CONFUSAO; 24.672.713,32 ; -   ; 399.078,24 ; -   ; 399.078,24 ; 25.071.791,56 
TO;1711951;LAGOA DO TOCANTINS; 8.215.010,25 ; -   ; -   ; 431.642,28 ; 431.642,28 ; 8.646.652,53 
TO;1712009;LAJEADO; 9.642.150,52 ; -   ; -   ; -   ; -   ; 9.642.150,52 
TO;1712157;LAVANDEIRA; 2.812.300,19 ; -   ; -   ; -   ; -   ; 2.812.300,19 
TO;1712405;LIZARDA; 4.288.999,82 ; -   ; -   ; -   ; -   ; 4.288.999,82 
TO;1712454;LUZINOPOLIS; 5.288.113,25 ; -   ; 433.762,94 ; -   ; 433.762,94 ; 5.721.876,19 
TO;1712504;MARIANOPOLIS DO TOCANTINS; 12.325.207,41 ; -   ; 1.664.098,82 ; -   ; 1.664.098,82 ; 13.989.306,23 
TO;1712702;MATEIROS; 3.986.422,98 ; -   ; -   ; -   ; -   ; 3.986.422,98 
TO;1712801;MAURILANDIA DO TOCANTINS; 8.029.486,92 ; -   ; -   ; 425.591,34 ; 425.591,34 ; 8.455.078,26 
TO;1713205;MIRACEMA DO TOCANTINS; 19.217.078,58 ; -   ; -   ; 1.138.080,62 ; 1.138.080,62 ; 20.355.159,20 
TO;1713304;MIRANORTE; 17.268.965,41 ; -   ; -   ; -   ; -   ; 17.268.965,41 
TO;1713601;MONTE DO CARMO; 12.131.948,77 ; -   ; 1.190.401,40 ; 346.124,60 ; 1.536.526,00 ; 13.668.474,77 
TO;1713700;MONTE SANTO DO TOCANTINS; 3.489.616,28 ; -   ; -   ; 238.202,92 ; 238.202,92 ; 3.727.819,20 
TO;1713957;MURICILANDIA; 5.572.242,54 ; -   ; 203.644,18 ; 244.709,32 ; 448.353,50 ; 6.020.596,04 
TO;1714203;NATIVIDADE; 13.637.370,65 ; -   ; 703.829,81 ; -   ; 703.829,81 ; 14.341.200,46 
TO;1714302;NAZARE; 7.165.079,31 ; -   ; 692.884,79 ; 392.880,82 ; 1.085.765,61 ; 8.250.844,92 
TO;1714880;NOVA OLINDA; 19.551.217,16 ; -   ; 1.058.669,07 ; -   ; 1.058.669,07 ; 20.609.886,23 
TO;1715002;NOVA ROSALANDIA; 3.576.667,06 ; -   ; -   ; 129.401,38 ; 129.401,38 ; 3.706.068,44 
TO;1715101;NOVO ACORDO; 6.348.557,05 ; -   ; -   ; 423.689,83 ; 423.689,83 ; 6.772.246,88 
TO;1715150;NOVO ALEGRE; 1.541.886,04 ; -   ; -   ; 55.195,60 ; 55.195,60 ; 1.597.081,64 
TO;1715259;NOVO JARDIM; 3.046.041,56 ; -   ; -   ; -   ; -   ; 3.046.041,56 
TO;1715507;OLIVEIRA DE FATIMA; 3.227.821,45 ; -   ; -   ; 172.931,93 ; 172.931,93 ; 3.400.753,38 
TO;1721000;PALMAS; 483.645.635,03 ; -   ; -   ; -   ; -   ; 483.645.635,03 
TO;1715705;PALMEIRANTE; 9.473.875,10 ; -   ; -   ; 554.208,09 ; 554.208,09 ; 10.028.083,19 
TO;1713809;PALMEIRAS DO TOCANTINS; 8.411.773,36 ; -   ; -   ; 413.186,65 ; 413.186,65 ; 8.824.960,01 
TO;1715754;PALMEIROPOLIS; 13.313.498,05 ; -   ; 1.956.065,95 ; 782.908,02 ; 2.738.973,97 ; 16.052.472,02 
TO;1716109;PARAISO DO TOCANTINS; 58.970.636,94 ; -   ; -   ; -   ; -   ; 58.970.636,94 
TO;1716208;PARANA; 20.597.611,21 ; -   ; 1.009.146,38 ; 985.028,39 ; 1.994.174,77 ; 22.591.785,98 
TO;1716307;PAU DARCO; 7.109.742,40 ; -   ; 198.946,04 ; -   ; 198.946,04 ; 7.308.688,44 
TO;1716505;PEDRO AFONSO; 21.742.683,53 ; -   ; -   ; 1.383.890,79 ; 1.383.890,79 ; 23.126.574,32 
TO;1716604;PEIXE; 12.382.724,34 ; -   ; -   ; -   ; -   ; 12.382.724,34 
TO;1716653;PEQUIZEIRO; 11.011.941,94 ; -   ; 408.696,93 ; 290.872,18 ; 699.569,11 ; 11.711.511,05 
TO;1717008;PINDORAMA DO TOCANTINS; 5.347.187,41 ; -   ; -   ; 195.091,40 ; 195.091,40 ; 5.542.278,81 
TO;1717206;PIRAQUE; 5.169.138,77 ; -   ; 519.742,73 ; -   ; 519.742,73 ; 5.688.881,50 
TO;1717503;PIUM; 12.212.372,40 ; -   ; -   ; -   ; -   ; 12.212.372,40 
TO;1717800;PONTE ALTA DO BOM JESUS; 4.489.723,16 ; -   ; -   ; 297.498,61 ; 297.498,61 ; 4.787.221,77 
TO;1717909;PONTE ALTA DO TOCANTINS; 10.055.265,56 ; -   ; -   ; -   ; -   ; 10.055.265,56 
TO;1718006;PORTO ALEGRE DO TOCANTINS; 4.209.557,35 ; -   ; -   ; 153.038,88 ; 153.038,88 ; 4.362.596,23 
TO;1718204;PORTO NACIONAL; 90.245.286,31 ; -   ; -   ; -   ; -   ; 90.245.286,31 
TO;1718303;PRAIA NORTE; 16.738.494,90 ; -   ; -   ; 1.013.750,52 ; 1.013.750,52 ; 17.752.245,42 
TO;1718402;PRESIDENTE KENNEDY; 3.932.972,97 ; -   ; -   ; 232.944,53 ; 232.944,53 ; 4.165.917,50 
TO;1718451;PUGMIL; 4.419.376,80 ; -   ; -   ; -   ; -   ; 4.419.376,80 
TO;1718501;RECURSOLANDIA; 7.045.887,81 ; -   ; -   ; -   ; -   ; 7.045.887,81 
TO;1718550;RIACHINHO; 8.507.891,49 ; -   ; -   ; 260.498,03 ; 260.498,03 ; 8.768.389,52 
TO;1718659;RIO DA CONCEICAO; 3.179.952,10 ; -   ; -   ; -   ; -   ; 3.179.952,10 
TO;1718709;RIO DOS BOIS; 4.328.818,70 ; -   ; -   ; 256.619,41 ; 256.619,41 ; 4.585.438,11 
TO;1718758;RIO SONO; 8.968.670,81 ; -   ; -   ; 501.089,18 ; 501.089,18 ; 9.469.759,99 
TO;1718808;SAMPAIO; 9.119.559,75 ; -   ; 291.537,08 ; 265.268,33 ; 556.805,41 ; 9.676.365,16 
TO;1718840;SANDOLANDIA; 4.048.706,52 ; -   ; -   ; -   ; -   ; 4.048.706,52 
TO;1718865;SANTA FE DO ARAGUAIA; 11.436.094,44 ; -   ; 1.531.093,57 ; 333.268,50 ; 1.864.362,07 ; 13.300.456,51 
TO;1718881;SANTA MARIA DO TOCANTINS; 4.731.380,66 ; -   ; -   ; 272.549,20 ; 272.549,20 ; 5.003.929,86 
TO;1718899;SANTA RITA DO TOCANTINS; 4.268.806,96 ; -   ; -   ; -   ; -   ; 4.268.806,96 
TO;1718907;SANTA ROSA DO TOCANTINS; 12.376.736,57 ; -   ; 1.306.144,90 ; 574.709,92 ; 1.880.854,82 ; 14.257.591,39 
TO;1719004;SANTA TEREZA DO TOCANTINS; 5.872.118,93 ; -   ; 2.407,71 ; -   ; 2.407,71 ; 5.874.526,64 
TO;1720002;SANTA TEREZINHA DO TOCANTINS; 5.216.952,10 ; -   ; -   ; 268.635,06 ; 268.635,06 ; 5.485.587,16 
TO;1720101;SAO BENTO DO TOCANTINS; 16.043.643,42 ; -   ; 4.801.345,38 ; 829.218,68 ; 5.630.564,06 ; 21.674.207,48 
TO;1720150;SAO FELIX DO TOCANTINS; 3.440.648,59 ; -   ; -   ; 84.968,05 ; 84.968,05 ; 3.525.616,64 
TO;1720200;SAO MIGUEL DO TOCANTINS; 31.271.892,46 ; -   ; 5.268.265,74 ; 1.698.906,55 ; 6.967.172,29 ; 38.239.064,75 
TO;1720259;SAO SALVADOR DO TOCANTINS; 4.873.575,88 ; -   ; -   ; 239.107,98 ; 239.107,98 ; 5.112.683,86 
TO;1720309;SAO SEBASTIAO DO TOCANTINS; 10.211.228,10 ; -   ; 1.253.104,28 ; 540.257,05 ; 1.793.361,33 ; 12.004.589,43 
TO;1720499;SAO VALERIO; 9.071.962,02 ; -   ; -   ; 259.426,32 ; 259.426,32 ; 9.331.388,34 
TO;1720655;SILVANOPOLIS; 8.373.066,95 ; -   ; -   ; -   ; -   ; 8.373.066,95 
TO;1720804;SITIO NOVO DO TOCANTINS; 30.116.458,20 ; -   ; 6.615.258,15 ; 1.511.962,30 ; 8.127.220,45 ; 38.243.678,65 
TO;1720853;SUCUPIRA; 2.001.134,66 ; -   ; -   ; -   ; -   ; 2.001.134,66 
TO;1720903;TAGUATINGA; 18.766.310,53 ; -   ; -   ; -   ; -   ; 18.766.310,53 
TO;1720937;TAIPAS DO TOCANTINS; 2.878.084,62 ; -   ; -   ; 184.438,32 ; 184.438,32 ; 3.062.522,94 
TO;1720978;TALISMA; 4.404.658,96 ; -   ; -   ; 150.984,07 ; 150.984,07 ; 4.555.643,03 
TO;1721109;TOCANTINIA; 15.835.737,23 ; -   ; 1.105.904,04 ; -   ; 1.105.904,04 ; 16.941.641,27 
TO;1721208;TOCANTINOPOLIS; 28.931.898,10 ; -   ; -   ; 1.907.429,65 ; 1.907.429,65 ; 30.839.327,75 
TO;1721257;TUPIRAMA; 2.199.251,39 ; -   ; -   ; -   ; -   ; 2.199.251,39 
TO;1721307;TUPIRATINS; 2.682.874,89 ; -   ; -   ; -   ; -   ; 2.682.874,89 
TO;1722081;WANDERLANDIA; 15.878.024,17 ; -   ; 467.906,02 ; 918.662,20 ; 1.386.568,22 ; 17.264.592,39 
TO;1722107;XAMBIOA; 17.814.141,33 ; -   ; 32.423,35 ; 1.141.356,63 ; 1.173.779,98 ; 18.987.921,31 
TO;17;GOVERNO DO ESTADO; 1.610.288.518,93 ; -   ; -   ; -   ; -   ; 1.610.288.518,93 
;;TOTAL; 303.991.931.158,33 ; 30.399.193.115,82 ; 31.919.152.771,60 ; 7.599.798.278,95 ; 69.918.144.166,37 ; 373.910.075.324,70 
;;;;;;;;
