Cronograma da Complementação da União-VAAF 2026 - Portaria Interministerial MEC MF nº 11, de 28 de Agosto de 2026;;;;;;;;;;;;;;;;
;;;;;;;;;;;;;;;;
UF;Ente Federado;"Código
IBGE";Janeiro;Fevereiro;Março;Abril;Maio;Junho;Julho;Agosto;Setembro;Outubro;Novembro;Dezembro;"Janeiro do
Ano Seguinte";Total
AL;AGUA BRANCA;2700102; 400.424,55 ; 440.467,01 ; 480.509,47 ; 520.551,92 ; 614.683,52 ; 652.132,40 ; 652.132,40 ; 695.607,89 ; 738.131,08 ; 715.843,41 ; 715.843,41 ; 715.843,41 ; 1.322.445,17 ; 8.664.615,63 
AL;ANADIA;2700201; 259.182,60 ; 285.100,86 ; 311.019,12 ; 336.937,38 ; 397.865,89 ; 422.105,41 ; 422.105,41 ; 450.245,77 ; 458.333,03 ; 460.665,14 ; 460.665,14 ; 460.665,14 ; 851.030,24 ; 5.575.921,10 
AL;ARAPIRACA;2700300; 2.422.812,62 ; 2.665.093,88 ; 2.907.375,14 ; 3.149.656,40 ; 3.719.209,93 ; 3.945.798,48 ; 3.945.798,48 ; 4.208.851,72 ; 4.299.508,11 ; 4.308.325,93 ; 4.308.325,93 ; 4.308.325,93 ; 7.959.177,61 ; 52.148.260,15 
AL;ATALAIA;2700409; 665.512,61 ; 732.063,87 ; 798.615,13 ; 865.166,39 ; 1.021.614,75 ; 1.083.855,44 ; 1.083.855,44 ; 1.156.112,47 ; 1.192.036,36 ; 1.184.955,50 ; 1.184.955,50 ; 1.184.955,50 ; 2.189.080,27 ; 14.342.779,24 
AL;BARRA DE SANTO ANTONIO;2700508; 272.294,47 ; 299.523,91 ; 326.753,36 ; 353.982,80 ; 417.993,64 ; 443.459,42 ; 443.459,42 ; 473.023,38 ; 483.756,80 ; 484.278,14 ; 484.278,14 ; 484.278,14 ; 894.652,76 ; 5.861.734,39 
AL;BARRA DE SAO MIGUEL;2700607; 160.653,23 ; 176.718,55 ; 192.783,88 ; 208.849,20 ; 246.615,48 ; 261.640,24 ; 261.640,24 ; 279.082,92 ; 284.169,87 ; 285.551,53 ; 285.551,53 ; 285.551,53 ; 527.526,33 ; 3.456.334,54 
AL;BATALHA;2700706; 262.720,05 ; 288.992,06 ; 315.264,07 ; 341.536,08 ; 403.296,17 ; 427.866,52 ; 427.866,52 ; 456.390,96 ; 468.876,80 ; 467.543,47 ; 467.543,47 ; 467.543,47 ; 863.737,23 ; 5.659.176,89 
AL;BELEM;2700805; 138.733,72 ; 152.607,09 ; 166.480,46 ; 180.353,83 ; 212.967,28 ; 225.942,06 ; 225.942,06 ; 241.004,87 ; 245.333,78 ; 246.582,09 ; 246.582,09 ; 246.582,09 ; 455.534,39 ; 2.984.645,79 
AL;BELO MONTE;2700904; 174.924,50 ; 192.416,95 ; 209.909,40 ; 227.401,85 ; 268.523,01 ; 284.882,47 ; 284.882,47 ; 303.874,63 ; 310.112,10 ; 311.014,14 ; 311.014,14 ; 311.014,14 ; 574.565,82 ; 3.764.535,64 
AL;BOCA DA MATA;2701001; 405.051,63 ; 445.556,79 ; 486.061,96 ; 526.567,12 ; 621.786,45 ; 659.668,07 ; 659.668,07 ; 703.645,94 ; 716.284,75 ; 719.929,38 ; 719.929,38 ; 719.929,38 ; 1.329.993,56 ; 8.714.072,46 
AL;BRANQUINHA;2701100; 255.104,24 ; 280.614,67 ; 306.125,09 ; 331.635,51 ; 391.605,28 ; 415.463,38 ; 415.463,38 ; 443.160,94 ; 451.120,96 ; 453.416,36 ; 453.416,36 ; 453.416,36 ; 837.638,89 ; 5.488.181,44 
AL;CACIMBINHAS;2701209; 190.520,89 ; 209.572,98 ; 228.625,07 ; 247.677,15 ; 292.464,70 ; 310.282,78 ; 310.282,78 ; 330.968,30 ; 339.168,52 ; 338.938,21 ; 338.938,21 ; 338.938,21 ; 626.152,59 ; 4.102.530,40 
AL;CAJUEIRO;2701308; 336.550,81 ; 370.205,89 ; 403.860,97 ; 437.516,05 ; 516.632,25 ; 548.107,46 ; 548.107,46 ; 584.647,96 ; 595.149,34 ; 598.177,61 ; 598.177,61 ; 598.177,61 ; 1.105.070,02 ; 7.240.381,04 
AL;CAMPESTRE;2701357; 132.057,68 ; 145.263,45 ; 158.469,22 ; 171.674,99 ; 202.719,04 ; 215.069,46 ; 215.069,46 ; 229.407,43 ; 233.528,02 ; 234.716,26 ; 234.716,26 ; 234.716,26 ; 433.613,53 ; 2.841.021,07 
AL;CAMPO ALEGRE;2701407; 1.029.720,48 ; 1.132.692,53 ; 1.235.664,57 ; 1.338.636,62 ; 1.580.702,77 ; 1.677.005,26 ; 1.677.005,26 ; 1.788.805,61 ; 1.820.935,94 ; 1.830.201,30 ; 1.830.201,30 ; 1.830.201,30 ; 3.381.103,80 ; 22.152.876,76 
AL;CAMPO GRANDE;2701506; 189.378,28 ; 208.316,11 ; 227.253,94 ; 246.191,77 ; 290.710,72 ; 308.421,93 ; 308.421,93 ; 328.983,39 ; 334.892,55 ; 336.596,57 ; 336.596,57 ; 336.596,57 ; 621.826,65 ; 4.074.186,97 
AL;CANAPI;2701605; 452.326,32 ; 497.558,94 ; 542.791,58 ; 588.024,21 ; 694.356,84 ; 736.659,73 ; 736.659,73 ; 785.770,38 ; 805.379,83 ; 804.711,61 ; 804.711,61 ; 804.711,61 ; 1.486.619,79 ; 9.740.282,15 
AL;CAPELA;2701704; 305.336,69 ; 335.870,36 ; 366.404,03 ; 396.937,70 ; 468.716,10 ; 497.272,08 ; 497.272,08 ; 530.423,55 ; 542.890,47 ; 543.103,44 ; 543.103,44 ; 543.103,44 ; 1.003.326,30 ; 6.573.759,70 
AL;CARNEIROS;2701803; 191.662,22 ; 210.828,45 ; 229.994,67 ; 249.160,89 ; 294.216,75 ; 312.141,56 ; 312.141,56 ; 332.951,00 ; 342.251,27 ; 341.113,48 ; 341.113,48 ; 341.113,48 ; 630.171,17 ; 4.128.859,99 
AL;CHA PRETA;2701902; 100.958,46 ; 111.054,30 ; 121.150,15 ; 131.246,00 ; 154.979,25 ; 164.421,19 ; 164.421,19 ; 175.382,60 ; 179.283,68 ; 179.544,70 ; 179.544,70 ; 179.544,70 ; 331.689,89 ; 2.173.220,81 
AL;COITE DO NOIA;2702009; 199.534,06 ; 219.487,47 ; 239.440,88 ; 259.394,28 ; 306.300,65 ; 324.961,66 ; 324.961,66 ; 346.625,77 ; 355.442,34 ; 355.004,20 ; 355.004,20 ; 355.004,20 ; 655.832,81 ; 4.296.994,19 
AL;COLONIA LEOPOLDINA;2702108; 320.064,11 ; 352.070,52 ; 384.076,93 ; 416.083,34 ; 491.323,84 ; 521.257,18 ; 521.257,18 ; 556.007,66 ; 565.994,61 ; 568.874,52 ; 568.874,52 ; 568.874,52 ; 1.050.935,66 ; 6.885.694,60 
AL;COQUEIRO SECO;2702207; 86.660,27 ; 95.326,30 ; 103.992,33 ; 112.658,36 ; 133.030,41 ; 141.135,13 ; 141.135,13 ; 150.544,14 ; 155.068,39 ; 154.278,79 ; 154.278,79 ; 154.278,79 ; 285.013,79 ; 1.867.400,64 
AL;CORURIPE;2702306; 1.031.515,68 ; 1.134.667,25 ; 1.237.818,82 ; 1.340.970,39 ; 1.583.458,56 ; 1.679.928,94 ; 1.679.928,94 ; 1.791.924,20 ; 1.876.815,87 ; 1.840.655,07 ; 1.840.655,07 ; 1.840.655,07 ; 3.400.416,04 ; 22.279.409,88 
AL;CRAIBAS;2702355; 523.611,45 ; 575.972,59 ; 628.333,73 ; 680.694,88 ; 803.785,19 ; 852.754,87 ; 852.754,87 ; 909.605,19 ; 931.244,97 ; 931.385,42 ; 931.385,42 ; 931.385,42 ; 1.720.636,29 ; 11.273.550,27 
AL;DELMIRO GOUVEIA;2702405; 714.863,13 ; 786.349,44 ; 857.835,76 ; 929.322,07 ; 1.097.371,73 ; 1.164.227,82 ; 1.164.227,82 ; 1.241.843,01 ; 1.285.463,62 ; 1.273.518,41 ; 1.273.518,41 ; 1.273.518,41 ; 2.352.690,91 ; 15.414.750,56 
AL;DOIS RIACHOS;2702504; 237.190,05 ; 260.909,06 ; 284.628,07 ; 308.347,07 ; 364.105,60 ; 386.288,30 ; 386.288,30 ; 412.040,85 ; 423.113,41 ; 422.082,06 ; 422.082,06 ; 422.082,06 ; 779.752,07 ; 5.108.908,95 
AL;ESTRELA DE ALAGOAS;2702553; 257.950,86 ; 283.745,95 ; 309.541,03 ; 335.336,12 ; 395.975,07 ; 420.099,40 ; 420.099,40 ; 448.106,03 ; 458.468,92 ; 458.794,77 ; 458.794,77 ; 458.794,77 ; 847.574,93 ; 5.553.282,01 
AL;FEIRA GRANDE;2702603; 374.995,17 ; 412.494,70 ; 449.994,21 ; 487.493,73 ; 575.647,41 ; 610.718,05 ; 610.718,05 ; 651.432,59 ; 663.133,55 ; 666.507,73 ; 666.507,73 ; 666.507,73 ; 1.231.302,72 ; 8.067.453,39 
AL;FELIZ DESERTO;2702702; 78.589,17 ; 86.448,08 ; 94.306,99 ; 102.165,91 ; 120.640,60 ; 127.990,50 ; 127.990,50 ; 136.523,20 ; 138.975,42 ; 139.682,55 ; 139.682,55 ; 139.682,55 ; 258.048,78 ; 1.690.726,81 
AL;FLEXEIRAS;2702801; 182.673,33 ; 200.940,66 ; 219.207,99 ; 237.475,33 ; 280.418,08 ; 297.502,23 ; 297.502,23 ; 317.335,71 ; 323.368,18 ; 324.725,16 ; 324.725,16 ; 324.725,16 ; 599.895,48 ; 3.930.494,70 
AL;GIRAU DO PONCIANO;2702900; 801.793,53 ; 881.972,88 ; 962.152,24 ; 1.042.331,59 ; 1.230.816,79 ; 1.305.802,88 ; 1.305.802,88 ; 1.392.856,41 ; 1.431.276,36 ; 1.426.936,03 ; 1.426.936,03 ; 1.426.936,03 ; 2.636.113,76 ; 17.271.727,41 
AL;IBATEGUARA;2703007; 285.612,25 ; 314.173,48 ; 342.734,70 ; 371.295,93 ; 438.437,51 ; 465.148,80 ; 465.148,80 ; 496.158,72 ; 505.896,73 ; 507.754,43 ; 507.754,43 ; 507.754,43 ; 938.022,73 ; 6.145.892,94 
AL;IGACI;2703106; 334.085,70 ; 367.494,27 ; 400.902,84 ; 434.311,41 ; 512.848,11 ; 544.092,78 ; 544.092,78 ; 580.365,63 ; 592.680,87 ; 594.056,73 ; 594.056,73 ; 594.056,73 ; 1.097.457,14 ; 7.190.501,75 
AL;IGREJA NOVA;2703205; 382.090,63 ; 420.299,70 ; 458.508,76 ; 496.717,82 ; 586.539,49 ; 622.273,73 ; 622.273,73 ; 663.758,65 ; 686.850,14 ; 680.658,18 ; 680.658,18 ; 680.658,18 ; 1.257.444,18 ; 8.238.731,39 
AL;INHAPI;2703304; 375.721,65 ; 413.293,81 ; 450.865,98 ; 488.438,14 ; 576.762,58 ; 611.901,18 ; 611.901,18 ; 652.694,60 ; 669.106,93 ; 668.445,07 ; 668.445,07 ; 668.445,07 ; 1.234.881,73 ; 8.090.902,99 
AL;JACARE DOS HOMENS;2703403; 178.513,47 ; 196.364,82 ; 214.216,17 ; 232.067,51 ; 274.032,37 ; 290.727,47 ; 290.727,47 ; 310.109,30 ; 315.679,45 ; 317.285,71 ; 317.285,71 ; 317.285,71 ; 586.151,87 ; 3.840.447,03 
AL;JACUIPE;2703502; 110.575,55 ; 121.633,10 ; 132.690,66 ; 143.748,21 ; 169.742,26 ; 180.083,61 ; 180.083,61 ; 192.089,18 ; 195.613,83 ; 196.544,66 ; 196.544,66 ; 196.544,66 ; 363.095,53 ; 2.378.989,52 
AL;JAPARATINGA;2703601; 169.441,92 ; 186.386,11 ; 203.330,30 ; 220.274,49 ; 260.106,80 ; 275.953,51 ; 275.953,51 ; 294.350,41 ; 300.496,27 ; 301.280,47 ; 301.280,47 ; 301.280,47 ; 556.583,88 ; 3.646.718,62 
AL;JARAMATAIA;2703700; 107.430,25 ; 118.173,28 ; 128.916,30 ; 139.659,33 ; 164.913,97 ; 174.961,17 ; 174.961,17 ; 186.625,24 ; 189.977,39 ; 190.944,04 ; 190.944,04 ; 190.944,04 ; 352.748,96 ; 2.311.199,15 
AL;JEQUIA DA PRAIA;2703759; 171.547,73 ; 188.702,50 ; 205.857,27 ; 223.012,04 ; 263.339,39 ; 279.383,04 ; 279.383,04 ; 298.008,57 ; 303.447,18 ; 304.916,77 ; 304.916,77 ; 304.916,77 ; 563.301,56 ; 3.690.732,60 
AL;JOAQUIM GOMES;2703809; 250.848,77 ; 275.933,64 ; 301.018,52 ; 326.103,40 ; 385.072,79 ; 408.532,91 ; 408.532,91 ; 435.768,44 ; 443.595,67 ; 445.852,78 ; 445.852,78 ; 445.852,78 ; 823.665,97 ; 5.396.631,35 
AL;JUNDIA;2703908; 126.194,76 ; 138.814,23 ; 151.433,71 ; 164.053,18 ; 193.718,98 ; 205.521,09 ; 205.521,09 ; 219.222,49 ; 223.160,14 ; 224.295,64 ; 224.295,64 ; 224.295,64 ; 414.362,52 ; 2.714.889,10 
AL;JUNQUEIRO;2704005; 361.422,05 ; 397.564,25 ; 433.706,46 ; 469.848,66 ; 554.811,56 ; 588.612,82 ; 588.612,82 ; 627.853,67 ; 639.874,69 ; 642.485,63 ; 642.485,63 ; 642.485,63 ; 1.186.924,42 ; 7.776.688,30 
AL;LAGOA DA CANOA;2704104; 400.652,75 ; 440.718,02 ; 480.783,29 ; 520.848,57 ; 615.033,80 ; 652.504,03 ; 652.504,03 ; 696.004,30 ; 708.505,86 ; 712.110,90 ; 712.110,90 ; 712.110,90 ; 1.315.549,75 ; 8.619.437,09 
AL;LIMOEIRO DE ANADIA;2704203; 686.797,04 ; 755.476,74 ; 824.156,45 ; 892.836,15 ; 1.054.288,04 ; 1.118.519,32 ; 1.118.519,32 ; 1.193.087,28 ; 1.216.022,91 ; 1.220.904,60 ; 1.220.904,60 ; 1.220.904,60 ; 2.255.492,44 ; 14.777.909,50 
AL;MACEIO;2704302; 4.183.986,59 ; 4.602.385,25 ; 5.020.783,91 ; 5.439.182,57 ; 6.422.751,95 ; 6.814.050,68 ; 6.814.050,68 ; 7.268.320,73 ; 7.399.686,95 ; 7.436.632,83 ; 7.436.632,83 ; 7.436.632,83 ; 13.738.394,54 ; 90.013.492,32 
AL;MAJOR ISIDORO;2704401; 366.807,23 ; 403.487,96 ; 440.168,68 ; 476.849,40 ; 563.078,26 ; 597.383,15 ; 597.383,15 ; 637.208,69 ; 648.654,16 ; 651.954,67 ; 651.954,67 ; 651.954,67 ; 1.204.417,47 ; 7.891.302,15 
AL;MAR VERMELHO;2704906; 53.099,48 ; 58.409,44 ; 63.719,38 ; 69.029,33 ; 81.511,94 ; 86.477,95 ; 86.477,95 ; 92.243,15 ; 93.900,01 ; 94.377,80 ; 94.377,80 ; 94.377,80 ; 174.353,02 ; 1.142.355,06 
AL;MARAGOGI;2704500; 486.892,78 ; 535.582,06 ; 584.271,34 ; 632.960,61 ; 747.419,11 ; 792.954,76 ; 792.954,76 ; 845.818,41 ; 861.681,19 ; 865.484,30 ; 865.484,30 ; 865.484,30 ; 1.598.890,93 ; 10.475.878,85 
AL;MARAVILHA;2704609; 262.271,77 ; 288.498,94 ; 314.726,12 ; 340.953,30 ; 402.608,00 ; 427.136,43 ; 427.136,43 ; 455.612,20 ; 463.795,86 ; 466.155,76 ; 466.155,76 ; 466.155,76 ; 861.173,58 ; 5.642.379,90 
AL;MARECHAL DEODORO;2704708; 902.511,61 ; 992.762,78 ; 1.083.013,94 ; 1.173.265,10 ; 1.385.427,07 ; 1.469.832,60 ; 1.469.832,60 ; 1.567.821,44 ; 1.632.962,87 ; 1.609.199,27 ; 1.609.199,27 ; 1.609.199,27 ; 2.972.825,87 ; 19.477.853,69 
AL;MARIBONDO;2704807; 173.035,53 ; 190.339,08 ; 207.642,64 ; 224.946,19 ; 265.623,30 ; 281.806,08 ; 281.806,08 ; 300.593,16 ; 305.992,38 ; 307.549,34 ; 307.549,34 ; 307.549,34 ; 568.164,96 ; 3.722.597,41 
AL;MATA GRANDE;2705002; 367.764,88 ; 404.541,37 ; 441.317,86 ; 478.094,34 ; 564.548,32 ; 598.942,77 ; 598.942,77 ; 638.872,29 ; 653.805,10 ; 654.133,22 ; 654.133,22 ; 654.133,22 ; 1.208.442,11 ; 7.917.671,48 
AL;MATRIZ DE CAMARAGIBE;2705101; 355.933,82 ; 391.527,20 ; 427.120,59 ; 462.713,97 ; 546.386,70 ; 579.674,68 ; 579.674,68 ; 618.319,66 ; 638.703,74 ; 633.907,05 ; 633.907,05 ; 633.907,05 ; 1.171.076,40 ; 7.672.852,60 
AL;MESSIAS;2705200; 250.634,70 ; 275.698,17 ; 300.761,64 ; 325.825,11 ; 384.744,20 ; 408.184,28 ; 408.184,28 ; 435.396,57 ; 450.414,24 ; 446.464,10 ; 446.464,10 ; 446.464,10 ; 824.795,32 ; 5.404.030,81 
AL;MINADOR DO NEGRAO;2705309; 115.598,61 ; 127.158,47 ; 138.718,33 ; 150.278,19 ; 177.453,05 ; 188.264,17 ; 188.264,17 ; 200.815,12 ; 204.422,14 ; 205.462,28 ; 205.462,28 ; 205.462,28 ; 379.569,89 ; 2.486.928,99 
AL;MONTEIROPOLIS;2705408; 184.948,86 ; 203.443,74 ; 221.938,63 ; 240.433,51 ; 283.911,19 ; 301.208,15 ; 301.208,15 ; 321.288,70 ; 328.420,11 ; 328.911,28 ; 328.911,28 ; 328.911,28 ; 607.628,89 ; 3.981.163,77 
AL;MURICI;2705507; 521.975,65 ; 574.173,21 ; 626.370,78 ; 678.568,34 ; 801.274,10 ; 850.090,80 ; 850.090,80 ; 906.763,52 ; 924.768,52 ; 927.984,13 ; 927.984,13 ; 927.984,13 ; 1.714.352,77 ; 11.232.380,87 
AL;NOVO LINO;2705606; 261.035,48 ; 287.139,04 ; 313.242,59 ; 339.346,13 ; 400.710,22 ; 425.123,03 ; 425.123,03 ; 453.464,56 ; 461.953,56 ; 464.005,82 ; 464.005,82 ; 464.005,82 ; 857.201,79 ; 5.616.356,88 
AL;OLHO DAGUA DAS FLORES;2705705; 316.831,76 ; 348.514,94 ; 380.198,11 ; 411.881,29 ; 486.361,94 ; 515.992,97 ; 515.992,97 ; 550.392,50 ; 569.267,81 ; 564.368,18 ; 564.368,18 ; 564.368,18 ; 1.042.610,66 ; 6.831.149,48 
AL;OLHO DAGUA DO CASADO;2705804; 155.904,64 ; 171.495,11 ; 187.085,57 ; 202.676,04 ; 239.326,02 ; 253.906,68 ; 253.906,68 ; 270.833,79 ; 276.671,14 ; 277.235,34 ; 277.235,34 ; 277.235,34 ; 512.163,04 ; 3.355.674,73 
AL;OLHO DAGUA GRANDE;2705903; 109.986,65 ; 120.985,32 ; 131.983,99 ; 142.982,65 ; 168.838,26 ; 179.124,53 ; 179.124,53 ; 191.066,17 ; 194.498,08 ; 195.487,73 ; 195.487,73 ; 195.487,73 ; 361.142,96 ; 2.366.196,33 
AL;OLIVENCA;2706000; 241.062,96 ; 265.169,26 ; 289.275,56 ; 313.381,85 ; 370.050,81 ; 392.595,73 ; 392.595,73 ; 418.768,77 ; 428.202,62 ; 428.723,20 ; 428.723,20 ; 428.723,20 ; 792.020,87 ; 5.189.293,75 
AL;OURO BRANCO;2706109; 231.263,42 ; 254.389,75 ; 277.516,09 ; 300.642,44 ; 355.007,71 ; 376.636,15 ; 376.636,15 ; 401.745,23 ; 418.074,23 ; 412.298,02 ; 412.298,02 ; 412.298,02 ; 761.677,09 ; 4.990.482,33 
AL;PALESTINA;2706208; 98.178,04 ; 107.995,85 ; 117.813,65 ; 127.631,46 ; 150.711,10 ; 159.893,00 ; 159.893,00 ; 170.552,53 ; 175.422,05 ; 174.748,26 ; 174.748,26 ; 174.748,26 ; 322.828,98 ; 2.115.164,44 
AL;PALMEIRA DOS INDIOS;2706307; 783.126,86 ; 861.439,55 ; 939.752,24 ; 1.018.064,93 ; 1.202.161,99 ; 1.275.402,31 ; 1.275.402,31 ; 1.360.429,13 ; 1.386.239,09 ; 1.392.100,89 ; 1.392.100,89 ; 1.392.100,89 ; 2.571.759,51 ; 16.850.080,59 
AL;PAO DE ACUCAR;2706406; 361.426,57 ; 397.569,22 ; 433.711,88 ; 469.854,54 ; 554.818,50 ; 588.620,18 ; 588.620,18 ; 627.861,53 ; 644.944,52 ; 643.191,21 ; 643.191,21 ; 643.191,21 ; 1.188.227,90 ; 7.785.228,64 
AL;PARICONHA;2706422; 173.437,44 ; 190.781,19 ; 208.124,94 ; 225.468,68 ; 266.240,26 ; 282.460,65 ; 282.460,65 ; 301.291,35 ; 318.316,37 ; 309.864,05 ; 309.864,05 ; 309.864,05 ; 572.441,14 ; 3.750.614,82 
AL;PARIPUEIRA;2706448; 215.559,31 ; 237.115,24 ; 258.671,17 ; 280.227,11 ; 330.900,67 ; 351.060,42 ; 351.060,42 ; 374.464,44 ; 388.605,72 ; 384.151,97 ; 384.151,97 ; 384.151,97 ; 709.680,23 ; 4.649.800,63 
AL;PASSO DE CAMARAGIBE;2706505; 234.505,39 ; 257.955,92 ; 281.406,46 ; 304.857,00 ; 359.984,41 ; 381.916,04 ; 381.916,04 ; 407.377,11 ; 415.891,13 ; 416.969,35 ; 416.969,35 ; 416.969,35 ; 770.306,89 ; 5.047.024,44 
AL;PAULO JACINTO;2706604; 85.658,00 ; 94.223,80 ; 102.789,60 ; 111.355,40 ; 131.491,83 ; 139.502,82 ; 139.502,82 ; 148.803,01 ; 154.917,46 ; 152.720,81 ; 152.720,81 ; 152.720,81 ; 282.135,59 ; 1.848.542,77 
AL;PENEDO;2706703; 793.458,26 ; 872.804,09 ; 952.149,92 ; 1.031.495,74 ; 1.218.021,50 ; 1.292.228,05 ; 1.292.228,05 ; 1.378.376,58 ; 1.428.215,49 ; 1.413.730,53 ; 1.413.730,53 ; 1.413.730,53 ; 2.611.718,01 ; 17.111.887,28 
AL;PIACABUCU;2706802; 256.980,17 ; 282.678,19 ; 308.376,21 ; 334.074,23 ; 394.485,00 ; 418.518,54 ; 418.518,54 ; 446.419,77 ; 454.438,32 ; 456.750,60 ; 456.750,60 ; 456.750,60 ; 843.798,55 ; 5.528.539,33 
AL;PILAR;2706901; 696.876,64 ; 766.564,30 ; 836.251,97 ; 905.939,63 ; 1.069.761,03 ; 1.134.934,98 ; 1.134.934,98 ; 1.210.597,31 ; 1.243.046,67 ; 1.240.087,54 ; 1.240.087,54 ; 1.240.087,54 ; 2.290.930,89 ; 15.010.101,00 
AL;PINDOBA;2707008; 41.880,30 ; 46.068,33 ; 50.256,36 ; 54.444,39 ; 64.289,60 ; 68.206,36 ; 68.206,36 ; 72.753,45 ; 74.060,24 ; 74.437,08 ; 74.437,08 ; 74.437,08 ; 137.514,64 ; 900.991,26 
AL;PIRANHAS;2707107; 363.102,61 ; 399.412,87 ; 435.723,14 ; 472.033,40 ; 557.391,38 ; 591.349,79 ; 591.349,79 ; 630.773,11 ; 651.141,53 ; 646.615,71 ; 646.615,71 ; 646.615,71 ; 1.194.554,31 ; 7.826.679,07 
AL;POCO DAS TRINCHEIRAS;2707206; 237.627,57 ; 261.390,33 ; 285.153,09 ; 308.915,85 ; 364.777,21 ; 387.000,84 ; 387.000,84 ; 412.800,90 ; 420.215,59 ; 422.353,74 ; 422.353,74 ; 422.353,74 ; 780.253,97 ; 5.112.197,40 
AL;PORTO CALVO;2707305; 496.222,69 ; 545.844,96 ; 595.467,22 ; 645.089,49 ; 761.741,26 ; 808.149,47 ; 808.149,47 ; 862.026,10 ; 877.509,72 ; 881.974,70 ; 881.974,70 ; 881.974,70 ; 1.629.355,20 ; 10.675.479,66 
AL;PORTO DE PEDRAS;2707404; 168.964,55 ; 185.861,01 ; 202.757,46 ; 219.653,92 ; 259.374,02 ; 275.176,08 ; 275.176,08 ; 293.521,15 ; 298.793,35 ; 300.313,68 ; 300.313,68 ; 300.313,68 ; 554.797,83 ; 3.635.016,47 
AL;PORTO REAL DO COLEGIO;2707503; 273.457,06 ; 300.802,77 ; 328.148,48 ; 355.494,18 ; 419.778,33 ; 445.352,84 ; 445.352,84 ; 475.043,03 ; 484.527,51 ; 486.167,41 ; 486.167,41 ; 486.167,41 ; 898.142,99 ; 5.884.602,25 
AL;QUEBRANGULO;2707602; 258.154,75 ; 283.970,22 ; 309.785,70 ; 335.601,17 ; 396.288,05 ; 420.431,45 ; 420.431,45 ; 448.460,21 ; 458.412,86 ; 459.099,74 ; 459.099,74 ; 459.099,74 ; 848.138,33 ; 5.556.973,39 
AL;RIO LARGO;2707701; 1.197.906,68 ; 1.317.697,35 ; 1.437.488,02 ; 1.557.278,69 ; 1.838.881,97 ; 1.950.913,72 ; 1.950.913,72 ; 2.080.974,64 ; 2.142.329,57 ; 2.132.435,65 ; 2.132.435,65 ; 2.132.435,65 ; 3.939.449,87 ; 25.811.141,17 
AL;ROTEIRO;2707800; 120.098,69 ; 132.108,55 ; 144.118,42 ; 156.128,29 ; 184.361,02 ; 195.593,00 ; 195.593,00 ; 208.632,54 ; 213.277,89 ; 213.584,35 ; 213.584,35 ; 213.584,35 ; 394.574,55 ; 2.585.239,00 
AL;SANTA LUZIA DO NORTE;2707909; 126.487,49 ; 139.136,24 ; 151.784,99 ; 164.433,74 ; 194.168,35 ; 205.997,84 ; 205.997,84 ; 219.731,03 ; 223.677,81 ; 224.815,94 ; 224.815,94 ; 224.815,94 ; 415.323,72 ; 2.721.186,86 
AL;SANTANA DO IPANEMA;2708006; 545.175,87 ; 599.693,46 ; 654.211,05 ; 708.728,63 ; 836.888,30 ; 887.874,74 ; 887.874,74 ; 947.066,39 ; 966.173,76 ; 969.271,82 ; 969.271,82 ; 969.271,82 ; 1.790.627,43 ; 11.732.129,84 
AL;SANTANA DO MUNDAU;2708105; 293.725,61 ; 323.098,16 ; 352.470,72 ; 381.843,28 ; 450.892,14 ; 478.362,22 ; 478.362,22 ; 510.253,04 ; 519.493,32 ; 522.071,43 ; 522.071,43 ; 522.071,43 ; 964.471,89 ; 6.319.186,90 
AL;SAO BRAS;2708204; 101.874,77 ; 112.062,25 ; 122.249,72 ; 132.437,20 ; 156.385,87 ; 165.913,50 ; 165.913,50 ; 176.974,40 ; 180.153,20 ; 181.069,85 ; 181.069,85 ; 181.069,85 ; 334.507,45 ; 2.191.681,40 
AL;SAO JOSE DA LAJE;2708303; 315.667,55 ; 347.234,31 ; 378.801,07 ; 410.367,82 ; 484.574,79 ; 514.096,94 ; 514.096,94 ; 548.370,07 ; 559.863,95 ; 561.286,76 ; 561.286,76 ; 561.286,76 ; 1.036.918,06 ; 6.793.851,78 
AL;SAO JOSE DA TAPERA;2708402; 579.316,95 ; 637.248,64 ; 695.180,34 ; 753.112,03 ; 889.297,56 ; 943.476,98 ; 943.476,98 ; 1.006.375,45 ; 1.047.829,25 ; 1.032.886,01 ; 1.032.886,01 ; 1.032.886,01 ; 1.908.147,93 ; 12.502.120,14 
AL;SAO LUIS DO QUITUNDE;2708501; 391.491,05 ; 430.640,15 ; 469.789,26 ; 508.938,36 ; 600.969,87 ; 637.583,27 ; 637.583,27 ; 680.088,82 ; 698.317,13 ; 696.655,67 ; 696.655,67 ; 696.655,67 ; 1.286.997,86 ; 8.432.366,06 
AL;SAO MIGUEL DOS CAMPOS;2708600; 712.958,71 ; 784.254,58 ; 855.550,45 ; 926.846,32 ; 1.094.448,28 ; 1.161.126,28 ; 1.161.126,28 ; 1.238.534,70 ; 1.271.798,28 ; 1.268.714,49 ; 1.268.714,49 ; 1.268.714,49 ; 2.343.816,16 ; 15.356.603,51 
AL;SAO MIGUEL DOS MILAGRES;2708709; 162.026,72 ; 178.229,40 ; 194.432,07 ; 210.634,74 ; 248.723,91 ; 263.877,12 ; 263.877,12 ; 281.468,93 ; 288.263,87 ; 288.222,22 ; 288.222,22 ; 288.222,22 ; 532.460,14 ; 3.488.660,69 
AL;SAO SEBASTIAO;2708808; 518.994,62 ; 570.894,08 ; 622.793,54 ; 674.693,00 ; 796.697,99 ; 845.235,89 ; 845.235,89 ; 901.584,95 ; 928.434,97 ; 923.917,42 ; 923.917,42 ; 923.917,42 ; 1.706.839,95 ; 11.183.157,12 
AL;SATUBA;2708907; 319.081,92 ; 350.990,11 ; 382.898,30 ; 414.806,50 ; 489.816,11 ; 519.657,59 ; 519.657,59 ; 554.301,43 ; 572.343,64 ; 568.243,08 ; 568.243,08 ; 568.243,08 ; 1.049.769,14 ; 6.878.051,56 
AL;SENADOR RUI PALMEIRA;2708956; 242.005,64 ; 266.206,20 ; 290.406,77 ; 314.607,33 ; 371.497,90 ; 394.130,97 ; 394.130,97 ; 420.406,37 ; 430.487,31 ; 430.483,81 ; 430.483,81 ; 430.483,81 ; 795.273,42 ; 5.210.604,31 
AL;TANQUE DARCA;2709004; 115.706,31 ; 127.276,94 ; 138.847,57 ; 150.418,20 ; 177.618,38 ; 188.439,58 ; 188.439,58 ; 201.002,22 ; 206.068,96 ; 205.854,41 ; 205.854,41 ; 205.854,41 ; 380.294,30 ; 2.491.675,27 
AL;TAQUARANA;2709103; 434.707,41 ; 478.178,15 ; 521.648,89 ; 565.119,63 ; 667.310,43 ; 707.965,54 ; 707.965,54 ; 755.163,24 ; 775.577,09 ; 773.582,78 ; 773.582,78 ; 773.582,78 ; 1.429.112,58 ; 9.363.496,85 
AL;TEOTONIO VILELA;2709152; 945.322,72 ; 1.039.854,99 ; 1.134.387,26 ; 1.228.919,54 ; 1.451.145,51 ; 1.539.554,87 ; 1.539.554,87 ; 1.642.191,86 ; 1.671.688,73 ; 1.680.194,68 ; 1.680.194,68 ; 1.680.194,68 ; 3.103.982,40 ; 20.337.186,80 
AL;TRAIPU;2709202; 614.853,70 ; 676.339,07 ; 737.824,44 ; 799.309,81 ; 943.849,30 ; 1.001.352,22 ; 1.001.352,22 ; 1.068.109,04 ; 1.087.381,39 ; 1.092.838,71 ; 1.092.838,71 ; 1.092.838,71 ; 2.018.904,21 ; 13.227.791,50 
AL;UNIAO DOS PALMARES;2709301; 1.018.751,82 ; 1.120.627,01 ; 1.222.502,19 ; 1.324.377,37 ; 1.563.865,02 ; 1.659.141,68 ; 1.659.141,68 ; 1.769.751,13 ; 1.801.539,21 ; 1.810.705,86 ; 1.810.705,86 ; 1.810.705,86 ; 3.345.088,05 ; 21.916.902,75 
AL;VICOSA;2709400; 312.616,93 ; 343.878,62 ; 375.140,31 ; 406.402,00 ; 479.891,82 ; 509.128,68 ; 509.128,68 ; 543.070,59 ; 560.987,52 ; 556.762,88 ; 556.762,88 ; 556.762,88 ; 1.028.560,68 ; 6.739.094,48 
AL;ALAGOAS;27; 15.439.841,73 ; 16.983.825,90 ; 18.527.810,07 ; 20.071.794,25 ; 23.701.384,20 ; 25.145.363,59 ; 25.145.363,59 ; 26.821.721,17 ; 27.415.425,39 ; 27.457.841,78 ; 27.457.841,78 ; 27.457.841,78 ; 50.725.465,74 ; 332.351.520,99 
AM;ALVARAES;1300029; 408.716,36 ; 449.588,00 ; 490.459,63 ; 531.331,27 ; 488.227,80 ; 518.260,63 ; 518.260,63 ; 552.811,34 ; 596.047,25 ; 591.450,37 ; 591.450,37 ; 591.450,37 ; 1.092.642,16 ; 7.420.696,18 
AM;AMATURA;1300060; 293.470,17 ; 322.817,19 ; 352.164,20 ; 381.511,22 ; 350.561,69 ; 372.126,12 ; 372.126,12 ; 396.934,53 ; 423.243,63 ; 424.063,41 ; 424.063,41 ; 424.063,41 ; 783.412,41 ; 5.320.557,52 
AM;ANAMA;1300086; 154.503,34 ; 169.953,67 ; 185.404,00 ; 200.854,34 ; 184.560,32 ; 195.913,36 ; 195.913,36 ; 208.974,25 ; 221.960,05 ; 223.144,43 ; 223.144,43 ; 223.144,43 ; 412.235,79 ; 2.799.705,77 
AM;ANORI;1300102; 197.851,56 ; 217.636,72 ; 237.421,87 ; 257.207,03 ; 236.341,49 ; 250.879,79 ; 250.879,79 ; 267.605,11 ; 287.810,26 ; 286.215,41 ; 286.215,41 ; 286.215,41 ; 528.752,77 ; 3.591.032,61 
AM;APUI;1300144; 182.512,62 ; 200.763,89 ; 219.015,15 ; 237.266,41 ; 218.018,53 ; 231.429,71 ; 231.429,71 ; 246.858,35 ; 262.270,53 ; 263.606,77 ; 263.606,77 ; 263.606,77 ; 486.985,69 ; 3.307.370,88 
AM;ATALAIA DO NORTE;1300201; 432.624,20 ; 475.886,61 ; 519.149,03 ; 562.411,45 ; 516.786,66 ; 548.576,25 ; 548.576,25 ; 585.148,00 ; 624.785,17 ; 625.251,32 ; 625.251,32 ; 625.251,32 ; 1.155.085,84 ; 7.844.783,42 
AM;AUTAZES;1300300; 676.881,52 ; 744.569,68 ; 812.257,83 ; 879.945,98 ; 808.561,67 ; 858.299,49 ; 858.299,49 ; 915.519,46 ; 972.410,47 ; 977.599,23 ; 977.599,23 ; 977.599,23 ; 1.806.011,44 ; 12.265.554,72 
AM;BARCELOS;1300409; 292.035,42 ; 321.238,96 ; 350.442,50 ; 379.646,04 ; 348.847,82 ; 370.306,83 ; 370.306,83 ; 394.993,95 ; 419.539,15 ; 421.777,80 ; 421.777,80 ; 421.777,80 ; 779.189,99 ; 5.291.880,89 
AM;BARREIRINHA;1300508; 787.926,03 ; 866.718,64 ; 945.511,24 ; 1.024.303,84 ; 941.208,72 ; 999.106,18 ; 999.106,18 ; 1.065.713,26 ; 1.138.780,35 ; 1.138.866,20 ; 1.138.866,20 ; 1.138.866,20 ; 2.103.935,15 ; 14.288.908,18 
AM;BENJAMIN CONSTANT;1300607; 1.180.626,34 ; 1.298.688,98 ; 1.416.751,62 ; 1.534.814,25 ; 1.410.304,72 ; 1.497.058,14 ; 1.497.058,14 ; 1.596.862,02 ; 1.701.591,55 ; 1.705.856,72 ; 1.705.856,72 ; 1.705.856,72 ; 3.151.390,32 ; 21.402.716,25 
AM;BERURI;1300631; 477.309,94 ; 525.040,93 ; 572.771,93 ; 620.502,92 ; 570.165,54 ; 605.238,68 ; 605.238,68 ; 645.587,92 ; 685.705,20 ; 689.364,11 ; 689.364,11 ; 689.364,11 ; 1.273.527,46 ; 8.649.181,52 
AM;BOA VISTA DO RAMOS;1300680; 298.269,47 ; 328.096,41 ; 357.923,36 ; 387.750,31 ; 356.294,64 ; 378.211,73 ; 378.211,73 ; 403.425,85 ; 431.433,22 ; 431.163,07 ; 431.163,07 ; 431.163,07 ; 796.528,29 ; 5.409.634,22 
AM;BOCA DO ACRE;1300706; 445.143,09 ; 489.657,40 ; 534.171,70 ; 578.686,01 ; 531.740,97 ; 564.450,46 ; 564.450,46 ; 602.080,49 ; 639.566,95 ; 642.915,97 ; 642.915,97 ; 642.915,97 ; 1.187.719,41 ; 8.066.414,83 
AM;BORBA;1300805; 616.689,53 ; 678.358,48 ; 740.027,44 ; 801.696,39 ; 736.659,96 ; 781.974,82 ; 781.974,82 ; 834.106,48 ; 886.492,83 ; 890.737,79 ; 890.737,79 ; 890.737,79 ; 1.645.544,09 ; 11.175.738,22 
AM;CAAPIRANGA;1300839; 194.434,37 ; 213.877,80 ; 233.321,24 ; 252.764,68 ; 232.259,52 ; 246.546,72 ; 246.546,72 ; 262.983,17 ; 280.057,58 ; 280.910,73 ; 280.910,73 ; 280.910,73 ; 518.952,94 ; 3.524.476,92 
AM;CANUTAMA;1300904; 200.027,46 ; 220.030,20 ; 240.032,95 ; 260.035,69 ; 238.940,68 ; 253.638,87 ; 253.638,87 ; 270.548,13 ; 287.360,17 ; 288.893,52 ; 288.893,52 ; 288.893,52 ; 533.700,30 ; 3.624.633,89 
AM;CARAUARI;1301001; 443.110,73 ; 487.421,80 ; 531.732,87 ; 576.043,95 ; 529.313,23 ; 561.873,38 ; 561.873,38 ; 599.331,61 ; 643.398,00 ; 640.857,50 ; 640.857,50 ; 640.857,50 ; 1.183.916,62 ; 8.040.588,08 
AM;CAREIRO;1301100; 619.057,44 ; 680.963,18 ; 742.868,93 ; 804.774,67 ; 735.993,65 ; 784.212,60 ; 784.212,60 ; 836.493,44 ; 898.041,64 ; 894.457,31 ; 894.457,31 ; 894.457,31 ; 1.652.415,52 ; 11.222.405,62 
AM;CAREIRO DA VARZEA;1301159; 303.026,30 ; 333.328,92 ; 363.631,55 ; 393.934,18 ; 361.976,84 ; 384.243,48 ; 384.243,48 ; 409.859,71 ; 439.104,89 ; 438.142,05 ; 438.142,05 ; 438.142,05 ; 809.421,21 ; 5.497.196,71 
AM;COARI;1301209; 895.556,45 ; 985.112,10 ; 1.074.667,75 ; 1.164.223,39 ; 1.069.777,49 ; 1.135.583,74 ; 1.135.583,74 ; 1.211.289,32 ; 1.300.695,89 ; 1.295.260,79 ; 1.295.260,79 ; 1.295.260,79 ; 2.392.857,66 ; 16.251.129,90 
AM;CODAJAS;1301308; 269.119,34 ; 296.031,28 ; 322.943,21 ; 349.855,15 ; 321.473,67 ; 341.248,78 ; 341.248,78 ; 363.998,70 ; 386.764,28 ; 388.699,84 ; 388.699,84 ; 388.699,84 ; 718.081,95 ; 4.876.864,67 
AM;EIRUNEPE;1301407; 476.134,45 ; 523.747,90 ; 571.361,34 ; 618.974,79 ; 568.761,38 ; 603.748,13 ; 603.748,13 ; 643.998,01 ; 684.016,49 ; 687.666,39 ; 687.666,39 ; 687.666,39 ; 1.270.391,11 ; 8.627.880,90 
AM;ENVIRA;1301506; 241.862,60 ; 266.048,86 ; 290.235,12 ; 314.421,38 ; 288.914,40 ; 306.686,68 ; 306.686,68 ; 327.132,45 ; 347.460,70 ; 349.314,73 ; 349.314,73 ; 349.314,73 ; 645.322,12 ; 4.382.715,17 
AM;FONTE BOA;1301605; 531.598,11 ; 584.757,92 ; 637.917,73 ; 691.077,54 ; 635.014,90 ; 674.077,18 ; 674.077,18 ; 719.015,65 ; 763.695,79 ; 767.770,85 ; 767.770,85 ; 767.770,85 ; 1.418.375,64 ; 9.632.920,18 
AM;GUAJARA;1301654; 199.667,74 ; 219.634,52 ; 239.601,29 ; 259.568,06 ; 238.510,99 ; 253.182,74 ; 253.182,74 ; 270.061,59 ; 297.083,77 ; 289.704,05 ; 289.704,05 ; 289.704,05 ; 535.197,67 ; 3.634.803,28 
AM;HUMAITA;1301704; 781.750,33 ; 859.925,36 ; 938.100,39 ; 1.016.275,42 ; 933.831,58 ; 991.275,26 ; 991.275,26 ; 1.057.360,28 ; 1.158.269,51 ; 1.133.630,46 ; 1.133.630,46 ; 1.133.630,46 ; 2.094.262,67 ; 14.223.217,44 
AM;IPIXUNA;1301803; 320.259,67 ; 352.285,64 ; 384.311,60 ; 416.337,57 ; 382.562,81 ; 406.095,75 ; 406.095,75 ; 433.168,80 ; 460.086,21 ; 462.541,22 ; 462.541,22 ; 462.541,22 ; 854.496,11 ; 5.803.323,57 
AM;IRANDUBA;1301852; 954.263,42 ; 1.049.689,76 ; 1.145.116,10 ; 1.240.542,45 ; 1.139.905,27 ; 1.210.025,36 ; 1.210.025,36 ; 1.290.693,72 ; 1.373.290,45 ; 1.378.524,10 ; 1.378.524,10 ; 1.378.524,10 ; 2.546.677,83 ; 17.295.802,02 
AM;ITACOATIARA;1301902; 1.291.046,80 ; 1.420.151,48 ; 1.549.256,16 ; 1.678.360,84 ; 1.542.206,31 ; 1.637.073,51 ; 1.637.073,51 ; 1.746.211,74 ; 1.865.474,23 ; 1.866.015,78 ; 1.866.015,78 ; 1.866.015,78 ; 3.447.267,28 ; 23.412.169,19 
AM;ITAMARATI;1301951; 242.802,50 ; 267.082,76 ; 291.363,01 ; 315.643,26 ; 290.037,16 ; 307.878,50 ; 307.878,50 ; 328.403,73 ; 348.810,97 ; 350.672,21 ; 350.672,21 ; 350.672,21 ; 647.829,92 ; 4.399.746,94 
AM;ITAPIRANGA;1302009; 169.082,03 ; 185.990,23 ; 202.898,44 ; 219.806,64 ; 201.975,14 ; 214.399,44 ; 214.399,44 ; 228.692,74 ; 246.438,94 ; 244.659,14 ; 244.659,14 ; 244.659,14 ; 451.981,95 ; 3.069.642,41 
AM;JAPURA;1302108; 288.572,98 ; 317.430,28 ; 346.287,58 ; 375.144,88 ; 344.711,81 ; 365.916,39 ; 365.916,39 ; 390.310,82 ; 415.083,62 ; 416.844,47 ; 416.844,47 ; 416.844,47 ; 770.076,18 ; 5.229.984,33 
AM;JURUA;1302207; 219.437,74 ; 241.381,51 ; 263.325,29 ; 285.269,06 ; 262.127,02 ; 278.251,50 ; 278.251,50 ; 296.801,60 ; 320.098,08 ; 317.557,52 ; 317.557,52 ; 317.557,52 ; 586.654,02 ; 3.984.269,89 
AM;JUTAI;1302306; 684.264,76 ; 752.691,24 ; 821.117,72 ; 889.544,19 ; 817.381,24 ; 867.661,59 ; 867.661,59 ; 925.505,70 ; 983.017,27 ; 988.262,62 ; 988.262,62 ; 988.262,62 ; 1.825.710,93 ; 12.399.344,09 
AM;LABREA;1302405; 697.641,15 ; 767.405,26 ; 837.169,38 ; 906.933,49 ; 833.359,86 ; 884.623,11 ; 884.623,11 ; 943.597,99 ; 1.014.346,65 ; 1.009.154,98 ; 1.009.154,98 ; 1.009.154,98 ; 1.864.307,35 ; 12.661.472,28 
AM;MANACAPURU;1302504; 1.468.381,99 ; 1.615.220,18 ; 1.762.058,38 ; 1.908.896,58 ; 1.843.963,69 ; 1.881.616,10 ; 1.881.616,10 ; 2.007.057,18 ; 2.153.228,14 ; 2.145.938,35 ; 2.145.938,35 ; 2.145.938,35 ; 3.964.394,70 ; 26.924.248,10 
AM;MANAQUIRI;1302553; 336.049,26 ; 369.654,18 ; 403.259,11 ; 436.864,03 ; 401.424,08 ; 426.117,27 ; 426.117,27 ; 454.525,09 ; 486.808,72 ; 485.870,25 ; 485.870,25 ; 485.870,25 ; 897.594,03 ; 6.096.023,80 
AM;MANAUS;1302603; 18.369.391,80 ; 20.206.330,98 ; 22.043.270,17 ; 23.880.209,34 ; 21.945.145,82 ; 23.293.238,87 ; 23.293.238,87 ; 24.846.121,46 ; 26.428.644,49 ; 26.535.902,89 ; 26.535.902,89 ; 26.535.902,89 ; 49.022.280,90 ; 332.935.581,38 
AM;MANICORE;1302702; 900.397,52 ; 990.437,27 ; 1.080.477,02 ; 1.170.516,77 ; 1.108.728,02 ; 1.148.980,40 ; 1.148.980,40 ; 1.225.579,09 ; 1.301.737,44 ; 1.308.683,47 ; 1.308.683,47 ; 1.308.683,47 ; 2.417.654,63 ; 16.419.538,97 
AM;MARAA;1302801; 404.655,86 ; 445.121,45 ; 485.587,03 ; 526.052,62 ; 483.377,38 ; 513.111,83 ; 513.111,83 ; 547.319,29 ; 585.142,34 ; 584.927,20 ; 584.927,20 ; 584.927,20 ; 1.080.591,29 ; 7.338.852,52 
AM;MAUES;1302900; 978.614,50 ; 1.076.475,96 ; 1.174.337,41 ; 1.272.198,86 ; 1.168.993,61 ; 1.240.903,03 ; 1.240.903,03 ; 1.323.629,90 ; 1.410.699,11 ; 1.414.008,70 ; 1.414.008,70 ; 1.414.008,70 ; 2.612.231,89 ; 17.741.013,38 
AM;NHAMUNDA;1303007; 296.377,30 ; 326.015,02 ; 355.652,75 ; 385.290,48 ; 354.034,36 ; 375.812,42 ; 375.812,42 ; 400.866,58 ; 428.218,41 ; 428.365,78 ; 428.365,78 ; 428.365,78 ; 791.360,58 ; 5.374.537,63 
AM;NOVA OLINDA DO NORTE;1303106; 528.431,26 ; 581.274,39 ; 634.117,52 ; 686.960,64 ; 631.231,99 ; 670.061,55 ; 670.061,55 ; 714.732,32 ; 769.691,75 ; 764.566,76 ; 764.566,76 ; 764.566,76 ; 1.412.456,41 ; 9.592.719,66 
AM;NOVO AIRAO;1303205; 228.941,29 ; 251.835,42 ; 274.729,55 ; 297.623,68 ; 273.479,39 ; 290.302,20 ; 290.302,20 ; 309.655,68 ; 328.970,65 ; 330.662,34 ; 330.662,34 ; 330.662,34 ; 610.863,78 ; 4.148.690,83 
AM;NOVO ARIPUANA;1303304; 240.953,78 ; 265.049,15 ; 289.144,53 ; 313.239,91 ; 287.828,78 ; 305.534,27 ; 305.534,27 ; 325.903,22 ; 346.228,74 ; 348.011,72 ; 348.011,72 ; 348.011,72 ; 642.914,94 ; 4.366.366,76 
AM;PARINTINS;1303403; 1.383.817,00 ; 1.522.198,71 ; 1.660.580,41 ; 1.798.962,11 ; 1.653.023,97 ; 1.754.708,01 ; 1.754.708,01 ; 1.871.688,55 ; 2.039.941,52 ; 2.005.351,27 ; 2.005.351,27 ; 2.005.351,27 ; 3.704.674,89 ; 25.160.356,99 
AM;PAUINI;1303502; 301.033,35 ; 331.136,68 ; 361.240,02 ; 391.343,35 ; 359.596,20 ; 381.716,39 ; 381.716,39 ; 407.164,14 ; 432.465,61 ; 434.773,23 ; 434.773,23 ; 434.773,23 ; 803.197,68 ; 5.454.929,50 
AM;PRESIDENTE FIGUEIREDO;1303536; 622.518,93 ; 684.770,82 ; 747.022,71 ; 809.274,60 ; 743.623,40 ; 789.366,62 ; 789.366,62 ; 841.991,06 ; 905.740,71 ; 900.569,28 ; 900.569,28 ; 900.569,28 ; 1.663.706,72 ; 11.299.090,01 
AM;RIO PRETO DA EVA;1303569; 496.694,93 ; 546.364,43 ; 596.033,92 ; 645.703,41 ; 593.321,67 ; 629.819,24 ; 629.819,24 ; 671.807,19 ; 714.055,45 ; 717.426,42 ; 717.426,42 ; 717.426,42 ; 1.325.369,63 ; 9.001.268,38 
AM;SANTA ISABEL DO RIO NEGRO;1303601; 320.108,63 ; 352.119,49 ; 384.130,36 ; 416.141,22 ; 382.382,38 ; 405.904,23 ; 405.904,23 ; 432.964,51 ; 459.869,23 ; 462.323,08 ; 462.323,08 ; 462.323,08 ; 854.093,11 ; 5.800.586,64 
AM;SANTO ANTONIO DO ICA;1303700; 756.706,77 ; 832.377,45 ; 908.048,13 ; 983.718,80 ; 903.916,07 ; 959.519,52 ; 959.519,52 ; 1.023.487,49 ; 1.094.165,19 ; 1.093.807,64 ; 1.093.807,64 ; 1.093.807,64 ; 2.020.694,21 ; 13.723.576,07 
AM;SAO GABRIEL DA CACHOEIRA;1303809; 1.214.140,97 ; 1.335.555,08 ; 1.456.969,17 ; 1.578.383,27 ; 1.450.339,26 ; 1.539.555,37 ; 1.539.555,37 ; 1.642.192,39 ; 1.757.166,74 ; 1.755.225,64 ; 1.755.225,64 ; 1.755.225,64 ; 3.242.594,19 ; 22.022.128,75 
AM;SAO PAULO DE OLIVENCA;1303908; 883.148,03 ; 971.462,84 ; 1.059.777,64 ; 1.148.092,45 ; 1.054.955,15 ; 1.119.849,61 ; 1.119.849,61 ; 1.194.506,25 ; 1.268.882,93 ; 1.275.523,02 ; 1.275.523,02 ; 1.275.523,02 ; 2.356.394,20 ; 16.003.487,75 
AM;SAO SEBASTIAO DO UATUMA;1303957; 148.733,39 ; 163.606,72 ; 178.480,06 ; 193.353,40 ; 177.667,89 ; 188.596,94 ; 188.596,94 ; 201.170,07 ; 213.670,92 ; 214.811,06 ; 214.811,06 ; 214.811,06 ; 396.840,78 ; 2.695.150,29 
AM;SILVES;1304005; 244.128,26 ; 268.541,09 ; 292.953,92 ; 317.366,75 ; 291.620,84 ; 309.559,59 ; 309.559,59 ; 330.196,89 ; 352.957,31 ; 352.878,14 ; 352.878,14 ; 352.878,14 ; 651.905,13 ; 4.427.423,78 
AM;TABATINGA;1304062; 1.599.848,88 ; 1.759.833,77 ; 1.919.818,66 ; 2.079.803,55 ; 1.911.082,56 ; 2.028.640,81 ; 2.028.640,81 ; 2.163.883,53 ; 2.310.949,67 ; 2.312.249,34 ; 2.312.249,34 ; 2.312.249,34 ; 4.271.636,71 ; 29.010.886,96 
AM;TAPAUA;1304104; 449.369,76 ; 494.306,74 ; 539.243,71 ; 584.180,69 ; 536.789,89 ; 569.809,97 ; 569.809,97 ; 607.797,30 ; 649.385,79 ; 649.507,07 ; 649.507,07 ; 649.507,07 ; 1.199.895,78 ; 8.149.110,79 
AM;TEFE;1304203; 1.405.687,20 ; 1.546.255,92 ; 1.686.824,64 ; 1.827.393,36 ; 1.679.148,77 ; 1.782.439,86 ; 1.782.439,86 ; 1.901.269,18 ; 2.059.728,09 ; 2.035.426,88 ; 2.035.426,88 ; 2.035.426,88 ; 3.760.236,41 ; 25.537.703,90 
AM;TONANTINS;1304237; 426.902,87 ; 469.593,16 ; 512.283,45 ; 554.973,73 ; 509.952,31 ; 541.321,49 ; 541.321,49 ; 577.409,59 ; 613.290,23 ; 616.562,73 ; 616.562,73 ; 616.562,73 ; 1.139.034,59 ; 7.735.771,11 
AM;UARINI;1304260; 310.759,18 ; 341.835,09 ; 372.911,01 ; 403.986,93 ; 371.214,08 ; 394.048,93 ; 394.048,93 ; 420.318,86 ; 449.513,55 ; 449.219,45 ; 449.219,45 ; 449.219,45 ; 829.885,53 ; 5.636.180,45 
AM;URUCARA;1304302; 226.642,58 ; 249.306,84 ; 271.971,10 ; 294.635,36 ; 270.733,49 ; 287.387,39 ; 287.387,39 ; 306.546,55 ; 328.669,96 ; 327.732,24 ; 327.732,24 ; 327.732,24 ; 605.450,74 ; 4.111.928,13 
AM;URUCURITUBA;1304401; 293.743,27 ; 323.117,60 ; 352.491,93 ; 381.866,25 ; 350.887,92 ; 372.472,42 ; 372.472,42 ; 397.303,92 ; 421.992,66 ; 424.244,40 ; 424.244,40 ; 424.244,40 ; 783.746,77 ; 5.322.828,36 
AM;AMAZONAS;13; 32.084.328,25 ; 35.292.761,08 ; 38.501.193,90 ; 41.709.626,73 ; 38.274.019,16 ; 40.672.204,66 ; 40.672.204,66 ; 43.383.684,97 ; 46.469.018,94 ; 46.376.038,90 ; 46.376.038,90 ; 46.376.038,90 ; 85.674.838,94 ; 581.861.998,00 
BA;ABAIRA;2900108; 96.127,29 ; 105.740,02 ; 115.352,75 ; 124.965,48 ; 147.033,13 ; 155.667,22 ; 155.667,22 ; 166.045,04 ; 177.153,43 ; 178.134,72 ; 178.134,72 ; 178.134,72 ; 329.085,11 ; 2.107.240,87 
BA;ABARE;2900207; 426.325,11 ; 468.957,62 ; 511.590,13 ; 554.222,64 ; 652.092,78 ; 690.385,05 ; 690.385,05 ; 736.410,72 ; 785.676,55 ; 790.028,55 ; 790.028,55 ; 790.028,55 ; 1.459.494,39 ; 9.345.625,68 
BA;ACAJUTIBA;2900306; 519.351,24 ; 571.286,37 ; 623.221,49 ; 675.156,61 ; 794.382,46 ; 841.030,29 ; 841.030,29 ; 897.098,97 ; 957.114,84 ; 962.416,47 ; 962.416,47 ; 962.416,47 ; 1.777.962,88 ; 11.384.884,84 
BA;ADUSTINA;2900355; 295.880,08 ; 325.468,08 ; 355.056,09 ; 384.644,10 ; 452.568,36 ; 479.144,14 ; 479.144,14 ; 511.087,08 ; 551.290,45 ; 549.160,19 ; 549.160,19 ; 549.160,19 ; 1.014.515,51 ; 6.496.278,59 
BA;AGUA FRIA;2900405; 312.056,83 ; 343.262,51 ; 374.468,19 ; 405.673,87 ; 477.311,79 ; 505.340,55 ; 505.340,55 ; 539.029,92 ; 578.572,65 ; 578.775,17 ; 578.775,17 ; 578.775,17 ; 1.069.226,07 ; 6.846.608,44 
BA;AIQUARA;2900603; 98.333,13 ; 108.166,45 ; 117.999,76 ; 127.833,08 ; 150.407,11 ; 159.239,33 ; 159.239,33 ; 169.855,29 ; 186.289,98 ; 182.948,74 ; 182.948,74 ; 182.948,74 ; 337.978,50 ; 2.164.188,19 
BA;ALAGOINHAS;2900702; 1.208.102,59 ; 1.328.912,85 ; 1.449.723,11 ; 1.570.533,37 ; 1.847.873,72 ; 1.956.384,79 ; 1.956.384,79 ; 2.086.810,44 ; 2.253.486,64 ; 2.242.627,34 ; 2.242.627,34 ; 2.242.627,34 ; 4.143.017,39 ; 26.529.111,71 
BA;ALCOBACA;2900801; 528.199,19 ; 581.019,11 ; 633.839,03 ; 686.658,94 ; 807.915,98 ; 855.358,53 ; 855.358,53 ; 912.382,43 ; 985.070,49 ; 980.481,23 ; 980.481,23 ; 980.481,23 ; 1.811.335,63 ; 11.598.581,56 
BA;ALMADINA;2900900; 150.214,38 ; 165.235,83 ; 180.257,26 ; 195.278,70 ; 229.762,96 ; 243.255,12 ; 243.255,12 ; 259.472,13 ; 276.830,79 ; 278.364,21 ; 278.364,21 ; 278.364,21 ; 514.248,52 ; 3.292.903,46 
BA;AMARGOSA;2901007; 650.513,03 ; 715.564,34 ; 780.615,64 ; 845.666,94 ; 995.003,19 ; 1.053.431,90 ; 1.053.431,90 ; 1.123.660,69 ; 1.198.833,52 ; 1.205.474,07 ; 1.205.474,07 ; 1.205.474,07 ; 2.226.986,16 ; 14.260.129,51 
BA;AMELIA RODRIGUES;2901106; 421.559,22 ; 463.715,14 ; 505.871,07 ; 548.026,99 ; 644.803,03 ; 682.667,23 ; 682.667,23 ; 728.178,38 ; 776.893,46 ; 781.196,82 ; 781.196,82 ; 781.196,82 ; 1.443.178,70 ; 9.241.150,89 
BA;AMERICA DOURADA;2901155; 379.444,55 ; 417.389,01 ; 455.333,46 ; 493.277,92 ; 580.385,83 ; 614.467,31 ; 614.467,31 ; 655.431,80 ; 703.904,01 ; 703.815,83 ; 703.815,83 ; 703.815,83 ; 1.300.225,49 ; 8.325.774,17 
BA;ANAGE;2901205; 328.355,93 ; 361.191,53 ; 394.027,12 ; 426.862,72 ; 439.994,01 ; 515.289,55 ; 515.289,55 ; 549.642,18 ; 588.166,21 ; 589.912,53 ; 589.912,53 ; 589.912,53 ; 1.089.801,16 ; 6.978.357,56 
BA;ANDARAI;2901304; 270.620,15 ; 297.682,16 ; 324.744,17 ; 351.806,19 ; 413.931,61 ; 438.238,55 ; 438.238,55 ; 467.454,46 ; 503.901,23 ; 502.230,72 ; 502.230,72 ; 502.230,72 ; 927.818,27 ; 5.941.127,50 
BA;ANDORINHA;2901353; 452.059,40 ; 497.265,35 ; 542.471,29 ; 587.677,23 ; 691.455,10 ; 732.058,81 ; 732.058,81 ; 780.862,73 ; 838.173,05 ; 838.443,34 ; 838.443,34 ; 838.443,34 ; 1.548.935,60 ; 9.918.347,37 
BA;ANGICAL;2901403; 262.034,48 ; 288.237,93 ; 314.441,37 ; 340.644,82 ; 400.799,26 ; 424.335,05 ; 424.335,05 ; 452.624,05 ; 489.618,47 ; 486.541,05 ; 486.541,05 ; 486.541,05 ; 898.833,26 ; 5.755.526,89 
BA;ANGUERA;2901502; 308.547,19 ; 339.401,91 ; 370.256,62 ; 401.111,34 ; 471.943,56 ; 499.657,09 ; 499.657,09 ; 532.967,56 ; 574.309,97 ; 572.587,26 ; 572.587,26 ; 572.587,26 ; 1.057.794,56 ; 6.773.408,68 
BA;ANTAS;2901601; 441.935,05 ; 486.128,56 ; 530.322,07 ; 574.515,57 ; 675.969,23 ; 715.663,58 ; 715.663,58 ; 763.374,48 ; 822.196,47 ; 820.065,85 ; 820.065,85 ; 820.065,85 ; 1.514.985,13 ; 9.700.951,26 
BA;ANTONIO CARDOSO;2901700; 261.504,10 ; 287.654,50 ; 313.804,91 ; 339.955,32 ; 399.987,99 ; 423.476,14 ; 423.476,14 ; 451.707,89 ; 487.947,60 ; 485.458,87 ; 485.458,87 ; 485.458,87 ; 896.834,05 ; 5.742.725,26 
BA;ANTONIO GONCALVES;2901809; 273.295,30 ; 300.624,83 ; 327.954,36 ; 355.283,89 ; 368.318,94 ; 429.439,10 ; 429.439,10 ; 458.068,37 ; 488.713,12 ; 491.420,19 ; 491.420,19 ; 491.420,19 ; 907.846,95 ; 5.813.244,52 
BA;APORA;2901908; 405.588,67 ; 446.147,53 ; 486.706,40 ; 527.265,27 ; 620.375,00 ; 656.804,73 ; 656.804,73 ; 700.591,71 ; 747.461,26 ; 751.601,58 ; 751.601,58 ; 751.601,58 ; 1.388.504,61 ; 8.891.054,64 
BA;APUAREMA;2901957; 171.302,51 ; 188.432,76 ; 205.563,01 ; 222.693,26 ; 262.018,64 ; 277.404,94 ; 277.404,94 ; 295.898,60 ; 316.477,84 ; 317.555,12 ; 317.555,12 ; 317.555,12 ; 586.649,58 ; 3.756.511,45 
BA;ARACAS;2902054; 247.238,28 ; 271.962,11 ; 296.685,93 ; 321.409,76 ; 378.167,48 ; 400.374,28 ; 400.374,28 ; 427.065,90 ; 457.233,90 ; 458.389,21 ; 458.389,21 ; 458.389,21 ; 846.825,70 ; 5.422.505,24 
BA;ARACATU;2902005; 435.845,48 ; 479.430,03 ; 523.014,57 ; 566.599,12 ; 666.654,81 ; 705.802,20 ; 705.802,20 ; 752.855,68 ; 811.064,99 ; 808.794,21 ; 808.794,21 ; 808.794,21 ; 1.494.161,98 ; 9.567.613,70 
BA;ARACI;2902104; 1.652.036,57 ; 1.817.240,23 ; 1.982.443,88 ; 2.147.647,54 ; 2.526.900,43 ; 2.675.285,39 ; 2.675.285,39 ; 2.853.637,75 ; 3.066.250,56 ; 3.064.518,84 ; 3.064.518,84 ; 3.064.518,84 ; 5.661.375,23 ; 36.251.659,50 
BA;ARAMARI;2902203; 402.537,26 ; 442.790,98 ; 483.044,71 ; 523.298,43 ; 615.707,66 ; 651.863,32 ; 651.863,32 ; 695.320,87 ; 742.593,46 ; 746.055,19 ; 746.055,19 ; 746.055,19 ; 1.378.258,26 ; 8.825.443,84 
BA;ARATACA;2902252; 192.714,28 ; 211.985,70 ; 231.257,13 ; 250.528,55 ; 294.769,36 ; 312.078,85 ; 312.078,85 ; 332.884,11 ; 355.154,04 ; 357.121,30 ; 357.121,30 ; 357.121,30 ; 659.743,92 ; 4.224.558,69 
BA;ARATUIPE;2902302; 189.667,26 ; 208.633,99 ; 227.600,72 ; 246.567,44 ; 290.108,76 ; 307.144,57 ; 307.144,57 ; 327.620,87 ; 350.490,54 ; 351.611,17 ; 351.611,17 ; 351.611,17 ; 649.564,55 ; 4.159.376,79 
BA;AURELINO LEAL;2902401; 271.542,33 ; 298.696,56 ; 325.850,79 ; 353.005,03 ; 415.342,15 ; 439.731,93 ; 439.731,93 ; 469.047,39 ; 509.656,60 ; 504.520,53 ; 504.520,53 ; 504.520,53 ; 932.048,45 ; 5.968.214,74 
BA;BAIANOPOLIS;2902500; 289.460,50 ; 318.406,55 ; 347.352,60 ; 376.298,65 ; 442.749,20 ; 468.748,37 ; 468.748,37 ; 499.998,27 ; 535.001,84 ; 536.625,51 ; 536.625,51 ; 536.625,51 ; 991.359,02 ; 6.347.999,92 
BA;BAIXA GRANDE;2902609; 362.772,73 ; 399.050,00 ; 435.327,27 ; 471.604,55 ; 554.885,15 ; 587.469,19 ; 587.469,19 ; 626.633,80 ; 684.235,11 ; 674.504,49 ; 674.504,49 ; 674.504,49 ; 1.246.075,89 ; 7.979.036,37 
BA;BANZAE;2902658; 341.728,75 ; 375.901,62 ; 410.074,50 ; 444.247,37 ; 522.696,97 ; 553.390,85 ; 553.390,85 ; 590.283,58 ; 635.419,43 ; 634.070,57 ; 634.070,57 ; 634.070,57 ; 1.171.378,48 ; 7.500.724,10 
BA;BARRA;2902708; 1.199.214,81 ; 1.319.136,29 ; 1.439.057,78 ; 1.558.979,26 ; 1.834.279,27 ; 1.941.992,04 ; 1.941.992,04 ; 2.071.458,18 ; 2.210.503,74 ; 2.222.347,02 ; 2.222.347,02 ; 2.222.347,02 ; 4.105.551,65 ; 26.289.206,12 
BA;BARRA DA ESTIVA;2902807; 436.125,07 ; 479.737,59 ; 523.350,10 ; 566.962,60 ; 667.082,49 ; 706.254,98 ; 706.254,98 ; 753.338,65 ; 804.678,62 ; 808.323,86 ; 808.323,86 ; 808.323,86 ; 1.493.293,06 ; 9.562.049,72 
BA;BARRA DO CHOCA;2902906; 764.648,89 ; 841.113,78 ; 917.578,67 ; 994.043,56 ; 1.169.581,61 ; 1.238.261,94 ; 1.238.261,94 ; 1.320.812,74 ; 1.430.431,87 ; 1.420.025,18 ; 1.420.025,18 ; 1.420.025,18 ; 2.623.346,70 ; 16.798.157,22 
BA;BARRA DO MENDES;2903003; 276.871,48 ; 304.558,63 ; 332.245,78 ; 359.932,93 ; 423.493,46 ; 448.361,89 ; 448.361,89 ; 478.252,68 ; 511.609,13 ; 513.269,09 ; 513.269,09 ; 513.269,09 ; 948.210,49 ; 6.071.705,63 
BA;BARRA DO ROCHA;2903102; 134.970,24 ; 148.467,27 ; 161.964,29 ; 175.461,31 ; 206.446,01 ; 218.568,96 ; 218.568,96 ; 233.140,23 ; 251.025,96 ; 250.442,88 ; 250.442,88 ; 250.442,88 ; 462.666,80 ; 2.962.608,68 
BA;BARREIRAS;2903201; 2.484.352,37 ; 2.732.787,61 ; 2.981.222,85 ; 3.229.658,09 ; 3.799.983,12 ; 4.023.126,21 ; 4.023.126,21 ; 4.291.334,62 ; 4.579.566,35 ; 4.603.948,87 ; 4.603.948,87 ; 4.603.948,87 ; 8.505.309,79 ; 54.462.313,82 
BA;BARRO ALTO;2903235; 334.230,94 ; 367.654,03 ; 401.077,12 ; 434.500,22 ; 511.228,57 ; 541.249,00 ; 541.249,00 ; 577.332,27 ; 620.630,26 ; 620.037,15 ; 620.037,15 ; 620.037,15 ; 1.145.453,21 ; 7.334.716,08 
BA;BARRO PRETO;2903300; 230.205,02 ; 253.225,52 ; 276.246,02 ; 299.266,52 ; 352.113,98 ; 372.790,85 ; 372.790,85 ; 397.643,58 ; 424.351,04 ; 426.610,94 ; 426.610,94 ; 426.610,94 ; 788.118,70 ; 5.046.584,90 
BA;BARROCAS;2903276; 436.575,89 ; 480.233,47 ; 523.891,06 ; 567.548,65 ; 667.772,01 ; 706.985,01 ; 706.985,01 ; 754.117,34 ; 814.170,44 ; 810.399,72 ; 810.399,72 ; 810.399,72 ; 1.497.127,98 ; 9.586.606,03 
BA;BELMONTE;2903409; 435.702,50 ; 479.272,75 ; 522.843,00 ; 566.413,25 ; 666.436,13 ; 705.570,67 ; 705.570,67 ; 752.608,71 ; 820.585,48 ; 809.930,56 ; 809.930,56 ; 809.930,56 ; 1.496.261,26 ; 9.581.056,11 
BA;BELO CAMPO;2903508; 381.080,91 ; 419.189,00 ; 457.297,09 ; 495.405,18 ; 582.888,74 ; 617.117,20 ; 617.117,20 ; 658.258,35 ; 715.657,79 ; 708.099,69 ; 708.099,69 ; 708.099,69 ; 1.308.139,46 ; 8.376.449,98 
BA;BIRITINGA;2903607; 504.051,87 ; 554.457,05 ; 604.862,24 ; 655.267,42 ; 770.981,04 ; 816.254,69 ; 816.254,69 ; 870.671,67 ; 934.136,72 ; 934.812,22 ; 934.812,22 ; 934.812,22 ; 1.726.966,95 ; 11.058.340,99 
BA;BOA NOVA;2903706; 326.928,69 ; 359.621,56 ; 392.314,43 ; 425.007,30 ; 500.059,31 ; 529.423,85 ; 529.423,85 ; 564.718,77 ; 609.931,73 ; 606.900,39 ; 606.900,39 ; 606.900,39 ; 1.121.184,45 ; 7.179.315,13 
BA;BOA VISTA DO TUPIM;2903805; 339.806,07 ; 373.786,67 ; 407.767,28 ; 441.747,88 ; 519.756,10 ; 550.277,29 ; 550.277,29 ; 586.962,44 ; 626.547,07 ; 629.744,37 ; 629.744,37 ; 629.744,37 ; 1.163.386,29 ; 7.449.547,48 
BA;BOM JESUS DA LAPA;2903904; 1.532.304,69 ; 1.685.535,16 ; 1.838.765,63 ; 1.991.996,10 ; 2.343.762,51 ; 2.481.393,23 ; 2.481.393,23 ; 2.646.819,45 ; 2.849.268,19 ; 2.843.168,08 ; 2.843.168,08 ; 2.843.168,08 ; 5.252.453,06 ; 33.633.195,52 
BA;BOM JESUS DA SERRA;2903953; 217.339,49 ; 239.073,44 ; 260.807,39 ; 282.541,34 ; 332.435,29 ; 351.956,60 ; 351.956,60 ; 375.420,37 ; 400.535,97 ; 402.754,61 ; 402.754,61 ; 402.754,61 ; 744.046,65 ; 4.764.376,99 
BA;BONINAL;2904001; 236.682,43 ; 260.350,67 ; 284.018,92 ; 307.687,16 ; 362.021,61 ; 383.280,29 ; 383.280,29 ; 408.832,31 ; 439.118,34 ; 439.019,64 ; 439.019,64 ; 439.019,64 ; 811.042,47 ; 5.193.373,41 
BA;BONITO;2904050; 451.544,28 ; 496.698,70 ; 541.853,13 ; 587.007,56 ; 690.667,17 ; 731.224,62 ; 731.224,62 ; 779.972,92 ; 841.240,44 ; 838.064,04 ; 838.064,04 ; 838.064,04 ; 1.548.234,88 ; 9.913.860,43 
BA;BOQUIRA;2904100; 416.792,10 ; 458.471,31 ; 500.150,52 ; 541.829,73 ; 557.246,97 ; 653.742,15 ; 653.742,15 ; 697.324,96 ; 748.733,72 ; 748.778,40 ; 748.778,40 ; 748.778,40 ; 1.383.289,09 ; 8.857.657,89 
BA;BOTUPORA;2904209; 275.003,38 ; 302.503,73 ; 330.004,07 ; 357.504,41 ; 381.953,60 ; 435.117,10 ; 435.117,10 ; 464.124,90 ; 495.174,83 ; 497.917,69 ; 497.917,69 ; 497.917,69 ; 919.850,40 ; 5.890.106,60 
BA;BREJOES;2904308; 271.464,95 ; 298.611,44 ; 325.757,93 ; 352.904,43 ; 415.223,79 ; 439.606,61 ; 439.606,61 ; 468.913,72 ; 500.284,02 ; 503.055,18 ; 503.055,18 ; 503.055,18 ; 929.341,38 ; 5.950.880,44 
BA;BREJOLANDIA;2904407; 145.520,19 ; 160.072,21 ; 174.624,23 ; 189.176,25 ; 130.104,62 ; 211.221,33 ; 211.221,33 ; 225.302,76 ; 240.375,49 ; 241.706,98 ; 241.706,98 ; 241.706,98 ; 446.528,14 ; 2.859.267,49 
BA;BROTAS DE MACAUBAS;2904506; 237.411,83 ; 261.153,02 ; 284.894,20 ; 308.635,39 ; 363.137,28 ; 384.461,47 ; 384.461,47 ; 410.092,24 ; 437.527,38 ; 439.950,93 ; 439.950,93 ; 439.950,93 ; 812.762,92 ; 5.204.389,98 
BA;BRUMADO;2904605; 1.191.980,22 ; 1.311.178,24 ; 1.430.376,26 ; 1.549.574,29 ; 1.823.213,47 ; 1.930.276,44 ; 1.930.276,44 ; 2.058.961,54 ; 2.196.705,93 ; 2.208.873,88 ; 2.208.873,88 ; 2.208.873,88 ; 4.080.661,45 ; 26.129.825,93 
BA;BUERAREMA;2904704; 269.530,82 ; 296.483,90 ; 323.436,98 ; 350.390,06 ; 412.265,41 ; 436.474,52 ; 436.474,52 ; 465.572,82 ; 513.488,79 ; 501.872,77 ; 501.872,77 ; 501.872,77 ; 927.157,00 ; 5.936.893,13 
BA;BURITIRAMA;2904753; 401.832,23 ; 442.015,45 ; 482.198,67 ; 522.381,89 ; 614.629,27 ; 650.721,60 ; 650.721,60 ; 694.103,04 ; 740.538,48 ; 744.640,47 ; 744.640,47 ; 744.640,47 ; 1.375.644,70 ; 8.808.708,32 
BA;CAATIBA;2904803; 143.946,89 ; 158.341,58 ; 172.736,27 ; 187.130,96 ; 220.176,40 ; 233.105,62 ; 233.105,62 ; 248.646,00 ; 265.280,40 ; 266.749,84 ; 266.749,84 ; 266.749,84 ; 492.792,18 ; 3.155.511,44 
BA;CABACEIRAS DO PARAGUACU;2904852; 519.897,88 ; 571.887,66 ; 623.877,45 ; 675.867,24 ; 795.218,58 ; 841.915,50 ; 841.915,50 ; 898.043,20 ; 958.122,23 ; 963.429,44 ; 963.429,44 ; 963.429,44 ; 1.779.834,25 ; 11.396.867,83 
BA;CACHOEIRA;2904902; 510.024,73 ; 561.027,19 ; 612.029,67 ; 663.032,14 ; 780.116,92 ; 825.927,05 ; 825.927,05 ; 880.988,85 ; 945.522,64 ; 945.934,81 ; 945.934,81 ; 945.934,81 ; 1.747.514,76 ; 11.189.915,42 
BA;CACULE;2905008; 434.662,18 ; 478.128,40 ; 521.594,62 ; 565.060,83 ; 664.844,87 ; 703.885,98 ; 703.885,98 ; 750.811,71 ; 812.585,89 ; 807.131,58 ; 807.131,58 ; 807.131,58 ; 1.491.090,45 ; 9.547.945,67 
BA;CAEM;2905107; 299.361,45 ; 329.297,59 ; 359.233,73 ; 389.169,88 ; 457.893,35 ; 484.781,82 ; 484.781,82 ; 517.100,61 ; 553.025,72 ; 554.941,19 ; 554.941,19 ; 554.941,19 ; 1.025.195,30 ; 6.564.664,84 
BA;CAETANOS;2905156; 243.948,88 ; 268.343,77 ; 292.738,66 ; 317.133,55 ; 373.136,14 ; 395.047,48 ; 395.047,48 ; 421.383,98 ; 450.358,02 ; 452.177,03 ; 452.177,03 ; 452.177,03 ; 835.349,35 ; 5.349.018,37 
BA;CAETITE;2905206; 703.842,64 ; 774.226,91 ; 844.611,17 ; 914.995,44 ; 1.076.574,41 ; 1.139.793,14 ; 1.139.793,14 ; 1.215.779,35 ; 1.320.089,44 ; 1.307.590,36 ; 1.307.590,36 ; 1.307.590,36 ; 2.415.635,23 ; 15.468.111,94 
BA;CAFARNAUM;2905305; 421.172,23 ; 463.289,45 ; 505.406,68 ; 547.523,90 ; 644.211,09 ; 682.040,54 ; 682.040,54 ; 727.509,91 ; 791.137,85 ; 782.621,96 ; 782.621,96 ; 782.621,96 ; 1.445.811,49 ; 9.258.009,55 
BA;CAIRU;2905404; 600.238,71 ; 660.262,57 ; 720.286,44 ; 780.310,31 ; 918.105,24 ; 972.018,33 ; 972.018,33 ; 1.036.819,56 ; 1.129.274,16 ; 1.115.617,30 ; 1.115.617,30 ; 1.115.617,30 ; 2.060.985,26 ; 13.197.170,83 
BA;CALDEIRAO GRANDE;2905503; 443.478,67 ; 487.826,53 ; 532.174,40 ; 576.522,27 ; 678.330,28 ; 718.163,28 ; 718.163,28 ; 766.040,83 ; 817.288,91 ; 821.816,02 ; 821.816,02 ; 821.816,02 ; 1.518.218,39 ; 9.721.654,89 
BA;CAMACAN;2905602; 357.493,36 ; 393.242,70 ; 428.992,04 ; 464.741,37 ; 546.810,02 ; 578.919,86 ; 578.919,86 ; 617.514,52 ; 658.826,20 ; 662.475,55 ; 662.475,55 ; 662.475,55 ; 1.223.853,69 ; 7.836.740,28 
BA;CAMACARI;2905701; 3.244.286,02 ; 3.568.714,62 ; 3.893.143,22 ; 4.217.571,82 ; 4.958.404,01 ; 5.252.709,19 ; 5.252.709,19 ; 5.602.889,81 ; 6.000.396,95 ; 6.014.081,93 ; 6.014.081,93 ; 6.014.081,93 ; 11.110.381,84 ; 71.143.452,47 
BA;CAMAMU;2905800; 619.756,85 ; 681.732,54 ; 743.708,22 ; 805.683,91 ; 947.959,56 ; 1.003.625,76 ; 1.003.625,76 ; 1.070.534,14 ; 1.148.277,16 ; 1.149.356,55 ; 1.149.356,55 ; 1.149.356,55 ; 2.123.314,96 ; 13.596.288,48 
BA;CAMPO ALEGRE DE LOURDES;2905909; 594.963,34 ; 654.459,67 ; 713.956,01 ; 773.452,34 ; 910.036,22 ; 963.475,49 ; 963.475,49 ; 1.027.707,18 ; 1.096.460,74 ; 1.102.534,22 ; 1.102.534,22 ; 1.102.534,22 ; 2.036.815,65 ; 13.042.404,79 
BA;CAMPO FORMOSO;2906006; 1.554.394,70 ; 1.709.834,17 ; 1.865.273,64 ; 2.020.713,11 ; 2.377.550,67 ; 2.517.165,49 ; 2.517.165,49 ; 2.684.976,52 ; 2.864.722,23 ; 2.880.486,14 ; 2.880.486,14 ; 2.880.486,14 ; 5.321.394,24 ; 34.074.648,70 
BA;CANAPOLIS;2906105; 163.576,55 ; 179.934,20 ; 196.291,86 ; 212.649,51 ; 250.201,27 ; 264.893,62 ; 264.893,62 ; 282.553,20 ; 301.455,99 ; 303.125,81 ; 303.125,81 ; 303.125,81 ; 559.992,95 ; 3.585.820,22 
BA;CANARANA;2906204; 661.458,81 ; 727.604,69 ; 793.750,58 ; 859.896,46 ; 1.011.745,50 ; 1.071.157,34 ; 1.071.157,34 ; 1.142.567,83 ; 1.219.005,55 ; 1.225.757,84 ; 1.225.757,84 ; 1.225.757,84 ; 2.264.458,28 ; 14.500.075,90 
BA;CANAVIEIRAS;2906303; 555.152,50 ; 610.667,75 ; 666.183,00 ; 721.698,25 ; 890.934,74 ; 910.047,46 ; 910.047,46 ; 970.717,29 ; 1.048.733,13 ; 1.043.267,55 ; 1.043.267,55 ; 1.043.267,55 ; 1.927.326,73 ; 12.341.310,96 
BA;CANDEAL;2906402; 129.008,22 ; 141.909,03 ; 154.809,86 ; 167.710,68 ; 197.326,69 ; 208.914,13 ; 208.914,13 ; 222.841,74 ; 239.670,62 ; 239.341,88 ; 239.341,88 ; 239.341,88 ; 442.158,87 ; 2.831.289,61 
BA;CANDEIAS;2906501; 944.344,91 ; 1.038.779,40 ; 1.133.213,89 ; 1.227.648,38 ; 1.444.438,70 ; 1.529.259,21 ; 1.529.259,21 ; 1.631.209,82 ; 1.772.013,45 ; 1.754.514,42 ; 1.754.514,42 ; 1.754.514,42 ; 3.241.280,28 ; 20.754.990,48 
BA;CANDIBA;2906600; 180.288,97 ; 198.317,86 ; 216.346,76 ; 234.375,65 ; 275.764,02 ; 291.957,48 ; 291.957,48 ; 311.421,31 ; 336.408,11 ; 334.690,57 ; 334.690,57 ; 334.690,57 ; 618.305,51 ; 3.959.214,84 
BA;CANDIDO SALES;2906709; 558.220,85 ; 614.042,94 ; 669.865,03 ; 725.687,11 ; 853.836,14 ; 903.975,21 ; 903.975,21 ; 964.240,22 ; 1.039.076,39 ; 1.035.925,55 ; 1.035.925,55 ; 1.035.925,55 ; 1.913.763,15 ; 12.254.458,89 
BA;CANSANCAO;2906808; 1.278.286,32 ; 1.406.114,95 ; 1.533.943,58 ; 1.661.772,21 ; 1.955.224,42 ; 2.070.039,35 ; 2.070.039,35 ; 2.208.041,98 ; 2.355.865,24 ; 2.368.823,91 ; 2.368.823,91 ; 2.368.823,91 ; 4.376.152,25 ; 28.021.951,38 
BA;CANUDOS;2906824; 368.026,68 ; 404.829,35 ; 441.632,01 ; 478.434,68 ; 562.921,42 ; 595.977,36 ; 595.977,36 ; 635.709,19 ; 683.109,20 ; 682.692,63 ; 682.692,63 ; 682.692,63 ; 1.261.202,61 ; 8.075.897,76 
BA;CAPELA DO ALTO ALEGRE;2906857; 208.268,00 ; 229.094,80 ; 249.921,60 ; 270.748,40 ; 318.559,85 ; 337.266,35 ; 337.266,35 ; 359.750,78 ; 386.151,29 ; 386.278,29 ; 386.278,29 ; 386.278,29 ; 713.608,38 ; 4.569.470,67 
BA;CAPIM GROSSO;2906873; 736.547,85 ; 810.202,64 ; 883.857,42 ; 957.512,21 ; 1.126.599,21 ; 1.192.755,51 ; 1.192.755,51 ; 1.272.272,54 ; 1.364.029,83 ; 1.365.857,64 ; 1.365.857,64 ; 1.365.857,64 ; 2.523.277,89 ; 16.157.383,54 
BA;CARAIBAS;2906899; 173.767,74 ; 191.144,51 ; 208.521,28 ; 225.898,06 ; 265.789,38 ; 281.397,09 ; 281.397,09 ; 300.156,90 ; 326.700,61 ; 322.936,92 ; 322.936,92 ; 322.936,92 ; 596.591,88 ; 3.820.175,28 
BA;CARAVELAS;2906907; 400.385,57 ; 440.424,12 ; 480.462,68 ; 520.501,24 ; 612.416,50 ; 648.378,90 ; 648.378,90 ; 691.604,16 ; 743.821,50 ; 742.811,69 ; 742.811,69 ; 742.811,69 ; 1.372.266,23 ; 8.787.074,87 
BA;CARDEAL DA SILVA;2907004; 221.205,40 ; 243.325,95 ; 265.446,49 ; 287.567,03 ; 338.348,47 ; 358.217,01 ; 358.217,01 ; 382.098,14 ; 412.015,35 ; 410.542,31 ; 410.542,31 ; 410.542,31 ; 758.433,60 ; 4.856.501,36 
BA;CARINHANHA;2907103; 597.255,97 ; 656.981,56 ; 716.707,16 ; 776.432,76 ; 913.542,95 ; 967.188,14 ; 967.188,14 ; 1.031.667,34 ; 1.106.409,80 ; 1.107.602,53 ; 1.107.602,53 ; 1.107.602,53 ; 2.046.178,81 ; 13.102.360,22 
BA;CASA NOVA;2907202; 1.208.292,90 ; 1.329.122,19 ; 1.449.951,48 ; 1.570.780,77 ; 1.848.164,82 ; 1.956.692,97 ; 1.956.692,97 ; 2.087.139,17 ; 2.239.496,39 ; 2.240.926,03 ; 2.240.926,03 ; 2.240.926,03 ; 4.139.874,42 ; 26.508.986,18 
BA;CASTRO ALVES;2907301; 629.248,72 ; 692.173,59 ; 755.098,46 ; 818.023,33 ; 962.478,00 ; 1.018.996,75 ; 1.018.996,75 ; 1.086.929,87 ; 1.164.110,85 ; 1.166.708,45 ; 1.166.708,45 ; 1.166.708,45 ; 2.155.370,77 ; 13.801.552,46 
BA;CATOLANDIA;2907400; 64.221,02 ; 70.643,12 ; 77.065,22 ; 83.487,32 ; 98.230,34 ; 103.998,63 ; 103.998,63 ; 110.931,87 ; 118.458,28 ; 119.023,84 ; 119.023,84 ; 119.023,84 ; 219.883,98 ; 1.407.989,92 
BA;CATU;2907509; 614.646,74 ; 676.111,41 ; 737.576,09 ; 799.040,76 ; 940.143,30 ; 995.350,51 ; 995.350,51 ; 1.061.707,21 ; 1.162.320,29 ; 1.143.247,04 ; 1.143.247,04 ; 1.143.247,04 ; 2.112.028,30 ; 13.524.016,25 
BA;CATURAMA;2907558; 267.390,06 ; 294.129,06 ; 320.868,07 ; 347.607,07 ; 408.990,98 ; 433.007,79 ; 433.007,79 ; 461.874,98 ; 495.350,36 ; 495.872,89 ; 495.872,89 ; 495.872,89 ; 916.072,85 ; 5.865.917,69 
BA;CENTRAL;2907608; 292.112,29 ; 321.323,52 ; 350.534,75 ; 379.745,98 ; 446.805,29 ; 473.042,64 ; 473.042,64 ; 504.578,82 ; 538.335,10 ; 541.317,04 ; 541.317,04 ; 541.317,04 ; 1.000.026,13 ; 6.403.498,29 
BA;CHORROCHO;2907707; 279.508,70 ; 307.459,57 ; 335.410,44 ; 363.361,31 ; 427.527,25 ; 452.632,56 ; 452.632,56 ; 482.808,07 ; 515.107,90 ; 517.961,17 ; 517.961,17 ; 517.961,17 ; 956.878,61 ; 6.127.210,48 
BA;CICERO DANTAS;2907806; 660.630,71 ; 726.693,77 ; 792.756,85 ; 858.819,92 ; 1.009.329,00 ; 1.069.512,54 ; 1.069.512,54 ; 1.140.813,37 ; 1.217.693,02 ; 1.223.955,74 ; 1.223.955,74 ; 1.223.955,74 ; 2.261.129,09 ; 14.478.758,02 
BA;CIPO;2907905; 627.767,42 ; 690.544,17 ; 753.320,91 ; 816.097,65 ; 960.212,27 ; 1.016.597,97 ; 1.016.597,97 ; 1.084.371,17 ; 1.170.426,74 ; 1.165.259,02 ; 1.165.259,02 ; 1.165.259,02 ; 2.152.693,10 ; 13.784.406,44 
BA;COARACI;2908002; 260.614,96 ; 286.676,45 ; 312.737,94 ; 338.799,44 ; 398.628,00 ; 422.036,29 ; 422.036,29 ; 450.172,04 ; 481.230,51 ; 483.083,84 ; 483.083,84 ; 483.083,84 ; 892.446,42 ; 5.714.629,85 
BA;COCOS;2908101; 347.464,62 ; 382.211,08 ; 416.957,54 ; 451.704,01 ; 531.470,38 ; 562.679,45 ; 562.679,45 ; 600.191,41 ; 642.342,18 ; 644.177,32 ; 644.177,32 ; 644.177,32 ; 1.190.049,63 ; 7.620.281,70 
BA;CONCEICAO DA FEIRA;2908200; 449.826,16 ; 494.808,77 ; 539.791,38 ; 584.774,00 ; 688.039,19 ; 728.442,31 ; 728.442,31 ; 777.005,13 ; 867.198,87 ; 839.051,52 ; 839.051,52 ; 839.051,52 ; 1.550.059,16 ; 9.925.541,84 
BA;CONCEICAO DO ALMEIDA;2908309; 193.121,28 ; 212.433,41 ; 231.745,54 ; 251.057,67 ; 295.391,91 ; 312.737,96 ; 312.737,96 ; 333.587,16 ; 355.904,12 ; 357.875,53 ; 357.875,53 ; 357.875,53 ; 661.137,29 ; 4.233.480,89 
BA;CONCEICAO DO COITE;2908408; 1.111.302,40 ; 1.222.432,65 ; 1.333.562,89 ; 1.444.693,13 ; 1.699.811,37 ; 1.799.627,90 ; 1.799.627,90 ; 1.919.603,09 ; 2.085.637,65 ; 2.064.755,90 ; 2.064.755,90 ; 2.064.755,90 ; 3.814.418,68 ; 24.424.985,37 
BA;CONCEICAO DO JACUIPE;2908507; 806.485,41 ; 887.133,96 ; 967.782,50 ; 1.048.431,04 ; 1.233.573,39 ; 1.306.011,43 ; 1.306.011,43 ; 1.393.078,86 ; 1.488.121,69 ; 1.494.772,88 ; 1.494.772,88 ; 1.494.772,88 ; 2.761.435,19 ; 17.682.383,54 
BA;CONDE;2908606; 552.968,11 ; 608.264,92 ; 663.561,73 ; 718.858,54 ; 845.801,70 ; 895.468,98 ; 895.468,98 ; 955.166,91 ; 1.030.130,85 ; 1.026.296,84 ; 1.026.296,84 ; 1.026.296,84 ; 1.895.975,14 ; 12.140.556,37 
BA;CONDEUBA;2908705; 298.953,04 ; 328.848,35 ; 358.743,65 ; 388.638,96 ; 457.268,68 ; 484.120,46 ; 484.120,46 ; 516.395,16 ; 550.941,97 ; 553.993,73 ; 553.993,73 ; 553.993,73 ; 1.023.444,97 ; 6.553.456,88 
BA;CONTENDAS DO SINCORA;2908804; 79.794,30 ; 87.773,73 ; 95.753,16 ; 103.732,59 ; 122.050,72 ; 129.217,80 ; 129.217,80 ; 137.832,32 ; 147.053,30 ; 147.867,85 ; 147.867,85 ; 147.867,85 ; 273.170,25 ; 1.749.199,51 
BA;CORACAO DE MARIA;2908903; 691.325,10 ; 760.457,62 ; 829.590,13 ; 898.722,64 ; 1.057.427,99 ; 1.119.522,41 ; 1.119.522,41 ; 1.194.157,23 ; 1.276.730,03 ; 1.281.487,82 ; 1.281.487,82 ; 1.281.487,82 ; 2.367.413,55 ; 15.159.332,57 
BA;CORDEIROS;2909000; 158.945,37 ; 174.839,90 ; 190.734,44 ; 206.628,97 ; 243.117,56 ; 257.393,95 ; 257.393,95 ; 274.553,54 ; 297.950,29 ; 295.263,99 ; 295.263,99 ; 295.263,99 ; 545.469,07 ; 3.492.819,00 
BA;CORIBE;2909109; 350.617,37 ; 385.679,11 ; 420.740,84 ; 455.802,58 ; 536.292,72 ; 567.784,97 ; 567.784,97 ; 605.637,30 ; 646.154,39 ; 649.733,56 ; 649.733,56 ; 649.733,56 ; 1.200.314,20 ; 7.686.009,11 
BA;CORONEL JOAO SA;2909208; 715.416,59 ; 786.958,25 ; 858.499,91 ; 930.041,57 ; 1.094.277,53 ; 1.158.535,83 ; 1.158.535,83 ; 1.235.771,56 ; 1.324.886,66 ; 1.326.670,35 ; 1.326.670,35 ; 1.326.670,35 ; 2.450.883,50 ; 15.693.818,29 
BA;CORRENTINA;2909307; 588.081,39 ; 646.889,52 ; 705.697,66 ; 764.505,80 ; 899.509,80 ; 952.330,94 ; 952.330,94 ; 1.015.819,67 ; 1.099.601,36 ; 1.092.047,47 ; 1.092.047,47 ; 1.092.047,47 ; 2.017.442,48 ; 12.918.351,97 
BA;COTEGIPE;2909406; 244.815,95 ; 269.297,54 ; 293.779,14 ; 318.260,73 ; 374.462,36 ; 396.451,59 ; 396.451,59 ; 422.881,70 ; 454.110,92 ; 454.092,44 ; 454.092,44 ; 454.092,44 ; 838.887,87 ; 5.371.676,70 
BA;CRAVOLANDIA;2909505; 129.681,49 ; 142.649,64 ; 155.617,79 ; 168.585,94 ; 198.356,51 ; 210.004,43 ; 210.004,43 ; 224.004,73 ; 238.990,63 ; 240.314,44 ; 240.314,44 ; 240.314,44 ; 443.955,57 ; 2.842.794,48 
BA;CRISOPOLIS;2909604; 723.027,84 ; 795.330,62 ; 867.633,40 ; 939.936,19 ; 1.105.919,43 ; 1.170.861,38 ; 1.170.861,38 ; 1.248.918,80 ; 1.366.858,33 ; 1.344.777,21 ; 1.344.777,21 ; 1.344.777,21 ; 2.484.334,01 ; 15.908.013,01 
BA;CRISTOPOLIS;2909703; 246.207,59 ; 270.828,35 ; 295.449,11 ; 320.069,87 ; 376.590,98 ; 398.705,21 ; 398.705,21 ; 425.285,55 ; 458.967,27 ; 456.999,54 ; 456.999,54 ; 456.999,54 ; 844.258,44 ; 5.406.066,22 
BA;CRUZ DAS ALMAS;2909802; 748.109,24 ; 822.920,16 ; 897.731,08 ; 972.542,01 ; 1.144.283,11 ; 1.211.477,85 ; 1.211.477,85 ; 1.292.243,04 ; 1.407.641,40 ; 1.390.476,80 ; 1.390.476,80 ; 1.390.476,80 ; 2.568.759,19 ; 16.448.615,36 
BA;CURACA;2909901; 765.702,94 ; 842.273,23 ; 918.843,52 ; 995.413,82 ; 1.171.193,85 ; 1.239.968,85 ; 1.239.968,85 ; 1.322.633,44 ; 1.426.603,29 ; 1.421.151,89 ; 1.421.151,89 ; 1.421.151,89 ; 2.625.428,18 ; 16.811.485,62 
BA;DARIO MEIRA;2910008; 342.533,18 ; 376.786,50 ; 411.039,82 ; 445.293,13 ; 523.927,41 ; 554.693,54 ; 554.693,54 ; 591.673,11 ; 631.256,00 ; 634.752,64 ; 634.752,64 ; 634.752,64 ; 1.172.638,54 ; 7.508.792,69 
BA;DIAS DAVILA;2910057; 1.084.393,43 ; 1.192.832,78 ; 1.301.272,12 ; 1.409.711,47 ; 1.658.652,30 ; 1.756.051,88 ; 1.756.051,88 ; 1.873.122,00 ; 2.032.716,78 ; 2.014.413,57 ; 2.014.413,57 ; 2.014.413,57 ; 3.721.416,54 ; 23.829.461,90 
BA;DOM BASILIO;2910107; 235.061,02 ; 258.567,13 ; 282.073,23 ; 305.579,33 ; 359.541,56 ; 380.654,60 ; 380.654,60 ; 406.031,58 ; 435.315,90 ; 435.898,36 ; 435.898,36 ; 435.898,36 ; 805.276,23 ; 5.156.450,26 
BA;DOM MACEDO COSTA;2910206; 84.306,76 ; 92.737,44 ; 101.168,11 ; 109.598,79 ; 128.952,83 ; 136.525,21 ; 136.525,21 ; 145.626,90 ; 155.489,84 ; 156.247,20 ; 156.247,20 ; 156.247,20 ; 288.650,23 ; 1.848.322,93 
BA;ELISIO MEDRADO;2910305; 194.931,87 ; 214.425,05 ; 233.918,24 ; 253.411,42 ; 298.161,32 ; 315.669,99 ; 315.669,99 ; 336.714,66 ; 361.529,11 ; 361.558,48 ; 361.558,48 ; 361.558,48 ; 667.941,14 ; 4.277.048,23 
BA;ENCRUZILHADA;2910404; 401.747,54 ; 441.922,29 ; 482.097,05 ; 522.271,80 ; 614.499,74 ; 650.584,46 ; 650.584,46 ; 693.956,76 ; 748.270,18 ; 745.613,25 ; 745.613,25 ; 745.613,25 ; 1.377.441,81 ; 8.820.215,84 
BA;ENTRE RIOS;2910503; 662.542,02 ; 728.796,22 ; 795.050,42 ; 861.304,63 ; 1.044.055,25 ; 1.081.009,75 ; 1.081.009,75 ; 1.153.077,07 ; 1.257.979,52 ; 1.241.008,37 ; 1.241.008,37 ; 1.241.008,37 ; 2.292.632,04 ; 14.680.481,79 
BA;ERICO CARDOSO;2900504; 253.468,51 ; 278.815,37 ; 304.162,22 ; 329.509,07 ; 387.697,05 ; 410.463,44 ; 410.463,44 ; 437.827,67 ; 467.118,31 ; 469.705,77 ; 469.705,77 ; 469.705,77 ; 867.731,85 ; 5.556.374,23 
BA;ESPLANADA;2910602; 651.660,60 ; 716.826,66 ; 781.992,72 ; 847.158,78 ; 996.758,47 ; 1.055.290,25 ; 1.055.290,25 ; 1.125.642,93 ; 1.219.831,49 ; 1.210.305,15 ; 1.210.305,15 ; 1.210.305,15 ; 2.235.911,07 ; 14.317.278,67 
BA;EUCLIDES DA CUNHA;2910701; 1.484.754,33 ; 1.633.229,76 ; 1.781.705,19 ; 1.930.180,63 ; 2.271.031,06 ; 2.404.390,83 ; 2.404.390,83 ; 2.564.683,55 ; 2.760.538,88 ; 2.754.894,56 ; 2.754.894,56 ; 2.754.894,56 ; 5.089.377,04 ; 32.588.965,78 
BA;EUNAPOLIS;2910727; 1.529.285,18 ; 1.682.213,69 ; 1.835.142,21 ; 1.988.070,73 ; 2.339.143,95 ; 2.476.503,47 ; 2.476.503,47 ; 2.641.603,70 ; 2.876.303,60 ; 2.842.241,68 ; 2.842.241,68 ; 2.842.241,68 ; 5.250.741,64 ; 33.622.236,68 
BA;FATIMA;2910750; 539.864,89 ; 593.851,38 ; 647.837,87 ; 701.824,36 ; 825.759,46 ; 874.249,81 ; 874.249,81 ; 932.533,13 ; 1.005.262,17 ; 1.001.911,88 ; 1.001.911,88 ; 1.001.911,88 ; 1.850.926,49 ; 11.852.094,99 
BA;FEIRA DA MATA;2910776; 126.911,61 ; 139.602,78 ; 152.293,94 ; 164.985,10 ; 194.119,81 ; 205.518,93 ; 205.518,93 ; 219.220,19 ; 234.933,63 ; 235.331,59 ; 235.331,59 ; 235.331,59 ; 434.750,29 ; 2.783.849,98 
BA;FEIRA DE SANTANA;2910800; 5.636.455,16 ; 6.200.100,67 ; 6.763.746,19 ; 7.327.391,71 ; 8.621.335,17 ; 9.127.598,29 ; 9.127.598,29 ; 9.736.104,84 ; 10.409.822,87 ; 10.448.191,95 ; 10.448.191,95 ; 10.448.191,95 ; 19.301.932,29 ; 123.596.661,33 
BA;FILADELFIA;2910859; 547.927,95 ; 602.720,75 ; 657.513,54 ; 712.306,34 ; 838.092,46 ; 887.307,02 ; 887.307,02 ; 946.460,83 ; 1.009.778,99 ; 1.015.372,34 ; 1.015.372,34 ; 1.015.372,34 ; 1.875.793,27 ; 12.011.325,21 
BA;FIRMINO ALVES;2910909; 96.534,88 ; 106.188,37 ; 115.841,86 ; 125.495,35 ; 147.656,56 ; 156.327,27 ; 156.327,27 ; 166.749,08 ; 177.904,58 ; 178.890,03 ; 178.890,03 ; 178.890,03 ; 330.480,46 ; 2.116.175,77 
BA;FLORESTA AZUL;2911006; 153.480,69 ; 168.828,76 ; 184.176,83 ; 199.524,90 ; 234.758,97 ; 248.544,53 ; 248.544,53 ; 265.114,16 ; 289.357,11 ; 285.348,97 ; 285.348,97 ; 285.348,97 ; 527.152,12 ; 3.375.529,49 
BA;FORMOSA DO RIO PRETO;2911105; 459.651,20 ; 505.616,33 ; 551.581,45 ; 597.546,57 ; 703.067,26 ; 744.352,87 ; 744.352,87 ; 793.976,39 ; 847.303,09 ; 851.815,60 ; 851.815,60 ; 851.815,60 ; 1.573.639,45 ; 10.076.534,26 
BA;GANDU;2911204; 783.041,93 ; 861.346,12 ; 939.650,32 ; 1.017.954,51 ; 1.197.715,00 ; 1.268.047,38 ; 1.268.047,38 ; 1.352.583,87 ; 1.453.132,95 ; 1.452.506,09 ; 1.452.506,09 ; 1.452.506,09 ; 2.683.351,76 ; 17.182.389,50 
BA;GAVIAO;2911253; 149.730,73 ; 164.703,81 ; 179.676,88 ; 194.649,95 ; 229.023,18 ; 242.471,90 ; 242.471,90 ; 258.636,69 ; 275.939,47 ; 277.467,95 ; 277.467,95 ; 277.467,95 ; 512.592,76 ; 3.282.301,13 
BA;GENTIO DO OURO;2911303; 217.338,36 ; 239.072,20 ; 260.806,03 ; 282.539,87 ; 332.433,56 ; 351.954,77 ; 351.954,77 ; 375.418,42 ; 400.533,88 ; 402.752,51 ; 402.752,51 ; 402.752,51 ; 744.042,78 ; 4.764.352,18 
BA;GLORIA;2911402; 301.224,73 ; 331.347,20 ; 361.469,67 ; 391.592,14 ; 460.743,36 ; 487.799,20 ; 487.799,20 ; 520.319,14 ; 556.460,94 ; 558.394,26 ; 558.394,26 ; 558.394,26 ; 1.031.574,48 ; 6.605.512,83 
BA;GONGOGI;2911501; 124.377,25 ; 136.814,98 ; 149.252,71 ; 161.690,43 ; 190.243,34 ; 201.414,83 ; 201.414,83 ; 214.842,48 ; 230.571,19 ; 230.679,27 ; 230.679,27 ; 230.679,27 ; 426.155,62 ; 2.728.815,48 
BA;GOVERNADOR MANGABEIRA;2911600; 406.562,82 ; 447.219,10 ; 487.875,38 ; 528.531,66 ; 621.865,02 ; 658.382,26 ; 658.382,26 ; 702.274,41 ; 750.326,18 ; 753.559,99 ; 753.559,99 ; 753.559,99 ; 1.392.122,57 ; 8.914.221,62 
BA;GUAJERU;2911659; 132.089,96 ; 145.298,96 ; 158.507,96 ; 171.716,95 ; 202.040,43 ; 213.904,68 ; 213.904,68 ; 228.164,99 ; 244.999,62 ; 245.002,53 ; 245.002,53 ; 245.002,53 ; 452.616,32 ; 2.898.252,14 
BA;GUANAMBI;2911709; 1.256.116,77 ; 1.381.728,45 ; 1.507.340,13 ; 1.632.951,81 ; 1.921.314,63 ; 2.034.138,30 ; 2.034.138,30 ; 2.169.747,52 ; 2.364.385,91 ; 2.334.813,21 ; 2.334.813,21 ; 2.334.813,21 ; 4.313.321,07 ; 27.619.622,54 
BA;GUARATINGA;2911808; 330.981,01 ; 364.079,11 ; 397.177,21 ; 430.275,31 ; 506.257,59 ; 535.986,11 ; 535.986,11 ; 571.718,52 ; 620.048,77 ; 614.789,19 ; 614.789,19 ; 614.789,19 ; 1.135.758,17 ; 7.272.635,49 
BA;HELIOPOLIS;2911857; 270.164,51 ; 297.180,96 ; 324.197,41 ; 351.213,86 ; 413.234,69 ; 437.500,71 ; 437.500,71 ; 466.667,42 ; 509.062,72 ; 502.245,89 ; 502.245,89 ; 502.245,89 ; 927.846,30 ; 5.941.306,96 
BA;IACU;2911907; 704.808,78 ; 775.289,66 ; 845.770,54 ; 916.251,41 ; 1.078.052,17 ; 1.141.357,69 ; 1.141.357,69 ; 1.217.448,20 ; 1.312.772,82 ; 1.308.077,79 ; 1.308.077,79 ; 1.308.077,79 ; 2.416.535,71 ; 15.473.878,05 
BA;IBIASSUCE;2912004; 166.836,50 ; 183.520,15 ; 200.203,79 ; 216.887,44 ; 255.187,58 ; 270.172,74 ; 270.172,74 ; 288.184,25 ; 308.002,79 ; 309.244,06 ; 309.244,06 ; 309.244,06 ; 571.295,77 ; 3.658.195,94 
BA;IBICARAI;2912103; 292.579,31 ; 321.837,24 ; 351.095,17 ; 380.353,10 ; 447.519,62 ; 473.798,92 ; 473.798,92 ; 505.385,52 ; 539.195,78 ; 542.182,48 ; 542.182,48 ; 542.182,48 ; 1.001.624,93 ; 6.413.735,94 
BA;IBICOARA;2912202; 487.039,31 ; 535.743,24 ; 584.447,17 ; 633.151,10 ; 744.959,20 ; 788.704,79 ; 788.704,79 ; 841.285,11 ; 920.544,26 ; 905.829,70 ; 905.829,70 ; 905.829,70 ; 1.673.424,80 ; 10.715.492,87 
BA;IBICUI;2912301; 317.295,60 ; 349.025,16 ; 380.754,72 ; 412.484,28 ; 485.324,84 ; 513.824,15 ; 513.824,15 ; 548.079,09 ; 584.745,56 ; 587.984,56 ; 587.984,56 ; 587.984,56 ; 1.086.239,44 ; 6.955.550,68 
BA;IBIPEBA;2912400; 267.513,62 ; 294.264,98 ; 321.016,34 ; 347.767,70 ; 409.179,97 ; 433.207,89 ; 433.207,89 ; 462.088,42 ; 495.056,82 ; 496.027,21 ; 496.027,21 ; 496.027,21 ; 916.357,94 ; 5.867.743,21 
BA;IBIPITANGA;2912509; 349.491,79 ; 384.440,97 ; 419.390,15 ; 454.339,33 ; 534.571,07 ; 565.962,22 ; 565.962,22 ; 603.693,03 ; 660.547,58 ; 650.006,27 ; 650.006,27 ; 650.006,27 ; 1.200.818,01 ; 7.689.235,18 
BA;IBIQUERA;2912608; 68.161,50 ; 74.977,65 ; 81.793,80 ; 88.609,95 ; 104.257,58 ; 110.379,80 ; 110.379,80 ; 117.738,46 ; 127.211,74 ; 126.539,63 ; 126.539,63 ; 126.539,63 ; 233.768,61 ; 1.496.897,78 
BA;IBIRAPITANGA;2912707; 620.811,69 ; 682.892,86 ; 744.974,03 ; 807.055,20 ; 949.573,01 ; 1.005.333,95 ; 1.005.333,95 ; 1.072.356,21 ; 1.183.998,37 ; 1.156.148,99 ; 1.156.148,99 ; 1.156.148,99 ; 2.135.863,27 ; 13.676.639,50 
BA;IBIRAPUA;2912806; 173.675,72 ; 191.043,29 ; 208.410,86 ; 225.778,43 ; 265.648,62 ; 281.248,08 ; 281.248,08 ; 299.997,95 ; 320.067,79 ; 321.840,71 ; 321.840,71 ; 321.840,71 ; 594.566,75 ; 3.807.207,69 
BA;IBIRATAIA;2912905; 392.672,34 ; 431.939,58 ; 471.206,81 ; 510.474,05 ; 600.618,62 ; 635.888,22 ; 635.888,22 ; 678.280,77 ; 723.762,19 ; 727.681,14 ; 727.681,14 ; 727.681,14 ; 1.344.314,13 ; 8.608.088,35 
BA;IBITIARA;2913002; 233.803,65 ; 257.184,01 ; 280.564,37 ; 303.944,74 ; 357.618,31 ; 378.618,42 ; 378.618,42 ; 403.859,65 ; 430.877,83 ; 433.264,54 ; 433.264,54 ; 433.264,54 ; 800.410,52 ; 5.125.293,52 
BA;IBITITA;2913101; 342.753,62 ; 377.028,97 ; 411.304,34 ; 445.579,70 ; 524.264,57 ; 555.050,51 ; 555.050,51 ; 592.053,87 ; 639.433,69 ; 636.274,19 ; 636.274,19 ; 636.274,19 ; 1.175.449,43 ; 7.526.791,76 
BA;IBOTIRAMA;2913200; 571.949,98 ; 629.144,97 ; 686.339,96 ; 743.534,96 ; 874.835,73 ; 926.207,95 ; 926.207,95 ; 987.955,15 ; 1.057.118,69 ; 1.060.327,46 ; 1.060.327,46 ; 1.060.327,46 ; 1.958.843,12 ; 12.543.120,84 
BA;ICHU;2913309; 154.535,98 ; 169.989,58 ; 185.443,17 ; 200.896,77 ; 236.373,12 ; 250.253,45 ; 250.253,45 ; 266.937,01 ; 284.795,08 ; 286.372,61 ; 286.372,61 ; 286.372,61 ; 529.043,18 ; 3.387.638,61 
BA;IGAPORA;2913408; 273.514,85 ; 300.866,34 ; 328.217,83 ; 355.569,31 ; 418.359,27 ; 442.926,21 ; 442.926,21 ; 472.454,62 ; 504.061,81 ; 506.853,90 ; 506.853,90 ; 506.853,90 ; 936.359,10 ; 5.995.817,25 
BA;IGRAPIUNA;2913457; 290.019,55 ; 319.021,51 ; 348.023,46 ; 377.025,42 ; 443.604,31 ; 469.653,69 ; 469.653,69 ; 500.963,94 ; 534.478,39 ; 537.438,97 ; 537.438,97 ; 537.438,97 ; 992.861,79 ; 6.357.622,65 
BA;IGUAI;2913507; 348.959,69 ; 383.855,67 ; 418.751,63 ; 453.647,60 ; 533.757,20 ; 565.100,55 ; 565.100,55 ; 602.773,92 ; 649.857,58 ; 647.629,62 ; 647.629,62 ; 647.629,62 ; 1.196.427,40 ; 7.661.120,67 
BA;ILHEUS;2913606; 1.902.733,37 ; 2.093.006,71 ; 2.283.280,04 ; 2.473.553,38 ; 2.910.357,95 ; 3.081.260,36 ; 3.081.260,36 ; 3.286.677,72 ; 3.581.437,85 ; 3.536.704,51 ; 3.536.704,51 ; 3.536.704,51 ; 6.533.688,44 ; 41.837.369,72 
BA;INHAMBUPE;2913705; 768.840,67 ; 845.724,74 ; 922.608,81 ; 999.492,88 ; 1.175.993,24 ; 1.245.050,06 ; 1.245.050,06 ; 1.328.053,40 ; 1.433.250,08 ; 1.427.090,26 ; 1.427.090,26 ; 1.427.090,26 ; 2.636.398,68 ; 16.881.733,40 
BA;IPECAETA;2913804; 478.626,76 ; 526.489,43 ; 574.352,11 ; 622.214,79 ; 732.091,64 ; 775.081,62 ; 775.081,62 ; 826.753,73 ; 882.063,50 ; 886.949,40 ; 886.949,40 ; 886.949,40 ; 1.638.545,45 ; 10.492.148,85 
BA;IPIAU;2913903; 612.569,33 ; 673.826,26 ; 735.083,19 ; 796.340,12 ; 936.965,76 ; 991.986,38 ; 991.986,38 ; 1.058.118,80 ; 1.149.010,87 ; 1.138.039,47 ; 1.138.039,47 ; 1.138.039,47 ; 2.102.407,85 ; 13.462.413,33 
BA;IPIRA;2914000; 1.020.686,87 ; 1.122.755,55 ; 1.224.824,24 ; 1.326.892,92 ; 1.561.208,83 ; 1.652.886,33 ; 1.652.886,33 ; 1.763.078,75 ; 1.888.836,99 ; 1.892.566,31 ; 1.892.566,31 ; 1.892.566,31 ; 3.496.316,57 ; 22.388.072,30 
BA;IPUPIARA;2914109; 183.043,60 ; 201.347,95 ; 219.652,31 ; 237.956,67 ; 279.977,42 ; 296.418,29 ; 296.418,29 ; 316.179,51 ; 338.682,72 ; 339.393,91 ; 339.393,91 ; 339.393,91 ; 626.994,44 ; 4.014.852,92 
BA;IRAJUBA;2914208; 157.665,56 ; 173.432,12 ; 189.198,67 ; 204.965,23 ; 241.160,02 ; 255.321,45 ; 255.321,45 ; 272.342,88 ; 290.562,61 ; 292.172,08 ; 292.172,08 ; 292.172,08 ; 539.757,09 ; 3.456.243,31 
BA;IRAMAIA;2914307; 219.917,05 ; 241.908,75 ; 263.900,46 ; 285.892,16 ; 336.377,84 ; 356.130,66 ; 356.130,66 ; 379.872,70 ; 405.600,23 ; 407.576,10 ; 407.576,10 ; 407.576,10 ; 752.953,84 ; 4.821.412,65 
BA;IRAQUARA;2914406; 555.358,71 ; 610.894,58 ; 666.430,45 ; 721.966,32 ; 849.458,29 ; 899.340,29 ; 899.340,29 ; 959.296,31 ; 1.062.185,82 ; 1.034.686,94 ; 1.034.686,94 ; 1.034.686,94 ; 1.911.474,95 ; 12.239.806,83 
BA;IRARA;2914505; 663.039,47 ; 729.343,42 ; 795.647,37 ; 861.951,32 ; 919.868,31 ; 1.048.805,02 ; 1.048.805,02 ; 1.118.725,36 ; 1.202.757,00 ; 1.201.495,48 ; 1.201.495,48 ; 1.201.495,48 ; 2.219.636,14 ; 14.213.064,89 
BA;IRECE;2914604; 1.162.036,02 ; 1.278.239,62 ; 1.394.443,22 ; 1.510.646,83 ; 1.777.411,82 ; 1.881.785,22 ; 1.881.785,22 ; 2.007.237,56 ; 2.173.347,99 ; 2.157.942,19 ; 2.157.942,19 ; 2.157.942,19 ; 3.986.570,52 ; 25.527.330,60 
BA;ITABELA;2914653; 537.914,67 ; 591.706,14 ; 645.497,61 ; 699.289,07 ; 822.776,46 ; 871.091,65 ; 871.091,65 ; 929.164,43 ; 991.535,20 ; 996.846,64 ; 996.846,64 ; 996.846,64 ; 1.841.568,99 ; 11.792.175,77 
BA;ITABERABA;2914703; 1.194.527,63 ; 1.313.980,40 ; 1.433.433,16 ; 1.552.885,92 ; 1.827.109,91 ; 1.934.401,69 ; 1.934.401,69 ; 2.063.361,80 ; 2.202.132,64 ; 2.213.699,37 ; 2.213.699,37 ; 2.213.699,37 ; 4.089.576,03 ; 26.186.908,98 
BA;ITABUNA;2914802; 1.959.539,43 ; 2.155.493,37 ; 2.351.447,31 ; 2.547.401,25 ; 2.997.246,61 ; 3.173.251,31 ; 3.173.251,31 ; 3.384.801,39 ; 3.735.866,91 ; 3.649.096,62 ; 3.649.096,62 ; 3.649.096,62 ; 6.741.321,00 ; 43.166.909,73 
BA;ITACARE;2914901; 638.976,79 ; 702.874,47 ; 766.772,15 ; 830.669,82 ; 977.357,74 ; 1.034.750,26 ; 1.034.750,26 ; 1.103.733,61 ; 1.210.759,90 ; 1.188.849,21 ; 1.188.849,21 ; 1.188.849,21 ; 2.196.273,49 ; 14.063.466,11 
BA;ITAETE;2915007; 339.952,77 ; 373.948,04 ; 407.943,32 ; 441.938,60 ; 519.980,49 ; 550.514,86 ; 550.514,86 ; 587.215,85 ; 626.500,55 ; 629.970,85 ; 629.970,85 ; 629.970,85 ; 1.163.804,68 ; 7.452.226,56 
BA;ITAGI;2915106; 314.878,66 ; 346.366,53 ; 377.854,39 ; 409.342,26 ; 481.627,98 ; 509.910,19 ; 509.910,19 ; 543.904,20 ; 585.613,42 ; 584.267,94 ; 584.267,94 ; 584.267,94 ; 1.079.373,38 ; 6.911.585,02 
BA;ITAGIBA;2915205; 341.122,02 ; 375.234,23 ; 409.346,43 ; 443.458,63 ; 521.768,96 ; 552.408,33 ; 552.408,33 ; 589.235,56 ; 640.983,04 ; 633.903,23 ; 633.903,23 ; 633.903,23 ; 1.171.069,33 ; 7.498.744,54 
BA;ITAGIMIRIM;2915304; 187.132,88 ; 205.846,17 ; 224.559,46 ; 243.272,75 ; 286.232,27 ; 303.040,43 ; 303.040,43 ; 323.243,12 ; 349.562,91 ; 347.450,77 ; 347.450,77 ; 347.450,77 ; 641.878,63 ; 4.110.161,34 
BA;ITAGUACU DA BAHIA;2915353; 312.122,38 ; 343.334,62 ; 374.546,85 ; 405.759,09 ; 477.412,05 ; 505.446,70 ; 505.446,70 ; 539.143,15 ; 575.211,79 ; 578.397,99 ; 578.397,99 ; 578.397,99 ; 1.068.529,27 ; 6.842.146,59 
BA;ITAJU DO COLONIA;2915403; 172.045,19 ; 189.249,71 ; 206.454,22 ; 223.658,74 ; 263.154,62 ; 278.607,62 ; 278.607,62 ; 297.181,46 ; 317.062,88 ; 318.819,15 ; 318.819,15 ; 318.819,15 ; 588.984,74 ; 3.771.464,25 
BA;ITAJUIPE;2915502; 378.297,82 ; 416.127,61 ; 453.957,39 ; 491.787,17 ; 578.631,83 ; 612.610,32 ; 612.610,32 ; 653.451,01 ; 697.271,83 ; 701.043,61 ; 701.043,61 ; 701.043,61 ; 1.295.104,10 ; 8.292.980,21 
BA;ITAMARAJU;2915601; 998.222,48 ; 1.098.044,73 ; 1.197.866,98 ; 1.297.689,23 ; 1.526.848,06 ; 1.616.507,82 ; 1.616.507,82 ; 1.724.275,00 ; 1.874.429,06 ; 1.854.803,14 ; 1.854.803,14 ; 1.854.803,14 ; 3.426.553,10 ; 21.941.353,68 
BA;ITAMARI;2915700; 170.529,73 ; 187.582,70 ; 204.635,68 ; 221.688,65 ; 260.836,63 ; 276.153,51 ; 276.153,51 ; 294.563,74 ; 316.427,67 ; 316.319,86 ; 316.319,86 ; 316.319,86 ; 584.367,57 ; 3.741.898,95 
BA;ITAMBE;2915809; 431.055,77 ; 474.161,35 ; 517.266,93 ; 560.372,50 ; 659.328,64 ; 698.045,81 ; 698.045,81 ; 744.582,20 ; 809.021,80 ; 800.889,94 ; 800.889,94 ; 800.889,94 ; 1.479.559,67 ; 9.474.110,31 
BA;ITANAGRA;2915908; 153.238,15 ; 168.561,96 ; 183.885,78 ; 199.209,59 ; 234.387,99 ; 248.151,76 ; 248.151,76 ; 264.695,21 ; 282.403,30 ; 283.967,58 ; 283.967,58 ; 283.967,58 ; 524.600,15 ; 3.359.188,38 
BA;ITANHEM;2916005; 240.710,92 ; 264.782,01 ; 288.853,10 ; 312.924,19 ; 368.183,44 ; 389.803,96 ; 389.803,96 ; 415.790,89 ; 443.607,28 ; 446.064,49 ; 446.064,49 ; 446.064,49 ; 824.057,09 ; 5.276.710,31 
BA;ITAPARICA;2916104; 405.867,82 ; 446.454,61 ; 487.041,39 ; 527.628,18 ; 620.801,99 ; 657.256,80 ; 657.256,80 ; 701.073,92 ; 757.235,85 ; 753.445,16 ; 753.445,16 ; 753.445,16 ; 1.391.910,45 ; 8.912.863,30 
BA;ITAPE;2916203; 225.636,86 ; 248.200,55 ; 270.764,24 ; 293.327,92 ; 345.126,67 ; 365.393,25 ; 365.393,25 ; 389.752,80 ; 417.041,33 ; 418.304,46 ; 418.304,46 ; 418.304,46 ; 772.773,36 ; 4.948.323,61 
BA;ITAPEBI;2916302; 161.593,39 ; 177.752,72 ; 193.912,06 ; 210.071,40 ; 247.167,89 ; 261.682,11 ; 261.682,11 ; 279.127,59 ; 306.325,56 ; 300.671,67 ; 300.671,67 ; 300.671,67 ; 555.459,18 ; 3.556.789,00 
BA;ITAPETINGA;2916401; 1.032.151,63 ; 1.135.366,80 ; 1.238.581,96 ; 1.341.797,12 ; 1.578.744,96 ; 1.671.452,22 ; 1.671.452,22 ; 1.782.882,37 ; 1.925.513,54 ; 1.916.038,67 ; 1.916.038,67 ; 1.916.038,67 ; 3.539.679,29 ; 22.665.738,13 
BA;ITAPICURU;2916500; 1.069.410,93 ; 1.176.352,02 ; 1.283.293,11 ; 1.390.234,20 ; 1.635.735,53 ; 1.731.789,41 ; 1.731.789,41 ; 1.847.242,03 ; 2.001.347,74 ; 1.986.111,10 ; 1.986.111,10 ; 1.986.111,10 ; 3.669.130,71 ; 23.494.658,39 
BA;ITAPITANGA;2916609; 194.260,53 ; 213.686,59 ; 233.112,64 ; 252.538,70 ; 297.134,49 ; 314.582,85 ; 314.582,85 ; 335.555,04 ; 358.423,14 ; 360.046,78 ; 360.046,78 ; 360.046,78 ; 665.148,44 ; 4.259.165,61 
BA;ITAQUARA;2916708; 201.673,25 ; 221.840,58 ; 242.007,90 ; 262.175,23 ; 308.472,73 ; 326.586,90 ; 326.586,90 ; 348.359,36 ; 381.662,30 ; 375.155,21 ; 375.155,21 ; 375.155,21 ; 693.059,66 ; 4.437.890,42 
BA;ITARANTIM;2916807; 290.077,67 ; 319.085,44 ; 348.093,20 ; 377.100,97 ; 443.693,20 ; 469.747,81 ; 469.747,81 ; 501.064,33 ; 537.715,58 ; 537.994,96 ; 537.994,96 ; 537.994,96 ; 993.888,93 ; 6.364.199,82 
BA;ITATIM;2916856; 482.735,02 ; 531.008,52 ; 579.282,03 ; 627.555,53 ; 738.375,51 ; 781.734,48 ; 781.734,48 ; 833.850,12 ; 889.739,70 ; 894.577,53 ; 894.577,53 ; 894.577,53 ; 1.652.637,60 ; 10.582.385,58 
BA;ITIRUCU;2916906; 221.831,94 ; 244.015,12 ; 266.198,32 ; 288.381,51 ; 339.306,77 ; 359.231,59 ; 359.231,59 ; 383.180,36 ; 408.815,10 ; 411.079,60 ; 411.079,60 ; 411.079,60 ; 759.426,20 ; 4.862.857,32 
BA;ITIUBA;2917003; 986.993,84 ; 1.085.693,23 ; 1.184.392,61 ; 1.283.092,00 ; 1.434.458,44 ; 1.578.453,16 ; 1.578.453,16 ; 1.683.683,37 ; 1.796.321,68 ; 1.806.271,82 ; 1.806.271,82 ; 1.806.271,82 ; 3.336.896,62 ; 21.367.253,58 
BA;ITORORO;2917102; 291.253,44 ; 320.378,78 ; 349.504,13 ; 378.629,47 ; 445.491,61 ; 471.651,83 ; 471.651,83 ; 503.095,28 ; 544.590,78 ; 540.848,15 ; 540.848,15 ; 540.848,15 ; 999.159,89 ; 6.397.951,48 
BA;ITUACU;2917201; 336.453,33 ; 370.098,66 ; 403.744,00 ; 437.389,33 ; 514.627,87 ; 544.847,92 ; 544.847,92 ; 581.171,11 ; 627.549,08 ; 624.559,84 ; 624.559,84 ; 624.559,84 ; 1.153.808,41 ; 7.388.217,13 
BA;ITUBERA;2917300; 467.562,31 ; 514.318,54 ; 561.074,77 ; 607.831,00 ; 715.167,82 ; 757.163,99 ; 757.163,99 ; 807.641,59 ; 862.838,94 ; 866.612,75 ; 866.612,75 ; 866.612,75 ; 1.600.975,62 ; 10.251.576,80 
BA;IUIU;2917334; 219.289,54 ; 241.218,50 ; 263.147,45 ; 285.076,41 ; 335.418,02 ; 355.114,49 ; 355.114,49 ; 378.788,78 ; 405.276,78 ; 406.532,56 ; 406.532,56 ; 406.532,56 ; 751.026,02 ; 4.809.068,16 
BA;JABORANDI;2917359; 185.526,85 ; 204.079,54 ; 222.632,23 ; 241.184,91 ; 283.775,74 ; 300.439,65 ; 300.439,65 ; 320.468,96 ; 341.908,31 ; 343.802,20 ; 343.802,20 ; 343.802,20 ; 635.138,30 ; 4.067.000,74 
BA;JACARACI;2917409; 352.554,96 ; 387.810,45 ; 423.065,95 ; 458.321,44 ; 539.256,38 ; 570.922,66 ; 570.922,66 ; 608.984,18 ; 649.725,18 ; 653.324,12 ; 653.324,12 ; 653.324,12 ; 1.206.947,39 ; 7.728.483,61 
BA;JACOBINA;2917508; 1.127.351,96 ; 1.240.087,16 ; 1.352.822,35 ; 1.465.557,55 ; 1.724.360,23 ; 1.825.618,33 ; 1.825.618,33 ; 1.947.326,21 ; 2.107.833,54 ; 2.093.440,27 ; 2.093.440,27 ; 2.093.440,27 ; 3.867.410,02 ; 24.764.306,47 
BA;JAGUAQUARA;2917607; 836.915,96 ; 920.607,56 ; 1.004.299,16 ; 1.087.990,75 ; 1.280.118,95 ; 1.355.290,25 ; 1.355.290,25 ; 1.445.642,93 ; 1.545.916,85 ; 1.551.409,69 ; 1.551.409,69 ; 1.551.409,69 ; 2.866.065,71 ; 18.352.367,42 
BA;JAGUARARI;2917706; 579.984,95 ; 637.983,44 ; 695.981,94 ; 753.980,43 ; 887.125,78 ; 939.219,68 ; 939.219,68 ; 1.001.834,33 ; 1.098.755,60 ; 1.079.059,76 ; 1.079.059,76 ; 1.079.059,76 ; 1.993.449,07 ; 12.764.714,20 
BA;JAGUARIPE;2917805; 423.930,85 ; 466.323,94 ; 508.717,02 ; 551.110,11 ; 648.430,59 ; 686.507,82 ; 686.507,82 ; 732.275,00 ; 781.751,41 ; 785.661,50 ; 785.661,50 ; 785.661,50 ; 1.451.426,73 ; 9.293.965,80 
BA;JANDAIRA;2917904; 374.376,89 ; 411.814,58 ; 449.252,27 ; 486.689,96 ; 572.634,50 ; 606.260,81 ; 606.260,81 ; 646.678,20 ; 689.940,92 ; 693.762,63 ; 693.762,63 ; 693.762,63 ; 1.281.653,27 ; 8.206.850,12 
BA;JEQUIE;2918001; 2.057.731,05 ; 2.263.504,16 ; 2.469.277,26 ; 2.675.050,37 ; 3.147.437,27 ; 3.332.261,49 ; 3.332.261,49 ; 3.554.412,25 ; 3.838.445,02 ; 3.819.830,96 ; 3.819.830,96 ; 3.819.830,96 ; 7.056.734,68 ; 45.186.607,91 
BA;JEREMOABO;2918100; 801.003,09 ; 881.103,39 ; 961.203,70 ; 1.041.304,01 ; 1.225.187,80 ; 1.297.133,43 ; 1.297.133,43 ; 1.383.608,99 ; 1.513.137,65 ; 1.489.643,43 ; 1.489.643,43 ; 1.489.643,43 ; 2.751.959,07 ; 17.621.704,84 
BA;JIQUIRICA;2918209; 368.873,75 ; 405.761,12 ; 442.648,49 ; 479.535,87 ; 564.217,07 ; 597.349,09 ; 597.349,09 ; 637.172,36 ; 683.975,15 ; 684.162,78 ; 684.162,78 ; 684.162,78 ; 1.263.918,56 ; 8.093.288,90 
BA;JITAUNA;2918308; 534.846,42 ; 588.331,06 ; 641.815,71 ; 695.300,35 ; 818.083,37 ; 866.122,97 ; 866.122,97 ; 923.864,50 ; 994.052,48 ; 992.331,21 ; 992.331,21 ; 992.331,21 ; 1.833.227,22 ; 11.738.760,69 
BA;JOAO DOURADO;2918357; 549.339,16 ; 604.273,07 ; 659.206,99 ; 714.140,90 ; 840.250,98 ; 889.592,30 ; 889.592,30 ; 948.898,46 ; 1.026.004,31 ; 1.019.938,82 ; 1.019.938,82 ; 1.019.938,82 ; 1.884.229,36 ; 12.065.344,29 
BA;JUAZEIRO;2918407; 3.894.333,53 ; 4.283.766,88 ; 4.673.200,24 ; 5.062.633,59 ; 5.956.643,62 ; 6.306.430,39 ; 6.306.430,39 ; 6.726.859,08 ; 7.275.563,03 ; 7.230.772,53 ; 7.230.772,53 ; 7.230.772,53 ; 13.358.089,36 ; 85.536.267,70 
BA;JUCURUCU;2918456; 159.505,25 ; 175.455,78 ; 191.406,31 ; 207.356,83 ; 243.973,96 ; 258.300,63 ; 258.300,63 ; 275.520,67 ; 294.058,16 ; 295.596,31 ; 295.596,31 ; 295.596,31 ; 546.082,99 ; 3.496.750,15 
BA;JUSSARA;2918506; 431.541,04 ; 474.695,14 ; 517.849,25 ; 561.003,35 ; 660.070,88 ; 698.831,65 ; 698.831,65 ; 745.420,43 ; 795.289,00 ; 799.694,25 ; 799.694,25 ; 799.694,25 ; 1.477.350,76 ; 9.459.965,91 
BA;JUSSARI;2918555; 203.645,30 ; 224.009,83 ; 244.374,35 ; 264.738,88 ; 311.489,10 ; 329.780,40 ; 329.780,40 ; 351.765,76 ; 375.298,87 ; 377.377,72 ; 377.377,72 ; 377.377,72 ; 697.165,52 ; 4.464.181,58 
BA;JUSSIAPE;2918605; 123.188,02 ; 135.506,82 ; 147.825,62 ; 160.144,42 ; 188.424,30 ; 199.488,98 ; 199.488,98 ; 212.788,25 ; 227.023,77 ; 228.281,30 ; 228.281,30 ; 228.281,30 ; 421.725,61 ; 2.700.448,67 
BA;LAFAIETE COUTINHO;2918704; 122.011,24 ; 134.212,37 ; 146.413,50 ; 158.614,62 ; 186.624,37 ; 197.583,35 ; 197.583,35 ; 210.755,57 ; 224.855,11 ; 226.100,62 ; 226.100,62 ; 226.100,62 ; 417.697,03 ; 2.674.652,35 
BA;LAGOA REAL;2918753; 270.666,92 ; 297.733,62 ; 324.800,31 ; 351.867,00 ; 414.003,17 ; 438.314,31 ; 438.314,31 ; 467.535,26 ; 507.132,98 ; 502.767,93 ; 502.767,93 ; 502.767,93 ; 928.810,71 ; 5.947.482,38 
BA;LAJE;2918803; 434.234,48 ; 477.657,92 ; 521.081,37 ; 564.504,81 ; 664.190,67 ; 703.193,36 ; 703.193,36 ; 750.072,92 ; 817.480,38 ; 807.152,89 ; 807.152,89 ; 807.152,89 ; 1.491.129,81 ; 9.548.197,75 
BA;LAJEDAO;2918902; 65.060,34 ; 71.566,38 ; 78.072,41 ; 84.578,45 ; 99.514,15 ; 105.357,83 ; 105.357,83 ; 112.381,68 ; 119.900,00 ; 120.564,16 ; 120.564,16 ; 120.564,16 ; 222.729,56 ; 1.426.211,11 
BA;LAJEDINHO;2919009; 64.972,55 ; 71.469,81 ; 77.967,06 ; 84.464,32 ; 99.379,87 ; 105.215,66 ; 105.215,66 ; 112.230,04 ; 119.738,22 ; 120.401,47 ; 120.401,47 ; 120.401,47 ; 222.429,02 ; 1.424.286,64 
BA;LAJEDO DO TABOCAL;2919058; 192.170,38 ; 211.387,43 ; 230.604,47 ; 249.821,51 ; 293.937,46 ; 311.198,10 ; 311.198,10 ; 331.944,64 ; 354.151,71 ; 356.113,42 ; 356.113,42 ; 356.113,42 ; 657.881,97 ; 4.212.636,03 
BA;LAMARAO;2919108; 172.024,26 ; 189.226,68 ; 206.429,11 ; 223.631,53 ; 263.122,60 ; 278.573,72 ; 278.573,72 ; 297.145,30 ; 317.146,45 ; 318.797,86 ; 318.797,86 ; 318.797,86 ; 588.945,40 ; 3.771.212,35 
BA;LAPAO;2919157; 608.612,50 ; 669.473,75 ; 730.335,00 ; 791.196,25 ; 930.913,53 ; 985.578,75 ; 985.578,75 ; 1.051.284,00 ; 1.125.527,32 ; 1.128.388,01 ; 1.128.388,01 ; 1.128.388,01 ; 2.084.577,81 ; 13.348.241,68 
BA;LAURO DE FREITAS;2919207; 2.357.299,06 ; 2.593.028,96 ; 2.828.758,86 ; 3.064.488,77 ; 3.605.646,57 ; 3.817.377,80 ; 3.817.377,80 ; 4.071.869,65 ; 4.364.503,80 ; 4.371.238,09 ; 4.371.238,09 ; 4.371.238,09 ; 8.075.401,19 ; 51.709.466,74 
BA;LENCOIS;2919306; 197.363,49 ; 217.099,84 ; 236.836,18 ; 256.572,53 ; 301.880,65 ; 319.607,73 ; 319.607,73 ; 340.914,91 ; 365.430,11 ; 365.981,45 ; 365.981,45 ; 365.981,45 ; 676.112,11 ; 4.329.369,61 
BA;LICINIO DE ALMEIDA;2919405; 391.930,19 ; 431.123,21 ; 470.316,23 ; 509.509,25 ; 534.875,50 ; 617.617,44 ; 617.617,44 ; 658.791,94 ; 709.244,45 ; 707.672,05 ; 707.672,05 ; 707.672,05 ; 1.307.349,45 ; 8.371.391,26 
BA;LIVRAMENTO DE NOSSA SENHORA;2919504; 928.829,71 ; 1.021.712,68 ; 1.114.595,65 ; 1.207.478,63 ; 1.420.707,17 ; 1.504.134,12 ; 1.504.134,12 ; 1.604.409,72 ; 1.712.268,11 ; 1.721.301,27 ; 1.721.301,27 ; 1.721.301,27 ; 3.179.922,48 ; 20.362.096,19 
BA;LUIS EDUARDO MAGALHAES;2919553; 2.026.771,54 ; 2.229.448,70 ; 2.432.125,85 ; 2.634.803,01 ; 3.100.082,64 ; 3.282.126,08 ; 3.282.126,08 ; 3.500.934,48 ; 3.804.581,38 ; 3.765.781,10 ; 3.765.781,10 ; 3.765.781,10 ; 6.956.883,28 ; 44.547.226,35 
BA;MACAJUBA;2919603; 283.388,41 ; 311.727,24 ; 340.066,08 ; 368.404,92 ; 433.461,52 ; 458.915,30 ; 458.915,30 ; 489.509,65 ; 527.586,20 ; 525.913,85 ; 525.913,85 ; 525.913,85 ; 971.570,35 ; 6.221.286,51 
BA;MACARANI;2919702; 284.268,32 ; 312.695,15 ; 341.121,99 ; 369.548,82 ; 434.807,42 ; 460.340,23 ; 460.340,23 ; 491.029,57 ; 538.451,64 ; 528.868,37 ; 528.868,37 ; 528.868,37 ; 977.028,52 ; 6.256.236,99 
BA;MACAUBAS;2919801; 681.081,31 ; 749.189,44 ; 817.297,57 ; 885.405,70 ; 1.041.759,42 ; 1.102.933,74 ; 1.102.933,74 ; 1.176.462,66 ; 1.260.035,49 ; 1.262.817,68 ; 1.262.817,68 ; 1.262.817,68 ; 2.332.922,44 ; 14.938.474,56 
BA;MACURURE;2919900; 163.924,74 ; 180.317,21 ; 196.709,69 ; 213.102,16 ; 250.733,85 ; 265.457,47 ; 265.457,47 ; 283.154,64 ; 309.785,04 ; 304.872,05 ; 304.872,05 ; 304.872,05 ; 563.218,95 ; 3.606.477,39 
BA;MADRE DE DEUS;2919926; 231.990,23 ; 255.189,25 ; 278.388,27 ; 301.587,30 ; 354.844,57 ; 375.681,80 ; 375.681,80 ; 400.727,25 ; 440.000,16 ; 431.689,26 ; 431.689,26 ; 431.689,26 ; 797.500,36 ; 5.106.658,75 
BA;MAETINGA;2919959; 124.948,27 ; 137.443,09 ; 149.937,92 ; 162.432,75 ; 191.116,73 ; 202.339,51 ; 202.339,51 ; 215.828,81 ; 230.267,76 ; 231.543,24 ; 231.543,24 ; 231.543,24 ; 427.751,71 ; 2.739.035,80 
BA;MAIQUINIQUE;2920007; 212.349,72 ; 233.584,69 ; 254.819,66 ; 276.054,63 ; 324.803,09 ; 343.876,22 ; 343.876,22 ; 366.801,30 ; 411.241,14 ; 396.358,26 ; 396.358,26 ; 396.358,26 ; 732.230,07 ; 4.688.711,52 
BA;MAIRI;2920106; 316.145,24 ; 347.759,77 ; 379.374,30 ; 410.988,82 ; 483.565,31 ; 511.961,28 ; 511.961,28 ; 546.092,03 ; 588.404,29 ; 586.680,48 ; 586.680,48 ; 586.680,48 ; 1.083.830,28 ; 6.940.124,04 
BA;MALHADA;2920205; 366.075,15 ; 402.682,67 ; 439.290,18 ; 475.897,70 ; 559.936,44 ; 592.817,09 ; 592.817,09 ; 632.338,23 ; 674.641,61 ; 678.378,57 ; 678.378,57 ; 678.378,57 ; 1.253.232,84 ; 8.024.864,71 
BA;MALHADA DE PEDRAS;2920304; 266.654,22 ; 293.319,65 ; 319.985,07 ; 346.650,49 ; 407.865,47 ; 431.816,20 ; 431.816,20 ; 460.603,94 ; 493.496,57 ; 494.438,03 ; 494.438,03 ; 494.438,03 ; 913.422,09 ; 5.848.943,97 
BA;MANOEL VITORINO;2920403; 348.858,84 ; 383.744,72 ; 418.630,61 ; 453.516,49 ; 533.602,93 ; 564.937,23 ; 564.937,23 ; 602.599,71 ; 649.807,35 ; 647.462,16 ; 647.462,16 ; 647.462,16 ; 1.196.118,02 ; 7.659.139,61 
BA;MANSIDAO;2920452; 251.956,71 ; 277.152,39 ; 302.348,06 ; 327.543,73 ; 385.384,65 ; 408.015,26 ; 408.015,26 ; 435.216,27 ; 469.620,30 ; 467.661,61 ; 467.661,61 ; 467.661,61 ; 863.955,49 ; 5.532.192,96 
BA;MARACAS;2920502; 475.572,11 ; 523.129,32 ; 570.686,54 ; 618.243,75 ; 727.419,36 ; 770.134,97 ; 770.134,97 ; 821.477,30 ; 876.434,08 ; 881.288,80 ; 881.288,80 ; 881.288,80 ; 1.628.088,08 ; 10.425.186,86 
BA;MARAGOGIPE;2920601; 684.136,27 ; 752.549,90 ; 820.963,52 ; 889.377,15 ; 1.046.432,18 ; 1.107.880,91 ; 1.107.880,91 ; 1.181.739,63 ; 1.296.853,12 ; 1.272.945,68 ; 1.272.945,68 ; 1.272.945,68 ; 2.351.632,84 ; 15.058.283,48 
BA;MARAU;2920700; 590.687,51 ; 649.756,27 ; 708.825,02 ; 767.893,77 ; 903.496,07 ; 956.551,27 ; 956.551,27 ; 1.020.321,36 ; 1.104.607,12 ; 1.096.905,99 ; 1.096.905,99 ; 1.096.905,99 ; 2.026.418,08 ; 12.975.825,71 
BA;MARCIONILIO SOUZA;2920809; 264.749,47 ; 291.224,43 ; 317.699,37 ; 344.174,32 ; 404.952,04 ; 428.731,68 ; 428.731,68 ; 457.313,79 ; 491.197,50 ; 491.081,79 ; 491.081,79 ; 491.081,79 ; 907.221,80 ; 5.809.241,47 
BA;MASCOTE;2920908; 250.670,28 ; 275.737,31 ; 300.804,34 ; 325.871,37 ; 383.416,96 ; 405.932,02 ; 405.932,02 ; 432.994,16 ; 462.171,62 ; 464.550,43 ; 464.550,43 ; 464.550,43 ; 858.207,90 ; 5.495.389,26 
BA;MATA DE SAO JOAO;2921005; 1.267.923,67 ; 1.394.716,04 ; 1.521.508,41 ; 1.648.300,78 ; 1.939.374,07 ; 2.053.258,23 ; 2.053.258,23 ; 2.190.142,12 ; 2.336.766,63 ; 2.349.620,59 ; 2.349.620,59 ; 2.349.620,59 ; 4.340.676,15 ; 27.794.786,11 
BA;MATINA;2921054; 243.987,89 ; 268.386,67 ; 292.785,46 ; 317.184,25 ; 373.195,79 ; 395.110,64 ; 395.110,64 ; 421.451,35 ; 452.282,22 ; 452.514,60 ; 452.514,60 ; 452.514,60 ; 835.972,97 ; 5.353.011,65 
BA;MEDEIROS NETO;2921104; 473.039,04 ; 520.342,94 ; 567.646,85 ; 614.950,75 ; 723.544,85 ; 766.032,94 ; 766.032,94 ; 817.101,80 ; 893.051,19 ; 879.643,29 ; 879.643,29 ; 879.643,29 ; 1.625.048,18 ; 10.405.721,37 
BA;MIGUEL CALMON;2921203; 428.499,92 ; 471.349,91 ; 514.199,91 ; 557.049,90 ; 655.419,29 ; 693.906,90 ; 693.906,90 ; 740.167,36 ; 802.415,02 ; 795.882,03 ; 795.882,03 ; 795.882,03 ; 1.470.308,08 ; 9.414.869,28 
BA;MILAGRES;2921302; 197.001,93 ; 216.702,12 ; 236.402,31 ; 256.102,50 ; 301.327,62 ; 319.022,22 ; 319.022,22 ; 340.290,37 ; 375.883,52 ; 366.904,04 ; 366.904,04 ; 366.904,04 ; 677.816,51 ; 4.340.283,45 
BA;MIRANGABA;2921401; 492.002,82 ; 541.203,11 ; 590.403,39 ; 639.603,67 ; 752.551,23 ; 796.742,64 ; 796.742,64 ; 849.858,81 ; 912.010,33 ; 912.495,28 ; 912.495,28 ; 912.495,28 ; 1.685.738,75 ; 10.794.343,22 
BA;MIRANTE;2921450; 152.230,40 ; 167.453,44 ; 182.676,48 ; 197.899,52 ; 232.846,59 ; 246.519,83 ; 246.519,83 ; 262.954,48 ; 280.546,11 ; 282.100,12 ; 282.100,12 ; 282.100,12 ; 521.150,20 ; 3.337.097,24 
BA;MONTE SANTO;2921500; 1.557.690,81 ; 1.713.459,89 ; 1.869.228,97 ; 2.024.998,05 ; 2.365.262,33 ; 2.517.924,72 ; 2.517.924,72 ; 2.685.786,37 ; 2.871.180,42 ; 2.882.156,17 ; 2.882.156,17 ; 2.882.156,17 ; 5.324.479,43 ; 34.094.404,21 
BA;MORPARA;2921609; 151.026,41 ; 166.129,05 ; 181.231,69 ; 196.334,33 ; 231.004,99 ; 244.570,10 ; 244.570,10 ; 260.874,77 ; 280.639,52 ; 280.200,15 ; 280.200,15 ; 280.200,15 ; 517.640,21 ; 3.314.621,61 
BA;MORRO DO CHAPEU;2921708; 720.018,48 ; 792.020,33 ; 864.022,18 ; 936.024,02 ; 1.101.316,43 ; 1.165.988,07 ; 1.165.988,07 ; 1.243.720,60 ; 1.346.641,97 ; 1.337.099,38 ; 1.337.099,38 ; 1.337.099,38 ; 2.470.150,04 ; 15.817.188,33 
BA;MORTUGABA;2921807; 252.762,86 ; 278.039,15 ; 303.315,43 ; 328.591,72 ; 386.617,70 ; 409.320,72 ; 409.320,72 ; 436.608,76 ; 465.817,86 ; 468.398,11 ; 468.398,11 ; 468.398,11 ; 865.316,09 ; 5.540.905,34 
BA;MUCUGE;2921906; 206.759,38 ; 227.435,32 ; 248.111,26 ; 268.787,20 ; 316.252,32 ; 334.823,32 ; 334.823,32 ; 357.144,87 ; 381.157,72 ; 383.165,65 ; 383.165,65 ; 383.165,65 ; 707.858,11 ; 4.532.649,78 
BA;MUCURI;2922003; 649.108,52 ; 714.019,37 ; 778.930,22 ; 843.841,07 ; 992.854,89 ; 1.051.157,44 ; 1.051.157,44 ; 1.121.234,60 ; 1.215.998,14 ; 1.205.700,44 ; 1.205.700,44 ; 1.205.700,44 ; 2.227.404,36 ; 14.262.807,39 
BA;MULUNGU DO MORRO;2922052; 374.417,83 ; 411.859,61 ; 449.301,39 ; 486.743,17 ; 572.697,10 ; 606.327,10 ; 606.327,10 ; 646.748,90 ; 690.016,37 ; 693.838,49 ; 693.838,49 ; 693.838,49 ; 1.281.793,40 ; 8.207.747,44 
BA;MUNDO NOVO;2922102; 367.616,72 ; 404.378,39 ; 441.140,06 ; 477.901,73 ; 562.294,36 ; 595.313,48 ; 595.313,48 ; 635.001,05 ; 680.006,96 ; 681.596,82 ; 681.596,82 ; 681.596,82 ; 1.259.178,22 ; 8.062.934,91 
BA;MUNIZ FERREIRA;2922201; 118.956,11 ; 130.851,72 ; 142.747,33 ; 154.642,94 ; 181.951,32 ; 192.635,89 ; 192.635,89 ; 205.478,28 ; 225.091,22 ; 221.279,31 ; 221.279,31 ; 221.279,31 ; 408.790,17 ; 2.617.618,78 
BA;MUQUEM DE SAO FRANCISCO;2922250; 343.162,38 ; 377.478,62 ; 411.794,85 ; 446.111,09 ; 524.889,81 ; 555.712,46 ; 555.712,46 ; 592.759,95 ; 642.898,75 ; 637.420,06 ; 637.420,06 ; 637.420,06 ; 1.177.566,31 ; 7.540.346,87 
BA;MURITIBA;2922300; 616.273,79 ; 677.901,16 ; 739.528,54 ; 801.155,92 ; 942.631,97 ; 997.985,33 ; 997.985,33 ; 1.064.517,68 ; 1.135.733,85 ; 1.142.024,88 ; 1.142.024,88 ; 1.142.024,88 ; 2.109.770,48 ; 13.509.558,69 
BA;MUTUIPE;2922409; 360.778,99 ; 396.856,89 ; 432.934,79 ; 469.012,69 ; 551.835,59 ; 584.240,55 ; 584.240,55 ; 623.189,93 ; 664.881,29 ; 668.564,19 ; 668.564,19 ; 668.564,19 ; 1.235.101,80 ; 7.908.765,63 
BA;NAZARE;2922508; 437.201,06 ; 480.921,16 ; 524.641,27 ; 568.361,38 ; 668.728,26 ; 707.997,41 ; 707.997,41 ; 755.197,23 ; 808.498,13 ; 810.580,82 ; 810.580,82 ; 810.580,82 ; 1.497.462,54 ; 9.588.748,30 
BA;NILO PECANHA;2922607; 432.173,22 ; 475.390,54 ; 518.607,86 ; 561.825,18 ; 661.037,84 ; 699.855,39 ; 699.855,39 ; 746.512,41 ; 809.056,96 ; 802.670,78 ; 802.670,78 ; 802.670,78 ; 1.482.849,58 ; 9.495.176,71 
BA;NORDESTINA;2922656; 511.125,57 ; 562.238,13 ; 613.350,69 ; 664.463,25 ; 781.800,76 ; 827.709,76 ; 827.709,76 ; 882.890,41 ; 957.941,92 ; 949.462,98 ; 949.462,98 ; 949.462,98 ; 1.754.032,69 ; 11.231.651,87 
BA;NOVA CANAA;2922706; 396.267,53 ; 435.894,28 ; 475.521,03 ; 515.147,79 ; 606.117,69 ; 641.710,21 ; 641.710,21 ; 684.490,89 ; 730.283,29 ; 734.328,46 ; 734.328,46 ; 734.328,46 ; 1.356.594,35 ; 8.686.722,64 
BA;NOVA FATIMA;2922730; 208.551,57 ; 229.406,72 ; 250.261,88 ; 271.117,03 ; 318.993,56 ; 337.725,55 ; 337.725,55 ; 360.240,58 ; 384.340,66 ; 386.469,58 ; 386.469,58 ; 386.469,58 ; 713.961,78 ; 4.571.733,62 
BA;NOVA IBIA;2922755; 174.458,09 ; 191.903,89 ; 209.349,70 ; 226.795,51 ; 266.845,30 ; 282.515,03 ; 282.515,03 ; 301.349,36 ; 321.509,62 ; 323.290,52 ; 323.290,52 ; 323.290,52 ; 597.245,12 ; 3.824.358,18 
BA;NOVA ITARANA;2922805; 233.798,08 ; 257.177,89 ; 280.557,69 ; 303.937,50 ; 357.609,80 ; 378.609,41 ; 378.609,41 ; 403.850,03 ; 432.432,71 ; 433.478,39 ; 433.478,39 ; 433.478,39 ; 800.805,59 ; 5.127.823,27 
BA;NOVA REDENCAO;2922854; 156.155,13 ; 171.770,64 ; 187.386,15 ; 203.001,66 ; 238.849,70 ; 252.875,47 ; 252.875,47 ; 269.733,83 ; 288.723,34 ; 289.508,32 ; 289.508,32 ; 289.508,32 ; 534.836,07 ; 3.424.732,41 
BA;NOVA SOURE;2922904; 503.708,62 ; 554.079,49 ; 604.450,35 ; 654.821,21 ; 770.456,03 ; 815.698,85 ; 815.698,85 ; 870.078,77 ; 932.807,70 ; 934.076,41 ; 934.076,41 ; 934.076,41 ; 1.725.607,61 ; 11.049.636,71 
BA;NOVA VICOSA;2923001; 752.633,58 ; 827.896,94 ; 903.160,30 ; 978.423,66 ; 1.151.203,42 ; 1.218.804,52 ; 1.218.804,52 ; 1.300.058,15 ; 1.398.318,54 ; 1.396.331,48 ; 1.396.331,48 ; 1.396.331,48 ; 2.579.575,10 ; 16.517.873,18 
BA;NOVO HORIZONTE;2923035; 353.797,09 ; 389.176,80 ; 424.556,51 ; 459.936,22 ; 541.156,32 ; 572.934,17 ; 572.934,17 ; 611.129,78 ; 652.014,33 ; 655.625,95 ; 655.625,95 ; 655.625,95 ; 1.211.199,77 ; 7.755.713,00 
BA;NOVO TRIUNFO;2923050; 312.905,44 ; 344.195,98 ; 375.486,52 ; 406.777,07 ; 478.609,79 ; 506.714,78 ; 506.714,78 ; 540.495,76 ; 578.331,69 ; 580.089,25 ; 580.089,25 ; 580.089,25 ; 1.071.653,68 ; 6.862.153,22 
BA;OLINDINA;2923100; 559.895,31 ; 615.884,84 ; 671.874,37 ; 727.863,90 ; 856.397,32 ; 906.686,79 ; 906.686,79 ; 967.132,58 ; 1.056.047,06 ; 1.041.017,13 ; 1.041.017,13 ; 1.041.017,13 ; 1.923.169,31 ; 12.314.689,65 
BA;OLIVEIRA DOS BREJINHOS;2923209; 513.071,82 ; 564.379,01 ; 615.686,19 ; 666.993,38 ; 784.777,69 ; 830.861,49 ; 830.861,49 ; 886.252,26 ; 947.253,11 ; 951.025,01 ; 951.025,01 ; 951.025,01 ; 1.756.918,36 ; 11.250.129,83 
BA;OURICANGAS;2923308; 195.714,85 ; 215.286,33 ; 234.857,82 ; 254.429,30 ; 299.358,95 ; 316.937,94 ; 316.937,94 ; 338.067,14 ; 361.419,79 ; 362.787,11 ; 362.787,11 ; 362.787,11 ; 670.210,91 ; 4.291.582,32 
BA;OUROLANDIA;2923357; 460.229,50 ; 506.252,44 ; 552.275,39 ; 598.298,34 ; 703.951,79 ; 745.289,34 ; 745.289,34 ; 794.975,29 ; 867.816,83 ; 855.672,65 ; 855.672,65 ; 855.672,65 ; 1.580.764,94 ; 10.122.161,12 
BA;PALMAS DE MONTE ALTO;2923407; 351.370,98 ; 386.508,08 ; 421.645,18 ; 456.782,27 ; 537.445,41 ; 569.005,35 ; 569.005,35 ; 606.939,04 ; 675.081,67 ; 655.074,24 ; 655.074,24 ; 655.074,24 ; 1.210.180,54 ; 7.749.186,59 
BA;PALMEIRAS;2923506; 166.200,20 ; 182.820,22 ; 199.440,24 ; 216.060,26 ; 254.214,33 ; 269.142,33 ; 269.142,33 ; 287.085,15 ; 306.291,14 ; 307.987,73 ; 307.987,73 ; 307.987,73 ; 568.974,84 ; 3.643.334,26 
BA;PARAMIRIM;2923605; 400.741,86 ; 440.816,05 ; 480.890,24 ; 520.964,42 ; 557.304,61 ; 634.251,75 ; 634.251,75 ; 676.535,20 ; 729.900,01 ; 726.954,29 ; 726.954,29 ; 726.954,29 ; 1.342.971,36 ; 8.599.490,13 
BA;PARATINGA;2923704; 606.415,23 ; 667.056,75 ; 727.698,27 ; 788.339,79 ; 927.552,65 ; 982.020,51 ; 982.020,51 ; 1.047.488,55 ; 1.124.445,81 ; 1.124.741,29 ; 1.124.741,29 ; 1.124.741,29 ; 2.077.840,86 ; 13.305.102,80 
BA;PARIPIRANGA;2923803; 508.000,40 ; 558.800,45 ; 609.600,49 ; 660.400,53 ; 777.020,60 ; 822.648,90 ; 822.648,90 ; 877.492,16 ; 941.865,53 ; 942.194,05 ; 942.194,05 ; 942.194,05 ; 1.740.604,11 ; 11.145.664,23 
BA;PAU BRASIL;2923902; 202.746,94 ; 223.021,63 ; 243.296,33 ; 263.571,02 ; 310.115,00 ; 328.325,61 ; 328.325,61 ; 350.213,99 ; 373.643,29 ; 375.712,96 ; 375.712,96 ; 375.712,96 ; 694.090,05 ; 4.444.488,34 
BA;PAULO AFONSO;2924009; 1.475.008,19 ; 1.622.509,00 ; 1.770.009,82 ; 1.917.510,64 ; 2.256.123,67 ; 2.388.608,05 ; 2.388.608,05 ; 2.547.848,59 ; 2.718.299,51 ; 2.733.356,64 ; 2.733.356,64 ; 2.733.356,64 ; 5.049.588,01 ; 32.334.183,44 
BA;PE DE SERRA;2924058; 430.349,24 ; 473.384,16 ; 516.419,09 ; 559.454,01 ; 658.247,94 ; 696.901,66 ; 696.901,66 ; 743.361,77 ; 793.092,63 ; 797.485,71 ; 797.485,71 ; 797.485,71 ; 1.473.270,71 ; 9.433.840,00 
BA;PEDRAO;2924108; 155.444,21 ; 170.988,63 ; 186.533,05 ; 202.077,47 ; 237.762,31 ; 251.724,22 ; 251.724,22 ; 268.505,84 ; 291.420,76 ; 288.764,89 ; 288.764,89 ; 288.764,89 ; 533.462,68 ; 3.415.938,09 
BA;PEDRO ALEXANDRE;2924207; 375.980,52 ; 413.578,57 ; 451.176,62 ; 488.774,68 ; 575.087,34 ; 608.857,70 ; 608.857,70 ; 649.448,22 ; 692.896,27 ; 696.734,34 ; 696.734,34 ; 696.734,34 ; 1.287.143,18 ; 8.242.003,83 
BA;PIATA;2924306; 378.287,64 ; 416.116,40 ; 453.945,16 ; 491.773,93 ; 578.616,23 ; 612.593,82 ; 612.593,82 ; 653.433,40 ; 697.148,06 ; 701.009,68 ; 701.009,68 ; 701.009,68 ; 1.295.041,43 ; 8.292.578,94 
BA;PILAO ARCADO;2924405; 698.251,02 ; 768.076,13 ; 837.901,23 ; 907.726,33 ; 1.068.021,65 ; 1.130.738,14 ; 1.130.738,14 ; 1.206.120,69 ; 1.286.810,09 ; 1.293.937,96 ; 1.293.937,96 ; 1.293.937,96 ; 2.390.413,86 ; 15.306.611,14 
BA;PINDAI;2924504; 455.661,35 ; 501.227,48 ; 546.793,62 ; 592.359,75 ; 696.964,50 ; 737.891,74 ; 737.891,74 ; 787.084,53 ; 858.481,73 ; 847.076,10 ; 847.076,10 ; 847.076,10 ; 1.564.883,73 ; 10.020.468,49 
BA;PINDOBACU;2924603; 763.755,22 ; 840.130,74 ; 916.506,27 ; 992.881,79 ; 1.168.214,71 ; 1.236.814,75 ; 1.236.814,75 ; 1.319.269,06 ; 1.407.528,07 ; 1.415.324,63 ; 1.415.324,63 ; 1.415.324,63 ; 2.614.662,92 ; 16.742.552,15 
BA;PINTADAS;2924652; 282.582,59 ; 310.840,85 ; 339.099,11 ; 367.357,37 ; 432.228,97 ; 457.610,37 ; 457.610,37 ; 488.117,73 ; 525.535,21 ; 524.339,52 ; 524.339,52 ; 524.339,52 ; 968.661,95 ; 6.202.663,09 
BA;PIRAI DO NORTE;2924678; 184.070,68 ; 202.477,75 ; 220.884,81 ; 239.291,88 ; 281.548,41 ; 298.081,54 ; 298.081,54 ; 317.953,64 ; 339.224,72 ; 341.103,74 ; 341.103,74 ; 341.103,74 ; 630.153,18 ; 4.035.079,37 
BA;PIRIPA;2924702; 204.638,58 ; 225.102,45 ; 245.566,31 ; 266.030,17 ; 313.008,42 ; 331.388,93 ; 331.388,93 ; 353.481,53 ; 377.129,42 ; 379.218,40 ; 379.218,40 ; 379.218,40 ; 700.565,99 ; 4.485.955,93 
BA;PIRITIBA;2924801; 325.407,18 ; 357.947,90 ; 390.488,61 ; 423.029,33 ; 497.732,05 ; 526.959,93 ; 526.959,93 ; 562.090,59 ; 603.279,69 ; 603.529,73 ; 603.529,73 ; 603.529,73 ; 1.114.957,49 ; 7.139.441,88 
BA;PLANALTINO;2924900; 173.094,30 ; 190.403,72 ; 207.713,15 ; 225.022,58 ; 264.759,30 ; 280.306,53 ; 280.306,53 ; 298.993,63 ; 318.996,29 ; 320.763,27 ; 320.763,27 ; 320.763,27 ; 592.576,29 ; 3.794.462,13 
BA;PLANALTO;2925006; 369.266,06 ; 406.192,67 ; 443.119,27 ; 480.045,88 ; 564.817,14 ; 597.984,40 ; 597.984,40 ; 637.850,03 ; 681.122,67 ; 684.377,70 ; 684.377,70 ; 684.377,70 ; 1.264.315,59 ; 8.095.831,20 
BA;POCOES;2925105; 845.163,92 ; 929.680,31 ; 1.014.196,70 ; 1.098.713,10 ; 1.292.734,75 ; 1.368.646,88 ; 1.368.646,88 ; 1.459.890,00 ; 1.569.023,34 ; 1.567.826,45 ; 1.567.826,45 ; 1.567.826,45 ; 2.896.393,95 ; 18.546.569,17 
BA;POJUCA;2925204; 468.641,87 ; 515.506,05 ; 562.370,24 ; 609.234,43 ; 936.198,79 ; 816.870,72 ; 816.870,72 ; 871.328,77 ; 930.172,08 ; 934.848,93 ; 934.848,93 ; 934.848,93 ; 1.727.034,76 ; 11.058.775,21 
BA;PONTO NOVO;2925253; 807.337,95 ; 888.071,74 ; 968.805,54 ; 1.049.539,33 ; 1.234.877,39 ; 1.307.392,01 ; 1.307.392,01 ; 1.394.551,48 ; 1.487.846,89 ; 1.496.088,33 ; 1.496.088,33 ; 1.496.088,33 ; 2.763.865,35 ; 17.697.944,69 
BA;PORTO SEGURO;2925303; 3.113.359,95 ; 3.424.695,95 ; 3.736.031,94 ; 4.047.367,94 ; 4.762.092,29 ; 5.041.732,47 ; 5.041.732,47 ; 5.377.847,97 ; 5.811.561,83 ; 5.779.996,80 ; 5.779.996,80 ; 5.779.996,80 ; 10.677.934,26 ; 68.374.347,47 
BA;POTIRAGUA;2925402; 215.690,05 ; 237.259,05 ; 258.828,05 ; 280.397,06 ; 329.912,35 ; 349.285,51 ; 349.285,51 ; 372.571,21 ; 397.929,03 ; 399.759,99 ; 399.759,99 ; 399.759,99 ; 738.514,41 ; 4.728.952,19 
BA;PRADO;2925501; 594.979,83 ; 654.477,81 ; 713.975,80 ; 773.473,78 ; 910.061,45 ; 963.502,19 ; 963.502,19 ; 1.027.735,67 ; 1.096.491,12 ; 1.102.564,78 ; 1.102.564,78 ; 1.102.564,78 ; 2.036.872,11 ; 13.042.766,29 
BA;PRESIDENTE DUTRA;2925600; 227.382,28 ; 250.120,51 ; 272.858,74 ; 295.596,97 ; 347.796,41 ; 368.219,76 ; 368.219,76 ; 392.767,74 ; 427.431,64 ; 422.566,36 ; 422.566,36 ; 422.566,36 ; 780.646,77 ; 4.998.739,68 
BA;PRESIDENTE JANIO QUADROS;2925709; 232.075,40 ; 255.282,94 ; 278.490,48 ; 301.698,02 ; 354.974,84 ; 375.819,72 ; 375.819,72 ; 400.874,37 ; 430.422,32 ; 430.452,83 ; 430.452,83 ; 430.452,83 ; 795.216,19 ; 5.092.032,51 
BA;PRESIDENTE TANCREDO NEVES;2925758; 581.351,69 ; 639.486,87 ; 697.622,04 ; 755.757,21 ; 889.216,31 ; 941.432,98 ; 941.432,98 ; 1.004.195,18 ; 1.091.208,12 ; 1.080.150,77 ; 1.080.150,77 ; 1.080.150,77 ; 1.995.464,59 ; 12.777.620,29 
BA;QUEIMADAS;2925808; 650.544,31 ; 715.598,75 ; 780.653,18 ; 845.707,61 ; 995.051,04 ; 1.053.482,56 ; 1.053.482,56 ; 1.123.714,73 ; 1.206.490,54 ; 1.206.620,45 ; 1.206.620,45 ; 1.206.620,45 ; 2.229.103,98 ; 14.273.690,61 
BA;QUIJINGUE;2925907; 946.990,95 ; 1.041.690,04 ; 1.136.389,14 ; 1.231.088,23 ; 1.448.485,99 ; 1.533.544,17 ; 1.533.544,17 ; 1.635.780,45 ; 1.745.214,06 ; 1.754.881,11 ; 1.754.881,11 ; 1.754.881,11 ; 3.241.957,70 ; 20.759.328,22 
BA;QUIXABEIRA;2925931; 584.467,08 ; 642.913,79 ; 701.360,50 ; 759.807,21 ; 833.772,91 ; 930.571,33 ; 930.571,33 ; 992.609,41 ; 1.064.624,83 ; 1.065.684,47 ; 1.065.684,47 ; 1.065.684,47 ; 1.968.739,62 ; 12.606.491,41 
BA;RAFAEL JAMBEIRO;2925956; 462.936,08 ; 509.229,69 ; 555.523,29 ; 601.816,90 ; 708.091,70 ; 749.672,35 ; 749.672,35 ; 799.650,50 ; 853.147,07 ; 857.872,80 ; 857.872,80 ; 857.872,80 ; 1.584.829,50 ; 10.148.187,84 
BA;REMANSO;2926004; 849.676,37 ; 934.644,00 ; 1.019.611,64 ; 1.104.579,27 ; 1.299.636,83 ; 1.375.954,27 ; 1.375.954,27 ; 1.467.684,55 ; 1.584.443,35 ; 1.577.205,98 ; 1.577.205,98 ; 1.577.205,98 ; 2.913.721,65 ; 18.657.524,16 
BA;RETIROLANDIA;2926103; 255.300,82 ; 280.830,90 ; 306.360,98 ; 331.891,06 ; 390.499,67 ; 413.430,64 ; 413.430,64 ; 440.992,69 ; 478.295,37 ; 474.218,41 ; 474.218,41 ; 474.218,41 ; 876.068,48 ; 5.609.756,49 
BA;RIACHAO DAS NEVES;2926202; 408.506,97 ; 449.357,67 ; 490.208,37 ; 531.059,07 ; 624.838,74 ; 661.530,60 ; 661.530,60 ; 705.632,64 ; 757.366,22 ; 757.657,87 ; 757.657,87 ; 757.657,87 ; 1.399.692,99 ; 8.962.697,48 
BA;RIACHAO DO JACUIPE;2926301; 502.935,00 ; 553.228,49 ; 603.521,99 ; 653.815,49 ; 812.047,45 ; 825.746,81 ; 825.746,81 ; 880.796,60 ; 939.721,85 ; 944.927,13 ; 944.927,13 ; 944.927,13 ; 1.745.653,17 ; 11.177.995,06 
BA;RIACHO DE SANTANA;2926400; 452.767,73 ; 498.044,50 ; 543.321,27 ; 588.598,04 ; 692.538,52 ; 733.205,85 ; 733.205,85 ; 782.086,24 ; 844.104,24 ; 840.418,46 ; 840.418,46 ; 840.418,46 ; 1.552.584,44 ; 9.941.712,09 
BA;RIBEIRA DO AMPARO;2926509; 509.797,89 ; 560.777,68 ; 611.757,47 ; 662.737,26 ; 779.769,97 ; 825.559,73 ; 825.559,73 ; 880.597,04 ; 939.630,78 ; 944.730,49 ; 944.730,49 ; 944.730,49 ; 1.745.289,90 ; 11.175.668,93 
BA;RIBEIRA DO POMBAL;2926608; 1.152.314,16 ; 1.267.545,58 ; 1.382.776,99 ; 1.498.008,41 ; 1.639.491,05 ; 1.833.532,73 ; 1.833.532,73 ; 1.955.768,24 ; 2.107.168,22 ; 2.101.111,68 ; 2.101.111,68 ; 2.101.111,68 ; 3.881.582,15 ; 24.855.055,30 
BA;RIBEIRAO DO LARGO;2926657; 207.399,41 ; 228.139,36 ; 248.879,30 ; 269.619,24 ; 317.231,29 ; 335.859,77 ; 335.859,77 ; 358.250,43 ; 388.977,54 ; 385.302,75 ; 385.302,75 ; 385.302,75 ; 711.806,17 ; 4.557.930,52 
BA;RIO DE CONTAS;2926707; 196.339,73 ; 215.973,70 ; 235.607,67 ; 255.241,64 ; 300.314,74 ; 317.949,86 ; 317.949,86 ; 339.146,52 ; 361.835,40 ; 363.839,67 ; 363.839,67 ; 363.839,67 ; 672.155,40 ; 4.304.033,54 
BA;RIO DO ANTONIO;2926806; 412.944,30 ; 454.238,73 ; 495.533,16 ; 536.827,59 ; 631.625,93 ; 668.716,35 ; 668.716,35 ; 713.297,44 ; 761.017,00 ; 765.232,40 ; 765.232,40 ; 765.232,40 ; 1.413.686,12 ; 9.052.300,17 
BA;RIO DO PIRES;2926905; 278.200,38 ; 306.020,41 ; 333.840,45 ; 361.660,48 ; 425.526,07 ; 450.513,87 ; 450.513,87 ; 480.548,13 ; 514.287,27 ; 515.764,49 ; 515.764,49 ; 515.764,49 ; 952.820,47 ; 6.101.224,87 
BA;RIO REAL;2927002; 798.311,38 ; 878.142,53 ; 957.973,66 ; 1.037.804,80 ; 1.221.070,66 ; 1.292.774,53 ; 1.292.774,53 ; 1.378.959,50 ; 1.471.317,36 ; 1.479.376,22 ; 1.479.376,22 ; 1.479.376,22 ; 2.732.991,49 ; 17.500.249,10 
BA;RODELAS;2927101; 189.164,14 ; 208.080,55 ; 226.996,97 ; 245.913,38 ; 289.339,21 ; 306.329,82 ; 306.329,82 ; 326.751,81 ; 348.611,48 ; 350.542,50 ; 350.542,50 ; 350.542,50 ; 647.590,29 ; 4.146.734,98 
BA;RUY BARBOSA;2927200; 442.304,35 ; 486.534,79 ; 530.765,22 ; 574.995,66 ; 676.534,09 ; 716.261,61 ; 716.261,61 ; 764.012,38 ; 815.229,89 ; 819.654,94 ; 819.654,94 ; 819.654,94 ; 1.514.226,02 ; 9.696.090,42 
BA;SALINAS DA MARGARIDA;2927309; 361.579,68 ; 397.737,64 ; 433.895,61 ; 470.053,58 ; 553.060,30 ; 585.537,18 ; 585.537,18 ; 624.572,99 ; 666.823,81 ; 670.114,83 ; 670.114,83 ; 670.114,83 ; 1.237.966,44 ; 7.927.108,89 
BA;SALVADOR;2927408; 15.633.294,91 ; 17.196.624,40 ; 18.759.953,89 ; 20.323.283,38 ; 23.896.674,61 ; 25.312.249,85 ; 25.312.249,85 ; 26.999.733,17 ; 28.827.523,62 ; 28.968.655,99 ; 28.968.655,99 ; 28.968.655,99 ; 53.516.535,58 ; 342.684.091,22 
BA;SANTA BARBARA;2927507; 452.294,14 ; 497.523,55 ; 542.752,97 ; 587.982,38 ; 691.814,14 ; 732.438,94 ; 732.438,94 ; 781.268,20 ; 837.782,82 ; 838.760,48 ; 838.760,48 ; 838.760,48 ; 1.549.521,49 ; 9.922.099,01 
BA;SANTA BRIGIDA;2927606; 264.510,21 ; 290.961,23 ; 317.412,25 ; 343.863,27 ; 404.586,05 ; 428.344,20 ; 428.344,20 ; 456.900,48 ; 487.572,47 ; 490.182,36 ; 490.182,36 ; 490.182,36 ; 905.560,19 ; 5.798.601,61 
BA;SANTA CRUZ CABRALIA;2927705; 735.705,77 ; 809.276,35 ; 882.846,93 ; 956.417,51 ; 1.125.311,19 ; 1.191.391,86 ; 1.191.391,86 ; 1.270.817,98 ; 1.384.707,14 ; 1.367.480,92 ; 1.367.480,92 ; 1.367.480,92 ; 2.526.276,73 ; 16.176.586,08 
BA;SANTA CRUZ DA VITORIA;2927804; 130.162,31 ; 143.178,54 ; 156.194,77 ; 169.211,00 ; 199.091,96 ; 210.783,06 ; 210.783,06 ; 224.835,27 ; 239.876,74 ; 241.205,45 ; 241.205,45 ; 241.205,45 ; 445.601,62 ; 2.853.334,69 
BA;SANTA INES;2927903; 267.301,73 ; 294.031,90 ; 320.762,08 ; 347.492,25 ; 408.855,88 ; 432.864,76 ; 432.864,76 ; 461.722,41 ; 492.611,62 ; 495.340,28 ; 495.340,28 ; 495.340,28 ; 915.088,90 ; 5.859.617,11 
BA;SANTA LUZIA;2928059; 302.629,55 ; 332.892,50 ; 363.155,46 ; 393.418,41 ; 462.892,14 ; 490.074,14 ; 490.074,14 ; 522.745,75 ; 566.839,64 ; 562.113,23 ; 562.113,23 ; 562.113,23 ; 1.038.444,88 ; 6.649.506,30 
BA;SANTA MARIA DA VITORIA;2928109; 757.666,05 ; 833.432,66 ; 909.199,26 ; 984.965,87 ; 1.158.900,90 ; 1.226.954,03 ; 1.226.954,03 ; 1.308.750,96 ; 1.400.404,09 ; 1.404.627,61 ; 1.404.627,61 ; 1.404.627,61 ; 2.594.901,31 ; 16.616.011,99 
BA;SANTA RITA DE CASSIA;2928406; 543.741,03 ; 598.115,14 ; 652.489,24 ; 706.863,35 ; 831.688,29 ; 880.526,79 ; 880.526,79 ; 939.228,57 ; 1.014.970,97 ; 1.009.462,25 ; 1.009.462,25 ; 1.009.462,25 ; 1.864.875,00 ; 11.941.411,93 
BA;SANTA TERESINHA;2928505; 228.186,88 ; 251.005,57 ; 273.824,25 ; 296.642,94 ; 349.027,09 ; 369.522,70 ; 369.522,70 ; 394.157,55 ; 420.647,65 ; 422.873,37 ; 422.873,37 ; 422.873,37 ; 781.213,93 ; 5.002.371,38 
BA;SANTALUZ;2928000; 867.097,20 ; 953.806,91 ; 1.040.516,63 ; 1.127.226,35 ; 1.326.283,16 ; 1.404.165,32 ; 1.404.165,32 ; 1.497.776,34 ; 1.598.688,17 ; 1.606.930,75 ; 1.606.930,75 ; 1.606.930,75 ; 2.968.635,03 ; 19.009.152,71 
BA;SANTANA;2928208; 370.076,08 ; 407.083,69 ; 444.091,30 ; 481.098,91 ; 566.056,12 ; 599.296,14 ; 599.296,14 ; 639.249,21 ; 687.359,94 ; 686.558,28 ; 686.558,28 ; 686.558,28 ; 1.268.343,98 ; 8.121.626,34 
BA;SANTANOPOLIS;2928307; 176.879,15 ; 194.567,07 ; 212.254,98 ; 229.942,90 ; 270.548,49 ; 286.435,67 ; 286.435,67 ; 305.531,39 ; 327.909,89 ; 328.054,66 ; 328.054,66 ; 328.054,66 ; 606.046,38 ; 3.880.715,58 
BA;SANTO AMARO;2928604; 987.900,92 ; 1.086.691,01 ; 1.185.481,10 ; 1.284.271,19 ; 1.511.060,53 ; 1.599.793,22 ; 1.599.793,22 ; 1.706.446,10 ; 1.838.102,46 ; 1.833.197,63 ; 1.833.197,63 ; 1.833.197,63 ; 3.386.639,21 ; 21.685.771,86 
BA;SANTO ANTONIO DE JESUS;2928703; 1.170.718,65 ; 1.287.790,51 ; 1.404.862,37 ; 1.521.934,24 ; 1.790.692,47 ; 1.895.845,74 ; 1.895.845,74 ; 2.022.235,46 ; 2.214.909,28 ; 2.177.692,88 ; 2.177.692,88 ; 2.177.692,88 ; 4.023.057,83 ; 25.760.970,93 
BA;SANTO ESTEVAO;2928802; 925.649,10 ; 1.018.214,01 ; 1.110.778,92 ; 1.203.343,83 ; 1.415.842,21 ; 1.498.983,48 ; 1.498.983,48 ; 1.598.915,71 ; 1.705.987,49 ; 1.715.347,21 ; 1.715.347,21 ; 1.715.347,21 ; 3.168.923,00 ; 20.291.662,85 
BA;SAO DESIDERIO;2928901; 635.535,33 ; 699.088,86 ; 762.642,40 ; 826.195,93 ; 972.093,80 ; 1.029.177,21 ; 1.029.177,21 ; 1.097.789,02 ; 1.184.009,21 ; 1.179.548,83 ; 1.179.548,83 ; 1.179.548,83 ; 2.179.092,02 ; 13.953.447,50 
BA;SAO DOMINGOS;2928950; 171.546,42 ; 188.701,07 ; 205.855,71 ; 223.010,35 ; 262.391,73 ; 277.799,93 ; 277.799,93 ; 296.319,92 ; 321.717,59 ; 318.693,20 ; 318.693,20 ; 318.693,20 ; 588.752,06 ; 3.769.974,31 
BA;SAO FELIPE;2929107; 620.208,71 ; 682.229,58 ; 744.250,45 ; 806.271,33 ; 948.650,71 ; 1.004.357,49 ; 1.004.357,49 ; 1.071.314,66 ; 1.167.489,04 ; 1.152.826,23 ; 1.152.826,23 ; 1.152.826,23 ; 2.129.724,82 ; 13.637.332,97 
BA;SAO FELIX;2929008; 254.995,45 ; 280.495,00 ; 305.994,54 ; 331.494,09 ; 390.032,59 ; 412.936,14 ; 412.936,14 ; 440.465,22 ; 469.932,32 ; 472.535,35 ; 472.535,35 ; 472.535,35 ; 872.959,21 ; 5.589.846,76 
BA;SAO FELIX DO CORIBE;2929057; 387.982,82 ; 426.781,10 ; 465.579,38 ; 504.377,66 ; 593.445,66 ; 628.294,06 ; 628.294,06 ; 670.180,33 ; 715.015,36 ; 718.975,95 ; 718.975,95 ; 718.975,95 ; 1.328.232,21 ; 8.505.110,51 
BA;SAO FRANCISCO DO CONDE;2929206; 637.774,94 ; 701.552,44 ; 765.329,93 ; 829.107,43 ; 975.519,43 ; 1.032.804,01 ; 1.032.804,01 ; 1.101.657,61 ; 1.200.501,34 ; 1.185.470,01 ; 1.185.470,01 ; 1.185.470,01 ; 2.190.030,77 ; 14.023.491,93 
BA;SAO GABRIEL;2929255; 374.271,01 ; 411.698,11 ; 449.125,21 ; 486.552,31 ; 572.472,54 ; 606.089,34 ; 606.089,34 ; 646.495,30 ; 690.619,38 ; 693.691,54 ; 693.691,54 ; 693.691,54 ; 1.281.521,92 ; 8.206.009,06 
BA;SAO GONCALO DOS CAMPOS;2929305; 422.289,15 ; 464.518,07 ; 506.746,98 ; 548.975,90 ; 645.919,51 ; 683.849,27 ; 683.849,27 ; 729.439,22 ; 778.359,39 ; 782.566,75 ; 782.566,75 ; 782.566,75 ; 1.445.709,51 ; 9.257.356,52 
BA;SAO JOSE DA VITORIA;2929354; 110.984,93 ; 122.083,42 ; 133.181,91 ; 144.280,41 ; 169.758,87 ; 179.727,47 ; 179.727,47 ; 191.709,30 ; 211.125,96 ; 206.611,63 ; 206.611,63 ; 206.611,63 ; 381.693,19 ; 2.444.107,83 
BA;SAO JOSE DO JACUIPE;2929370; 283.769,15 ; 312.146,06 ; 340.522,98 ; 368.899,89 ; 434.043,89 ; 459.531,87 ; 459.531,87 ; 490.167,33 ; 522.959,50 ; 525.856,26 ; 525.856,26 ; 525.856,26 ; 971.463,96 ; 6.220.605,30 
BA;SAO MIGUEL DAS MATAS;2929404; 165.111,48 ; 181.622,62 ; 198.133,77 ; 214.644,91 ; 252.549,04 ; 267.379,26 ; 267.379,26 ; 285.204,54 ; 305.686,78 ; 306.171,00 ; 306.171,00 ; 306.171,00 ; 565.618,63 ; 3.621.843,29 
BA;SAO SEBASTIAO DO PASSE;2929503; 542.221,31 ; 596.443,44 ; 650.665,58 ; 704.887,71 ; 829.363,77 ; 878.065,77 ; 878.065,77 ; 936.603,49 ; 999.711,58 ; 1.004.861,65 ; 1.004.861,65 ; 1.004.861,65 ; 1.856.375,89 ; 11.886.989,25 
BA;SAPEACU;2929602; 525.270,76 ; 577.797,84 ; 630.324,92 ; 682.851,99 ; 803.436,77 ; 850.616,28 ; 850.616,28 ; 907.324,03 ; 973.720,88 ; 974.201,95 ; 974.201,95 ; 974.201,95 ; 1.799.735,31 ; 11.524.300,90 
BA;SATIRO DIAS;2929701; 544.607,11 ; 599.067,82 ; 653.528,53 ; 707.989,24 ; 833.012,99 ; 881.929,29 ; 881.929,29 ; 940.724,58 ; 1.011.050,02 ; 1.010.277,01 ; 1.010.277,01 ; 1.010.277,01 ; 1.866.380,18 ; 11.951.050,07 
BA;SAUBARA;2929750; 199.586,21 ; 219.544,83 ; 239.503,45 ; 259.462,08 ; 304.135,33 ; 322.904,64 ; 322.904,64 ; 344.431,62 ; 370.469,30 ; 369.938,56 ; 369.938,56 ; 369.938,56 ; 683.422,47 ; 4.376.180,27 
BA;SAUDE;2929800; 219.035,39 ; 240.938,93 ; 262.842,47 ; 284.746,00 ; 335.029,28 ; 354.702,91 ; 354.702,91 ; 378.349,77 ; 406.354,18 ; 406.282,97 ; 406.282,97 ; 406.282,97 ; 750.564,93 ; 4.806.115,67 
BA;SEABRA;2929909; 796.726,69 ; 876.399,36 ; 956.072,03 ; 1.035.744,70 ; 1.146.964,56 ; 1.271.270,38 ; 1.271.270,38 ; 1.356.021,74 ; 1.473.968,05 ; 1.458.653,03 ; 1.458.653,03 ; 1.458.653,03 ; 2.694.707,58 ; 17.255.104,55 
BA;SEBASTIAO LARANJEIRAS;2930006; 220.852,84 ; 242.938,12 ; 265.023,40 ; 287.108,69 ; 337.809,18 ; 357.646,06 ; 357.646,06 ; 381.489,13 ; 415.079,21 ; 410.420,83 ; 410.420,83 ; 410.420,83 ; 758.209,18 ; 4.855.064,35 
BA;SENHOR DO BONFIM;2930105; 1.536.242,32 ; 1.689.866,55 ; 1.843.490,79 ; 1.997.115,02 ; 2.349.785,39 ; 2.487.769,78 ; 2.487.769,78 ; 2.653.621,09 ; 2.853.723,04 ; 2.850.063,67 ; 2.850.063,67 ; 2.850.063,67 ; 5.265.191,93 ; 33.714.766,69 
BA;SENTO SE;2930204; 910.122,64 ; 1.001.134,91 ; 1.092.147,17 ; 1.183.159,44 ; 1.392.093,46 ; 1.473.840,15 ; 1.473.840,15 ; 1.572.096,16 ; 1.700.932,79 ; 1.689.949,16 ; 1.689.949,16 ; 1.689.949,16 ; 3.122.002,77 ; 19.991.217,11 
BA;SERRA DO RAMALHO;2930154; 793.985,97 ; 873.384,57 ; 952.783,17 ; 1.032.181,77 ; 1.214.454,66 ; 1.285.770,02 ; 1.285.770,02 ; 1.371.488,02 ; 1.463.240,48 ; 1.471.345,63 ; 1.471.345,63 ; 1.471.345,63 ; 2.718.155,81 ; 17.405.251,39 
BA;SERRA DOURADA;2930303; 278.390,87 ; 306.229,96 ; 334.069,05 ; 361.908,14 ; 425.817,47 ; 450.822,37 ; 450.822,37 ; 480.877,19 ; 513.047,84 ; 515.889,71 ; 515.889,71 ; 515.889,71 ; 953.051,81 ; 6.102.706,21 
BA;SERRA PRETA;2930402; 349.660,29 ; 384.626,32 ; 419.592,35 ; 454.558,38 ; 534.828,80 ; 566.235,09 ; 566.235,09 ; 603.984,10 ; 644.390,60 ; 647.959,99 ; 647.959,99 ; 647.959,99 ; 1.197.037,72 ; 7.665.028,71 
BA;SERRINHA;2930501; 1.760.959,78 ; 1.937.055,75 ; 2.113.151,73 ; 2.289.247,71 ; 2.693.505,76 ; 2.851.674,14 ; 2.851.674,14 ; 3.041.785,75 ; 3.248.520,25 ; 3.263.721,15 ; 3.263.721,15 ; 3.263.721,15 ; 6.029.380,48 ; 38.608.118,94 
BA;SERROLANDIA;2930600; 286.191,48 ; 314.810,63 ; 343.429,78 ; 372.048,93 ; 437.749,02 ; 463.454,57 ; 463.454,57 ; 494.351,54 ; 531.071,06 ; 530.867,52 ; 530.867,52 ; 530.867,52 ; 980.721,73 ; 6.279.885,87 
BA;SIMOES FILHO;2930709; 1.683.618,24 ; 1.851.980,07 ; 2.020.341,89 ; 2.188.703,72 ; 2.575.206,72 ; 2.726.428,33 ; 2.726.428,33 ; 2.908.190,22 ; 3.178.691,65 ; 3.130.811,57 ; 3.130.811,57 ; 3.130.811,57 ; 5.783.844,06 ; 37.035.867,93 
BA;SITIO DO MATO;2930758; 360.462,47 ; 396.508,72 ; 432.554,97 ; 468.601,21 ; 551.351,46 ; 583.727,99 ; 583.727,99 ; 622.643,19 ; 664.297,98 ; 667.977,64 ; 667.977,64 ; 667.977,64 ; 1.234.018,22 ; 7.901.827,14 
BA;SITIO DO QUINTO;2930766; 294.996,74 ; 324.496,41 ; 353.996,08 ; 383.495,75 ; 451.217,23 ; 477.713,67 ; 477.713,67 ; 509.561,25 ; 552.126,97 ; 547.876,22 ; 547.876,22 ; 547.876,22 ; 1.012.143,52 ; 6.481.089,97 
BA;SOBRADINHO;2930774; 479.151,38 ; 527.066,52 ; 574.981,66 ; 622.896,79 ; 667.092,05 ; 758.546,77 ; 758.546,77 ; 809.116,55 ; 875.690,50 ; 869.810,37 ; 869.810,37 ; 869.810,37 ; 1.606.882,88 ; 10.289.402,97 
BA;SOUTO SOARES;2930808; 419.596,99 ; 461.556,70 ; 503.516,40 ; 545.476,10 ; 641.801,68 ; 679.489,63 ; 679.489,63 ; 724.788,94 ; 793.550,29 ; 780.464,17 ; 780.464,17 ; 780.464,17 ; 1.441.825,21 ; 9.232.484,08 
BA;TABOCAS DO BREJO VELHO;2930907; 186.037,87 ; 204.641,66 ; 223.245,45 ; 241.849,23 ; 284.557,37 ; 301.267,18 ; 301.267,18 ; 321.351,66 ; 342.850,06 ; 344.749,17 ; 344.749,17 ; 344.749,17 ; 636.887,72 ; 4.078.202,91 
BA;TANHACU;2931004; 560.584,99 ; 616.643,49 ; 672.701,99 ; 728.760,49 ; 857.452,24 ; 907.803,66 ; 907.803,66 ; 968.323,90 ; 1.049.412,20 ; 1.041.162,88 ; 1.041.162,88 ; 1.041.162,88 ; 1.923.438,57 ; 12.316.413,80 
BA;TANQUE NOVO;2931053; 374.491,64 ; 411.940,80 ; 449.389,96 ; 486.839,13 ; 504.261,55 ; 588.336,63 ; 588.336,63 ; 627.559,07 ; 669.542,73 ; 673.251,45 ; 673.251,45 ; 673.251,45 ; 1.243.761,02 ; 7.964.213,52 
BA;TANQUINHO;2931103; 194.393,63 ; 213.833,00 ; 233.272,37 ; 252.711,73 ; 297.338,07 ; 314.798,39 ; 314.798,39 ; 335.784,95 ; 359.724,08 ; 360.444,62 ; 360.444,62 ; 360.444,62 ; 665.883,41 ; 4.263.871,91 
BA;TAPEROA;2931202; 438.960,14 ; 482.856,15 ; 526.752,17 ; 570.648,18 ; 671.418,89 ; 710.846,04 ; 710.846,04 ; 758.235,77 ; 827.030,80 ; 816.030,60 ; 816.030,60 ; 816.030,60 ; 1.507.530,44 ; 9.653.216,42 
BA;TAPIRAMUTA;2931301; 385.818,69 ; 424.400,56 ; 462.982,43 ; 501.564,30 ; 590.135,49 ; 624.789,50 ; 624.789,50 ; 666.442,14 ; 729.816,87 ; 717.656,72 ; 717.656,72 ; 717.656,72 ; 1.325.795,08 ; 8.489.504,74 
BA;TEIXEIRA DE FREITAS;2931350; 1.922.798,40 ; 2.115.078,24 ; 2.307.358,08 ; 2.499.637,92 ; 2.941.048,76 ; 3.113.753,39 ; 3.113.753,39 ; 3.321.336,95 ; 3.545.138,50 ; 3.563.392,23 ; 3.563.392,23 ; 3.563.392,23 ; 6.582.991,18 ; 42.153.071,51 
BA;TEODORO SAMPAIO;2931400; 98.437,04 ; 108.280,74 ; 118.124,44 ; 127.968,15 ; 150.566,03 ; 159.407,59 ; 159.407,59 ; 170.034,76 ; 183.146,89 ; 182.663,69 ; 182.663,69 ; 182.663,69 ; 337.451,90 ; 2.160.816,22 
BA;TEOFILANDIA;2931509; 503.352,98 ; 553.688,28 ; 604.023,58 ; 654.358,88 ; 769.912,06 ; 815.122,93 ; 815.122,93 ; 869.464,46 ; 939.063,74 ; 934.407,25 ; 934.407,25 ; 934.407,25 ; 1.726.218,81 ; 11.053.550,39 
BA;TEOLANDIA;2931608; 301.954,06 ; 332.149,46 ; 362.344,87 ; 392.540,27 ; 461.858,93 ; 488.980,27 ; 488.980,27 ; 521.578,95 ; 558.785,86 ; 559.886,27 ; 559.886,27 ; 559.886,27 ; 1.034.330,81 ; 6.623.162,56 
BA;TERRA NOVA;2931707; 208.788,56 ; 229.667,42 ; 250.546,28 ; 271.425,14 ; 319.356,07 ; 338.109,34 ; 338.109,34 ; 360.649,97 ; 384.777,44 ; 386.908,78 ; 386.908,78 ; 386.908,78 ; 714.773,15 ; 4.576.929,05 
BA;TREMEDAL;2931806; 343.550,61 ; 377.905,67 ; 412.260,73 ; 446.615,79 ; 525.483,63 ; 556.341,15 ; 556.341,15 ; 593.430,56 ; 639.716,73 ; 637.581,28 ; 637.581,28 ; 637.581,28 ; 1.177.864,15 ; 7.542.254,02 
BA;TUCANO;2931905; 1.275.720,59 ; 1.403.292,65 ; 1.530.864,71 ; 1.658.436,77 ; 1.951.299,97 ; 2.065.884,45 ; 2.065.884,45 ; 2.203.610,08 ; 2.361.677,67 ; 2.365.579,03 ; 2.365.579,03 ; 2.365.579,03 ; 4.370.157,68 ; 27.983.566,11 
BA;UAUA;2932002; 628.856,06 ; 691.741,66 ; 754.627,27 ; 817.512,88 ; 961.877,40 ; 1.018.360,89 ; 1.018.360,89 ; 1.086.251,61 ; 1.174.894,17 ; 1.167.628,88 ; 1.167.628,88 ; 1.167.628,88 ; 2.157.071,16 ; 13.812.440,63 
BA;UBAIRA;2932101; 413.561,01 ; 454.917,10 ; 496.273,20 ; 537.629,30 ; 632.569,21 ; 669.715,02 ; 669.715,02 ; 714.362,69 ; 778.579,95 ; 768.727,87 ; 768.727,87 ; 768.727,87 ; 1.420.143,63 ; 9.093.649,75 
BA;UBAITABA;2932200; 351.472,61 ; 386.619,87 ; 421.767,13 ; 456.914,39 ; 537.600,85 ; 569.169,93 ; 569.169,93 ; 607.114,59 ; 660.211,69 ; 653.106,01 ; 653.106,01 ; 653.106,01 ; 1.206.544,45 ; 7.725.903,47 
BA;UBATA;2932309; 324.465,13 ; 356.911,64 ; 389.358,15 ; 421.804,67 ; 496.291,11 ; 525.434,38 ; 525.434,38 ; 560.463,34 ; 607.388,46 ; 602.621,12 ; 602.621,12 ; 602.621,12 ; 1.113.278,95 ; 7.128.693,58 
BA;UIBAI;2932408; 249.284,86 ; 274.213,34 ; 299.141,83 ; 324.070,31 ; 381.297,86 ; 403.688,48 ; 403.688,48 ; 430.601,05 ; 459.408,24 ; 461.952,98 ; 461.952,98 ; 461.952,98 ; 853.409,39 ; 5.464.662,78 
BA;UMBURANAS;2932457; 301.808,39 ; 331.989,22 ; 362.170,06 ; 392.350,90 ; 461.636,10 ; 488.744,36 ; 488.744,36 ; 521.327,32 ; 560.791,51 ; 559.942,03 ; 559.942,03 ; 559.942,03 ; 1.034.433,82 ; 6.623.822,14 
BA;UNA;2932507; 516.970,66 ; 568.667,73 ; 620.364,79 ; 672.061,86 ; 790.741,21 ; 837.175,21 ; 837.175,21 ; 892.986,89 ; 959.718,27 ; 959.006,21 ; 959.006,21 ; 959.006,21 ; 1.771.662,79 ; 11.344.543,25 
BA;URANDI;2932606; 413.725,92 ; 455.098,50 ; 496.471,10 ; 537.843,69 ; 632.821,46 ; 669.982,08 ; 669.982,08 ; 714.647,55 ; 773.751,14 ; 768.298,34 ; 768.298,34 ; 768.298,34 ; 1.419.350,13 ; 9.088.568,66 
BA;URUCUCA;2932705; 390.404,91 ; 429.445,40 ; 468.485,89 ; 507.526,38 ; 597.150,42 ; 632.216,36 ; 632.216,36 ; 674.364,12 ; 731.287,20 ; 725.155,57 ; 725.155,57 ; 725.155,57 ; 1.339.648,41 ; 8.578.212,18 
BA;UTINGA;2932804; 243.303,28 ; 267.633,61 ; 291.963,94 ; 316.294,27 ; 372.148,65 ; 394.002,01 ; 394.002,01 ; 420.268,81 ; 455.219,51 ; 451.847,34 ; 451.847,34 ; 451.847,34 ; 834.740,30 ; 5.345.118,41 
BA;VALENCA;2932903; 1.364.221,79 ; 1.500.643,96 ; 1.637.066,14 ; 1.773.488,32 ; 2.086.668,46 ; 2.209.202,07 ; 2.209.202,07 ; 2.356.482,21 ; 2.537.939,75 ; 2.531.466,96 ; 2.531.466,96 ; 2.531.466,96 ; 4.676.618,12 ; 29.945.933,77 
BA;VALENTE;2933000; 588.053,17 ; 646.858,48 ; 705.663,80 ; 764.469,12 ; 804.376,05 ; 927.163,01 ; 927.163,01 ; 988.973,88 ; 1.059.565,21 ; 1.061.615,10 ; 1.061.615,10 ; 1.061.615,10 ; 1.961.221,89 ; 12.558.352,91 
BA;VARZEA DA ROCA;2933059; 469.909,47 ; 516.900,42 ; 563.891,36 ; 610.882,31 ; 718.757,96 ; 760.964,96 ; 760.964,96 ; 811.695,95 ; 865.998,37 ; 870.795,28 ; 870.795,28 ; 870.795,28 ; 1.608.702,41 ; 10.301.054,01 
BA;VARZEA DO POCO;2933109; 200.659,43 ; 220.725,37 ; 240.791,32 ; 260.857,26 ; 306.922,02 ; 324.945,14 ; 324.945,14 ; 346.608,14 ; 370.519,39 ; 371.948,15 ; 371.948,15 ; 371.948,15 ; 687.134,96 ; 4.399.952,62 
BA;VARZEA NOVA;2933158; 263.910,34 ; 290.301,37 ; 316.692,41 ; 343.083,44 ; 403.668,52 ; 427.372,79 ; 427.372,79 ; 455.864,31 ; 495.839,06 ; 490.413,04 ; 490.413,04 ; 490.413,04 ; 905.986,36 ; 5.801.330,52 
BA;VARZEDO;2933174; 166.338,48 ; 182.972,32 ; 199.606,17 ; 216.240,02 ; 254.425,82 ; 269.366,25 ; 269.366,25 ; 287.324,00 ; 306.788,41 ; 308.278,69 ; 308.278,69 ; 308.278,69 ; 569.512,36 ; 3.646.776,15 
BA;VERA CRUZ;2933208; 780.391,54 ; 858.430,69 ; 936.469,84 ; 1.014.508,99 ; 1.193.661,05 ; 1.263.755,36 ; 1.263.755,36 ; 1.348.005,72 ; 1.463.632,11 ; 1.449.797,90 ; 1.449.797,90 ; 1.449.797,90 ; 2.678.348,67 ; 17.150.353,05 
BA;VEREDA;2933257; 121.116,63 ; 133.228,29 ; 145.339,95 ; 157.451,62 ; 185.255,99 ; 196.134,61 ; 196.134,61 ; 209.210,25 ; 224.304,73 ; 224.600,09 ; 224.600,09 ; 224.600,09 ; 414.924,97 ; 2.656.901,89 
BA;VITORIA DA CONQUISTA;2933307; 4.414.371,83 ; 4.855.809,02 ; 5.297.246,20 ; 5.738.683,38 ; 6.752.076,98 ; 7.148.573,29 ; 7.148.573,29 ; 7.625.144,84 ; 8.202.323,63 ; 8.189.933,40 ; 8.189.933,40 ; 8.189.933,40 ; 15.130.037,88 ; 96.882.640,57 
BA;WAGNER;2933406; 169.414,91 ; 186.356,40 ; 203.297,90 ; 220.239,39 ; 259.131,44 ; 274.348,19 ; 274.348,19 ; 292.638,07 ; 313.478,07 ; 314.125,78 ; 314.125,78 ; 314.125,78 ; 580.314,24 ; 3.715.944,13 
BA;WANDERLEY;2933455; 299.401,26 ; 329.341,39 ; 359.281,51 ; 389.221,64 ; 457.954,25 ; 484.846,30 ; 484.846,30 ; 517.169,39 ; 557.109,38 ; 555.589,34 ; 555.589,34 ; 555.589,34 ; 1.026.392,69 ; 6.572.332,14 
BA;WENCESLAU GUIMARAES;2933505; 506.146,73 ; 556.761,40 ; 607.376,07 ; 657.990,74 ; 774.185,27 ; 819.647,08 ; 819.647,08 ; 874.290,22 ; 940.655,60 ; 939.074,96 ; 939.074,96 ; 939.074,96 ; 1.734.841,91 ; 11.108.766,96 
BA;XIQUE-XIQUE;2933604; 1.012.485,79 ; 1.113.734,36 ; 1.214.982,94 ; 1.316.231,52 ; 1.548.664,73 ; 1.639.605,61 ; 1.639.605,61 ; 1.748.912,66 ; 1.865.914,80 ; 1.876.250,44 ; 1.876.250,44 ; 1.876.250,44 ; 3.466.174,73 ; 22.195.064,06 
BA;BAHIA;29; 80.736.083,29 ; 88.809.691,63 ; 96.883.299,96 ; 104.956.908,29 ; 122.963.414,40 ; 130.603.460,07 ; 130.603.460,07 ; 139.310.357,41 ; 149.003.446,84 ; 149.506.956,84 ; 149.506.956,84 ; 149.506.956,84 ; 276.198.328,94 ; 1.768.589.321,39 
CE;ABAIARA;2300101; 259.372,42 ; 285.309,65 ; 311.246,90 ; 337.184,14 ; 380.080,66 ; 403.212,30 ; 403.212,30 ; 430.093,12 ; 437.182,05 ; 435.739,85 ; 435.739,85 ; 435.739,85 ; 804.983,40 ; 5.359.096,48 
CE;ACARAPE;2300150; 449.004,67 ; 493.905,14 ; 538.805,60 ; 583.706,07 ; 657.965,09 ; 698.008,72 ; 698.008,72 ; 744.542,64 ; 758.954,92 ; 754.605,05 ; 754.605,05 ; 754.605,05 ; 1.394.053,22 ; 9.280.769,94 
CE;ACARAU;2300200; 1.668.907,49 ; 1.835.798,24 ; 2.002.688,99 ; 2.169.579,74 ; 2.445.593,42 ; 2.594.431,78 ; 2.594.431,78 ; 2.767.393,90 ; 2.839.123,41 ; 2.807.232,12 ; 2.807.232,12 ; 2.807.232,12 ; 5.186.065,15 ; 34.525.710,24 
CE;ACOPIARA;2300309; 1.123.300,41 ; 1.235.630,45 ; 1.347.960,49 ; 1.460.290,53 ; 1.646.068,53 ; 1.746.247,95 ; 1.746.247,95 ; 1.862.664,48 ; 1.867.029,06 ; 1.883.585,15 ; 1.883.585,15 ; 1.883.585,15 ; 3.479.724,83 ; 23.165.920,13 
CE;AIUABA;2300408; 358.695,37 ; 394.564,91 ; 430.434,44 ; 466.303,98 ; 525.627,12 ; 557.616,69 ; 557.616,69 ; 594.791,13 ; 604.825,14 ; 602.631,12 ; 602.631,12 ; 602.631,12 ; 1.113.297,42 ; 7.411.666,27 
CE;ALCANTARAS;2300507; 324.447,41 ; 356.892,15 ; 389.336,89 ; 421.781,63 ; 475.440,64 ; 504.375,87 ; 504.375,87 ; 538.000,93 ; 547.018,92 ; 545.084,58 ; 545.084,58 ; 545.084,58 ; 1.006.986,26 ; 6.703.910,34 
CE;ALTANEIRA;2300606; 279.690,94 ; 307.660,04 ; 335.629,13 ; 363.598,23 ; 409.855,15 ; 434.798,86 ; 434.798,86 ; 463.785,45 ; 464.832,99 ; 468.989,23 ; 468.989,23 ; 468.989,23 ; 866.408,13 ; 5.768.025,49 
CE;ALTO SANTO;2300705; 431.517,83 ; 474.669,61 ; 517.821,40 ; 560.973,18 ; 632.340,12 ; 670.824,22 ; 670.824,22 ; 715.545,84 ; 723.012,75 ; 724.359,61 ; 724.359,61 ; 724.359,61 ; 1.338.177,96 ; 8.908.785,98 
CE;AMONTADA;2300754; 1.491.944,89 ; 1.641.139,38 ; 1.790.333,87 ; 1.939.528,36 ; 2.186.274,93 ; 2.319.331,21 ; 2.319.331,21 ; 2.473.953,30 ; 2.498.815,68 ; 2.504.298,32 ; 2.504.298,32 ; 2.504.298,32 ; 4.626.426,93 ; 30.799.974,72 
CE;ANTONINA DO NORTE;2300804; 219.330,96 ; 241.264,05 ; 263.197,15 ; 285.130,24 ; 321.404,48 ; 340.965,10 ; 340.965,10 ; 363.696,10 ; 365.064,15 ; 367.850,21 ; 367.850,21 ; 367.850,21 ; 679.564,46 ; 4.524.132,42 
CE;APUIARES;2300903; 308.071,66 ; 338.878,83 ; 369.685,99 ; 400.493,16 ; 451.443,84 ; 478.918,64 ; 478.918,64 ; 510.846,55 ; 523.033,34 ; 518.059,01 ; 518.059,01 ; 518.059,01 ; 957.059,37 ; 6.371.527,05 
CE;AQUIRAZ;2301000; 2.575.794,25 ; 2.833.373,67 ; 3.090.953,09 ; 3.348.532,52 ; 3.774.532,43 ; 4.004.249,77 ; 4.004.249,77 ; 4.271.199,76 ; 4.281.002,90 ; 4.319.144,56 ; 4.319.144,56 ; 4.319.144,56 ; 7.979.163,88 ; 53.120.485,72 
CE;ARACATI;2301109; 1.788.295,25 ; 1.967.124,77 ; 2.145.954,30 ; 2.324.783,82 ; 2.620.542,55 ; 2.780.028,28 ; 2.780.028,28 ; 2.965.363,50 ; 3.024.295,22 ; 3.005.645,48 ; 3.005.645,48 ; 3.005.645,48 ; 5.552.612,92 ; 36.965.965,33 
CE;ARACOIABA;2301208; 928.346,75 ; 1.021.181,43 ; 1.114.016,10 ; 1.206.850,78 ; 1.360.386,19 ; 1.443.179,05 ; 1.443.179,05 ; 1.539.390,98 ; 1.577.229,10 ; 1.561.274,65 ; 1.561.274,65 ; 1.561.274,65 ; 2.884.290,19 ; 19.201.873,58 
CE;ARARENDA;2301257; 575.508,91 ; 633.059,80 ; 690.610,69 ; 748.161,58 ; 843.342,61 ; 894.668,28 ; 894.668,28 ; 954.312,84 ; 957.147,69 ; 965.111,63 ; 965.111,63 ; 965.111,63 ; 1.782.941,90 ; 11.869.757,46 
CE;ARARIPE;2301307; 594.204,86 ; 653.625,35 ; 713.045,84 ; 772.466,33 ; 870.739,40 ; 923.732,44 ; 923.732,44 ; 985.314,60 ; 987.540,12 ; 996.370,07 ; 996.370,07 ; 996.370,07 ; 1.840.688,58 ; 12.254.200,17 
CE;ARATUBA;2301406; 473.784,75 ; 521.163,23 ; 568.541,70 ; 615.920,18 ; 694.277,47 ; 736.531,07 ; 736.531,07 ; 785.633,14 ; 810.334,17 ; 797.524,92 ; 797.524,92 ; 797.524,92 ; 1.473.343,14 ; 9.808.634,66 
CE;ARNEIROZ;2301505; 166.552,54 ; 183.207,79 ; 199.863,04 ; 216.518,30 ; 244.063,73 ; 258.917,40 ; 258.917,40 ; 276.178,56 ; 276.802,36 ; 279.277,35 ; 279.277,35 ; 279.277,35 ; 515.935,44 ; 3.434.788,63 
CE;ASSARE;2301604; 668.625,41 ; 735.487,95 ; 802.350,49 ; 869.213,03 ; 979.794,22 ; 1.039.424,31 ; 1.039.424,31 ; 1.108.719,26 ; 1.123.481,60 ; 1.122.804,42 ; 1.122.804,42 ; 1.122.804,42 ; 2.074.262,70 ; 13.809.196,56 
CE;AURORA;2301703; 423.124,73 ; 465.437,21 ; 507.749,69 ; 550.062,16 ; 620.041,00 ; 657.776,58 ; 657.776,58 ; 701.628,36 ; 703.213,11 ; 709.500,79 ; 709.500,79 ; 709.500,79 ; 1.310.727,86 ; 8.726.039,66 
CE;BAIXIO;2301802; 137.594,56 ; 151.354,02 ; 165.113,47 ; 178.872,93 ; 201.629,12 ; 213.900,23 ; 213.900,23 ; 228.160,25 ; 234.380,42 ; 231.485,86 ; 231.485,86 ; 231.485,86 ; 427.645,70 ; 2.847.008,51 
CE;BANABUIU;2301851; 533.782,07 ; 587.160,27 ; 640.538,48 ; 693.916,68 ; 782.196,68 ; 829.801,03 ; 829.801,03 ; 885.121,10 ; 906.636,23 ; 897.671,45 ; 897.671,45 ; 897.671,45 ; 1.658.353,29 ; 11.040.321,20 
CE;BARBALHA;2301901; 1.459.186,10 ; 1.605.104,71 ; 1.751.023,32 ; 1.896.941,93 ; 2.138.270,66 ; 2.268.405,41 ; 2.268.405,41 ; 2.419.632,44 ; 2.475.977,36 ; 2.453.609,46 ; 2.453.609,46 ; 2.453.609,46 ; 4.532.784,61 ; 30.176.560,32 
CE;BARREIRA;2301950; 709.245,96 ; 780.170,56 ; 851.095,15 ; 922.019,75 ; 1.039.318,99 ; 1.102.571,75 ; 1.102.571,75 ; 1.176.076,54 ; 1.178.732,92 ; 1.189.272,40 ; 1.189.272,40 ; 1.189.272,40 ; 2.197.055,28 ; 14.626.675,85 
CE;BARRO;2302008; 398.373,46 ; 438.210,80 ; 478.048,15 ; 517.885,49 ; 583.770,82 ; 619.299,01 ; 619.299,01 ; 660.585,61 ; 662.486,34 ; 668.052,38 ; 668.052,38 ; 668.052,38 ; 1.234.156,29 ; 8.216.272,12 
CE;BARROQUINHA;2302057; 436.252,47 ; 479.877,72 ; 523.502,96 ; 567.128,21 ; 639.278,19 ; 678.184,55 ; 678.184,55 ; 723.396,85 ; 725.168,69 ; 731.532,04 ; 731.532,04 ; 731.532,04 ; 1.351.428,27 ; 8.996.998,59 
CE;BATURITE;2302107; 1.003.884,14 ; 1.104.272,56 ; 1.204.660,97 ; 1.305.049,39 ; 1.471.077,62 ; 1.560.607,13 ; 1.560.607,13 ; 1.664.647,60 ; 1.668.407,51 ; 1.683.325,34 ; 1.683.325,34 ; 1.683.325,34 ; 3.109.765,97 ; 20.702.956,05 
CE;BEBERIBE;2302206; 1.491.656,36 ; 1.640.822,00 ; 1.789.987,63 ; 1.939.153,27 ; 2.185.852,12 ; 2.318.882,67 ; 2.318.882,67 ; 2.473.474,85 ; 2.488.876,09 ; 2.502.544,95 ; 2.502.544,95 ; 2.502.544,95 ; 4.623.187,76 ; 30.778.410,28 
CE;BELA CRUZ;2302305; 742.953,27 ; 817.248,60 ; 891.543,92 ; 965.839,25 ; 1.088.713,21 ; 1.154.972,09 ; 1.154.972,09 ; 1.231.970,23 ; 1.242.881,00 ; 1.246.884,04 ; 1.246.884,04 ; 1.246.884,04 ; 2.303.486,72 ; 15.335.232,52 
CE;BOA VIAGEM;2302404; 1.583.516,98 ; 1.741.868,67 ; 1.900.220,37 ; 2.058.572,07 ; 2.320.463,37 ; 2.461.686,33 ; 2.461.686,33 ; 2.625.798,76 ; 2.631.729,58 ; 2.655.260,84 ; 2.655.260,84 ; 2.655.260,84 ; 4.905.314,26 ; 32.656.639,25 
CE;BREJO SANTO;2302503; 1.306.419,18 ; 1.437.061,10 ; 1.567.703,02 ; 1.698.344,94 ; 1.914.408,19 ; 2.030.918,71 ; 2.030.918,71 ; 2.166.313,29 ; 2.204.282,23 ; 2.195.058,70 ; 2.195.058,70 ; 2.195.058,70 ; 4.055.139,35 ; 26.996.684,80 
CE;CAMOCIM;2302602; 1.423.101,41 ; 1.565.411,55 ; 1.707.721,70 ; 1.850.031,84 ; 2.085.392,67 ; 2.212.309,28 ; 2.212.309,28 ; 2.359.796,57 ; 2.396.958,29 ; 2.390.545,93 ; 2.390.545,93 ; 2.390.545,93 ; 4.416.281,39 ; 29.400.951,77 
CE;CAMPOS SALES;2302701; 563.490,25 ; 619.839,28 ; 676.188,30 ; 732.537,33 ; 825.730,64 ; 875.984,45 ; 875.984,45 ; 934.383,42 ; 936.493,89 ; 944.867,42 ; 944.867,42 ; 944.867,42 ; 1.745.542,88 ; 11.620.777,16 
CE;CANINDE;2302800; 2.135.895,15 ; 2.349.484,67 ; 2.563.074,19 ; 2.776.663,70 ; 3.129.910,54 ; 3.320.396,31 ; 3.320.396,31 ; 3.541.756,06 ; 3.599.310,57 ; 3.588.145,77 ; 3.588.145,77 ; 3.588.145,77 ; 6.628.720,74 ; 44.130.045,54 
CE;CAPISTRANO;2302909; 441.375,71 ; 485.513,28 ; 529.650,86 ; 573.788,43 ; 646.785,73 ; 686.148,98 ; 686.148,98 ; 731.892,25 ; 757.353,78 ; 743.299,39 ; 743.299,39 ; 743.299,39 ; 1.373.167,21 ; 9.141.723,40 
CE;CARIDADE;2303006; 560.547,83 ; 616.602,61 ; 672.657,39 ; 728.712,18 ; 821.418,85 ; 871.410,26 ; 871.410,26 ; 929.504,27 ; 945.024,05 ; 941.734,57 ; 941.734,57 ; 941.734,57 ; 1.739.755,25 ; 11.582.246,65 
CE;CARIRE;2303105; 534.637,60 ; 588.101,37 ; 641.565,13 ; 695.028,89 ; 783.450,38 ; 831.131,03 ; 831.131,03 ; 886.539,76 ; 895.456,55 ; 897.414,87 ; 897.414,87 ; 897.414,87 ; 1.657.879,29 ; 11.037.165,64 
CE;CARIRIACU;2303204; 696.976,48 ; 766.674,13 ; 836.371,77 ; 906.069,42 ; 1.021.339,46 ; 1.083.498,00 ; 1.083.498,00 ; 1.155.731,20 ; 1.166.966,60 ; 1.169.856,27 ; 1.169.856,27 ; 1.169.856,27 ; 2.161.186,03 ; 14.387.879,90 
CE;CARIUS;2303303; 496.025,02 ; 545.627,52 ; 595.230,02 ; 644.832,52 ; 726.868,04 ; 771.105,10 ; 771.105,10 ; 822.512,10 ; 824.369,89 ; 831.740,88 ; 831.740,88 ; 831.740,88 ; 1.536.553,53 ; 10.229.451,49 
CE;CARNAUBAL;2303402; 630.556,04 ; 693.611,65 ; 756.667,25 ; 819.722,86 ; 924.007,90 ; 980.242,85 ; 980.242,85 ; 1.045.592,38 ; 1.073.698,14 ; 1.060.779,09 ; 1.060.779,09 ; 1.060.779,09 ; 1.959.677,44 ; 13.046.356,63 
CE;CASCAVEL;2303501; 1.956.298,20 ; 2.151.928,01 ; 2.347.557,83 ; 2.543.187,65 ; 2.866.731,69 ; 3.041.200,45 ; 3.041.200,45 ; 3.243.947,14 ; 3.298.948,14 ; 3.286.742,95 ; 3.286.742,95 ; 3.286.742,95 ; 6.071.910,83 ; 40.423.139,23 
CE;CATARINA;2303600; 277.664,39 ; 305.430,82 ; 333.197,26 ; 360.963,70 ; 406.885,45 ; 431.648,44 ; 431.648,44 ; 460.425,00 ; 468.280,88 ; 466.505,79 ; 466.505,79 ; 466.505,79 ; 861.820,22 ; 5.737.481,97 
CE;CATUNDA;2303659; 424.457,38 ; 466.903,12 ; 509.348,85 ; 551.794,59 ; 621.993,83 ; 659.848,27 ; 659.848,27 ; 703.838,15 ; 706.217,79 ; 711.841,39 ; 711.841,39 ; 711.841,39 ; 1.315.051,86 ; 8.754.826,25 
CE;CAUCAIA;2303709; 7.751.354,31 ; 8.526.489,74 ; 9.301.625,17 ; 10.076.760,60 ; 11.358.724,91 ; 12.050.014,80 ; 12.050.014,80 ; 12.853.349,12 ; 12.883.060,51 ; 12.997.657,99 ; 12.997.657,99 ; 12.997.657,99 ; 24.011.801,81 ; 159.856.169,74 
CE;CEDRO;2303808; 415.809,21 ; 457.390,13 ; 498.971,05 ; 540.551,97 ; 609.320,93 ; 646.404,09 ; 646.404,09 ; 689.497,70 ; 697.181,23 ; 698.056,17 ; 698.056,17 ; 698.056,17 ; 1.289.585,13 ; 8.585.284,05 
CE;CHAVAL;2303907; 355.105,63 ; 390.616,19 ; 426.126,75 ; 461.637,31 ; 520.366,75 ; 552.036,18 ; 552.036,18 ; 588.838,60 ; 597.237,87 ; 596.394,22 ; 596.394,22 ; 596.394,22 ; 1.101.775,39 ; 7.334.959,50 
CE;CHORO;2303931; 399.762,89 ; 439.739,18 ; 479.715,47 ; 519.691,76 ; 585.806,89 ; 621.458,99 ; 621.458,99 ; 662.889,59 ; 675.239,94 ; 671.783,87 ; 671.783,87 ; 671.783,87 ; 1.241.049,83 ; 8.262.165,15 
CE;CHOROZINHO;2303956; 580.691,56 ; 638.760,71 ; 696.829,87 ; 754.899,03 ; 850.937,20 ; 902.725,07 ; 902.725,07 ; 962.906,74 ; 980.745,69 ; 975.812,93 ; 975.812,93 ; 975.812,93 ; 1.802.711,44 ; 12.001.371,18 
CE;COREAU;2304004; 893.365,71 ; 982.702,28 ; 1.072.038,85 ; 1.161.375,42 ; 1.309.125,47 ; 1.388.798,60 ; 1.388.798,60 ; 1.481.385,18 ; 1.494.919,22 ; 1.499.373,93 ; 1.499.373,93 ; 1.499.373,93 ; 2.769.935,15 ; 18.440.566,28 
CE;CRATEUS;2304103; 2.093.665,48 ; 2.303.032,03 ; 2.512.398,57 ; 2.721.765,12 ; 3.068.027,76 ; 3.254.747,36 ; 3.254.747,36 ; 3.471.730,52 ; 3.515.608,95 ; 3.515.520,39 ; 3.515.520,39 ; 3.515.520,39 ; 6.494.553,02 ; 43.236.837,35 
CE;CRATO;2304202; 2.440.437,32 ; 2.684.481,05 ; 2.928.524,79 ; 3.172.568,52 ; 3.576.182,32 ; 3.793.828,11 ; 3.793.828,11 ; 4.046.749,98 ; 4.161.700,30 ; 4.106.355,41 ; 4.106.355,41 ; 4.106.355,41 ; 7.586.058,37 ; 50.503.425,09 
CE;CROATA;2304236; 670.165,82 ; 737.182,40 ; 804.198,99 ; 871.215,57 ; 982.051,50 ; 1.041.818,98 ; 1.041.818,98 ; 1.111.273,58 ; 1.135.094,45 ; 1.126.602,30 ; 1.126.602,30 ; 1.126.602,30 ; 2.081.278,88 ; 13.855.906,07 
CE;CRUZ;2304251; 886.999,88 ; 975.699,86 ; 1.064.399,85 ; 1.153.099,83 ; 1.299.797,06 ; 1.378.902,47 ; 1.378.902,47 ; 1.470.829,30 ; 1.482.107,31 ; 1.488.400,05 ; 1.488.400,05 ; 1.488.400,05 ; 2.749.662,06 ; 18.305.600,22 
CE;DEPUTADO IRAPUAN PINHEIRO;2304269; 301.234,47 ; 331.357,91 ; 361.481,36 ; 391.604,80 ; 441.424,72 ; 468.289,75 ; 468.289,75 ; 499.509,06 ; 500.637,30 ; 505.113,67 ; 505.113,67 ; 505.113,67 ; 933.144,22 ; 6.212.314,34 
CE;ERERE;2304277; 172.773,64 ; 190.051,00 ; 207.328,37 ; 224.605,73 ; 253.180,05 ; 268.588,54 ; 268.588,54 ; 286.494,44 ; 293.639,22 ; 290.580,98 ; 290.580,98 ; 290.580,98 ; 536.817,70 ; 3.573.810,16 
CE;EUSEBIO;2304285; 2.043.573,73 ; 2.247.931,10 ; 2.452.288,47 ; 2.656.645,84 ; 2.994.624,02 ; 3.176.876,28 ; 3.176.876,28 ; 3.388.668,03 ; 3.421.017,96 ; 3.430.003,95 ; 3.430.003,95 ; 3.430.003,95 ; 6.336.570,42 ; 42.185.083,99 
CE;FARIAS BRITO;2304301; 554.903,44 ; 610.393,78 ; 665.884,12 ; 721.374,46 ; 813.147,64 ; 862.635,65 ; 862.635,65 ; 920.144,69 ; 924.141,08 ; 930.726,35 ; 930.726,35 ; 930.726,35 ; 1.719.418,73 ; 11.446.858,28 
CE;FORQUILHA;2304350; 736.534,07 ; 810.187,48 ; 883.840,89 ; 957.494,29 ; 1.079.306,61 ; 1.144.993,01 ; 1.144.993,01 ; 1.221.325,87 ; 1.231.778,04 ; 1.236.061,93 ; 1.236.061,93 ; 1.236.061,93 ; 2.283.494,01 ; 15.202.133,08 
CE;FORTALEZA;2304400; 38.557.951,57 ; 42.413.746,73 ; 46.269.541,88 ; 50.125.337,04 ; 56.502.276,62 ; 59.940.994,65 ; 59.940.994,65 ; 63.937.060,95 ; 64.089.176,55 ; 64.655.483,69 ; 64.655.483,69 ; 64.655.483,69 ; 119.444.184,60 ; 795.187.716,30 
CE;FORTIM;2304459; 424.832,08 ; 467.315,28 ; 509.798,49 ; 552.281,70 ; 622.542,91 ; 660.430,76 ; 660.430,76 ; 704.459,48 ; 717.563,92 ; 713.908,79 ; 713.908,79 ; 713.908,79 ; 1.318.871,16 ; 8.780.252,89 
CE;FRECHEIRINHA;2304509; 513.087,70 ; 564.396,47 ; 615.705,24 ; 667.014,02 ; 751.871,46 ; 797.630,22 ; 797.630,22 ; 850.805,57 ; 868.789,97 ; 862.507,46 ; 862.507,46 ; 862.507,46 ; 1.593.391,52 ; 10.607.844,76 
CE;GENERAL SAMPAIO;2304608; 249.059,07 ; 273.964,98 ; 298.870,88 ; 323.776,79 ; 364.967,63 ; 387.179,50 ; 387.179,50 ; 412.991,47 ; 413.924,28 ; 417.625,33 ; 417.625,33 ; 417.625,33 ; 771.518,73 ; 5.136.308,83 
CE;GRACA;2304657; 522.666,34 ; 574.932,98 ; 627.199,61 ; 679.466,24 ; 765.907,86 ; 812.520,87 ; 812.520,87 ; 866.688,93 ; 883.527,84 ; 878.410,49 ; 878.410,49 ; 878.410,49 ; 1.622.770,70 ; 10.803.433,71 
CE;GRANJA;2304707; 1.631.990,46 ; 1.795.189,50 ; 1.958.388,54 ; 2.121.587,59 ; 2.391.495,71 ; 2.537.041,70 ; 2.537.041,70 ; 2.706.177,81 ; 2.729.111,31 ; 2.738.799,20 ; 2.738.799,20 ; 2.738.799,20 ; 5.059.642,56 ; 33.684.064,48 
CE;GRANJEIRO;2304806; 168.649,85 ; 185.514,83 ; 202.379,81 ; 219.244,80 ; 247.137,10 ; 262.177,81 ; 262.177,81 ; 279.656,34 ; 280.287,99 ; 282.794,15 ; 282.794,15 ; 282.794,15 ; 522.432,35 ; 3.478.041,13 
CE;GROAIRAS;2304905; 283.228,88 ; 311.551,77 ; 339.874,66 ; 368.197,55 ; 415.039,59 ; 440.298,83 ; 440.298,83 ; 469.652,09 ; 477.528,13 ; 475.836,31 ; 475.836,31 ; 475.836,31 ; 879.057,39 ; 5.852.236,66 
CE;GUAIUBA;2304954; 728.444,98 ; 801.289,49 ; 874.133,98 ; 946.978,48 ; 1.067.452,98 ; 1.132.417,96 ; 1.132.417,96 ; 1.207.912,50 ; 1.238.325,76 ; 1.225.180,94 ; 1.225.180,94 ; 1.225.180,94 ; 2.263.392,53 ; 15.068.309,45 
CE;GUARACIABA DO NORTE;2305001; 1.359.482,67 ; 1.495.430,93 ; 1.631.379,20 ; 1.767.327,46 ; 1.992.166,66 ; 2.113.409,55 ; 2.113.409,55 ; 2.254.303,52 ; 2.312.576,30 ; 2.286.734,35 ; 2.286.734,35 ; 2.286.734,35 ; 4.224.500,45 ; 28.124.189,33 
CE;GUARAMIRANGA;2305100; 208.800,48 ; 229.680,52 ; 250.560,57 ; 271.440,62 ; 305.973,26 ; 324.594,74 ; 324.594,74 ; 346.234,39 ; 349.168,91 ; 350.408,09 ; 350.408,09 ; 350.408,09 ; 647.341,97 ; 4.309.614,46 
CE;HIDROLANDIA;2305209; 420.407,46 ; 462.448,21 ; 504.488,96 ; 546.529,70 ; 616.059,15 ; 653.552,39 ; 653.552,39 ; 697.122,55 ; 701.735,96 ; 705.352,25 ; 705.352,25 ; 705.352,25 ; 1.303.063,87 ; 8.675.017,42 
CE;HORIZONTE;2305233; 1.925.611,06 ; 2.118.172,16 ; 2.310.733,27 ; 2.503.294,37 ; 2.821.763,19 ; 2.993.495,17 ; 2.993.495,17 ; 3.193.061,52 ; 3.277.182,69 ; 3.239.209,79 ; 3.239.209,79 ; 3.239.209,79 ; 5.984.098,33 ; 39.838.536,30 
CE;IBARETAMA;2305266; 359.553,24 ; 395.508,57 ; 431.463,89 ; 467.419,21 ; 526.884,22 ; 558.950,31 ; 558.950,31 ; 596.213,66 ; 597.560,32 ; 602.903,32 ; 602.903,32 ; 602.903,32 ; 1.113.800,27 ; 7.415.013,97 
CE;IBIAPINA;2305308; 686.046,66 ; 754.651,33 ; 823.256,00 ; 891.860,67 ; 1.005.323,08 ; 1.066.506,85 ; 1.066.506,85 ; 1.137.607,31 ; 1.162.717,00 ; 1.153.396,48 ; 1.153.396,48 ; 1.153.396,48 ; 2.130.778,30 ; 14.185.443,48 
CE;IBICUITINGA;2305332; 449.755,07 ; 494.730,58 ; 539.706,08 ; 584.681,59 ; 659.064,72 ; 699.175,27 ; 699.175,27 ; 745.786,96 ; 747.471,45 ; 754.154,86 ; 754.154,86 ; 754.154,86 ; 1.393.221,54 ; 9.275.233,13 
CE;ICAPUI;2305357; 533.153,36 ; 586.468,70 ; 639.784,03 ; 693.099,37 ; 781.275,39 ; 828.823,67 ; 828.823,67 ; 884.078,58 ; 903.183,97 ; 896.294,15 ; 896.294,15 ; 896.294,15 ; 1.655.808,88 ; 11.023.382,07 
CE;ICO;2305407; 1.670.106,05 ; 1.837.116,66 ; 2.004.127,26 ; 2.171.137,87 ; 2.447.349,78 ; 2.596.295,03 ; 2.596.295,03 ; 2.769.381,36 ; 2.810.067,09 ; 2.805.075,14 ; 2.805.075,14 ; 2.805.075,14 ; 5.182.080,36 ; 34.499.181,89 
CE;IGUATU;2305506; 1.982.042,37 ; 2.180.246,61 ; 2.378.450,84 ; 2.576.655,08 ; 2.904.456,84 ; 3.081.221,54 ; 3.081.221,54 ; 3.286.636,31 ; 3.294.059,77 ; 3.323.513,16 ; 3.323.513,16 ; 3.323.513,16 ; 6.139.839,91 ; 40.875.370,29 
CE;INDEPENDENCIA;2305605; 587.570,17 ; 646.327,19 ; 705.084,21 ; 763.841,23 ; 861.017,02 ; 913.418,35 ; 913.418,35 ; 974.312,91 ; 988.784,53 ; 986.891,72 ; 986.891,72 ; 986.891,72 ; 1.823.178,33 ; 12.137.627,46 
CE;IPAPORANGA;2305654; 413.889,92 ; 455.278,90 ; 496.667,89 ; 538.056,89 ; 606.508,42 ; 643.420,41 ; 643.420,41 ; 686.315,10 ; 694.391,03 ; 694.891,49 ; 694.891,49 ; 694.891,49 ; 1.283.738,72 ; 8.546.362,17 
CE;IPAUMIRIM;2305704; 277.752,26 ; 305.527,49 ; 333.302,72 ; 361.077,95 ; 407.014,24 ; 431.785,05 ; 431.785,05 ; 460.570,72 ; 474.621,89 ; 467.484,52 ; 467.484,52 ; 467.484,52 ; 863.628,33 ; 5.749.519,27 
CE;IPU;2305803; 1.152.218,03 ; 1.267.439,83 ; 1.382.661,64 ; 1.497.883,44 ; 1.688.444,00 ; 1.791.202,39 ; 1.791.202,39 ; 1.910.615,88 ; 1.958.743,88 ; 1.937.933,18 ; 1.937.933,18 ; 1.937.933,18 ; 3.580.127,08 ; 23.834.338,07 
CE;IPUEIRAS;2305902; 1.148.894,74 ; 1.263.784,22 ; 1.378.673,69 ; 1.493.563,17 ; 1.683.574,10 ; 1.786.036,11 ; 1.786.036,11 ; 1.905.105,18 ; 1.944.853,24 ; 1.931.237,71 ; 1.931.237,71 ; 1.931.237,71 ; 3.567.757,92 ; 23.751.991,64 
CE;IRACEMA;2306009; 346.192,44 ; 380.811,68 ; 415.430,92 ; 450.050,17 ; 507.305,49 ; 538.180,01 ; 538.180,01 ; 574.058,68 ; 597.078,41 ; 583.415,04 ; 583.415,04 ; 583.415,04 ; 1.077.797,74 ; 7.175.330,69 
CE;IRAUCUBA;2306108; 885.910,35 ; 974.501,38 ; 1.063.092,42 ; 1.151.683,45 ; 1.298.200,49 ; 1.377.208,73 ; 1.377.208,73 ; 1.469.022,64 ; 1.538.072,98 ; 1.494.326,84 ; 1.494.326,84 ; 1.494.326,84 ; 2.760.611,17 ; 18.378.492,87 
CE;ITAICABA;2306207; 189.882,94 ; 208.871,23 ; 227.859,52 ; 246.847,81 ; 278.251,76 ; 295.186,11 ; 295.186,11 ; 314.865,19 ; 318.379,92 ; 318.774,29 ; 318.774,29 ; 318.774,29 ; 588.901,88 ; 3.920.555,35 
CE;ITAITINGA;2306256; 1.746.630,56 ; 1.921.293,62 ; 2.095.956,67 ; 2.270.619,73 ; 2.559.487,71 ; 2.715.257,66 ; 2.715.257,66 ; 2.896.274,83 ; 2.946.735,29 ; 2.934.665,71 ; 2.934.665,71 ; 2.934.665,71 ; 5.421.485,27 ; 36.092.996,12 
CE;ITAPAJE;2306306; 1.252.264,34 ; 1.377.490,78 ; 1.502.717,22 ; 1.627.943,65 ; 1.835.050,46 ; 1.946.731,29 ; 1.946.731,29 ; 2.076.513,37 ; 2.196.338,84 ; 2.115.263,74 ; 2.115.263,74 ; 2.115.263,74 ; 3.907.726,59 ; 26.015.299,07 
CE;ITAPIPOCA;2306405; 4.784.140,94 ; 5.262.555,04 ; 5.740.969,13 ; 6.219.383,23 ; 7.010.612,44 ; 7.437.277,01 ; 7.437.277,01 ; 7.933.095,47 ; 8.181.761,64 ; 8.053.073,54 ; 8.053.073,54 ; 8.053.073,54 ; 14.877.203,72 ; 99.043.496,24 
CE;ITAPIUNA;2306504; 391.864,11 ; 431.050,52 ; 470.236,93 ; 509.423,34 ; 574.232,11 ; 609.179,78 ; 609.179,78 ; 649.791,77 ; 651.259,44 ; 657.082,58 ; 657.082,58 ; 657.082,58 ; 1.213.890,75 ; 8.081.356,29 
CE;ITAREMA;2306553; 1.033.637,86 ; 1.137.001,64 ; 1.240.365,43 ; 1.343.729,22 ; 1.514.678,29 ; 1.606.861,33 ; 1.606.861,33 ; 1.713.985,42 ; 1.720.015,46 ; 1.733.506,45 ; 1.733.506,45 ; 1.733.506,45 ; 3.202.470,26 ; 21.320.125,58 
CE;ITATIRA;2306603; 956.390,78 ; 1.052.029,85 ; 1.147.668,93 ; 1.243.308,01 ; 1.401.481,50 ; 1.486.775,41 ; 1.486.775,41 ; 1.585.893,77 ; 1.590.267,54 ; 1.603.794,13 ; 1.603.794,13 ; 1.603.794,13 ; 2.962.840,45 ; 19.724.814,06 
CE;JAGUARETAMA;2306702; 468.174,47 ; 514.991,91 ; 561.809,36 ; 608.626,81 ; 686.056,24 ; 727.809,49 ; 727.809,49 ; 776.330,13 ; 783.501,71 ; 785.767,86 ; 785.767,86 ; 785.767,86 ; 1.451.623,21 ; 9.664.036,41 
CE;JAGUARIBARA;2306801; 393.506,53 ; 432.857,18 ; 472.207,84 ; 511.558,49 ; 576.638,90 ; 611.733,04 ; 611.733,04 ; 652.515,24 ; 661.252,64 ; 660.811,40 ; 660.811,40 ; 660.811,40 ; 1.220.779,35 ; 8.127.216,46 
CE;JAGUARIBE;2306900; 1.015.967,02 ; 1.117.563,73 ; 1.219.160,43 ; 1.320.757,14 ; 1.488.783,71 ; 1.579.390,80 ; 1.579.390,80 ; 1.684.683,52 ; 1.729.789,39 ; 1.709.128,72 ; 1.709.128,72 ; 1.709.128,72 ; 3.157.434,98 ; 21.020.307,68 
CE;JAGUARUANA;2307007; 859.018,24 ; 944.920,06 ; 1.030.821,89 ; 1.116.723,71 ; 1.258.793,17 ; 1.335.403,09 ; 1.335.403,09 ; 1.424.429,96 ; 1.478.847,27 ; 1.447.283,55 ; 1.447.283,55 ; 1.447.283,55 ; 2.673.703,66 ; 17.799.914,79 
CE;JARDIM;2307106; 705.863,11 ; 776.449,42 ; 847.035,73 ; 917.622,04 ; 1.034.361,81 ; 1.097.312,87 ; 1.097.312,87 ; 1.170.467,07 ; 1.182.751,74 ; 1.184.893,82 ; 1.184.893,82 ; 1.184.893,82 ; 2.188.966,33 ; 14.572.824,46 
CE;JATI;2307205; 202.499,05 ; 222.748,95 ; 242.998,86 ; 263.248,76 ; 296.739,24 ; 314.798,73 ; 314.798,73 ; 335.785,31 ; 336.699,98 ; 339.573,87 ; 339.573,87 ; 339.573,87 ; 627.326,90 ; 4.176.366,11 
CE;JIJOCA DE JERICOACOARA;2307254; 840.569,34 ; 924.626,28 ; 1.008.683,21 ; 1.092.740,15 ; 1.231.758,42 ; 1.306.723,01 ; 1.306.723,01 ; 1.393.837,88 ; 1.403.699,53 ; 1.410.378,02 ; 1.410.378,02 ; 1.410.378,02 ; 2.605.524,60 ; 17.346.019,48 
CE;JUAZEIRO DO NORTE;2307304; 4.515.437,53 ; 4.966.981,27 ; 5.418.525,03 ; 5.870.068,78 ; 6.608.611,33 ; 7.017.445,31 ; 7.017.445,31 ; 7.485.275,00 ; 7.684.506,36 ; 7.593.729,90 ; 7.593.729,90 ; 7.593.729,90 ; 14.028.614,81 ; 93.394.100,41 
CE;JUCAS;2307403; 678.918,71 ; 746.810,59 ; 814.702,46 ; 882.594,33 ; 994.877,89 ; 1.055.425,97 ; 1.055.425,97 ; 1.125.787,70 ; 1.139.930,14 ; 1.139.976,00 ; 1.139.976,00 ; 1.139.976,00 ; 2.105.985,39 ; 14.020.387,16 
CE;LAVRAS DA MANGABEIRA;2307502; 575.971,34 ; 633.568,47 ; 691.165,60 ; 748.762,73 ; 844.020,24 ; 895.387,16 ; 895.387,16 ; 955.079,63 ; 959.969,50 ; 966.162,58 ; 966.162,58 ; 966.162,58 ; 1.784.883,43 ; 11.882.683,00 
CE;LIMOEIRO DO NORTE;2307601; 1.180.458,58 ; 1.298.504,45 ; 1.416.550,30 ; 1.534.596,16 ; 1.729.827,32 ; 1.835.104,28 ; 1.835.104,28 ; 1.957.444,56 ; 1.994.314,19 ; 1.983.762,20 ; 1.983.762,20 ; 1.983.762,20 ; 3.664.791,36 ; 24.397.982,09 
CE;MADALENA;2307635; 702.872,61 ; 773.159,87 ; 843.447,14 ; 913.734,40 ; 1.029.979,58 ; 1.092.663,95 ; 1.092.663,95 ; 1.165.508,21 ; 1.170.349,35 ; 1.178.881,89 ; 1.178.881,89 ; 1.178.881,89 ; 2.177.859,92 ; 14.498.884,65 
CE;MARACANAU;2307650; 6.004.150,39 ; 6.604.565,44 ; 7.204.980,48 ; 7.805.395,52 ; 8.756.094,12 ; 9.323.023,52 ; 9.323.023,52 ; 9.944.558,43 ; 10.003.420,16 ; 10.061.023,72 ; 10.061.023,72 ; 10.061.023,72 ; 18.586.679,83 ; 123.738.962,57 
CE;MARANGUAPE;2307700; 2.316.813,32 ; 2.548.494,65 ; 2.780.175,99 ; 3.011.857,32 ; 3.395.025,46 ; 3.601.646,07 ; 3.601.646,07 ; 3.841.755,81 ; 3.964.167,15 ; 3.900.124,57 ; 3.900.124,57 ; 3.900.124,57 ; 7.205.068,66 ; 47.967.024,23 
CE;MARCO;2307809; 858.394,72 ; 944.234,20 ; 1.030.073,67 ; 1.115.913,14 ; 1.257.879,49 ; 1.334.433,79 ; 1.334.433,79 ; 1.423.396,05 ; 1.449.971,34 ; 1.442.501,89 ; 1.442.501,89 ; 1.442.501,89 ; 2.664.870,05 ; 17.741.105,92 
CE;MARTINOPOLE;2307908; 329.388,29 ; 362.327,12 ; 395.265,95 ; 428.204,78 ; 482.680,93 ; 512.056,81 ; 512.056,81 ; 546.193,93 ; 548.256,42 ; 552.433,59 ; 552.433,59 ; 552.433,59 ; 1.020.562,76 ; 6.794.294,57 
CE;MASSAPE;2308005; 1.195.090,20 ; 1.314.599,22 ; 1.434.108,24 ; 1.553.617,26 ; 1.751.268,27 ; 1.857.850,13 ; 1.857.850,13 ; 1.981.706,81 ; 1.996.779,16 ; 2.005.364,08 ; 2.005.364,08 ; 2.005.364,08 ; 3.704.698,56 ; 24.663.660,23 
CE;MAURITI;2308104; 1.206.163,34 ; 1.326.779,67 ; 1.447.396,00 ; 1.568.012,34 ; 1.767.494,68 ; 1.875.064,08 ; 1.875.064,08 ; 2.000.068,35 ; 2.020.017,13 ; 2.024.580,50 ; 2.024.580,50 ; 2.024.580,50 ; 3.740.198,88 ; 24.900.000,07 
CE;MERUOCA;2308203; 438.926,60 ; 482.819,26 ; 526.711,91 ; 570.604,57 ; 643.196,82 ; 682.341,66 ; 682.341,66 ; 727.831,10 ; 741.432,72 ; 737.602,29 ; 737.602,29 ; 737.602,29 ; 1.362.642,41 ; 9.071.655,58 
CE;MILAGRES;2308302; 619.808,04 ; 681.788,84 ; 743.769,65 ; 805.750,45 ; 908.257,94 ; 963.534,34 ; 963.534,34 ; 1.027.769,96 ; 1.037.107,45 ; 1.040.243,36 ; 1.040.243,36 ; 1.040.243,36 ; 1.921.739,86 ; 12.793.790,96 
CE;MILHA;2308351; 347.494,32 ; 382.243,75 ; 416.993,18 ; 451.742,61 ; 509.213,25 ; 540.203,88 ; 540.203,88 ; 576.217,47 ; 588.285,66 ; 584.127,68 ; 584.127,68 ; 584.127,68 ; 1.079.114,26 ; 7.184.095,28 
CE;MIRAIMA;2308377; 395.193,99 ; 434.713,39 ; 474.232,79 ; 513.752,19 ; 579.111,67 ; 614.356,31 ; 614.356,31 ; 655.313,39 ; 660.522,42 ; 663.166,59 ; 663.166,59 ; 663.166,59 ; 1.225.130,31 ; 8.156.182,53 
CE;MISSAO VELHA;2308401; 930.967,51 ; 1.024.064,27 ; 1.117.161,02 ; 1.210.257,77 ; 1.364.226,63 ; 1.447.253,20 ; 1.447.253,20 ; 1.543.736,75 ; 1.569.243,11 ; 1.564.012,91 ; 1.564.012,91 ; 1.564.012,91 ; 2.889.348,85 ; 19.235.551,05 
CE;MOMBACA;2308500; 1.079.912,51 ; 1.187.903,76 ; 1.295.895,01 ; 1.403.886,26 ; 1.582.488,50 ; 1.678.798,46 ; 1.678.798,46 ; 1.790.718,36 ; 1.802.069,96 ; 1.811.791,25 ; 1.811.791,25 ; 1.811.791,25 ; 3.347.093,18 ; 22.282.938,19 
CE;MONSENHOR TABOSA;2308609; 547.359,59 ; 602.095,55 ; 656.831,51 ; 711.567,47 ; 802.093,00 ; 850.908,23 ; 850.908,23 ; 907.635,45 ; 911.543,50 ; 918.068,68 ; 918.068,68 ; 918.068,68 ; 1.696.035,03 ; 11.291.183,63 
CE;MORADA NOVA;2308708; 1.149.611,73 ; 1.264.572,90 ; 1.379.534,08 ; 1.494.495,25 ; 1.684.624,76 ; 1.787.150,71 ; 1.787.150,71 ; 1.906.294,09 ; 1.944.766,64 ; 1.932.268,43 ; 1.932.268,43 ; 1.932.268,43 ; 3.569.662,05 ; 23.764.668,20 
CE;MORAUJO;2308807; 322.497,63 ; 354.747,39 ; 386.997,15 ; 419.246,92 ; 472.583,46 ; 501.344,80 ; 501.344,80 ; 534.767,79 ; 536.366,28 ; 540.820,43 ; 540.820,43 ; 540.820,43 ; 999.108,69 ; 6.651.466,21 
CE;MORRINHOS;2308906; 551.701,18 ; 606.871,30 ; 662.041,41 ; 717.211,53 ; 808.455,10 ; 857.657,53 ; 857.657,53 ; 914.834,69 ; 919.676,22 ; 925.471,80 ; 925.471,80 ; 925.471,80 ; 1.709.711,50 ; 11.382.233,38 
CE;MUCAMBO;2309003; 404.137,84 ; 444.551,63 ; 484.965,41 ; 525.379,20 ; 592.217,88 ; 628.260,15 ; 628.260,15 ; 670.144,16 ; 677.828,05 ; 678.491,39 ; 678.491,39 ; 678.491,39 ; 1.253.441,27 ; 8.344.659,90 
CE;MULUNGU;2309102; 394.363,37 ; 433.799,70 ; 473.236,04 ; 512.672,37 ; 577.894,50 ; 613.065,05 ; 613.065,05 ; 653.936,05 ; 659.331,48 ; 661.799,23 ; 661.799,23 ; 661.799,23 ; 1.222.604,25 ; 8.139.365,52 
CE;NOVA OLINDA;2309201; 439.625,33 ; 483.587,86 ; 527.550,39 ; 571.512,93 ; 644.220,74 ; 683.427,89 ; 683.427,89 ; 728.989,75 ; 730.636,29 ; 737.169,18 ; 737.169,18 ; 737.169,18 ; 1.361.842,29 ; 9.066.328,90 
CE;NOVA RUSSAS;2309300; 921.121,92 ; 1.013.234,11 ; 1.105.346,30 ; 1.197.458,49 ; 1.349.799,02 ; 1.431.947,54 ; 1.431.947,54 ; 1.527.410,71 ; 1.557.518,63 ; 1.548.126,18 ; 1.548.126,18 ; 1.548.126,18 ; 2.859.999,78 ; 19.040.162,58 
CE;NOVO ORIENTE;2309409; 894.483,07 ; 983.931,37 ; 1.073.379,68 ; 1.162.827,98 ; 1.310.762,82 ; 1.390.535,61 ; 1.390.535,61 ; 1.483.237,98 ; 1.499.805,58 ; 1.501.654,07 ; 1.501.654,07 ; 1.501.654,07 ; 2.774.147,46 ; 18.468.609,37 
CE;OCARA;2309458; 657.714,05 ; 723.485,45 ; 789.256,86 ; 855.028,26 ; 963.804,85 ; 1.022.461,84 ; 1.022.461,84 ; 1.090.625,96 ; 1.093.089,34 ; 1.102.863,05 ; 1.102.863,05 ; 1.102.863,05 ; 2.037.423,12 ; 13.563.940,72 
CE;OROS;2309508; 508.325,97 ; 559.158,57 ; 609.991,17 ; 660.823,77 ; 744.893,69 ; 790.227,78 ; 790.227,78 ; 842.909,63 ; 852.689,09 ; 853.424,20 ; 853.424,20 ; 853.424,20 ; 1.576.611,17 ; 10.496.131,25 
CE;PACAJUS;2309607; 1.612.486,79 ; 1.773.735,46 ; 1.934.984,14 ; 2.096.232,82 ; 2.362.915,31 ; 2.506.721,90 ; 2.506.721,90 ; 2.673.836,70 ; 2.730.787,97 ; 2.710.670,27 ; 2.710.670,27 ; 2.710.670,27 ; 5.007.677,33 ; 33.338.111,14 
CE;PACATUBA;2309706; 1.687.541,97 ; 1.856.296,17 ; 2.025.050,36 ; 2.193.804,56 ; 2.472.900,12 ; 2.623.400,36 ; 2.623.400,36 ; 2.798.293,72 ; 2.924.514,83 ; 2.845.782,16 ; 2.845.782,16 ; 2.845.782,16 ; 5.257.282,30 ; 34.999.831,23 
CE;PACOTI;2309805; 345.631,76 ; 380.194,94 ; 414.758,12 ; 449.321,30 ; 506.483,91 ; 537.308,42 ; 537.308,42 ; 573.128,98 ; 574.423,49 ; 579.559,62 ; 579.559,62 ; 579.559,62 ; 1.070.675,25 ; 7.127.913,44 
CE;PACUJA;2309904; 204.596,78 ; 225.056,45 ; 245.516,13 ; 265.975,81 ; 299.813,22 ; 318.059,80 ; 318.059,80 ; 339.263,78 ; 343.900,56 ; 343.589,83 ; 343.589,83 ; 343.589,83 ; 634.745,97 ; 4.225.757,80 
CE;PALHANO;2310001; 218.950,77 ; 240.845,85 ; 262.740,93 ; 284.636,01 ; 320.847,37 ; 340.374,08 ; 340.374,08 ; 363.065,68 ; 366.062,08 ; 367.431,44 ; 367.431,44 ; 367.431,44 ; 678.790,81 ; 4.518.981,97 
CE;PALMACIA;2310100; 261.246,30 ; 287.370,93 ; 313.495,56 ; 339.620,19 ; 382.826,63 ; 406.125,39 ; 406.125,39 ; 433.200,41 ; 434.178,88 ; 438.061,03 ; 438.061,03 ; 438.061,03 ; 809.271,53 ; 5.387.644,29 
CE;PARACURU;2310209; 1.131.431,71 ; 1.244.574,88 ; 1.357.718,05 ; 1.470.861,22 ; 1.657.984,01 ; 1.758.888,61 ; 1.758.888,61 ; 1.876.147,85 ; 1.942.058,45 ; 1.905.475,32 ; 1.905.475,32 ; 1.905.475,32 ; 3.520.164,61 ; 23.435.143,94 
CE;PARAIPABA;2310258; 1.131.173,36 ; 1.244.290,70 ; 1.357.408,04 ; 1.470.525,38 ; 1.657.605,45 ; 1.758.487,00 ; 1.758.487,00 ; 1.875.719,47 ; 1.934.844,92 ; 1.904.131,68 ; 1.904.131,68 ; 1.904.131,68 ; 3.517.682,39 ; 23.418.618,78 
CE;PARAMBU;2310308; 747.105,14 ; 821.815,65 ; 896.526,16 ; 971.236,68 ; 1.094.797,29 ; 1.161.426,46 ; 1.161.426,46 ; 1.238.854,89 ; 1.256.967,47 ; 1.254.810,36 ; 1.254.810,36 ; 1.254.810,36 ; 2.318.129,75 ; 15.432.717,02 
CE;PARAMOTI;2310407; 333.073,95 ; 366.381,35 ; 399.688,74 ; 432.996,14 ; 488.081,86 ; 517.786,43 ; 517.786,43 ; 552.305,52 ; 560.684,08 ; 559.459,53 ; 559.459,53 ; 559.459,53 ; 1.033.542,45 ; 6.880.705,52 
CE;PEDRA BRANCA;2310506; 1.063.344,98 ; 1.169.679,48 ; 1.276.013,98 ; 1.382.348,48 ; 1.558.210,69 ; 1.653.043,10 ; 1.653.043,10 ; 1.763.245,98 ; 1.767.640,44 ; 1.783.085,29 ; 1.783.085,29 ; 1.783.085,29 ; 3.294.061,95 ; 21.929.888,06 
CE;PENAFORTE;2310605; 233.789,26 ; 257.168,18 ; 280.547,11 ; 303.926,04 ; 342.591,47 ; 363.441,52 ; 363.441,52 ; 387.670,96 ; 388.954,33 ; 392.075,44 ; 392.075,44 ; 392.075,44 ; 724.318,01 ; 4.822.074,73 
CE;PENTECOSTE;2310704; 939.140,19 ; 1.033.054,21 ; 1.126.968,23 ; 1.220.882,25 ; 1.376.202,75 ; 1.459.958,19 ; 1.459.958,19 ; 1.557.288,74 ; 1.609.284,13 ; 1.581.267,74 ; 1.581.267,74 ; 1.581.267,74 ; 2.921.225,31 ; 19.447.765,41 
CE;PEREIRO;2310803; 611.018,79 ; 672.120,67 ; 733.222,55 ; 794.324,43 ; 895.378,28 ; 949.870,84 ; 949.870,84 ; 1.013.195,57 ; 1.031.122,44 ; 1.026.662,57 ; 1.026.662,57 ; 1.026.662,57 ; 1.896.650,77 ; 12.626.762,89 
CE;PINDORETAMA;2310852; 767.575,77 ; 844.333,34 ; 921.090,92 ; 997.848,50 ; 1.124.794,66 ; 1.193.249,46 ; 1.193.249,46 ; 1.272.799,42 ; 1.298.036,54 ; 1.290.081,60 ; 1.290.081,60 ; 1.290.081,60 ; 2.383.289,65 ; 15.866.512,52 
CE;PIQUET CARNEIRO;2310902; 417.393,35 ; 459.132,68 ; 500.872,02 ; 542.611,35 ; 611.642,30 ; 648.866,74 ; 648.866,74 ; 692.124,52 ; 709.147,13 ; 701.965,00 ; 701.965,00 ; 701.965,00 ; 1.296.806,27 ; 8.633.358,11 
CE;PIRES FERREIRA;2310951; 283.915,75 ; 312.307,33 ; 340.698,91 ; 369.090,48 ; 416.046,13 ; 441.366,62 ; 441.366,62 ; 470.791,06 ; 473.465,80 ; 476.289,70 ; 476.289,70 ; 476.289,70 ; 879.894,97 ; 5.857.812,76 
CE;PORANGA;2311009; 478.677,09 ; 526.544,80 ; 574.412,51 ; 622.280,22 ; 701.446,64 ; 744.136,55 ; 744.136,55 ; 793.745,65 ; 804.465,22 ; 803.849,65 ; 803.849,65 ; 803.849,65 ; 1.485.027,43 ; 9.886.421,61 
CE;PORTEIRAS;2311108; 632.259,23 ; 695.485,15 ; 758.711,08 ; 821.937,00 ; 926.503,73 ; 982.890,58 ; 982.890,58 ; 1.048.416,61 ; 1.050.784,65 ; 1.060.180,10 ; 1.060.180,10 ; 1.060.180,10 ; 1.958.570,88 ; 13.038.989,78 
CE;POTENGI;2311207; 288.594,48 ; 317.453,93 ; 346.313,38 ; 375.172,83 ; 422.902,28 ; 448.640,02 ; 448.640,02 ; 478.549,36 ; 483.296,88 ; 484.410,86 ; 484.410,86 ; 484.410,86 ; 894.897,97 ; 5.957.693,73 
CE;POTIRETAMA;2311231; 258.343,50 ; 284.177,84 ; 310.012,19 ; 335.846,54 ; 378.572,90 ; 401.612,78 ; 401.612,78 ; 428.386,96 ; 444.047,29 ; 435.165,36 ; 435.165,36 ; 435.165,36 ; 803.922,10 ; 5.352.030,98 
CE;QUITERIANOPOLIS;2311264; 784.737,67 ; 863.211,44 ; 941.685,21 ; 1.020.158,98 ; 1.149.943,48 ; 1.219.928,83 ; 1.219.928,83 ; 1.301.257,42 ; 1.307.886,61 ; 1.316.353,05 ; 1.316.353,05 ; 1.316.353,05 ; 2.431.823,38 ; 16.189.621,02 
CE;QUIXADA;2311306; 1.889.646,02 ; 2.078.610,62 ; 2.267.575,22 ; 2.456.539,82 ; 2.769.060,54 ; 2.937.585,04 ; 2.937.585,04 ; 3.133.424,05 ; 3.140.501,44 ; 3.168.581,81 ; 3.168.581,81 ; 3.168.581,81 ; 5.853.620,59 ; 38.969.893,82 
CE;QUIXELO;2311355; 506.705,74 ; 557.376,31 ; 608.046,88 ; 658.717,46 ; 742.519,41 ; 787.709,01 ; 787.709,01 ; 840.222,94 ; 842.120,74 ; 849.650,44 ; 849.650,44 ; 849.650,44 ; 1.569.639,55 ; 10.449.718,36 
CE;QUIXERAMOBIM;2311405; 2.253.812,24 ; 2.479.193,46 ; 2.704.574,68 ; 2.929.955,90 ; 3.302.704,55 ; 3.503.706,54 ; 3.503.706,54 ; 3.737.286,97 ; 3.745.728,30 ; 3.779.220,22 ; 3.779.220,22 ; 3.779.220,22 ; 6.981.710,64 ; 46.480.040,49 
CE;QUIXERE;2311504; 457.992,85 ; 503.792,13 ; 549.591,42 ; 595.390,70 ; 671.136,24 ; 711.981,47 ; 711.981,47 ; 759.446,90 ; 763.410,95 ; 768.269,85 ; 768.269,85 ; 768.269,85 ; 1.419.297,49 ; 9.448.831,16 
CE;REDENCAO;2311603; 743.141,85 ; 817.456,03 ; 891.770,22 ; 966.084,40 ; 1.088.989,55 ; 1.155.265,25 ; 1.155.265,25 ; 1.232.282,93 ; 1.235.066,25 ; 1.246.109,44 ; 1.246.109,44 ; 1.246.109,44 ; 2.302.055,72 ; 15.325.705,76 
CE;RERIUTABA;2311702; 591.291,15 ; 650.420,26 ; 709.549,38 ; 768.678,49 ; 866.469,68 ; 919.202,87 ; 919.202,87 ; 980.483,06 ; 997.376,02 ; 993.454,18 ; 993.454,18 ; 993.454,18 ; 1.835.301,78 ; 12.218.338,10 
CE;RUSSAS;2311801; 1.941.684,27 ; 2.135.852,70 ; 2.330.021,13 ; 2.524.189,55 ; 2.845.316,66 ; 3.018.482,10 ; 3.018.482,10 ; 3.219.714,24 ; 3.278.282,58 ; 3.262.724,23 ; 3.262.724,23 ; 3.262.724,23 ; 6.027.538,79 ; 40.127.736,81 
CE;SABOEIRO;2311900; 398.846,96 ; 438.731,66 ; 478.616,35 ; 518.501,05 ; 584.464,69 ; 620.035,10 ; 620.035,10 ; 661.370,78 ; 672.250,92 ; 670.051,18 ; 670.051,18 ; 670.051,18 ; 1.237.848,86 ; 8.240.855,00 
CE;SALITRE;2311959; 671.606,01 ; 738.766,61 ; 805.927,21 ; 873.087,81 ; 984.161,94 ; 1.044.057,86 ; 1.044.057,86 ; 1.113.661,71 ; 1.148.750,11 ; 1.130.528,63 ; 1.130.528,63 ; 1.130.528,63 ; 2.088.532,36 ; 13.904.195,36 
CE;SANTA QUITERIA;2312205; 1.145.230,51 ; 1.259.753,57 ; 1.374.276,62 ; 1.488.799,67 ; 1.678.204,60 ; 1.780.339,81 ; 1.780.339,81 ; 1.899.029,13 ; 1.945.524,78 ; 1.926.000,87 ; 1.926.000,87 ; 1.926.000,87 ; 3.558.083,40 ; 23.687.584,49 
CE;SANTANA DO ACARAU;2312007; 645.048,73 ; 709.553,61 ; 774.058,48 ; 838.563,35 ; 945.245,28 ; 1.002.772,74 ; 1.002.772,74 ; 1.069.624,25 ; 1.072.752,92 ; 1.081.721,34 ; 1.081.721,34 ; 1.081.721,34 ; 1.998.366,05 ; 13.303.922,18 
CE;SANTANA DO CARIRI;2312106; 440.833,60 ; 484.916,96 ; 529.000,32 ; 573.083,68 ; 645.991,31 ; 685.306,23 ; 685.306,23 ; 730.993,31 ; 745.416,64 ; 740.909,29 ; 740.909,29 ; 740.909,29 ; 1.368.751,74 ; 9.112.327,88 
CE;SAO BENEDITO;2312304; 1.518.810,79 ; 1.670.691,87 ; 1.822.572,95 ; 1.974.454,03 ; 2.225.643,84 ; 2.361.096,11 ; 2.361.096,11 ; 2.518.502,52 ; 2.551.926,90 ; 2.550.482,94 ; 2.550.482,94 ; 2.550.482,94 ; 4.711.748,13 ; 31.367.992,08 
CE;SAO GONCALO DO AMARANTE;2312403; 1.998.264,63 ; 2.198.091,09 ; 2.397.917,55 ; 2.597.744,02 ; 2.928.228,72 ; 3.106.440,16 ; 3.106.440,16 ; 3.313.536,18 ; 3.415.896,20 ; 3.363.447,37 ; 3.363.447,37 ; 3.363.447,37 ; 6.213.614,16 ; 41.366.514,99 
CE;SAO JOAO DO JAGUARIBE;2312502; 137.426,48 ; 151.169,14 ; 164.911,78 ; 178.654,43 ; 201.382,84 ; 213.638,95 ; 213.638,95 ; 227.881,55 ; 228.801,26 ; 230.492,79 ; 230.492,79 ; 230.492,79 ; 425.811,10 ; 2.834.794,84 
CE;SAO LUIS DO CURU;2312601; 342.093,86 ; 376.303,25 ; 410.512,63 ; 444.722,02 ; 501.299,51 ; 531.808,50 ; 531.808,50 ; 567.262,40 ; 576.585,73 ; 574.706,48 ; 574.706,48 ; 574.706,48 ; 1.061.709,59 ; 7.068.225,43 
CE;SENADOR POMPEU;2312700; 425.522,33 ; 468.074,56 ; 510.626,80 ; 553.179,03 ; 623.554,40 ; 661.503,80 ; 661.503,80 ; 705.604,06 ; 725.909,32 ; 716.032,23 ; 716.032,23 ; 716.032,23 ; 1.322.794,00 ; 8.806.368,79 
CE;SENADOR SA;2312809; 302.571,84 ; 332.829,03 ; 363.086,21 ; 393.343,40 ; 443.384,50 ; 470.368,80 ; 470.368,80 ; 501.726,72 ; 502.998,04 ; 507.374,74 ; 507.374,74 ; 507.374,74 ; 937.321,31 ; 6.240.122,88 
CE;SOBRAL;2312908; 4.868.074,82 ; 5.354.882,30 ; 5.841.689,78 ; 6.328.497,27 ; 7.133.607,96 ; 7.567.758,01 ; 7.567.758,01 ; 8.072.275,21 ; 8.285.805,41 ; 8.189.057,39 ; 8.189.057,39 ; 8.189.057,39 ; 15.128.419,54 ; 100.715.940,47 
CE;SOLONOPOLE;2313005; 448.765,57 ; 493.642,13 ; 538.518,69 ; 583.395,24 ; 657.614,72 ; 697.637,03 ; 697.637,03 ; 744.146,16 ; 746.165,42 ; 752.541,08 ; 752.541,08 ; 752.541,08 ; 1.390.240,26 ; 9.255.385,50 
CE;TABULEIRO DO NORTE;2313104; 561.287,03 ; 617.415,73 ; 673.544,43 ; 729.673,14 ; 822.502,06 ; 872.559,39 ; 872.559,39 ; 930.730,02 ; 952.900,05 ; 943.866,17 ; 943.866,17 ; 943.866,17 ; 1.743.693,17 ; 11.608.462,92 
CE;TAMBORIL;2313203; 736.662,62 ; 810.328,88 ; 883.995,15 ; 957.661,41 ; 1.079.494,98 ; 1.145.192,84 ; 1.145.192,84 ; 1.221.539,03 ; 1.244.009,74 ; 1.237.890,34 ; 1.237.890,34 ; 1.237.890,34 ; 2.286.871,79 ; 15.224.620,29 
CE;TARRAFAS;2313252; 192.561,77 ; 211.817,94 ; 231.074,11 ; 250.330,29 ; 282.177,28 ; 299.350,54 ; 299.350,54 ; 319.307,24 ; 329.134,24 ; 324.111,96 ; 324.111,96 ; 324.111,96 ; 598.762,65 ; 3.986.202,44 
CE;TAUA;2313302; 1.670.526,63 ; 1.837.579,29 ; 2.004.631,96 ; 2.171.684,62 ; 2.447.966,09 ; 2.596.948,84 ; 2.596.948,84 ; 2.770.078,77 ; 2.832.127,90 ; 2.808.647,17 ; 2.808.647,17 ; 2.808.647,17 ; 5.188.679,32 ; 34.543.113,76 
CE;TEJUCUOCA;2313351; 736.881,78 ; 810.569,95 ; 884.258,13 ; 957.946,30 ; 1.079.816,12 ; 1.145.533,53 ; 1.145.533,53 ; 1.221.902,43 ; 1.230.936,11 ; 1.236.454,42 ; 1.236.454,42 ; 1.236.454,42 ; 2.284.219,09 ; 15.206.960,22 
CE;TIANGUA;2313401; 2.352.971,33 ; 2.588.268,46 ; 2.823.565,59 ; 3.058.862,72 ; 3.448.010,88 ; 3.657.856,18 ; 3.657.856,18 ; 3.901.713,26 ; 4.021.860,91 ; 3.960.432,80 ; 3.960.432,80 ; 3.960.432,80 ; 7.316.481,74 ; 48.708.745,66 
CE;TRAIRI;2313500; 1.696.724,88 ; 1.866.397,37 ; 2.036.069,86 ; 2.205.742,35 ; 2.486.356,64 ; 2.637.675,83 ; 2.637.675,83 ; 2.813.520,89 ; 2.849.210,45 ; 2.849.026,05 ; 2.849.026,05 ; 2.849.026,05 ; 5.263.275,03 ; 35.039.727,26 
CE;TURURU;2313559; 567.553,90 ; 624.309,29 ; 681.064,68 ; 737.820,07 ; 831.685,45 ; 882.301,67 ; 882.301,67 ; 941.121,78 ; 956.646,43 ; 953.479,56 ; 953.479,56 ; 953.479,56 ; 1.761.452,89 ; 11.726.696,52 
CE;UBAJARA;2313609; 1.087.026,00 ; 1.195.728,60 ; 1.304.431,20 ; 1.413.133,80 ; 1.592.912,53 ; 1.689.856,88 ; 1.689.856,88 ; 1.802.514,01 ; 1.841.719,24 ; 1.827.453,69 ; 1.827.453,69 ; 1.827.453,69 ; 3.376.027,89 ; 22.475.568,10 
CE;UMARI;2313708; 177.684,85 ; 195.453,34 ; 213.221,82 ; 230.990,31 ; 260.376,87 ; 276.223,35 ; 276.223,35 ; 294.638,24 ; 297.480,29 ; 298.236,25 ; 298.236,25 ; 298.236,25 ; 550.960,01 ; 3.667.961,20 
CE;UMIRIM;2313757; 598.474,20 ; 658.321,62 ; 718.169,04 ; 778.016,46 ; 876.995,63 ; 930.369,41 ; 930.369,41 ; 992.394,04 ; 1.020.339,92 ; 1.006.978,52 ; 1.006.978,52 ; 1.006.978,52 ; 1.860.286,57 ; 12.384.671,86 
CE;URUBURETAMA;2313807; 718.557,48 ; 790.413,23 ; 862.268,98 ; 934.124,73 ; 1.052.963,97 ; 1.117.047,16 ; 1.117.047,16 ; 1.191.516,97 ; 1.210.182,75 ; 1.207.029,89 ; 1.207.029,89 ; 1.207.029,89 ; 2.229.860,37 ; 14.845.072,45 
CE;URUOCA;2313906; 426.894,32 ; 469.583,76 ; 512.273,19 ; 554.962,62 ; 625.564,90 ; 663.636,66 ; 663.636,66 ; 707.879,11 ; 709.477,99 ; 715.821,68 ; 715.821,68 ; 715.821,68 ; 1.322.405,03 ; 8.803.779,29 
CE;VARJOTA;2313955; 630.298,55 ; 693.328,41 ; 756.358,27 ; 819.388,12 ; 923.630,59 ; 979.842,57 ; 979.842,57 ; 1.045.165,41 ; 1.051.807,77 ; 1.057.467,02 ; 1.057.467,02 ; 1.057.467,02 ; 1.953.558,76 ; 13.005.622,09 
CE;VARZEA ALEGRE;2314003; 984.448,97 ; 1.082.893,86 ; 1.181.338,76 ; 1.279.783,66 ; 1.442.597,59 ; 1.530.393,80 ; 1.530.393,80 ; 1.632.420,06 ; 1.729.529,34 ; 1.663.273,65 ; 1.663.273,65 ; 1.663.273,65 ; 3.072.722,58 ; 20.456.343,37 
CE;VICOSA DO CEARA;2314102; 2.204.348,88 ; 2.424.783,77 ; 2.645.218,66 ; 2.865.653,55 ; 3.230.221,66 ; 3.426.812,35 ; 3.426.812,35 ; 3.655.266,51 ; 3.699.621,22 ; 3.701.123,98 ; 3.701.123,98 ; 3.701.123,98 ; 6.837.436,06 ; 45.519.546,95 
CE;CEARÁ;23; 71.055.045,05 ; 78.160.549,55 ; 85.266.054,06 ; 92.371.558,56 ; 104.140.909,25 ; 110.464.542,86 ; 110.464.542,86 ; 117.828.845,71 ; 118.942.590,29 ; 119.264.664,08 ; 119.264.664,08 ; 119.264.664,08 ; 220.328.883,80 ; 1.466.817.514,22 
MA;ACAILANDIA;2100055; 3.181.074,59 ; 3.499.182,05 ; 3.817.289,51 ; 4.135.396,96 ; 4.264.067,34 ; 4.519.539,96 ; 4.519.539,96 ; 4.820.842,62 ; 4.833.713,01 ; 4.769.644,52 ; 4.769.644,52 ; 4.769.644,52 ; 8.811.415,03 ; 60.710.994,58 
MA;AFONSO CUNHA;2100105; 492.688,85 ; 541.957,74 ; 591.226,62 ; 640.495,51 ; 660.424,14 ; 699.992,06 ; 699.992,06 ; 746.658,19 ; 742.065,61 ; 737.892,92 ; 737.892,92 ; 737.892,92 ; 1.363.179,31 ; 9.392.358,82 
MA;AGUA DOCE DO MARANHAO;2100154; 555.950,90 ; 611.545,99 ; 667.141,08 ; 722.736,17 ; 745.223,68 ; 789.872,18 ; 789.872,18 ; 842.530,32 ; 825.228,96 ; 831.101,85 ; 831.101,85 ; 831.101,85 ; 1.535.372,99 ; 10.578.780,02 
MA;ALCANTARA;2100204; 639.669,39 ; 703.636,34 ; 767.603,28 ; 831.570,22 ; 857.444,03 ; 908.815,97 ; 908.815,97 ; 969.403,70 ; 952.634,99 ; 956.652,43 ; 956.652,43 ; 956.652,43 ; 1.767.314,43 ; 12.176.865,59 
MA;ALDEIAS ALTAS;2100303; 1.223.919,60 ; 1.346.311,57 ; 1.468.703,53 ; 1.591.095,49 ; 1.640.601,48 ; 1.738.894,65 ; 1.738.894,65 ; 1.854.820,95 ; 1.832.958,25 ; 1.831.720,13 ; 1.831.720,13 ; 1.831.720,13 ; 3.383.909,68 ; 23.315.270,24 
MA;ALTAMIRA DO MARANHAO;2100402; 285.333,33 ; 313.866,66 ; 342.400,00 ; 370.933,33 ; 382.474,70 ; 405.389,86 ; 405.389,86 ; 432.415,85 ; 429.981,15 ; 427.368,12 ; 427.368,12 ; 427.368,12 ; 789.517,52 ; 5.439.806,62 
MA;ALTO ALEGRE DO MARANHAO;2100436; 864.030,34 ; 950.433,37 ; 1.036.836,41 ; 1.123.239,44 ; 1.158.188,36 ; 1.227.578,77 ; 1.227.578,77 ; 1.309.417,36 ; 1.282.990,85 ; 1.291.714,49 ; 1.291.714,49 ; 1.291.714,49 ; 2.386.306,23 ; 16.441.743,37 
MA;ALTO ALEGRE DO PINDARE;2100477; 1.375.944,03 ; 1.513.538,42 ; 1.651.132,83 ; 1.788.727,23 ; 1.844.382,39 ; 1.954.884,68 ; 1.954.884,68 ; 2.085.210,33 ; 2.091.408,84 ; 2.063.145,20 ; 2.063.145,20 ; 2.063.145,20 ; 3.811.443,09 ; 26.260.992,13 
MA;ALTO PARNAIBA;2100501; 385.228,03 ; 423.750,84 ; 462.273,64 ; 500.796,44 ; 516.378,43 ; 547.316,15 ; 547.316,15 ; 583.803,89 ; 577.013,73 ; 576.544,48 ; 576.544,48 ; 576.544,48 ; 1.065.105,10 ; 7.338.615,84 
MA;AMAPA DO MARANHAO;2100550; 440.261,15 ; 484.287,27 ; 528.313,39 ; 572.339,51 ; 590.147,51 ; 625.504,95 ; 625.504,95 ; 667.205,28 ; 660.117,82 ; 658.994,16 ; 658.994,16 ; 658.994,16 ; 1.217.422,18 ; 8.388.086,49 
MA;AMARANTE DO MARANHAO;2100600; 1.385.133,51 ; 1.523.646,85 ; 1.662.160,20 ; 1.800.673,55 ; 1.856.700,42 ; 1.967.940,72 ; 1.967.940,72 ; 2.099.136,76 ; 2.056.424,30 ; 2.070.713,01 ; 2.070.713,01 ; 2.070.713,01 ; 3.825.423,81 ; 26.357.319,87 
MA;ANAJATUBA;2100709; 839.474,83 ; 923.422,32 ; 1.007.369,80 ; 1.091.317,28 ; 1.125.272,97 ; 1.192.691,32 ; 1.192.691,32 ; 1.272.204,07 ; 1.272.171,85 ; 1.258.258,03 ; 1.258.258,03 ; 1.258.258,03 ; 2.324.498,95 ; 16.015.888,78 
MA;ANAPURUS;2100808; 694.176,15 ; 763.593,77 ; 833.011,39 ; 902.429,00 ; 930.507,54 ; 986.256,93 ; 986.256,93 ; 1.052.007,39 ; 1.032.065,86 ; 1.037.948,29 ; 1.037.948,29 ; 1.037.948,29 ; 1.917.499,96 ; 13.211.649,80 
MA;APICUM-ACU;2100832; 769.847,92 ; 846.832,72 ; 923.817,51 ; 1.000.802,31 ; 1.031.941,68 ; 1.093.768,28 ; 1.093.768,28 ; 1.166.686,16 ; 1.160.714,38 ; 1.153.142,84 ; 1.153.142,84 ; 1.153.142,84 ; 2.130.309,73 ; 14.677.917,49 
MA;ARAGUANA;2100873; 657.621,57 ; 723.383,74 ; 789.145,89 ; 854.908,05 ; 881.508,00 ; 934.321,69 ; 934.321,69 ; 996.609,81 ; 982.727,25 ; 983.926,59 ; 983.926,59 ; 983.926,59 ; 1.817.700,56 ; 12.524.028,02 
MA;ARAIOSES;2100907; 1.460.361,75 ; 1.606.397,93 ; 1.752.434,10 ; 1.898.470,28 ; 1.957.540,04 ; 2.074.821,92 ; 2.074.821,92 ; 2.213.143,38 ; 2.187.422,23 ; 2.185.626,16 ; 2.185.626,16 ; 2.185.626,16 ; 4.037.713,74 ; 27.820.005,77 
MA;ARAME;2100956; 837.112,91 ; 920.824,20 ; 1.004.535,49 ; 1.088.246,78 ; 1.122.106,93 ; 1.189.335,59 ; 1.189.335,59 ; 1.268.624,63 ; 1.242.573,43 ; 1.251.416,42 ; 1.251.416,42 ; 1.251.416,42 ; 2.311.859,81 ; 15.928.804,64 
MA;ARARI;2101004; 963.573,42 ; 1.059.930,77 ; 1.156.288,11 ; 1.252.645,45 ; 1.291.620,76 ; 1.369.005,49 ; 1.369.005,49 ; 1.460.272,53 ; 1.431.858,27 ; 1.440.664,23 ; 1.440.664,23 ; 1.440.664,23 ; 2.661.475,17 ; 18.337.668,17 
MA;AXIXA;2101103; 512.393,23 ; 563.632,56 ; 614.871,88 ; 666.111,20 ; 686.836,85 ; 727.987,23 ; 727.987,23 ; 776.519,72 ; 768.018,77 ; 766.931,28 ; 766.931,28 ; 766.931,28 ; 1.416.824,62 ; 9.761.977,14 
MA;BACABAL;2101202; 3.355.970,83 ; 3.691.567,91 ; 4.027.164,99 ; 4.362.762,08 ; 4.498.506,79 ; 4.768.025,34 ; 4.768.025,34 ; 5.085.893,70 ; 5.132.248,86 ; 5.036.039,60 ; 5.036.039,60 ; 5.036.039,60 ; 9.303.551,84 ; 64.101.836,47 
MA;BACABEIRA;2101251; 732.926,37 ; 806.219,00 ; 879.511,64 ; 952.804,28 ; 982.450,21 ; 1.041.311,64 ; 1.041.311,64 ; 1.110.732,42 ; 1.108.719,83 ; 1.098.304,65 ; 1.098.304,65 ; 1.098.304,65 ; 2.029.001,96 ; 13.979.902,93 
MA;BACURI;2101301; 856.325,55 ; 941.958,11 ; 1.027.590,66 ; 1.113.223,22 ; 1.147.860,48 ; 1.216.632,13 ; 1.216.632,13 ; 1.297.740,94 ; 1.288.338,00 ; 1.282.326,04 ; 1.282.326,04 ; 1.282.326,04 ; 2.368.962,07 ; 16.322.241,41 
MA;BACURITUBA;2101350; 244.266,62 ; 268.693,28 ; 293.119,94 ; 317.546,60 ; 327.426,87 ; 347.043,96 ; 347.043,96 ; 370.180,23 ; 372.341,65 ; 366.397,71 ; 366.397,71 ; 366.397,71 ; 676.881,11 ; 4.663.737,36 
MA;BALSAS;2101400; 2.671.361,01 ; 2.938.497,12 ; 3.205.633,22 ; 3.472.769,32 ; 3.603.387,14 ; 3.800.756,60 ; 3.800.756,60 ; 4.054.140,37 ; 4.126.447,02 ; 4.018.885,99 ; 4.018.885,99 ; 4.018.885,99 ; 7.424.467,85 ; 51.154.874,23 
MA;BARAO DE GRAJAU;2101509; 567.482,83 ; 624.231,11 ; 680.979,40 ; 737.727,68 ; 760.681,63 ; 806.256,27 ; 806.256,27 ; 860.006,69 ; 842.346,45 ; 848.341,16 ; 848.341,16 ; 848.341,16 ; 1.567.220,79 ; 10.798.212,59 
MA;BARRA DO CORDA;2101608; 2.868.187,29 ; 3.155.006,02 ; 3.441.824,74 ; 3.728.643,47 ; 3.988.205,96 ; 4.109.334,48 ; 4.109.334,48 ; 4.383.290,11 ; 4.358.908,10 ; 4.332.160,38 ; 4.332.160,38 ; 4.332.160,38 ; 8.003.209,23 ; 55.142.425,01 
MA;BARREIRINHAS;2101707; 2.591.645,87 ; 2.850.810,46 ; 3.109.975,05 ; 3.369.139,63 ; 3.473.968,39 ; 3.682.103,88 ; 3.682.103,88 ; 3.927.577,47 ; 3.879.842,48 ; 3.878.478,73 ; 3.878.478,73 ; 3.878.478,73 ; 7.165.080,26 ; 49.367.683,55 
MA;BELA VISTA DO MARANHAO;2101772; 686.140,64 ; 754.754,70 ; 823.368,76 ; 891.982,83 ; 919.736,33 ; 974.840,40 ; 974.840,40 ; 1.039.829,76 ; 1.018.476,86 ; 1.025.725,03 ; 1.025.725,03 ; 1.025.725,03 ; 1.894.918,77 ; 13.056.064,53 
MA;BELAGUA;2101731; 673.830,43 ; 741.213,48 ; 808.596,52 ; 875.979,56 ; 903.235,14 ; 957.350,57 ; 957.350,57 ; 1.021.173,94 ; 1.004.370,56 ; 1.007.850,92 ; 1.007.850,92 ; 1.007.850,92 ; 1.861.898,24 ; 12.828.551,76 
MA;BENEDITO LEITE;2101806; 218.312,91 ; 240.144,19 ; 261.975,48 ; 283.806,77 ; 292.637,25 ; 310.169,99 ; 310.169,99 ; 330.847,99 ; 324.511,57 ; 326.418,27 ; 326.418,27 ; 326.418,27 ; 603.023,32 ; 4.154.854,28 
MA;BEQUIMAO;2101905; 491.701,33 ; 540.871,46 ; 590.041,59 ; 639.211,73 ; 659.100,41 ; 698.589,03 ; 698.589,03 ; 745.161,63 ; 733.941,74 ; 735.571,85 ; 735.571,85 ; 735.571,85 ; 1.358.891,39 ; 9.362.814,88 
MA;BERNARDO DO MEARIM;2101939; 164.376,18 ; 180.813,80 ; 197.251,42 ; 213.689,04 ; 220.337,85 ; 233.538,92 ; 233.538,92 ; 249.108,18 ; 243.992,74 ; 245.729,16 ; 245.729,16 ; 245.729,16 ; 453.958,70 ; 3.127.793,22 
MA;BOA VISTA DO GURUPI;2101970; 430.973,39 ; 474.070,73 ; 517.168,07 ; 560.265,41 ; 577.697,73 ; 612.309,27 ; 612.309,27 ; 653.129,89 ; 639.717,87 ; 644.270,53 ; 644.270,53 ; 644.270,53 ; 1.190.221,84 ; 8.200.675,07 
MA;BOM JARDIM;2102002; 1.620.968,70 ; 1.783.065,56 ; 1.945.162,43 ; 2.107.259,30 ; 2.172.825,40 ; 2.303.005,66 ; 2.303.005,66 ; 2.456.539,37 ; 2.416.910,47 ; 2.424.590,13 ; 2.424.590,13 ; 2.424.590,13 ; 4.479.174,45 ; 30.861.687,37 
MA;BOM JESUS DAS SELVAS;2102036; 1.224.502,09 ; 1.346.952,29 ; 1.469.402,50 ; 1.591.852,71 ; 1.641.382,24 ; 1.739.722,21 ; 1.739.722,21 ; 1.855.703,69 ; 1.860.278,79 ; 1.835.947,72 ; 1.835.947,72 ; 1.835.947,72 ; 3.391.719,70 ; 23.369.081,58 
MA;BOM LUGAR;2102077; 481.993,70 ; 530.193,07 ; 578.392,43 ; 626.591,80 ; 646.087,83 ; 684.796,82 ; 684.796,82 ; 730.449,94 ; 718.404,77 ; 720.916,68 ; 720.916,68 ; 720.916,68 ; 1.331.817,50 ; 9.176.274,71 
MA;BREJO;2102101; 1.399.801,07 ; 1.539.781,17 ; 1.679.761,28 ; 1.819.741,38 ; 1.778.530,89 ; 1.965.381,93 ; 1.965.381,93 ; 2.096.407,39 ; 2.059.333,49 ; 2.068.728,99 ; 2.068.728,99 ; 2.068.728,99 ; 3.821.758,54 ; 26.332.066,03 
MA;BREJO DE AREIA;2102150; 417.331,89 ; 459.065,07 ; 500.798,26 ; 542.531,45 ; 559.411,98 ; 592.927,98 ; 592.927,98 ; 632.456,51 ; 629.230,45 ; 625.116,15 ; 625.116,15 ; 625.116,15 ; 1.154.836,13 ; 7.956.866,16 
MA;BURITI;2102200; 1.467.446,43 ; 1.614.191,07 ; 1.760.935,71 ; 1.907.680,36 ; 1.967.036,68 ; 2.084.887,54 ; 2.084.887,54 ; 2.223.880,04 ; 2.178.212,66 ; 2.193.714,31 ; 2.193.714,31 ; 2.193.714,31 ; 4.052.655,73 ; 27.922.956,68 
MA;BURITI BRAVO;2102309; 834.577,66 ; 918.035,42 ; 1.001.493,19 ; 1.084.950,96 ; 1.118.708,56 ; 1.185.733,62 ; 1.185.733,62 ; 1.264.782,52 ; 1.247.440,59 ; 1.248.721,49 ; 1.248.721,49 ; 1.248.721,49 ; 2.306.881,20 ; 15.894.501,78 
MA;BURITICUPU;2102325; 2.016.674,93 ; 2.218.342,43 ; 2.420.009,92 ; 2.621.677,42 ; 2.703.249,33 ; 2.865.208,81 ; 2.865.208,81 ; 3.056.222,73 ; 3.016.584,18 ; 3.017.700,40 ; 3.017.700,40 ; 3.017.700,40 ; 5.574.883,10 ; 38.411.162,87 
MA;BURITIRANA;2102358; 485.487,26 ; 534.035,99 ; 582.584,72 ; 631.133,44 ; 650.770,79 ; 689.760,34 ; 689.760,34 ; 735.744,36 ; 720.635,85 ; 725.764,39 ; 725.764,39 ; 725.764,39 ; 1.340.773,13 ; 9.237.979,39 
MA;CACHOEIRA GRANDE;2102374; 473.442,92 ; 520.787,22 ; 568.131,51 ; 615.475,80 ; 634.625,96 ; 672.648,24 ; 672.648,24 ; 717.491,45 ; 705.261,57 ; 708.076,76 ; 708.076,76 ; 708.076,76 ; 1.308.097,11 ; 9.012.840,30 
MA;CAJAPIO;2102408; 307.483,10 ; 338.231,41 ; 368.979,72 ; 399.728,03 ; 412.165,31 ; 436.859,34 ; 436.859,34 ; 465.983,30 ; 456.632,45 ; 459.690,16 ; 459.690,16 ; 459.690,16 ; 849.229,07 ; 5.851.221,53 
MA;CAJARI;2102507; 775.353,98 ; 852.889,38 ; 930.424,77 ; 1.007.960,17 ; 1.039.322,24 ; 1.101.591,05 ; 1.101.591,05 ; 1.175.030,45 ; 1.162.423,91 ; 1.160.553,84 ; 1.160.553,84 ; 1.160.553,84 ; 2.144.000,77 ; 14.772.249,28 
MA;CAMPESTRE DO MARANHAO;2102556; 369.508,35 ; 406.459,18 ; 443.410,02 ; 480.360,85 ; 495.306,99 ; 524.982,26 ; 524.982,26 ; 559.981,08 ; 556.993,64 ; 553.465,25 ; 553.465,25 ; 553.465,25 ; 1.022.468,65 ; 7.044.849,02 
MA;CANDIDO MENDES;2102606; 1.146.423,40 ; 1.261.065,73 ; 1.375.708,07 ; 1.490.350,41 ; 1.536.721,76 ; 1.628.791,21 ; 1.628.791,21 ; 1.737.377,29 ; 1.706.594,31 ; 1.714.431,68 ; 1.714.431,68 ; 1.714.431,68 ; 3.167.231,65 ; 21.822.350,11 
MA;CANTANHEDE;2102705; 1.120.383,95 ; 1.232.422,35 ; 1.344.460,74 ; 1.456.499,14 ; 1.550.862,37 ; 1.603.525,42 ; 1.603.525,42 ; 1.710.427,11 ; 1.677.256,65 ; 1.687.473,91 ; 1.687.473,91 ; 1.687.473,91 ; 3.117.430,02 ; 21.479.214,89 
MA;CAPINZAL DO NORTE;2102754; 385.934,32 ; 424.527,75 ; 463.121,18 ; 501.714,61 ; 517.325,15 ; 548.319,61 ; 548.319,61 ; 584.874,25 ; 585.289,48 ; 578.517,35 ; 578.517,35 ; 578.517,35 ; 1.068.749,77 ; 7.363.727,79 
MA;CAROLINA;2102804; 648.757,76 ; 713.633,54 ; 778.509,31 ; 843.385,09 ; 869.626,50 ; 921.728,35 ; 921.728,35 ; 983.176,90 ; 968.564,05 ; 970.548,23 ; 970.548,23 ; 970.548,23 ; 1.792.985,46 ; 12.353.740,01 
MA;CARUTAPERA;2102903; 1.027.991,99 ; 1.130.791,19 ; 1.233.590,39 ; 1.336.389,59 ; 1.377.970,55 ; 1.460.528,75 ; 1.460.528,75 ; 1.557.897,33 ; 1.537.094,60 ; 1.538.184,95 ; 1.538.184,95 ; 1.538.184,95 ; 2.841.634,42 ; 19.578.972,41 
MA;CAXIAS;2103000; 4.452.305,23 ; 4.897.535,76 ; 5.342.766,28 ; 5.787.996,81 ; 6.129.487,04 ; 6.364.253,77 ; 6.364.253,77 ; 6.788.537,35 ; 6.809.158,00 ; 6.716.758,86 ; 6.716.758,86 ; 6.716.758,86 ; 12.408.503,35 ; 85.495.073,95 
MA;CEDRAL;2103109; 399.607,99 ; 439.568,79 ; 479.529,59 ; 519.490,39 ; 535.654,02 ; 567.746,60 ; 567.746,60 ; 605.596,37 ; 619.866,19 ; 600.770,31 ; 600.770,31 ; 600.770,31 ; 1.109.859,77 ; 7.646.977,24 
MA;CENTRAL DO MARANHAO;2103125; 360.122,13 ; 396.134,35 ; 432.146,56 ; 468.158,78 ; 482.725,26 ; 511.646,72 ; 511.646,72 ; 545.756,50 ; 534.549,40 ; 538.353,61 ; 538.353,61 ; 538.353,61 ; 994.551,50 ; 6.852.498,77 
MA;CENTRO DO GUILHERME;2103158; 1.028.507,05 ; 1.131.357,75 ; 1.234.208,45 ; 1.337.059,16 ; 1.378.660,95 ; 1.461.260,51 ; 1.461.260,51 ; 1.558.677,88 ; 1.526.670,43 ; 1.537.535,26 ; 1.537.535,26 ; 1.537.535,26 ; 2.840.434,17 ; 19.570.702,63 
MA;CENTRO NOVO DO MARANHAO;2103174; 1.068.106,18 ; 1.174.916,81 ; 1.281.727,42 ; 1.388.538,04 ; 1.431.741,57 ; 1.517.521,35 ; 1.517.521,35 ; 1.618.689,43 ; 1.614.769,48 ; 1.600.453,00 ; 1.600.453,00 ; 1.600.453,00 ; 2.956.668,05 ; 20.371.558,67 
MA;CHAPADINHA;2103208; 2.756.259,01 ; 3.031.884,91 ; 3.307.510,81 ; 3.583.136,71 ; 3.694.623,84 ; 3.915.979,45 ; 3.915.979,45 ; 4.177.044,74 ; 4.142.868,02 ; 4.126.932,44 ; 4.126.932,44 ; 4.126.932,44 ; 7.624.072,28 ; 52.530.156,54 
MA;CIDELANDIA;2103257; 455.970,36 ; 501.567,39 ; 547.164,43 ; 592.761,46 ; 611.204,88 ; 647.823,93 ; 647.823,93 ; 691.012,19 ; 679.501,09 ; 681.978,89 ; 681.978,89 ; 681.978,89 ; 1.259.884,04 ; 8.680.650,38 
MA;CODO;2103307; 3.864.899,46 ; 4.251.389,40 ; 4.637.879,35 ; 5.024.369,29 ; 5.180.699,52 ; 5.491.090,21 ; 5.491.090,21 ; 5.857.162,89 ; 5.790.977,97 ; 5.784.577,02 ; 5.784.577,02 ; 5.784.577,02 ; 10.686.395,74 ; 73.629.685,09 
MA;COELHO NETO;2103406; 1.467.512,30 ; 1.614.263,53 ; 1.761.014,76 ; 1.907.765,99 ; 1.967.124,99 ; 2.084.981,13 ; 2.084.981,13 ; 2.223.979,87 ; 2.196.700,03 ; 2.196.146,12 ; 2.196.146,12 ; 2.196.146,12 ; 4.057.148,26 ; 27.953.910,37 
MA;COLINAS;2103505; 1.391.013,76 ; 1.530.115,13 ; 1.669.216,51 ; 1.808.317,88 ; 1.864.582,60 ; 1.976.295,14 ; 1.976.295,14 ; 2.108.048,15 ; 2.069.685,55 ; 2.080.078,66 ; 2.080.078,66 ; 2.080.078,66 ; 3.842.725,87 ; 26.476.531,71 
MA;CONCEICAO DO LAGO-ACU;2103554; 922.774,06 ; 1.015.051,47 ; 1.107.328,87 ; 1.199.606,28 ; 1.236.931,31 ; 1.311.039,44 ; 1.311.039,44 ; 1.398.442,07 ; 1.373.732,54 ; 1.379.981,44 ; 1.379.981,44 ; 1.379.981,44 ; 2.549.370,11 ; 17.565.259,90 
MA;COROATA;2103604; 2.195.697,92 ; 2.415.267,71 ; 2.634.837,50 ; 2.854.407,29 ; 2.933.342,01 ; 3.117.194,71 ; 3.117.194,71 ; 3.325.007,69 ; 3.325.943,70 ; 3.288.688,02 ; 3.288.688,02 ; 3.288.688,02 ; 6.075.504,14 ; 41.860.461,46 
MA;CURURUPU;2103703; 1.088.836,21 ; 1.197.719,84 ; 1.306.603,46 ; 1.415.487,08 ; 1.459.529,11 ; 1.546.973,72 ; 1.546.973,72 ; 1.650.105,30 ; 1.642.506,80 ; 1.631.057,83 ; 1.631.057,83 ; 1.631.057,83 ; 3.013.207,26 ; 20.761.116,01 
MA;DAVINOPOLIS;2103752; 475.107,42 ; 522.618,16 ; 570.128,90 ; 617.639,65 ; 636.857,13 ; 675.013,08 ; 675.013,08 ; 720.013,96 ; 720.718,64 ; 712.212,81 ; 712.212,81 ; 712.212,81 ; 1.315.738,02 ; 9.065.486,47 
MA;DOM PEDRO;2103802; 575.140,40 ; 632.654,44 ; 690.168,48 ; 747.682,52 ; 770.946,21 ; 817.135,83 ; 817.135,83 ; 871.611,55 ; 884.618,39 ; 863.710,00 ; 863.710,00 ; 863.710,00 ; 1.595.613,10 ; 10.993.836,77 
MA;DUQUE BACELAR;2103901; 581.774,85 ; 639.952,33 ; 698.129,82 ; 756.307,30 ; 779.839,35 ; 826.561,78 ; 826.561,78 ; 881.665,90 ; 872.888,06 ; 870.890,04 ; 870.890,04 ; 870.890,04 ; 1.608.877,47 ; 11.085.228,74 
MA;ESPERANTINOPOLIS;2104008; 705.869,38 ; 776.456,33 ; 847.043,26 ; 917.630,20 ; 946.181,72 ; 1.002.870,20 ; 1.002.870,20 ; 1.069.728,21 ; 1.052.636,36 ; 1.055.836,48 ; 1.055.836,48 ; 1.055.836,48 ; 1.950.546,51 ; 13.439.341,81 
MA;ESTREITO;2104057; 961.394,28 ; 1.057.533,72 ; 1.153.673,14 ; 1.249.812,57 ; 1.288.699,74 ; 1.365.909,47 ; 1.365.909,47 ; 1.456.970,10 ; 1.438.658,58 ; 1.438.679,87 ; 1.438.679,87 ; 1.438.679,87 ; 2.657.809,27 ; 18.312.409,94 
MA;FEIRA NOVA DO MARANHAO;2104073; 257.732,03 ; 283.505,23 ; 309.278,44 ; 335.051,64 ; 345.476,58 ; 366.175,07 ; 366.175,07 ; 390.586,74 ; 383.947,99 ; 385.463,99 ; 385.463,99 ; 385.463,99 ; 712.104,06 ; 4.906.424,82 
MA;FERNANDO FALCAO;2104081; 374.233,67 ; 411.657,04 ; 449.080,41 ; 486.503,77 ; 501.641,04 ; 531.695,81 ; 531.695,81 ; 567.142,20 ; 555.495,94 ; 559.449,22 ; 559.449,22 ; 559.449,22 ; 1.033.523,41 ; 7.121.016,77 
MA;FORMOSA DA SERRA NEGRA;2104099; 621.119,79 ; 683.231,77 ; 745.343,75 ; 807.455,73 ; 832.579,22 ; 882.461,45 ; 882.461,45 ; 941.292,22 ; 922.117,35 ; 928.543,71 ; 928.543,71 ; 928.543,71 ; 1.715.386,53 ; 11.819.080,39 
MA;FORTALEZA DOS NOGUEIRAS;2104107; 487.386,63 ; 536.125,29 ; 584.863,95 ; 633.602,61 ; 653.316,77 ; 692.458,87 ; 692.458,87 ; 738.622,80 ; 727.767,49 ; 729.150,94 ; 729.150,94 ; 729.150,94 ; 1.347.029,43 ; 9.281.085,50 
MA;FORTUNA;2104206; 640.671,51 ; 704.738,67 ; 768.805,82 ; 832.872,97 ; 858.787,31 ; 910.239,74 ; 910.239,74 ; 970.922,39 ; 951.644,39 ; 957.836,08 ; 957.836,08 ; 957.836,08 ; 1.769.501,11 ; 12.191.931,91 
MA;GODOFREDO VIANA;2104305; 530.408,64 ; 583.449,50 ; 636.490,36 ; 689.531,22 ; 710.985,56 ; 753.582,77 ; 753.582,77 ; 803.821,63 ; 798.169,76 ; 794.295,49 ; 794.295,49 ; 794.295,49 ; 1.467.377,12 ; 10.110.285,81 
MA;GONCALVES DIAS;2104404; 553.785,56 ; 609.164,11 ; 664.542,67 ; 719.921,22 ; 742.321,14 ; 786.795,75 ; 786.795,75 ; 839.248,79 ; 840.798,07 ; 830.248,13 ; 830.248,13 ; 830.248,13 ; 1.533.795,82 ; 10.567.913,25 
MA;GOVERNADOR ARCHER;2104503; 350.697,94 ; 385.767,74 ; 420.837,53 ; 455.907,33 ; 470.092,61 ; 498.257,22 ; 498.257,22 ; 531.474,36 ; 525.443,44 ; 524.884,76 ; 524.884,76 ; 524.884,76 ; 969.669,22 ; 6.681.058,87 
MA;GOVERNADOR EDISON LOBAO;2104552; 663.938,68 ; 730.332,54 ; 796.726,41 ; 863.120,28 ; 889.975,75 ; 943.296,77 ; 943.296,77 ; 1.006.183,22 ; 985.521,25 ; 992.534,89 ; 992.534,89 ; 992.534,89 ; 1.833.603,48 ; 12.633.599,81 
MA;GOVERNADOR EUGENIO BARROS;2104602; 524.175,03 ; 576.592,52 ; 629.010,03 ; 681.427,53 ; 702.629,73 ; 744.726,31 ; 744.726,31 ; 794.374,74 ; 778.062,25 ; 783.599,47 ; 783.599,47 ; 783.599,47 ; 1.447.617,35 ; 9.974.140,21 
MA;GOVERNADOR LUIZ ROCHA;2104628; 254.872,03 ; 280.359,24 ; 305.846,44 ; 331.333,64 ; 341.642,89 ; 362.111,70 ; 362.111,70 ; 386.252,49 ; 378.320,79 ; 381.013,18 ; 381.013,18 ; 381.013,18 ; 703.881,65 ; 4.849.772,11 
MA;GOVERNADOR NEWTON BELLO;2104651; 546.255,55 ; 600.881,11 ; 655.506,67 ; 710.132,22 ; 732.227,56 ; 776.097,43 ; 776.097,43 ; 827.837,26 ; 833.775,15 ; 819.518,49 ; 819.518,49 ; 819.518,49 ; 1.513.973,96 ; 10.431.339,84 
MA;GOVERNADOR NUNES FREIRE;2104677; 1.434.558,77 ; 1.578.014,64 ; 1.721.470,51 ; 1.864.926,39 ; 1.922.952,45 ; 2.038.162,09 ; 2.038.162,09 ; 2.174.039,57 ; 2.132.175,36 ; 2.144.902,59 ; 2.144.902,59 ; 2.144.902,59 ; 3.962.481,23 ; 27.301.650,87 
MA;GRACA ARANHA;2104701; 176.228,07 ; 193.850,87 ; 211.473,68 ; 229.096,49 ; 236.224,69 ; 250.377,59 ; 250.377,59 ; 267.069,43 ; 261.585,15 ; 263.446,78 ; 263.446,78 ; 263.446,78 ; 486.690,12 ; 3.353.314,00 
MA;GRAJAU;2104800; 2.761.331,38 ; 3.037.464,52 ; 3.313.597,66 ; 3.589.730,80 ; 3.701.423,11 ; 3.923.186,07 ; 3.923.186,07 ; 4.184.731,81 ; 4.221.019,71 ; 4.143.476,09 ; 4.143.476,09 ; 4.143.476,09 ; 7.654.634,92 ; 52.740.734,33 
MA;GUIMARAES;2104909; 323.769,21 ; 356.146,13 ; 388.523,06 ; 420.899,98 ; 433.996,03 ; 459.997,98 ; 459.997,98 ; 490.664,52 ; 480.588,72 ; 484.008,92 ; 484.008,92 ; 484.008,92 ; 894.155,41 ; 6.160.765,76 
MA;HUMBERTO DE CAMPOS;2105005; 1.291.776,37 ; 1.420.954,01 ; 1.550.131,64 ; 1.679.309,28 ; 1.731.559,99 ; 1.835.302,74 ; 1.835.302,74 ; 1.957.656,26 ; 1.928.488,11 ; 1.932.501,53 ; 1.932.501,53 ; 1.932.501,53 ; 3.570.092,69 ; 24.598.078,43 
MA;ICATU;2105104; 854.501,62 ; 939.951,78 ; 1.025.401,94 ; 1.110.852,10 ; 1.145.415,59 ; 1.214.040,76 ; 1.214.040,76 ; 1.294.976,81 ; 1.278.222,05 ; 1.278.659,38 ; 1.278.659,38 ; 1.278.659,38 ; 2.362.188,29 ; 16.275.569,82 
MA;IGARAPE DO MEIO;2105153; 796.883,79 ; 876.572,17 ; 956.260,55 ; 1.035.948,93 ; 1.068.181,87 ; 1.132.179,72 ; 1.132.179,72 ; 1.207.658,37 ; 1.213.813,82 ; 1.195.204,79 ; 1.195.204,79 ; 1.195.204,79 ; 2.208.014,75 ; 15.213.308,06 
MA;IGARAPE GRANDE;2105203; 438.529,62 ; 482.382,58 ; 526.235,54 ; 570.088,50 ; 587.826,47 ; 623.044,84 ; 623.044,84 ; 664.581,17 ; 659.834,98 ; 656.695,87 ; 656.695,87 ; 656.695,87 ; 1.213.176,34 ; 8.358.832,51 
MA;IMPERATRIZ;2105302; 5.938.164,65 ; 6.531.981,11 ; 7.125.797,58 ; 7.719.614,04 ; 7.959.805,18 ; 8.436.700,13 ; 8.436.700,13 ; 8.999.146,81 ; 8.883.605,23 ; 8.885.865,68 ; 8.885.865,68 ; 8.885.865,68 ; 16.415.699,34 ; 113.104.811,24 
MA;ITAIPAVA DO GRAJAU;2105351; 526.744,91 ; 579.419,40 ; 632.093,89 ; 684.768,38 ; 706.074,54 ; 748.377,51 ; 748.377,51 ; 798.269,34 ; 781.876,88 ; 787.441,25 ; 787.441,25 ; 787.441,25 ; 1.454.714,63 ; 10.023.040,73 
MA;ITAPECURU MIRIM;2105401; 2.624.502,62 ; 2.886.952,88 ; 3.149.403,15 ; 3.411.853,41 ; 3.515.326,54 ; 3.728.143,32 ; 3.728.143,32 ; 3.976.686,21 ; 3.956.306,63 ; 3.930.520,25 ; 3.930.520,25 ; 3.930.520,25 ; 7.261.221,48 ; 50.030.100,31 
MA;ITINGA DO MARANHAO;2105427; 815.300,63 ; 896.830,70 ; 978.360,76 ; 1.059.890,82 ; 1.092.868,69 ; 1.158.345,61 ; 1.158.345,61 ; 1.235.568,65 ; 1.211.603,54 ; 1.218.987,39 ; 1.218.987,39 ; 1.218.987,39 ; 2.251.950,60 ; 15.516.027,78 
MA;JATOBA;2105450; 404.914,98 ; 445.406,48 ; 485.897,97 ; 526.389,47 ; 542.767,76 ; 575.286,55 ; 575.286,55 ; 613.638,99 ; 602.028,76 ; 605.441,03 ; 605.441,03 ; 605.441,03 ; 1.118.488,42 ; 7.706.429,02 
MA;JENIPAPO DOS VIEIRAS;2105476; 612.704,62 ; 673.975,08 ; 735.245,54 ; 796.516,00 ; 821.299,11 ; 870.505,52 ; 870.505,52 ; 928.539,22 ; 909.471,67 ; 915.944,09 ; 915.944,09 ; 915.944,09 ; 1.692.110,06 ; 11.658.704,58 
MA;JOAO LISBOA;2105500; 1.021.458,10 ; 1.123.603,92 ; 1.225.749,73 ; 1.327.895,54 ; 1.369.212,21 ; 1.451.245,67 ; 1.451.245,67 ; 1.547.995,38 ; 1.525.770,32 ; 1.528.211,05 ; 1.528.211,05 ; 1.528.211,05 ; 2.823.208,68 ; 19.452.018,38 
MA;JOSELANDIA;2105609; 486.666,98 ; 535.333,69 ; 584.000,38 ; 632.667,08 ; 652.352,14 ; 691.436,44 ; 691.436,44 ; 737.532,20 ; 728.702,89 ; 728.329,36 ; 728.329,36 ; 728.329,36 ; 1.345.511,66 ; 9.270.628,01 
MA;JUNCO DO MARANHAO;2105658; 311.768,55 ; 342.945,40 ; 374.122,25 ; 405.299,11 ; 417.909,74 ; 442.947,93 ; 442.947,93 ; 472.477,79 ; 470.069,83 ; 466.994,42 ; 466.994,42 ; 466.994,42 ; 862.722,92 ; 5.944.194,68 
MA;LAGO DA PEDRA;2105708; 1.469.658,76 ; 1.616.624,64 ; 1.763.590,51 ; 1.910.556,39 ; 1.889.889,51 ; 2.068.870,42 ; 2.068.870,42 ; 2.206.795,11 ; 2.161.478,57 ; 2.176.861,13 ; 2.176.861,13 ; 2.176.861,13 ; 4.021.521,26 ; 27.708.438,98 
MA;LAGO DO JUNCO;2105807; 466.334,69 ; 512.968,16 ; 559.601,63 ; 606.235,09 ; 625.097,73 ; 662.549,15 ; 662.549,15 ; 706.719,09 ; 692.384,70 ; 697.155,42 ; 697.155,42 ; 697.155,42 ; 1.287.921,09 ; 8.873.826,74 
MA;LAGO DOS RODRIGUES;2105948; 359.233,34 ; 395.156,67 ; 431.080,00 ; 467.003,33 ; 481.533,86 ; 510.383,95 ; 510.383,95 ; 544.409,54 ; 535.946,05 ; 537.369,53 ; 537.369,53 ; 537.369,53 ; 992.733,51 ; 6.839.972,79 
MA;LAGO VERDE;2105906; 626.781,39 ; 689.459,53 ; 752.137,67 ; 814.815,81 ; 840.168,31 ; 890.505,22 ; 890.505,22 ; 949.872,24 ; 930.366,61 ; 936.987,73 ; 936.987,73 ; 936.987,73 ; 1.730.985,98 ; 11.926.561,16 
MA;LAGOA DO MATO;2105922; 341.416,88 ; 375.558,57 ; 409.700,26 ; 443.841,95 ; 457.651,82 ; 485.071,07 ; 485.071,07 ; 517.409,14 ; 515.950,25 ; 511.553,79 ; 511.553,79 ; 511.553,79 ; 945.041,66 ; 6.511.374,02 
MA;LAGOA GRANDE DO MARANHAO;2105963; 423.924,36 ; 466.316,80 ; 508.709,23 ; 551.101,67 ; 568.248,87 ; 602.294,30 ; 602.294,30 ; 642.447,25 ; 629.254,60 ; 633.732,80 ; 633.732,80 ; 633.732,80 ; 1.170.754,49 ; 8.066.544,26 
MA;LAJEADO NOVO;2105989; 359.062,38 ; 394.968,62 ; 430.874,86 ; 466.781,09 ; 481.304,71 ; 510.141,06 ; 510.141,06 ; 544.150,47 ; 537.242,41 ; 537.310,66 ; 537.310,66 ; 537.310,66 ; 992.624,75 ; 6.839.223,39 
MA;LIMA CAMPOS;2106003; 406.493,19 ; 447.142,51 ; 487.791,83 ; 528.441,14 ; 544.883,27 ; 577.528,80 ; 577.528,80 ; 616.030,72 ; 608.292,06 ; 608.297,79 ; 608.297,79 ; 608.297,79 ; 1.123.765,99 ; 7.742.791,70 
MA;LORETO;2106102; 395.111,64 ; 434.622,81 ; 474.133,98 ; 513.645,14 ; 529.626,90 ; 561.358,38 ; 561.358,38 ; 598.782,27 ; 588.563,06 ; 590.923,62 ; 590.923,62 ; 590.923,62 ; 1.091.669,04 ; 7.521.642,46 
MA;LUIS DOMINGUES;2106201; 268.086,20 ; 294.894,82 ; 321.703,44 ; 348.512,05 ; 359.355,80 ; 380.885,84 ; 380.885,84 ; 406.278,23 ; 402.872,24 ; 401.393,70 ; 401.393,70 ; 401.393,70 ; 741.532,52 ; 5.109.188,09 
MA;MAGALHAES DE ALMEIDA;2106300; 646.160,23 ; 710.776,26 ; 775.392,28 ; 840.008,31 ; 844.224,08 ; 912.795,21 ; 912.795,21 ; 973.648,23 ; 953.654,36 ; 960.441,21 ; 960.441,21 ; 960.441,21 ; 1.774.313,81 ; 12.225.091,64 
MA;MARACACUME;2106326; 916.233,16 ; 1.007.856,47 ; 1.099.479,79 ; 1.191.103,10 ; 1.228.163,56 ; 1.301.746,39 ; 1.301.746,39 ; 1.388.529,48 ; 1.360.016,03 ; 1.369.694,83 ; 1.369.694,83 ; 1.369.694,83 ; 2.530.366,68 ; 17.434.325,52 
MA;MARAJA DO SENA;2106359; 387.297,70 ; 426.027,47 ; 464.757,24 ; 503.487,01 ; 519.152,70 ; 550.256,64 ; 550.256,64 ; 586.940,42 ; 574.887,59 ; 578.978,89 ; 578.978,89 ; 578.978,89 ; 1.069.602,41 ; 7.369.602,49 
MA;MARANHAOZINHO;2106375; 861.959,75 ; 948.155,73 ; 1.034.351,71 ; 1.120.547,68 ; 1.155.412,85 ; 1.224.636,97 ; 1.224.636,97 ; 1.306.279,44 ; 1.284.941,41 ; 1.289.256,60 ; 1.289.256,60 ; 1.289.256,60 ; 2.381.765,54 ; 16.410.457,83 
MA;MATA ROMA;2106409; 857.856,75 ; 943.642,42 ; 1.029.428,09 ; 1.115.213,77 ; 1.149.912,97 ; 1.218.807,58 ; 1.218.807,58 ; 1.300.061,42 ; 1.273.364,67 ; 1.282.426,79 ; 1.282.426,79 ; 1.282.426,79 ; 2.369.148,19 ; 16.323.523,82 
MA;MATINHA;2106508; 892.395,89 ; 981.635,48 ; 1.070.875,07 ; 1.160.114,66 ; 1.196.210,94 ; 1.267.879,39 ; 1.267.879,39 ; 1.352.404,68 ; 1.324.787,84 ; 1.334.079,68 ; 1.334.079,68 ; 1.334.079,68 ; 2.464.571,45 ; 16.980.993,81 
MA;MATOES;2106607; 1.360.858,51 ; 1.496.944,36 ; 1.633.030,21 ; 1.769.116,06 ; 1.824.161,04 ; 1.933.451,81 ; 1.933.451,81 ; 2.062.348,59 ; 2.019.998,27 ; 2.034.373,95 ; 2.034.373,95 ; 2.034.373,95 ; 3.758.291,23 ; 25.894.773,74 
MA;MATOES DO NORTE;2106631; 680.852,12 ; 748.937,34 ; 817.022,55 ; 885.107,76 ; 912.647,36 ; 967.326,70 ; 967.326,70 ; 1.031.815,15 ; 1.010.626,83 ; 1.017.819,13 ; 1.017.819,13 ; 1.017.819,13 ; 1.880.313,46 ; 12.955.433,35 
MA;MILAGRES DO MARANHAO;2106672; 538.929,75 ; 592.822,72 ; 646.715,70 ; 700.608,67 ; 722.407,69 ; 765.689,22 ; 765.689,22 ; 816.735,17 ; 801.226,22 ; 805.816,81 ; 805.816,81 ; 805.816,81 ; 1.488.661,54 ; 10.256.936,34 
MA;MIRADOR;2106706; 625.877,73 ; 688.465,50 ; 751.053,28 ; 813.641,05 ; 838.957,00 ; 889.221,34 ; 889.221,34 ; 948.502,76 ; 929.025,26 ; 935.636,83 ; 935.636,83 ; 935.636,83 ; 1.728.490,34 ; 11.909.366,10 
MA;MIRANDA DO NORTE;2106755; 747.389,13 ; 822.128,05 ; 896.866,96 ; 971.605,87 ; 1.001.836,81 ; 1.061.859,74 ; 1.061.859,74 ; 1.132.650,39 ; 1.109.391,41 ; 1.117.286,60 ; 1.117.286,60 ; 1.117.286,60 ; 2.064.069,11 ; 14.221.517,02 
MA;MIRINZAL;2106805; 514.435,67 ; 565.879,23 ; 617.322,80 ; 668.766,37 ; 689.574,63 ; 730.889,04 ; 730.889,04 ; 779.614,97 ; 764.036,60 ; 769.094,61 ; 769.094,61 ; 769.094,61 ; 1.420.821,14 ; 9.789.513,30 
MA;MONCAO;2106904; 1.364.189,44 ; 1.500.608,38 ; 1.637.027,32 ; 1.773.446,27 ; 1.828.625,98 ; 1.938.184,25 ; 1.938.184,25 ; 2.067.396,53 ; 2.028.711,25 ; 2.039.831,60 ; 2.039.831,60 ; 2.039.831,60 ; 3.768.373,67 ; 25.964.242,15 
MA;MONTES ALTOS;2107001; 270.018,46 ; 297.020,31 ; 324.022,15 ; 351.024,00 ; 361.945,91 ; 383.631,13 ; 383.631,13 ; 409.206,54 ; 402.036,62 ; 403.812,34 ; 403.812,34 ; 403.812,34 ; 746.000,69 ; 5.139.973,93 
MA;MORROS;2107100; 833.572,22 ; 916.929,44 ; 1.000.286,66 ; 1.083.643,89 ; 1.117.360,81 ; 1.184.305,13 ; 1.184.305,13 ; 1.263.258,80 ; 1.237.497,21 ; 1.246.146,15 ; 1.246.146,15 ; 1.246.146,15 ; 2.302.123,53 ; 15.861.721,26 
MA;NINA RODRIGUES;2107209; 563.254,94 ; 619.580,43 ; 675.905,92 ; 732.231,42 ; 755.014,36 ; 800.249,45 ; 800.249,45 ; 853.599,41 ; 840.632,85 ; 842.599,65 ; 842.599,65 ; 842.599,65 ; 1.556.613,96 ; 10.725.131,15 
MA;NOVA COLINAS;2107258; 178.415,90 ; 196.257,49 ; 214.099,08 ; 231.940,67 ; 239.157,36 ; 253.485,97 ; 253.485,97 ; 270.385,03 ; 264.832,68 ; 266.717,41 ; 266.717,41 ; 266.717,41 ; 492.732,27 ; 3.394.944,61 
MA;NOVA IORQUE;2107308; 123.200,97 ; 135.521,06 ; 147.841,16 ; 160.161,26 ; 165.144,57 ; 175.038,87 ; 175.038,87 ; 186.708,12 ; 182.874,07 ; 184.175,53 ; 184.175,53 ; 184.175,53 ; 340.244,86 ; 2.344.300,38 
MA;NOVA OLINDA DO MARANHAO;2107357; 783.725,96 ; 862.098,56 ; 940.471,16 ; 1.018.843,75 ; 1.050.544,46 ; 1.113.485,62 ; 1.113.485,62 ; 1.187.717,99 ; 1.169.549,37 ; 1.172.396,60 ; 1.172.396,60 ; 1.172.396,60 ; 2.165.879,03 ; 14.922.991,34 
MA;OLHO DAGUA DAS CUNHAS;2107407; 763.004,49 ; 839.304,94 ; 915.605,39 ; 991.905,84 ; 1.022.768,39 ; 1.084.045,40 ; 1.084.045,40 ; 1.156.315,10 ; 1.160.401,65 ; 1.144.161,67 ; 1.144.161,67 ; 1.144.161,67 ; 2.113.717,97 ; 14.563.599,57 
MA;OLINDA NOVA DO MARANHAO;2107456; 471.765,74 ; 518.942,32 ; 566.118,89 ; 613.295,47 ; 632.377,79 ; 670.265,37 ; 670.265,37 ; 714.949,73 ; 713.106,88 ; 706.880,84 ; 706.880,84 ; 706.880,84 ; 1.305.887,76 ; 8.997.617,83 
MA;PACO DO LUMIAR;2107506; 4.746.368,77 ; 5.221.005,65 ; 5.695.642,53 ; 6.170.279,41 ; 6.299.560,89 ; 6.728.449,07 ; 6.728.449,07 ; 7.177.012,34 ; 7.068.335,85 ; 7.084.570,87 ; 7.084.570,87 ; 7.084.570,87 ; 13.087.997,23 ; 90.176.813,41 
MA;PALMEIRANDIA;2107605; 582.046,09 ; 640.250,70 ; 698.455,31 ; 756.659,92 ; 780.202,94 ; 826.947,15 ; 826.947,15 ; 882.076,96 ; 864.940,81 ; 870.236,07 ; 870.236,07 ; 870.236,07 ; 1.607.669,32 ; 11.076.904,55 
MA;PARAIBANO;2107704; 535.532,01 ; 589.085,21 ; 642.638,41 ; 696.191,62 ; 717.853,20 ; 760.861,86 ; 760.861,86 ; 811.585,98 ; 794.920,06 ; 800.577,26 ; 800.577,26 ; 800.577,26 ; 1.478.982,02 ; 10.190.244,00 
MA;PARNARAMA;2107803; 1.523.037,55 ; 1.675.341,31 ; 1.827.645,06 ; 1.979.948,82 ; 2.041.553,73 ; 2.163.869,12 ; 2.163.869,12 ; 2.308.127,06 ; 2.283.276,79 ; 2.279.679,42 ; 2.279.679,42 ; 2.279.679,42 ; 4.211.467,22 ; 29.017.174,03 
MA;PASSAGEM FRANCA;2107902; 659.718,76 ; 725.690,64 ; 791.662,52 ; 857.634,39 ; 884.319,18 ; 937.301,29 ; 937.301,29 ; 999.788,04 ; 979.257,39 ; 986.226,45 ; 986.226,45 ; 986.226,45 ; 1.821.949,32 ; 12.553.302,18 
MA;PASTOS BONS;2108009; 880.102,99 ; 968.113,30 ; 1.056.123,60 ; 1.144.133,90 ; 1.179.732,94 ; 1.250.414,15 ; 1.250.414,15 ; 1.333.775,09 ; 1.314.606,33 ; 1.316.726,17 ; 1.316.726,17 ; 1.316.726,17 ; 2.432.512,68 ; 16.760.107,64 
MA;PAULINO NEVES;2108058; 776.780,09 ; 854.458,10 ; 932.136,11 ; 1.009.814,12 ; 1.041.233,88 ; 1.103.617,21 ; 1.103.617,21 ; 1.177.191,69 ; 1.158.046,95 ; 1.161.861,80 ; 1.161.861,80 ; 1.161.861,80 ; 2.146.417,10 ; 14.788.897,88 
MA;PAULO RAMOS;2108108; 967.660,59 ; 1.064.426,64 ; 1.161.192,70 ; 1.257.958,76 ; 1.297.099,38 ; 1.374.812,36 ; 1.374.812,36 ; 1.466.466,52 ; 1.442.537,70 ; 1.447.359,48 ; 1.447.359,48 ; 1.447.359,48 ; 2.673.843,93 ; 18.422.889,39 
MA;PEDREIRAS;2108207; 817.257,15 ; 898.982,87 ; 980.708,58 ; 1.062.434,30 ; 1.095.491,30 ; 1.161.125,35 ; 1.161.125,35 ; 1.238.533,71 ; 1.231.924,43 ; 1.224.122,13 ; 1.224.122,13 ; 1.224.122,13 ; 2.261.436,48 ; 15.581.385,92 
MA;PEDRO DO ROSARIO;2108256; 1.320.529,34 ; 1.452.582,27 ; 1.584.635,20 ; 1.716.688,13 ; 1.770.101,84 ; 1.876.153,77 ; 1.876.153,77 ; 2.001.230,69 ; 1.981.510,32 ; 1.976.797,20 ; 1.976.797,20 ; 1.976.797,20 ; 3.651.924,27 ; 25.161.901,21 
MA;PENALVA;2108306; 1.344.560,18 ; 1.479.016,20 ; 1.613.472,22 ; 1.747.928,23 ; 1.802.313,97 ; 1.910.295,81 ; 1.910.295,81 ; 2.037.648,86 ; 2.007.497,49 ; 2.011.492,75 ; 2.011.492,75 ; 2.011.492,75 ; 3.716.020,63 ; 25.603.527,65 
MA;PERI MIRIM;2108405; 415.984,12 ; 457.582,53 ; 499.180,94 ; 540.779,35 ; 557.605,38 ; 591.013,13 ; 591.013,13 ; 630.414,00 ; 618.421,76 ; 621.983,74 ; 621.983,74 ; 621.983,74 ; 1.149.049,33 ; 7.916.994,90 
MA;PERITORO;2108454; 1.097.647,79 ; 1.207.412,57 ; 1.317.177,34 ; 1.426.942,12 ; 1.471.340,56 ; 1.559.492,83 ; 1.559.492,83 ; 1.663.459,02 ; 1.682.985,00 ; 1.647.706,87 ; 1.647.706,87 ; 1.647.706,87 ; 3.043.964,60 ; 20.973.035,28 
MA;PINDARE MIRIM;2108504; 1.508.485,69 ; 1.659.334,26 ; 1.810.182,82 ; 1.961.031,39 ; 2.022.047,70 ; 2.143.194,43 ; 2.143.194,43 ; 2.286.074,06 ; 2.267.911,25 ; 2.258.716,63 ; 2.258.716,63 ; 2.258.716,63 ; 4.172.740,66 ; 28.750.346,57 
MA;PINHEIRO;2108603; 2.732.915,84 ; 3.006.207,42 ; 3.279.499,00 ; 3.552.790,59 ; 3.778.671,72 ; 3.910.399,51 ; 3.910.399,51 ; 4.171.092,81 ; 4.088.464,32 ; 4.114.898,00 ; 4.114.898,00 ; 4.114.898,00 ; 7.601.839,90 ; 52.376.974,61 
MA;PIO XII;2108702; 1.054.340,56 ; 1.159.774,61 ; 1.265.208,67 ; 1.370.642,73 ; 1.413.289,44 ; 1.497.963,71 ; 1.497.963,71 ; 1.597.827,95 ; 1.574.350,04 ; 1.577.338,55 ; 1.577.338,55 ; 1.577.338,55 ; 2.913.966,55 ; 20.077.343,60 
MA;PIRAPEMAS;2108801; 771.092,83 ; 848.202,11 ; 925.311,40 ; 1.002.420,68 ; 1.033.610,40 ; 1.095.536,98 ; 1.095.536,98 ; 1.168.572,78 ; 1.144.576,15 ; 1.152.721,72 ; 1.152.721,72 ; 1.152.721,72 ; 2.129.531,76 ; 14.672.557,23 
MA;POCAO DE PEDRAS;2108900; 648.439,81 ; 713.283,79 ; 778.127,78 ; 842.971,76 ; 869.200,31 ; 921.276,62 ; 921.276,62 ; 982.695,06 ; 962.515,42 ; 969.365,33 ; 969.365,33 ; 969.365,33 ; 1.790.800,18 ; 12.338.683,35 
MA;PORTO FRANCO;2109007; 1.068.947,06 ; 1.175.841,76 ; 1.282.736,47 ; 1.389.631,17 ; 1.432.868,71 ; 1.518.716,02 ; 1.518.716,02 ; 1.619.963,75 ; 1.613.771,38 ; 1.601.425,02 ; 1.601.425,02 ; 1.601.425,02 ; 2.958.463,76 ; 20.383.931,17 
MA;PORTO RICO DO MARANHAO;2109056; 250.666,76 ; 275.733,43 ; 300.800,11 ; 325.866,79 ; 336.005,93 ; 356.137,02 ; 356.137,02 ; 379.879,49 ; 372.078,67 ; 374.726,63 ; 374.726,63 ; 374.726,63 ; 692.267,91 ; 4.769.753,02 
MA;PRESIDENTE DUTRA;2109106; 1.298.295,17 ; 1.428.124,68 ; 1.557.954,20 ; 1.687.783,71 ; 1.740.298,08 ; 1.844.564,38 ; 1.844.564,38 ; 1.967.535,34 ; 1.945.722,82 ; 1.943.205,66 ; 1.943.205,66 ; 1.943.205,66 ; 3.589.867,43 ; 24.734.327,16 
MA;PRESIDENTE JUSCELINO;2109205; 509.722,39 ; 560.694,63 ; 611.666,87 ; 662.639,11 ; 683.256,73 ; 724.192,61 ; 724.192,61 ; 772.472,12 ; 766.708,00 ; 763.275,30 ; 763.275,30 ; 763.275,30 ; 1.410.070,59 ; 9.715.441,57 
MA;PRESIDENTE MEDICI;2109239; 239.635,68 ; 263.599,24 ; 287.562,81 ; 311.526,38 ; 321.219,33 ; 340.464,51 ; 340.464,51 ; 363.162,15 ; 356.860,70 ; 358.382,74 ; 358.382,74 ; 358.382,74 ; 662.074,30 ; 4.561.717,83 
MA;PRESIDENTE SARNEY;2109270; 951.033,10 ; 1.046.136,41 ; 1.141.239,72 ; 1.236.343,03 ; 1.274.811,11 ; 1.351.188,72 ; 1.351.188,72 ; 1.441.267,97 ; 1.412.742,17 ; 1.421.853,79 ; 1.421.853,79 ; 1.421.853,79 ; 2.626.724,87 ; 18.098.237,18 
MA;PRESIDENTE VARGAS;2109304; 529.144,11 ; 582.058,53 ; 634.972,94 ; 687.887,35 ; 709.290,56 ; 751.786,20 ; 751.786,20 ; 801.905,28 ; 785.438,15 ; 791.027,87 ; 791.027,87 ; 791.027,87 ; 1.461.340,53 ; 10.068.693,45 
MA;PRIMEIRA CRUZ;2109403; 530.241,68 ; 583.265,85 ; 636.290,01 ; 689.314,18 ; 710.761,78 ; 753.345,57 ; 753.345,57 ; 803.568,61 ; 787.067,33 ; 792.668,63 ; 792.668,63 ; 792.668,63 ; 1.464.371,67 ; 10.089.578,16 
MA;RAPOSA;2109452; 1.130.803,62 ; 1.243.883,98 ; 1.356.964,35 ; 1.470.044,71 ; 1.515.784,26 ; 1.606.599,28 ; 1.606.599,28 ; 1.713.705,90 ; 1.679.680,83 ; 1.690.608,33 ; 1.690.608,33 ; 1.690.608,33 ; 3.123.220,53 ; 21.519.111,75 
MA;RIACHAO;2109502; 612.098,33 ; 673.308,16 ; 734.517,99 ; 795.727,82 ; 820.486,40 ; 869.644,13 ; 869.644,13 ; 927.620,40 ; 916.609,76 ; 916.057,63 ; 916.057,63 ; 916.057,63 ; 1.692.319,82 ; 11.660.149,80 
MA;RIBAMAR FIQUENE;2109551; 242.174,26 ; 266.391,69 ; 290.609,12 ; 314.826,54 ; 324.622,18 ; 344.071,23 ; 344.071,23 ; 367.009,32 ; 361.303,73 ; 362.263,35 ; 362.263,35 ; 362.263,35 ; 669.243,32 ; 4.611.112,69 
MA;ROSARIO;2109601; 1.668.239,85 ; 1.835.063,83 ; 2.001.887,81 ; 2.168.711,79 ; 2.236.189,95 ; 2.370.166,56 ; 2.370.166,56 ; 2.528.177,67 ; 2.491.133,96 ; 2.495.771,37 ; 2.495.771,37 ; 2.495.771,37 ; 4.610.674,28 ; 31.767.726,37 
MA;SAMBAIBA;2109700; 208.342,84 ; 229.177,13 ; 250.011,41 ; 270.845,69 ; 279.272,90 ; 296.004,94 ; 296.004,94 ; 315.738,60 ; 309.254,91 ; 311.455,78 ; 311.455,78 ; 311.455,78 ; 575.381,69 ; 3.964.402,40 
MA;SANTA FILOMENA DO MARANHAO;2109759; 228.655,41 ; 251.520,96 ; 274.386,50 ; 297.252,04 ; 306.500,86 ; 324.864,21 ; 324.864,21 ; 346.521,82 ; 340.028,37 ; 341.900,41 ; 341.900,41 ; 341.900,41 ; 631.624,94 ; 4.351.920,55 
MA;SANTA HELENA;2109809; 1.920.043,14 ; 2.112.047,45 ; 2.304.051,77 ; 2.496.056,08 ; 2.573.719,37 ; 2.727.918,33 ; 2.727.918,33 ; 2.909.779,56 ; 2.868.982,99 ; 2.872.715,14 ; 2.872.715,14 ; 2.872.715,14 ; 5.307.038,14 ; 36.565.700,58 
MA;SANTA INES;2109908; 2.395.328,27 ; 2.634.861,10 ; 2.874.393,93 ; 3.113.926,75 ; 3.210.814,71 ; 3.403.183,90 ; 3.403.183,90 ; 3.630.062,83 ; 3.637.125,84 ; 3.591.177,51 ; 3.591.177,51 ; 3.591.177,51 ; 6.634.321,55 ; 45.710.735,30 
MA;SANTA LUZIA;2110005; 2.506.863,33 ; 2.757.549,66 ; 3.008.235,99 ; 3.258.922,32 ; 3.360.321,72 ; 3.561.648,32 ; 3.561.648,32 ; 3.799.091,54 ; 3.760.352,75 ; 3.752.542,34 ; 3.752.542,34 ; 3.752.542,34 ; 6.932.426,06 ; 47.764.687,04 
MA;SANTA LUZIA DO PARUA;2110039; 848.619,61 ; 933.481,57 ; 1.018.343,53 ; 1.103.205,50 ; 1.137.531,07 ; 1.205.683,85 ; 1.205.683,85 ; 1.286.062,77 ; 1.268.083,87 ; 1.269.687,70 ; 1.269.687,70 ; 1.269.687,70 ; 2.345.614,07 ; 16.161.372,80 
MA;SANTA QUITERIA DO MARANHAO;2110104; 1.356.083,58 ; 1.491.691,94 ; 1.627.300,30 ; 1.762.908,66 ; 1.817.760,51 ; 1.926.667,79 ; 1.926.667,79 ; 2.055.112,31 ; 2.040.476,68 ; 2.030.733,51 ; 2.030.733,51 ; 2.030.733,51 ; 3.751.565,91 ; 25.848.436,02 
MA;SANTA RITA;2110203; 1.642.946,07 ; 1.807.240,68 ; 1.971.535,29 ; 2.135.829,89 ; 2.202.284,95 ; 2.334.230,21 ; 2.334.230,21 ; 2.489.845,56 ; 2.450.784,93 ; 2.457.603,42 ; 2.457.603,42 ; 2.457.603,42 ; 4.540.163,03 ; 31.281.901,10 
MA;SANTANA DO MARANHAO;2110237; 404.222,21 ; 444.644,43 ; 485.066,65 ; 525.488,87 ; 541.839,14 ; 574.302,29 ; 574.302,29 ; 612.589,11 ; 600.009,60 ; 604.279,67 ; 604.279,67 ; 604.279,67 ; 1.116.342,93 ; 7.691.646,49 
MA;SANTO AMARO DO MARANHAO;2110278; 467.736,17 ; 514.509,79 ; 561.283,41 ; 608.057,03 ; 626.976,36 ; 664.540,32 ; 664.540,32 ; 708.843,01 ; 694.286,91 ; 699.227,93 ; 699.227,93 ; 699.227,93 ; 1.291.749,84 ; 8.900.206,95 
MA;SANTO ANTONIO DOS LOPES;2110302; 520.445,68 ; 572.490,25 ; 624.534,82 ; 676.579,38 ; 697.630,74 ; 739.427,82 ; 739.427,82 ; 788.723,01 ; 772.526,58 ; 778.024,40 ; 778.024,40 ; 778.024,40 ; 1.437.318,00 ; 9.903.177,31 
MA;SAO BENEDITO DO RIO PRETO;2110401; 844.167,74 ; 928.584,52 ; 1.013.001,29 ; 1.097.418,07 ; 1.131.563,57 ; 1.199.358,81 ; 1.199.358,81 ; 1.279.316,07 ; 1.253.045,31 ; 1.261.962,83 ; 1.261.962,83 ; 1.261.962,83 ; 2.331.343,19 ; 16.063.045,89 
MA;SAO BENTO;2110500; 1.408.746,20 ; 1.549.620,82 ; 1.690.495,44 ; 1.831.370,06 ; 1.888.352,04 ; 2.001.488,66 ; 2.001.488,66 ; 2.134.921,24 ; 2.110.713,37 ; 2.108.453,26 ; 2.108.453,26 ; 2.108.453,26 ; 3.895.144,95 ; 26.837.701,22 
MA;SAO BERNARDO;2110609; 1.480.115,81 ; 1.628.127,39 ; 1.776.138,97 ; 1.924.150,55 ; 1.984.019,33 ; 2.102.887,67 ; 2.102.887,67 ; 2.243.080,18 ; 2.203.621,05 ; 2.213.491,76 ; 2.213.491,76 ; 2.213.491,76 ; 4.089.192,49 ; 28.174.696,38 
MA;SAO DOMINGOS DO AZEITAO;2110658; 265.737,11 ; 292.310,82 ; 318.884,54 ; 345.458,25 ; 356.206,97 ; 377.548,36 ; 377.548,36 ; 402.718,25 ; 394.448,44 ; 397.255,60 ; 397.255,60 ; 397.255,60 ; 733.887,80 ; 5.056.515,70 
MA;SAO DOMINGOS DO MARANHAO;2110708; 1.091.728,69 ; 1.200.901,57 ; 1.310.074,44 ; 1.419.247,31 ; 1.463.406,33 ; 1.551.083,24 ; 1.551.083,24 ; 1.654.488,78 ; 1.625.350,11 ; 1.632.660,18 ; 1.632.660,18 ; 1.632.660,18 ; 3.016.167,42 ; 20.781.511,65 
MA;SAO FELIX DE BALSAS;2110807; 141.277,25 ; 155.404,97 ; 169.532,70 ; 183.660,42 ; 189.374,91 ; 200.720,90 ; 200.720,90 ; 214.102,30 ; 209.705,71 ; 211.198,12 ; 211.198,12 ; 211.198,12 ; 390.166,23 ; 2.688.260,64 
MA;SAO FRANCISCO DO BREJAO;2110856; 307.558,51 ; 338.314,35 ; 369.070,20 ; 399.826,05 ; 412.266,40 ; 436.966,47 ; 436.966,47 ; 466.097,57 ; 457.855,71 ; 459.943,89 ; 459.943,89 ; 459.943,89 ; 849.697,82 ; 5.854.451,23 
MA;SAO FRANCISCO DO MARANHAO;2110906; 478.646,22 ; 526.510,84 ; 574.375,46 ; 622.240,08 ; 641.600,70 ; 680.040,86 ; 680.040,86 ; 725.376,92 ; 710.481,31 ; 715.537,57 ; 715.537,57 ; 715.537,57 ; 1.321.880,16 ; 9.107.806,10 
MA;SAO JOAO BATISTA;2111003; 614.211,67 ; 675.632,83 ; 737.054,00 ; 798.475,17 ; 823.319,24 ; 872.646,68 ; 872.646,68 ; 930.823,12 ; 911.887,35 ; 918.219,68 ; 918.219,68 ; 918.219,68 ; 1.696.313,98 ; 11.687.669,76 
MA;SAO JOAO DO CARU;2111029; 561.636,20 ; 617.799,82 ; 673.963,44 ; 730.127,06 ; 752.844,52 ; 797.949,61 ; 797.949,61 ; 851.146,26 ; 841.136,38 ; 840.548,54 ; 840.548,54 ; 840.548,54 ; 1.552.824,74 ; 10.699.023,25 
MA;SAO JOAO DO PARAISO;2111052; 447.020,06 ; 491.722,07 ; 536.424,08 ; 581.126,08 ; 599.207,48 ; 635.107,72 ; 635.107,72 ; 677.448,24 ; 672.035,22 ; 669.337,33 ; 669.337,33 ; 669.337,33 ; 1.236.530,09 ; 8.519.740,74 
MA;SAO JOAO DO SOTER;2111078; 796.844,17 ; 876.528,59 ; 956.213,00 ; 1.035.897,42 ; 1.028.845,11 ; 1.122.728,08 ; 1.122.728,08 ; 1.197.576,62 ; 1.197.277,75 ; 1.184.414,57 ; 1.184.414,57 ; 1.184.414,57 ; 2.188.080,96 ; 15.075.963,51 
MA;SAO JOAO DOS PATOS;2111102; 797.105,84 ; 876.816,43 ; 956.527,01 ; 1.036.237,60 ; 1.068.479,51 ; 1.132.495,20 ; 1.132.495,20 ; 1.207.994,88 ; 1.212.591,21 ; 1.195.339,79 ; 1.195.339,79 ; 1.195.339,79 ; 2.208.264,14 ; 15.215.026,38 
MA;SAO JOSE DE RIBAMAR;2111201; 7.669.929,54 ; 8.436.922,48 ; 9.203.915,44 ; 9.970.908,39 ; 10.236.146,73 ; 10.886.357,84 ; 10.886.357,84 ; 11.612.115,02 ; 11.405.269,08 ; 11.458.613,59 ; 11.458.613,59 ; 11.458.613,59 ; 21.168.579,66 ; 145.852.342,77 
MA;SAO JOSE DOS BASILIOS;2111250; 271.515,58 ; 298.667,13 ; 325.818,69 ; 352.970,25 ; 363.952,70 ; 385.758,16 ; 385.758,16 ; 411.475,38 ; 403.025,73 ; 405.893,93 ; 405.893,93 ; 405.893,93 ; 749.846,22 ; 5.166.469,81 
MA;SAO LUIS;2111300; 15.550.720,56 ; 17.105.792,62 ; 18.660.864,67 ; 20.215.936,73 ; 20.717.687,69 ; 22.063.388,90 ; 22.063.388,90 ; 23.534.281,49 ; 23.231.772,25 ; 23.237.988,07 ; 23.237.988,07 ; 23.237.988,07 ; 42.929.731,23 ; 295.787.529,26 
MA;SAO LUIS GONZAGA DO MARANHAO;2111409; 915.409,79 ; 1.006.950,77 ; 1.098.491,75 ; 1.190.032,73 ; 1.227.059,87 ; 1.300.576,58 ; 1.300.576,58 ; 1.387.281,69 ; 1.386.975,40 ; 1.372.039,74 ; 1.372.039,74 ; 1.372.039,74 ; 2.534.698,66 ; 17.464.173,03 
MA;SAO MATEUS DO MARANHAO;2111508; 1.528.754,09 ; 1.681.629,50 ; 1.834.504,91 ; 1.987.380,31 ; 2.049.216,46 ; 2.171.990,94 ; 2.171.990,94 ; 2.316.790,33 ; 2.274.119,18 ; 2.285.986,58 ; 2.285.986,58 ; 2.285.986,58 ; 4.223.119,02 ; 29.097.455,40 
MA;SAO PEDRO DA AGUA BRANCA;2111532; 377.849,10 ; 415.634,01 ; 453.418,92 ; 491.203,83 ; 506.487,34 ; 536.832,46 ; 536.832,46 ; 572.621,29 ; 563.463,17 ; 565.183,97 ; 565.183,97 ; 565.183,97 ; 1.044.117,76 ; 7.194.012,25 
MA;SAO PEDRO DOS CRENTES;2111573; 194.387,54 ; 213.826,29 ; 233.265,05 ; 252.703,80 ; 260.566,53 ; 276.177,82 ; 276.177,82 ; 294.589,68 ; 288.540,28 ; 290.593,73 ; 290.593,73 ; 290.593,73 ; 536.841,25 ; 3.698.857,26 
MA;SAO RAIMUNDO DAS MANGABEIRAS;2111607; 600.722,03 ; 660.794,23 ; 720.866,43 ; 780.938,63 ; 805.237,07 ; 853.481,15 ; 853.481,15 ; 910.379,89 ; 896.503,24 ; 898.642,41 ; 898.642,41 ; 898.642,41 ; 1.660.147,03 ; 11.438.478,07 
MA;SAO RAIMUNDO DO DOCA BEZERRA;2111631; 225.475,30 ; 248.022,84 ; 270.570,37 ; 293.117,90 ; 302.238,09 ; 320.346,04 ; 320.346,04 ; 341.702,45 ; 334.685,59 ; 337.067,44 ; 337.067,44 ; 337.067,44 ; 622.696,53 ; 4.290.403,46 
MA;SAO ROBERTO;2111672; 227.617,79 ; 250.379,57 ; 273.141,35 ; 295.903,13 ; 305.109,98 ; 323.390,00 ; 323.390,00 ; 344.949,33 ; 339.125,01 ; 340.430,05 ; 340.430,05 ; 340.430,05 ; 628.908,60 ; 4.333.204,91 
MA;SAO VICENTE FERRER;2111706; 655.822,32 ; 721.404,56 ; 786.986,79 ; 852.569,03 ; 879.096,20 ; 931.765,39 ; 931.765,39 ; 993.883,08 ; 977.749,58 ; 980.944,14 ; 980.944,14 ; 980.944,14 ; 1.812.190,80 ; 12.486.065,56 
MA;SATUBINHA;2111722; 524.555,74 ; 577.011,32 ; 629.466,90 ; 681.922,47 ; 703.140,08 ; 745.267,23 ; 745.267,23 ; 794.951,71 ; 796.798,87 ; 786.474,29 ; 786.474,29 ; 786.474,29 ; 1.452.928,28 ; 10.010.732,71 
MA;SENADOR ALEXANDRE COSTA;2111748; 460.500,32 ; 506.550,35 ; 552.600,38 ; 598.650,42 ; 617.277,07 ; 654.259,92 ; 654.259,92 ; 697.877,25 ; 683.700,22 ; 688.430,44 ; 688.430,44 ; 688.430,44 ; 1.271.802,61 ; 8.762.769,77 
MA;SENADOR LA ROCQUE;2111763; 551.777,44 ; 606.955,18 ; 662.132,92 ; 717.310,66 ; 739.629,35 ; 783.942,69 ; 783.942,69 ; 836.205,53 ; 819.187,26 ; 824.882,29 ; 824.882,29 ; 824.882,29 ; 1.523.883,01 ; 10.499.613,61 
MA;SERRANO DO MARANHAO;2111789; 830.187,31 ; 913.206,04 ; 996.224,77 ; 1.079.243,50 ; 1.112.823,52 ; 1.179.495,99 ; 1.179.495,99 ; 1.258.129,05 ; 1.235.599,68 ; 1.241.482,73 ; 1.241.482,73 ; 1.241.482,73 ; 2.293.508,36 ; 15.802.362,39 
MA;SITIO NOVO;2111805; 717.391,72 ; 789.130,90 ; 860.870,07 ; 932.609,24 ; 961.626,82 ; 1.019.240,66 ; 1.019.240,66 ; 1.087.190,04 ; 1.067.652,39 ; 1.072.796,62 ; 1.072.796,62 ; 1.072.796,62 ; 1.981.878,56 ; 13.655.220,90 
MA;SUCUPIRA DO NORTE;2111904; 407.770,80 ; 448.547,88 ; 489.324,96 ; 530.102,04 ; 546.595,86 ; 579.343,99 ; 579.343,99 ; 617.966,92 ; 605.276,97 ; 609.584,53 ; 609.584,53 ; 609.584,53 ; 1.126.143,11 ; 7.759.170,13 
MA;SUCUPIRA DO RIACHAO;2111953; 157.491,58 ; 173.240,74 ; 188.989,90 ; 204.739,06 ; 211.109,39 ; 223.757,56 ; 223.757,56 ; 238.674,73 ; 233.773,54 ; 235.437,24 ; 235.437,24 ; 235.437,24 ; 434.945,46 ; 2.996.791,24 
MA;TASSO FRAGOSO;2112001; 321.208,12 ; 353.328,93 ; 385.449,74 ; 417.570,55 ; 430.563,01 ; 456.359,28 ; 456.359,28 ; 486.783,24 ; 478.146,83 ; 480.352,81 ; 480.352,81 ; 480.352,81 ; 887.401,13 ; 6.114.228,53 
MA;TIMBIRAS;2112100; 890.586,63 ; 979.645,29 ; 1.068.703,95 ; 1.157.762,62 ; 1.193.785,70 ; 1.265.308,86 ; 1.265.308,86 ; 1.349.662,78 ; 1.326.003,32 ; 1.331.869,96 ; 1.331.869,96 ; 1.331.869,96 ; 2.460.489,22 ; 16.952.867,10 
MA;TIMON;2112209; 5.288.414,34 ; 5.817.255,77 ; 6.346.097,21 ; 6.874.938,64 ; 7.088.848,22 ; 7.513.561,61 ; 7.513.561,61 ; 8.014.465,72 ; 7.934.955,82 ; 7.916.547,45 ; 7.916.547,45 ; 7.916.547,45 ; 14.624.986,18 ; 100.766.727,49 
MA;TRIZIDELA DO VALE;2112233; 696.719,04 ; 766.390,94 ; 836.062,84 ; 905.734,75 ; 933.916,13 ; 989.869,75 ; 989.869,75 ; 1.055.861,07 ; 1.040.419,62 ; 1.042.330,72 ; 1.042.330,72 ; 1.042.330,72 ; 1.925.596,04 ; 13.267.432,11 
MA;TUFILANDIA;2112274; 275.536,64 ; 303.090,30 ; 330.643,97 ; 358.197,63 ; 369.342,73 ; 391.471,13 ; 391.471,13 ; 417.569,20 ; 408.994,42 ; 411.905,10 ; 411.905,10 ; 411.905,10 ; 760.951,22 ; 5.242.983,68 
MA;TUNTUM;2112308; 1.351.543,30 ; 1.486.697,63 ; 1.621.851,96 ; 1.757.006,29 ; 1.811.674,48 ; 1.920.217,14 ; 1.920.217,14 ; 2.048.231,62 ; 2.034.048,92 ; 2.023.985,69 ; 2.023.985,69 ; 2.023.985,69 ; 3.739.100,02 ; 25.762.545,58 
MA;TURIACU;2112407; 1.760.577,29 ; 1.936.635,02 ; 2.112.692,75 ; 2.288.750,48 ; 2.335.294,09 ; 2.495.455,69 ; 2.495.455,69 ; 2.661.819,40 ; 2.608.945,19 ; 2.625.939,90 ; 2.625.939,90 ; 2.625.939,90 ; 4.851.146,92 ; 33.424.592,25 
MA;TURILANDIA;2112456; 1.407.658,45 ; 1.548.424,30 ; 1.689.190,15 ; 1.829.955,99 ; 1.783.117,54 ; 1.975.123,35 ; 1.975.123,35 ; 2.106.798,24 ; 2.085.004,44 ; 2.080.944,77 ; 2.080.944,77 ; 2.080.944,77 ; 3.844.325,91 ; 26.487.556,02 
MA;TUTOIA;2112506; 2.097.343,27 ; 2.307.077,60 ; 2.516.811,92 ; 2.726.546,25 ; 2.811.381,10 ; 2.979.819,07 ; 2.979.819,07 ; 3.178.473,67 ; 3.149.641,21 ; 3.139.982,72 ; 3.139.982,72 ; 3.139.982,72 ; 5.800.786,79 ; 39.967.648,10 
MA;URBANO SANTOS;2112605; 1.497.912,50 ; 1.647.703,74 ; 1.797.494,99 ; 1.947.286,24 ; 2.007.874,87 ; 2.128.172,47 ; 2.128.172,47 ; 2.270.050,63 ; 2.264.195,16 ; 2.244.430,41 ; 2.244.430,41 ; 2.244.430,41 ; 4.146.348,37 ; 28.568.502,67 
MA;VARGEM GRANDE;2112704; 2.677.000,75 ; 2.944.700,83 ; 3.212.400,91 ; 3.480.100,98 ; 3.588.382,24 ; 3.803.372,59 ; 3.803.372,59 ; 4.056.930,76 ; 3.973.621,69 ; 4.001.900,68 ; 4.001.900,68 ; 4.001.900,68 ; 7.393.089,28 ; 50.938.674,65 
MA;VIANA;2112803; 1.934.897,82 ; 2.128.387,61 ; 2.321.877,39 ; 2.515.367,17 ; 2.593.631,31 ; 2.749.023,26 ; 2.749.023,26 ; 2.932.291,47 ; 2.957.277,56 ; 2.903.327,11 ; 2.903.327,11 ; 2.903.327,11 ; 5.363.590,52 ; 36.955.348,69 
MA;VILA NOVA DOS MARTIRIOS;2112852; 494.471,54 ; 543.918,69 ; 593.365,85 ; 642.813,00 ; 662.813,74 ; 702.524,83 ; 702.524,83 ; 749.359,82 ; 735.293,02 ; 739.362,81 ; 739.362,81 ; 739.362,81 ; 1.365.894,78 ; 9.411.068,53 
MA;VITORIA DO MEARIM;2112902; 972.876,34 ; 1.070.163,98 ; 1.167.451,61 ; 1.264.739,25 ; 1.304.090,85 ; 1.382.222,70 ; 1.382.222,70 ; 1.474.370,88 ; 1.466.232,76 ; 1.457.180,80 ; 1.457.180,80 ; 1.457.180,80 ; 2.691.987,79 ; 18.547.901,26 
MA;VITORINO FREIRE;2113009; 1.138.511,06 ; 1.252.362,16 ; 1.366.213,27 ; 1.480.064,38 ; 1.526.115,69 ; 1.617.549,69 ; 1.617.549,69 ; 1.725.386,34 ; 1.714.694,13 ; 1.705.121,33 ; 1.705.121,33 ; 1.705.121,33 ; 3.150.031,76 ; 21.703.842,16 
MA;ZE DOCA;2114007; 2.465.650,07 ; 2.712.215,07 ; 2.958.780,08 ; 3.205.345,09 ; 3.305.077,47 ; 3.503.094,22 ; 3.503.094,22 ; 3.736.633,83 ; 3.659.902,06 ; 3.685.948,41 ; 3.685.948,41 ; 3.685.948,41 ; 6.809.400,80 ; 46.917.038,14 
MA;MARANHÃO;21; 70.305.381,90 ; 77.335.920,09 ; 84.366.458,28 ; 91.396.996,47 ; 93.866.313,38 ; 99.797.440,35 ; 99.797.440,35 ; 106.450.603,04 ; 104.610.485,75 ; 105.050.540,19 ; 105.050.540,19 ; 105.050.540,19 ; 194.069.789,58 ; 1.337.148.449,74 
PA;ABAETETUBA;1500107; 3.418.987,59 ; 3.760.886,35 ; 4.102.785,11 ; 4.444.683,87 ; 4.615.246,34 ; 4.891.015,31 ; 4.891.015,31 ; 5.217.082,99 ; 5.500.608,52 ; 5.442.215,83 ; 5.442.215,83 ; 5.442.215,83 ; 10.053.919,55 ; 67.222.878,42 
PA;ABEL FIGUEIREDO;1500131; 176.350,58 ; 193.985,64 ; 211.620,70 ; 229.255,75 ; 238.053,32 ; 252.277,43 ; 252.277,43 ; 269.095,92 ; 280.945,26 ; 280.338,47 ; 280.338,47 ; 280.338,47 ; 517.895,75 ; 3.462.773,19 
PA;ACARA;1500206; 2.305.298,40 ; 2.535.828,24 ; 2.766.358,09 ; 2.996.887,93 ; 3.111.891,97 ; 3.297.832,91 ; 3.297.832,91 ; 3.517.688,44 ; 3.694.435,93 ; 3.667.565,37 ; 3.667.565,37 ; 3.667.565,37 ; 6.775.440,06 ; 45.302.190,97 
PA;AFUA;1500305; 1.658.223,85 ; 1.824.046,24 ; 1.989.868,62 ; 2.155.691,01 ; 2.238.414,55 ; 2.372.163,70 ; 2.372.163,70 ; 2.530.307,95 ; 2.616.012,15 ; 2.632.595,11 ; 2.632.595,11 ; 2.632.595,11 ; 4.863.441,70 ; 32.518.118,78 
PA;AGUA AZUL DO NORTE;1500347; 389.083,22 ; 427.991,54 ; 466.899,86 ; 505.808,19 ; 525.218,32 ; 556.601,02 ; 556.601,02 ; 593.707,76 ; 624.401,98 ; 619.118,67 ; 619.118,67 ; 619.118,67 ; 1.143.756,43 ; 7.647.425,37 
PA;ALENQUER;1500404; 1.585.151,29 ; 1.743.666,42 ; 1.902.181,55 ; 2.060.696,68 ; 2.130.233,85 ; 2.265.336,15 ; 2.265.336,15 ; 2.416.358,56 ; 2.513.806,54 ; 2.516.118,48 ; 2.516.118,48 ; 2.516.118,48 ; 4.648.263,43 ; 31.079.386,08 
PA;ALMEIRIM;1500503; 1.335.019,80 ; 1.468.521,78 ; 1.602.023,76 ; 1.735.525,74 ; 1.802.125,65 ; 1.909.805,78 ; 1.909.805,78 ; 2.037.126,17 ; 2.118.306,21 ; 2.121.099,60 ; 2.121.099,60 ; 2.121.099,60 ; 3.918.507,72 ; 26.200.067,18 
PA;ALTAMIRA;1500602; 3.237.768,25 ; 3.561.545,07 ; 3.885.321,89 ; 4.209.098,72 ; 4.370.620,74 ; 4.631.772,90 ; 4.631.772,90 ; 4.940.557,76 ; 5.162.151,27 ; 5.147.507,75 ; 5.147.507,75 ; 5.147.507,75 ; 9.509.477,48 ; 63.582.610,22 
PA;ANAJAS;1500701; 1.344.195,57 ; 1.478.615,13 ; 1.613.034,69 ; 1.747.454,25 ; 1.814.511,92 ; 1.922.932,14 ; 1.922.932,14 ; 2.051.127,62 ; 2.112.293,20 ; 2.132.936,94 ; 2.132.936,94 ; 2.132.936,94 ; 3.940.375,97 ; 26.346.283,46 
PA;ANANINDEUA;1500800; 5.038.923,41 ; 5.542.815,75 ; 6.046.708,10 ; 6.550.600,44 ; 6.801.976,39 ; 7.208.406,26 ; 7.208.406,26 ; 7.688.966,68 ; 8.028.250,88 ; 8.010.298,34 ; 8.010.298,34 ; 8.010.298,34 ; 14.798.181,06 ; 98.944.130,27 
PA;ANAPU;1500859; 1.118.896,92 ; 1.230.786,61 ; 1.342.676,30 ; 1.454.565,99 ; 1.510.384,22 ; 1.600.632,29 ; 1.600.632,29 ; 1.707.341,11 ; 1.774.360,90 ; 1.777.584,62 ; 1.777.584,62 ; 1.777.584,62 ; 3.283.900,04 ; 21.956.930,51 
PA;AUGUSTO CORREA;1500909; 1.503.788,71 ; 1.654.167,59 ; 1.804.546,46 ; 1.954.925,33 ; 2.029.944,59 ; 2.151.237,30 ; 2.151.237,30 ; 2.294.653,12 ; 2.407.348,01 ; 2.392.074,06 ; 2.392.074,06 ; 2.392.074,06 ; 4.419.104,44 ; 29.547.175,01 
PA;AURORA DO PARA;1500958; 747.608,68 ; 822.369,55 ; 897.130,42 ; 971.891,29 ; 1.009.187,12 ; 1.069.487,80 ; 1.069.487,80 ; 1.140.786,99 ; 1.191.820,79 ; 1.188.554,57 ; 1.188.554,57 ; 1.188.554,57 ; 2.195.729,17 ; 14.681.163,33 
PA;AVEIRO;1501006; 551.130,17 ; 606.243,18 ; 661.356,19 ; 716.469,21 ; 743.963,34 ; 788.416,45 ; 788.416,45 ; 840.977,55 ; 884.546,22 ; 876.983,80 ; 876.983,80 ; 876.983,80 ; 1.620.135,05 ; 10.832.605,20 
PA;BAGRE;1501105; 889.356,54 ; 978.292,20 ; 1.067.227,85 ; 1.156.163,50 ; 1.200.530,68 ; 1.272.264,48 ; 1.272.264,48 ; 1.357.082,11 ; 1.451.733,45 ; 1.418.429,19 ; 1.418.429,19 ; 1.418.429,19 ; 2.620.398,27 ; 17.520.601,12 
PA;BAIAO;1501204; 1.008.379,29 ; 1.109.217,22 ; 1.210.055,15 ; 1.310.893,08 ; 1.361.197,94 ; 1.442.531,87 ; 1.442.531,87 ; 1.538.700,66 ; 1.585.994,33 ; 1.600.259,55 ; 1.600.259,55 ; 1.600.259,55 ; 2.956.310,68 ; 19.766.590,75 
PA;BANNACH;1501253; 111.578,99 ; 122.736,89 ; 133.894,79 ; 145.052,69 ; 150.619,02 ; 159.618,76 ; 159.618,76 ; 170.260,01 ; 174.875,74 ; 176.989,34 ; 176.989,34 ; 176.989,34 ; 326.969,14 ; 2.186.192,82 
PA;BARCARENA;1501303; 3.142.723,79 ; 3.456.996,17 ; 3.771.268,55 ; 4.085.540,93 ; 4.237.255,02 ; 4.494.589,40 ; 4.494.589,40 ; 4.794.228,69 ; 5.002.302,53 ; 4.994.122,30 ; 4.994.122,30 ; 4.994.122,30 ; 9.226.114,04 ; 61.687.975,39 
PA;BELEM;1501402; 8.237.324,42 ; 9.061.056,86 ; 9.884.789,30 ; 10.708.521,74 ; 11.109.353,49 ; 11.781.433,63 ; 11.781.433,63 ; 12.566.862,54 ; 12.909.181,13 ; 13.063.771,03 ; 13.063.771,03 ; 13.063.771,03 ; 24.133.938,67 ; 161.365.208,51 
PA;BELTERRA;1501451; 543.314,53 ; 597.645,98 ; 651.977,44 ; 706.308,89 ; 733.413,13 ; 777.235,84 ; 777.235,84 ; 829.051,56 ; 871.847,71 ; 864.526,60 ; 864.526,60 ; 864.526,60 ; 1.597.121,68 ; 10.678.732,37 
PA;BENEVIDES;1501501; 1.445.785,83 ; 1.590.364,41 ; 1.734.942,99 ; 1.879.521,57 ; 1.951.647,25 ; 2.068.261,56 ; 2.068.261,56 ; 2.206.145,66 ; 2.269.676,94 ; 2.293.837,14 ; 2.293.837,14 ; 2.293.837,14 ; 4.237.622,11 ; 28.333.741,29 
PA;BOM JESUS DO TOCANTINS;1501576; 396.986,69 ; 436.685,35 ; 476.384,02 ; 516.082,69 ; 535.887,10 ; 567.907,28 ; 567.907,28 ; 605.767,77 ; 631.763,21 ; 630.985,67 ; 630.985,67 ; 630.985,67 ; 1.165.679,45 ; 7.794.007,82 
PA;BONITO;1501600; 258.937,22 ; 284.830,95 ; 310.724,67 ; 336.618,39 ; 349.535,95 ; 370.421,33 ; 370.421,33 ; 395.116,09 ; 415.509,34 ; 412.022,68 ; 412.022,68 ; 412.022,68 ; 761.168,43 ; 5.089.351,75 
PA;BRAGANCA;1501709; 2.355.880,22 ; 2.591.468,25 ; 2.827.056,27 ; 3.062.644,29 ; 3.180.171,71 ; 3.370.192,47 ; 3.370.192,47 ; 3.594.871,97 ; 3.806.501,34 ; 3.752.168,67 ; 3.752.168,67 ; 3.752.168,67 ; 6.931.735,74 ; 46.347.220,75 
PA;BRASIL NOVO;1501725; 807.057,67 ; 887.763,44 ; 968.469,21 ; 1.049.174,97 ; 1.089.436,53 ; 1.154.532,25 ; 1.154.532,25 ; 1.231.501,06 ; 1.286.052,48 ; 1.282.995,05 ; 1.282.995,05 ; 1.282.995,05 ; 2.370.197,98 ; 15.847.702,99 
PA;BREJO GRANDE DO ARAGUAIA;1501758; 241.375,05 ; 265.512,56 ; 289.650,07 ; 313.787,57 ; 325.829,02 ; 345.297,86 ; 345.297,86 ; 368.317,72 ; 387.504,52 ; 384.101,19 ; 384.101,19 ; 384.101,19 ; 709.586,42 ; 4.744.462,20 
PA;BREU BRANCO;1501782; 1.215.371,99 ; 1.336.909,19 ; 1.458.446,39 ; 1.579.983,59 ; 1.640.614,66 ; 1.738.644,22 ; 1.738.644,22 ; 1.854.553,84 ; 1.917.757,54 ; 1.929.575,48 ; 1.929.575,48 ; 1.929.575,48 ; 3.564.687,12 ; 23.834.339,18 
PA;BREVES;1501808; 4.281.142,58 ; 4.709.256,84 ; 5.137.371,10 ; 5.565.485,36 ; 5.779.058,02 ; 6.124.366,75 ; 6.124.366,75 ; 6.532.657,87 ; 6.824.887,29 ; 6.806.194,74 ; 6.806.194,74 ; 6.806.194,74 ; 12.573.726,69 ; 84.070.903,48 
PA;BUJARU;1501907; 987.189,32 ; 1.085.908,25 ; 1.184.627,18 ; 1.283.346,12 ; 1.332.593,87 ; 1.412.218,66 ; 1.412.218,66 ; 1.506.366,57 ; 1.547.204,04 ; 1.565.904,01 ; 1.565.904,01 ; 1.565.904,01 ; 2.892.842,44 ; 19.342.227,14 
PA;CACHOEIRA DO ARARI;1502004; 548.411,36 ; 603.252,50 ; 658.093,63 ; 712.934,77 ; 740.293,28 ; 784.527,08 ; 784.527,08 ; 836.828,89 ; 863.352,37 ; 870.414,90 ; 870.414,90 ; 870.414,90 ; 1.607.999,69 ; 10.751.465,34 
PA;CACHOEIRA DO PIRIA;1501956; 696.037,43 ; 765.641,17 ; 835.244,91 ; 904.848,65 ; 939.571,76 ; 995.712,80 ; 995.712,80 ; 1.062.093,65 ; 1.099.666,60 ; 1.105.241,59 ; 1.105.241,59 ; 1.105.241,59 ; 2.041.817,23 ; 13.652.071,79 
PA;CAMETA;1502103; 3.887.500,21 ; 4.276.250,22 ; 4.665.000,24 ; 5.053.750,26 ; 5.247.685,35 ; 5.561.243,65 ; 5.561.243,65 ; 5.931.993,22 ; 6.170.607,64 ; 6.176.815,16 ; 6.176.815,16 ; 6.176.815,16 ; 11.411.014,32 ; 76.296.734,25 
PA;CANAA DOS CARAJAS;1502152; 2.352.485,64 ; 2.587.734,21 ; 2.822.982,78 ; 3.058.231,34 ; 3.175.589,41 ; 3.365.336,38 ; 3.365.336,38 ; 3.589.692,14 ; 3.687.382,91 ; 3.731.620,56 ; 3.731.620,56 ; 3.731.620,56 ; 6.893.775,28 ; 46.093.408,15 
PA;CAPANEMA;1502202; 992.721,15 ; 1.091.993,26 ; 1.191.265,38 ; 1.290.537,49 ; 1.340.061,21 ; 1.420.132,19 ; 1.420.132,19 ; 1.514.807,67 ; 1.617.818,41 ; 1.582.932,79 ; 1.582.932,79 ; 1.582.932,79 ; 2.924.301,32 ; 19.552.568,65 
PA;CAPITAO POCO;1502301; 1.315.703,31 ; 1.447.273,64 ; 1.578.843,97 ; 1.710.414,30 ; 1.776.050,57 ; 1.882.172,68 ; 1.882.172,68 ; 2.007.650,85 ; 2.085.286,31 ; 2.090.093,46 ; 2.090.093,46 ; 2.090.093,46 ; 3.861.227,16 ; 25.817.075,85 
PA;CASTANHAL;1502400; 3.316.393,85 ; 3.648.033,24 ; 3.979.672,63 ; 4.311.312,01 ; 4.476.756,41 ; 4.744.250,36 ; 4.744.250,36 ; 5.060.533,72 ; 5.359.400,84 ; 5.282.088,89 ; 5.282.088,89 ; 5.282.088,89 ; 9.758.101,94 ; 65.244.972,06 
PA;CHAVES;1502509; 1.097.628,79 ; 1.207.391,67 ; 1.317.154,55 ; 1.426.917,42 ; 1.481.674,65 ; 1.570.207,28 ; 1.570.207,28 ; 1.674.887,77 ; 1.725.740,85 ; 1.741.811,62 ; 1.741.811,62 ; 1.741.811,62 ; 3.217.813,20 ; 21.515.058,33 
PA;COLARES;1502608; 293.058,84 ; 322.364,72 ; 351.670,60 ; 380.976,48 ; 395.596,26 ; 419.233,82 ; 419.233,82 ; 447.182,75 ; 460.073,33 ; 464.959,41 ; 464.959,41 ; 464.959,41 ; 858.963,45 ; 5.743.232,30 
PA;CONCEICAO DO ARAGUAIA;1502707; 808.682,80 ; 889.551,08 ; 970.419,36 ; 1.051.287,64 ; 1.091.630,27 ; 1.156.857,07 ; 1.156.857,07 ; 1.233.980,87 ; 1.313.331,76 ; 1.288.868,42 ; 1.288.868,42 ; 1.288.868,42 ; 2.381.048,43 ; 15.920.251,61 
PA;CONCORDIA DO PARA;1502756; 1.405.824,23 ; 1.546.406,65 ; 1.686.989,07 ; 1.827.571,49 ; 1.897.703,61 ; 2.011.094,69 ; 2.011.094,69 ; 2.145.167,67 ; 2.248.037,27 ; 2.235.911,15 ; 2.235.911,15 ; 2.235.911,15 ; 4.130.609,95 ; 27.618.232,77 
PA;CUMARU DO NORTE;1502764; 533.919,19 ; 587.311,11 ; 640.703,03 ; 694.094,95 ; 720.730,49 ; 763.795,38 ; 763.795,38 ; 814.715,07 ; 841.899,88 ; 847.595,07 ; 847.595,07 ; 847.595,07 ; 1.565.842,46 ; 10.469.592,13 
PA;CURIONOPOLIS;1502772; 736.547,68 ; 810.202,45 ; 883.857,22 ; 957.511,99 ; 994.256,01 ; 1.053.664,54 ; 1.053.664,54 ; 1.123.908,84 ; 1.177.980,65 ; 1.171.475,12 ; 1.171.475,12 ; 1.171.475,12 ; 2.164.176,69 ; 14.470.195,97 
PA;CURRALINHO;1502806; 1.343.971,09 ; 1.478.368,19 ; 1.612.765,30 ; 1.747.162,41 ; 1.814.208,88 ; 1.922.611,00 ; 1.922.611,00 ; 2.050.785,07 ; 2.109.755,88 ; 2.132.289,64 ; 2.132.289,64 ; 2.132.289,64 ; 3.939.180,14 ; 26.338.287,88 
PA;CURUA;1502855; 461.934,72 ; 508.128,19 ; 554.321,66 ; 600.515,13 ; 623.559,60 ; 660.818,36 ; 660.818,36 ; 704.872,92 ; 726.541,81 ; 733.073,32 ; 733.073,32 ; 733.073,32 ; 1.354.275,62 ; 9.055.006,33 
PA;CURUCA;1502905; 977.623,57 ; 1.075.385,93 ; 1.173.148,29 ; 1.270.910,64 ; 1.319.681,19 ; 1.398.534,43 ; 1.398.534,43 ; 1.491.770,06 ; 1.568.076,46 ; 1.555.509,53 ; 1.555.509,53 ; 1.555.509,53 ; 2.873.639,74 ; 19.213.833,32 
PA;DOM ELISEU;1502939; 1.293.363,24 ; 1.422.699,56 ; 1.552.035,88 ; 1.681.372,21 ; 1.745.894,01 ; 1.850.214,20 ; 1.850.214,20 ; 1.973.561,81 ; 2.028.850,90 ; 2.051.802,60 ; 2.051.802,60 ; 2.051.802,60 ; 3.790.488,82 ; 25.344.102,62 
PA;ELDORADO DO CARAJAS;1502954; 836.901,15 ; 920.591,26 ; 1.004.281,37 ; 1.087.971,49 ; 1.129.721,84 ; 1.197.224,68 ; 1.197.224,68 ; 1.277.039,65 ; 1.337.498,24 ; 1.330.956,12 ; 1.330.956,12 ; 1.330.956,12 ; 2.458.801,01 ; 16.440.123,73 
PA;FARO;1503002; 304.343,22 ; 334.777,54 ; 365.211,86 ; 395.646,18 ; 410.828,90 ; 435.376,64 ; 435.376,64 ; 464.401,75 ; 477.629,55 ; 482.841,71 ; 482.841,71 ; 482.841,71 ; 891.999,11 ; 5.964.116,54 
PA;FLORESTA DO ARAGUAIA;1503044; 571.166,83 ; 628.283,52 ; 685.400,20 ; 742.516,88 ; 771.010,60 ; 817.079,81 ; 817.079,81 ; 871.551,80 ; 903.074,41 ; 907.050,89 ; 907.050,89 ; 907.050,89 ; 1.675.680,82 ; 11.203.997,33 
PA;GARRAFAO DO NORTE;1503077; 785.290,56 ; 863.819,61 ; 942.348,66 ; 1.020.877,72 ; 1.060.053,37 ; 1.123.393,41 ; 1.123.393,41 ; 1.198.286,30 ; 1.230.771,75 ; 1.245.647,21 ; 1.245.647,21 ; 1.245.647,21 ; 2.301.201,80 ; 15.386.378,22 
PA;GOIANESIA DO PARA;1503093; 752.284,72 ; 827.513,19 ; 902.741,67 ; 977.970,14 ; 1.015.499,24 ; 1.076.177,08 ; 1.076.177,08 ; 1.147.922,22 ; 1.191.855,06 ; 1.194.999,84 ; 1.194.999,84 ; 1.194.999,84 ; 2.207.636,13 ; 14.760.776,07 
PA;GURUPA;1503101; 2.140.232,91 ; 2.354.256,19 ; 2.568.279,48 ; 2.782.302,77 ; 2.889.072,22 ; 3.061.699,29 ; 3.061.699,29 ; 3.265.812,58 ; 3.392.038,55 ; 3.399.912,31 ; 3.399.912,31 ; 3.399.912,31 ; 6.280.979,28 ; 41.996.109,50 
PA;IGARAPE-ACU;1503200; 602.334,00 ; 662.567,40 ; 722.800,80 ; 783.034,20 ; 813.082,74 ; 861.665,84 ; 861.665,84 ; 919.110,23 ; 968.440,46 ; 958.690,08 ; 958.690,08 ; 958.690,08 ; 1.771.078,77 ; 11.841.850,53 
PA;IGARAPE-MIRI;1503309; 2.010.492,52 ; 2.211.541,78 ; 2.412.591,03 ; 2.613.640,28 ; 2.713.937,39 ; 2.876.099,86 ; 2.876.099,86 ; 3.067.839,85 ; 3.223.954,76 ; 3.198.812,77 ; 3.198.812,77 ; 3.198.812,77 ; 5.909.469,09 ; 39.512.104,71 
PA;INHANGAPI;1503408; 195.679,73 ; 215.247,70 ; 234.815,67 ; 254.383,64 ; 264.145,49 ; 279.928,64 ; 279.928,64 ; 298.590,55 ; 309.105,35 ; 310.714,47 ; 310.714,47 ; 310.714,47 ; 574.012,20 ; 3.837.981,02 
PA;IPIXUNA DO PARA;1503457; 1.313.632,26 ; 1.444.995,49 ; 1.576.358,71 ; 1.707.721,94 ; 1.773.254,89 ; 1.879.209,95 ; 1.879.209,95 ; 2.004.490,61 ; 2.096.361,82 ; 2.088.716,64 ; 2.088.716,64 ; 2.088.716,64 ; 3.858.683,62 ; 25.800.069,15 
PA;IRITUIA;1503507; 582.586,57 ; 640.845,22 ; 699.103,88 ; 757.362,54 ; 786.425,94 ; 833.416,25 ; 833.416,25 ; 888.977,33 ; 933.761,22 ; 926.869,26 ; 926.869,26 ; 926.869,26 ; 1.712.293,17 ; 11.448.796,15 
PA;ITAITUBA;1503606; 3.348.497,56 ; 3.683.347,32 ; 4.018.197,07 ; 4.353.046,83 ; 4.523.601,88 ; 4.791.019,86 ; 4.791.019,86 ; 5.110.421,18 ; 5.342.212,34 ; 5.324.830,05 ; 5.324.830,05 ; 5.324.830,05 ; 9.837.061,72 ; 65.772.915,76 
PA;ITUPIRANGA;1503705; 1.503.097,95 ; 1.653.407,74 ; 1.803.717,53 ; 1.954.027,33 ; 2.029.012,13 ; 2.150.249,12 ; 2.150.249,12 ; 2.293.599,06 ; 2.399.514,08 ; 2.390.078,74 ; 2.390.078,74 ; 2.390.078,74 ; 4.415.418,30 ; 29.522.528,57 
PA;JACAREACANGA;1503754; 1.043.889,00 ; 1.148.277,90 ; 1.252.666,79 ; 1.357.055,69 ; 1.409.132,02 ; 1.493.330,09 ; 1.493.330,09 ; 1.592.885,43 ; 1.643.658,79 ; 1.656.853,84 ; 1.656.853,84 ; 1.656.853,84 ; 3.060.862,67 ; 20.465.650,01 
PA;JACUNDA;1503804; 963.632,75 ; 1.059.996,03 ; 1.156.359,31 ; 1.252.722,58 ; 1.300.795,17 ; 1.378.519,94 ; 1.378.519,94 ; 1.470.421,27 ; 1.548.478,98 ; 1.533.627,43 ; 1.533.627,43 ; 1.533.627,43 ; 2.833.214,87 ; 18.943.543,11 
PA;JURUTI;1503903; 1.586.673,22 ; 1.745.340,54 ; 1.904.007,86 ; 2.062.675,18 ; 2.141.829,28 ; 2.269.807,30 ; 2.269.807,30 ; 2.421.127,79 ; 2.512.279,13 ; 2.520.219,95 ; 2.520.219,95 ; 2.520.219,95 ; 4.655.840,47 ; 31.130.047,94 
PA;LIMOEIRO DO AJURU;1504000; 849.287,19 ; 934.215,91 ; 1.019.144,62 ; 1.104.073,34 ; 1.146.441,60 ; 1.214.943,47 ; 1.214.943,47 ; 1.295.939,70 ; 1.337.854,94 ; 1.348.064,00 ; 1.348.064,00 ; 1.348.064,00 ; 2.490.406,02 ; 16.651.442,25 
PA;MAE DO RIO;1504059; 987.830,96 ; 1.086.614,05 ; 1.185.397,14 ; 1.284.180,24 ; 1.333.459,99 ; 1.413.136,55 ; 1.413.136,55 ; 1.507.345,65 ; 1.603.722,00 ; 1.574.318,77 ; 1.574.318,77 ; 1.574.318,77 ; 2.908.387,83 ; 19.446.167,25 
PA;MAGALHAES BARATA;1504109; 223.038,20 ; 245.342,02 ; 267.645,84 ; 289.949,66 ; 301.076,33 ; 319.066,16 ; 319.066,16 ; 340.337,24 ; 355.029,02 ; 354.516,93 ; 354.516,93 ; 354.516,93 ; 654.932,62 ; 4.379.034,04 
PA;MARABA;1504208; 6.198.938,63 ; 6.818.832,49 ; 7.438.726,36 ; 8.058.620,22 ; 8.367.865,66 ; 8.867.860,13 ; 8.867.860,13 ; 9.459.050,81 ; 9.906.248,99 ; 9.858.328,30 ; 9.858.328,30 ; 9.858.328,30 ; 18.212.221,43 ; 121.771.209,74 
PA;MARACANA;1504307; 911.268,72 ; 1.002.395,59 ; 1.093.522,46 ; 1.184.649,34 ; 1.230.109,65 ; 1.303.610,83 ; 1.303.610,83 ; 1.390.518,22 ; 1.447.434,99 ; 1.448.037,93 ; 1.448.037,93 ; 1.448.037,93 ; 2.675.097,30 ; 17.886.331,72 
PA;MARAPANIM;1504406; 650.107,20 ; 715.117,92 ; 780.128,64 ; 845.139,36 ; 877.571,15 ; 930.007,55 ; 930.007,55 ; 992.008,05 ; 1.033.118,19 ; 1.033.110,44 ; 1.033.110,44 ; 1.033.110,44 ; 1.908.562,54 ; 12.761.099,46 
PA;MARITUBA;1504422; 2.752.103,02 ; 3.027.313,32 ; 3.302.523,62 ; 3.577.733,92 ; 3.715.027,64 ; 3.937.006,98 ; 3.937.006,98 ; 4.199.474,11 ; 4.465.557,06 ; 4.385.738,88 ; 4.385.738,88 ; 4.385.738,88 ; 8.102.189,85 ; 54.173.153,12 
PA;MEDICILANDIA;1504455; 760.195,34 ; 836.214,87 ; 912.234,41 ; 988.253,94 ; 1.026.177,69 ; 1.087.493,58 ; 1.087.493,58 ; 1.159.993,15 ; 1.213.176,36 ; 1.208.736,86 ; 1.208.736,86 ; 1.208.736,86 ; 2.233.013,82 ; 14.930.457,30 
PA;MELGACO;1504505; 1.397.416,08 ; 1.537.157,69 ; 1.676.899,30 ; 1.816.640,90 ; 1.886.353,57 ; 1.999.066,47 ; 1.999.066,47 ; 2.132.337,56 ; 2.205.019,30 ; 2.218.597,78 ; 2.218.597,78 ; 2.218.597,78 ; 4.098.625,32 ; 27.404.375,99 
PA;MOCAJUBA;1504604; 1.045.270,25 ; 1.149.797,28 ; 1.254.324,30 ; 1.358.851,33 ; 1.410.996,56 ; 1.495.306,04 ; 1.495.306,04 ; 1.594.993,11 ; 1.674.849,54 ; 1.662.912,51 ; 1.662.912,51 ; 1.662.912,51 ; 3.072.055,42 ; 20.540.487,43 
PA;MOJU;1504703; 2.695.187,96 ; 2.964.706,75 ; 3.234.225,55 ; 3.503.744,34 ; 3.609.447,11 ; 3.848.674,60 ; 3.848.674,60 ; 4.105.252,91 ; 4.338.803,22 ; 4.283.799,10 ; 4.283.799,10 ; 4.283.799,10 ; 7.913.866,87 ; 52.913.981,19 
PA;MOJUI DOS CAMPOS;1504752; 634.608,69 ; 698.069,56 ; 761.530,43 ; 824.991,30 ; 856.649,92 ; 907.836,24 ; 907.836,24 ; 968.358,65 ; 1.019.453,82 ; 1.009.942,25 ; 1.009.942,25 ; 1.009.942,25 ; 1.865.761,76 ; 12.474.923,35 
PA;MONTE ALEGRE;1504802; 1.864.966,27 ; 2.051.462,89 ; 2.237.959,51 ; 2.424.456,14 ; 2.517.493,40 ; 2.667.918,00 ; 2.667.918,00 ; 2.845.779,20 ; 2.949.925,92 ; 2.961.852,86 ; 2.961.852,86 ; 2.961.852,86 ; 5.471.710,66 ; 36.585.148,57 
PA;MUANA;1504901; 1.412.784,08 ; 1.554.062,49 ; 1.695.340,89 ; 1.836.619,30 ; 1.907.098,64 ; 2.021.051,08 ; 2.021.051,08 ; 2.155.787,82 ; 2.217.193,82 ; 2.241.387,68 ; 2.241.387,68 ; 2.241.387,68 ; 4.140.727,26 ; 27.685.879,49 
PA;NOVA ESPERANCA DO PIRIA;1504950; 646.224,65 ; 710.847,12 ; 775.469,58 ; 840.092,05 ; 872.330,15 ; 924.453,39 ; 924.453,39 ; 986.083,62 ; 1.018.827,93 ; 1.025.858,51 ; 1.025.858,51 ; 1.025.858,51 ; 1.895.165,36 ; 12.671.522,74 
PA;NOVA IPIXUNA;1504976; 343.204,61 ; 377.525,07 ; 411.845,53 ; 446.165,99 ; 463.287,38 ; 490.969,61 ; 490.969,61 ; 523.700,91 ; 537.898,40 ; 544.399,60 ; 544.399,60 ; 544.399,60 ; 1.005.720,82 ; 6.724.486,73 
PA;NOVA TIMBOTEUA;1505007; 335.741,45 ; 369.315,60 ; 402.889,75 ; 436.463,89 ; 453.212,97 ; 480.293,23 ; 480.293,23 ; 512.312,78 ; 544.195,74 ; 534.959,08 ; 534.959,08 ; 534.959,08 ; 988.280,46 ; 6.607.876,36 
PA;NOVO PROGRESSO;1505031; 1.076.181,06 ; 1.183.799,16 ; 1.291.417,27 ; 1.399.035,38 ; 1.452.722,64 ; 1.539.525,34 ; 1.539.525,34 ; 1.642.160,36 ; 1.709.095,42 ; 1.710.051,84 ; 1.710.051,84 ; 1.710.051,84 ; 3.159.140,36 ; 21.122.757,87 
PA;NOVO REPARTIMENTO;1505064; 1.937.876,43 ; 2.131.664,07 ; 2.325.451,71 ; 2.519.239,35 ; 2.615.913,88 ; 2.772.219,26 ; 2.772.219,26 ; 2.957.033,88 ; 3.079.993,60 ; 3.079.609,68 ; 3.079.609,68 ; 3.079.609,68 ; 5.689.253,97 ; 38.039.694,46 
PA;OBIDOS;1505106; 1.518.295,69 ; 1.670.125,26 ; 1.821.954,83 ; 1.973.784,40 ; 2.048.063,81 ; 2.171.638,29 ; 2.171.638,29 ; 2.316.414,18 ; 2.407.367,15 ; 2.411.719,49 ; 2.411.719,49 ; 2.411.719,49 ; 4.455.397,31 ; 29.789.837,67 
PA;OEIRAS DO PARA;1505205; 1.335.748,69 ; 1.469.323,55 ; 1.602.898,42 ; 1.736.473,29 ; 1.803.109,57 ; 1.910.848,49 ; 1.910.848,49 ; 2.038.238,39 ; 2.095.566,24 ; 2.119.073,46 ; 2.119.073,46 ; 2.119.073,46 ; 3.914.764,65 ; 26.175.040,18 
PA;ORIXIMINA;1505304; 2.323.733,96 ; 2.556.107,36 ; 2.788.480,75 ; 3.020.854,15 ; 3.136.777,89 ; 3.324.205,80 ; 3.324.205,80 ; 3.545.819,52 ; 3.722.862,46 ; 3.696.746,05 ; 3.696.746,05 ; 3.696.746,05 ; 6.829.348,30 ; 45.662.634,13 
PA;OUREM;1505403; 345.348,24 ; 379.883,06 ; 414.417,88 ; 448.952,71 ; 466.181,04 ; 494.036,16 ; 494.036,16 ; 526.971,91 ; 543.681,45 ; 548.122,79 ; 548.122,79 ; 548.122,79 ; 1.012.599,03 ; 6.770.476,02 
PA;OURILANDIA DO NORTE;1505437; 957.469,31 ; 1.053.216,24 ; 1.148.963,18 ; 1.244.710,11 ; 1.292.475,22 ; 1.369.702,86 ; 1.369.702,86 ; 1.461.016,38 ; 1.533.045,68 ; 1.523.081,52 ; 1.523.081,52 ; 1.523.081,52 ; 2.813.732,41 ; 18.813.278,79 
PA;PACAJA;1505486; 1.678.594,51 ; 1.846.453,96 ; 2.014.313,41 ; 2.182.172,86 ; 2.301.960,48 ; 2.409.971,90 ; 2.409.971,90 ; 2.570.636,70 ; 2.676.660,01 ; 2.677.079,63 ; 2.677.079,63 ; 2.677.079,63 ; 4.945.622,17 ; 33.067.596,81 
PA;PALESTINA DO PARA;1505494; 182.429,23 ; 200.672,15 ; 218.915,07 ; 237.158,00 ; 246.258,81 ; 260.973,20 ; 260.973,20 ; 278.371,42 ; 291.428,75 ; 290.108,03 ; 290.108,03 ; 290.108,03 ; 535.943,98 ; 3.583.447,90 
PA;PARAGOMINAS;1505502; 2.838.807,78 ; 3.122.688,56 ; 3.406.569,34 ; 3.690.450,12 ; 3.832.069,25 ; 4.061.042,04 ; 4.061.042,04 ; 4.331.778,17 ; 4.583.467,63 ; 4.520.876,25 ; 4.520.876,25 ; 4.520.876,25 ; 8.351.841,89 ; 55.842.385,57 
PA;PARAUAPEBAS;1505536; 5.950.077,17 ; 6.545.084,89 ; 7.140.092,60 ; 7.735.100,32 ; 8.031.930,85 ; 8.511.852,64 ; 8.511.852,64 ; 9.079.309,48 ; 9.566.682,40 ; 9.470.303,16 ; 9.470.303,16 ; 9.470.303,16 ; 17.495.385,92 ; 116.978.278,38 
PA;PAU DARCO;1505551; 246.486,73 ; 271.135,40 ; 295.784,08 ; 320.432,75 ; 332.729,19 ; 352.610,34 ; 352.610,34 ; 376.117,70 ; 386.314,21 ; 390.983,32 ; 390.983,32 ; 390.983,32 ; 722.300,44 ; 4.829.471,15 
PA;PEIXE-BOI;1505601; 300.632,62 ; 330.695,89 ; 360.759,15 ; 390.822,41 ; 405.820,02 ; 430.068,47 ; 430.068,47 ; 458.739,70 ; 486.613,40 ; 478.927,88 ; 478.927,88 ; 478.927,88 ; 884.768,73 ; 5.915.772,50 
PA;PICARRA;1505635; 601.975,68 ; 662.173,24 ; 722.370,81 ; 782.568,38 ; 812.599,05 ; 861.153,24 ; 861.153,24 ; 918.563,46 ; 957.257,06 ; 956.706,34 ; 956.706,34 ; 956.706,34 ; 1.767.414,03 ; 11.817.347,21 
PA;PLACAS;1505650; 1.061.126,55 ; 1.167.239,20 ; 1.273.351,86 ; 1.379.464,51 ; 1.432.400,76 ; 1.517.989,19 ; 1.517.989,19 ; 1.619.188,47 ; 1.677.906,84 ; 1.685.160,13 ; 1.685.160,13 ; 1.685.160,13 ; 3.113.155,54 ; 20.815.292,49 
PA;PONTA DE PEDRAS;1505700; 692.695,78 ; 761.965,35 ; 831.234,93 ; 900.504,50 ; 935.060,90 ; 990.932,41 ; 990.932,41 ; 1.056.994,58 ; 1.104.243,56 ; 1.101.248,72 ; 1.101.248,72 ; 1.101.248,72 ; 2.034.440,83 ; 13.602.751,42 
PA;PORTEL;1505809; 2.827.061,46 ; 3.109.767,60 ; 3.392.473,75 ; 3.675.179,90 ; 3.816.213,04 ; 4.044.238,39 ; 4.044.238,39 ; 4.313.854,28 ; 4.455.486,30 ; 4.487.643,60 ; 4.487.643,60 ; 4.487.643,60 ; 8.290.448,07 ; 55.431.891,98 
PA;PORTO DE MOZ;1505908; 2.159.337,58 ; 2.375.271,33 ; 2.591.205,09 ; 2.807.138,85 ; 2.914.861,37 ; 3.089.029,38 ; 3.089.029,38 ; 3.294.964,68 ; 3.421.341,73 ; 3.430.131,43 ; 3.430.131,43 ; 3.430.131,43 ; 6.336.805,92 ; 42.369.379,61 
PA;PRAINHA;1506005; 1.353.836,55 ; 1.489.220,20 ; 1.624.603,85 ; 1.759.987,50 ; 1.827.526,12 ; 1.936.723,98 ; 1.936.723,98 ; 2.065.838,91 ; 2.150.168,51 ; 2.151.263,13 ; 2.151.263,13 ; 2.151.263,13 ; 3.974.231,66 ; 26.572.650,65 
PA;PRIMAVERA;1506104; 220.595,08 ; 242.654,58 ; 264.714,09 ; 286.773,60 ; 297.778,39 ; 315.571,16 ; 315.571,16 ; 336.609,24 ; 355.762,20 ; 351.249,50 ; 351.249,50 ; 351.249,50 ; 648.896,40 ; 4.338.674,41 
PA;QUATIPURU;1506112; 194.480,18 ; 213.928,20 ; 233.376,22 ; 252.824,24 ; 262.526,24 ; 278.212,64 ; 278.212,64 ; 296.760,15 ; 316.596,88 ; 310.060,48 ; 310.060,48 ; 310.060,48 ; 572.804,02 ; 3.829.902,84 
PA;REDENCAO;1506138; 2.002.903,07 ; 2.203.193,37 ; 2.403.483,68 ; 2.603.773,99 ; 2.703.692,49 ; 2.865.242,79 ; 2.865.242,79 ; 3.056.258,98 ; 3.193.893,87 ; 3.184.353,56 ; 3.184.353,56 ; 3.184.353,56 ; 5.882.757,23 ; 39.333.502,94 
PA;RIO MARIA;1506161; 378.922,83 ; 416.815,11 ; 454.707,40 ; 492.599,68 ; 511.502,93 ; 542.066,13 ; 542.066,13 ; 578.203,87 ; 593.878,93 ; 601.056,72 ; 601.056,72 ; 601.056,72 ; 1.110.388,88 ; 7.424.322,06 
PA;RONDON DO PARA;1506187; 904.182,10 ; 994.600,31 ; 1.085.018,52 ; 1.175.436,73 ; 1.220.543,52 ; 1.293.473,10 ; 1.293.473,10 ; 1.379.704,64 ; 1.437.181,18 ; 1.436.910,61 ; 1.436.910,61 ; 1.436.910,61 ; 2.654.540,75 ; 17.748.885,78 
PA;RUROPOLIS;1506195; 1.039.797,88 ; 1.143.777,67 ; 1.247.757,46 ; 1.351.737,25 ; 1.403.609,49 ; 1.487.477,58 ; 1.487.477,58 ; 1.586.642,75 ; 1.635.057,62 ; 1.650.072,71 ; 1.650.072,71 ; 1.650.072,71 ; 3.048.335,23 ; 20.381.888,64 
PA;SALINOPOLIS;1506203; 847.439,89 ; 932.183,88 ; 1.016.927,87 ; 1.101.671,86 ; 1.143.947,95 ; 1.212.300,83 ; 1.212.300,83 ; 1.293.120,88 ; 1.338.595,91 ; 1.345.618,30 ; 1.345.618,30 ; 1.345.618,30 ; 2.485.887,84 ; 16.621.232,66 
PA;SALVATERRA;1506302; 711.788,23 ; 782.967,05 ; 854.145,87 ; 925.324,70 ; 960.833,55 ; 1.018.245,03 ; 1.018.245,03 ; 1.086.128,03 ; 1.157.139,25 ; 1.134.594,71 ; 1.134.594,71 ; 1.134.594,71 ; 2.096.044,02 ; 14.014.644,91 
PA;SANTA BARBARA DO PARA;1506351; 363.848,26 ; 400.233,09 ; 436.617,91 ; 473.002,74 ; 491.153,99 ; 520.501,28 ; 520.501,28 ; 555.201,36 ; 579.537,99 ; 578.382,31 ; 578.382,31 ; 578.382,31 ; 1.068.500,30 ; 7.144.245,13 
PA;SANTA CRUZ DO ARARI;1506401; 242.376,91 ; 266.614,61 ; 290.852,30 ; 315.089,99 ; 327.181,42 ; 346.731,07 ; 346.731,07 ; 369.846,47 ; 379.872,97 ; 384.464,23 ; 384.464,23 ; 384.464,23 ; 710.257,11 ; 4.748.946,62 
PA;SANTA IZABEL DO PARA;1506500; 1.482.993,82 ; 1.631.293,20 ; 1.779.592,58 ; 1.927.891,96 ; 2.001.873,83 ; 2.121.489,26 ; 2.121.489,26 ; 2.262.921,88 ; 2.399.426,69 ; 2.362.375,96 ; 2.362.375,96 ; 2.362.375,96 ; 4.364.240,34 ; 29.180.340,69 
PA;SANTA LUZIA DO PARA;1506559; 588.403,78 ; 647.244,16 ; 706.084,53 ; 764.924,91 ; 794.278,52 ; 841.738,03 ; 841.738,03 ; 897.853,90 ; 922.194,65 ; 933.340,56 ; 933.340,56 ; 933.340,56 ; 1.724.248,21 ; 11.528.730,41 
PA;SANTA MARIA DAS BARREIRAS;1506583; 568.752,36 ; 625.627,60 ; 682.502,83 ; 739.378,07 ; 767.751,33 ; 813.625,80 ; 813.625,80 ; 867.867,52 ; 891.395,33 ; 902.169,00 ; 902.169,00 ; 902.169,00 ; 1.666.662,04 ; 11.143.695,65 
PA;SANTA MARIA DO PARA;1506609; 427.983,09 ; 470.781,40 ; 513.579,71 ; 556.378,02 ; 577.728,74 ; 612.249,03 ; 612.249,03 ; 653.065,64 ; 692.842,77 ; 681.818,48 ; 681.818,48 ; 681.818,48 ; 1.259.587,70 ; 8.421.900,58 
PA;SANTANA DO ARAGUAIA;1506708; 1.863.144,96 ; 2.049.459,45 ; 2.235.773,95 ; 2.422.088,44 ; 2.515.034,85 ; 2.665.312,54 ; 2.665.312,54 ; 2.843.000,05 ; 2.920.073,53 ; 2.955.366,41 ; 2.955.366,41 ; 2.955.366,41 ; 5.459.727,63 ; 36.505.027,16 
PA;SANTAREM;1506807; 8.102.782,63 ; 8.913.060,89 ; 9.723.339,16 ; 10.533.617,42 ; 10.937.839,62 ; 11.591.394,49 ; 11.591.394,49 ; 12.364.154,12 ; 12.822.606,55 ; 12.869.257,82 ; 12.869.257,82 ; 12.869.257,82 ; 23.774.596,04 ; 158.962.558,84 
PA;SANTAREM NOVO;1506906; 214.194,82 ; 235.614,30 ; 257.033,78 ; 278.453,26 ; 289.138,76 ; 306.415,30 ; 306.415,30 ; 326.842,99 ; 353.157,38 ; 342.086,79 ; 342.086,79 ; 342.086,79 ; 631.969,25 ; 4.225.495,51 
PA;SANTO ANTONIO DO TAUA;1507003; 836.706,93 ; 920.377,63 ; 1.004.048,32 ; 1.087.719,01 ; 1.129.459,68 ; 1.196.946,85 ; 1.196.946,85 ; 1.276.743,31 ; 1.330.071,75 ; 1.329.699,04 ; 1.329.699,04 ; 1.329.699,04 ; 2.456.478,69 ; 16.424.596,16 
PA;SAO CAETANO DE ODIVELAS;1507102; 470.561,59 ; 517.617,75 ; 564.673,91 ; 611.730,07 ; 635.204,90 ; 673.159,49 ; 673.159,49 ; 718.036,79 ; 756.681,18 ; 748.971,90 ; 748.971,90 ; 748.971,90 ; 1.383.646,57 ; 9.251.387,43 
PA;SAO DOMINGOS DO ARAGUAIA;1507151; 541.029,19 ; 595.132,10 ; 649.235,02 ; 703.337,94 ; 730.328,17 ; 773.966,55 ; 773.966,55 ; 825.564,32 ; 860.350,69 ; 859.846,83 ; 859.846,83 ; 859.846,83 ; 1.588.476,29 ; 10.620.927,30 
PA;SAO DOMINGOS DO CAPIM;1507201; 1.045.586,03 ; 1.150.144,63 ; 1.254.703,24 ; 1.359.261,84 ; 1.411.422,82 ; 1.495.757,78 ; 1.495.757,78 ; 1.595.474,96 ; 1.643.324,65 ; 1.659.146,79 ; 1.659.146,79 ; 1.659.146,79 ; 3.065.098,64 ; 20.493.972,73 
PA;SAO FELIX DO XINGU;1507300; 1.989.412,04 ; 2.188.353,25 ; 2.387.294,45 ; 2.586.235,66 ; 2.633.338,82 ; 2.833.406,59 ; 2.833.406,59 ; 3.022.300,36 ; 3.119.857,93 ; 3.143.835,15 ; 3.143.835,15 ; 3.143.835,15 ; 5.807.903,76 ; 38.833.014,91 
PA;SAO FRANCISCO DO PARA;1507409; 396.969,54 ; 436.666,49 ; 476.363,44 ; 516.060,40 ; 535.863,95 ; 567.882,75 ; 567.882,75 ; 605.741,60 ; 647.135,31 ; 633.010,37 ; 633.010,37 ; 633.010,37 ; 1.169.419,88 ; 7.819.017,23 
PA;SAO GERALDO DO ARAGUAIA;1507458; 767.978,26 ; 844.776,09 ; 921.573,91 ; 998.371,74 ; 1.036.683,75 ; 1.098.627,40 ; 1.098.627,40 ; 1.171.869,22 ; 1.226.953,69 ; 1.221.292,77 ; 1.221.292,77 ; 1.221.292,77 ; 2.256.209,53 ; 15.085.549,29 
PA;SAO JOAO DA PONTA;1507466; 157.245,62 ; 172.970,19 ; 188.694,75 ; 204.419,31 ; 212.263,79 ; 224.946,93 ; 224.946,93 ; 239.943,39 ; 246.448,24 ; 249.426,88 ; 249.426,88 ; 249.426,88 ; 460.789,85 ; 3.080.949,64 
PA;SAO JOAO DE PIRABAS;1507474; 579.168,20 ; 637.085,02 ; 695.001,84 ; 752.918,66 ; 781.811,53 ; 828.526,12 ; 828.526,12 ; 883.761,19 ; 952.304,75 ; 924.631,76 ; 924.631,76 ; 924.631,76 ; 1.708.159,63 ; 11.421.158,34 
PA;SAO JOAO DO ARAGUAIA;1507508; 399.528,01 ; 439.480,81 ; 479.433,61 ; 519.386,41 ; 539.317,61 ; 571.542,77 ; 571.542,77 ; 609.645,62 ; 631.108,44 ; 634.398,81 ; 634.398,81 ; 634.398,81 ; 1.171.984,86 ; 7.836.167,33 
PA;SAO MIGUEL DO GUAMA;1507607; 1.801.153,04 ; 1.981.268,34 ; 2.161.383,64 ; 2.341.498,95 ; 2.431.352,77 ; 2.576.630,32 ; 2.576.630,32 ; 2.748.405,67 ; 2.946.233,11 ; 2.873.465,40 ; 2.873.465,40 ; 2.873.465,40 ; 5.308.424,17 ; 35.493.376,53 
PA;SAO SEBASTIAO DA BOA VISTA;1507706; 896.739,29 ; 986.413,21 ; 1.076.087,14 ; 1.165.761,07 ; 1.210.496,54 ; 1.282.825,82 ; 1.282.825,82 ; 1.368.347,54 ; 1.426.026,84 ; 1.425.172,67 ; 1.425.172,67 ; 1.425.172,67 ; 2.632.856,14 ; 17.603.897,41 
PA;SAPUCAIA;1507755; 246.628,88 ; 271.291,76 ; 295.954,65 ; 320.617,54 ; 332.921,07 ; 352.813,68 ; 352.813,68 ; 376.334,60 ; 390.100,51 ; 391.683,63 ; 391.683,63 ; 391.683,63 ; 723.594,19 ; 4.838.121,46 
PA;SENADOR JOSE PORFIRIO;1507805; 992.776,83 ; 1.092.054,52 ; 1.191.332,21 ; 1.290.609,89 ; 1.340.136,39 ; 1.420.211,86 ; 1.420.211,86 ; 1.514.892,65 ; 1.563.541,80 ; 1.575.777,17 ; 1.575.777,17 ; 1.575.777,17 ; 2.911.082,06 ; 19.464.181,56 
PA;SOURE;1507904; 568.745,37 ; 625.619,91 ; 682.494,45 ; 739.368,98 ; 767.741,89 ; 813.615,80 ; 813.615,80 ; 867.856,85 ; 897.869,83 ; 903.022,09 ; 903.022,09 ; 903.022,09 ; 1.668.238,05 ; 11.154.233,21 
PA;TAILANDIA;1507953; 2.209.062,52 ; 2.429.968,77 ; 2.650.875,03 ; 2.871.781,28 ; 2.981.984,42 ; 3.160.163,16 ; 3.160.163,16 ; 3.370.840,70 ; 3.470.523,62 ; 3.505.175,30 ; 3.505.175,30 ; 3.505.175,30 ; 6.475.441,55 ; 43.296.330,10 
PA;TERRA ALTA;1507961; 262.900,09 ; 289.190,11 ; 315.480,12 ; 341.770,13 ; 354.885,39 ; 376.090,40 ; 376.090,40 ; 401.163,09 ; 414.474,86 ; 417.343,24 ; 417.343,24 ; 417.343,24 ; 770.997,61 ; 5.155.071,93 
PA;TERRA SANTA;1507979; 615.749,42 ; 677.324,35 ; 738.899,30 ; 800.474,24 ; 831.192,02 ; 880.857,19 ; 880.857,19 ; 939.581,00 ; 966.696,73 ; 976.935,91 ; 976.935,91 ; 976.935,91 ; 1.804.786,02 ; 12.067.225,19 
PA;TOME-ACU;1508001; 2.421.702,21 ; 2.663.872,43 ; 2.906.042,65 ; 3.148.212,87 ; 3.269.023,93 ; 3.464.353,78 ; 3.464.353,78 ; 3.695.310,70 ; 3.884.692,23 ; 3.853.249,79 ; 3.853.249,79 ; 3.853.249,79 ; 7.118.472,44 ; 47.595.786,40 
PA;TRACUATEUA;1508035; 780.993,31 ; 859.092,64 ; 937.191,97 ; 1.015.291,30 ; 1.054.252,59 ; 1.117.246,01 ; 1.117.246,01 ; 1.191.729,08 ; 1.254.361,28 ; 1.242.871,55 ; 1.242.871,55 ; 1.242.871,55 ; 2.296.074,05 ; 15.352.092,88 
PA;TRAIRAO;1508050; 484.498,18 ; 532.948,00 ; 581.397,81 ; 629.847,63 ; 654.017,71 ; 693.096,41 ; 693.096,41 ; 739.302,83 ; 759.345,27 ; 768.522,94 ; 768.522,94 ; 768.522,94 ; 1.419.765,05 ; 9.492.884,13 
PA;TUCUMA;1508084; 983.457,82 ; 1.081.803,60 ; 1.180.149,38 ; 1.278.495,17 ; 1.327.556,76 ; 1.406.880,58 ; 1.406.880,58 ; 1.500.672,62 ; 1.558.745,51 ; 1.562.302,19 ; 1.562.302,19 ; 1.562.302,19 ; 2.886.188,46 ; 19.297.737,05 
PA;TUCURUI;1508100; 2.972.984,80 ; 3.270.283,27 ; 3.567.581,75 ; 3.864.880,23 ; 4.013.193,03 ; 4.252.988,27 ; 4.252.988,27 ; 4.536.520,82 ; 4.694.756,42 ; 4.720.518,84 ; 4.720.518,84 ; 4.720.518,84 ; 8.720.660,52 ; 58.308.393,90 
PA;ULIANOPOLIS;1508126; 847.787,74 ; 932.566,52 ; 1.017.345,30 ; 1.102.124,07 ; 1.144.417,52 ; 1.212.798,45 ; 1.212.798,45 ; 1.293.651,68 ; 1.337.027,06 ; 1.345.888,38 ; 1.345.888,38 ; 1.345.888,38 ; 2.486.386,79 ; 16.624.568,75 
PA;URUARA;1508159; 1.641.240,79 ; 1.805.364,87 ; 1.969.488,95 ; 2.133.613,03 ; 2.215.489,34 ; 2.347.868,67 ; 2.347.868,67 ; 2.504.393,24 ; 2.606.238,45 ; 2.607.900,55 ; 2.607.900,55 ; 2.607.900,55 ; 4.817.821,11 ; 32.213.088,75 
PA;VIGIA;1508209; 957.574,85 ; 1.053.332,33 ; 1.149.089,82 ; 1.244.847,30 ; 1.292.617,69 ; 1.369.853,83 ; 1.369.853,83 ; 1.461.177,42 ; 1.539.881,72 ; 1.524.137,78 ; 1.524.137,78 ; 1.524.137,78 ; 2.815.683,74 ; 18.826.325,87 
PA;VISEU;1508308; 2.025.858,16 ; 2.228.443,97 ; 2.431.029,79 ; 2.633.615,60 ; 2.734.679,26 ; 2.898.081,08 ; 2.898.081,08 ; 3.091.286,49 ; 3.188.604,25 ; 3.215.266,72 ; 3.215.266,72 ; 3.215.266,72 ; 5.939.866,04 ; 39.715.345,90 
PA;VITORIA DO XINGU;1508357; 657.294,09 ; 723.023,50 ; 788.752,90 ; 854.482,31 ; 887.272,63 ; 940.288,71 ; 940.288,71 ; 1.002.974,63 ; 1.058.499,52 ; 1.046.391,60 ; 1.046.391,60 ; 1.046.391,60 ; 1.933.098,08 ; 12.925.149,89 
PA;XINGUARA;1508407; 1.190.561,94 ; 1.309.618,13 ; 1.428.674,32 ; 1.547.730,51 ; 1.607.123,88 ; 1.703.152,32 ; 1.703.152,32 ; 1.816.695,81 ; 1.886.803,24 ; 1.891.277,83 ; 1.891.277,83 ; 1.891.277,83 ; 3.493.936,26 ; 23.361.282,22 
PA;PARÁ;15; 69.782.638,73 ; 76.760.902,60 ; 83.739.166,47 ; 90.717.430,34 ; 93.757.642,61 ; 99.721.162,81 ; 99.721.162,81 ; 106.369.240,33 ; 110.436.674,98 ; 110.731.101,38 ; 110.731.101,38 ; 110.731.101,38 ; 204.564.027,05 ; 1.367.763.352,84 
PB;AGUA BRANCA;2500106; 47.711,19 ; 52.482,32 ; 57.253,44 ; 62.024,56 ; 90.780,59 ; 96.358,00 ; 96.358,00 ; 102.781,86 ; 90.402,20 ; 90.195,75 ; 90.195,75 ; 90.195,75 ; 166.627,13 ; 1.133.366,53 
PB;AGUIAR;2500205; 30.831,44 ; 33.914,58 ; 36.997,72 ; 40.080,86 ; 58.663,28 ; 62.267,46 ; 62.267,46 ; 66.418,62 ; 57.450,05 ; 58.159,85 ; 58.159,85 ; 58.159,85 ; 107.444,18 ; 730.815,19 
PB;ALAGOA GRANDE;2500304; 96.530,60 ; 106.183,66 ; 115.836,72 ; 125.489,78 ; 183.669,78 ; 194.954,14 ; 194.954,14 ; 207.951,08 ; 184.392,22 ; 182.679,30 ; 182.679,30 ; 182.679,30 ; 337.480,74 ; 2.295.480,77 
PB;ALAGOA NOVA;2500403; 90.372,94 ; 99.410,24 ; 108.447,53 ; 117.484,82 ; 171.953,53 ; 182.518,07 ; 182.518,07 ; 194.685,94 ; 176.423,69 ; 171.517,78 ; 171.517,78 ; 171.517,78 ; 316.861,00 ; 2.155.229,18 
PB;ALAGOINHA;2500502; 47.632,61 ; 52.395,87 ; 57.159,14 ; 61.922,40 ; 90.631,07 ; 96.199,29 ; 96.199,29 ; 102.612,58 ; 90.231,07 ; 90.044,31 ; 90.044,31 ; 90.044,31 ; 166.347,36 ; 1.131.463,61 
PB;ALCANTIL;2500536; 28.052,88 ; 30.858,17 ; 33.663,46 ; 36.468,75 ; 53.376,52 ; 56.655,87 ; 56.655,87 ; 60.432,93 ; 53.838,88 ; 53.121,37 ; 53.121,37 ; 53.121,37 ; 98.136,13 ; 667.503,59 
PB;ALGODAO DE JANDAIRA;2500577; 13.142,76 ; 14.457,04 ; 15.771,31 ; 17.085,59 ; 25.006,87 ; 26.543,25 ; 26.543,25 ; 28.312,80 ; 25.117,81 ; 24.873,64 ; 24.873,64 ; 24.873,64 ; 45.951,43 ; 312.553,03 
PB;ALHANDRA;2500601; 92.613,49 ; 101.874,84 ; 111.136,19 ; 120.397,54 ; 176.216,66 ; 187.043,11 ; 187.043,11 ; 199.512,65 ; 176.431,64 ; 175.204,42 ; 175.204,42 ; 175.204,42 ; 323.671,68 ; 2.201.554,16 
PB;AMPARO;2500734; 9.663,05 ; 10.629,36 ; 11.595,66 ; 12.561,97 ; 18.385,98 ; 19.515,59 ; 19.515,59 ; 20.816,63 ; 18.005,74 ; 18.228,20 ; 18.228,20 ; 18.228,20 ; 33.674,68 ; 229.048,85 
PB;APARECIDA;2500775; 36.353,78 ; 39.989,15 ; 43.624,53 ; 47.259,91 ; 69.170,71 ; 73.420,44 ; 73.420,44 ; 78.315,14 ; 68.327,96 ; 68.653,25 ; 68.653,25 ; 68.653,25 ; 126.829,64 ; 862.671,45 
PB;ARACAGI;2500809; 69.908,75 ; 76.899,62 ; 83.890,49 ; 90.881,37 ; 133.016,09 ; 141.188,38 ; 141.188,38 ; 150.600,94 ; 132.559,35 ; 132.171,82 ; 132.171,82 ; 132.171,82 ; 244.173,48 ; 1.660.822,31 
PB;ARARA;2500908; 37.367,58 ; 41.104,33 ; 44.841,09 ; 48.577,84 ; 71.099,66 ; 75.467,91 ; 75.467,91 ; 80.499,11 ; 70.068,31 ; 70.546,39 ; 70.546,39 ; 70.546,39 ; 130.327,01 ; 886.459,90 
PB;ARARUNA;2501005; 84.048,11 ; 92.452,93 ; 100.857,74 ; 109.262,55 ; 159.919,22 ; 169.744,39 ; 169.744,39 ; 181.060,69 ; 158.528,34 ; 158.795,12 ; 158.795,12 ; 158.795,12 ; 293.357,23 ; 1.995.360,96 
PB;AREIA;2501104; 98.103,40 ; 107.913,74 ; 117.724,08 ; 127.534,42 ; 186.662,35 ; 198.130,58 ; 198.130,58 ; 211.339,29 ; 182.801,94 ; 185.060,45 ; 185.060,45 ; 185.060,45 ; 341.879,65 ; 2.325.401,37 
PB;AREIA DE BARAUNAS;2501153; 8.831,21 ; 9.714,33 ; 10.597,45 ; 11.480,57 ; 16.803,22 ; 17.835,59 ; 17.835,59 ; 19.024,63 ; 16.455,72 ; 16.659,02 ; 16.659,02 ; 16.659,02 ; 30.775,79 ; 209.331,16 
PB;AREIAL;2501203; 39.015,92 ; 42.917,51 ; 46.819,10 ; 50.720,69 ; 74.235,99 ; 78.796,93 ; 78.796,93 ; 84.050,06 ; 74.166,85 ; 73.788,87 ; 73.788,87 ; 73.788,87 ; 136.317,15 ; 927.203,75 
PB;AROEIRAS;2501302; 89.587,76 ; 98.546,54 ; 107.505,31 ; 116.464,09 ; 170.459,56 ; 180.932,31 ; 180.932,31 ; 192.994,47 ; 167.729,22 ; 169.099,71 ; 169.099,71 ; 169.099,71 ; 312.393,86 ; 2.124.844,56 
PB;ASSUNCAO;2501351; 22.144,00 ; 24.358,39 ; 26.572,79 ; 28.787,19 ; 42.133,61 ; 44.722,23 ; 44.722,23 ; 47.703,71 ; 42.189,10 ; 41.892,11 ; 41.892,11 ; 41.892,11 ; 77.391,26 ; 526.400,83 
PB;BAIA DA TRAICAO;2501401; 81.836,64 ; 90.020,30 ; 98.203,96 ; 106.387,63 ; 155.711,41 ; 165.278,06 ; 165.278,06 ; 176.296,60 ; 154.729,97 ; 154.665,20 ; 154.665,20 ; 154.665,20 ; 285.727,63 ; 1.943.465,86 
PB;BANANEIRAS;2501500; 83.924,92 ; 92.317,42 ; 100.709,91 ; 109.102,40 ; 159.684,83 ; 169.495,59 ; 169.495,59 ; 180.795,30 ; 158.215,29 ; 158.551,92 ; 158.551,92 ; 158.551,92 ; 292.907,94 ; 1.992.304,93 
PB;BARAUNA;2501534; 22.339,54 ; 24.573,49 ; 26.807,45 ; 29.041,40 ; 42.505,67 ; 45.117,15 ; 45.117,15 ; 48.124,96 ; 42.630,24 ; 42.270,93 ; 42.270,93 ; 42.270,93 ; 78.091,09 ; 531.160,95 
PB;BARRA DE SANTA ROSA;2501609; 53.554,97 ; 58.910,47 ; 64.265,97 ; 69.621,46 ; 101.899,60 ; 108.160,14 ; 108.160,14 ; 115.370,82 ; 100.065,78 ; 101.060,56 ; 101.060,56 ; 101.060,56 ; 186.698,72 ; 1.269.889,75 
PB;BARRA DE SANTANA;2501575; 42.468,16 ; 46.714,98 ; 50.961,79 ; 55.208,61 ; 80.804,61 ; 85.769,11 ; 85.769,11 ; 91.487,05 ; 79.133,46 ; 80.111,16 ; 80.111,16 ; 80.111,16 ; 147.996,91 ; 1.006.647,27 
PB;BARRA DE SAO MIGUEL;2501708; 53.811,19 ; 59.192,31 ; 64.573,43 ; 69.954,55 ; 102.387,10 ; 108.677,60 ; 108.677,60 ; 115.922,78 ; 100.269,61 ; 101.508,44 ; 101.508,44 ; 101.508,44 ; 187.526,13 ; 1.275.517,61 
PB;BAYEUX;2501807; 189.862,10 ; 208.848,31 ; 227.834,52 ; 246.820,73 ; 361.252,58 ; 383.447,34 ; 383.447,34 ; 409.010,50 ; 371.218,81 ; 360.411,61 ; 360.411,61 ; 360.411,61 ; 665.822,43 ; 4.528.799,49 
PB;BELEM;2501906; 47.133,04 ; 51.846,34 ; 56.559,65 ; 61.272,95 ; 89.680,52 ; 95.190,35 ; 95.190,35 ; 101.536,37 ; 89.889,55 ; 89.178,28 ; 89.178,28 ; 89.178,28 ; 164.747,47 ; 1.120.581,45 
PB;BELEM DO BREJO DO CRUZ;2502003; 31.598,61 ; 34.758,48 ; 37.918,34 ; 41.078,20 ; 60.123,01 ; 63.816,87 ; 63.816,87 ; 68.071,33 ; 58.879,58 ; 59.607,04 ; 59.607,04 ; 59.607,04 ; 110.117,73 ; 749.000,14 
PB;BERNARDINO BATISTA;2502052; 39.111,06 ; 43.022,16 ; 46.933,27 ; 50.844,38 ; 74.417,02 ; 78.989,07 ; 78.989,07 ; 84.255,01 ; 72.877,97 ; 73.778,38 ; 73.778,38 ; 73.778,38 ; 136.297,77 ; 927.071,93 
PB;BOA VENTURA;2502102; 17.618,57 ; 19.380,42 ; 21.142,28 ; 22.904,14 ; 33.523,03 ; 35.582,63 ; 35.582,63 ; 37.954,80 ; 33.682,65 ; 33.345,85 ; 33.345,85 ; 33.345,85 ; 61.602,94 ; 419.011,63 
PB;BOA VISTA;2502151; 30.352,21 ; 33.387,42 ; 36.422,64 ; 39.457,87 ; 57.751,45 ; 61.299,61 ; 61.299,61 ; 65.386,25 ; 57.448,39 ; 57.371,32 ; 57.371,32 ; 57.371,32 ; 105.987,46 ; 720.906,86 
PB;BOM JESUS;2502201; 19.226,87 ; 21.149,56 ; 23.072,25 ; 24.994,94 ; 36.583,18 ; 38.830,79 ; 38.830,79 ; 41.419,50 ; 36.584,45 ; 36.367,42 ; 36.367,42 ; 36.367,42 ; 67.184,97 ; 456.979,55 
PB;BOM SUCESSO;2502300; 17.223,91 ; 18.946,30 ; 20.668,69 ; 22.391,08 ; 32.772,11 ; 34.785,57 ; 34.785,57 ; 37.104,61 ; 32.365,68 ; 32.526,02 ; 32.526,02 ; 32.526,02 ; 60.088,39 ; 408.710,00 
PB;BONITO DE SANTA FE;2502409; 41.250,52 ; 45.375,58 ; 49.500,63 ; 53.625,68 ; 78.487,80 ; 83.309,96 ; 83.309,96 ; 88.863,96 ; 78.261,43 ; 77.995,21 ; 77.995,21 ; 77.995,21 ; 144.087,92 ; 980.059,06 
PB;BOQUEIRAO;2502508; 54.429,78 ; 59.872,76 ; 65.315,74 ; 70.758,72 ; 103.564,10 ; 109.926,92 ; 109.926,92 ; 117.255,38 ; 102.683,60 ; 102.838,76 ; 102.838,76 ; 102.838,76 ; 189.983,76 ; 1.292.233,94 
PB;BORBOREMA;2502706; 17.105,87 ; 18.816,46 ; 20.527,04 ; 22.237,63 ; 32.547,52 ; 34.547,18 ; 34.547,18 ; 36.850,33 ; 32.401,76 ; 32.336,53 ; 32.336,53 ; 32.336,53 ; 59.738,32 ; 406.328,87 
PB;BREJO DO CRUZ;2502805; 67.695,20 ; 74.464,72 ; 81.234,24 ; 88.003,76 ; 128.804,36 ; 136.717,88 ; 136.717,88 ; 145.832,41 ; 128.101,35 ; 127.953,03 ; 127.953,03 ; 127.953,03 ; 236.379,73 ; 1.607.810,62 
PB;BREJO DOS SANTOS;2502904; 20.246,08 ; 22.270,69 ; 24.295,30 ; 26.319,91 ; 38.522,44 ; 40.889,19 ; 40.889,19 ; 43.615,14 ; 39.897,89 ; 38.473,27 ; 38.473,27 ; 38.473,27 ; 71.075,31 ; 483.440,95 
PB;CAAPORA;2503001; 101.208,49 ; 111.329,34 ; 121.450,18 ; 131.571,03 ; 192.570,44 ; 204.401,64 ; 204.401,64 ; 218.028,42 ; 188.650,46 ; 190.925,94 ; 190.925,94 ; 190.925,94 ; 352.715,54 ; 2.399.105,01 
PB;CABACEIRAS;2503100; 34.842,18 ; 38.326,40 ; 41.810,62 ; 45.294,83 ; 66.294,57 ; 70.367,60 ; 70.367,60 ; 75.058,78 ; 64.923,52 ; 65.725,65 ; 65.725,65 ; 65.725,65 ; 121.421,20 ; 825.884,24 
PB;CABEDELO;2503209; 179.739,21 ; 197.713,13 ; 215.687,05 ; 233.660,97 ; 341.991,66 ; 363.003,06 ; 363.003,06 ; 387.203,26 ; 341.611,06 ; 339.923,81 ; 339.923,81 ; 339.923,81 ; 627.973,37 ; 4.271.357,23 
PB;CACHOEIRA DOS INDIOS;2503308; 39.690,30 ; 43.659,33 ; 47.628,36 ; 51.597,39 ; 75.519,14 ; 80.158,92 ; 80.158,92 ; 85.502,85 ; 75.855,75 ; 75.117,02 ; 75.117,02 ; 75.117,02 ; 138.770,77 ; 943.892,79 
PB;CACIMBA DE AREIA;2503407; 12.872,77 ; 14.160,05 ; 15.447,33 ; 16.734,61 ; 24.493,16 ; 25.997,98 ; 25.997,98 ; 27.731,18 ; 24.095,54 ; 24.297,08 ; 24.297,08 ; 24.297,08 ; 44.886,29 ; 305.308,15 
PB;CACIMBA DE DENTRO;2503506; 56.834,20 ; 62.517,61 ; 68.201,03 ; 73.884,45 ; 108.139,01 ; 114.782,89 ; 114.782,89 ; 122.435,09 ; 105.902,56 ; 107.210,98 ; 107.210,98 ; 107.210,98 ; 198.060,97 ; 1.347.173,65 
PB;CACIMBAS;2503555; 48.512,91 ; 53.364,19 ; 58.215,48 ; 63.066,77 ; 92.306,00 ; 97.977,13 ; 97.977,13 ; 104.508,94 ; 91.052,07 ; 91.598,72 ; 91.598,72 ; 91.598,72 ; 169.218,98 ; 1.150.995,78 
PB;CAICARA;2503605; 29.622,06 ; 32.584,27 ; 35.546,47 ; 38.508,68 ; 56.362,20 ; 59.825,00 ; 59.825,00 ; 63.813,34 ; 55.607,03 ; 55.931,69 ; 55.931,69 ; 55.931,69 ; 103.327,90 ; 702.817,05 
PB;CAJAZEIRAS;2503704; 222.525,66 ; 244.778,22 ; 267.030,79 ; 289.283,36 ; 423.487,07 ; 449.441,45 ; 449.441,45 ; 479.404,21 ; 420.223,63 ; 420.512,60 ; 420.512,60 ; 420.512,60 ; 776.852,65 ; 5.284.006,27 
PB;CAJAZEIRINHAS;2503753; 12.518,38 ; 13.770,21 ; 15.022,05 ; 16.273,88 ; 23.818,83 ; 25.282,23 ; 25.282,23 ; 26.967,71 ; 23.353,79 ; 23.618,00 ; 23.618,00 ; 23.618,00 ; 43.631,76 ; 296.775,06 
PB;CALDAS BRANDAO;2503803; 26.061,91 ; 28.668,10 ; 31.274,29 ; 33.880,48 ; 49.588,26 ; 52.634,88 ; 52.634,88 ; 56.143,87 ; 49.496,07 ; 49.283,63 ; 49.283,63 ; 49.283,63 ; 91.046,31 ; 619.279,93 
PB;CAMALAU;2503902; 26.961,40 ; 29.657,54 ; 32.353,67 ; 35.049,81 ; 51.299,72 ; 54.451,50 ; 54.451,50 ; 58.081,60 ; 50.789,30 ; 50.930,81 ; 50.930,81 ; 50.930,81 ; 94.089,30 ; 639.977,76 
PB;CAMPINA GRANDE;2504009; 881.031,63 ; 969.134,80 ; 1.057.237,96 ; 1.145.341,13 ; 1.701.399,80 ; 1.787.120,64 ; 1.787.120,64 ; 1.906.262,02 ; 1.708.596,20 ; 1.676.969,11 ; 1.676.969,11 ; 1.676.969,11 ; 3.098.023,50 ; 21.072.175,67 
PB;CAPIM;2504033; 32.128,34 ; 35.341,17 ; 38.554,01 ; 41.766,84 ; 61.130,92 ; 64.886,70 ; 64.886,70 ; 69.212,48 ; 59.866,65 ; 60.606,30 ; 60.606,30 ; 60.606,30 ; 111.963,75 ; 761.556,48 
PB;CARAUBAS;2504074; 16.883,10 ; 18.571,41 ; 20.259,72 ; 21.948,03 ; 32.123,66 ; 34.097,28 ; 34.097,28 ; 36.370,43 ; 31.809,14 ; 31.893,30 ; 31.893,30 ; 31.893,30 ; 58.919,51 ; 400.759,49 
PB;CARRAPATEIRA;2504108; 15.915,69 ; 17.507,26 ; 19.098,83 ; 20.690,40 ; 30.282,95 ; 32.143,48 ; 32.143,48 ; 34.286,38 ; 29.792,66 ; 30.040,69 ; 30.040,69 ; 30.040,69 ; 55.497,00 ; 377.480,19 
PB;CASSERENGUE;2504157; 28.729,48 ; 31.602,43 ; 34.475,37 ; 37.348,32 ; 54.663,88 ; 58.022,34 ; 58.022,34 ; 61.890,49 ; 54.648,40 ; 54.339,23 ; 54.339,23 ; 54.339,23 ; 100.385,99 ; 682.806,73 
PB;CATINGUEIRA;2504207; 18.661,85 ; 20.528,03 ; 22.394,22 ; 24.260,40 ; 35.508,10 ; 37.689,65 ; 37.689,65 ; 40.202,30 ; 36.076,29 ; 35.372,13 ; 35.372,13 ; 35.372,13 ; 65.346,29 ; 444.473,19 
PB;CATOLE DO ROCHA;2504306; 84.773,61 ; 93.250,97 ; 101.728,33 ; 110.205,69 ; 161.299,62 ; 171.209,60 ; 171.209,60 ; 182.623,58 ; 161.414,74 ; 160.362,50 ; 160.362,50 ; 160.362,50 ; 296.252,79 ; 2.015.056,03 
PB;CATURITE;2504355; 28.229,10 ; 31.052,01 ; 33.874,92 ; 36.697,83 ; 53.711,81 ; 57.011,76 ; 57.011,76 ; 60.812,55 ; 54.725,35 ; 53.526,09 ; 53.526,09 ; 53.526,09 ; 98.883,81 ; 672.589,18 
PB;CONCEICAO;2504405; 67.914,28 ; 74.705,70 ; 81.497,13 ; 88.288,56 ; 129.221,20 ; 137.160,33 ; 137.160,33 ; 146.304,35 ; 127.033,97 ; 128.175,11 ; 128.175,11 ; 128.175,11 ; 236.789,99 ; 1.610.601,17 
PB;CONDADO;2504504; 19.814,75 ; 21.796,22 ; 23.777,69 ; 25.759,16 ; 37.701,71 ; 40.018,05 ; 40.018,05 ; 42.685,92 ; 37.426,91 ; 37.443,58 ; 37.443,58 ; 37.443,58 ; 69.173,07 ; 470.502,26 
PB;CONDE;2504603; 149.351,49 ; 164.286,64 ; 179.221,79 ; 194.156,94 ; 284.172,64 ; 301.631,73 ; 301.631,73 ; 321.740,51 ; 278.354,08 ; 281.741,49 ; 281.741,49 ; 281.741,49 ; 520.487,68 ; 3.540.259,72 
PB;CONGO;2504702; 23.774,43 ; 26.151,88 ; 28.529,32 ; 30.906,76 ; 45.235,87 ; 48.015,08 ; 48.015,08 ; 51.216,08 ; 44.696,16 ; 44.898,94 ; 44.898,94 ; 44.898,94 ; 82.946,05 ; 564.183,52 
PB;COREMAS;2504801; 46.411,35 ; 51.052,48 ; 55.693,62 ; 60.334,75 ; 88.307,34 ; 93.732,81 ; 93.732,81 ; 99.981,66 ; 86.731,82 ; 87.582,00 ; 87.582,00 ; 87.582,00 ; 161.798,51 ; 1.100.523,14 
PB;COXIXOLA;2504850; 7.267,52 ; 7.994,27 ; 8.721,03 ; 9.447,78 ; 13.828,00 ; 14.677,56 ; 14.677,56 ; 15.656,06 ; 13.896,58 ; 13.755,26 ; 13.755,26 ; 13.755,26 ; 25.411,39 ; 172.843,53 
PB;CRUZ DO ESPIRITO SANTO;2504900; 73.088,50 ; 80.397,35 ; 87.706,20 ; 95.015,05 ; 139.066,25 ; 147.610,24 ; 147.610,24 ; 157.450,93 ; 139.247,26 ; 138.268,88 ; 138.268,88 ; 138.268,88 ; 255.437,18 ; 1.737.435,83 
PB;CUBATI;2505006; 45.085,31 ; 49.593,84 ; 54.102,37 ; 58.610,90 ; 85.784,28 ; 91.054,73 ; 91.054,73 ; 97.125,04 ; 100.313,44 ; 87.160,40 ; 87.160,40 ; 87.160,40 ; 161.019,65 ; 1.095.225,51 
PB;CUITE;2505105; 68.676,64 ; 75.544,31 ; 82.411,97 ; 89.279,64 ; 130.671,76 ; 138.700,02 ; 138.700,02 ; 147.946,68 ; 130.400,74 ; 129.865,38 ; 129.865,38 ; 129.865,38 ; 239.912,59 ; 1.631.840,52 
PB;CUITE DE MAMANGUAPE;2505238; 37.216,27 ; 40.937,90 ; 44.659,53 ; 48.381,16 ; 70.811,80 ; 75.162,35 ; 75.162,35 ; 80.173,18 ; 69.536,64 ; 70.228,63 ; 70.228,63 ; 70.228,63 ; 129.739,98 ; 882.467,07 
PB;CUITEGI;2505204; 29.976,87 ; 32.974,57 ; 35.972,25 ; 38.969,94 ; 57.037,32 ; 60.541,60 ; 60.541,60 ; 64.577,70 ; 56.665,48 ; 56.652,49 ; 56.652,49 ; 56.652,49 ; 104.659,50 ; 711.874,29 
PB;CURRAL DE CIMA;2505279; 34.702,55 ; 38.172,81 ; 41.643,07 ; 45.113,32 ; 66.028,92 ; 70.085,62 ; 70.085,62 ; 74.758,00 ; 64.726,89 ; 65.470,50 ; 65.470,50 ; 65.470,50 ; 120.949,84 ; 822.678,14 
PB;CURRAL VELHO;2505303; 12.480,94 ; 13.729,03 ; 14.977,13 ; 16.225,22 ; 23.747,61 ; 25.206,63 ; 25.206,63 ; 26.887,07 ; 23.311,29 ; 23.550,92 ; 23.550,92 ; 23.550,92 ; 43.507,84 ; 295.932,16 
PB;DAMIAO;2505352; 24.083,87 ; 26.492,25 ; 28.900,64 ; 31.309,03 ; 45.824,62 ; 48.640,01 ; 48.640,01 ; 51.882,68 ; 45.830,74 ; 45.554,94 ; 45.554,94 ; 45.554,94 ; 84.157,95 ; 572.426,63 
PB;DESTERRO;2505402; 26.362,52 ; 28.998,77 ; 31.635,02 ; 34.271,28 ; 50.160,24 ; 53.242,00 ; 53.242,00 ; 56.791,47 ; 49.177,65 ; 49.736,87 ; 49.736,87 ; 49.736,87 ; 91.883,62 ; 624.975,18 
PB;DIAMANTE;2505600; 20.608,20 ; 22.669,02 ; 24.729,84 ; 26.790,66 ; 39.211,43 ; 41.620,52 ; 41.620,52 ; 44.395,22 ; 39.093,69 ; 38.964,74 ; 38.964,74 ; 38.964,74 ; 71.983,24 ; 489.616,54 
PB;DONA INES;2505709; 46.995,40 ; 51.694,95 ; 56.394,49 ; 61.094,03 ; 89.418,65 ; 94.912,38 ; 94.912,38 ; 101.239,88 ; 88.387,78 ; 88.757,31 ; 88.757,31 ; 88.757,31 ; 163.969,77 ; 1.115.291,64 
PB;DUAS ESTRADAS;2505808; 15.953,09 ; 17.548,41 ; 19.143,72 ; 20.739,03 ; 30.354,13 ; 32.219,03 ; 32.219,03 ; 34.366,97 ; 29.835,98 ; 30.107,83 ; 30.107,83 ; 30.107,83 ; 55.621,04 ; 378.323,91 
PB;EMAS;2505907; 13.849,06 ; 15.233,96 ; 16.618,87 ; 18.003,77 ; 26.350,75 ; 27.969,69 ; 27.969,69 ; 29.834,34 ; 26.218,90 ; 26.178,13 ; 26.178,13 ; 26.178,13 ; 48.361,34 ; 328.944,75 
PB;ESPERANCA;2506004; 152.071,35 ; 167.278,48 ; 182.485,61 ; 197.692,75 ; 289.347,72 ; 307.124,77 ; 307.124,77 ; 327.599,75 ; 290.429,79 ; 287.780,10 ; 287.780,10 ; 287.780,10 ; 531.643,38 ; 3.616.138,68 
PB;FAGUNDES;2506103; 36.532,24 ; 40.185,47 ; 43.838,69 ; 47.491,91 ; 69.510,27 ; 73.780,87 ; 73.780,87 ; 78.699,60 ; 69.602,26 ; 69.111,92 ; 69.111,92 ; 69.111,92 ; 127.676,98 ; 868.434,92 
PB;FREI MARTINHO;2506202; 10.094,83 ; 11.104,31 ; 12.113,80 ; 13.123,28 ; 19.207,54 ; 20.387,62 ; 20.387,62 ; 21.746,79 ; 18.891,50 ; 19.053,22 ; 19.053,22 ; 19.053,22 ; 35.198,82 ; 239.415,79 
PB;GADO BRAVO;2506251; 60.529,34 ; 66.582,27 ; 72.635,21 ; 78.688,14 ; 115.169,80 ; 122.245,64 ; 122.245,64 ; 130.395,35 ; 112.787,94 ; 114.181,43 ; 114.181,43 ; 114.181,43 ; 210.938,14 ; 1.434.761,75 
PB;GUARABIRA;2506301; 151.107,09 ; 166.217,80 ; 181.328,51 ; 196.439,22 ; 287.513,03 ; 305.177,35 ; 305.177,35 ; 325.522,51 ; 285.787,10 ; 285.592,42 ; 285.592,42 ; 285.592,42 ; 527.601,86 ; 3.588.649,06 
PB;GURINHEM;2506400; 82.594,44 ; 90.853,89 ; 99.113,33 ; 107.372,78 ; 157.153,31 ; 166.808,54 ; 166.808,54 ; 177.929,11 ; 155.162,66 ; 155.967,82 ; 155.967,82 ; 155.967,82 ; 288.134,10 ; 1.959.834,19 
PB;GURJAO;2506509; 15.962,90 ; 17.559,20 ; 19.155,49 ; 20.751,78 ; 30.372,79 ; 32.238,84 ; 32.238,84 ; 34.388,10 ; 30.456,12 ; 30.204,32 ; 30.204,32 ; 30.204,32 ; 55.799,29 ; 379.536,31 
PB;IBIARA;2506608; 18.376,93 ; 20.214,62 ; 22.052,31 ; 23.890,01 ; 34.965,97 ; 37.114,22 ; 37.114,22 ; 39.588,50 ; 34.911,68 ; 34.752,56 ; 34.752,56 ; 34.752,56 ; 64.201,69 ; 436.687,84 
PB;IGARACY;2502607; 19.940,76 ; 21.934,83 ; 23.928,91 ; 25.922,98 ; 37.941,48 ; 40.272,54 ; 40.272,54 ; 42.957,38 ; 37.677,87 ; 37.683,39 ; 37.683,39 ; 37.683,39 ; 69.616,08 ; 473.515,52 
PB;IMACULADA;2506707; 36.695,42 ; 40.364,95 ; 44.034,50 ; 47.704,04 ; 69.820,74 ; 74.110,41 ; 74.110,41 ; 79.051,11 ; 69.220,58 ; 69.330,88 ; 69.330,88 ; 69.330,88 ; 128.081,49 ; 871.186,29 
PB;INGA;2506806; 78.789,78 ; 86.668,76 ; 94.547,74 ; 102.426,72 ; 149.914,13 ; 159.124,61 ; 159.124,61 ; 169.732,92 ; 147.033,34 ; 148.656,05 ; 148.656,05 ; 148.656,05 ; 274.626,37 ; 1.867.957,12 
PB;ITABAIANA;2506905; 58.225,37 ; 64.047,90 ; 69.870,44 ; 75.692,98 ; 110.786,01 ; 117.592,52 ; 117.592,52 ; 125.432,02 ; 109.870,58 ; 110.013,51 ; 110.013,51 ; 110.013,51 ; 203.238,35 ; 1.382.389,21 
PB;ITAPORANGA;2507002; 57.267,31 ; 62.994,04 ; 68.720,77 ; 74.447,50 ; 108.963,10 ; 115.657,61 ; 115.657,61 ; 123.368,12 ; 108.008,68 ; 108.196,31 ; 108.196,31 ; 108.196,31 ; 199.881,26 ; 1.359.554,90 
PB;ITAPOROROCA;2507101; 85.081,83 ; 93.590,01 ; 102.098,19 ; 110.606,38 ; 161.886,08 ; 171.832,09 ; 171.832,09 ; 183.287,56 ; 159.738,05 ; 160.652,27 ; 160.652,27 ; 160.652,27 ; 296.788,12 ; 2.018.697,19 
PB;ITATUBA;2507200; 37.542,53 ; 41.296,78 ; 45.051,04 ; 48.805,29 ; 71.432,57 ; 75.821,26 ; 75.821,26 ; 80.876,01 ; 70.893,30 ; 70.941,08 ; 70.941,08 ; 70.941,08 ; 131.056,16 ; 891.419,43 
PB;JACARAU;2507309; 78.107,86 ; 85.918,65 ; 93.729,43 ; 101.540,22 ; 148.616,63 ; 157.747,39 ; 157.747,39 ; 168.263,89 ; 146.443,56 ; 147.457,90 ; 147.457,90 ; 147.457,90 ; 272.412,92 ; 1.852.901,64 
PB;JERICO;2507408; 34.653,27 ; 38.118,59 ; 41.583,92 ; 45.049,25 ; 65.935,13 ; 69.986,07 ; 69.986,07 ; 74.651,81 ; 64.626,39 ; 65.376,39 ; 65.376,39 ; 65.376,39 ; 120.775,99 ; 821.495,68 
PB;JOAO PESSOA;2507507; 1.887.917,40 ; 2.076.709,14 ; 2.265.500,88 ; 2.454.292,62 ; 3.592.160,01 ; 3.812.856,37 ; 3.812.856,37 ; 4.067.046,79 ; 3.574.880,77 ; 3.568.719,23 ; 3.568.719,23 ; 3.568.719,23 ; 6.592.832,26 ; 44.843.210,30 
PB;JOCA CLAUDINO;2513653; 26.681,12 ; 29.349,23 ; 32.017,34 ; 34.685,45 ; 50.766,43 ; 53.885,44 ; 53.885,44 ; 57.477,80 ; 49.716,52 ; 50.330,76 ; 50.330,76 ; 50.330,76 ; 92.980,78 ; 632.437,83 
PB;JUAREZ TAVORA;2507606; 31.896,26 ; 35.085,89 ; 38.275,51 ; 41.465,14 ; 60.689,35 ; 64.418,00 ; 64.418,00 ; 68.712,53 ; 60.758,78 ; 60.340,13 ; 60.340,13 ; 60.340,13 ; 111.472,03 ; 758.211,86 
PB;JUAZEIRINHO;2507705; 71.870,92 ; 79.058,01 ; 86.245,10 ; 93.432,19 ; 136.749,53 ; 145.151,20 ; 145.151,20 ; 154.827,95 ; 135.756,79 ; 135.813,77 ; 135.813,77 ; 135.813,77 ; 250.901,62 ; 1.706.585,81 
PB;JUNCO DO SERIDO;2507804; 26.055,41 ; 28.660,95 ; 31.266,49 ; 33.872,03 ; 49.575,89 ; 52.621,76 ; 52.621,76 ; 56.129,88 ; 48.577,77 ; 49.153,96 ; 49.153,96 ; 49.153,96 ; 90.806,76 ; 617.650,59 
PB;JURIPIRANGA;2507903; 49.671,46 ; 54.638,60 ; 59.605,74 ; 64.572,89 ; 94.510,39 ; 100.316,95 ; 100.316,95 ; 107.004,75 ; 92.555,79 ; 93.699,32 ; 93.699,32 ; 93.699,32 ; 173.099,60 ; 1.177.391,07 
PB;JURU;2508000; 38.082,39 ; 41.890,63 ; 45.698,87 ; 49.507,11 ; 72.459,77 ; 76.911,57 ; 76.911,57 ; 82.039,01 ; 71.996,44 ; 71.972,05 ; 71.972,05 ; 71.972,05 ; 132.960,78 ; 904.374,30 
PB;LAGOA;2508109; 14.450,33 ; 15.895,36 ; 17.340,39 ; 18.785,42 ; 27.494,77 ; 29.184,01 ; 29.184,01 ; 31.129,61 ; 26.926,15 ; 27.258,82 ; 27.258,82 ; 27.258,82 ; 50.357,80 ; 342.524,33 
PB;LAGOA DE DENTRO;2508208; 41.913,54 ; 46.104,89 ; 50.296,24 ; 54.487,60 ; 79.749,31 ; 84.648,98 ; 84.648,98 ; 90.292,25 ; 80.181,71 ; 79.334,63 ; 79.334,63 ; 79.334,63 ; 146.562,37 ; 996.889,77 
PB;LAGOA SECA;2508307; 109.858,94 ; 120.844,83 ; 131.830,72 ; 142.816,62 ; 209.029,74 ; 221.872,18 ; 221.872,18 ; 236.663,66 ; 207.070,17 ; 207.542,09 ; 207.542,09 ; 207.542,09 ; 383.412,12 ; 2.607.897,44 
PB;LASTRO;2508406; 16.833,62 ; 18.516,99 ; 20.200,35 ; 21.883,71 ; 32.029,52 ; 33.997,35 ; 33.997,35 ; 36.263,84 ; 31.670,38 ; 31.793,94 ; 31.793,94 ; 31.793,94 ; 58.735,94 ; 399.510,87 
PB;LIVRAMENTO;2508505; 29.752,46 ; 32.727,71 ; 35.702,95 ; 38.678,20 ; 56.610,33 ; 60.088,36 ; 60.088,36 ; 64.094,25 ; 56.644,08 ; 56.280,56 ; 56.280,56 ; 56.280,56 ; 103.972,40 ; 707.200,78 
PB;LOGRADOURO;2508554; 24.447,72 ; 26.892,48 ; 29.337,26 ; 31.782,03 ; 46.516,92 ; 49.374,84 ; 49.374,84 ; 52.666,49 ; 45.554,89 ; 46.117,72 ; 46.117,72 ; 46.117,72 ; 85.197,61 ; 579.498,22 
PB;LUCENA;2508604; 59.645,72 ; 65.610,29 ; 71.574,86 ; 77.539,43 ; 113.488,53 ; 120.461,07 ; 120.461,07 ; 128.491,81 ; 113.718,01 ; 112.848,42 ; 112.848,42 ; 112.848,42 ; 208.475,54 ; 1.418.011,59 
PB;MAE DAGUA;2508703; 13.606,11 ; 14.966,73 ; 16.327,34 ; 17.687,95 ; 25.888,51 ; 27.479,05 ; 27.479,05 ; 29.310,99 ; 25.462,13 ; 25.680,46 ; 25.680,46 ; 25.680,46 ; 47.441,94 ; 322.691,18 
PB;MALTA;2508802; 26.952,50 ; 29.647,75 ; 32.343,00 ; 35.038,25 ; 51.282,80 ; 54.433,54 ; 54.433,54 ; 58.062,44 ; 50.929,74 ; 50.934,37 ; 50.934,37 ; 50.934,37 ; 94.095,88 ; 640.022,57 
PB;MAMANGUAPE;2508901; 135.925,63 ; 149.518,19 ; 163.110,76 ; 176.703,32 ; 258.627,11 ; 274.516,73 ; 274.516,73 ; 292.817,84 ; 258.382,22 ; 257.068,88 ; 257.068,88 ; 257.068,88 ; 474.907,64 ; 3.230.232,80 
PB;MANAIRA;2509008; 40.242,26 ; 44.266,48 ; 48.290,70 ; 52.314,93 ; 76.569,35 ; 81.273,65 ; 81.273,65 ; 86.691,89 ; 75.589,55 ; 75.990,47 ; 75.990,47 ; 75.990,47 ; 140.384,38 ; 954.868,23 
PB;MARCACAO;2509057; 48.293,90 ; 53.123,29 ; 57.952,68 ; 62.782,07 ; 91.889,31 ; 97.534,83 ; 97.534,83 ; 104.037,15 ; 89.988,91 ; 91.100,72 ; 91.100,72 ; 91.100,72 ; 168.298,98 ; 1.144.738,11 
PB;MARI;2509107; 92.116,82 ; 101.328,50 ; 110.540,18 ; 119.751,86 ; 175.271,63 ; 186.040,02 ; 186.040,02 ; 198.442,69 ; 173.979,41 ; 174.069,69 ; 174.069,69 ; 174.069,69 ; 321.575,40 ; 2.187.295,61 
PB;MARIZOPOLIS;2509156; 40.377,79 ; 44.415,57 ; 48.453,35 ; 52.491,13 ; 76.827,24 ; 81.547,38 ; 81.547,38 ; 86.983,87 ; 75.238,36 ; 76.167,92 ; 76.167,92 ; 76.167,92 ; 140.712,20 ; 957.098,06 
PB;MASSARANDUBA;2509206; 53.018,56 ; 58.320,41 ; 63.622,27 ; 68.924,12 ; 100.878,95 ; 107.076,79 ; 107.076,79 ; 114.215,25 ; 100.636,68 ; 100.252,15 ; 100.252,15 ; 100.252,15 ; 185.205,27 ; 1.259.731,54 
PB;MATARACA;2509305; 51.960,47 ; 57.156,51 ; 62.352,56 ; 67.548,61 ; 98.865,72 ; 104.939,86 ; 104.939,86 ; 111.935,85 ; 98.044,43 ; 98.175,77 ; 98.175,77 ; 98.175,77 ; 181.369,38 ; 1.233.640,57 
PB;MATINHAS;2509339; 21.838,04 ; 24.021,85 ; 26.205,65 ; 28.389,46 ; 41.551,47 ; 44.104,33 ; 44.104,33 ; 47.044,61 ; 40.692,13 ; 41.194,88 ; 41.194,88 ; 41.194,88 ; 76.103,20 ; 517.639,72 
PB;MATO GROSSO;2509370; 22.187,03 ; 24.405,74 ; 26.624,44 ; 28.843,14 ; 42.215,50 ; 44.809,15 ; 44.809,15 ; 47.796,43 ; 41.342,42 ; 41.853,21 ; 41.853,21 ; 41.853,21 ; 77.319,39 ; 525.912,03 
PB;MATUREIA;2509396; 30.591,88 ; 33.651,07 ; 36.710,25 ; 39.769,44 ; 58.207,49 ; 61.783,65 ; 61.783,65 ; 65.902,56 ; 57.003,67 ; 57.707,96 ; 57.707,96 ; 57.707,96 ; 106.609,36 ; 725.136,89 
PB;MOGEIRO;2509404; 68.109,33 ; 74.920,27 ; 81.731,20 ; 88.542,13 ; 129.592,34 ; 137.554,28 ; 137.554,28 ; 146.724,56 ; 128.600,20 ; 128.698,90 ; 128.698,90 ; 128.698,90 ; 237.757,64 ; 1.617.182,92 
PB;MONTADAS;2509503; 29.780,22 ; 32.758,24 ; 35.736,26 ; 38.714,28 ; 56.663,13 ; 60.144,42 ; 60.144,42 ; 64.154,05 ; 56.471,33 ; 56.303,84 ; 56.303,84 ; 56.303,84 ; 104.015,40 ; 707.493,26 
PB;MONTE HOREBE;2509602; 29.512,44 ; 32.463,68 ; 35.414,92 ; 38.366,17 ; 56.153,62 ; 59.603,60 ; 59.603,60 ; 63.577,18 ; 55.141,24 ; 55.691,01 ; 55.691,01 ; 55.691,01 ; 102.883,27 ; 699.792,76 
PB;MONTEIRO;2509701; 119.835,96 ; 131.819,55 ; 143.803,14 ; 155.786,74 ; 228.013,11 ; 242.021,86 ; 242.021,86 ; 258.156,65 ; 224.631,19 ; 226.229,13 ; 226.229,13 ; 226.229,13 ; 417.934,46 ; 2.842.711,90 
PB;MULUNGU;2509800; 42.137,86 ; 46.351,65 ; 50.565,43 ; 54.779,22 ; 80.176,15 ; 85.102,03 ; 85.102,03 ; 90.775,50 ; 78.900,76 ; 79.537,68 ; 79.537,68 ; 79.537,68 ; 146.937,47 ; 999.441,14 
PB;NATUBA;2509909; 50.637,38 ; 55.701,11 ; 60.764,85 ; 65.828,59 ; 96.348,25 ; 102.267,74 ; 102.267,74 ; 109.085,58 ; 94.641,74 ; 95.558,48 ; 95.558,48 ; 95.558,48 ; 176.534,21 ; 1.200.752,61 
PB;NAZAREZINHO;2510006; 24.944,60 ; 27.439,06 ; 29.933,52 ; 32.427,98 ; 47.462,34 ; 50.378,35 ; 50.378,35 ; 53.736,91 ; 46.867,07 ; 47.105,08 ; 47.105,08 ; 47.105,08 ; 87.021,67 ; 591.905,08 
PB;NOVA FLORESTA;2510105; 35.581,13 ; 39.139,24 ; 42.697,35 ; 46.255,46 ; 67.700,57 ; 71.859,98 ; 71.859,98 ; 76.650,65 ; 67.258,15 ; 67.243,66 ; 67.243,66 ; 67.243,66 ; 124.225,57 ; 844.959,07 
PB;NOVA OLINDA;2510204; 28.068,06 ; 30.874,86 ; 33.681,67 ; 36.488,47 ; 53.405,37 ; 56.686,52 ; 56.686,52 ; 60.465,62 ; 52.689,92 ; 52.997,47 ; 52.997,47 ; 52.997,47 ; 97.907,23 ; 665.946,65 
PB;NOVA PALMEIRA;2510303; 15.448,04 ; 16.992,85 ; 18.537,65 ; 20.082,45 ; 29.393,15 ; 31.199,01 ; 31.199,01 ; 33.278,95 ; 28.893,49 ; 29.154,92 ; 29.154,92 ; 29.154,92 ; 53.860,65 ; 366.350,03 
PB;OLHO DAGUA;2510402; 23.222,30 ; 25.544,53 ; 27.866,76 ; 30.188,99 ; 44.185,31 ; 46.899,99 ; 46.899,99 ; 50.026,65 ; 43.354,61 ; 43.816,89 ; 43.816,89 ; 43.816,89 ; 80.947,08 ; 550.586,88 
PB;OLIVEDOS;2510501; 18.107,95 ; 19.918,74 ; 21.729,54 ; 23.540,33 ; 34.454,17 ; 36.570,99 ; 36.570,99 ; 39.009,05 ; 33.959,16 ; 34.186,68 ; 34.186,68 ; 34.186,68 ; 63.156,29 ; 429.577,24 
PB;OURO VELHO;2510600; 10.677,67 ; 11.745,44 ; 12.813,21 ; 13.880,97 ; 20.316,52 ; 21.564,73 ; 21.564,73 ; 23.002,38 ; 19.896,34 ; 20.142,17 ; 20.142,17 ; 20.142,17 ; 37.210,52 ; 253.099,02 
PB;PARARI;2510659; 6.642,80 ; 7.307,07 ; 7.971,35 ; 8.635,63 ; 12.639,31 ; 13.415,85 ; 13.415,85 ; 14.310,24 ; 12.377,92 ; 12.530,85 ; 12.530,85 ; 12.530,85 ; 23.149,42 ; 157.457,99 
PB;PASSAGEM;2510709; 13.486,90 ; 14.835,59 ; 16.184,28 ; 17.532,97 ; 25.661,67 ; 27.238,28 ; 27.238,28 ; 29.054,17 ; 25.130,96 ; 25.441,44 ; 25.441,44 ; 25.441,44 ; 47.000,39 ; 319.687,82 
PB;PATOS;2510808; 275.809,74 ; 303.390,71 ; 330.971,68 ; 358.552,66 ; 524.786,04 ; 557.028,03 ; 557.028,03 ; 594.163,23 ; 516.411,49 ; 520.603,56 ; 520.603,56 ; 520.603,56 ; 961.760,16 ; 6.541.712,46 
PB;PAULISTA;2510907; 63.250,66 ; 69.575,72 ; 75.900,79 ; 82.225,85 ; 120.347,67 ; 127.741,64 ; 127.741,64 ; 136.257,75 ; 119.013,02 ; 119.464,43 ; 119.464,43 ; 119.464,43 ; 220.697,92 ; 1.501.145,93 
PB;PEDRA BRANCA;2511004; 18.985,09 ; 20.883,60 ; 22.782,11 ; 24.680,62 ; 36.123,13 ; 38.342,48 ; 38.342,48 ; 40.898,64 ; 35.430,81 ; 35.820,22 ; 35.820,22 ; 35.820,22 ; 66.174,08 ; 450.103,71 
PB;PEDRA LAVRADA;2511103; 37.319,28 ; 41.051,21 ; 44.783,14 ; 48.515,07 ; 71.007,78 ; 75.370,39 ; 75.370,39 ; 80.395,08 ; 69.733,23 ; 70.423,54 ; 70.423,54 ; 70.423,54 ; 130.100,06 ; 884.916,24 
PB;PEDRAS DE FOGO;2511202; 142.659,56 ; 156.925,51 ; 171.191,47 ; 185.457,42 ; 271.439,81 ; 288.116,63 ; 288.116,63 ; 307.324,40 ; 270.019,83 ; 269.653,72 ; 269.653,72 ; 269.653,72 ; 498.156,79 ; 3.388.369,21 
PB;PEDRO REGIS;2512721; 26.456,83 ; 29.102,51 ; 31.748,19 ; 34.393,87 ; 50.339,67 ; 53.432,46 ; 53.432,46 ; 56.994,63 ; 50.383,77 ; 50.048,27 ; 50.048,27 ; 50.048,27 ; 92.458,89 ; 628.888,09 
PB;PIANCO;2511301; 36.301,19 ; 39.931,31 ; 43.561,43 ; 47.191,55 ; 69.070,66 ; 73.314,24 ; 73.314,24 ; 78.201,86 ; 67.673,83 ; 68.482,00 ; 68.482,00 ; 68.482,00 ; 126.513,27 ; 860.519,60 
PB;PICUI;2511400; 77.340,62 ; 85.074,68 ; 92.808,74 ; 100.542,80 ; 147.156,79 ; 156.197,86 ; 156.197,86 ; 166.611,05 ; 145.745,10 ; 146.105,32 ; 146.105,32 ; 146.105,32 ; 269.914,17 ; 1.835.905,65 
PB;PILAR;2511509; 55.085,74 ; 60.594,32 ; 66.102,90 ; 71.611,47 ; 104.812,23 ; 111.251,71 ; 111.251,71 ; 118.668,49 ; 105.448,99 ; 104.276,09 ; 104.276,09 ; 104.276,09 ; 192.639,08 ; 1.310.294,93 
PB;PILOES;2511608; 35.911,65 ; 39.502,81 ; 43.093,98 ; 46.685,14 ; 68.329,46 ; 72.527,51 ; 72.527,51 ; 77.362,68 ; 67.807,02 ; 67.858,47 ; 67.858,47 ; 67.858,47 ; 125.361,37 ; 852.684,54 
PB;PILOEZINHOS;2511707; 24.327,66 ; 26.760,43 ; 29.193,19 ; 31.625,96 ; 46.288,50 ; 49.132,38 ; 49.132,38 ; 52.407,88 ; 46.199,56 ; 46.003,76 ; 46.003,76 ; 46.003,76 ; 84.987,10 ; 578.066,33 
PB;PIRPIRITUBA;2511806; 31.133,53 ; 34.246,88 ; 37.360,24 ; 40.473,59 ; 59.238,09 ; 62.877,58 ; 62.877,58 ; 67.069,42 ; 58.785,06 ; 58.829,75 ; 58.829,75 ; 58.829,75 ; 108.681,76 ; 739.233,01 
PB;PITIMBU;2511905; 77.464,39 ; 85.210,83 ; 92.957,26 ; 100.703,70 ; 147.392,29 ; 156.447,83 ; 156.447,83 ; 166.877,69 ; 146.082,91 ; 146.352,69 ; 146.352,69 ; 146.352,69 ; 270.371,15 ; 1.839.013,96 
PB;POCINHOS;2512002; 99.016,60 ; 108.918,26 ; 118.819,92 ; 128.721,58 ; 188.399,90 ; 199.974,89 ; 199.974,89 ; 213.306,55 ; 184.821,43 ; 186.824,28 ; 186.824,28 ; 186.824,28 ; 345.138,14 ; 2.347.564,99 
PB;POCO DANTAS;2512036; 32.358,48 ; 35.594,32 ; 38.830,17 ; 42.066,02 ; 61.568,80 ; 65.351,49 ; 65.351,49 ; 69.708,25 ; 60.668,36 ; 61.088,74 ; 61.088,74 ; 61.088,74 ; 112.855,00 ; 767.618,59 
PB;POCO DE JOSE DE MOURA;2512077; 47.521,71 ; 52.273,88 ; 57.026,05 ; 61.778,22 ; 90.420,05 ; 95.975,31 ; 95.975,31 ; 102.373,66 ; 88.550,04 ; 89.644,08 ; 89.644,08 ; 89.644,08 ; 165.607,98 ; 1.126.434,46 
PB;POMBAL;2512101; 126.861,33 ; 139.547,46 ; 152.233,59 ; 164.919,72 ; 241.380,35 ; 256.210,37 ; 256.210,37 ; 273.291,06 ; 240.429,94 ; 239.832,52 ; 239.832,52 ; 239.832,52 ; 443.065,28 ; 3.013.647,04 
PB;PRATA;2512200; 14.911,69 ; 16.402,86 ; 17.894,03 ; 19.385,20 ; 28.372,62 ; 30.115,79 ; 30.115,79 ; 32.123,51 ; 28.209,34 ; 28.184,01 ; 28.184,01 ; 28.184,01 ; 52.066,98 ; 354.149,83 
PB;PRINCESA ISABEL;2512309; 60.469,22 ; 66.516,14 ; 72.563,06 ; 78.609,99 ; 115.055,41 ; 122.124,23 ; 122.124,23 ; 130.265,84 ; 114.012,10 ; 114.241,14 ; 114.241,14 ; 114.241,14 ; 211.048,46 ; 1.435.512,11 
PB;PUXINANA;2512408; 92.376,36 ; 101.614,00 ; 110.851,63 ; 120.089,27 ; 175.765,46 ; 186.564,20 ; 186.564,20 ; 199.001,81 ; 172.224,56 ; 174.269,26 ; 174.269,26 ; 174.269,26 ; 321.944,08 ; 2.189.803,34 
PB;QUEIMADAS;2512507; 224.248,27 ; 246.673,09 ; 269.097,92 ; 291.522,75 ; 426.679,50 ; 452.893,98 ; 452.893,98 ; 483.086,91 ; 426.941,66 ; 424.195,07 ; 424.195,07 ; 424.195,07 ; 783.655,64 ; 5.330.278,92 
PB;QUIXABA;2512606; 8.163,94 ; 8.980,33 ; 9.796,72 ; 10.613,12 ; 15.533,60 ; 16.487,97 ; 16.487,97 ; 17.587,16 ; 15.434,74 ; 15.429,11 ; 15.429,11 ; 15.429,11 ; 28.503,66 ; 193.876,54 
PB;REMIGIO;2512705; 72.581,74 ; 79.839,91 ; 87.098,08 ; 94.356,25 ; 138.102,01 ; 146.586,77 ; 146.586,77 ; 156.359,23 ; 138.943,01 ; 137.395,86 ; 137.395,86 ; 137.395,86 ; 253.824,35 ; 1.726.465,69 
PB;RIACHAO;2512747; 14.410,45 ; 15.851,49 ; 17.292,53 ; 18.733,58 ; 27.418,90 ; 29.103,47 ; 29.103,47 ; 31.043,70 ; 26.851,83 ; 27.183,59 ; 27.183,59 ; 27.183,59 ; 50.218,82 ; 341.579,02 
PB;RIACHAO DO BACAMARTE;2512754; 32.986,68 ; 36.285,35 ; 39.584,02 ; 42.882,68 ; 62.764,10 ; 66.620,22 ; 66.620,22 ; 71.061,57 ; 63.291,42 ; 62.461,97 ; 62.461,97 ; 62.461,97 ; 115.391,89 ; 784.874,05 
PB;RIACHAO DO POCO;2512762; 26.080,98 ; 28.689,07 ; 31.297,17 ; 33.905,27 ; 49.624,54 ; 52.673,39 ; 52.673,39 ; 56.184,95 ; 48.598,23 ; 49.198,67 ; 49.198,67 ; 49.198,67 ; 90.889,35 ; 618.212,35 
PB;RIACHO DE SANTO ANTONIO;2512788; 12.291,09 ; 13.520,20 ; 14.749,31 ; 15.978,41 ; 23.386,38 ; 24.823,20 ; 24.823,20 ; 26.478,08 ; 24.010,87 ; 23.329,26 ; 23.329,26 ; 23.329,26 ; 43.098,35 ; 293.146,87 
PB;RIACHO DOS CAVALOS;2512804; 49.244,93 ; 54.169,43 ; 59.093,92 ; 64.018,41 ; 93.698,85 ; 99.455,55 ; 99.455,55 ; 106.085,92 ; 95.194,07 ; 93.339,53 ; 93.339,53 ; 93.339,53 ; 172.434,94 ; 1.172.870,16 
PB;RIO TINTO;2512903; 89.571,88 ; 98.529,08 ; 107.486,26 ; 116.443,45 ; 170.429,36 ; 180.900,26 ; 180.900,26 ; 192.960,27 ; 171.777,15 ; 169.598,06 ; 169.598,06 ; 169.598,06 ; 313.314,52 ; 2.131.106,65 
PB;SALGADINHO;2513000; 13.963,49 ; 15.359,84 ; 16.756,19 ; 18.152,54 ; 26.568,49 ; 28.200,80 ; 28.200,80 ; 30.080,86 ; 26.816,15 ; 26.443,76 ; 26.443,76 ; 26.443,76 ; 48.852,05 ; 332.282,48 
PB;SALGADO DE SAO FELIX;2513109; 46.798,83 ; 51.478,72 ; 56.158,60 ; 60.838,48 ; 89.044,63 ; 94.515,38 ; 94.515,38 ; 100.816,41 ; 87.874,50 ; 88.367,45 ; 88.367,45 ; 88.367,45 ; 163.249,55 ; 1.110.392,84 
PB;SANTA CECILIA;2513158; 31.993,77 ; 35.193,15 ; 38.392,53 ; 41.591,90 ; 60.874,88 ; 64.614,93 ; 64.614,93 ; 68.922,59 ; 59.615,91 ; 60.352,46 ; 60.352,46 ; 60.352,46 ; 111.494,81 ; 758.366,79 
PB;SANTA CRUZ;2513208; 16.815,06 ; 18.496,57 ; 20.178,08 ; 21.859,58 ; 31.994,20 ; 33.959,86 ; 33.959,86 ; 36.223,86 ; 31.958,84 ; 31.800,78 ; 31.800,78 ; 31.800,78 ; 58.748,58 ; 399.596,82 
PB;SANTA HELENA;2513307; 20.444,66 ; 22.489,13 ; 24.533,59 ; 26.578,06 ; 38.900,27 ; 41.290,24 ; 41.290,24 ; 44.042,92 ; 38.095,77 ; 38.566,43 ; 38.566,43 ; 38.566,43 ; 71.247,42 ; 484.611,58 
PB;SANTA INES;2513356; 9.947,58 ; 10.942,34 ; 11.937,10 ; 12.931,85 ; 18.927,36 ; 20.090,23 ; 20.090,23 ; 21.429,58 ; 18.535,93 ; 18.764,93 ; 18.764,93 ; 18.764,93 ; 34.666,23 ; 235.793,23 
PB;SANTA LUZIA;2513406; 43.431,93 ; 47.775,12 ; 52.118,31 ; 56.461,50 ; 82.638,37 ; 87.715,54 ; 87.715,54 ; 93.563,24 ; 81.703,51 ; 82.029,49 ; 82.029,49 ; 82.029,49 ; 151.540,84 ; 1.030.752,38 
PB;SANTA RITA;2513703; 307.734,35 ; 338.507,78 ; 369.281,22 ; 400.054,65 ; 585.529,34 ; 621.503,29 ; 621.503,29 ; 662.936,84 ; 577.651,19 ; 581.052,65 ; 581.052,65 ; 581.052,65 ; 1.073.433,46 ; 7.301.293,36 
PB;SANTA TERESINHA;2513802; 13.725,18 ; 15.097,70 ; 16.470,21 ; 17.842,73 ; 26.115,05 ; 27.719,50 ; 27.719,50 ; 29.567,47 ; 25.875,78 ; 25.929,90 ; 25.929,90 ; 25.929,90 ; 47.902,76 ; 325.825,59 
PB;SANTANA DE MANGUEIRA;2513505; 22.344,95 ; 24.579,44 ; 26.813,94 ; 29.048,43 ; 42.515,96 ; 45.128,07 ; 45.128,07 ; 48.136,61 ; 41.636,67 ; 42.151,10 ; 42.151,10 ; 42.151,10 ; 77.869,70 ; 529.655,12 
PB;SANTANA DOS GARROTES;2513604; 26.530,43 ; 29.183,48 ; 31.836,52 ; 34.489,57 ; 50.479,74 ; 53.581,13 ; 53.581,13 ; 57.153,20 ; 50.390,24 ; 50.170,19 ; 50.170,19 ; 50.170,19 ; 92.684,14 ; 630.420,15 
PB;SANTO ANDRE;2513851; 10.990,71 ; 12.089,77 ; 13.188,84 ; 14.287,91 ; 20.912,12 ; 22.196,93 ; 22.196,93 ; 23.676,72 ; 20.510,88 ; 20.736,71 ; 20.736,71 ; 20.736,71 ; 38.308,88 ; 260.569,80 
PB;SAO BENTINHO;2513927; 19.257,75 ; 21.183,52 ; 23.109,30 ; 25.035,07 ; 36.641,91 ; 38.893,14 ; 38.893,14 ; 41.486,01 ; 35.884,12 ; 36.327,46 ; 36.327,46 ; 36.327,46 ; 67.111,15 ; 456.477,49 
PB;SAO BENTO;2513901; 206.471,04 ; 227.118,14 ; 247.765,24 ; 268.412,34 ; 392.854,57 ; 416.990,91 ; 416.990,91 ; 444.790,30 ; 389.729,18 ; 390.130,89 ; 390.130,89 ; 390.130,89 ; 720.725,66 ; 4.902.240,95 
PB;SAO DOMINGOS;2513968; 11.257,45 ; 12.383,20 ; 13.508,94 ; 14.634,69 ; 21.419,67 ; 22.735,66 ; 22.735,66 ; 24.251,37 ; 21.499,74 ; 21.303,62 ; 21.303,62 ; 21.303,62 ; 39.356,19 ; 267.693,46 
PB;SAO DOMINGOS DO CARIRI;2513943; 13.419,33 ; 14.761,26 ; 16.103,19 ; 17.445,12 ; 25.533,08 ; 27.101,79 ; 27.101,79 ; 28.908,58 ; 25.277,45 ; 25.349,26 ; 25.349,26 ; 25.349,26 ; 46.830,08 ; 318.529,45 
PB;SAO FRANCISCO;2513984; 21.131,07 ; 23.244,18 ; 25.357,28 ; 27.470,39 ; 40.206,30 ; 42.676,51 ; 42.676,51 ; 45.521,61 ; 39.374,79 ; 39.861,26 ; 39.861,26 ; 39.861,26 ; 73.639,47 ; 500.881,89 
PB;SAO JOAO DO CARIRI;2514008; 23.347,93 ; 25.682,72 ; 28.017,52 ; 30.352,31 ; 44.424,36 ; 47.153,71 ; 47.153,71 ; 50.297,29 ; 43.505,60 ; 44.043,11 ; 44.043,11 ; 44.043,11 ; 81.365,00 ; 553.429,46 
PB;SAO JOAO DO RIO DO PEIXE;2500700; 98.266,45 ; 108.093,10 ; 117.919,74 ; 127.746,39 ; 186.972,59 ; 198.459,88 ; 198.459,88 ; 211.690,54 ; 183.105,76 ; 185.368,03 ; 185.368,03 ; 185.368,03 ; 342.447,87 ; 2.329.266,28 
PB;SAO JOAO DO TIGRE;2514107; 19.370,78 ; 21.307,85 ; 23.244,93 ; 25.182,01 ; 36.856,98 ; 39.121,41 ; 39.121,41 ; 41.729,50 ; 36.410,92 ; 36.581,64 ; 36.581,64 ; 36.581,64 ; 67.580,73 ; 459.671,46 
PB;SAO JOSE DA LAGOA TAPADA;2514206; 37.767,71 ; 41.544,47 ; 45.321,24 ; 49.098,01 ; 71.860,99 ; 76.276,02 ; 76.276,02 ; 81.361,09 ; 70.374,83 ; 71.244,30 ; 71.244,30 ; 71.244,30 ; 131.616,33 ; 895.229,60 
PB;SAO JOSE DE CAIANA;2514305; 25.800,28 ; 28.380,31 ; 30.960,34 ; 33.540,37 ; 49.090,47 ; 52.106,50 ; 52.106,50 ; 55.580,27 ; 48.737,46 ; 48.754,98 ; 48.754,98 ; 48.754,98 ; 90.069,68 ; 612.637,11 
PB;SAO JOSE DE ESPINHARAS;2514404; 12.896,24 ; 14.185,87 ; 15.475,49 ; 16.765,12 ; 24.537,82 ; 26.045,38 ; 26.045,38 ; 27.781,74 ; 24.030,35 ; 24.327,24 ; 24.327,24 ; 24.327,24 ; 44.942,01 ; 305.687,14 
PB;SAO JOSE DE PIRANHAS;2514503; 81.467,23 ; 89.613,95 ; 97.760,68 ; 105.907,40 ; 155.008,55 ; 164.532,01 ; 164.532,01 ; 175.500,81 ; 152.276,68 ; 153.739,69 ; 153.739,69 ; 153.739,69 ; 284.017,85 ; 1.931.836,23 
PB;SAO JOSE DE PRINCESA;2514552; 12.060,37 ; 13.266,40 ; 14.472,44 ; 15.678,47 ; 22.947,38 ; 24.357,23 ; 24.357,23 ; 25.981,05 ; 23.009,18 ; 22.819,95 ; 22.819,95 ; 22.819,95 ; 42.157,44 ; 286.747,03 
PB;SAO JOSE DO BONFIM;2514602; 14.611,76 ; 16.072,94 ; 17.534,12 ; 18.995,29 ; 27.801,96 ; 29.510,06 ; 29.510,06 ; 31.477,40 ; 28.237,16 ; 27.694,24 ; 27.694,24 ; 27.694,24 ; 51.162,19 ; 347.995,66 
PB;SAO JOSE DO BREJO DO CRUZ;2514651; 14.260,94 ; 15.687,04 ; 17.113,13 ; 18.539,22 ; 27.134,44 ; 28.801,54 ; 28.801,54 ; 30.721,64 ; 26.573,27 ; 26.901,58 ; 26.901,58 ; 26.901,58 ; 49.697,83 ; 338.035,32 
PB;SAO JOSE DO SABUGI;2514701; 18.011,78 ; 19.812,96 ; 21.614,14 ; 23.415,31 ; 34.271,20 ; 36.376,77 ; 36.376,77 ; 38.801,88 ; 33.893,01 ; 34.019,92 ; 34.019,92 ; 34.019,92 ; 62.848,22 ; 427.481,80 
PB;SAO JOSE DOS CORDEIROS;2514800; 11.966,37 ; 13.163,01 ; 14.359,65 ; 15.556,28 ; 22.768,54 ; 24.167,40 ; 24.167,40 ; 25.778,56 ; 22.297,66 ; 22.573,15 ; 22.573,15 ; 22.573,15 ; 41.701,50 ; 283.645,82 
PB;SAO JOSE DOS RAMOS;2514453; 35.699,25 ; 39.269,18 ; 42.839,11 ; 46.409,03 ; 67.925,34 ; 72.098,56 ; 72.098,56 ; 76.905,13 ; 67.435,21 ; 67.460,92 ; 67.460,92 ; 67.460,92 ; 124.626,94 ; 847.689,11 
PB;SAO MAMEDE;2514909; 27.220,37 ; 29.942,41 ; 32.664,44 ; 35.386,48 ; 51.792,48 ; 54.974,52 ; 54.974,52 ; 58.639,49 ; 51.510,70 ; 51.450,28 ; 51.450,28 ; 51.450,28 ; 95.048,96 ; 646.505,20 
PB;SAO MIGUEL DE TAIPU;2515005; 35.658,30 ; 39.224,13 ; 42.789,96 ; 46.355,79 ; 67.847,42 ; 72.015,85 ; 72.015,85 ; 76.816,91 ; 68.755,96 ; 67.564,67 ; 67.564,67 ; 67.564,67 ; 124.818,61 ; 848.992,80 
PB;SAO SEBASTIAO DE LAGOA DE ROCA;2515104; 36.168,62 ; 39.785,48 ; 43.402,34 ; 47.019,21 ; 68.818,40 ; 73.046,50 ; 73.046,50 ; 77.916,26 ; 70.164,19 ; 68.586,58 ; 68.586,58 ; 68.586,58 ; 126.706,48 ; 861.833,73 
PB;SAO SEBASTIAO DO UMBUZEIRO;2515203; 15.968,54 ; 17.565,40 ; 19.162,26 ; 20.759,11 ; 30.383,52 ; 32.250,23 ; 32.250,23 ; 34.400,25 ; 30.735,91 ; 30.249,84 ; 30.249,84 ; 30.249,84 ; 55.883,39 ; 380.108,37 
PB;SAO VICENTE DO SERIDO;2515401; 47.543,44 ; 52.297,78 ; 57.052,12 ; 61.806,46 ; 90.461,38 ; 96.019,18 ; 96.019,18 ; 102.420,46 ; 88.953,33 ; 89.732,06 ; 89.732,06 ; 89.732,06 ; 165.770,52 ; 1.127.540,05 
PB;SAPE;2515302; 158.050,64 ; 173.855,71 ; 189.660,77 ; 205.465,84 ; 300.724,60 ; 319.200,62 ; 319.200,62 ; 340.480,66 ; 301.316,37 ; 299.026,30 ; 299.026,30 ; 299.026,30 ; 552.419,54 ; 3.757.454,26 
PB;SERRA BRANCA;2515500; 30.386,77 ; 33.425,45 ; 36.464,13 ; 39.502,81 ; 57.817,23 ; 61.369,42 ; 61.369,42 ; 65.460,72 ; 57.244,89 ; 57.401,82 ; 57.401,82 ; 57.401,82 ; 106.043,81 ; 721.290,12 
PB;SERRA DA RAIZ;2515609; 18.919,26 ; 20.811,19 ; 22.703,12 ; 24.595,05 ; 35.997,89 ; 38.209,54 ; 38.209,54 ; 40.756,84 ; 35.253,40 ; 35.688,96 ; 35.688,96 ; 35.688,96 ; 65.931,58 ; 448.454,28 
PB;SERRA GRANDE;2515708; 13.306,20 ; 14.636,81 ; 15.967,43 ; 17.298,05 ; 25.317,83 ; 26.873,32 ; 26.873,32 ; 28.664,87 ; 24.848,78 ; 25.107,63 ; 25.107,63 ; 25.107,63 ; 46.383,70 ; 315.493,21 
PB;SERRA REDONDA;2515807; 25.556,34 ; 28.111,97 ; 30.667,61 ; 33.223,24 ; 48.626,31 ; 51.613,83 ; 51.613,83 ; 55.054,75 ; 47.648,31 ; 48.212,59 ; 48.212,59 ; 48.212,59 ; 89.067,68 ; 605.821,66 
PB;SERRARIA;2515906; 18.997,92 ; 20.897,71 ; 22.797,51 ; 24.697,30 ; 36.147,53 ; 38.368,39 ; 38.368,39 ; 40.926,28 ; 35.592,69 ; 35.862,30 ; 35.862,30 ; 35.862,30 ; 66.251,81 ; 450.632,43 
PB;SERTAOZINHO;2515930; 27.652,43 ; 30.417,67 ; 33.182,91 ; 35.948,15 ; 52.614,56 ; 55.847,11 ; 55.847,11 ; 59.570,25 ; 52.488,94 ; 52.287,74 ; 52.287,74 ; 52.287,74 ; 96.596,07 ; 657.028,41 
PB;SOBRADO;2515971; 44.155,31 ; 48.570,84 ; 52.986,37 ; 57.401,90 ; 84.014,75 ; 89.176,48 ; 89.176,48 ; 95.121,58 ; 82.277,23 ; 83.293,75 ; 83.293,75 ; 83.293,75 ; 153.876,42 ; 1.046.638,62 
PB;SOLANEA;2516003; 75.061,44 ; 82.567,58 ; 90.073,72 ; 97.579,86 ; 142.820,16 ; 151.594,80 ; 151.594,80 ; 161.701,12 ; 142.024,47 ; 141.874,10 ; 141.874,10 ; 141.874,10 ; 262.097,44 ; 1.782.737,70 
PB;SOLEDADE;2516102; 59.831,74 ; 65.814,92 ; 71.798,09 ; 77.781,27 ; 113.842,48 ; 120.836,78 ; 120.836,78 ; 128.892,56 ; 111.977,23 ; 112.928,88 ; 112.928,88 ; 112.928,88 ; 208.624,20 ; 1.419.022,70 
PB;SOSSEGO;2516151; 19.253,59 ; 21.178,95 ; 23.104,31 ; 25.029,67 ; 36.634,02 ; 38.884,75 ; 38.884,75 ; 41.477,06 ; 35.876,37 ; 36.319,63 ; 36.319,63 ; 36.319,63 ; 67.096,68 ; 456.379,05 
PB;SOUSA;2516201; 130.479,94 ; 143.527,93 ; 156.575,93 ; 169.623,92 ; 248.265,52 ; 263.518,55 ; 263.518,55 ; 281.086,46 ; 244.482,72 ; 246.310,08 ; 246.310,08 ; 246.310,08 ; 455.031,88 ; 3.095.041,63 
PB;SUME;2516300; 55.584,29 ; 61.142,72 ; 66.701,15 ; 72.259,58 ; 105.760,80 ; 112.258,57 ; 112.258,57 ; 119.742,48 ; 105.936,50 ; 105.159,34 ; 105.159,34 ; 105.159,34 ; 194.270,78 ; 1.321.393,44 
PB;TACIMA;2516409; 31.405,11 ; 34.545,62 ; 37.686,13 ; 40.826,65 ; 59.754,83 ; 63.426,07 ; 63.426,07 ; 67.654,47 ; 58.582,14 ; 59.250,20 ; 59.250,20 ; 59.250,20 ; 109.458,50 ; 744.516,21 
PB;TAPEROA;2516508; 54.222,61 ; 59.644,87 ; 65.067,13 ; 70.489,39 ; 103.169,92 ; 109.508,51 ; 109.508,51 ; 116.809,08 ; 101.036,23 ; 102.284,53 ; 102.284,53 ; 102.284,53 ; 188.959,88 ; 1.285.269,73 
PB;TAVARES;2516607; 49.105,29 ; 54.015,82 ; 58.926,35 ; 63.836,88 ; 93.433,14 ; 99.173,52 ; 99.173,52 ; 105.785,09 ; 91.500,82 ; 92.631,32 ; 92.631,32 ; 92.631,32 ; 171.126,58 ; 1.163.970,97 
PB;TEIXEIRA;2516706; 69.807,72 ; 76.788,49 ; 83.769,26 ; 90.750,03 ; 132.823,86 ; 140.984,35 ; 140.984,35 ; 150.383,30 ; 130.076,90 ; 131.684,00 ; 131.684,00 ; 131.684,00 ; 243.272,29 ; 1.654.692,54 
PB;TENORIO;2516755; 13.890,95 ; 15.280,04 ; 16.669,14 ; 18.058,23 ; 26.430,45 ; 28.054,29 ; 28.054,29 ; 29.924,58 ; 25.883,83 ; 26.203,63 ; 26.203,63 ; 26.203,63 ; 48.408,44 ; 329.265,15 
PB;TRIUNFO;2516805; 71.595,99 ; 78.755,59 ; 85.915,18 ; 93.074,78 ; 136.226,42 ; 144.595,95 ; 144.595,95 ; 154.235,68 ; 134.426,11 ; 135.189,12 ; 135.189,12 ; 135.189,12 ; 249.747,64 ; 1.698.736,65 
PB;UIRAUNA;2516904; 64.070,88 ; 70.477,97 ; 76.885,06 ; 83.292,15 ; 121.908,34 ; 129.398,18 ; 129.398,18 ; 138.024,72 ; 119.644,25 ; 120.895,45 ; 120.895,45 ; 120.895,45 ; 223.341,59 ; 1.519.127,65 
PB;UMBUZEIRO;2517001; 68.011,93 ; 74.813,12 ; 81.614,31 ; 88.415,51 ; 129.407,00 ; 137.357,55 ; 137.357,55 ; 146.514,72 ; 126.730,70 ; 128.296,45 ; 128.296,45 ; 128.296,45 ; 237.014,15 ; 1.612.125,88 
PB;VARZEA;2517100; 9.591,15 ; 10.550,27 ; 11.509,38 ; 12.468,50 ; 18.249,18 ; 19.370,38 ; 19.370,38 ; 20.661,74 ; 18.632,23 ; 18.191,10 ; 18.191,10 ; 18.191,10 ; 33.606,14 ; 228.582,67 
PB;VIEIROPOLIS;2517209; 24.356,70 ; 26.792,37 ; 29.228,04 ; 31.663,71 ; 46.343,76 ; 49.191,03 ; 49.191,03 ; 52.470,44 ; 45.385,30 ; 45.946,04 ; 45.946,04 ; 45.946,04 ; 84.880,45 ; 577.340,95 
PB;VISTA SERRANA;2505501; 16.799,23 ; 18.479,16 ; 20.159,08 ; 21.839,00 ; 31.964,08 ; 33.927,90 ; 33.927,90 ; 36.189,76 ; 31.357,71 ; 31.696,85 ; 31.696,85 ; 31.696,85 ; 58.556,59 ; 398.290,96 
PB;ZABELE;2517407; 12.401,34 ; 13.641,48 ; 14.881,61 ; 16.121,75 ; 23.596,17 ; 25.045,88 ; 25.045,88 ; 26.715,60 ; 23.623,67 ; 23.460,46 ; 23.460,46 ; 23.460,46 ; 43.340,72 ; 294.795,45 
PB;PARAÍBA;25; 5.664.431,66 ; 6.230.874,82 ; 6.797.317,98 ; 7.363.761,15 ; 10.777.693,80 ; 11.439.916,77 ; 11.439.916,77 ; 12.202.577,89 ; 10.635.447,75 ; 10.695.699,03 ; 10.695.699,03 ; 10.695.699,03 ; 19.759.175,51 ; 134.398.211,19 
PE;ABREU E LIMA;2600054; 281.485,29 ; 309.633,82 ; 337.782,35 ; 365.930,88 ; 444.869,40 ; 471.966,49 ; 471.966,49 ; 503.430,92 ; 515.320,97 ; 517.564,11 ; 517.564,11 ; 517.564,11 ; 956.145,10 ; 6.211.224,06 
PE;AFOGADOS DA INGAZEIRA;2600104; 276.302,41 ; 303.932,66 ; 331.562,90 ; 359.193,14 ; 436.678,19 ; 463.276,35 ; 463.276,35 ; 494.161,44 ; 514.621,84 ; 509.263,08 ; 509.263,08 ; 509.263,08 ; 940.809,80 ; 6.111.604,31 
PE;AFRANIO;2600203; 123.900,15 ; 136.290,17 ; 148.680,19 ; 161.070,20 ; 195.816,22 ; 207.743,43 ; 207.743,43 ; 221.592,99 ; 230.734,05 ; 228.360,17 ; 228.360,17 ; 228.360,17 ; 421.871,32 ; 2.740.522,67 
PE;AGRESTINA;2600302; 150.369,14 ; 165.406,05 ; 180.442,96 ; 195.479,88 ; 237.648,74 ; 252.123,98 ; 252.123,98 ; 268.932,25 ; 275.493,98 ; 276.511,55 ; 276.511,55 ; 276.511,55 ; 510.825,92 ; 3.318.381,53 
PE;AGUA PRETA;2600401; 162.832,62 ; 179.115,88 ; 195.399,14 ; 211.682,40 ; 257.346,47 ; 273.021,50 ; 273.021,50 ; 291.222,93 ; 303.870,66 ; 300.205,20 ; 300.205,20 ; 300.205,20 ; 554.597,43 ; 3.602.726,13 
PE;AGUAS BELAS;2600500; 287.841,88 ; 316.626,06 ; 345.410,25 ; 374.194,43 ; 454.915,55 ; 482.624,56 ; 482.624,56 ; 514.799,53 ; 527.661,71 ; 529.350,25 ; 529.350,25 ; 529.350,25 ; 977.918,74 ; 6.352.668,02 
PE;ALAGOINHA;2600609; 105.169,76 ; 115.686,73 ; 126.203,70 ; 136.720,68 ; 166.214,03 ; 176.338,16 ; 176.338,16 ; 188.094,04 ; 192.536,45 ; 193.374,54 ; 193.374,54 ; 193.374,54 ; 357.239,07 ; 2.320.664,40 
PE;ALIANCA;2600708; 220.925,26 ; 243.017,79 ; 265.110,32 ; 287.202,84 ; 349.158,16 ; 370.425,46 ; 370.425,46 ; 395.120,49 ; 404.452,47 ; 406.213,01 ; 406.213,01 ; 406.213,01 ; 750.435,67 ; 4.874.912,96 
PE;ALTINHO;2600807; 99.825,38 ; 109.807,91 ; 119.790,45 ; 129.772,99 ; 157.767,58 ; 167.377,24 ; 167.377,24 ; 178.535,72 ; 185.989,98 ; 184.000,48 ; 184.000,48 ; 184.000,48 ; 339.921,47 ; 2.208.167,41 
PE;AMARAJI;2600906; 119.473,87 ; 131.421,26 ; 143.368,64 ; 155.316,03 ; 188.820,77 ; 200.321,88 ; 200.321,88 ; 213.676,67 ; 218.723,28 ; 219.675,37 ; 219.675,37 ; 219.675,37 ; 405.827,07 ; 2.636.297,45 
PE;ANGELIM;2601003; 76.414,76 ; 84.056,24 ; 91.697,71 ; 99.339,19 ; 120.768,61 ; 128.124,65 ; 128.124,65 ; 136.666,30 ; 139.894,09 ; 140.503,03 ; 140.503,03 ; 140.503,03 ; 259.564,53 ; 1.686.159,82 
PE;ARACOIABA;2601052; 145.710,46 ; 160.281,51 ; 174.852,55 ; 189.423,60 ; 230.286,01 ; 244.312,78 ; 244.312,78 ; 260.600,30 ; 266.755,16 ; 267.916,33 ; 267.916,33 ; 267.916,33 ; 494.947,15 ; 3.215.231,29 
PE;ARARIPINA;2601102; 545.371,39 ; 599.908,53 ; 654.445,67 ; 708.982,81 ; 861.924,39 ; 914.424,39 ; 914.424,39 ; 975.386,02 ; 998.476,62 ; 1.002.776,30 ; 1.002.776,30 ; 1.002.776,30 ; 1.852.523,41 ; 12.034.196,50 
PE;ARCOVERDE;2601201; 305.592,22 ; 336.151,44 ; 366.710,67 ; 397.269,89 ; 482.968,84 ; 512.386,58 ; 512.386,58 ; 546.545,69 ; 562.788,00 ; 562.355,34 ; 562.355,34 ; 562.355,34 ; 1.038.892,15 ; 6.748.758,05 
PE;BARRA DE GUABIRABA;2601300; 84.153,12 ; 92.568,43 ; 100.983,75 ; 109.399,06 ; 132.998,60 ; 141.099,57 ; 141.099,57 ; 150.506,21 ; 154.060,86 ; 154.731,48 ; 154.731,48 ; 154.731,48 ; 285.850,08 ; 1.856.913,69 
PE;BARREIROS;2601409; 312.681,92 ; 343.950,11 ; 375.218,30 ; 406.486,50 ; 494.173,65 ; 524.273,88 ; 524.273,88 ; 559.225,47 ; 579.893,49 ; 575.967,91 ; 575.967,91 ; 575.967,91 ; 1.064.039,94 ; 6.912.120,87 
PE;BELEM DE MARIA;2601508; 89.868,88 ; 98.855,77 ; 107.842,65 ; 116.829,54 ; 142.031,97 ; 150.683,18 ; 150.683,18 ; 160.728,72 ; 166.582,50 ; 165.528,63 ; 165.528,63 ; 165.528,63 ; 305.796,67 ; 1.986.488,94 
PE;BELEM DO SAO FRANCISCO;2601607; 115.763,66 ; 127.340,02 ; 138.916,39 ; 150.492,76 ; 182.957,01 ; 194.100,96 ; 194.100,96 ; 207.041,03 ; 218.840,67 ; 213.819,37 ; 213.819,37 ; 213.819,37 ; 395.008,73 ; 2.566.020,32 
PE;BELO JARDIM;2601706; 482.313,48 ; 530.544,83 ; 578.776,18 ; 627.007,53 ; 762.265,42 ; 808.695,18 ; 808.695,18 ; 862.608,19 ; 886.750,69 ; 887.351,77 ; 887.351,77 ; 887.351,77 ; 1.639.288,77 ; 10.649.000,75 
PE;BETANIA;2601805; 113.749,26 ; 125.124,19 ; 136.499,12 ; 147.874,05 ; 179.773,40 ; 190.723,43 ; 190.723,43 ; 203.438,33 ; 208.243,14 ; 209.149,61 ; 209.149,61 ; 209.149,61 ; 386.381,83 ; 2.509.979,00 
PE;BEZERROS;2601904; 286.405,71 ; 315.046,28 ; 343.686,85 ; 372.327,42 ; 452.645,80 ; 480.216,55 ; 480.216,55 ; 512.230,99 ; 531.626,46 ; 527.631,38 ; 527.631,38 ; 527.631,38 ; 974.743,30 ; 6.332.040,05 
PE;BODOCO;2602001; 223.887,24 ; 246.275,96 ; 268.664,69 ; 291.053,41 ; 353.839,38 ; 375.391,81 ; 375.391,81 ; 400.417,93 ; 409.875,00 ; 411.659,16 ; 411.659,16 ; 411.659,16 ; 760.496,87 ; 4.940.271,60 
PE;BOM CONSELHO;2602100; 280.852,81 ; 308.938,09 ; 337.023,37 ; 365.108,65 ; 443.869,80 ; 470.906,00 ; 470.906,00 ; 502.299,74 ; 514.163,06 ; 516.401,17 ; 516.401,17 ; 516.401,17 ; 953.996,68 ; 6.197.267,72 
PE;BOM JARDIM;2602209; 236.376,10 ; 260.013,72 ; 283.651,33 ; 307.288,94 ; 373.577,23 ; 396.331,90 ; 396.331,90 ; 422.754,03 ; 433.813,67 ; 434.772,60 ; 434.772,60 ; 434.772,60 ; 803.196,50 ; 5.217.653,11 
PE;BONITO;2602308; 237.888,37 ; 261.677,20 ; 285.466,04 ; 309.254,87 ; 375.967,25 ; 398.867,50 ; 398.867,50 ; 425.458,67 ; 435.561,42 ; 437.410,47 ; 437.410,47 ; 437.410,47 ; 808.069,70 ; 5.249.309,93 
PE;BREJAO;2602407; 98.409,90 ; 108.250,89 ; 118.091,87 ; 127.932,86 ; 155.530,50 ; 165.003,91 ; 165.003,91 ; 176.004,17 ; 180.161,04 ; 180.945,26 ; 180.945,26 ; 180.945,26 ; 334.277,28 ; 2.171.502,11 
PE;BREJINHO;2602506; 60.789,92 ; 66.868,91 ; 72.947,90 ; 79.026,89 ; 96.074,56 ; 101.926,48 ; 101.926,48 ; 108.721,58 ; 112.573,09 ; 111.953,25 ; 111.953,25 ; 111.953,25 ; 206.821,82 ; 1.343.537,39 
PE;BREJO DA MADRE DE DEUS;2602605; 326.171,81 ; 358.789,00 ; 391.406,18 ; 424.023,36 ; 515.493,57 ; 546.892,39 ; 546.892,39 ; 583.351,88 ; 597.269,40 ; 599.748,32 ; 599.748,32 ; 599.748,32 ; 1.107.971,74 ; 7.197.506,66 
PE;BUENOS AIRES;2602704; 85.024,77 ; 93.527,24 ; 102.029,72 ; 110.532,20 ; 134.376,17 ; 142.561,05 ; 142.561,05 ; 152.065,12 ; 160.011,49 ; 156.942,94 ; 156.942,94 ; 156.942,94 ; 289.935,52 ; 1.883.453,16 
PE;BUIQUE;2602803; 365.889,93 ; 402.478,93 ; 439.067,92 ; 475.656,92 ; 578.265,51 ; 613.487,78 ; 613.487,78 ; 654.386,97 ; 669.842,28 ; 672.758,06 ; 672.758,06 ; 672.758,06 ; 1.242.849,54 ; 8.073.687,75 
PE;CABO DE SANTO AGOSTINHO;2602902; 1.213.952,36 ; 1.335.347,59 ; 1.456.742,83 ; 1.578.138,06 ; 1.918.573,58 ; 2.035.434,33 ; 2.035.434,33 ; 2.171.129,95 ; 2.257.018,76 ; 2.236.920,05 ; 2.236.920,05 ; 2.236.920,05 ; 4.132.473,78 ; 26.845.005,72 
PE;CABROBO;2603009; 226.601,61 ; 249.261,77 ; 271.921,93 ; 294.582,09 ; 358.129,26 ; 379.942,99 ; 379.942,99 ; 405.272,52 ; 423.316,06 ; 417.834,33 ; 417.834,33 ; 417.834,33 ; 771.904,85 ; 5.014.379,08 
PE;CACHOEIRINHA;2603108; 104.917,24 ; 115.408,97 ; 125.900,70 ; 136.392,42 ; 165.814,96 ; 175.914,79 ; 175.914,79 ; 187.642,44 ; 192.074,18 ; 192.910,26 ; 192.910,26 ; 192.910,26 ; 356.381,36 ; 2.315.092,64 
PE;CAETES;2603207; 215.873,59 ; 237.460,94 ; 259.048,30 ; 280.635,66 ; 341.174,30 ; 361.955,31 ; 361.955,31 ; 386.085,66 ; 395.204,24 ; 396.924,53 ; 396.924,53 ; 396.924,53 ; 733.276,19 ; 4.763.443,08 
PE;CALCADO;2603306; 69.487,48 ; 76.436,23 ; 83.384,98 ; 90.333,73 ; 109.820,49 ; 116.509,69 ; 116.509,69 ; 124.277,00 ; 127.212,18 ; 127.765,92 ; 127.765,92 ; 127.765,92 ; 236.034,06 ; 1.533.303,28 
PE;CALUMBI;2603405; 60.400,22 ; 66.440,24 ; 72.480,26 ; 78.520,29 ; 95.458,67 ; 101.273,07 ; 101.273,07 ; 108.024,61 ; 113.185,01 ; 111.421,99 ; 111.421,99 ; 111.421,99 ; 205.840,37 ; 1.337.161,78 
PE;CAMARAGIBE;2603454; 406.116,20 ; 446.727,82 ; 487.339,44 ; 527.951,06 ; 641.840,52 ; 680.935,17 ; 680.935,17 ; 726.330,85 ; 748.339,73 ; 747.400,28 ; 747.400,28 ; 747.400,28 ; 1.380.743,16 ; 8.969.459,95 
PE;CAMOCIM DE SAO FELIX;2603504; 114.868,97 ; 126.355,87 ; 137.842,76 ; 149.329,66 ; 181.543,01 ; 192.600,84 ; 192.600,84 ; 205.440,90 ; 218.909,56 ; 212.412,92 ; 212.412,92 ; 212.412,92 ; 392.410,46 ; 2.549.141,64 
PE;CAMUTANGA;2603603; 48.464,66 ; 53.311,12 ; 58.157,58 ; 63.004,05 ; 76.595,27 ; 81.260,70 ; 81.260,70 ; 86.678,08 ; 88.725,25 ; 89.111,46 ; 89.111,46 ; 89.111,46 ; 164.624,02 ; 1.069.415,79 
PE;CANHOTINHO;2603702; 170.794,22 ; 187.873,64 ; 204.953,07 ; 222.032,49 ; 269.929,27 ; 286.370,73 ; 286.370,73 ; 305.462,11 ; 312.676,52 ; 314.037,58 ; 314.037,58 ; 314.037,58 ; 580.151,29 ; 3.768.726,80 
PE;CAPOEIRAS;2603801; 149.909,86 ; 164.900,86 ; 179.891,84 ; 194.882,83 ; 236.922,91 ; 251.353,93 ; 251.353,93 ; 268.110,86 ; 274.443,10 ; 275.637,73 ; 275.637,73 ; 275.637,73 ; 509.211,63 ; 3.307.894,96 
PE;CARNAIBA;2603900; 182.350,70 ; 200.585,78 ; 218.820,85 ; 237.055,92 ; 288.193,56 ; 305.747,49 ; 305.747,49 ; 326.130,66 ; 335.608,92 ; 335.534,60 ; 335.534,60 ; 335.534,60 ; 619.864,77 ; 4.026.709,95 
PE;CARNAUBEIRA DA PENHA;2603926; 57.584,04 ; 63.342,44 ; 69.100,84 ; 74.859,25 ; 91.007,86 ; 96.551,17 ; 96.551,17 ; 102.987,92 ; 105.420,29 ; 105.879,18 ; 105.879,18 ; 105.879,18 ; 195.600,61 ; 1.270.643,12 
PE;CARPINA;2604007; 347.214,34 ; 381.935,77 ; 416.657,21 ; 451.378,64 ; 548.749,92 ; 582.174,40 ; 582.174,40 ; 620.986,03 ; 659.310,21 ; 641.726,60 ; 641.726,60 ; 641.726,60 ; 1.185.522,18 ; 7.701.282,90 
PE;CARUARU;2604106; 2.171.918,61 ; 2.389.110,47 ; 2.606.302,33 ; 2.823.494,19 ; 3.432.577,60 ; 3.641.656,66 ; 3.641.656,66 ; 3.884.433,78 ; 3.979.430,91 ; 3.993.939,34 ; 3.993.939,34 ; 3.993.939,34 ; 7.378.381,56 ; 47.930.780,81 
PE;CASINHAS;2604155; 126.377,60 ; 139.015,35 ; 151.653,11 ; 164.290,87 ; 199.731,66 ; 211.897,36 ; 211.897,36 ; 226.023,85 ; 231.416,02 ; 232.376,72 ; 232.376,72 ; 232.376,72 ; 429.291,48 ; 2.788.724,82 
PE;CATENDE;2604205; 200.005,63 ; 220.006,19 ; 240.006,75 ; 260.007,32 ; 316.096,02 ; 335.349,51 ; 335.349,51 ; 357.706,14 ; 378.651,69 ; 369.495,30 ; 369.495,30 ; 369.495,30 ; 682.603,59 ; 4.434.268,25 
PE;CEDRO;2604304; 74.797,59 ; 82.277,35 ; 89.757,11 ; 97.236,87 ; 118.212,79 ; 125.413,15 ; 125.413,15 ; 133.774,02 ; 136.933,50 ; 137.529,56 ; 137.529,56 ; 137.529,56 ; 254.071,35 ; 1.650.475,55 
PE;CHA DE ALEGRIA;2604403; 97.327,24 ; 107.059,97 ; 116.792,69 ; 126.525,42 ; 153.819,46 ; 163.188,62 ; 163.188,62 ; 174.067,87 ; 178.179,00 ; 178.954,60 ; 178.954,60 ; 178.954,60 ; 330.599,75 ; 2.147.612,46 
PE;CHA GRANDE;2604502; 194.809,53 ; 214.290,48 ; 233.771,43 ; 253.252,38 ; 307.883,91 ; 326.637,20 ; 326.637,20 ; 348.413,01 ; 357.206,10 ; 358.273,15 ; 358.273,15 ; 358.273,15 ; 661.871,84 ; 4.299.592,53 
PE;CONDADO;2604601; 159.769,97 ; 175.746,97 ; 191.723,97 ; 207.700,96 ; 252.506,16 ; 267.886,37 ; 267.886,37 ; 285.745,46 ; 292.494,20 ; 293.767,40 ; 293.767,40 ; 293.767,40 ; 542.704,28 ; 3.525.466,90 
PE;CORRENTES;2604700; 113.587,87 ; 124.946,66 ; 136.305,45 ; 147.664,23 ; 179.518,32 ; 190.452,82 ; 190.452,82 ; 203.149,68 ; 207.947,68 ; 208.852,85 ; 208.852,85 ; 208.852,85 ; 385.833,60 ; 2.506.417,67 
PE;CORTES;2604809; 79.055,45 ; 86.961,00 ; 94.866,54 ; 102.772,09 ; 124.942,06 ; 132.552,31 ; 132.552,31 ; 141.389,13 ; 145.382,91 ; 145.449,94 ; 145.449,94 ; 145.449,94 ; 268.703,41 ; 1.745.527,03 
PE;CUMARU;2604908; 136.946,01 ; 150.640,62 ; 164.335,22 ; 178.029,82 ; 216.434,37 ; 229.617,43 ; 229.617,43 ; 244.925,26 ; 255.620,54 ; 252.487,70 ; 252.487,70 ; 252.487,70 ; 466.444,38 ; 3.030.074,17 
PE;CUPIRA;2605004; 224.786,99 ; 247.265,69 ; 269.744,39 ; 292.223,09 ; 355.261,38 ; 376.900,42 ; 376.900,42 ; 402.027,11 ; 412.035,14 ; 413.385,23 ; 413.385,23 ; 413.385,23 ; 763.685,60 ; 4.960.985,90 
PE;CUSTODIA;2605103; 283.613,76 ; 311.975,14 ; 340.336,52 ; 368.697,90 ; 448.233,32 ; 475.535,30 ; 475.535,30 ; 507.237,65 ; 519.282,89 ; 521.486,84 ; 521.486,84 ; 521.486,84 ; 963.391,92 ; 6.258.300,21 
PE;DORMENTES;2605152; 121.807,73 ; 133.988,51 ; 146.169,28 ; 158.350,05 ; 192.509,28 ; 204.235,07 ; 204.235,07 ; 217.850,74 ; 230.123,57 ; 224.963,01 ; 224.963,01 ; 224.963,01 ; 415.595,42 ; 2.699.753,73 
PE;ESCADA;2605202; 283.416,15 ; 311.757,76 ; 340.099,38 ; 368.440,99 ; 447.920,98 ; 475.203,95 ; 475.203,95 ; 506.884,22 ; 523.148,22 ; 521.714,40 ; 521.714,40 ; 521.714,40 ; 963.812,31 ; 6.261.031,14 
PE;EXU;2605301; 225.936,42 ; 248.530,07 ; 271.123,71 ; 293.717,35 ; 357.077,98 ; 378.827,68 ; 378.827,68 ; 404.082,86 ; 414.803,62 ; 415.591,53 ; 415.591,53 ; 415.591,53 ; 767.761,51 ; 4.987.463,46 
PE;FEIRA NOVA;2605400; 138.873,40 ; 152.760,75 ; 166.648,09 ; 180.535,43 ; 219.480,49 ; 232.849,09 ; 232.849,09 ; 248.372,36 ; 254.238,43 ; 255.345,11 ; 255.345,11 ; 255.345,11 ; 471.723,14 ; 3.064.365,59 
PE;FERREIROS;2605509; 66.247,34 ; 72.872,07 ; 79.496,81 ; 86.121,54 ; 104.699,65 ; 111.076,93 ; 111.076,93 ; 118.482,06 ; 121.280,37 ; 121.808,30 ; 121.808,30 ; 121.808,30 ; 225.027,98 ; 1.461.806,60 
PE;FLORES;2605608; 127.198,41 ; 139.918,25 ; 152.638,09 ; 165.357,93 ; 201.028,91 ; 213.273,62 ; 213.273,62 ; 227.491,86 ; 233.662,78 ; 233.989,96 ; 233.989,96 ; 233.989,96 ; 432.271,77 ; 2.808.085,14 
PE;FLORESTA;2605707; 199.801,06 ; 219.781,16 ; 239.761,27 ; 259.741,37 ; 315.772,71 ; 335.006,50 ; 335.006,50 ; 357.340,26 ; 370.132,31 ; 367.980,57 ; 367.980,57 ; 367.980,57 ; 679.805,28 ; 4.416.090,12 
PE;FREI MIGUELINHO;2605806; 88.881,16 ; 97.769,28 ; 106.657,39 ; 115.545,51 ; 140.470,96 ; 149.027,07 ; 149.027,07 ; 158.962,21 ; 162.716,59 ; 163.424,88 ; 163.424,88 ; 163.424,88 ; 301.910,22 ; 1.961.242,10 
PE;GAMELEIRA;2605905; 134.780,71 ; 148.258,79 ; 161.736,86 ; 175.214,93 ; 213.012,25 ; 225.986,87 ; 225.986,87 ; 241.052,66 ; 247.166,04 ; 247.878,65 ; 247.878,65 ; 247.878,65 ; 457.929,66 ; 2.974.761,60 
PE;GARANHUNS;2606002; 734.009,46 ; 807.410,41 ; 880.811,35 ; 954.212,30 ; 1.160.054,72 ; 1.230.713,91 ; 1.230.713,91 ; 1.312.761,51 ; 1.343.766,33 ; 1.349.615,64 ; 1.349.615,64 ; 1.349.615,64 ; 2.493.272,51 ; 16.196.573,34 
PE;GLORIA DO GOITA;2606101; 177.571,17 ; 195.328,29 ; 213.085,40 ; 230.842,52 ; 280.639,81 ; 297.733,64 ; 297.733,64 ; 317.582,55 ; 331.793,53 ; 327.436,33 ; 327.436,33 ; 327.436,33 ; 604.904,07 ; 3.929.523,61 
PE;GOIANA;2606200; 461.203,29 ; 507.323,62 ; 553.443,95 ; 599.564,28 ; 728.902,13 ; 773.299,72 ; 773.299,72 ; 824.853,03 ; 844.334,43 ; 848.009,75 ; 848.009,75 ; 848.009,75 ; 1.566.608,54 ; 10.176.861,96 
PE;GRANITO;2606309; 66.627,65 ; 73.290,42 ; 79.953,18 ; 86.615,95 ; 105.300,72 ; 111.714,61 ; 111.714,61 ; 119.162,25 ; 121.976,62 ; 122.507,58 ; 122.507,58 ; 122.507,58 ; 226.319,83 ; 1.470.198,57 
PE;GRAVATA;2606408; 368.671,02 ; 405.538,12 ; 442.405,22 ; 479.272,33 ; 582.660,82 ; 618.150,82 ; 618.150,82 ; 659.360,88 ; 692.272,44 ; 680.295,43 ; 680.295,43 ; 680.295,43 ; 1.256.774,03 ; 8.164.142,81 
PE;IATI;2606507; 130.712,79 ; 143.784,07 ; 156.855,34 ; 169.926,62 ; 206.583,14 ; 219.166,17 ; 219.166,17 ; 233.777,25 ; 239.298,61 ; 240.340,26 ; 240.340,26 ; 240.340,26 ; 444.003,27 ; 2.884.294,22 
PE;IBIMIRIM;2606606; 152.857,19 ; 168.142,91 ; 183.428,63 ; 198.714,35 ; 241.580,95 ; 256.295,70 ; 256.295,70 ; 273.382,08 ; 279.838,83 ; 281.056,94 ; 281.056,94 ; 281.056,94 ; 519.223,04 ; 3.372.930,19 
PE;IBIRAJUBA;2606705; 48.798,59 ; 53.678,45 ; 58.558,31 ; 63.438,17 ; 77.123,05 ; 81.820,62 ; 81.820,62 ; 87.275,33 ; 89.663,96 ; 89.771,24 ; 89.771,24 ; 89.771,24 ; 165.842,89 ; 1.077.333,70 
PE;IGARASSU;2606804; 630.144,83 ; 693.159,31 ; 756.173,79 ; 819.188,27 ; 995.903,34 ; 1.056.564,04 ; 1.056.564,04 ; 1.127.001,64 ; 1.154.682,31 ; 1.158.789,42 ; 1.158.789,42 ; 1.158.789,42 ; 2.140.741,19 ; 13.906.491,01 
PE;IGUARACY;2606903; 77.723,59 ; 85.495,95 ; 93.268,31 ; 101.040,67 ; 122.837,14 ; 130.319,17 ; 130.319,17 ; 139.007,11 ; 144.675,39 ; 143.243,00 ; 143.243,00 ; 143.243,00 ; 264.626,32 ; 1.719.041,80 
PE;ILHA DE ITAMARACA;2607604; 83.097,95 ; 91.407,75 ; 99.717,54 ; 108.027,34 ; 131.330,96 ; 139.330,36 ; 139.330,36 ; 148.619,05 ; 152.182,60 ; 152.798,82 ; 152.798,82 ; 152.798,82 ; 282.279,70 ; 1.833.720,05 
PE;INAJA;2607000; 170.137,78 ; 187.151,56 ; 204.165,34 ; 221.179,12 ; 268.891,81 ; 285.270,07 ; 285.270,07 ; 304.288,08 ; 311.474,76 ; 312.830,59 ; 312.830,59 ; 312.830,59 ; 577.921,50 ; 3.754.241,86 
PE;INGAZEIRA;2607109; 38.898,71 ; 42.788,58 ; 46.678,45 ; 50.568,32 ; 61.476,90 ; 65.221,48 ; 65.221,48 ; 69.569,57 ; 72.468,27 ; 71.698,18 ; 71.698,18 ; 71.698,18 ; 132.454,82 ; 860.441,11 
PE;IPOJUCA;2607208; 853.067,44 ; 938.374,18 ; 1.023.680,92 ; 1.108.987,66 ; 1.348.218,18 ; 1.430.338,45 ; 1.430.338,45 ; 1.525.694,35 ; 1.561.728,23 ; 1.568.526,31 ; 1.568.526,31 ; 1.568.526,31 ; 2.897.686,87 ; 18.823.693,68 
PE;IPUBI;2607307; 285.883,92 ; 314.472,32 ; 343.060,71 ; 371.649,10 ; 451.821,15 ; 479.341,67 ; 479.341,67 ; 511.297,78 ; 523.373,63 ; 525.651,83 ; 525.651,83 ; 525.651,83 ; 971.086,29 ; 6.308.283,73 
PE;ITACURUBA;2607406; 31.938,83 ; 35.132,72 ; 38.326,60 ; 41.520,48 ; 50.477,27 ; 53.551,85 ; 53.551,85 ; 57.121,98 ; 58.471,09 ; 58.725,60 ; 58.725,60 ; 58.725,60 ; 108.489,36 ; 704.758,84 
PE;ITAIBA;2607505; 231.383,74 ; 254.522,11 ; 277.660,48 ; 300.798,86 ; 365.687,10 ; 387.961,19 ; 387.961,19 ; 413.825,27 ; 432.774,10 ; 426.725,50 ; 426.725,50 ; 426.725,50 ; 788.330,34 ; 5.121.080,89 
PE;ITAMBE;2607653; 161.711,01 ; 177.882,11 ; 194.053,21 ; 210.224,31 ; 255.573,84 ; 271.140,90 ; 271.140,90 ; 289.216,97 ; 296.094,54 ; 297.342,92 ; 297.342,92 ; 297.342,92 ; 549.309,67 ; 3.568.376,23 
PE;ITAPETIM;2607703; 88.748,40 ; 97.623,25 ; 106.498,09 ; 115.372,93 ; 140.261,15 ; 148.804,48 ; 148.804,48 ; 158.724,78 ; 163.682,50 ; 163.349,78 ; 163.349,78 ; 163.349,78 ; 301.771,49 ; 1.960.340,90 
PE;ITAPISSUMA;2607752; 180.887,49 ; 198.976,24 ; 217.064,99 ; 235.153,73 ; 285.881,03 ; 303.294,11 ; 303.294,11 ; 323.513,72 ; 331.432,80 ; 332.634,87 ; 332.634,87 ; 332.634,87 ; 614.507,83 ; 3.991.910,65 
PE;ITAQUITINGA;2607802; 75.298,16 ; 82.827,98 ; 90.357,80 ; 97.887,62 ; 119.003,91 ; 126.252,46 ; 126.252,46 ; 134.669,29 ; 137.849,92 ; 138.449,97 ; 138.449,97 ; 138.449,97 ; 255.771,70 ; 1.661.521,21 
PE;JABOATAO DOS GUARARAPES;2607901; 2.450.986,22 ; 2.696.084,85 ; 2.941.183,47 ; 3.186.282,09 ; 3.872.878,19 ; 4.109.366,55 ; 4.109.366,55 ; 4.383.324,32 ; 4.508.685,73 ; 4.509.433,16 ; 4.509.433,16 ; 4.509.433,16 ; 8.330.701,98 ; 54.117.159,41 
PE;JAQUEIRA;2607950; 93.004,82 ; 102.305,30 ; 111.605,78 ; 120.906,26 ; 146.988,13 ; 155.941,21 ; 155.941,21 ; 166.337,29 ; 172.510,21 ; 171.320,74 ; 171.320,74 ; 171.320,74 ; 316.497,00 ; 2.055.999,41 
PE;JATAUBA;2608008; 133.487,46 ; 146.836,21 ; 160.184,96 ; 173.533,70 ; 210.968,34 ; 223.818,47 ; 223.818,47 ; 238.739,71 ; 244.425,31 ; 245.448,60 ; 245.448,60 ; 245.448,60 ; 453.440,39 ; 2.945.598,84 
PE;JATOBA;2608057; 61.461,75 ; 67.607,93 ; 73.754,10 ; 79.900,28 ; 97.136,35 ; 103.052,94 ; 103.052,94 ; 109.923,14 ; 114.781,19 ; 113.325,29 ; 113.325,29 ; 113.325,29 ; 209.356,51 ; 1.360.003,00 
PE;JOAO ALFREDO;2608107; 197.708,83 ; 217.479,71 ; 237.250,59 ; 257.021,48 ; 312.466,08 ; 331.498,46 ; 331.498,46 ; 353.598,36 ; 361.949,65 ; 363.525,19 ; 363.525,19 ; 363.525,19 ; 671.574,43 ; 4.362.621,61 
PE;JOAQUIM NABUCO;2608206; 116.042,08 ; 127.646,29 ; 139.250,49 ; 150.854,70 ; 183.397,04 ; 194.567,79 ; 194.567,79 ; 207.538,98 ; 212.741,23 ; 213.407,39 ; 213.407,39 ; 213.407,39 ; 394.247,65 ; 2.561.076,22 
PE;JUCATI;2608255; 102.847,73 ; 113.132,50 ; 123.417,28 ; 133.702,05 ; 162.544,22 ; 172.444,82 ; 172.444,82 ; 183.941,15 ; 188.472,44 ; 189.131,20 ; 189.131,20 ; 189.131,20 ; 349.399,94 ; 2.269.740,55 
PE;JUPI;2608305; 166.900,44 ; 183.590,49 ; 200.280,53 ; 216.970,57 ; 263.775,41 ; 279.842,03 ; 279.842,03 ; 298.498,16 ; 305.548,10 ; 306.878,12 ; 306.878,12 ; 306.878,12 ; 566.924,95 ; 3.682.807,07 
PE;JUREMA;2608404; 132.228,61 ; 145.451,47 ; 158.674,33 ; 171.897,19 ; 208.978,80 ; 221.707,75 ; 221.707,75 ; 236.488,27 ; 242.073,66 ; 243.127,38 ; 243.127,38 ; 243.127,38 ; 449.152,19 ; 2.917.742,18 
PE;LAGOA DE ITAENGA;2608503; 109.754,70 ; 120.730,16 ; 131.705,63 ; 142.681,10 ; 173.460,23 ; 184.025,73 ; 184.025,73 ; 196.294,11 ; 200.930,19 ; 201.804,82 ; 201.804,82 ; 201.804,82 ; 372.813,12 ; 2.421.835,14 
PE;LAGOA DO CARRO;2608453; 111.177,82 ; 122.295,61 ; 133.413,39 ; 144.531,17 ; 175.709,40 ; 186.411,90 ; 186.411,90 ; 198.839,35 ; 203.535,56 ; 204.421,52 ; 204.421,52 ; 204.421,52 ; 377.647,19 ; 2.453.237,84 
PE;LAGOA DO OURO;2608602; 98.704,93 ; 108.575,41 ; 118.445,91 ; 128.316,40 ; 155.996,77 ; 165.498,57 ; 165.498,57 ; 176.531,81 ; 180.701,14 ; 181.487,72 ; 181.487,72 ; 181.487,72 ; 335.279,42 ; 2.178.012,11 
PE;LAGOA DOS GATOS;2608701; 103.821,21 ; 114.203,33 ; 124.585,45 ; 134.967,57 ; 164.082,75 ; 174.077,06 ; 174.077,06 ; 185.682,20 ; 192.834,91 ; 191.281,84 ; 191.281,84 ; 191.281,84 ; 353.373,01 ; 2.295.550,06 
PE;LAGOA GRANDE;2608750; 244.727,51 ; 269.200,25 ; 293.673,00 ; 318.145,75 ; 386.776,07 ; 410.334,69 ; 410.334,69 ; 437.690,33 ; 460.502,61 ; 451.721,83 ; 451.721,83 ; 451.721,83 ; 834.508,43 ; 5.421.058,82 
PE;LAJEDO;2608800; 311.814,82 ; 342.996,30 ; 374.177,78 ; 405.359,27 ; 492.803,26 ; 522.820,01 ; 522.820,01 ; 557.674,68 ; 574.505,03 ; 573.842,22 ; 573.842,22 ; 573.842,22 ; 1.060.112,96 ; 6.886.610,78 
PE;LIMOEIRO;2608909; 275.373,36 ; 302.910,70 ; 330.448,04 ; 357.985,38 ; 435.209,89 ; 461.718,62 ; 461.718,62 ; 492.499,86 ; 504.785,21 ; 506.417,53 ; 506.417,53 ; 506.417,53 ; 935.552,95 ; 6.077.455,20 
PE;MACAPARANA;2609006; 153.225,67 ; 168.548,24 ; 183.870,80 ; 199.193,37 ; 242.163,31 ; 256.913,53 ; 256.913,53 ; 274.041,10 ; 280.513,41 ; 281.734,46 ; 281.734,46 ; 281.734,46 ; 520.474,70 ; 3.381.061,07 
PE;MACHADOS;2609105; 90.499,55 ; 99.549,51 ; 108.599,46 ; 117.649,42 ; 143.028,72 ; 151.740,63 ; 151.740,63 ; 161.856,67 ; 168.607,98 ; 166.809,98 ; 166.809,98 ; 166.809,98 ; 308.163,84 ; 2.001.866,34 
PE;MANARI;2609154; 199.649,94 ; 219.614,94 ; 239.579,93 ; 259.544,93 ; 315.533,89 ; 334.753,13 ; 334.753,13 ; 357.070,00 ; 365.503,30 ; 367.094,30 ; 367.094,30 ; 367.094,30 ; 678.167,98 ; 4.405.454,05 
PE;MARAIAL;2609204; 83.791,70 ; 92.170,86 ; 100.550,03 ; 108.929,20 ; 132.427,38 ; 140.493,56 ; 140.493,56 ; 149.859,80 ; 153.399,20 ; 154.066,93 ; 154.066,93 ; 154.066,93 ; 284.622,39 ; 1.848.938,47 
PE;MIRANDIBA;2609303; 111.511,12 ; 122.662,23 ; 133.813,34 ; 144.964,45 ; 176.236,15 ; 186.970,73 ; 186.970,73 ; 199.435,45 ; 204.145,71 ; 205.034,35 ; 205.034,35 ; 205.034,35 ; 378.779,32 ; 2.460.592,28 
PE;MOREILANDIA;2614303; 69.867,36 ; 76.854,10 ; 83.840,83 ; 90.827,57 ; 110.420,87 ; 117.146,63 ; 117.146,63 ; 124.956,40 ; 127.907,62 ; 128.464,40 ; 128.464,40 ; 128.464,40 ; 237.324,42 ; 1.541.685,63 
PE;MORENO;2609402; 242.768,29 ; 267.045,12 ; 291.321,95 ; 315.598,78 ; 383.679,67 ; 407.049,68 ; 407.049,68 ; 434.186,32 ; 444.952,54 ; 446.447,08 ; 446.447,08 ; 446.447,08 ; 824.763,87 ; 5.357.757,12 
PE;NAZARE DA MATA;2609501; 112.470,17 ; 123.717,18 ; 134.964,20 ; 146.211,22 ; 177.751,86 ; 188.578,76 ; 188.578,76 ; 201.150,68 ; 210.639,42 ; 207.460,06 ; 207.460,06 ; 207.460,06 ; 383.260,58 ; 2.489.703,03 
PE;OLINDA;2609600; 1.036.819,70 ; 1.140.501,68 ; 1.244.183,65 ; 1.347.865,62 ; 1.638.626,83 ; 1.738.435,95 ; 1.738.435,95 ; 1.854.331,68 ; 1.899.791,19 ; 1.906.622,32 ; 1.906.622,32 ; 1.906.622,32 ; 3.522.283,57 ; 22.881.142,77 
PE;OROBO;2609709; 174.121,06 ; 191.533,16 ; 208.945,26 ; 226.357,37 ; 275.187,12 ; 291.948,83 ; 291.948,83 ; 311.412,08 ; 324.085,04 ; 320.898,00 ; 320.898,00 ; 320.898,00 ; 592.825,21 ; 3.851.057,96 
PE;OROCO;2609808; 130.209,92 ; 143.230,91 ; 156.251,90 ; 169.272,89 ; 205.788,39 ; 218.323,01 ; 218.323,01 ; 232.877,88 ; 242.588,81 ; 240.004,27 ; 240.004,27 ; 240.004,27 ; 443.382,57 ; 2.880.262,08 
PE;OURICURI;2609907; 356.487,46 ; 392.136,21 ; 427.784,95 ; 463.433,70 ; 563.405,48 ; 597.722,64 ; 597.722,64 ; 637.570,82 ; 652.628,99 ; 655.469,82 ; 655.469,82 ; 655.469,82 ; 1.210.911,34 ; 7.866.213,72 
PE;PALMARES;2610004; 307.037,40 ; 337.741,14 ; 368.444,88 ; 399.148,62 ; 485.252,85 ; 514.809,71 ; 514.809,71 ; 549.130,36 ; 569.261,15 ; 565.547,61 ; 565.547,61 ; 565.547,61 ; 1.044.789,55 ; 6.787.068,19 
PE;PALMEIRINA;2610103; 49.837,08 ; 54.820,79 ; 59.804,49 ; 64.788,20 ; 78.764,29 ; 83.561,85 ; 83.561,85 ; 89.132,64 ; 91.237,77 ; 91.634,92 ; 91.634,92 ; 91.634,92 ; 169.285,85 ; 1.099.699,58 
PE;PANELAS;2610202; 234.845,93 ; 258.330,52 ; 281.815,11 ; 305.299,71 ; 371.158,88 ; 393.766,25 ; 393.766,25 ; 420.017,33 ; 434.847,46 ; 432.495,19 ; 432.495,19 ; 432.495,19 ; 798.989,24 ; 5.190.322,25 
PE;PARANATAMA;2610301; 103.143,82 ; 113.458,21 ; 123.772,59 ; 134.086,97 ; 163.012,18 ; 172.941,28 ; 172.941,28 ; 184.470,70 ; 188.827,53 ; 189.649,49 ; 189.649,49 ; 189.649,49 ; 350.357,42 ; 2.275.960,46 
PE;PARNAMIRIM;2610400; 140.439,29 ; 154.483,22 ; 168.527,15 ; 182.571,07 ; 221.955,26 ; 235.474,60 ; 235.474,60 ; 251.172,91 ; 257.105,12 ; 258.224,27 ; 258.224,27 ; 258.224,27 ; 477.042,10 ; 3.098.918,13 
PE;PASSIRA;2610509; 159.405,35 ; 175.345,89 ; 191.286,42 ; 207.226,96 ; 251.929,90 ; 267.275,01 ; 267.275,01 ; 285.093,34 ; 291.826,68 ; 293.096,98 ; 293.096,98 ; 293.096,98 ; 541.465,74 ; 3.517.421,22 
PE;PAUDALHO;2610608; 373.427,61 ; 410.770,37 ; 448.113,13 ; 485.455,89 ; 590.178,31 ; 626.126,20 ; 626.126,20 ; 667.867,94 ; 697.004,86 ; 688.485,57 ; 688.485,57 ; 688.485,57 ; 1.271.904,45 ; 8.262.431,66 
PE;PAULISTA;2610707; 943.778,20 ; 1.038.156,02 ; 1.132.533,84 ; 1.226.911,66 ; 1.491.580,71 ; 1.582.433,22 ; 1.582.433,22 ; 1.687.928,77 ; 1.727.840,41 ; 1.735.321,70 ; 1.735.321,70 ; 1.735.321,70 ; 3.205.823,76 ; 20.825.384,93 
PE;PEDRA;2610806; 127.349,16 ; 140.084,08 ; 152.818,99 ; 165.553,91 ; 201.267,16 ; 213.526,38 ; 213.526,38 ; 227.761,47 ; 237.230,83 ; 234.727,35 ; 234.727,35 ; 234.727,35 ; 433.634,02 ; 2.816.934,45 
PE;PESQUEIRA;2610905; 398.562,79 ; 438.419,07 ; 478.275,35 ; 518.131,63 ; 629.902,85 ; 668.270,37 ; 668.270,37 ; 712.821,73 ; 729.844,16 ; 732.859,44 ; 732.859,44 ; 732.859,44 ; 1.353.880,50 ; 8.794.957,15 
PE;PETROLANDIA;2611002; 264.414,92 ; 290.856,41 ; 317.297,90 ; 343.739,40 ; 417.890,77 ; 443.344,59 ; 443.344,59 ; 472.900,89 ; 487.855,49 ; 486.706,19 ; 486.706,19 ; 486.706,19 ; 899.138,34 ; 5.840.901,87 
PE;PETROLINA;2611101; 2.683.531,36 ; 2.951.884,50 ; 3.220.237,63 ; 3.488.590,77 ; 4.297.838,75 ; 4.514.857,49 ; 4.514.857,49 ; 4.815.847,99 ; 5.012.178,75 ; 4.962.592,31 ; 4.962.592,31 ; 4.962.592,31 ; 9.167.865,71 ; 59.555.467,37 
PE;POCAO;2611200; 76.444,45 ; 84.088,90 ; 91.733,35 ; 99.377,80 ; 120.815,55 ; 128.174,45 ; 128.174,45 ; 136.719,41 ; 142.490,30 ; 140.912,97 ; 140.912,97 ; 140.912,97 ; 260.321,84 ; 1.691.079,40 
PE;POMBOS;2611309; 143.126,80 ; 157.439,49 ; 171.752,17 ; 186.064,85 ; 226.202,71 ; 239.980,76 ; 239.980,76 ; 255.979,48 ; 264.179,59 ; 263.466,95 ; 263.466,95 ; 263.466,95 ; 486.727,39 ; 3.161.834,84 
PE;PRIMAVERA;2611408; 74.176,49 ; 81.594,14 ; 89.011,79 ; 96.429,44 ; 117.231,18 ; 124.371,75 ; 124.371,75 ; 132.663,20 ; 139.332,76 ; 136.881,90 ; 136.881,90 ; 136.881,90 ; 252.874,87 ; 1.642.703,05 
PE;QUIPAPA;2611507; 132.023,14 ; 145.225,46 ; 158.427,78 ; 171.630,09 ; 208.654,09 ; 221.363,25 ; 221.363,25 ; 236.120,80 ; 243.022,15 ; 242.934,77 ; 242.934,77 ; 242.934,77 ; 448.796,37 ; 2.915.430,71 
PE;QUIXABA;2611533; 83.607,44 ; 91.968,19 ; 100.328,93 ; 108.689,68 ; 132.136,18 ; 140.184,63 ; 140.184,63 ; 149.530,27 ; 153.386,38 ; 153.773,51 ; 153.773,51 ; 153.773,51 ; 284.080,33 ; 1.845.417,19 
PE;RECIFE;2611606; 4.611.346,37 ; 5.072.481,01 ; 5.533.615,64 ; 5.994.750,28 ; 7.287.936,20 ; 7.731.846,01 ; 7.731.846,01 ; 8.247.302,41 ; 8.535.029,34 ; 8.491.827,65 ; 8.491.827,65 ; 8.491.827,65 ; 15.687.755,65 ; 101.909.391,87 
PE;RIACHO DAS ALMAS;2611705; 175.617,73 ; 193.179,50 ; 210.741,28 ; 228.303,05 ; 277.552,52 ; 294.458,31 ; 294.458,31 ; 314.088,86 ; 321.507,03 ; 322.906,51 ; 322.906,51 ; 322.906,51 ; 596.535,72 ; 3.875.161,85 
PE;RIBEIRAO;2611804; 167.859,79 ; 184.645,77 ; 201.431,75 ; 218.217,73 ; 265.291,60 ; 281.450,57 ; 281.450,57 ; 300.213,94 ; 309.672,30 ; 308.973,09 ; 308.973,09 ; 308.973,09 ; 570.795,18 ; 3.707.948,48 
PE;RIO FORMOSO;2611903; 183.424,39 ; 201.766,83 ; 220.109,27 ; 238.451,71 ; 289.890,45 ; 307.547,74 ; 307.547,74 ; 328.050,93 ; 337.852,25 ; 337.547,60 ; 337.547,60 ; 337.547,60 ; 623.583,57 ; 4.050.867,68 
PE;SAIRE;2612000; 63.921,25 ; 70.313,38 ; 76.705,51 ; 83.097,64 ; 101.023,44 ; 107.176,80 ; 107.176,80 ; 114.321,92 ; 117.021,97 ; 117.531,36 ; 117.531,36 ; 117.531,36 ; 217.126,79 ; 1.410.479,57 
PE;SALGADINHO;2612109; 40.319,13 ; 44.351,04 ; 48.382,95 ; 52.414,86 ; 63.721,78 ; 67.603,09 ; 67.603,09 ; 72.109,96 ; 73.813,07 ; 74.134,36 ; 74.134,36 ; 74.134,36 ; 136.955,41 ; 889.677,47 
PE;SALGUEIRO;2612208; 363.993,29 ; 400.392,61 ; 436.791,94 ; 473.191,27 ; 575.267,96 ; 610.307,67 ; 610.307,67 ; 650.994,84 ; 666.370,06 ; 669.270,71 ; 669.270,71 ; 669.270,71 ; 1.236.407,02 ; 8.031.836,46 
PE;SALOA;2612307; 119.504,56 ; 131.455,02 ; 143.405,47 ; 155.355,93 ; 188.869,27 ; 200.373,34 ; 200.373,34 ; 213.731,56 ; 218.779,47 ; 219.731,80 ; 219.731,80 ; 219.731,80 ; 405.931,33 ; 2.636.974,69 
PE;SANHARO;2612406; 135.500,32 ; 149.050,35 ; 162.600,39 ; 176.150,42 ; 214.149,53 ; 227.193,43 ; 227.193,43 ; 242.339,66 ; 248.063,25 ; 249.143,05 ; 249.143,05 ; 249.143,05 ; 460.265,49 ; 2.989.935,43 
PE;SANTA CRUZ;2612455; 126.506,94 ; 139.157,64 ; 151.808,34 ; 164.459,03 ; 199.936,09 ; 212.114,24 ; 212.114,24 ; 226.255,19 ; 231.598,90 ; 232.607,02 ; 232.607,02 ; 232.607,02 ; 429.716,93 ; 2.791.488,61 
PE;SANTA CRUZ DA BAIXA VERDE;2612471; 82.607,31 ; 90.868,04 ; 99.128,77 ; 107.389,51 ; 130.555,54 ; 138.507,71 ; 138.507,71 ; 147.741,56 ; 151.230,92 ; 151.889,21 ; 151.889,21 ; 151.889,21 ; 280.599,30 ; 1.822.804,01 
PE;SANTA CRUZ DO CAPIBARIBE;2612505; 618.631,02 ; 680.494,12 ; 742.357,22 ; 804.220,32 ; 977.706,51 ; 1.037.258,83 ; 1.037.258,83 ; 1.106.409,42 ; 1.132.586,98 ; 1.137.476,96 ; 1.137.476,96 ; 1.137.476,96 ; 2.101.368,68 ; 13.650.722,81 
PE;SANTA FILOMENA;2612554; 100.073,59 ; 110.080,94 ; 120.088,30 ; 130.095,66 ; 158.159,86 ; 167.793,42 ; 167.793,42 ; 178.979,64 ; 183.206,80 ; 184.004,27 ; 184.004,27 ; 184.004,27 ; 339.928,48 ; 2.208.212,92 
PE;SANTA MARIA DA BOA VISTA;2612604; 371.478,04 ; 408.625,85 ; 445.773,65 ; 482.921,46 ; 587.097,15 ; 622.857,36 ; 622.857,36 ; 664.381,19 ; 683.027,22 ; 683.445,90 ; 683.445,90 ; 683.445,90 ; 1.262.594,18 ; 8.201.951,15 
PE;SANTA MARIA DO CAMBUCA;2612703; 90.560,76 ; 99.616,83 ; 108.672,91 ; 117.728,98 ; 143.125,44 ; 151.843,25 ; 151.843,25 ; 161.966,13 ; 165.791,45 ; 166.513,13 ; 166.513,13 ; 166.513,13 ; 307.615,44 ; 1.998.303,84 
PE;SANTA TEREZINHA;2612802; 69.610,19 ; 76.571,21 ; 83.532,22 ; 90.493,24 ; 110.014,42 ; 116.715,42 ; 116.715,42 ; 124.496,45 ; 129.338,56 ; 128.257,38 ; 128.257,38 ; 128.257,38 ; 236.941,99 ; 1.539.201,29 
PE;SAO BENEDITO DO SUL;2612901; 78.133,19 ; 85.946,52 ; 93.759,84 ; 101.573,16 ; 123.484,49 ; 131.005,96 ; 131.005,96 ; 139.739,69 ; 143.040,06 ; 143.662,70 ; 143.662,70 ; 143.662,70 ; 265.401,69 ; 1.724.078,66 
PE;SAO BENTO DO UNA;2613008; 361.942,92 ; 398.137,21 ; 434.331,50 ; 470.525,80 ; 572.027,50 ; 606.869,82 ; 606.869,82 ; 647.327,80 ; 662.616,41 ; 665.500,72 ; 665.500,72 ; 665.500,72 ; 1.229.442,37 ; 7.986.593,32 
PE;SAO CAITANO;2613107; 221.200,50 ; 243.320,55 ; 265.440,60 ; 287.560,65 ; 349.593,15 ; 370.886,95 ; 370.886,95 ; 395.612,75 ; 405.189,87 ; 406.751,73 ; 406.751,73 ; 406.751,73 ; 751.430,90 ; 4.881.378,06 
PE;SAO JOAO;2613206; 171.999,66 ; 189.199,63 ; 206.399,59 ; 223.599,56 ; 271.834,40 ; 288.391,89 ; 288.391,89 ; 307.618,02 ; 314.883,34 ; 316.254,01 ; 316.254,01 ; 316.254,01 ; 584.245,91 ; 3.795.325,92 
PE;SAO JOAQUIM DO MONTE;2613305; 137.389,94 ; 151.128,93 ; 164.867,93 ; 178.606,92 ; 217.135,96 ; 230.361,76 ; 230.361,76 ; 245.719,21 ; 252.647,22 ; 252.774,68 ; 252.774,68 ; 252.774,68 ; 466.974,55 ; 3.033.518,22 
PE;SAO JOSE DA COROA GRANDE;2613404; 161.154,92 ; 177.270,41 ; 193.385,90 ; 209.501,39 ; 254.694,98 ; 270.208,51 ; 270.208,51 ; 288.222,41 ; 295.029,65 ; 296.313,89 ; 296.313,89 ; 296.313,89 ; 547.408,65 ; 3.556.026,98 
PE;SAO JOSE DO BELMONTE;2613503; 212.856,57 ; 234.142,23 ; 255.427,89 ; 276.713,55 ; 336.406,13 ; 356.896,69 ; 356.896,69 ; 380.689,81 ; 389.680,95 ; 391.377,20 ; 391.377,20 ; 391.377,20 ; 723.028,08 ; 4.696.870,20 
PE;SAO JOSE DO EGITO;2613602; 197.026,25 ; 216.728,88 ; 236.431,50 ; 256.134,13 ; 311.387,31 ; 330.353,98 ; 330.353,98 ; 352.377,58 ; 360.700,04 ; 362.270,14 ; 362.270,14 ; 362.270,14 ; 669.255,86 ; 4.347.559,94 
PE;SAO LOURENCO DA MATA;2613701; 527.902,25 ; 580.692,46 ; 633.482,69 ; 686.272,91 ; 834.315,52 ; 885.133,86 ; 885.133,86 ; 944.142,79 ; 966.441,57 ; 970.648,42 ; 970.648,42 ; 970.648,42 ; 1.793.170,54 ; 11.648.633,71 
PE;SAO VICENTE FERRER;2613800; 105.205,94 ; 115.726,54 ; 126.247,14 ; 136.767,73 ; 166.271,24 ; 176.398,85 ; 176.398,85 ; 188.158,77 ; 192.602,71 ; 193.441,09 ; 193.441,09 ; 193.441,09 ; 357.362,01 ; 2.321.463,07 
PE;SERRA TALHADA;2613909; 510.080,63 ; 561.088,68 ; 612.096,75 ; 663.104,81 ; 806.149,59 ; 855.252,35 ; 855.252,35 ; 912.269,17 ; 934.792,13 ; 938.016,56 ; 938.016,56 ; 938.016,56 ; 1.732.886,63 ; 11.257.022,78 
PE;SERRITA;2614006; 157.398,53 ; 173.138,38 ; 188.878,23 ; 204.618,08 ; 248.758,23 ; 263.910,16 ; 263.910,16 ; 281.504,17 ; 288.152,75 ; 289.407,05 ; 289.407,05 ; 289.407,05 ; 534.648,99 ; 3.473.138,83 
PE;SERTANIA;2614105; 184.160,94 ; 202.577,03 ; 220.993,13 ; 239.409,22 ; 291.054,51 ; 308.782,71 ; 308.782,71 ; 329.368,22 ; 337.147,25 ; 338.614,82 ; 338.614,82 ; 338.614,82 ; 625.555,16 ; 4.063.675,37 
PE;SIRINHAEM;2614204; 258.841,90 ; 284.726,10 ; 310.610,29 ; 336.494,48 ; 409.082,98 ; 434.000,31 ; 434.000,31 ; 462.933,67 ; 473.867,24 ; 475.929,95 ; 475.929,95 ; 475.929,95 ; 879.230,37 ; 5.711.577,52 
PE;SOLIDAO;2614402; 56.177,63 ; 61.795,39 ; 67.413,16 ; 73.030,92 ; 88.785,13 ; 94.193,05 ; 94.193,05 ; 100.472,59 ; 102.899,15 ; 103.300,72 ; 103.300,72 ; 103.300,72 ; 190.837,19 ; 1.239.699,43 
PE;SURUBIM;2614501; 301.667,54 ; 331.834,28 ; 362.001,04 ; 392.167,79 ; 476.766,12 ; 505.806,05 ; 505.806,05 ; 539.526,46 ; 575.229,07 ; 557.882,62 ; 557.882,62 ; 557.882,62 ; 1.030.629,28 ; 6.695.081,54 
PE;TABIRA;2614600; 185.998,16 ; 204.597,98 ; 223.197,79 ; 241.797,61 ; 293.958,12 ; 311.863,18 ; 311.863,18 ; 332.654,06 ; 342.403,49 ; 342.257,50 ; 342.257,50 ; 342.257,50 ; 632.284,62 ; 4.107.390,69 
PE;TACAIMBO;2614709; 71.742,83 ; 78.917,12 ; 86.091,40 ; 93.265,68 ; 113.384,93 ; 120.291,23 ; 120.291,23 ; 128.310,65 ; 131.341,09 ; 131.912,81 ; 131.912,81 ; 131.912,81 ; 243.695,00 ; 1.583.069,59 
PE;TACARATU;2614808; 135.934,84 ; 149.528,32 ; 163.121,80 ; 176.715,29 ; 214.836,26 ; 227.921,99 ; 227.921,99 ; 243.116,78 ; 248.858,72 ; 249.941,98 ; 249.941,98 ; 249.941,98 ; 461.741,44 ; 2.999.523,38 
PE;TAMANDARE;2614857; 173.221,98 ; 190.544,18 ; 207.866,38 ; 225.188,58 ; 273.766,20 ; 290.441,35 ; 290.441,35 ; 309.804,11 ; 317.121,07 ; 318.501,47 ; 318.501,47 ; 318.501,47 ; 588.397,87 ; 3.822.297,49 
PE;TAQUARITINGA DO NORTE;2615003; 152.071,45 ; 167.278,60 ; 182.485,74 ; 197.692,89 ; 240.339,15 ; 254.978,26 ; 254.978,26 ; 271.976,81 ; 278.446,95 ; 279.618,73 ; 279.618,73 ; 279.618,73 ; 516.566,10 ; 3.355.670,38 
PE;TEREZINHA;2615102; 61.332,34 ; 67.465,57 ; 73.598,80 ; 79.732,04 ; 96.931,81 ; 102.835,95 ; 102.835,95 ; 109.691,68 ; 112.282,38 ; 112.771,14 ; 112.771,14 ; 112.771,14 ; 208.332,78 ; 1.353.352,70 
PE;TERRA NOVA;2615201; 73.553,20 ; 80.908,51 ; 88.263,83 ; 95.619,15 ; 116.246,08 ; 123.326,67 ; 123.326,67 ; 131.548,44 ; 134.702,25 ; 135.248,06 ; 135.248,06 ; 135.248,06 ; 249.856,51 ; 1.623.095,49 
PE;TIMBAUBA;2615300; 223.418,47 ; 245.760,31 ; 268.102,15 ; 290.444,00 ; 353.098,50 ; 374.605,81 ; 374.605,81 ; 399.579,53 ; 409.063,53 ; 410.803,76 ; 410.803,76 ; 410.803,76 ; 758.916,60 ; 4.930.005,96 
PE;TORITAMA;2615409; 329.717,64 ; 362.689,40 ; 395.661,16 ; 428.632,92 ; 521.097,50 ; 552.837,67 ; 552.837,67 ; 589.693,51 ; 606.206,68 ; 606.609,89 ; 606.609,89 ; 606.609,89 ; 1.120.647,77 ; 7.279.851,58 
PE;TRACUNHAEM;2615508; 73.503,10 ; 80.853,41 ; 88.203,72 ; 95.554,03 ; 116.166,93 ; 123.242,68 ; 123.242,68 ; 131.458,86 ; 134.563,66 ; 135.149,40 ; 135.149,40 ; 135.149,40 ; 249.674,26 ; 1.621.911,53 
PE;TRINDADE;2615607; 231.159,62 ; 254.275,59 ; 277.391,55 ; 300.507,51 ; 365.332,91 ; 387.585,42 ; 387.585,42 ; 413.424,45 ; 432.460,62 ; 426.326,96 ; 426.326,96 ; 426.326,96 ; 787.594,08 ; 5.116.298,04 
PE;TRIUNFO;2615706; 109.339,80 ; 120.273,78 ; 131.207,76 ; 142.141,74 ; 172.804,52 ; 183.330,08 ; 183.330,08 ; 195.552,09 ; 208.854,66 ; 202.255,93 ; 202.255,93 ; 202.255,93 ; 373.646,49 ; 2.427.248,80 
PE;TUPANATINGA;2615805; 195.067,00 ; 214.573,70 ; 234.080,40 ; 253.587,10 ; 308.290,84 ; 327.068,91 ; 327.068,91 ; 348.873,50 ; 357.788,06 ; 358.762,03 ; 358.762,03 ; 358.762,03 ; 662.774,99 ; 4.305.459,49 
PE;TUPARETAMA;2615904; 64.844,03 ; 71.328,43 ; 77.812,83 ; 84.297,23 ; 102.481,81 ; 108.724,00 ; 108.724,00 ; 115.972,26 ; 120.709,13 ; 119.507,32 ; 119.507,32 ; 119.507,32 ; 220.777,17 ; 1.434.192,84 
PE;VENTUROSA;2616001; 102.955,67 ; 113.251,24 ; 123.546,81 ; 133.842,37 ; 162.714,81 ; 172.625,81 ; 172.625,81 ; 184.134,20 ; 190.267,18 ; 189.552,94 ; 189.552,94 ; 189.552,94 ; 350.179,05 ; 2.274.801,75 
PE;VERDEJANTE;2616100; 71.863,43 ; 79.049,77 ; 86.236,12 ; 93.422,46 ; 113.575,53 ; 120.493,44 ; 120.493,44 ; 128.526,33 ; 131.561,87 ; 132.134,55 ; 132.134,55 ; 132.134,55 ; 244.104,64 ; 1.585.730,69 
PE;VERTENTE DO LERIO;2616183; 77.377,14 ; 85.114,86 ; 92.852,57 ; 100.590,28 ; 122.289,59 ; 129.738,28 ; 129.738,28 ; 138.387,50 ; 141.655,94 ; 142.272,55 ; 142.272,55 ; 142.272,55 ; 262.833,53 ; 1.707.395,64 
PE;VERTENTES;2616209; 134.801,70 ; 148.281,87 ; 161.762,04 ; 175.242,20 ; 213.045,40 ; 226.022,05 ; 226.022,05 ; 241.090,19 ; 246.784,27 ; 247.858,49 ; 247.858,49 ; 247.858,49 ; 457.892,41 ; 2.974.519,64 
PE;VICENCIA;2616308; 203.248,53 ; 223.573,38 ; 243.898,23 ; 264.223,09 ; 321.221,22 ; 340.786,87 ; 340.786,87 ; 363.506,00 ; 374.815,37 ; 374.091,78 ; 374.091,78 ; 374.091,78 ; 691.095,09 ; 4.489.429,98 
PE;VITORIA DE SANTO ANTAO;2616407; 629.206,21 ; 692.126,83 ; 755.047,45 ; 817.968,07 ; 994.419,92 ; 1.054.990,27 ; 1.054.990,27 ; 1.125.322,95 ; 1.181.384,92 ; 1.161.036,62 ; 1.161.036,62 ; 1.161.036,62 ; 2.144.892,66 ; 13.933.459,42 
PE;XEXEU;2616506; 134.503,60 ; 147.953,96 ; 161.404,32 ; 174.854,68 ; 212.574,29 ; 225.522,24 ; 225.522,24 ; 240.557,05 ; 248.115,61 ; 247.572,79 ; 247.572,79 ; 247.572,79 ; 457.364,61 ; 2.971.090,97 
PE;PERNAMBUCO;26; 25.732.348,10 ; 28.305.582,91 ; 30.878.817,72 ; 33.452.052,53 ; 40.610.364,32 ; 43.129.713,75 ; 43.129.713,75 ; 46.005.028,01 ; 47.174.451,22 ; 47.308.146,91 ; 47.308.146,91 ; 47.308.146,91 ; 87.396.810,15 ; 567.739.323,19 
PI;ACAUA;2200053; 159.513,33 ; 175.464,66 ; 191.416,00 ; 207.367,33 ; 205.648,39 ; 218.252,31 ; 218.252,31 ; 232.802,47 ; 219.593,74 ; 221.575,54 ; 221.575,54 ; 221.575,54 ; 409.337,43 ; 2.902.374,59 
PI;AGRICOLANDIA;2200103; 143.424,70 ; 157.767,17 ; 172.109,64 ; 186.452,11 ; 184.906,54 ; 196.239,22 ; 196.239,22 ; 209.321,84 ; 197.445,36 ; 199.227,27 ; 199.227,27 ; 199.227,27 ; 368.051,36 ; 2.609.638,95 
PI;AGUA BRANCA;2200202; 423.554,46 ; 465.909,91 ; 508.265,35 ; 550.620,80 ; 546.056,48 ; 579.523,60 ; 579.523,60 ; 618.158,51 ; 593.957,62 ; 589.665,35 ; 589.665,35 ; 589.665,35 ; 1.089.344,52 ; 7.723.910,90 
PI;ALAGOINHA DO PIAUI;2200251; 116.189,47 ; 127.808,41 ; 139.427,36 ; 151.046,30 ; 149.794,22 ; 158.974,92 ; 158.974,92 ; 169.573,25 ; 159.952,03 ; 161.395,56 ; 161.395,56 ; 161.395,56 ; 298.161,27 ; 2.114.088,82 
PI;ALEGRETE DO PIAUI;2200277; 125.450,14 ; 137.995,15 ; 150.540,17 ; 163.085,18 ; 161.733,30 ; 171.645,74 ; 171.645,74 ; 183.088,78 ; 175.176,31 ; 174.559,33 ; 174.559,33 ; 174.559,33 ; 322.479,94 ; 2.286.518,43 
PI;ALTO LONGA;2200301; 234.894,75 ; 258.384,23 ; 281.873,70 ; 305.363,18 ; 302.831,90 ; 321.392,09 ; 321.392,09 ; 342.818,23 ; 323.692,41 ; 326.325,16 ; 326.325,16 ; 326.325,16 ; 602.851,31 ; 4.274.469,38 
PI;ALTOS;2200400; 1.218.487,24 ; 1.340.335,96 ; 1.462.184,69 ; 1.584.033,41 ; 1.570.902,74 ; 1.667.181,38 ; 1.667.181,38 ; 1.778.326,81 ; 1.677.428,30 ; 1.692.566,80 ; 1.692.566,80 ; 1.692.566,80 ; 3.126.838,59 ; 22.170.600,91 
PI;ALVORADA DO GURGUEIA;2200459; 143.884,89 ; 158.273,37 ; 172.661,86 ; 187.050,35 ; 185.499,81 ; 196.868,86 ; 196.868,86 ; 209.993,45 ; 198.078,87 ; 199.866,50 ; 199.866,50 ; 199.866,50 ; 369.232,27 ; 2.618.012,08 
PI;AMARANTE;2200509; 491.687,33 ; 540.856,06 ; 590.024,80 ; 639.193,53 ; 633.895,00 ; 672.745,63 ; 672.745,63 ; 717.595,34 ; 676.880,50 ; 682.989,23 ; 682.989,23 ; 682.989,23 ; 1.261.750,53 ; 8.946.342,04 
PI;ANGICAL DO PIAUI;2200608; 195.770,57 ; 215.347,63 ; 234.924,69 ; 254.501,75 ; 252.392,09 ; 267.860,87 ; 267.860,87 ; 285.718,27 ; 269.507,21 ; 271.939,47 ; 271.939,47 ; 271.939,47 ; 502.379,48 ; 3.562.081,85 
PI;ANISIO DE ABREU;2200707; 260.876,65 ; 286.964,31 ; 313.051,97 ; 339.139,64 ; 336.328,37 ; 356.941,52 ; 356.941,52 ; 380.737,62 ; 360.462,95 ; 362.537,40 ; 362.537,40 ; 362.537,40 ; 669.749,59 ; 4.748.806,33 
PI;ANTONIO ALMEIDA;2200806; 87.999,22 ; 96.799,13 ; 105.599,06 ; 114.398,98 ; 113.450,68 ; 120.403,93 ; 120.403,93 ; 128.430,86 ; 121.786,19 ; 122.315,10 ; 122.315,10 ; 122.315,10 ; 225.964,24 ; 1.602.181,50 
PI;AROAZES;2200905; 138.389,50 ; 152.228,46 ; 166.067,41 ; 179.906,36 ; 178.415,04 ; 189.349,87 ; 189.349,87 ; 201.973,20 ; 190.513,67 ; 192.233,02 ; 192.233,02 ; 192.233,02 ; 355.130,22 ; 2.518.022,66 
PI;AROEIRAS DO ITAIM;2200954; 112.103,23 ; 123.313,55 ; 134.523,87 ; 145.734,20 ; 144.526,15 ; 153.383,97 ; 153.383,97 ; 163.609,57 ; 154.326,70 ; 155.719,48 ; 155.719,48 ; 155.719,48 ; 287.675,32 ; 2.039.738,99 
PI;ARRAIAL;2201002; 155.234,53 ; 170.757,99 ; 186.281,45 ; 201.804,90 ; 200.132,07 ; 212.397,90 ; 212.397,90 ; 226.557,76 ; 213.703,36 ; 215.631,99 ; 215.631,99 ; 215.631,99 ; 398.357,35 ; 2.824.521,18 
PI;ASSUNCAO DO PIAUI;2201051; 247.538,62 ; 272.292,48 ; 297.046,35 ; 321.800,21 ; 319.132,68 ; 338.691,92 ; 338.691,92 ; 361.271,38 ; 341.561,10 ; 343.944,47 ; 343.944,47 ; 343.944,47 ; 635.401,12 ; 4.505.261,19 
PI;AVELINO LOPES;2201101; 259.876,67 ; 285.864,34 ; 311.852,01 ; 337.839,68 ; 335.039,19 ; 355.573,32 ; 355.573,32 ; 379.278,21 ; 357.758,77 ; 360.987,48 ; 360.987,48 ; 360.987,48 ; 666.886,28 ; 4.728.504,22 
PI;BAIXA GRANDE DO RIBEIRO;2201150; 527.335,77 ; 580.069,34 ; 632.802,92 ; 685.536,49 ; 679.853,81 ; 721.521,20 ; 721.521,20 ; 769.622,61 ; 725.955,84 ; 732.507,47 ; 732.507,47 ; 732.507,47 ; 1.353.230,27 ; 9.594.971,86 
PI;BARRA DALCANTARA;2201176; 88.212,74 ; 97.034,02 ; 105.855,29 ; 114.676,57 ; 113.725,97 ; 120.696,09 ; 120.696,09 ; 128.742,50 ; 121.437,91 ; 122.533,87 ; 122.533,87 ; 122.533,87 ; 226.368,41 ; 1.605.047,21 
PI;BARRAS;2201200; 1.592.964,37 ; 1.752.260,80 ; 1.911.557,24 ; 2.070.853,67 ; 2.053.687,55 ; 2.179.555,48 ; 2.179.555,48 ; 2.324.859,18 ; 2.203.148,38 ; 2.213.978,35 ; 2.213.978,35 ; 2.213.978,35 ; 4.090.091,42 ; 29.000.468,62 
PI;BARREIRAS DO PIAUI;2201309; 77.258,86 ; 84.984,75 ; 92.710,64 ; 100.436,53 ; 99.603,97 ; 105.708,57 ; 105.708,57 ; 112.755,81 ; 106.358,29 ; 107.318,15 ; 107.318,15 ; 107.318,15 ; 198.258,95 ; 1.405.739,39 
PI;BARRO DURO;2201408; 122.555,40 ; 134.810,94 ; 147.066,48 ; 159.322,02 ; 158.001,34 ; 167.685,04 ; 167.685,04 ; 178.864,04 ; 168.715,67 ; 170.238,31 ; 170.238,31 ; 170.238,31 ; 314.497,31 ; 2.229.918,21 
PI;BATALHA;2201507; 559.719,91 ; 615.691,90 ; 671.663,90 ; 727.635,89 ; 721.604,23 ; 765.830,44 ; 765.830,44 ; 816.885,80 ; 778.944,68 ; 778.510,28 ; 778.510,28 ; 778.510,28 ; 1.438.215,61 ; 10.197.553,64 
PI;BELA VISTA DO PIAUI;2201556; 107.599,94 ; 118.359,93 ; 129.119,92 ; 139.879,92 ; 138.720,39 ; 147.222,40 ; 147.222,40 ; 157.037,22 ; 148.127,26 ; 149.464,08 ; 149.464,08 ; 149.464,08 ; 276.119,13 ; 1.957.800,76 
PI;BELEM DO PIAUI;2201572; 130.396,90 ; 143.436,59 ; 156.476,28 ; 169.515,97 ; 168.110,79 ; 178.414,08 ; 178.414,08 ; 190.308,36 ; 179.510,66 ; 181.130,71 ; 181.130,71 ; 181.130,71 ; 334.619,88 ; 2.372.595,74 
PI;BENEDITINOS;2201606; 321.175,06 ; 353.292,57 ; 385.410,07 ; 417.527,58 ; 414.066,52 ; 439.444,15 ; 439.444,15 ; 468.740,42 ; 442.145,09 ; 446.135,36 ; 446.135,36 ; 446.135,36 ; 824.188,02 ; 5.843.839,72 
PI;BERTOLINIA;2201705; 152.010,43 ; 167.211,48 ; 182.412,52 ; 197.613,56 ; 179.728,82 ; 204.211,98 ; 204.211,98 ; 217.826,12 ; 205.467,13 ; 207.321,43 ; 207.321,43 ; 207.321,43 ; 383.004,47 ; 2.715.662,77 
PI;BETANIA DO PIAUI;2201739; 241.191,81 ; 265.310,99 ; 289.430,17 ; 313.549,35 ; 310.950,22 ; 330.007,97 ; 330.007,97 ; 352.008,50 ; 332.036,29 ; 335.032,85 ; 335.032,85 ; 335.032,85 ; 618.937,84 ; 4.388.529,67 
PI;BOA HORA;2201770; 175.628,30 ; 193.191,13 ; 210.753,96 ; 228.316,79 ; 226.424,18 ; 240.301,43 ; 240.301,43 ; 256.321,53 ; 241.778,39 ; 243.960,39 ; 243.960,39 ; 243.960,39 ; 450.691,09 ; 3.195.589,41 
PI;BOCAINA;2201804; 65.834,64 ; 72.418,11 ; 79.001,58 ; 85.585,04 ; 84.875,60 ; 90.077,51 ; 90.077,51 ; 96.082,68 ; 90.631,15 ; 91.449,08 ; 91.449,08 ; 91.449,08 ; 168.942,53 ; 1.197.873,60 
PI;BOM JESUS;2201903; 806.392,60 ; 887.031,86 ; 967.671,12 ; 1.048.310,38 ; 1.039.620,53 ; 1.103.337,56 ; 1.103.337,56 ; 1.176.893,39 ; 1.110.118,95 ; 1.120.137,58 ; 1.120.137,58 ; 1.120.137,58 ; 2.069.336,00 ; 14.672.462,67 
PI;BOM PRINCIPIO DO PIAUI;2201919; 146.811,63 ; 161.492,80 ; 176.173,96 ; 190.855,12 ; 189.273,05 ; 200.873,36 ; 200.873,36 ; 214.264,91 ; 204.111,26 ; 204.174,74 ; 204.174,74 ; 204.174,74 ; 377.191,30 ; 2.674.444,98 
PI;BONFIM DO PIAUI;2201929; 126.885,54 ; 139.574,09 ; 152.262,64 ; 164.951,20 ; 163.583,84 ; 173.609,70 ; 173.609,70 ; 185.183,68 ; 174.676,75 ; 176.253,17 ; 176.253,17 ; 176.253,17 ; 325.609,14 ; 2.308.705,80 
PI;BOQUEIRAO DO PIAUI;2201945; 162.443,13 ; 178.687,44 ; 194.931,76 ; 211.176,07 ; 209.425,54 ; 222.260,97 ; 222.260,97 ; 237.078,37 ; 225.938,56 ; 225.925,38 ; 225.925,38 ; 225.925,38 ; 417.373,30 ; 2.959.352,25 
PI;BRASILEIRA;2201960; 242.184,18 ; 266.402,59 ; 290.621,01 ; 314.839,43 ; 312.229,59 ; 331.365,76 ; 331.365,76 ; 353.456,81 ; 333.402,42 ; 336.411,31 ; 336.411,31 ; 336.411,31 ; 621.484,41 ; 4.406.585,89 
PI;BREJO DO PIAUI;2201988; 114.437,67 ; 125.881,44 ; 137.325,20 ; 148.768,97 ; 147.535,77 ; 156.578,05 ; 156.578,05 ; 167.016,58 ; 157.540,42 ; 158.962,19 ; 158.962,19 ; 158.962,19 ; 293.665,88 ; 2.082.214,60 
PI;BURITI DOS LOPES;2202000; 587.306,38 ; 646.037,02 ; 704.767,66 ; 763.498,30 ; 757.169,37 ; 803.575,32 ; 803.575,32 ; 857.147,00 ; 815.252,34 ; 816.627,59 ; 816.627,59 ; 816.627,59 ; 1.508.633,31 ; 10.696.844,77 
PI;BURITI DOS MONTES;2202026; 316.743,39 ; 348.417,73 ; 380.092,07 ; 411.766,41 ; 408.353,11 ; 433.380,56 ; 433.380,56 ; 462.272,60 ; 439.610,41 ; 440.411,65 ; 440.411,65 ; 440.411,65 ; 813.614,05 ; 5.768.865,85 
PI;CABECEIRAS DO PIAUI;2202059; 292.282,23 ; 321.510,45 ; 350.738,67 ; 379.966,90 ; 376.817,19 ; 399.911,85 ; 399.911,85 ; 426.572,64 ; 402.369,81 ; 406.001,13 ; 406.001,13 ; 406.001,13 ; 750.044,25 ; 5.318.129,25 
PI;CAJAZEIRAS DO PIAUI;2202075; 94.665,40 ; 104.131,95 ; 113.598,49 ; 123.065,03 ; 122.044,89 ; 129.524,87 ; 129.524,87 ; 138.159,86 ; 130.320,96 ; 131.497,09 ; 131.497,09 ; 131.497,09 ; 242.927,00 ; 1.722.454,58 
PI;CAJUEIRO DA PRAIA;2202083; 247.598,59 ; 272.358,45 ; 297.118,31 ; 321.878,17 ; 319.209,99 ; 338.773,98 ; 338.773,98 ; 361.358,91 ; 340.856,17 ; 343.932,33 ; 343.932,33 ; 343.932,33 ; 635.378,70 ; 4.505.102,26 
PI;CALDEIRAO GRANDE DO PIAUI;2202091; 142.165,18 ; 156.381,70 ; 170.598,22 ; 184.814,74 ; 183.282,73 ; 194.515,91 ; 194.515,91 ; 207.483,63 ; 195.819,75 ; 197.490,84 ; 197.490,84 ; 197.490,84 ; 364.843,48 ; 2.586.893,76 
PI;CAMPINAS DO PIAUI;2202109; 151.147,84 ; 166.262,63 ; 181.377,41 ; 196.492,19 ; 194.863,39 ; 206.806,33 ; 206.806,33 ; 220.593,41 ; 208.401,03 ; 209.994,49 ; 209.994,49 ; 209.994,49 ; 387.942,67 ; 2.750.676,70 
PI;CAMPO ALEGRE DO FIDALGO;2202117; 166.882,25 ; 183.570,48 ; 200.258,71 ; 216.946,93 ; 215.148,58 ; 228.334,76 ; 228.334,76 ; 243.557,08 ; 229.738,16 ; 231.811,51 ; 231.811,51 ; 231.811,51 ; 428.247,31 ; 3.036.453,55 
PI;CAMPO GRANDE DO PIAUI;2202133; 152.658,55 ; 167.924,40 ; 183.190,26 ; 198.456,11 ; 196.811,04 ; 208.873,33 ; 208.873,33 ; 222.798,22 ; 212.435,25 ; 212.329,84 ; 212.329,84 ; 212.329,84 ; 392.256,98 ; 2.781.267,00 
PI;CAMPO LARGO DO PIAUI;2202174; 286.670,10 ; 315.337,11 ; 344.004,12 ; 372.671,13 ; 369.581,91 ; 392.233,13 ; 392.233,13 ; 418.382,00 ; 394.753,22 ; 398.218,73 ; 398.218,73 ; 398.218,73 ; 735.667,09 ; 5.216.189,15 
PI;CAMPO MAIOR;2202208; 1.062.787,50 ; 1.169.066,25 ; 1.275.345,00 ; 1.381.623,74 ; 1.370.170,92 ; 1.454.146,97 ; 1.454.146,97 ; 1.551.090,10 ; 1.478.875,55 ; 1.478.202,35 ; 1.478.202,35 ; 1.478.202,35 ; 2.730.822,88 ; 19.362.682,92 
PI;CANAVIEIRA;2202251; 76.635,06 ; 84.298,57 ; 91.962,07 ; 99.625,58 ; 98.799,74 ; 104.855,05 ; 104.855,05 ; 111.845,39 ; 105.499,52 ; 106.451,63 ; 106.451,63 ; 106.451,63 ; 196.658,16 ; 1.394.389,11 
PI;CANTO DO BURITI;2202307; 392.476,34 ; 431.723,97 ; 470.971,61 ; 510.219,24 ; 505.989,83 ; 537.001,31 ; 537.001,31 ; 572.801,40 ; 540.301,86 ; 545.177,99 ; 545.177,99 ; 545.177,99 ; 1.007.158,82 ; 7.141.179,69 
PI;CAPITAO DE CAMPOS;2202406; 326.830,75 ; 359.513,83 ; 392.196,91 ; 424.879,98 ; 421.357,99 ; 447.182,49 ; 447.182,49 ; 476.994,65 ; 461.637,12 ; 455.410,22 ; 455.410,22 ; 455.410,22 ; 841.322,33 ; 5.965.329,19 
PI;CAPITAO GERVASIO OLIVEIRA;2202455; 90.249,50 ; 99.274,45 ; 108.299,40 ; 117.324,35 ; 116.351,81 ; 123.482,86 ; 123.482,86 ; 131.715,05 ; 125.216,28 ; 125.481,17 ; 125.481,17 ; 125.481,17 ; 231.813,23 ; 1.643.653,32 
PI;CARACOL;2202505; 299.930,43 ; 329.923,47 ; 359.916,52 ; 389.909,56 ; 386.677,45 ; 410.376,42 ; 410.376,42 ; 437.734,85 ; 412.898,69 ; 416.625,04 ; 416.625,04 ; 416.625,04 ; 769.670,80 ; 5.457.289,71 
PI;CARAUBAS DO PIAUI;2202539; 142.830,40 ; 157.113,44 ; 171.396,48 ; 185.679,52 ; 184.140,35 ; 195.426,07 ; 195.426,07 ; 208.454,48 ; 198.890,82 ; 198.676,07 ; 198.676,07 ; 198.676,07 ; 367.033,08 ; 2.602.418,90 
PI;CARIDADE DO PIAUI;2202554; 232.411,67 ; 255.652,84 ; 278.894,01 ; 302.135,18 ; 299.630,65 ; 317.994,64 ; 317.994,64 ; 339.194,29 ; 320.467,89 ; 322.899,47 ; 322.899,47 ; 322.899,47 ; 596.522,71 ; 4.229.596,95 
PI;CASTELO DO PIAUI;2202604; 509.178,86 ; 560.096,75 ; 611.014,64 ; 661.932,52 ; 656.445,50 ; 696.678,22 ; 696.678,22 ; 743.123,44 ; 700.960,19 ; 707.286,23 ; 707.286,23 ; 707.286,23 ; 1.306.636,68 ; 9.264.603,70 
PI;CAXINGO;2202653; 176.172,41 ; 193.789,65 ; 211.406,89 ; 229.024,13 ; 227.125,66 ; 241.045,90 ; 241.045,90 ; 257.115,63 ; 255.536,34 ; 246.292,77 ; 246.292,77 ; 246.292,77 ; 454.999,90 ; 3.226.140,70 
PI;COCAL;2202703; 732.615,49 ; 805.877,04 ; 879.138,59 ; 952.400,14 ; 944.505,32 ; 1.002.392,87 ; 1.002.392,87 ; 1.069.219,06 ; 1.008.553,83 ; 1.017.655,85 ; 1.017.655,85 ; 1.017.655,85 ; 1.880.011,81 ; 13.330.074,57 
PI;COCAL DE TELHA;2202711; 160.980,36 ; 177.078,39 ; 193.176,43 ; 209.274,46 ; 207.539,70 ; 220.259,55 ; 220.259,55 ; 234.943,52 ; 222.479,80 ; 223.718,35 ; 223.718,35 ; 223.718,35 ; 413.296,06 ; 2.930.442,89 
PI;COCAL DOS ALVES;2202729; 178.368,00 ; 196.204,79 ; 214.041,59 ; 231.878,39 ; 229.956,26 ; 244.049,99 ; 244.049,99 ; 260.319,99 ; 245.549,98 ; 247.766,03 ; 247.766,03 ; 247.766,03 ; 457.721,60 ; 3.245.438,69 
PI;COIVARAS;2202737; 125.433,93 ; 137.977,33 ; 150.520,72 ; 163.064,12 ; 161.712,41 ; 171.623,57 ; 171.623,57 ; 183.065,14 ; 172.678,41 ; 174.236,80 ; 174.236,80 ; 174.236,80 ; 321.884,11 ; 2.282.293,71 
PI;COLONIA DO GURGUEIA;2202752; 177.928,12 ; 195.720,94 ; 213.513,75 ; 231.306,56 ; 229.389,18 ; 243.448,14 ; 243.448,14 ; 259.678,02 ; 244.944,43 ; 247.155,02 ; 247.155,02 ; 247.155,02 ; 456.592,82 ; 3.237.435,14 
PI;COLONIA DO PIAUI;2202778; 178.584,24 ; 196.442,66 ; 214.301,09 ; 232.159,51 ; 230.235,05 ; 244.345,87 ; 244.345,87 ; 260.635,59 ; 250.113,98 ; 248.583,45 ; 248.583,45 ; 248.583,45 ; 459.231,70 ; 3.256.145,89 
PI;CONCEICAO DO CANINDE;2202802; 132.868,84 ; 146.155,73 ; 159.442,61 ; 172.729,50 ; 171.297,68 ; 181.796,29 ; 181.796,29 ; 193.916,05 ; 182.913,66 ; 184.564,42 ; 184.564,42 ; 184.564,42 ; 340.963,30 ; 2.417.573,23 
PI;CORONEL JOSE DIAS;2202851; 137.915,68 ; 151.707,25 ; 165.498,82 ; 179.290,38 ; 177.804,17 ; 188.701,57 ; 188.701,57 ; 201.281,67 ; 189.861,38 ; 191.574,84 ; 191.574,84 ; 191.574,84 ; 353.914,31 ; 2.509.401,34 
PI;CORRENTE;2202901; 537.633,85 ; 591.397,24 ; 645.160,63 ; 698.924,01 ; 693.130,36 ; 735.611,44 ; 735.611,44 ; 784.652,21 ; 740.886,73 ; 746.903,65 ; 746.903,65 ; 746.903,65 ; 1.379.825,69 ; 9.783.544,53 
PI;CRISTALANDIA DO PIAUI;2203008; 223.596,96 ; 245.956,65 ; 268.316,35 ; 290.676,04 ; 288.266,51 ; 305.934,01 ; 305.934,01 ; 326.329,61 ; 310.241,49 ; 310.886,47 ; 310.886,47 ; 310.886,47 ; 574.329,96 ; 4.072.241,00 
PI;CRISTINO CASTRO;2203107; 321.613,48 ; 353.774,83 ; 385.936,17 ; 418.097,52 ; 414.631,74 ; 440.044,00 ; 440.044,00 ; 469.380,27 ; 442.748,63 ; 446.744,35 ; 446.744,35 ; 446.744,35 ; 825.313,06 ; 5.851.816,77 
PI;CURIMATA;2203206; 313.356,46 ; 344.692,11 ; 376.027,75 ; 407.363,40 ; 419.524,31 ; 432.356,30 ; 432.356,30 ; 461.180,05 ; 435.013,67 ; 438.939,59 ; 438.939,59 ; 438.939,59 ; 810.894,58 ; 5.749.583,70 
PI;CURRAIS;2203230; 226.301,40 ; 248.931,53 ; 271.561,67 ; 294.191,81 ; 291.753,13 ; 309.634,32 ; 309.634,32 ; 330.276,61 ; 311.537,41 ; 314.348,98 ; 314.348,98 ; 314.348,98 ; 580.726,58 ; 4.117.595,72 
PI;CURRAL NOVO DO PIAUI;2203271; 204.380,48 ; 224.818,53 ; 245.256,58 ; 265.694,62 ; 263.492,18 ; 279.641,28 ; 279.641,28 ; 298.284,03 ; 284.265,47 ; 284.251,37 ; 284.251,37 ; 284.251,37 ; 525.124,41 ; 3.723.352,97 
PI;CURRALINHOS;2203255; 145.488,49 ; 160.037,34 ; 174.586,18 ; 189.135,03 ; 187.567,21 ; 199.062,98 ; 199.062,98 ; 212.333,84 ; 200.286,48 ; 202.094,02 ; 202.094,02 ; 202.094,02 ; 373.347,38 ; 2.647.189,96 
PI;DEMERVAL LOBAO;2203305; 467.829,43 ; 514.612,37 ; 561.395,31 ; 608.178,26 ; 603.136,82 ; 640.102,32 ; 640.102,32 ; 682.775,81 ; 644.036,56 ; 649.848,87 ; 649.848,87 ; 649.848,87 ; 1.200.527,23 ; 8.512.243,07 
PI;DIRCEU ARCOVERDE;2203354; 233.652,15 ; 257.017,37 ; 280.382,58 ; 303.747,80 ; 301.229,90 ; 319.691,91 ; 319.691,91 ; 341.004,71 ; 321.656,83 ; 324.559,72 ; 324.559,72 ; 324.559,72 ; 599.589,83 ; 4.251.344,14 
PI;DOM EXPEDITO LOPES;2203404; 147.268,87 ; 161.995,76 ; 176.722,64 ; 191.449,53 ; 189.862,53 ; 201.498,96 ; 201.498,96 ; 214.932,23 ; 208.991,61 ; 205.325,05 ; 205.325,05 ; 205.325,05 ; 379.316,37 ; 2.689.512,62 
PI;DOM INOCENCIO;2203453; 216.102,97 ; 237.713,27 ; 259.323,56 ; 280.933,86 ; 278.605,09 ; 295.680,44 ; 295.680,44 ; 315.392,47 ; 297.497,77 ; 300.182,64 ; 300.182,64 ; 300.182,64 ; 554.555,75 ; 3.932.033,55 
PI;DOMINGOS MOURAO;2203420; 156.262,29 ; 171.888,52 ; 187.514,75 ; 203.140,98 ; 201.457,07 ; 213.804,11 ; 213.804,11 ; 228.057,72 ; 215.118,21 ; 217.059,61 ; 217.059,61 ; 217.059,61 ; 400.994,73 ; 2.843.221,34 
PI;ELESBAO VELOSO;2203503; 215.578,28 ; 237.136,10 ; 258.693,93 ; 280.251,76 ; 260.039,62 ; 290.806,40 ; 290.806,40 ; 310.193,49 ; 293.134,39 ; 295.299,89 ; 295.299,89 ; 295.299,89 ; 545.535,39 ; 3.868.075,43 
PI;ELISEU MARTINS;2203602; 79.260,36 ; 87.186,39 ; 95.112,43 ; 103.038,46 ; 102.184,33 ; 108.447,08 ; 108.447,08 ; 115.676,89 ; 110.079,72 ; 110.215,44 ; 110.215,44 ; 110.215,44 ; 203.611,40 ; 1.443.690,45 
PI;ESPERANTINA;2203701; 1.030.609,53 ; 1.133.670,48 ; 1.236.731,43 ; 1.339.792,38 ; 1.328.686,31 ; 1.410.119,83 ; 1.410.119,83 ; 1.504.127,82 ; 1.418.949,56 ; 1.431.610,81 ; 1.431.610,81 ; 1.431.610,81 ; 2.644.749,94 ; 18.752.389,55 
PI;FARTURA DO PIAUI;2203750; 195.304,89 ; 214.835,38 ; 234.365,87 ; 253.896,36 ; 251.791,71 ; 267.223,71 ; 267.223,71 ; 285.038,62 ; 268.866,13 ; 271.292,60 ; 271.292,60 ; 271.292,60 ; 501.184,46 ; 3.553.608,64 
PI;FLORES DO PIAUI;2203800; 110.548,23 ; 121.603,05 ; 132.657,88 ; 143.712,70 ; 142.521,40 ; 151.256,37 ; 151.256,37 ; 161.340,12 ; 152.186,03 ; 153.559,48 ; 153.559,48 ; 153.559,48 ; 283.684,94 ; 2.011.445,52 
PI;FLORESTA DO PIAUI;2203859; 75.762,00 ; 83.338,20 ; 90.914,40 ; 98.490,60 ; 97.674,18 ; 103.660,50 ; 103.660,50 ; 110.571,20 ; 104.297,63 ; 105.238,89 ; 105.238,89 ; 105.238,89 ; 194.417,75 ; 1.378.503,65 
PI;FLORIANO;2203909; 958.093,65 ; 1.053.903,01 ; 1.149.712,38 ; 1.245.521,74 ; 1.235.197,13 ; 1.310.900,80 ; 1.310.900,80 ; 1.398.294,19 ; 1.352.485,73 ; 1.334.924,58 ; 1.334.924,58 ; 1.334.924,58 ; 2.466.132,31 ; 17.485.915,48 
PI;FRANCINOPOLIS;2204006; 118.826,22 ; 130.708,84 ; 142.591,47 ; 154.474,09 ; 153.193,59 ; 162.582,63 ; 162.582,63 ; 173.421,48 ; 163.581,90 ; 165.058,21 ; 165.058,21 ; 165.058,21 ; 304.927,62 ; 2.162.065,09 
PI;FRANCISCO AYRES;2204105; 88.034,78 ; 96.838,26 ; 105.641,74 ; 114.445,21 ; 113.496,54 ; 120.452,59 ; 120.452,59 ; 128.482,77 ; 121.192,93 ; 122.286,67 ; 122.286,67 ; 122.286,67 ; 225.911,72 ; 1.601.809,13 
PI;FRANCISCO MACEDO;2204154; 99.643,57 ; 109.607,93 ; 119.572,29 ; 129.536,64 ; 128.462,87 ; 136.336,19 ; 136.336,19 ; 145.425,27 ; 137.497,38 ; 138.451,29 ; 138.451,29 ; 138.451,29 ; 255.774,16 ; 1.813.546,36 
PI;FRANCISCO SANTOS;2204204; 157.989,12 ; 173.788,03 ; 189.586,95 ; 205.385,86 ; 203.683,33 ; 216.166,83 ; 216.166,83 ; 230.577,95 ; 217.495,45 ; 219.458,30 ; 219.458,30 ; 219.458,30 ; 405.426,06 ; 2.874.641,32 
PI;FRONTEIRAS;2204303; 252.088,25 ; 277.297,07 ; 302.505,90 ; 327.714,72 ; 324.998,18 ; 344.916,90 ; 344.916,90 ; 367.911,36 ; 347.036,84 ; 350.168,79 ; 350.168,79 ; 350.168,79 ; 646.899,90 ; 4.586.792,38 
PI;GEMINIANO;2204352; 184.348,64 ; 202.783,51 ; 221.218,37 ; 239.653,24 ; 237.666,66 ; 252.232,95 ; 252.232,95 ; 269.048,48 ; 255.643,76 ; 256.299,06 ; 256.299,06 ; 256.299,06 ; 473.485,48 ; 3.357.211,23 
PI;GILBUES;2204402; 324.420,57 ; 356.862,63 ; 389.304,68 ; 421.746,74 ; 418.250,72 ; 443.884,78 ; 443.884,78 ; 473.477,09 ; 446.613,00 ; 450.643,61 ; 450.643,61 ; 450.643,61 ; 832.516,52 ; 5.902.892,33 
PI;GUADALUPE;2204501; 264.685,71 ; 291.154,28 ; 317.622,86 ; 344.091,43 ; 341.239,12 ; 362.153,23 ; 362.153,23 ; 386.296,78 ; 364.379,12 ; 367.667,58 ; 367.667,58 ; 367.667,58 ; 679.227,06 ; 4.816.005,55 
PI;GUARIBAS;2204550; 145.712,86 ; 160.284,15 ; 174.855,44 ; 189.426,72 ; 187.856,49 ; 199.369,98 ; 199.369,98 ; 212.661,31 ; 200.595,36 ; 202.405,70 ; 202.405,70 ; 202.405,70 ; 373.923,17 ; 2.651.272,54 
PI;HUGO NAPOLEAO;2204600; 89.181,33 ; 98.099,46 ; 107.017,59 ; 115.935,72 ; 114.974,68 ; 122.021,34 ; 122.021,34 ; 130.156,10 ; 122.771,31 ; 123.879,30 ; 123.879,30 ; 123.879,30 ; 228.853,94 ; 1.622.670,73 
PI;ILHA GRANDE;2204659; 207.062,02 ; 227.768,21 ; 248.474,41 ; 269.180,62 ; 266.949,27 ; 283.310,26 ; 283.310,26 ; 302.197,61 ; 295.028,01 ; 288.833,15 ; 288.833,15 ; 288.833,15 ; 533.588,78 ; 3.783.368,89 
PI;INHUMA;2204709; 253.392,77 ; 278.732,05 ; 304.071,33 ; 329.410,61 ; 326.680,00 ; 346.701,80 ; 346.701,80 ; 369.815,25 ; 351.611,47 ; 352.317,63 ; 352.317,63 ; 352.317,63 ; 650.869,66 ; 4.614.939,66 
PI;IPIRANGA DO PIAUI;2204808; 251.590,53 ; 276.749,59 ; 301.908,64 ; 327.067,70 ; 324.356,50 ; 344.235,90 ; 344.235,90 ; 367.184,96 ; 346.459,44 ; 349.490,49 ; 349.490,49 ; 349.490,49 ; 645.646,81 ; 4.577.907,45 
PI;ISAIAS COELHO;2204907; 199.543,98 ; 219.498,38 ; 239.452,77 ; 259.407,17 ; 257.256,84 ; 273.023,79 ; 273.023,79 ; 291.225,38 ; 274.701,87 ; 277.181,00 ; 277.181,00 ; 277.181,00 ; 512.062,66 ; 3.630.739,65 
PI;ITAINOPOLIS;2205003; 196.481,85 ; 216.130,03 ; 235.778,22 ; 255.426,40 ; 253.309,07 ; 268.834,07 ; 268.834,07 ; 286.756,34 ; 302.031,01 ; 276.750,42 ; 276.750,42 ; 276.750,42 ; 511.267,20 ; 3.625.099,51 
PI;ITAUEIRA;2205102; 138.163,72 ; 151.980,09 ; 165.796,47 ; 179.612,84 ; 178.123,96 ; 189.040,95 ; 189.040,95 ; 201.643,68 ; 190.202,84 ; 191.919,39 ; 191.919,39 ; 191.919,39 ; 354.550,83 ; 2.513.914,49 
PI;JACOBINA DO PIAUI;2205151; 269.486,52 ; 296.435,18 ; 323.383,83 ; 350.332,48 ; 347.428,44 ; 368.721,89 ; 368.721,89 ; 393.303,35 ; 370.988,15 ; 374.336,25 ; 374.336,25 ; 374.336,25 ; 691.546,73 ; 4.903.357,24 
PI;JAICOS;2205201; 344.544,32 ; 378.998,75 ; 413.453,19 ; 447.907,62 ; 444.194,73 ; 471.418,87 ; 471.418,87 ; 502.846,80 ; 475.069,97 ; 478.688,29 ; 478.688,29 ; 478.688,29 ; 884.326,11 ; 6.270.244,08 
PI;JARDIM DO MULATO;2205250; 97.271,35 ; 106.998,49 ; 116.725,62 ; 126.452,76 ; 125.404,54 ; 133.090,43 ; 133.090,43 ; 141.963,12 ; 133.908,44 ; 135.116,93 ; 135.116,93 ; 135.116,93 ; 249.614,28 ; 1.769.870,25 
PI;JATOBA DO PIAUI;2205276; 163.804,59 ; 180.185,06 ; 196.565,51 ; 212.945,97 ; 211.180,79 ; 224.123,79 ; 224.123,79 ; 239.065,37 ; 225.501,31 ; 227.536,42 ; 227.536,42 ; 227.536,42 ; 420.349,52 ; 2.980.454,95 
PI;JERUMENHA;2205300; 114.265,87 ; 125.692,46 ; 137.119,05 ; 148.545,63 ; 147.314,28 ; 156.342,99 ; 156.342,99 ; 166.765,85 ; 157.303,92 ; 158.723,55 ; 158.723,55 ; 158.723,55 ; 293.225,02 ; 2.079.088,71 
PI;JOAO COSTA;2205359; 82.147,55 ; 90.362,31 ; 98.577,06 ; 106.791,82 ; 105.906,58 ; 112.397,46 ; 112.397,46 ; 119.890,62 ; 113.088,28 ; 114.108,89 ; 114.108,89 ; 114.108,89 ; 210.804,13 ; 1.494.689,94 
PI;JOAQUIM PIRES;2205409; 331.379,67 ; 364.517,64 ; 397.655,61 ; 430.793,58 ; 427.222,57 ; 453.406,49 ; 453.406,49 ; 483.633,59 ; 456.193,24 ; 460.310,31 ; 460.310,31 ; 460.310,31 ; 850.374,73 ; 6.029.514,56 
PI;JOCA MARQUES;2205458; 230.744,24 ; 253.818,66 ; 276.893,08 ; 299.967,51 ; 297.480,96 ; 315.713,19 ; 315.713,19 ; 336.760,74 ; 317.653,64 ; 320.520,41 ; 320.520,41 ; 320.520,41 ; 592.127,65 ; 4.198.434,11 
PI;JOSE DE FREITAS;2205508; 792.734,63 ; 872.008,10 ; 951.281,56 ; 1.030.555,02 ; 1.019.678,07 ; 1.084.107,88 ; 1.084.107,88 ; 1.156.381,73 ; 1.114.730,23 ; 1.103.518,74 ; 1.103.518,74 ; 1.103.518,74 ; 2.038.634,45 ; 14.454.775,76 
PI;JUAZEIRO DO PIAUI;2205516; 168.066,29 ; 184.872,91 ; 201.679,54 ; 218.486,17 ; 216.675,04 ; 229.954,79 ; 229.954,79 ; 245.285,11 ; 239.953,14 ; 234.496,63 ; 234.496,63 ; 234.496,63 ; 433.207,79 ; 3.071.625,47 
PI;JULIO BORGES;2205524; 177.974,55 ; 195.772,00 ; 213.569,45 ; 231.366,91 ; 229.449,01 ; 243.511,66 ; 243.511,66 ; 259.745,77 ; 245.008,34 ; 247.219,50 ; 247.219,50 ; 247.219,50 ; 456.711,94 ; 3.238.279,78 
PI;JUREMA;2205532; 119.178,47 ; 131.096,31 ; 143.014,16 ; 154.932,00 ; 153.647,71 ; 163.064,59 ; 163.064,59 ; 173.935,56 ; 164.066,82 ; 165.547,50 ; 165.547,50 ; 165.547,50 ; 305.831,54 ; 2.168.474,24 
PI;LAGOA ALEGRE;2205557; 294.924,73 ; 324.417,21 ; 353.909,68 ; 383.402,15 ; 380.223,98 ; 403.527,43 ; 403.527,43 ; 430.429,26 ; 406.007,62 ; 409.671,76 ; 409.671,76 ; 409.671,76 ; 756.825,36 ; 5.366.210,15 
PI;LAGOA DE SAO FRANCISCO;2205573; 212.885,00 ; 234.173,49 ; 255.461,99 ; 276.750,49 ; 274.456,40 ; 291.277,49 ; 291.277,49 ; 310.695,99 ; 293.067,76 ; 295.712,64 ; 295.712,64 ; 295.712,64 ; 546.297,90 ; 3.873.481,91 
PI;LAGOA DO BARRO DO PIAUI;2205565; 116.896,30 ; 128.585,93 ; 140.275,56 ; 151.965,19 ; 150.705,49 ; 159.942,04 ; 159.942,04 ; 170.604,85 ; 161.912,32 ; 162.497,05 ; 162.497,05 ; 162.497,05 ; 300.196,16 ; 2.128.517,04 
PI;LAGOA DO PIAUI;2205581; 146.312,19 ; 160.943,41 ; 175.574,63 ; 190.205,85 ; 188.629,16 ; 200.190,00 ; 200.190,00 ; 213.536,00 ; 201.420,41 ; 203.238,20 ; 203.238,20 ; 203.238,20 ; 375.461,13 ; 2.662.177,37 
PI;LAGOA DO SITIO;2205599; 99.235,17 ; 109.158,68 ; 119.082,20 ; 129.005,72 ; 127.936,34 ; 135.777,39 ; 135.777,39 ; 144.829,22 ; 136.611,92 ; 137.844,82 ; 137.844,82 ; 137.844,82 ; 254.653,75 ; 1.805.602,24 
PI;LAGOINHA DO PIAUI;2205540; 68.690,25 ; 75.559,28 ; 82.428,30 ; 89.297,33 ; 88.557,11 ; 93.984,66 ; 93.984,66 ; 100.250,31 ; 94.562,31 ; 95.415,73 ; 95.415,73 ; 95.415,73 ; 176.270,49 ; 1.249.831,89 
PI;LANDRI SALES;2205607; 174.492,34 ; 191.941,58 ; 209.390,82 ; 226.840,05 ; 224.959,69 ; 238.747,18 ; 238.747,18 ; 254.663,66 ; 241.988,56 ; 242.597,47 ; 242.597,47 ; 242.597,47 ; 448.173,23 ; 3.177.736,72 
PI;LUIS CORREIA;2205706; 616.676,02 ; 678.343,62 ; 740.011,23 ; 801.678,83 ; 795.033,39 ; 843.759,99 ; 843.759,99 ; 900.010,66 ; 865.960,86 ; 858.669,60 ; 858.669,60 ; 858.669,60 ; 1.586.301,50 ; 11.247.544,90 
PI;LUZILANDIA;2205805; 700.662,91 ; 770.729,20 ; 840.795,49 ; 910.861,78 ; 903.311,29 ; 958.674,10 ; 958.674,10 ; 1.022.585,71 ; 972.605,06 ; 974.245,62 ; 974.245,62 ; 974.245,62 ; 1.799.816,00 ; 12.761.452,53 
PI;MADEIRO;2205854; 246.797,27 ; 271.477,00 ; 296.156,72 ; 320.836,45 ; 318.176,91 ; 337.677,57 ; 337.677,57 ; 360.189,41 ; 339.753,03 ; 342.819,24 ; 342.819,24 ; 342.819,24 ; 633.322,37 ; 4.490.522,03 
PI;MANOEL EMIDIO;2205904; 141.870,43 ; 156.057,48 ; 170.244,52 ; 184.431,56 ; 182.902,74 ; 194.112,62 ; 194.112,62 ; 207.053,46 ; 197.016,30 ; 197.275,59 ; 197.275,59 ; 197.275,59 ; 364.445,85 ; 2.584.074,36 
PI;MARCOLANDIA;2205953; 254.030,98 ; 279.434,08 ; 304.837,17 ; 330.240,27 ; 327.502,78 ; 347.575,01 ; 347.575,01 ; 370.746,68 ; 351.543,91 ; 353.089,48 ; 353.089,48 ; 353.089,48 ; 652.295,56 ; 4.625.049,87 
PI;MARCOS PARENTE;2206001; 104.826,95 ; 115.309,65 ; 125.792,35 ; 136.275,04 ; 135.145,40 ; 143.428,30 ; 143.428,30 ; 152.990,18 ; 148.807,23 ; 146.157,26 ; 146.157,26 ; 146.157,26 ; 270.010,11 ; 1.914.485,29 
PI;MASSAPE DO PIAUI;2206050; 158.767,40 ; 174.644,13 ; 190.520,87 ; 206.397,61 ; 204.686,70 ; 217.231,69 ; 217.231,69 ; 231.713,80 ; 218.566,85 ; 220.539,38 ; 220.539,38 ; 220.539,38 ; 407.423,24 ; 2.888.802,13 
PI;MATIAS OLIMPIO;2206100; 265.153,62 ; 291.668,99 ; 318.184,35 ; 344.699,71 ; 341.842,36 ; 362.793,45 ; 362.793,45 ; 386.979,68 ; 365.023,27 ; 368.317,54 ; 368.317,54 ; 368.317,54 ; 680.427,79 ; 4.824.519,27 
PI;MIGUEL ALVES;2206209; 1.270.095,29 ; 1.397.104,83 ; 1.524.114,36 ; 1.651.123,89 ; 1.637.437,07 ; 1.737.793,53 ; 1.737.793,53 ; 1.853.646,43 ; 1.748.474,46 ; 1.764.254,12 ; 1.764.254,12 ; 1.764.254,12 ; 3.259.273,36 ; 23.109.619,09 
PI;MIGUEL LEAO;2206308; 39.507,55 ; 43.458,31 ; 47.409,06 ; 51.359,82 ; 50.934,08 ; 54.055,76 ; 54.055,76 ; 57.659,48 ; 54.388,00 ; 54.878,84 ; 54.878,84 ; 54.878,84 ; 101.382,87 ; 718.847,23 
PI;MILTON BRANDAO;2206357; 118.301,29 ; 130.131,43 ; 141.961,56 ; 153.791,68 ; 152.516,84 ; 161.864,41 ; 161.864,41 ; 172.655,37 ; 163.639,89 ; 164.423,65 ; 164.423,65 ; 164.423,65 ; 303.755,35 ; 2.153.753,18 
PI;MONSENHOR GIL;2206407; 308.870,06 ; 339.757,07 ; 370.644,08 ; 401.531,09 ; 398.202,64 ; 422.607,97 ; 422.607,97 ; 450.781,84 ; 425.205,43 ; 429.042,84 ; 429.042,84 ; 429.042,84 ; 792.611,37 ; 5.619.948,04 
PI;MONSENHOR HIPOLITO;2206506; 230.775,62 ; 253.853,18 ; 276.930,75 ; 300.008,31 ; 297.521,43 ; 315.756,14 ; 315.756,14 ; 336.806,54 ; 317.696,85 ; 320.564,01 ; 320.564,01 ; 320.564,01 ; 592.208,19 ; 4.199.005,18 
PI;MONTE ALEGRE DO PIAUI;2206605; 281.144,69 ; 309.259,15 ; 337.373,62 ; 365.488,09 ; 362.458,41 ; 384.673,04 ; 384.673,04 ; 410.317,91 ; 387.037,34 ; 390.530,28 ; 390.530,28 ; 390.530,28 ; 721.463,49 ; 5.115.479,61 
PI;MORRO CABECA NO TEMPO;2206654; 156.838,50 ; 172.522,35 ; 188.206,20 ; 203.890,05 ; 202.199,93 ; 214.592,51 ; 214.592,51 ; 228.898,67 ; 215.911,44 ; 217.860,01 ; 217.860,01 ; 217.860,01 ; 402.473,38 ; 2.853.705,58 
PI;MORRO DO CHAPEU DO PIAUI;2206670; 231.099,71 ; 254.209,69 ; 277.319,66 ; 300.429,63 ; 297.939,26 ; 316.199,58 ; 316.199,58 ; 337.279,55 ; 322.267,18 ; 321.514,02 ; 321.514,02 ; 321.514,02 ; 593.963,22 ; 4.211.449,10 
PI;MURICI DOS PORTELAS;2206696; 210.455,83 ; 231.501,42 ; 252.547,00 ; 273.592,58 ; 271.324,67 ; 287.953,81 ; 287.953,81 ; 307.150,73 ; 293.650,86 ; 292.814,30 ; 292.814,30 ; 292.814,30 ; 540.943,53 ; 3.835.517,15 
PI;NAZARE DO PIAUI;2206704; 131.726,97 ; 144.899,68 ; 158.072,37 ; 171.245,07 ; 169.825,56 ; 180.233,95 ; 180.233,95 ; 192.249,54 ; 186.903,71 ; 183.652,35 ; 183.652,35 ; 183.652,35 ; 339.278,35 ; 2.405.626,21 
PI;NAZARIA;2206720; 226.427,60 ; 249.070,35 ; 271.713,11 ; 294.355,87 ; 291.915,84 ; 309.807,00 ; 309.807,00 ; 330.460,79 ; 316.079,84 ; 315.053,73 ; 315.053,73 ; 315.053,73 ; 582.028,53 ; 4.126.827,14 
PI;NOSSA SENHORA DE NAZARE;2206753; 234.868,34 ; 258.355,17 ; 281.842,01 ; 305.328,84 ; 302.797,85 ; 321.355,95 ; 321.355,95 ; 342.779,68 ; 323.331,09 ; 326.249,09 ; 326.249,09 ; 326.249,09 ; 602.710,78 ; 4.273.472,93 
PI;NOSSA SENHORA DOS REMEDIOS;2206803; 433.972,62 ; 477.369,88 ; 520.767,15 ; 564.164,41 ; 559.487,83 ; 593.778,13 ; 593.778,13 ; 633.363,34 ; 597.427,65 ; 602.819,32 ; 602.819,32 ; 602.819,32 ; 1.113.645,10 ; 7.896.212,22 
PI;NOVA SANTA RITA;2207959; 94.846,85 ; 104.331,53 ; 113.816,21 ; 123.300,90 ; 122.278,81 ; 129.773,12 ; 129.773,12 ; 138.424,67 ; 130.570,75 ; 131.749,12 ; 131.749,12 ; 131.749,12 ; 243.392,60 ; 1.725.755,92 
PI;NOVO ORIENTE DO PIAUI;2206902; 105.856,92 ; 116.442,61 ; 127.028,31 ; 137.614,00 ; 136.473,26 ; 144.837,54 ; 144.837,54 ; 154.493,37 ; 145.727,75 ; 147.042,91 ; 147.042,91 ; 147.042,91 ; 271.646,27 ; 1.926.086,30 
PI;NOVO SANTO ANTONIO;2206951; 91.825,50 ; 101.008,04 ; 110.190,59 ; 119.373,14 ; 118.383,61 ; 125.639,19 ; 125.639,19 ; 134.015,14 ; 128.345,59 ; 127.786,65 ; 127.786,65 ; 127.786,65 ; 236.072,36 ; 1.673.852,30 
PI;OEIRAS;2207009; 701.673,47 ; 771.840,82 ; 842.008,17 ; 912.175,52 ; 904.614,14 ; 960.056,80 ; 960.056,80 ; 1.024.060,58 ; 990.939,70 ; 977.702,77 ; 977.702,77 ; 977.702,77 ; 1.806.202,72 ; 12.806.737,06 
PI;OLHO DAGUA DO PIAUI;2207108; 69.061,13 ; 75.967,25 ; 82.873,36 ; 89.779,47 ; 89.035,26 ; 94.492,12 ; 94.492,12 ; 100.791,59 ; 96.043,35 ; 96.048,52 ; 96.048,52 ; 96.048,52 ; 177.439,50 ; 1.258.120,69 
PI;PADRE MARCOS;2207207; 195.988,87 ; 215.587,76 ; 235.186,65 ; 254.785,53 ; 252.673,52 ; 268.159,56 ; 268.159,56 ; 286.036,86 ; 270.839,65 ; 272.367,76 ; 272.367,76 ; 272.367,76 ; 503.170,70 ; 3.567.691,93 
PI;PAES LANDIM;2207306; 105.800,27 ; 116.380,29 ; 126.960,32 ; 137.540,35 ; 136.400,22 ; 144.760,02 ; 144.760,02 ; 154.410,69 ; 146.937,47 ; 147.120,27 ; 147.120,27 ; 147.120,27 ; 271.789,19 ; 1.927.099,66 
PI;PAJEU DO PIAUI;2207355; 61.391,78 ; 67.530,95 ; 73.670,13 ; 79.809,31 ; 79.147,73 ; 83.998,60 ; 83.998,60 ; 89.598,51 ; 84.761,91 ; 85.307,55 ; 85.307,55 ; 85.307,55 ; 157.596,69 ; 1.117.426,84 
PI;PALMEIRA DO PIAUI;2207405; 153.518,58 ; 168.870,45 ; 184.222,30 ; 199.574,16 ; 197.919,81 ; 210.050,07 ; 210.050,07 ; 224.053,41 ; 211.341,10 ; 213.248,41 ; 213.248,41 ; 213.248,41 ; 393.953,94 ; 2.793.299,12 
PI;PALMEIRAIS;2207504; 359.341,42 ; 395.275,55 ; 431.209,69 ; 467.143,84 ; 463.271,49 ; 491.664,82 ; 491.664,82 ; 524.442,48 ; 501.262,51 ; 499.948,11 ; 499.948,11 ; 499.948,11 ; 923.601,39 ; 6.548.722,34 
PI;PAQUETA;2207553; 152.515,29 ; 167.766,82 ; 183.018,35 ; 198.269,88 ; 196.626,34 ; 208.677,32 ; 208.677,32 ; 222.589,14 ; 209.959,90 ; 211.854,76 ; 211.854,76 ; 211.854,76 ; 391.379,31 ; 2.775.043,93 
PI;PARNAGUA;2207603; 236.734,24 ; 260.407,67 ; 284.081,10 ; 307.754,52 ; 305.203,43 ; 323.908,96 ; 323.908,96 ; 345.502,89 ; 325.899,79 ; 328.840,97 ; 328.840,97 ; 328.840,97 ; 607.499,00 ; 4.307.423,48 
PI;PARNAIBA;2207702; 2.283.723,92 ; 2.512.096,31 ; 2.740.468,70 ; 2.968.841,09 ; 2.944.231,19 ; 3.124.679,42 ; 3.124.679,42 ; 3.332.991,38 ; 3.174.641,05 ; 3.175.984,93 ; 3.175.984,93 ; 3.175.984,93 ; 5.867.297,08 ; 41.601.604,37 
PI;PASSAGEM FRANCA DO PIAUI;2207751; 157.768,81 ; 173.545,69 ; 189.322,57 ; 205.099,45 ; 203.399,30 ; 215.865,39 ; 215.865,39 ; 230.256,42 ; 218.825,32 ; 219.350,20 ; 219.350,20 ; 219.350,20 ; 405.226,35 ; 2.873.225,30 
PI;PATOS DO PIAUI;2207777; 164.080,68 ; 180.488,74 ; 196.896,81 ; 213.304,88 ; 211.536,72 ; 224.501,53 ; 224.501,53 ; 239.468,30 ; 225.881,37 ; 227.919,91 ; 227.919,91 ; 227.919,91 ; 421.057,99 ; 2.985.478,29 
PI;PAU DARCO DO PIAUI;2207793; 89.104,88 ; 98.015,37 ; 106.925,86 ; 115.836,34 ; 114.876,14 ; 121.916,75 ; 121.916,75 ; 130.044,53 ; 122.666,07 ; 123.773,12 ; 123.773,12 ; 123.773,12 ; 228.657,77 ; 1.621.279,80 
PI;PAULISTANA;2207801; 486.146,46 ; 534.761,10 ; 583.375,75 ; 631.990,39 ; 626.751,58 ; 665.164,39 ; 665.164,39 ; 709.508,69 ; 674.656,42 ; 675.947,44 ; 675.947,44 ; 675.947,44 ; 1.248.741,58 ; 8.854.103,08 
PI;PAVUSSU;2207850; 94.351,19 ; 103.786,32 ; 113.221,44 ; 122.656,56 ; 121.639,81 ; 129.094,96 ; 129.094,96 ; 137.701,29 ; 129.888,41 ; 131.060,63 ; 131.060,63 ; 131.060,63 ; 242.120,69 ; 1.716.737,51 
PI;PEDRO II;2207900; 746.893,37 ; 821.582,70 ; 896.272,04 ; 970.961,37 ; 962.912,69 ; 1.021.928,40 ; 1.021.928,40 ; 1.090.056,96 ; 1.035.706,23 ; 1.038.397,39 ; 1.038.397,39 ; 1.038.397,39 ; 1.918.329,62 ; 13.601.763,95 
PI;PEDRO LAURENTINO;2207934; 49.721,45 ; 54.693,60 ; 59.665,75 ; 64.637,89 ; 64.102,08 ; 68.030,82 ; 68.030,82 ; 72.566,21 ; 68.448,96 ; 69.066,69 ; 69.066,69 ; 69.066,69 ; 127.593,43 ; 904.691,10 
PI;PICOS;2208007; 1.140.101,97 ; 1.254.112,17 ; 1.368.122,37 ; 1.482.132,57 ; 1.469.846,59 ; 1.559.931,63 ; 1.559.931,63 ; 1.663.927,07 ; 1.570.669,90 ; 1.583.823,44 ; 1.583.823,44 ; 1.583.823,44 ; 2.925.946,71 ; 20.746.192,94 
PI;PIMENTEIRAS;2208106; 195.716,66 ; 215.288,33 ; 234.859,99 ; 254.431,66 ; 252.322,57 ; 267.787,11 ; 267.787,11 ; 285.639,58 ; 272.386,27 ; 272.222,49 ; 272.222,49 ; 272.222,49 ; 502.902,33 ; 3.565.789,08 
PI;PIO IX;2208205; 400.341,29 ; 440.375,42 ; 480.409,55 ; 520.443,68 ; 516.129,52 ; 547.762,45 ; 547.762,45 ; 584.279,94 ; 553.251,33 ; 556.360,17 ; 556.360,17 ; 556.360,17 ; 1.027.816,71 ; 7.287.652,85 
PI;PIRACURUCA;2208304; 593.837,26 ; 653.220,98 ; 712.604,70 ; 771.988,43 ; 765.589,11 ; 812.511,10 ; 812.511,10 ; 866.678,51 ; 834.033,47 ; 826.885,95 ; 826.885,95 ; 826.885,95 ; 1.527.584,55 ; 10.831.217,06 
PI;PIRIPIRI;2208403; 1.375.602,57 ; 1.513.162,82 ; 1.650.723,08 ; 1.788.283,34 ; 1.773.459,54 ; 1.882.152,66 ; 1.882.152,66 ; 2.007.629,50 ; 1.930.677,53 ; 1.915.290,18 ; 1.915.290,18 ; 1.915.290,18 ; 3.538.296,53 ; 25.088.010,75 
PI;PORTO;2208502; 539.430,61 ; 593.373,66 ; 647.316,72 ; 701.259,78 ; 695.446,76 ; 738.069,82 ; 738.069,82 ; 787.274,48 ; 750.575,33 ; 750.273,87 ; 750.273,87 ; 750.273,87 ; 1.386.051,82 ; 9.827.690,42 
PI;PORTO ALEGRE DO PIAUI;2208551; 69.524,06 ; 76.476,46 ; 83.428,86 ; 90.381,27 ; 89.632,06 ; 95.125,50 ; 95.125,50 ; 101.467,20 ; 95.710,16 ; 96.573,93 ; 96.573,93 ; 96.573,93 ; 178.410,15 ; 1.265.003,01 
PI;PRATA DO PIAUI;2208601; 79.738,16 ; 87.711,98 ; 95.685,80 ; 103.659,61 ; 102.800,34 ; 109.100,84 ; 109.100,84 ; 116.374,23 ; 111.015,98 ; 110.912,90 ; 110.912,90 ; 110.912,90 ; 204.899,89 ; 1.452.826,38 
PI;QUEIMADA NOVA;2208650; 236.332,82 ; 259.966,10 ; 283.599,39 ; 307.232,67 ; 304.685,90 ; 323.359,71 ; 323.359,71 ; 344.917,03 ; 325.347,15 ; 328.283,36 ; 328.283,36 ; 328.283,36 ; 606.468,88 ; 4.300.119,46 
PI;REDENCAO DO GURGUEIA;2208700; 253.175,70 ; 278.493,27 ; 303.810,84 ; 329.128,41 ; 326.400,13 ; 346.404,79 ; 346.404,79 ; 369.498,44 ; 349.306,14 ; 351.772,93 ; 351.772,93 ; 351.772,93 ; 649.863,37 ; 4.607.804,67 
PI;REGENERACAO;2208809; 494.144,49 ; 543.558,94 ; 592.973,39 ; 642.387,84 ; 637.062,83 ; 676.107,61 ; 676.107,61 ; 721.181,45 ; 693.136,14 ; 687.962,49 ; 687.962,49 ; 687.962,49 ; 1.270.938,12 ; 9.011.485,91 
PI;RIACHO FRIO;2208858; 227.126,86 ; 249.839,55 ; 272.552,23 ; 295.264,92 ; 292.817,35 ; 310.763,76 ; 310.763,76 ; 331.481,34 ; 312.673,79 ; 315.495,62 ; 315.495,62 ; 315.495,62 ; 582.844,87 ; 4.132.615,27 
PI;RIBEIRA DO PIAUI;2208874; 103.415,76 ; 113.757,33 ; 124.098,90 ; 134.440,48 ; 133.326,04 ; 141.497,43 ; 141.497,43 ; 150.930,60 ; 142.474,91 ; 143.665,01 ; 143.665,01 ; 143.665,01 ; 265.405,96 ; 1.881.839,88 
PI;RIBEIRO GONCALVES;2208908; 176.770,53 ; 194.447,58 ; 212.124,64 ; 229.801,69 ; 227.896,78 ; 241.864,28 ; 241.864,28 ; 257.988,56 ; 243.350,84 ; 245.547,04 ; 245.547,04 ; 245.547,04 ; 453.622,24 ; 3.216.372,51 
PI;RIO GRANDE DO PIAUI;2209005; 136.757,66 ; 150.433,43 ; 164.109,19 ; 177.784,96 ; 176.311,23 ; 187.117,12 ; 187.117,12 ; 199.591,60 ; 188.267,19 ; 189.966,27 ; 189.966,27 ; 189.966,27 ; 350.942,65 ; 2.488.330,98 
PI;SANTA CRUZ DO PIAUI;2209104; 165.520,51 ; 182.072,55 ; 198.624,60 ; 215.176,65 ; 212.753,07 ; 226.322,89 ; 226.322,89 ; 241.411,08 ; 229.013,46 ; 229.926,50 ; 229.926,50 ; 229.926,50 ; 424.764,95 ; 3.011.762,16 
PI;SANTA CRUZ DOS MILAGRES;2209153; 84.314,61 ; 92.746,06 ; 101.177,52 ; 109.608,98 ; 108.700,39 ; 115.362,50 ; 115.362,50 ; 123.053,34 ; 116.071,55 ; 117.119,08 ; 117.119,08 ; 117.119,08 ; 216.365,14 ; 1.534.119,83 
PI;SANTA FILOMENA;2209203; 146.536,37 ; 161.190,00 ; 175.843,64 ; 190.497,28 ; 188.918,17 ; 200.496,73 ; 200.496,73 ; 213.863,18 ; 202.052,51 ; 203.588,80 ; 203.588,80 ; 203.588,80 ; 376.108,83 ; 2.666.769,85 
PI;SANTA LUZ;2209302; 146.804,06 ; 161.484,47 ; 176.164,88 ; 190.845,28 ; 189.263,30 ; 200.863,00 ; 200.863,00 ; 214.253,87 ; 202.205,22 ; 203.934,50 ; 203.934,50 ; 203.934,50 ; 376.747,47 ; 2.671.298,02 
PI;SANTA ROSA DO PIAUI;2209377; 114.339,03 ; 125.772,93 ; 137.206,83 ; 148.640,74 ; 147.408,59 ; 156.443,08 ; 156.443,08 ; 166.872,62 ; 159.499,73 ; 159.079,08 ; 159.079,08 ; 159.079,08 ; 293.881,82 ; 2.083.745,69 
PI;SANTANA DO PIAUI;2209351; 101.064,55 ; 111.171,01 ; 121.277,46 ; 131.383,92 ; 130.294,83 ; 138.280,43 ; 138.280,43 ; 147.499,13 ; 139.130,33 ; 140.385,96 ; 140.385,96 ; 140.385,96 ; 259.348,26 ; 1.838.888,24 
PI;SANTO ANTONIO DE LISBOA;2209401; 98.878,42 ; 108.766,25 ; 118.654,09 ; 128.541,93 ; 127.476,40 ; 135.289,27 ; 135.289,27 ; 144.308,55 ; 139.788,26 ; 137.793,72 ; 137.793,72 ; 137.793,72 ; 254.559,36 ; 1.804.932,96 
PI;SANTO ANTONIO DOS MILAGRES;2209450; 64.241,03 ; 70.665,13 ; 77.089,24 ; 83.513,34 ; 82.821,07 ; 87.897,06 ; 87.897,06 ; 93.756,87 ; 88.437,29 ; 89.235,43 ; 89.235,43 ; 89.235,43 ; 164.853,04 ; 1.168.877,43 
PI;SANTO INACIO DO PIAUI;2209500; 109.237,91 ; 120.161,70 ; 131.085,49 ; 142.009,28 ; 140.832,11 ; 149.463,53 ; 149.463,53 ; 159.427,77 ; 150.382,18 ; 151.739,35 ; 151.739,35 ; 151.739,35 ; 280.322,43 ; 1.987.603,97 
PI;SAO BRAZ DO PIAUI;2209559; 122.509,25 ; 134.760,18 ; 147.011,10 ; 159.262,03 ; 157.941,85 ; 167.621,90 ; 167.621,90 ; 178.796,69 ; 168.652,15 ; 170.174,20 ; 170.174,20 ; 170.174,20 ; 314.378,88 ; 2.229.078,52 
PI;SAO FELIX DO PIAUI;2209609; 75.992,94 ; 83.592,24 ; 91.191,53 ; 98.790,83 ; 97.971,91 ; 103.976,49 ; 103.976,49 ; 110.908,25 ; 104.615,55 ; 105.559,69 ; 105.559,69 ; 105.559,69 ; 195.010,39 ; 1.382.705,67 
PI;SAO FRANCISCO DE ASSIS DO PIAUI;2209658; 152.778,79 ; 168.056,67 ; 183.334,55 ; 198.612,43 ; 196.966,06 ; 209.037,85 ; 209.037,85 ; 222.973,71 ; 210.322,65 ; 212.220,78 ; 212.220,78 ; 212.220,78 ; 392.055,49 ; 2.779.838,36 
PI;SAO FRANCISCO DO PIAUI;2209708; 117.709,82 ; 129.480,81 ; 141.251,79 ; 153.022,77 ; 151.754,31 ; 161.055,14 ; 161.055,14 ; 171.792,15 ; 162.045,02 ; 163.507,45 ; 163.507,45 ; 163.507,45 ; 302.062,77 ; 2.141.752,08 
PI;SAO GONCALO DO GURGUEIA;2209757; 93.066,06 ; 102.372,66 ; 111.679,27 ; 120.985,87 ; 119.982,97 ; 127.336,58 ; 127.336,58 ; 135.825,68 ; 128.119,22 ; 129.275,47 ; 129.275,47 ; 129.275,47 ; 238.822,80 ; 1.693.354,11 
PI;SAO GONCALO DO PIAUI;2209807; 98.793,48 ; 108.672,82 ; 118.552,17 ; 128.431,52 ; 127.366,90 ; 135.173,06 ; 135.173,06 ; 144.184,59 ; 137.185,53 ; 137.374,48 ; 137.374,48 ; 137.374,48 ; 253.784,87 ; 1.799.441,46 
PI;SAO JOAO DA CANABRAVA;2209856; 152.806,65 ; 168.087,31 ; 183.367,98 ; 198.648,64 ; 197.001,97 ; 209.075,97 ; 209.075,97 ; 223.014,37 ; 215.551,72 ; 212.888,54 ; 212.888,54 ; 212.888,54 ; 393.289,13 ; 2.788.585,33 
PI;SAO JOAO DA FRONTEIRA;2209872; 170.872,62 ; 187.959,88 ; 205.047,15 ; 222.134,41 ; 220.293,05 ; 233.794,53 ; 233.794,53 ; 249.380,84 ; 235.231,49 ; 237.354,42 ; 237.354,42 ; 237.354,42 ; 438.487,24 ; 3.109.059,00 
PI;SAO JOAO DA SERRA;2209906; 106.776,80 ; 117.454,48 ; 128.132,16 ; 138.809,84 ; 137.659,20 ; 146.096,15 ; 146.096,15 ; 155.835,90 ; 146.994,09 ; 148.320,69 ; 148.320,69 ; 148.320,69 ; 274.006,83 ; 1.942.823,68 
PI;SAO JOAO DA VARJOTA;2209955; 154.342,37 ; 169.776,61 ; 185.210,85 ; 200.645,08 ; 198.981,86 ; 211.177,20 ; 211.177,20 ; 225.255,68 ; 214.018,87 ; 214.579,79 ; 214.579,79 ; 214.579,79 ; 396.413,52 ; 2.810.738,63 
PI;SAO JOAO DO ARRAIAL;2209971; 306.128,79 ; 336.741,67 ; 367.354,55 ; 397.967,43 ; 394.668,52 ; 418.857,25 ; 418.857,25 ; 446.781,07 ; 421.431,65 ; 425.235,00 ; 425.235,00 ; 425.235,00 ; 785.576,80 ; 5.570.069,99 
PI;SAO JOAO DO PIAUI;2210003; 525.951,29 ; 578.546,42 ; 631.141,55 ; 683.736,68 ; 678.068,91 ; 719.626,90 ; 719.626,90 ; 767.602,03 ; 725.503,21 ; 730.760,46 ; 730.760,46 ; 730.760,46 ; 1.350.002,86 ; 9.572.088,14 
PI;SAO JOSE DO DIVINO;2210052; 128.726,80 ; 141.599,48 ; 154.472,16 ; 167.344,84 ; 165.957,66 ; 176.128,99 ; 176.128,99 ; 187.870,93 ; 179.686,65 ; 179.110,79 ; 179.110,79 ; 179.110,79 ; 330.888,29 ; 2.346.137,19 
PI;SAO JOSE DO PEIXE;2210102; 78.597,70 ; 86.457,47 ; 94.317,24 ; 102.177,01 ; 101.330,02 ; 107.540,41 ; 107.540,41 ; 114.709,77 ; 108.201,39 ; 109.177,88 ; 109.177,88 ; 109.177,88 ; 201.694,62 ; 1.430.099,69 
PI;SAO JOSE DO PIAUI;2210201; 110.009,11 ; 121.010,01 ; 132.010,92 ; 143.011,84 ; 141.826,36 ; 150.518,71 ; 150.518,71 ; 160.553,29 ; 152.214,16 ; 152.903,95 ; 152.903,95 ; 152.903,95 ; 282.473,91 ; 2.002.858,87 
PI;SAO JULIAO;2210300; 195.078,66 ; 214.586,52 ; 234.094,39 ; 253.602,25 ; 251.500,04 ; 266.914,16 ; 266.914,16 ; 284.708,44 ; 268.554,68 ; 270.978,35 ; 270.978,35 ; 270.978,35 ; 500.603,90 ; 3.549.492,25 
PI;SAO LOURENCO DO PIAUI;2210359; 102.437,36 ; 112.681,09 ; 122.924,83 ; 133.168,56 ; 132.064,68 ; 140.158,76 ; 140.158,76 ; 149.502,67 ; 142.421,17 ; 142.462,67 ; 142.462,67 ; 142.462,67 ; 263.184,76 ; 1.866.090,66 
PI;SAO LUIS DO PIAUI;2210375; 63.517,18 ; 69.868,91 ; 76.220,62 ; 82.572,34 ; 81.887,87 ; 86.906,67 ; 86.906,67 ; 92.700,45 ; 87.440,82 ; 88.229,96 ; 88.229,96 ; 88.229,96 ; 162.995,55 ; 1.155.706,98 
PI;SAO MIGUEL DA BAIXA GRANDE;2210383; 53.780,00 ; 59.158,00 ; 64.536,00 ; 69.914,01 ; 69.334,46 ; 73.583,88 ; 73.583,88 ; 78.489,47 ; 74.036,15 ; 74.704,31 ; 74.704,31 ; 74.704,31 ; 138.008,33 ; 978.537,13 
PI;SAO MIGUEL DO FIDALGO;2210391; 80.951,56 ; 89.046,72 ; 97.141,87 ; 105.237,03 ; 104.364,69 ; 110.761,06 ; 110.761,06 ; 118.145,13 ; 111.441,82 ; 112.447,57 ; 112.447,57 ; 112.447,57 ; 207.735,01 ; 1.472.928,64 
PI;SAO MIGUEL DO TAPUIO;2210409; 571.141,92 ; 628.256,10 ; 685.370,30 ; 742.484,49 ; 736.329,74 ; 781.458,46 ; 781.458,46 ; 833.555,69 ; 786.261,50 ; 793.357,38 ; 793.357,38 ; 793.357,38 ; 1.465.644,05 ; 10.392.032,86 
PI;SAO PEDRO DO PIAUI;2210508; 407.721,06 ; 448.493,17 ; 489.265,27 ; 530.037,38 ; 525.643,69 ; 557.859,73 ; 557.859,73 ; 595.050,38 ; 561.288,47 ; 566.354,01 ; 566.354,01 ; 566.354,01 ; 1.046.279,28 ; 7.418.560,20 
PI;SAO RAIMUNDO NONATO;2210607; 814.698,96 ; 896.168,86 ; 977.638,75 ; 1.059.108,65 ; 1.050.329,29 ; 1.114.702,64 ; 1.114.702,64 ; 1.189.016,15 ; 1.126.144,86 ; 1.132.232,10 ; 1.132.232,10 ; 1.132.232,10 ; 2.091.679,35 ; 14.830.886,46 
PI;SEBASTIAO BARROS;2210623; 125.601,74 ; 138.161,91 ; 150.722,08 ; 163.282,25 ; 161.928,74 ; 171.853,15 ; 171.853,15 ; 183.310,03 ; 172.909,40 ; 174.469,88 ; 174.469,88 ; 174.469,88 ; 322.314,70 ; 2.285.346,81 
PI;SEBASTIAO LEAL;2210631; 108.824,24 ; 119.706,66 ; 130.589,09 ; 141.471,51 ; 140.298,79 ; 148.897,53 ; 148.897,53 ; 158.824,04 ; 149.919,94 ; 151.177,73 ; 151.177,73 ; 151.177,73 ; 279.284,90 ; 1.980.247,42 
PI;SIGEFREDO PACHECO;2210656; 169.202,54 ; 186.122,79 ; 203.043,05 ; 219.963,30 ; 218.139,94 ; 231.509,46 ; 231.509,46 ; 246.943,43 ; 239.244,48 ; 235.799,52 ; 235.799,52 ; 235.799,52 ; 435.614,74 ; 3.088.691,77 
PI;SIMOES;2210706; 435.134,27 ; 478.647,70 ; 522.161,13 ; 565.674,56 ; 560.985,46 ; 595.367,55 ; 595.367,55 ; 635.058,72 ; 610.094,53 ; 605.774,25 ; 605.774,25 ; 605.774,25 ; 1.119.104,02 ; 7.934.918,25 
PI;SIMPLICIO MENDES;2210805; 314.379,00 ; 345.816,90 ; 377.254,80 ; 408.692,70 ; 405.304,88 ; 430.145,51 ; 430.145,51 ; 458.821,88 ; 432.789,30 ; 436.695,14 ; 436.695,14 ; 436.695,14 ; 806.748,20 ; 5.720.184,11 
PI;SOCORRO DO PIAUI;2210904; 131.467,43 ; 144.614,18 ; 157.760,92 ; 170.907,67 ; 169.490,95 ; 179.878,83 ; 179.878,83 ; 191.870,75 ; 180.984,41 ; 182.617,77 ; 182.617,77 ; 182.617,77 ; 337.367,06 ; 2.392.074,33 
PI;SUSSUAPARA;2210938; 151.834,25 ; 167.017,68 ; 182.201,10 ; 197.384,53 ; 195.748,34 ; 207.745,50 ; 207.745,50 ; 221.595,20 ; 209.022,35 ; 210.908,75 ; 210.908,75 ; 210.908,75 ; 389.631,66 ; 2.762.652,33 
PI;TAMBORIL DO PIAUI;2210953; 92.521,05 ; 101.773,15 ; 111.025,25 ; 120.277,36 ; 119.280,33 ; 126.590,87 ; 126.590,87 ; 135.030,26 ; 127.368,93 ; 128.518,41 ; 128.518,41 ; 128.518,41 ; 237.424,21 ; 1.683.437,53 
PI;TANQUE DO PIAUI;2210979; 65.033,29 ; 71.536,62 ; 78.039,95 ; 84.543,28 ; 83.842,47 ; 88.981,06 ; 88.981,06 ; 94.913,13 ; 91.887,69 ; 90.621,92 ; 90.621,92 ; 90.621,92 ; 167.414,43 ; 1.187.038,72 
PI;TERESINA;2211001; 10.238.670,88 ; 11.262.537,97 ; 12.286.405,06 ; 13.310.272,15 ; 13.184.598,59 ; 14.005.381,84 ; 14.005.381,84 ; 14.939.073,96 ; 14.311.988,93 ; 14.245.361,38 ; 14.245.361,38 ; 14.245.361,38 ; 26.316.802,19 ; 186.597.197,56 
PI;UNIAO;2211100; 1.176.349,46 ; 1.293.984,41 ; 1.411.619,35 ; 1.529.254,30 ; 1.516.577,71 ; 1.609.526,85 ; 1.609.526,85 ; 1.716.828,64 ; 1.619.419,42 ; 1.634.034,39 ; 1.634.034,39 ; 1.634.034,39 ; 3.018.706,13 ; 21.403.896,28 
PI;URUCUI;2211209; 453.135,40 ; 498.448,95 ; 543.762,49 ; 589.076,03 ; 584.192,95 ; 619.997,40 ; 619.997,40 ; 661.330,56 ; 634.263,95 ; 630.704,98 ; 630.704,98 ; 630.704,98 ; 1.165.160,91 ; 8.261.480,98 
PI;VALENCA DO PIAUI;2211308; 433.347,13 ; 476.681,84 ; 520.016,55 ; 563.351,26 ; 558.681,42 ; 592.922,30 ; 592.922,30 ; 632.450,46 ; 610.397,70 ; 603.626,68 ; 603.626,68 ; 603.626,68 ; 1.115.136,61 ; 7.906.787,61 
PI;VARZEA BRANCA;2211357; 146.986,90 ; 161.685,59 ; 176.384,28 ; 191.082,97 ; 189.499,00 ; 201.113,16 ; 201.113,16 ; 214.520,70 ; 202.349,26 ; 204.175,42 ; 204.175,42 ; 204.175,42 ; 377.192,54 ; 2.674.453,81 
PI;VARZEA GRANDE;2211407; 140.501,65 ; 154.551,82 ; 168.601,98 ; 182.652,15 ; 181.138,07 ; 192.239,80 ; 192.239,80 ; 205.055,78 ; 193.421,35 ; 195.166,95 ; 195.166,95 ; 195.166,95 ; 360.550,34 ; 2.556.453,59 
PI;VERA MENDES;2211506; 129.975,26 ; 142.972,79 ; 155.970,31 ; 168.967,84 ; 167.567,19 ; 177.837,18 ; 177.837,18 ; 189.692,99 ; 180.278,71 ; 180.708,45 ; 180.708,45 ; 180.708,45 ; 333.839,80 ; 2.367.064,63 
PI;VILA NOVA DO PIAUI;2211605; 153.768,37 ; 169.145,21 ; 184.522,05 ; 199.898,88 ; 198.241,85 ; 210.391,83 ; 210.391,83 ; 224.417,96 ; 211.684,96 ; 213.595,38 ; 213.595,38 ; 213.595,38 ; 394.594,92 ; 2.797.843,99 
PI;WALL FERRAZ;2211704; 202.900,53 ; 223.190,58 ; 243.480,63 ; 263.770,69 ; 261.584,19 ; 277.616,35 ; 277.616,35 ; 296.124,11 ; 310.552,87 ; 285.628,33 ; 285.628,33 ; 285.628,33 ; 527.668,20 ; 3.741.389,46 
PI;PIAUÍ;22; 38.196.117,83 ; 42.015.729,62 ; 45.835.341,40 ; 49.654.953,19 ; 49.341.600,40 ; 52.284.234,16 ; 52.284.234,16 ; 55.769.849,77 ; 53.277.165,20 ; 53.161.732,20 ; 53.161.732,20 ; 53.161.732,20 ; 98.210.691,38 ; 696.355.113,73 
RJ;ANGRA DOS REIS;3300100; 38.725,67 ; 42.598,24 ; 46.470,81 ; 50.343,38 ;-178.138,10 ; -   ; -   ; -   ; -   ; -   ; -   ; -   ; -   ; -   
RJ;APERIBE;3300159; 1.729,11 ; 1.902,02 ; 2.074,93 ; 2.247,84 ;-7.953,91 ; -   ; -   ; -   ; -   ; -   ; -   ; -   ; -   ; -   
RJ;ARARUAMA;3300209; 32.262,09 ; 35.488,30 ; 38.714,51 ; 41.940,72 ;-148.405,63 ; -   ; -   ; -   ; -   ; -   ; -   ; -   ; -   ; -   
RJ;AREAL;3300225; 2.905,58 ; 3.196,13 ; 3.486,69 ; 3.777,25 ;-13.365,64 ; -   ; -   ; -   ; -   ; -   ; -   ; -   ; -   ; -   
RJ;ARMACAO DOS BUZIOS;3300233; 14.692,86 ; 16.162,14 ; 17.631,42 ; 19.100,71 ;-67.587,12 ; -   ; -   ; -   ; -   ; -   ; -   ; -   ; -   ; -   
RJ;ARRAIAL DO CABO;3300258; 9.183,86 ; 10.102,25 ; 11.020,63 ; 11.939,02 ;-42.245,76 ; -   ; -   ; -   ; -   ; -   ; -   ; -   ; -   ; -   
RJ;BARRA DO PIRAI;3300308; 10.583,21 ; 11.641,53 ; 12.699,85 ; 13.758,17 ;-48.682,76 ; -   ; -   ; -   ; -   ; -   ; -   ; -   ; -   ; -   
RJ;BARRA MANSA;3300407; 24.228,62 ; 26.651,49 ; 29.074,35 ; 31.497,22 ;-111.451,68 ; -   ; -   ; -   ; -   ; -   ; -   ; -   ; -   ; -   
RJ;BELFORD ROXO;3300456; 60.265,79 ; 66.292,37 ; 72.318,95 ; 78.345,53 ;-277.222,65 ; -   ; -   ; -   ; -   ; -   ; -   ; -   ; -   ; -   
RJ;BOM JARDIM;3300506; 3.902,96 ; 4.293,25 ; 4.683,55 ; 5.073,84 ;-17.953,60 ; -   ; -   ; -   ; -   ; -   ; -   ; -   ; -   ; -   
RJ;BOM JESUS DO ITABAPOANA;3300605; 6.485,81 ; 7.134,39 ; 7.782,97 ; 8.431,55 ;-29.834,72 ; -   ; -   ; -   ; -   ; -   ; -   ; -   ; -   ; -   
RJ;CABO FRIO;3300704; 44.428,72 ; 48.871,60 ; 53.314,47 ; 57.757,34 ;-204.372,14 ; -   ; -   ; -   ; -   ; -   ; -   ; -   ; -   ; -   
RJ;CACHOEIRAS DE MACACU;3300803; 10.451,24 ; 11.496,37 ; 12.541,50 ; 13.586,62 ;-48.075,73 ; -   ; -   ; -   ; -   ; -   ; -   ; -   ; -   ; -   
RJ;CAMBUCI;3300902; 2.435,23 ; 2.678,75 ; 2.922,27 ; 3.165,80 ;-11.202,05 ; -   ; -   ; -   ; -   ; -   ; -   ; -   ; -   ; -   
RJ;CAMPOS DOS GOYTACAZES;3301009; 83.186,27 ; 91.504,91 ; 99.823,53 ; 108.142,16 ;-382.656,88 ; -   ; -   ; -   ; -   ; -   ; -   ; -   ; -   ; -   
RJ;CANTAGALO;3301108; 2.479,27 ; 2.727,20 ; 2.975,13 ; 3.223,06 ;-11.404,66 ; -   ; -   ; -   ; -   ; -   ; -   ; -   ; -   ; -   
RJ;CARAPEBUS;3300936; 3.019,68 ; 3.321,64 ; 3.623,61 ; 3.925,58 ;-13.890,52 ; -   ; -   ; -   ; -   ; -   ; -   ; -   ; -   ; -   
RJ;CARDOSO MOREIRA;3301157; 3.340,79 ; 3.674,87 ; 4.008,94 ; 4.343,02 ;-15.367,62 ; -   ; -   ; -   ; -   ; -   ; -   ; -   ; -   ; -   
RJ;CARMO;3301207; 2.721,31 ; 2.993,44 ; 3.265,57 ; 3.537,70 ;-12.518,02 ; -   ; -   ; -   ; -   ; -   ; -   ; -   ; -   ; -   
RJ;CASIMIRO DE ABREU;3301306; 10.968,53 ; 12.065,39 ; 13.162,24 ; 14.259,10 ;-50.455,26 ; -   ; -   ; -   ; -   ; -   ; -   ; -   ; -   ; -   
RJ;COMENDADOR LEVY GASPARIAN;3300951; 2.333,60 ; 2.566,96 ; 2.800,32 ; 3.033,68 ;-10.734,55 ; -   ; -   ; -   ; -   ; -   ; -   ; -   ; -   ; -   
RJ;CONCEICAO DE MACABU;3301405; 3.726,99 ; 4.099,69 ; 4.472,39 ; 4.845,09 ;-17.144,15 ; -   ; -   ; -   ; -   ; -   ; -   ; -   ; -   ; -   
RJ;CORDEIRO;3301504; 3.336,26 ; 3.669,88 ; 4.003,51 ; 4.337,13 ;-15.346,78 ; -   ; -   ; -   ; -   ; -   ; -   ; -   ; -   ; -   
RJ;DUAS BARRAS;3301603; 2.352,65 ; 2.587,92 ; 2.823,19 ; 3.058,45 ;-10.822,20 ; -   ; -   ; -   ; -   ; -   ; -   ; -   ; -   ; -   
RJ;DUQUE DE CAXIAS;3301702; 115.232,16 ; 126.755,38 ; 138.278,59 ; 149.801,81 ;-530.067,95 ; -   ; -   ; -   ; -   ; -   ; -   ; -   ; -   ; -   
RJ;ENGENHEIRO PAULO DE FRONTIN;3301801; 2.533,18 ; 2.786,50 ; 3.039,81 ; 3.293,13 ;-11.652,62 ; -   ; -   ; -   ; -   ; -   ; -   ; -   ; -   ; -   
RJ;GUAPIMIRIM;3301850; 12.353,55 ; 13.588,90 ; 14.824,26 ; 16.059,61 ;-56.826,32 ; -   ; -   ; -   ; -   ; -   ; -   ; -   ; -   ; -   
RJ;IGUABA GRANDE;3301876; 8.475,26 ; 9.322,79 ; 10.170,32 ; 11.017,84 ;-38.986,22 ; -   ; -   ; -   ; -   ; -   ; -   ; -   ; -   ; -   
RJ;ITABORAI;3301900; 42.138,49 ; 46.352,34 ; 50.566,19 ; 54.780,04 ;-193.837,05 ; -   ; -   ; -   ; -   ; -   ; -   ; -   ; -   ; -   
RJ;ITAGUAI;3302007; 28.951,05 ; 31.846,16 ; 34.741,26 ; 37.636,37 ;-133.174,84 ; -   ; -   ; -   ; -   ; -   ; -   ; -   ; -   ; -   
RJ;ITALVA;3302056; 2.426,29 ; 2.668,92 ; 2.911,55 ; 3.154,18 ;-11.160,94 ; -   ; -   ; -   ; -   ; -   ; -   ; -   ; -   ; -   
RJ;ITAOCARA;3302106; 2.880,09 ; 3.168,10 ; 3.456,11 ; 3.744,12 ;-13.248,41 ; -   ; -   ; -   ; -   ; -   ; -   ; -   ; -   ; -   
RJ;ITAPERUNA;3302205; 14.284,24 ; 15.712,66 ; 17.141,08 ; 18.569,50 ;-65.707,48 ; -   ; -   ; -   ; -   ; -   ; -   ; -   ; -   ; -   
RJ;ITATIAIA;3302254; 7.705,00 ; 8.475,50 ; 9.246,00 ; 10.016,49 ;-35.442,98 ; -   ; -   ; -   ; -   ; -   ; -   ; -   ; -   ; -   
RJ;JAPERI;3302270; 17.594,99 ; 19.354,49 ; 21.113,99 ; 22.873,49 ;-80.936,97 ; -   ; -   ; -   ; -   ; -   ; -   ; -   ; -   ; -   
RJ;LAJE DO MURIAE;3302304; 1.591,83 ; 1.751,01 ; 1.910,20 ; 2.069,38 ;-7.322,42 ; -   ; -   ; -   ; -   ; -   ; -   ; -   ; -   ; -   
RJ;MACAE;3302403; 58.032,61 ; 63.835,86 ; 69.639,12 ; 75.442,39 ;-266.949,98 ; -   ; -   ; -   ; -   ; -   ; -   ; -   ; -   ; -   
RJ;MACUCO;3302452; 1.223,22 ; 1.345,54 ; 1.467,87 ; 1.590,19 ;-5.626,82 ; -   ; -   ; -   ; -   ; -   ; -   ; -   ; -   ; -   
RJ;MAGE;3302502; 57.261,60 ; 62.987,76 ; 68.713,92 ; 74.440,08 ;-263.403,37 ; -   ; -   ; -   ; -   ; -   ; -   ; -   ; -   ; -   
RJ;MANGARATIBA;3302601; 11.451,05 ; 12.596,15 ; 13.741,25 ; 14.886,36 ;-52.674,81 ; -   ; -   ; -   ; -   ; -   ; -   ; -   ; -   ; -   
RJ;MARICA;3302700; 46.861,56 ; 51.547,72 ; 56.233,87 ; 60.920,03 ;-215.563,18 ; -   ; -   ; -   ; -   ; -   ; -   ; -   ; -   ; -   
RJ;MENDES;3302809; 3.492,78 ; 3.842,06 ; 4.191,34 ; 4.540,61 ;-16.066,78 ; -   ; -   ; -   ; -   ; -   ; -   ; -   ; -   ; -   
RJ;MESQUITA;3302858; 21.838,57 ; 24.022,43 ; 26.206,28 ; 28.390,14 ;-100.457,43 ; -   ; -   ; -   ; -   ; -   ; -   ; -   ; -   ; -   
RJ;MIGUEL PEREIRA;3302908; 5.528,32 ; 6.081,16 ; 6.633,99 ; 7.186,82 ;-25.430,29 ; -   ; -   ; -   ; -   ; -   ; -   ; -   ; -   ; -   
RJ;MIRACEMA;3303005; 4.672,14 ; 5.139,35 ; 5.606,57 ; 6.073,78 ;-21.491,84 ; -   ; -   ; -   ; -   ; -   ; -   ; -   ; -   ; -   
RJ;NATIVIDADE;3303104; 2.313,37 ; 2.544,70 ; 2.776,04 ; 3.007,38 ;-10.641,49 ; -   ; -   ; -   ; -   ; -   ; -   ; -   ; -   ; -   
RJ;NILOPOLIS;3303203; 15.605,68 ; 17.166,25 ; 18.726,82 ; 20.287,39 ;-71.786,15 ; -   ; -   ; -   ; -   ; -   ; -   ; -   ; -   ; -   
RJ;NITEROI;3303302; 43.554,34 ; 47.909,77 ; 52.265,21 ; 56.620,64 ;-200.349,97 ; -   ; -   ; -   ; -   ; -   ; -   ; -   ; -   ; -   
RJ;NOVA FRIBURGO;3303401; 28.531,90 ; 31.385,08 ; 34.238,27 ; 37.091,46 ;-131.246,71 ; -   ; -   ; -   ; -   ; -   ; -   ; -   ; -   ; -   
RJ;NOVA IGUACU;3303500; 91.865,95 ; 101.052,55 ; 110.239,15 ; 119.425,74 ;-422.583,39 ; -   ; -   ; -   ; -   ; -   ; -   ; -   ; -   ; -   
RJ;PARACAMBI;3303609; 6.673,55 ; 7.340,91 ; 8.008,27 ; 8.675,62 ;-30.698,35 ; -   ; -   ; -   ; -   ; -   ; -   ; -   ; -   ; -   
RJ;PARAIBA DO SUL;3303708; 8.828,28 ; 9.711,10 ; 10.593,93 ; 11.476,76 ;-40.610,06 ; -   ; -   ; -   ; -   ; -   ; -   ; -   ; -   ; -   
RJ;PARATY;3303807; 9.560,24 ; 10.516,27 ; 11.472,29 ; 12.428,31 ;-43.977,11 ; -   ; -   ; -   ; -   ; -   ; -   ; -   ; -   ; -   
RJ;PATY DO ALFERES;3303856; 7.278,54 ; 8.006,39 ; 8.734,25 ; 9.462,10 ;-33.481,28 ; -   ; -   ; -   ; -   ; -   ; -   ; -   ; -   ; -   
RJ;PETROPOLIS;3303906; 52.232,13 ; 57.455,35 ; 62.678,56 ; 67.901,77 ;-240.267,81 ; -   ; -   ; -   ; -   ; -   ; -   ; -   ; -   ; -   
RJ;PINHEIRAL;3303955; 5.124,24 ; 5.636,67 ; 6.149,09 ; 6.661,52 ;-23.571,52 ; -   ; -   ; -   ; -   ; -   ; -   ; -   ; -   ; -   
RJ;PIRAI;3304003; 6.024,92 ; 6.627,41 ; 7.229,90 ; 7.832,39 ;-27.714,62 ; -   ; -   ; -   ; -   ; -   ; -   ; -   ; -   ; -   
RJ;PORCIUNCULA;3304102; 2.907,54 ; 3.198,30 ; 3.489,05 ; 3.779,81 ;-13.374,71 ; -   ; -   ; -   ; -   ; -   ; -   ; -   ; -   ; -   
RJ;PORTO REAL;3304110; 4.458,65 ; 4.904,51 ; 5.350,38 ; 5.796,24 ;-20.509,78 ; -   ; -   ; -   ; -   ; -   ; -   ; -   ; -   ; -   
RJ;QUATIS;3304128; 3.398,31 ; 3.738,14 ; 4.077,97 ; 4.417,80 ;-15.632,22 ; -   ; -   ; -   ; -   ; -   ; -   ; -   ; -   ; -   
RJ;QUEIMADOS;3304144; 20.168,90 ; 22.185,79 ; 24.202,68 ; 26.219,57 ;-92.776,94 ; -   ; -   ; -   ; -   ; -   ; -   ; -   ; -   ; -   
RJ;QUISSAMA;3304151; 6.770,81 ; 7.447,89 ; 8.124,97 ; 8.802,05 ;-31.145,72 ; -   ; -   ; -   ; -   ; -   ; -   ; -   ; -   ; -   
RJ;RESENDE;3304201; 20.451,55 ; 22.496,70 ; 24.541,86 ; 26.587,01 ;-94.077,13 ; -   ; -   ; -   ; -   ; -   ; -   ; -   ; -   ; -   
RJ;RIO BONITO;3304300; 12.114,69 ; 13.326,16 ; 14.537,63 ; 15.749,10 ;-55.727,59 ; -   ; -   ; -   ; -   ; -   ; -   ; -   ; -   ; -   
RJ;RIO CLARO;3304409; 3.957,85 ; 4.353,64 ; 4.749,42 ; 5.145,21 ;-18.206,11 ; -   ; -   ; -   ; -   ; -   ; -   ; -   ; -   ; -   
RJ;RIO DAS FLORES;3304508; 2.336,80 ; 2.570,47 ; 2.804,15 ; 3.037,83 ;-10.749,26 ; -   ; -   ; -   ; -   ; -   ; -   ; -   ; -   ; -   
RJ;RIO DAS OSTRAS;3304524; 32.109,62 ; 35.320,57 ; 38.531,53 ; 41.742,49 ;-147.704,22 ; -   ; -   ; -   ; -   ; -   ; -   ; -   ; -   ; -   
RJ;RIO DE JANEIRO;3304557; 1.023.104,72 ; 1.125.415,19 ; 1.227.725,66 ; 1.330.036,13 ;-4.706.281,71 ; -   ; -   ; -   ; -   ; -   ; -   ; -   ; -   ; -   
RJ;SANTA MARIA MADALENA;3304607; 1.861,60 ; 2.047,75 ; 2.233,91 ; 2.420,07 ;-8.563,34 ; -   ; -   ; -   ; -   ; -   ; -   ; -   ; -   ; -   
RJ;SANTO ANTONIO DE PADUA;3304706; 7.628,57 ; 8.391,43 ; 9.154,29 ; 9.917,14 ;-35.091,43 ; -   ; -   ; -   ; -   ; -   ; -   ; -   ; -   ; -   
RJ;SAO FIDELIS;3304805; 6.926,65 ; 7.619,31 ; 8.311,97 ; 9.004,64 ;-31.862,57 ; -   ; -   ; -   ; -   ; -   ; -   ; -   ; -   ; -   
RJ;SAO FRANCISCO DE ITABAPOANA;3304755; 12.163,02 ; 13.379,32 ; 14.595,63 ; 15.811,93 ;-55.949,90 ; -   ; -   ; -   ; -   ; -   ; -   ; -   ; -   ; -   
RJ;SAO GONCALO;3304904; 66.050,18 ; 72.655,20 ; 79.260,22 ; 85.865,23 ;-303.830,83 ; -   ; -   ; -   ; -   ; -   ; -   ; -   ; -   ; -   
RJ;SAO JOAO DA BARRA;3305000; 11.618,75 ; 12.780,62 ; 13.942,50 ; 15.104,37 ;-53.446,25 ; -   ; -   ; -   ; -   ; -   ; -   ; -   ; -   ; -   
RJ;SAO JOAO DE MERITI;3305109; 42.190,12 ; 46.409,13 ; 50.628,14 ; 54.847,15 ;-194.074,55 ; -   ; -   ; -   ; -   ; -   ; -   ; -   ; -   ; -   
RJ;SAO JOSE DE UBA;3305133; 1.082,98 ; 1.191,28 ; 1.299,58 ; 1.407,87 ;-4.981,71 ; -   ; -   ; -   ; -   ; -   ; -   ; -   ; -   ; -   
RJ;SAO JOSE DO VALE DO RIO PRETO;3305158; 4.688,77 ; 5.157,64 ; 5.626,52 ; 6.095,40 ;-21.568,32 ; -   ; -   ; -   ; -   ; -   ; -   ; -   ; -   ; -   
RJ;SAO PEDRO DA ALDEIA;3305208; 20.674,06 ; 22.741,46 ; 24.808,87 ; 26.876,27 ;-95.100,67 ; -   ; -   ; -   ; -   ; -   ; -   ; -   ; -   ; -   
RJ;SAO SEBASTIAO DO ALTO;3305307; 1.408,72 ; 1.549,60 ; 1.690,47 ; 1.831,34 ;-6.480,13 ; -   ; -   ; -   ; -   ; -   ; -   ; -   ; -   ; -   
RJ;SAPUCAIA;3305406; 3.478,56 ; 3.826,42 ; 4.174,27 ; 4.522,13 ;-16.001,38 ; -   ; -   ; -   ; -   ; -   ; -   ; -   ; -   ; -   
RJ;SAQUAREMA;3305505; 29.242,38 ; 32.166,62 ; 35.090,86 ; 38.015,10 ;-134.514,96 ; -   ; -   ; -   ; -   ; -   ; -   ; -   ; -   ; -   
RJ;SEROPEDICA;3305554; 19.368,53 ; 21.305,38 ; 23.242,24 ; 25.179,09 ;-89.095,24 ; -   ; -   ; -   ; -   ; -   ; -   ; -   ; -   ; -   
RJ;SILVA JARDIM;3305604; 5.828,36 ; 6.411,20 ; 6.994,04 ; 7.576,88 ;-26.810,48 ; -   ; -   ; -   ; -   ; -   ; -   ; -   ; -   ; -   
RJ;SUMIDOURO;3305703; 3.182,47 ; 3.500,72 ; 3.818,97 ; 4.137,22 ;-14.639,39 ; -   ; -   ; -   ; -   ; -   ; -   ; -   ; -   ; -   
RJ;TANGUA;3305752; 8.025,34 ; 8.827,87 ; 9.630,41 ; 10.432,94 ;-36.916,56 ; -   ; -   ; -   ; -   ; -   ; -   ; -   ; -   ; -   
RJ;TERESOPOLIS;3305802; 31.547,85 ; 34.702,64 ; 37.857,42 ; 41.012,21 ;-145.120,12 ; -   ; -   ; -   ; -   ; -   ; -   ; -   ; -   ; -   
RJ;TRAJANO DE MORAES;3305901; 1.674,12 ; 1.841,53 ; 2.008,94 ; 2.176,35 ;-7.700,94 ; -   ; -   ; -   ; -   ; -   ; -   ; -   ; -   ; -   
RJ;TRES RIOS;3306008; 14.329,26 ; 15.762,19 ; 17.195,12 ; 18.628,05 ;-65.914,62 ; -   ; -   ; -   ; -   ; -   ; -   ; -   ; -   ; -   
RJ;VALENCA;3306107; 12.379,01 ; 13.616,91 ; 14.854,81 ; 16.092,71 ;-56.943,44 ; -   ; -   ; -   ; -   ; -   ; -   ; -   ; -   ; -   
RJ;VARRE-SAI;3306156; 2.384,10 ; 2.622,50 ; 2.860,91 ; 3.099,32 ;-10.966,83 ; -   ; -   ; -   ; -   ; -   ; -   ; -   ; -   ; -   
RJ;VASSOURAS;3306206; 5.549,08 ; 6.103,99 ; 6.658,89 ; 7.213,80 ;-25.525,76 ; -   ; -   ; -   ; -   ; -   ; -   ; -   ; -   ; -   
RJ;VOLTA REDONDA;3306305; 46.765,52 ; 51.442,07 ; 56.118,62 ; 60.795,17 ;-215.121,39 ; -   ; -   ; -   ; -   ; -   ; -   ; -   ; -   ; -   
RJ;RIO DE JANEIRO;33; 900.630,06 ; 990.693,06 ; 1.080.756,06 ; 1.170.819,07 ;-4.142.898,25 ; -   ; -   ; -   ; -   ; -   ; -   ; -   ; -   ; -   
;TOTAL;; 1.505.223.603,24 ; 1.655.745.963,56 ; 1.806.268.323,88 ; 1.956.790.684,20 ; 2.113.449.512,06 ; 2.259.369.521,74 ; 2.259.369.521,74 ; 2.409.994.156,52 ; 2.468.275.715,37 ; 2.468.275.715,37 ; 2.468.275.715,37 ; 2.468.275.715,37 ; 4.559.878.967,39 ; 30.399.193.115,81 
