Portaria Interministerial MEC/MF nº 11, de 28 de Agosto de 2026;;;;;
Indicador Para Educação Infantil - Percentuais Mínimos Da Complementação VAAT Serem Aplica;;;;;
;;;;;
UF;Ente Federado;Código IBGE;Complementação-VAAT (R$);IEI (%);Compl. VAAT-Educação Infantil (R$)
AC;ACRELANDIA;1200013; 2.635.312,60 ;53,49%; 1.409.519,82 
AC;ASSIS BRASIL;1200054; 1.974.201,99 ;67,10%; 1.324.787,33 
AC;BRASILEIA;1200104; 8.478.769,33 ;58,55%; 4.964.133,67 
AC;BUJARI;1200138; 7.054.989,84 ;55,56%; 3.919.960,91 
AC;CAPIXABA;1200179; 2.341.169,53 ;56,40%; 1.320.477,27 
AC;CRUZEIRO DO SUL;1200203; 39.564.751,54 ;54,86%; 21.707.134,51 
AC;EPITACIOLANDIA;1200252; 9.074.031,43 ;56,49%; 5.126.171,73 
AC;FEIJO;1200302; 24.050.615,54 ;60,38%; 14.521.459,11 
AC;JORDAO;1200328; 4.745.015,76 ;57,46%; 2.726.487,17 
AC;MANCIO LIMA;1200336; 8.379.070,53 ;49,48%; 4.145.801,67 
AC;MANOEL URBANO;1200344; 6.196.965,99 ;56,32%; 3.489.971,38 
AC;MARECHAL THAUMATURGO;1200351; 5.537.268,21 ;58,57%; 3.243.324,16 
AC;PLACIDO DE CASTRO;1200385; 3.463.564,23 ;54,72%; 1.895.420,94 
AC;PORTO ACRE;1200807; 12.808.173,13 ;52,83%; 6.766.515,51 
AC;SANTA ROSA DO PURUS;1200435; 1.612.205,92 ;62,87%; 1.013.584,22 
AC;SENA MADUREIRA;1200500; 9.088.945,64 ;61,09%; 5.552.083,30 
AC;SENADOR GUIOMARD;1200450; 5.520.142,74 ;54,40%; 3.003.198,30 
AC;TARAUACA;1200609; 21.035.526,55 ;59,95%; 12.611.714,81 
AC;XAPURI;1200708; 6.351.727,65 ;57,72%; 3.666.235,20 
AL;AGUA BRANCA;2700102; 19.068.197,45 ;51,01%; 9.726.661,23 
AL;ANADIA;2700201; 15.589.628,22 ;50,22%; 7.829.695,00 
AL;ARAPIRACA;2700300; 122.832.612,50 ;54,24%; 66.621.523,89 
AL;ATALAIA;2700409; 29.373.748,89 ;50,65%; 14.877.172,58 
AL;BARRA DE SANTO ANTONIO;2700508; 11.251.174,54 ;54,75%; 6.160.249,21 
AL;BARRA DE SAO MIGUEL;2700607; 2.318.181,63 ;43,10%; 999.180,26 
AL;BATALHA;2700706; 1.701.790,94 ;49,40%; 840.732,84 
AL;BELEM;2700805; 6.001.056,10 ;48,35%; 2.901.806,18 
AL;BELO MONTE;2700904; 11.809.712,87 ;36,70%; 4.334.513,66 
AL;BOCA DA MATA;2701001; 18.780.657,31 ;47,59%; 8.938.264,65 
AL;BRANQUINHA;2701100; 10.687.638,33 ;41,73%; 4.460.220,96 
AL;CACIMBINHAS;2701209; 1.160.608,22 ;46,53%; 540.007,71 
AL;CAJUEIRO;2701308; 19.305.561,62 ;46,35%; 8.948.619,52 
AL;CAMPESTRE;2701357; 6.191.008,79 ;45,52%; 2.817.844,76 
AL;CAMPO ALEGRE;2701407; 81.254.058,96 ;44,71%; 36.331.159,35 
AL;CAMPO GRANDE;2701506; 5.560.260,44 ;56,28%; 3.129.088,76 
AL;CANAPI;2701605; 20.551.901,12 ;46,11%; 9.476.086,26 
AL;CAPELA;2701704; 13.412.432,48 ;44,16%; 5.923.576,15 
AL;CARNEIROS;2701803; 9.640.571,28 ;50,72%; 4.889.427,54 
AL;CHA PRETA;2701902; 3.457.280,34 ;42,06%; 1.454.133,14 
AL;COITE DO NOIA;2702009; 10.029.094,87 ;51,20%; 5.134.748,75 
AL;COLONIA LEOPOLDINA;2702108; 17.994.066,65 ;47,64%; 8.571.616,55 
AL;COQUEIRO SECO;2702207; 494.685,19 ;48,00%; 237.440,50 
AL;CORURIPE;2702306; 62.353.786,07 ;45,13%; 28.141.237,27 
AL;CRAIBAS;2702355; 26.650.387,50 ;51,05%; 13.604.336,18 
AL;DELMIRO GOUVEIA;2702405; 31.720.215,90 ;54,37%; 17.246.342,89 
AL;DOIS RIACHOS;2702504; 7.482.848,66 ;52,27%; 3.911.036,74 
AL;ESTRELA DE ALAGOAS;2702553; 13.823.535,18 ;43,70%; 6.041.024,89 
AL;FEIRA GRANDE;2702603; 18.847.021,09 ;55,85%; 10.525.753,56 
AL;FELIZ DESERTO;2702702; 157.627,51 ;52,26%; 82.376,80 
AL;FLEXEIRAS;2702801; 4.349.870,01 ;51,42%; 2.236.843,29 
AL;GIRAU DO PONCIANO;2702900; 7.118.122,33 ;48,91%; 3.481.214,37 
AL;IBATEGUARA;2703007; 22.670.028,15 ;44,78%; 10.151.464,42 
AL;IGACI;2703106; 17.026.991,23 ;54,51%; 9.281.568,35 
AL;IGREJA NOVA;2703205; 16.258.063,09 ;53,70%; 8.730.289,92 
AL;INHAPI;2703304; 16.826.156,86 ;53,50%; 9.001.777,81 
AL;JACARE DOS HOMENS;2703403; 11.639.382,90 ;31,93%; 3.716.272,13 
AL;JACUIPE;2703502; 76.390,06 ;43,28%; 33.064,32 
AL;JAPARATINGA;2703601; 5.733.681,12 ;54,57%; 3.128.882,28 
AL;JARAMATAIA;2703700; 4.726.355,50 ;43,63%; 2.062.143,66 
AL;JEQUIA DA PRAIA;2703759; 3.145.129,26 ;48,20%; 1.515.908,03 
AL;JOAQUIM GOMES;2703809; 9.829.448,95 ;50,67%; 4.980.640,15 
AL;JUNDIA;2703908; 4.693.767,98 ;50,26%; 2.358.902,82 
AL;JUNQUEIRO;2704005; 13.109.502,58 ;48,26%; 6.326.831,07 
AL;LAGOA DA CANOA;2704104; 8.371.222,71 ;47,79%; 4.000.715,22 
AL;LIMOEIRO DE ANADIA;2704203; 56.232.119,19 ;46,75%; 26.286.877,06 
AL;MAJOR ISIDORO;2704401; 17.300.477,55 ;43,94%; 7.602.339,63 
AL;MAR VERMELHO;2704906; 1.039.943,02 ;44,51%; 462.853,75 
AL;MARAGOGI;2704500; 9.830.883,69 ;55,15%; 5.422.163,30 
AL;MARAVILHA;2704609; 13.046.402,59 ;42,60%; 5.558.257,55 
AL;MARECHAL DEODORO;2704708; 22.391.329,23 ;49,70%; 11.127.531,37 
AL;MARIBONDO;2704807; 9.194.589,59 ;47,30%; 4.349.290,99 
AL;MATA GRANDE;2705002; 10.882.646,09 ;45,76%; 4.979.543,19 
AL;MATRIZ DE CAMARAGIBE;2705101; 10.527.362,78 ;53,87%; 5.671.316,50 
AL;MESSIAS;2705200; 9.060.217,73 ;52,53%; 4.759.024,33 
AL;MINADOR DO NEGRAO;2705309; 3.854.853,53 ;44,41%; 1.712.055,22 
AL;MONTEIROPOLIS;2705408; 12.222.393,48 ;49,92%; 6.101.104,61 
AL;MURICI;2705507; 24.010.902,64 ;48,78%; 11.711.857,05 
AL;NOVO LINO;2705606; 7.232.565,24 ;46,00%; 3.326.878,82 
AL;OLHO DAGUA DAS FLORES;2705705; 14.314.976,26 ;44,89%; 6.426.317,05 
AL;OLHO DAGUA DO CASADO;2705804; 8.653.268,48 ;58,20%; 5.035.837,05 
AL;OLHO DAGUA GRANDE;2705903; 1.770.113,33 ;61,64%; 1.091.131,22 
AL;OLIVENCA;2706000; 13.626.139,19 ;46,80%; 6.377.365,21 
AL;OURO BRANCO;2706109; 10.046.024,50 ;50,81%; 5.104.452,03 
AL;PALESTINA;2706208; 5.523.932,33 ;46,79%; 2.584.703,81 
AL;PALMEIRA DOS INDIOS;2706307; 32.384.829,17 ;49,46%; 16.018.150,46 
AL;PAO DE ACUCAR;2706406; 14.775.454,15 ;50,10%; 7.403.016,50 
AL;PARICONHA;2706422; 8.172.904,39 ;55,10%; 4.503.535,70 
AL;PARIPUEIRA;2706448; 5.919.255,84 ;51,00%; 3.018.605,63 
AL;PASSO DE CAMARAGIBE;2706505; 10.043.387,38 ;48,00%; 4.821.111,98 
AL;PAULO JACINTO;2706604; 3.264.333,77 ;46,20%; 1.508.005,26 
AL;PENEDO;2706703; 50.029.797,49 ;54,02%; 27.027.449,79 
AL;PIACABUCU;2706802; 9.667.823,00 ;52,56%; 5.081.065,15 
AL;PILAR;2706901; 30.459.489,94 ;49,83%; 15.176.887,16 
AL;PINDOBA;2707008; 361.285,68 ;31,79%; 114.849,82 
AL;PIRANHAS;2707107; 17.767.456,77 ;53,04%; 9.423.731,78 
AL;PORTO CALVO;2707305; 32.961.617,13 ;37,76%; 12.446.962,28 
AL;PORTO DE PEDRAS;2707404; 1.945.891,23 ;48,16%; 937.172,37 
AL;PORTO REAL DO COLEGIO;2707503; 15.432.064,49 ;51,04%; 7.876.565,27 
AL;QUEBRANGULO;2707602; 12.183.101,86 ;43,65%; 5.317.991,03 
AL;RIO LARGO;2707701; 50.141.266,79 ;54,79%; 27.470.171,46 
AL;ROTEIRO;2707800; 1.569.707,42 ;44,69%; 701.442,05 
AL;SANTA LUZIA DO NORTE;2707909; 5.212.194,90 ;45,50%; 2.371.790,35 
AL;SANTANA DO IPANEMA;2708006; 29.843.036,09 ;53,63%; 16.005.395,17 
AL;SANTANA DO MUNDAU;2708105; 14.869.068,64 ;36,11%; 5.368.831,12 
AL;SAO BRAS;2708204; 4.907.695,78 ;47,08%; 2.310.384,85 
AL;SAO JOSE DA LAJE;2708303; 15.597.351,83 ;46,63%; 7.272.494,54 
AL;SAO JOSE DA TAPERA;2708402; 32.667.893,27 ;49,13%; 16.051.333,38 
AL;SAO LUIS DO QUITUNDE;2708501; 11.721.645,15 ;55,51%; 6.506.104,41 
AL;SAO MIGUEL DOS CAMPOS;2708600; 25.261.483,44 ;45,33%; 11.450.923,54 
AL;SAO MIGUEL DOS MILAGRES;2708709; 3.986.156,32 ;42,76%; 1.704.599,96 
AL;SAO SEBASTIAO;2708808; 19.334.320,52 ;56,91%; 11.002.278,04 
AL;SATUBA;2708907; 21.061.363,49 ;56,20%; 11.837.448,83 
AL;SENADOR RUI PALMEIRA;2708956; 9.599.350,32 ;51,80%; 4.972.257,66 
AL;TANQUE DARCA;2709004; 1.817.674,31 ;37,53%; 682.222,74 
AL;TAQUARANA;2709103; 18.678.069,18 ;44,55%; 8.321.509,84 
AL;TEOTONIO VILELA;2709152; 48.836.236,18 ;38,52%; 18.813.927,47 
AL;TRAIPU;2709202; 41.764.384,91 ;37,67%; 15.734.591,99 
AL;UNIAO DOS PALMARES;2709301; 60.788.189,32 ;52,32%; 31.803.034,65 
AL;VICOSA;2709400; 9.525.032,00 ;53,08%; 5.056.262,83 
AM;ALVARAES;1300029; 19.357.268,00 ;45,59%; 8.824.121,75 
AM;AMATURA;1300060; 18.532.332,66 ;53,72%; 9.956.088,78 
AM;ANAMA;1300086; 2.821.766,82 ;60,25%; 1.700.002,57 
AM;ANORI;1300102; 5.321.577,56 ;57,69%; 3.070.028,79 
AM;APUI;1300144; 5.626.784,32 ;53,76%; 3.024.991,15 
AM;ATALAIA DO NORTE;1300201; 25.084.454,59 ;53,40%; 13.394.257,03 
AM;AUTAZES;1300300; 32.481.579,16 ;59,45%; 19.309.456,27 
AM;BARCELOS;1300409; 15.606.294,01 ;60,20%; 9.395.479,50 
AM;BARREIRINHA;1300508; 36.592.094,53 ;55,33%; 20.247.722,94 
AM;BENJAMIN CONSTANT;1300607; 75.881.910,30 ;55,25%; 41.921.801,64 
AM;BERURI;1300631; 22.392.204,38 ;60,87%; 13.630.789,91 
AM;BOA VISTA DO RAMOS;1300680; 8.517.319,04 ;46,84%; 3.989.709,50 
AM;BOCA DO ACRE;1300706; 18.365.579,77 ;61,97%; 11.381.866,56 
AM;BORBA;1300805; 35.164.357,96 ;53,25%; 18.725.071,70 
AM;CAAPIRANGA;1300839; 3.609.020,67 ;49,17%; 1.774.468,57 
AM;CANUTAMA;1300904; 4.999.591,40 ;59,98%; 2.998.535,46 
AM;CARAUARI;1301001; 23.894.838,68 ;53,85%; 12.866.675,51 
AM;CAREIRO;1301100; 26.339.125,55 ;54,59%; 14.379.155,94 
AM;CAREIRO DA VARZEA;1301159; 12.797.319,43 ;56,98%; 7.292.108,21 
AM;COARI;1301209; 13.774.843,72 ;61,86%; 8.521.272,24 
AM;CODAJAS;1301308; 6.637.220,76 ;58,34%; 3.872.040,37 
AM;EIRUNEPE;1301407; 15.868.545,44 ;57,55%; 9.132.293,49 
AM;ENVIRA;1301506; 2.098.956,01 ;59,16%; 1.241.767,21 
AM;FONTE BOA;1301605; 25.509.977,03 ;50,91%; 12.988.318,76 
AM;GUAJARA;1301654; 9.367.592,76 ;53,17%; 4.980.549,40 
AM;HUMAITA;1301704; 29.140.924,65 ;59,61%; 17.370.995,72 
AM;IPIXUNA;1301803; 16.432.726,27 ;59,85%; 9.834.789,49 
AM;IRANDUBA;1301852; 45.292.114,91 ;56,49%; 25.584.927,30 
AM;ITACOATIARA;1301902; 28.885.992,87 ;61,02%; 17.626.284,10 
AM;ITAMARATI;1301951; 9.416.015,51 ;57,98%; 5.459.010,92 
AM;ITAPIRANGA;1302009; 9.252.431,01 ;55,28%; 5.115.201,34 
AM;JAPURA;1302108; 15.573.583,92 ;50,11%; 7.804.484,82 
AM;JURUA;1302207; 8.220.191,57 ;49,69%; 4.084.266,49 
AM;JUTAI;1302306; 34.361.261,73 ;51,48%; 17.687.475,04 
AM;LABREA;1302405; 31.545.216,45 ;57,64%; 18.182.417,13 
AM;MANACAPURU;1302504; 61.132.681,69 ;57,46%; 35.125.632,26 
AM;MANAQUIRI;1302553; 7.904.062,62 ;58,97%; 4.660.742,82 
AM;MANICORE;1302702; 28.706.885,21 ;53,41%; 15.331.124,66 
AM;MARAA;1302801; 18.824.488,98 ;49,95%; 9.403.679,99 
AM;MAUES;1302900; 41.521.743,21 ;61,84%; 25.677.868,26 
AM;NHAMUNDA;1303007; 10.216.903,87 ;56,47%; 5.768.988,64 
AM;NOVA OLINDA DO NORTE;1303106; 22.811.454,43 ;57,45%; 13.106.260,84 
AM;NOVO AIRAO;1303205; 5.491.563,14 ;59,78%; 3.282.752,33 
AM;NOVO ARIPUANA;1303304; 10.018.120,50 ;53,95%; 5.404.599,95 
AM;PARINTINS;1303403; 59.028.554,45 ;55,81%; 32.945.844,73 
AM;PAUINI;1303502; 12.070.244,83 ;60,13%; 7.257.925,71 
AM;PRESIDENTE FIGUEIREDO;1303536; 3.218.387,87 ;55,82%; 1.796.607,18 
AM;RIO PRETO DA EVA;1303569; 17.107.705,74 ;54,68%; 9.354.490,17 
AM;SANTA ISABEL DO RIO NEGRO;1303601; 20.370.405,98 ;47,55%; 9.685.727,26 
AM;SANTO ANTONIO DO ICA;1303700; 49.607.075,61 ;46,70%; 23.165.916,04 
AM;SAO GABRIEL DA CACHOEIRA;1303809; 78.884.244,83 ;58,54%; 46.178.146,05 
AM;SAO PAULO DE OLIVENCA;1303908; 50.353.392,63 ;60,97%; 30.698.726,79 
AM;SAO SEBASTIAO DO UATUMA;1303957; 5.738.093,72 ;54,71%; 3.139.171,66 
AM;SILVES;1304005; 6.260.185,52 ;59,03%; 3.695.548,67 
AM;TABATINGA;1304062; 95.847.129,18 ;49,65%; 47.590.727,39 
AM;TAPAUA;1304104; 22.053.284,11 ;54,79%; 12.082.098,32 
AM;TEFE;1304203; 70.712.830,70 ;53,70%; 37.973.698,52 
AM;TONANTINS;1304237; 20.389.716,04 ;51,00%; 10.399.129,91 
AM;UARINI;1304260; 12.822.687,76 ;52,23%; 6.697.346,31 
AM;URUCARA;1304302; 6.789.181,83 ;54,73%; 3.715.808,18 
AM;URUCURITUBA;1304401; 14.867.899,04 ;52,99%; 7.877.917,11 
AP;AMAPA;1600105; 151.722,49 ;55,99%; 84.949,28 
AP;CALCOENE;1600204; 4.906.381,37 ;53,15%; 2.607.953,40 
AP;ITAUBAL;1600253; 1.939.557,18 ;59,33%; 1.150.782,01 
AP;LARANJAL DO JARI;1600279; 1.113.190,04 ;56,91%; 633.554,91 
AP;MAZAGAO;1600402; 11.216.257,84 ;50,19%; 5.629.237,82 
AP;OIAPOQUE;1600501; 1.915.103,49 ;55,45%; 1.061.962,17 
AP;SANTANA;1600600; 728.540,21 ;59,66%; 434.642,09 
AP;TARTARUGALZINHO;1600709; 8.354.508,07 ;60,01%; 5.013.908,05 
AP;VITORIA DO JARI;1600808; 1.201.971,60 ;55,84%; 671.196,71 
BA;ABAIRA;2900108; 2.169.204,17 ;50,44%; 1.094.106,68 
BA;ABARE;2900207; 17.327.225,71 ;49,59%; 8.592.691,42 
BA;ACAJUTIBA;2900306; 28.098.549,25 ;48,28%; 13.564.772,33 
BA;ADUSTINA;2900355; 7.220.768,26 ;54,73%; 3.951.879,33 
BA;AGUA FRIA;2900405; 6.501.623,01 ;51,74%; 3.363.757,36 
BA;ALCOBACA;2900801; 12.238.709,91 ;58,05%; 7.104.514,26 
BA;ALMADINA;2900900; 8.602.617,17 ;48,44%; 4.166.888,43 
BA;AMARGOSA;2901007; 25.289.243,50 ;50,01%; 12.646.034,52 
BA;AMELIA RODRIGUES;2901106; 11.616.297,77 ;45,72%; 5.310.567,98 
BA;AMERICA DOURADA;2901155; 12.861.336,10 ;44,31%; 5.698.485,16 
BA;ANAGE;2901205; 4.548.271,10 ;49,51%; 2.251.778,46 
BA;ANDARAI;2901304; 7.227.788,18 ;50,91%; 3.679.319,14 
BA;ANDORINHA;2901353; 14.873.280,97 ;52,99%; 7.881.419,15 
BA;ANGICAL;2901403; 7.550.356,85 ;50,70%; 3.827.998,33 
BA;ANGUERA;2901502; 11.263.550,84 ;49,23%; 5.544.613,24 
BA;ANTAS;2901601; 15.206.071,01 ;33,50%; 5.093.601,65 
BA;ANTONIO CARDOSO;2901700; 9.820.671,22 ;49,81%; 4.891.757,23 
BA;ANTONIO GONCALVES;2901809; 11.196.511,64 ;48,48%; 5.428.310,18 
BA;APORA;2901908; 21.058.244,39 ;44,47%; 9.363.584,62 
BA;APUAREMA;2901957; 6.721.559,66 ;47,21%; 3.173.062,88 
BA;ARACAS;2902054; 1.248.591,43 ;53,19%; 664.066,78 
BA;ARACATU;2902005; 30.984.749,09 ;48,33%; 14.974.821,33 
BA;ARACI;2902104; 72.327.998,81 ;48,48%; 35.061.383,54 
BA;ARAMARI;2902203; 24.562.241,33 ;42,69%; 10.484.707,91 
BA;ARATACA;2902252; 4.945.049,57 ;50,01%; 2.472.865,07 
BA;ARATUIPE;2902302; 7.682.177,63 ;50,17%; 3.854.275,31 
BA;AURELINO LEAL;2902401; 2.529.667,14 ;44,11%; 1.115.914,09 
BA;BAIANOPOLIS;2902500; 11.102.742,91 ;51,24%; 5.688.798,10 
BA;BAIXA GRANDE;2902609; 12.085.245,63 ;53,18%; 6.427.298,70 
BA;BANZAE;2902658; 11.883.914,29 ;41,50%; 4.932.363,90 
BA;BARRA;2902708; 45.032.931,92 ;57,97%; 26.104.550,42 
BA;BARRA DA ESTIVA;2902807; 14.529.629,87 ;56,21%; 8.166.731,42 
BA;BARRA DO CHOCA;2902906; 25.545.699,98 ;49,48%; 12.639.047,11 
BA;BARRA DO MENDES;2903003; 10.636.749,91 ;50,95%; 5.419.658,61 
BA;BARREIRAS;2903201; 29.196.781,24 ;52,81%; 15.418.797,71 
BA;BARRO ALTO;2903235; 16.020.811,99 ;53,69%; 8.600.869,97 
BA;BARRO PRETO;2903300; 7.822.861,76 ;47,49%; 3.715.019,78 
BA;BARROCAS;2903276; 17.026.892,83 ;48,77%; 8.304.048,82 
BA;BELMONTE;2903409; 16.202.581,41 ;53,61%; 8.685.605,67 
BA;BELO CAMPO;2903508; 14.983.993,30 ;53,83%; 8.066.585,63 
BA;BIRITINGA;2903607; 13.328.984,46 ;50,63%; 6.748.447,34 
BA;BOA NOVA;2903706; 13.982.550,38 ;58,22%; 8.141.027,26 
BA;BOA VISTA DO TUPIM;2903805; 6.641.275,51 ;54,57%; 3.624.203,29 
BA;BOM JESUS DA LAPA;2903904; 66.003.433,87 ;49,56%; 32.714.288,29 
BA;BOM JESUS DA SERRA;2903953; 9.627.498,07 ;56,02%; 5.393.070,50 
BA;BONINAL;2904001; 5.833.030,76 ;55,13%; 3.215.931,64 
BA;BONITO;2904050; 19.707.587,14 ;52,29%; 10.305.925,13 
BA;BOQUIRA;2904100; 22.647.910,21 ;53,16%; 12.040.548,83 
BA;BOTUPORA;2904209; 10.103.452,64 ;50,52%; 5.104.078,42 
BA;BREJOES;2904308; 7.248.148,24 ;49,29%; 3.572.678,45 
BA;BREJOLANDIA;2904407; 1.717.273,56 ;62,85%; 1.079.268,94 
BA;BROTAS DE MACAUBAS;2904506; 7.018.876,86 ;54,17%; 3.802.135,28 
BA;BRUMADO;2904605; 35.211.154,19 ;51,11%; 17.994.728,64 
BA;BUERAREMA;2904704; 8.203.317,69 ;56,89%; 4.666.847,52 
BA;BURITIRAMA;2904753; 12.456.928,47 ;56,71%; 7.064.108,31 
BA;CAATIBA;2904803; 4.080.484,50 ;39,70%; 1.620.045,32 
BA;CABACEIRAS DO PARAGUACU;2904852; 22.429.819,86 ;48,11%; 10.792.001,04 
BA;CACHOEIRA;2904902; 20.584.829,38 ;51,78%; 10.658.863,99 
BA;CACULE;2905008; 16.237.857,47 ;48,26%; 7.835.677,74 
BA;CAEM;2905107; 11.757.060,80 ;48,75%; 5.730.987,15 
BA;CAETANOS;2905156; 10.650.924,48 ;55,25%; 5.884.253,32 
BA;CAETITE;2905206; 12.602.917,70 ;55,00%; 6.931.700,84 
BA;CAFARNAUM;2905305; 15.657.224,00 ;53,56%; 8.386.652,68 
BA;CAIRU;2905404; 22.719.985,54 ;50,53%; 11.480.279,25 
BA;CALDEIRAO GRANDE;2905503; 20.205.837,35 ;42,22%; 8.531.512,53 
BA;CAMACAN;2905602; 2.311.789,03 ;54,09%; 1.250.516,77 
BA;CAMAMU;2905800; 10.091.265,66 ;54,25%; 5.474.397,29 
BA;CAMPO ALEGRE DE LOURDES;2905909; 20.083.390,68 ;57,34%; 11.516.606,94 
BA;CAMPO FORMOSO;2906006; 51.150.996,78 ;53,37%; 27.298.724,06 
BA;CANAPOLIS;2906105; 2.476.122,90 ;57,05%; 1.412.567,14 
BA;CANARANA;2906204; 27.885.187,59 ;47,84%; 13.341.047,42 
BA;CANAVIEIRAS;2906303; 18.197.684,26 ;54,21%; 9.864.138,39 
BA;CANDEAL;2906402; 2.744.172,16 ;55,64%; 1.526.958,46 
BA;CANDIBA;2906600; 1.576.705,96 ;51,07%; 805.151,39 
BA;CANDIDO SALES;2906709; 18.946.982,35 ;51,29%; 9.718.143,42 
BA;CANSANCAO;2906808; 24.043.620,41 ;47,38%; 11.391.168,94 
BA;CANUDOS;2906824; 9.047.696,62 ;46,84%; 4.237.724,76 
BA;CAPELA DO ALTO ALEGRE;2906857; 10.720.964,54 ;55,62%; 5.962.646,57 
BA;CAPIM GROSSO;2906873; 33.485.846,53 ;51,73%; 17.322.535,02 
BA;CARAIBAS;2906899; 4.113.634,99 ;50,82%; 2.090.702,39 
BA;CARAVELAS;2906907; 7.524.122,26 ;51,19%; 3.851.887,47 
BA;CARDEAL DA SILVA;2907004; 6.680.622,24 ;54,12%; 3.615.230,34 
BA;CARINHANHA;2907103; 19.926.403,73 ;55,88%; 11.134.376,84 
BA;CASA NOVA;2907202; 34.104.096,49 ;57,33%; 19.550.306,54 
BA;CASTRO ALVES;2907301; 28.355.525,71 ;49,00%; 13.893.994,06 
BA;CATOLANDIA;2907400; 234.658,80 ;44,27%; 103.892,44 
BA;CATURAMA;2907558; 16.400.798,25 ;44,67%; 7.326.752,47 
BA;CENTRAL;2907608; 10.182.451,12 ;53,42%; 5.439.833,64 
BA;CHORROCHO;2907707; 11.370.954,65 ;48,43%; 5.507.197,03 
BA;CICERO DANTAS;2907806; 9.755.999,40 ;44,32%; 4.323.575,98 
BA;CIPO;2907905; 18.081.762,63 ;53,48%; 9.670.754,51 
BA;COARACI;2908002; 2.602.579,99 ;48,03%; 1.250.107,03 
BA;COCOS;2908101; 6.185.991,32 ;56,46%; 3.492.768,89 
BA;CONCEICAO DA FEIRA;2908200; 18.222.501,45 ;52,10%; 9.494.530,64 
BA;CONCEICAO DO ALMEIDA;2908309; 1.689.955,42 ;50,29%; 849.862,42 
BA;CONCEICAO DO COITE;2908408; 49.366.097,17 ;53,98%; 26.649.057,38 
BA;CONCEICAO DO JACUIPE;2908507; 29.987.329,11 ;50,00%; 14.993.388,95 
BA;CONDE;2908606; 17.730.032,47 ;53,08%; 9.411.862,93 
BA;CONDEUBA;2908705; 10.672.503,58 ;51,48%; 5.493.954,63 
BA;CONTENDAS DO SINCORA;2908804; 501.609,45 ;37,66%; 188.904,00 
BA;CORACAO DE MARIA;2908903; 30.743.781,26 ;52,76%; 16.220.615,37 
BA;CORDEIROS;2909000; 8.193.486,08 ;47,54%; 3.894.846,36 
BA;CORIBE;2909109; 18.383.384,74 ;58,69%; 10.788.921,29 
BA;CORONEL JOAO SA;2909208; 26.128.189,41 ;48,09%; 12.563.895,34 
BA;CORRENTINA;2909307; 4.111.662,06 ;56,75%; 2.333.281,87 
BA;COTEGIPE;2909406; 6.019.637,56 ;54,64%; 3.288.864,47 
BA;CRAVOLANDIA;2909505; 5.723.970,41 ;50,14%; 2.870.083,82 
BA;CRISOPOLIS;2909604; 28.659.303,89 ;48,36%; 13.859.863,71 
BA;CRISTOPOLIS;2909703; 6.812.657,06 ;56,57%; 3.853.854,29 
BA;CRUZ DAS ALMAS;2909802; 18.194.591,63 ;51,08%; 9.293.227,72 
BA;CURACA;2909901; 26.235.424,66 ;53,27%; 13.974.780,64 
BA;DARIO MEIRA;2910008; 9.827.917,49 ;37,40%; 3.675.408,79 
BA;DIAS DAVILA;2910057; 11.180.898,08 ;54,11%; 6.049.525,66 
BA;DOM BASILIO;2910107; 8.293.569,81 ;54,50%; 4.519.603,45 
BA;DOM MACEDO COSTA;2910206; 2.083.632,24 ;52,11%; 1.085.815,88 
BA;ELISIO MEDRADO;2910305; 6.682.782,75 ;44,03%; 2.942.535,37 
BA;ENCRUZILHADA;2910404; 14.714.898,10 ;54,54%; 8.025.226,16 
BA;ENTRE RIOS;2910503; 13.271.029,07 ;54,35%; 7.212.594,79 
BA;ERICO CARDOSO;2900504; 11.194.137,16 ;49,68%; 5.561.756,79 
BA;ESPLANADA;2910602; 16.069.407,72 ;56,35%; 9.054.479,55 
BA;EUCLIDES DA CUNHA;2910701; 50.846.164,07 ;50,34%; 25.594.255,07 
BA;EUNAPOLIS;2910727; 7.280.209,07 ;57,36%; 4.176.231,80 
BA;FATIMA;2910750; 24.435.034,80 ;48,39%; 11.822.893,26 
BA;FEIRA DA MATA;2910776; 5.202.177,75 ;48,02%; 2.498.012,82 
BA;FEIRA DE SANTANA;2910800; 55.848.028,68 ;58,37%; 32.599.769,19 
BA;FILADELFIA;2910859; 26.482.845,41 ;53,88%; 14.270.242,04 
BA;FIRMINO ALVES;2910909; 1.565.126,85 ;49,36%; 772.623,76 
BA;FLORESTA AZUL;2911006; 4.404.893,11 ;46,50%; 2.048.223,80 
BA;GANDU;2911204; 26.946.519,63 ;54,31%; 14.634.450,19 
BA;GAVIAO;2911253; 6.051.281,50 ;41,12%; 2.488.385,54 
BA;GLORIA;2911402; 9.048.779,19 ;55,17%; 4.992.069,55 
BA;GOVERNADOR MANGABEIRA;2911600; 11.072.969,88 ;49,35%; 5.464.344,55 
BA;GUAJERU;2911659; 2.528.608,74 ;63,77%; 1.612.574,84 
BA;GUANAMBI;2911709; 22.560.986,22 ;54,53%; 12.302.019,26 
BA;GUARATINGA;2911808; 10.566.486,74 ;52,47%; 5.544.698,45 
BA;HELIOPOLIS;2911857; 6.593.483,93 ;42,66%; 2.812.728,79 
BA;IACU;2911907; 30.269.708,03 ;50,38%; 15.250.283,90 
BA;IBIASSUCE;2912004; 5.098.442,01 ;55,96%; 2.853.225,72 
BA;IBICARAI;2912103; 5.490.269,17 ;50,65%; 2.780.886,57 
BA;IBICOARA;2912202; 18.426.683,27 ;50,33%; 9.274.648,15 
BA;IBICUI;2912301; 12.940.530,36 ;43,14%; 5.582.187,44 
BA;IBIPEBA;2912400; 8.121.656,27 ;55,49%; 4.506.302,92 
BA;IBIPITANGA;2912509; 1.554.314,05 ;50,71%; 788.127,58 
BA;IBIQUERA;2912608; 103.672,13 ;50,93%; 52.804,77 
BA;IBIRAPITANGA;2912707; 30.051.378,72 ;48,49%; 14.573.353,88 
BA;IBIRAPUA;2912806; 2.293.482,00 ;51,61%; 1.183.667,85 
BA;IBIRATAIA;2912905; 11.254.810,01 ;56,12%; 6.315.930,64 
BA;IBITIARA;2913002; 4.397.801,28 ;54,71%; 2.405.957,11 
BA;IBITITA;2913101; 13.656.675,87 ;49,06%; 6.699.353,19 
BA;IBOTIRAMA;2913200; 18.813.365,42 ;50,80%; 9.557.309,64 
BA;ICHU;2913309; 5.875.434,72 ;45,54%; 2.675.566,57 
BA;IGAPORA;2913408; 9.911.554,43 ;56,83%; 5.632.307,13 
BA;IGRAPIUNA;2913457; 8.523.243,65 ;53,80%; 4.585.533,22 
BA;IGUAI;2913507; 2.162.294,59 ;55,01%; 1.189.517,07 
BA;ILHEUS;2913606; 10.048.107,72 ;58,00%; 5.827.454,76 
BA;INHAMBUPE;2913705; 31.464.046,25 ;53,99%; 16.987.458,23 
BA;IPECAETA;2913804; 21.112.686,98 ;43,78%; 9.244.091,53 
BA;IPIAU;2913903; 9.389.812,56 ;45,13%; 4.237.523,14 
BA;IPIRA;2914000; 32.439.990,62 ;57,12%; 18.529.666,99 
BA;IPUPIARA;2914109; 5.647.872,14 ;54,23%; 3.063.064,49 
BA;IRAJUBA;2914208; 1.579.554,31 ;47,29%; 746.984,10 
BA;IRAMAIA;2914307; 5.024.462,81 ;51,47%; 2.586.111,47 
BA;IRAQUARA;2914406; 21.775.137,49 ;50,81%; 11.063.281,82 
BA;IRARA;2914505; 27.307.680,17 ;48,34%; 13.201.076,59 
BA;IRECE;2914604; 28.913.015,11 ;55,96%; 16.179.616,81 
BA;ITABELA;2914653; 11.185.260,59 ;57,53%; 6.435.147,10 
BA;ITABERABA;2914703; 47.604.026,93 ;54,10%; 25.754.967,58 
BA;ITABUNA;2914802; 2.321.337,92 ;56,32%; 1.307.349,30 
BA;ITACARE;2914901; 20.662.723,05 ;50,51%; 10.436.595,30 
BA;ITAETE;2915007; 13.012.412,83 ;51,09%; 6.647.532,60 
BA;ITAGI;2915106; 1.877.088,09 ;53,63%; 1.006.722,09 
BA;ITAGIBA;2915205; 1.433.964,41 ;57,34%; 822.263,19 
BA;ITAGIMIRIM;2915304; 5.644.595,15 ;50,13%; 2.829.665,69 
BA;ITAGUACU DA BAHIA;2915353; 8.724.927,81 ;54,19%; 4.727.999,86 
BA;ITAJU DO COLONIA;2915403; 7.214.945,77 ;54,07%; 3.901.071,42 
BA;ITAJUIPE;2915502; 10.377.528,02 ;55,09%; 5.716.789,09 
BA;ITAMARAJU;2915601; 25.680.633,82 ;54,13%; 13.900.324,49 
BA;ITAMARI;2915700; 7.533.720,15 ;50,48%; 3.802.948,20 
BA;ITAMBE;2915809; 9.653.908,32 ;52,52%; 5.070.244,99 
BA;ITANAGRA;2915908; 1.516.564,26 ;49,65%; 752.981,70 
BA;ITANHEM;2916005; 2.434.318,31 ;53,82%; 1.310.035,01 
BA;ITAPARICA;2916104; 6.508.265,84 ;49,69%; 3.233.860,08 
BA;ITAPE;2916203; 7.698.806,80 ;49,32%; 3.797.311,92 
BA;ITAPEBI;2916302; 363.523,47 ;48,68%; 176.958,48 
BA;ITAPETINGA;2916401; 21.907.603,18 ;51,00%; 11.173.256,49 
BA;ITAPICURU;2916500; 46.614.755,03 ;52,37%; 24.411.779,51 
BA;ITAPITANGA;2916609; 2.205.630,54 ;42,71%; 942.054,81 
BA;ITAQUARA;2916708; 12.504.863,09 ;35,13%; 4.393.490,33 
BA;ITARANTIM;2916807; 6.061.042,20 ;54,18%; 3.283.598,22 
BA;ITATIM;2916856; 19.149.767,18 ;46,01%; 8.811.102,82 
BA;ITIRUCU;2916906; 11.131.405,37 ;41,95%; 4.669.690,34 
BA;ITIUBA;2917003; 34.959.204,35 ;49,99%; 17.475.765,58 
BA;ITORORO;2917102; 9.518.445,23 ;52,58%; 5.004.552,15 
BA;ITUACU;2917201; 8.981.935,53 ;47,05%; 4.225.716,75 
BA;ITUBERA;2917300; 14.582.868,54 ;54,22%; 7.906.311,34 
BA;IUIU;2917334; 7.136.944,14 ;43,63%; 3.114.109,04 
BA;JABORANDI;2917359; 521.911,69 ;63,61%; 332.005,45 
BA;JACARACI;2917409; 15.201.651,06 ;45,09%; 6.853.883,48 
BA;JACOBINA;2917508; 18.541.503,29 ;53,63%; 9.943.965,66 
BA;JAGUAQUARA;2917607; 25.193.816,27 ;52,75%; 13.289.754,70 
BA;JAGUARARI;2917706; 14.453.351,01 ;52,71%; 7.619.009,59 
BA;JAGUARIPE;2917805; 10.359.037,10 ;51,03%; 5.286.459,67 
BA;JANDAIRA;2917904; 18.281.288,00 ;49,53%; 9.055.610,39 
BA;JEQUIE;2918001; 41.230.925,29 ;54,11%; 22.309.999,73 
BA;JEREMOABO;2918100; 26.316.274,20 ;47,47%; 12.491.419,29 
BA;JIQUIRICA;2918209; 8.347.542,81 ;50,50%; 4.215.100,42 
BA;JITAUNA;2918308; 20.510.813,16 ;44,99%; 9.227.693,88 
BA;JOAO DOURADO;2918357; 20.297.741,76 ;51,77%; 10.507.765,53 
BA;JUAZEIRO;2918407; 130.416.139,75 ;51,98%; 67.783.924,08 
BA;JUCURUCU;2918456; 3.911.460,51 ;52,36%; 2.047.849,66 
BA;JUSSARA;2918506; 24.769.083,96 ;52,29%; 12.952.914,18 
BA;JUSSARI;2918555; 5.216.263,39 ;46,25%; 2.412.726,55 
BA;JUSSIAPE;2918605; 5.200.519,07 ;52,34%; 2.722.023,03 
BA;LAFAIETE COUTINHO;2918704; 3.445.900,98 ;48,90%; 1.685.051,27 
BA;LAGOA REAL;2918753; 15.827.638,09 ;55,89%; 8.846.103,57 
BA;LAJE;2918803; 7.720.097,89 ;48,89%; 3.774.723,15 
BA;LAJEDAO;2918902; 226.049,46 ;41,86%; 94.622,76 
BA;LAJEDINHO;2919009; 185.959,15 ;53,43%; 99.348,74 
BA;LAJEDO DO TABOCAL;2919058; 5.547.611,00 ;41,93%; 2.326.342,58 
BA;LAMARAO;2919108; 4.318.112,98 ;55,42%; 2.392.920,78 
BA;LAPAO;2919157; 25.047.890,31 ;46,54%; 11.657.323,44 
BA;LENCOIS;2919306; 1.443.808,79 ;55,67%; 803.737,53 
BA;LICINIO DE ALMEIDA;2919405; 28.204.363,98 ;41,49%; 11.701.696,73 
BA;LIVRAMENTO DE NOSSA SENHORA;2919504; 31.769.568,25 ;56,87%; 18.067.940,48 
BA;LUIS EDUARDO MAGALHAES;2919553; 1.804.804,39 ;55,05%; 993.474,21 
BA;MACAJUBA;2919603; 7.937.201,43 ;51,54%; 4.090.837,62 
BA;MACARANI;2919702; 9.122.188,68 ;45,37%; 4.138.729,67 
BA;MACAUBAS;2919801; 20.410.657,13 ;49,82%; 10.168.377,83 
BA;MACURURE;2919900; 4.491.075,57 ;54,43%; 2.444.459,37 
BA;MAETINGA;2919959; 3.847.102,50 ;43,77%; 1.684.028,62 
BA;MAIQUINIQUE;2920007; 8.086.408,62 ;43,74%; 3.537.162,45 
BA;MAIRI;2920106; 10.533.057,02 ;51,71%; 5.447.109,23 
BA;MALHADA;2920205; 14.998.025,21 ;55,77%; 8.364.470,87 
BA;MALHADA DE PEDRAS;2920304; 7.557.824,50 ;56,37%; 4.260.130,46 
BA;MANOEL VITORINO;2920403; 19.725.086,57 ;57,96%; 11.432.671,87 
BA;MANSIDAO;2920452; 11.829.521,05 ;54,04%; 6.392.798,62 
BA;MARACAS;2920502; 7.830.647,16 ;51,55%; 4.036.368,21 
BA;MARAGOGIPE;2920601; 19.363.366,91 ;50,23%; 9.726.750,47 
BA;MARAU;2920700; 17.344.872,87 ;57,12%; 9.906.849,20 
BA;MARCIONILIO SOUZA;2920809; 9.083.251,16 ;51,10%; 4.641.176,87 
BA;MASCOTE;2920908; 3.844.156,34 ;52,38%; 2.013.651,64 
BA;MATINA;2921054; 9.285.101,70 ;48,31%; 4.485.456,96 
BA;MEDEIROS NETO;2921104; 21.337.290,11 ;49,94%; 10.655.597,32 
BA;MIGUEL CALMON;2921203; 12.649.949,76 ;51,47%; 6.510.396,21 
BA;MILAGRES;2921302; 6.294.801,45 ;51,47%; 3.239.995,30 
BA;MIRANGABA;2921401; 21.524.923,93 ;44,86%; 9.656.578,22 
BA;MIRANTE;2921450; 3.801.477,98 ;60,20%; 2.288.518,59 
BA;MONTE SANTO;2921500; 59.957.528,66 ;50,25%; 30.125.777,18 
BA;MORPARA;2921609; 1.559.623,17 ;56,27%; 877.613,90 
BA;MORRO DO CHAPEU;2921708; 16.276.813,20 ;50,98%; 8.297.840,77 
BA;MORTUGABA;2921807; 12.389.327,23 ;47,87%; 5.931.297,28 
BA;MUCUGE;2921906; 2.465.954,90 ;60,68%; 1.496.297,14 
BA;MULUNGU DO MORRO;2922052; 15.080.786,36 ;53,71%; 8.100.627,88 
BA;MUNDO NOVO;2922102; 5.818.244,57 ;53,42%; 3.108.044,58 
BA;MUNIZ FERREIRA;2922201; 1.061.376,87 ;57,47%; 609.988,54 
BA;MUQUEM DE SAO FRANCISCO;2922250; 13.767.676,23 ;49,92%; 6.872.785,27 
BA;MURITIBA;2922300; 26.859.113,37 ;47,23%; 12.685.620,25 
BA;MUTUIPE;2922409; 7.339.661,27 ;56,28%; 4.130.412,38 
BA;NILO PECANHA;2922607; 22.589.995,86 ;51,59%; 11.655.048,99 
BA;NORDESTINA;2922656; 20.559.248,13 ;50,02%; 10.282.940,50 
BA;NOVA CANAA;2922706; 13.877.220,03 ;37,55%; 5.211.285,99 
BA;NOVA FATIMA;2922730; 11.172.827,73 ;48,69%; 5.440.067,78 
BA;NOVA IBIA;2922755; 3.826.844,38 ;46,14%; 1.765.516,61 
BA;NOVA ITARANA;2922805; 9.483.679,62 ;49,14%; 4.660.381,79 
BA;NOVA REDENCAO;2922854; 6.701.526,33 ;54,21%; 3.632.959,50 
BA;NOVA SOURE;2922904; 16.477.081,59 ;53,59%; 8.829.573,58 
BA;NOVA VICOSA;2923001; 17.955.528,51 ;50,89%; 9.138.093,57 
BA;NOVO HORIZONTE;2923035; 19.299.551,60 ;48,11%; 9.285.794,92 
BA;NOVO TRIUNFO;2923050; 4.550.551,69 ;46,22%; 2.103.069,17 
BA;OLINDINA;2923100; 25.819.592,03 ;55,05%; 14.214.019,92 
BA;OLIVEIRA DOS BREJINHOS;2923209; 21.948.458,04 ;47,70%; 10.470.120,98 
BA;OURICANGAS;2923308; 5.168.858,06 ;49,36%; 2.551.469,63 
BA;OUROLANDIA;2923357; 15.105.323,86 ;55,92%; 8.447.644,73 
BA;PALMAS DE MONTE ALTO;2923407; 8.000.425,83 ;53,67%; 4.293.852,07 
BA;PALMEIRAS;2923506; 2.408.426,19 ;52,97%; 1.275.831,86 
BA;PARAMIRIM;2923605; 18.185.342,34 ;45,84%; 8.336.625,28 
BA;PARATINGA;2923704; 19.678.792,80 ;57,24%; 11.263.790,18 
BA;PARIPIRANGA;2923803; 16.998.368,15 ;49,14%; 8.352.568,51 
BA;PAU BRASIL;2923902; 10.508.877,73 ;50,86%; 5.345.263,42 
BA;PAULO AFONSO;2924009; 14.469.563,96 ;58,15%; 8.413.748,50 
BA;PE DE SERRA;2924058; 24.298.237,34 ;49,13%; 11.938.869,63 
BA;PEDRAO;2924108; 7.274.253,17 ;53,96%; 3.924.844,16 
BA;PEDRO ALEXANDRE;2924207; 15.523.368,02 ;49,01%; 7.607.818,13 
BA;PIATA;2924306; 7.133.279,69 ;49,65%; 3.541.599,75 
BA;PILAO ARCADO;2924405; 19.151.926,85 ;56,93%; 10.902.940,87 
BA;PINDAI;2924504; 25.029.052,21 ;45,17%; 11.304.887,02 
BA;PINDOBACU;2924603; 44.222.322,25 ;40,06%; 17.717.045,87 
BA;PINTADAS;2924652; 17.952.181,06 ;50,75%; 9.109.923,64 
BA;PIRAI DO NORTE;2924678; 7.135.062,82 ;53,74%; 3.834.035,04 
BA;PIRIPA;2924702; 7.891.487,45 ;48,92%; 3.860.834,98 
BA;PIRITIBA;2924801; 9.794.182,23 ;52,80%; 5.170.897,77 
BA;PLANALTINO;2924900; 4.260.101,21 ;53,85%; 2.294.091,55 
BA;PLANALTO;2925006; 8.163.475,21 ;53,23%; 4.345.123,30 
BA;POCOES;2925105; 25.293.235,68 ;56,53%; 14.299.232,84 
BA;PONTO NOVO;2925253; 53.534.228,26 ;48,42%; 25.920.553,79 
BA;PORTO SEGURO;2925303; 34.653.719,29 ;56,96%; 19.739.258,20 
BA;POTIRAGUA;2925402; 8.873.866,87 ;52,05%; 4.619.250,94 
BA;PRADO;2925501; 13.060.399,83 ;53,19%; 6.946.251,37 
BA;PRESIDENTE DUTRA;2925600; 5.365.593,10 ;51,09%; 2.741.158,75 
BA;PRESIDENTE JANIO QUADROS;2925709; 6.682.916,60 ;49,97%; 3.339.226,14 
BA;PRESIDENTE TANCREDO NEVES;2925758; 16.549.216,05 ;54,32%; 8.989.292,64 
BA;QUEIMADAS;2925808; 34.407.101,18 ;48,40%; 16.651.530,50 
BA;QUIJINGUE;2925907; 67.188.241,99 ;43,60%; 29.291.881,12 
BA;QUIXABEIRA;2925931; 32.313.001,44 ;42,35%; 13.683.461,68 
BA;RAFAEL JAMBEIRO;2925956; 22.675.890,91 ;50,97%; 11.558.341,97 
BA;REMANSO;2926004; 30.273.214,80 ;50,94%; 15.419.965,42 
BA;RETIROLANDIA;2926103; 9.192.918,25 ;45,94%; 4.223.568,26 
BA;RIACHAO DAS NEVES;2926202; 4.404.173,42 ;61,60%; 2.713.047,93 
BA;RIACHAO DO JACUIPE;2926301; 21.932.051,95 ;50,80%; 11.142.532,74 
BA;RIACHO DE SANTANA;2926400; 10.760.856,47 ;54,62%; 5.877.756,38 
BA;RIBEIRA DO AMPARO;2926509; 28.106.325,26 ;49,57%; 13.933.189,38 
BA;RIBEIRA DO POMBAL;2926608; 37.111.918,62 ;51,79%; 19.220.379,06 
BA;RIBEIRAO DO LARGO;2926657; 6.638.397,93 ;52,28%; 3.470.811,73 
BA;RIO DE CONTAS;2926707; 5.722.044,80 ;55,19%; 3.158.244,72 
BA;RIO DO ANTONIO;2926806; 17.551.526,53 ;45,53%; 7.990.804,27 
BA;RIO DO PIRES;2926905; 11.739.578,72 ;43,65%; 5.124.487,28 
BA;RIO REAL;2927002; 39.068.116,05 ;49,16%; 19.206.363,87 
BA;RODELAS;2927101; 4.359.906,51 ;54,92%; 2.394.509,84 
BA;RUY BARBOSA;2927200; 11.045.657,89 ;52,77%; 5.829.064,62 
BA;SALINAS DA MARGARIDA;2927309; 8.223.080,57 ;44,49%; 3.658.676,27 
BA;SANTA BARBARA;2927507; 18.145.173,20 ;53,86%; 9.772.098,03 
BA;SANTA BRIGIDA;2927606; 5.708.560,03 ;56,46%; 3.222.899,39 
BA;SANTA CRUZ CABRALIA;2927705; 10.974.185,46 ;52,40%; 5.750.950,53 
BA;SANTA CRUZ DA VITORIA;2927804; 3.541.131,44 ;43,60%; 1.543.794,51 
BA;SANTA INES;2927903; 7.969.409,59 ;48,11%; 3.834.469,78 
BA;SANTA LUZIA;2928059; 11.860.486,35 ;56,49%; 6.699.431,86 
BA;SANTA MARIA DA VITORIA;2928109; 27.833.986,00 ;50,08%; 13.939.017,88 
BA;SANTA RITA DE CASSIA;2928406; 21.855.217,47 ;51,01%; 11.147.323,89 
BA;SANTA TERESINHA;2928505; 8.252.324,74 ;49,65%; 4.096.893,83 
BA;SANTALUZ;2928000; 19.940.679,03 ;47,41%; 9.454.011,44 
BA;SANTANA;2928208; 9.223.135,67 ;56,10%; 5.174.333,98 
BA;SANTANOPOLIS;2928307; 5.389.447,81 ;50,89%; 2.742.621,59 
BA;SANTO AMARO;2928604; 26.379.619,52 ;46,29%; 12.210.870,87 
BA;SANTO ANTONIO DE JESUS;2928703; 22.867.007,78 ;52,04%; 11.900.501,36 
BA;SANTO ESTEVAO;2928802; 28.819.094,51 ;52,78%; 15.211.522,59 
BA;SAO DOMINGOS;2928950; 5.888.301,59 ;44,64%; 2.628.684,36 
BA;SAO FELIPE;2929107; 22.864.194,24 ;53,30%; 12.187.173,18 
BA;SAO FELIX;2929008; 6.423.724,28 ;46,63%; 2.995.426,66 
BA;SAO FELIX DO CORIBE;2929057; 17.574.163,69 ;48,78%; 8.573.465,96 
BA;SAO GABRIEL;2929255; 13.185.452,94 ;52,92%; 6.977.460,82 
BA;SAO GONCALO DOS CAMPOS;2929305; 4.247.028,01 ;52,92%; 2.247.492,12 
BA;SAO JOSE DA VITORIA;2929354; 4.155.801,29 ;60,85%; 2.528.821,80 
BA;SAO JOSE DO JACUIPE;2929370; 8.219.853,58 ;43,29%; 3.558.044,63 
BA;SAO MIGUEL DAS MATAS;2929404; 4.848.716,66 ;50,50%; 2.448.378,37 
BA;SAO SEBASTIAO DO PASSE;2929503; 1.874.605,96 ;55,84%; 1.046.710,48 
BA;SAPEACU;2929602; 8.772.964,99 ;43,24%; 3.793.435,85 
BA;SATIRO DIAS;2929701; 17.429.835,20 ;45,29%; 7.893.343,69 
BA;SAUBARA;2929750; 3.584.042,95 ;41,94%; 1.503.050,49 
BA;SAUDE;2929800; 8.127.709,84 ;49,26%; 4.004.085,05 
BA;SEABRA;2929909; 23.106.182,38 ;51,15%; 11.819.836,30 
BA;SEBASTIAO LARANJEIRAS;2930006; 12.660.091,49 ;54,95%; 6.956.696,46 
BA;SENHOR DO BONFIM;2930105; 92.642.470,55 ;52,17%; 48.334.126,17 
BA;SENTO SE;2930204; 26.744.242,92 ;53,55%; 14.320.915,34 
BA;SERRA DO RAMALHO;2930154; 26.041.658,30 ;50,73%; 13.210.921,70 
BA;SERRA DOURADA;2930303; 9.977.866,84 ;58,21%; 5.808.319,61 
BA;SERRA PRETA;2930402; 12.545.659,09 ;54,08%; 6.784.267,54 
BA;SERRINHA;2930501; 47.188.222,15 ;46,24%; 21.819.081,13 
BA;SERROLANDIA;2930600; 9.785.107,34 ;49,32%; 4.826.323,22 
BA;SITIO DO MATO;2930758; 19.363.930,81 ;56,85%; 11.007.527,33 
BA;SITIO DO QUINTO;2930766; 9.915.181,03 ;52,07%; 5.163.318,05 
BA;SOBRADINHO;2930774; 11.290.220,35 ;54,33%; 6.133.600,62 
BA;SOUTO SOARES;2930808; 17.616.763,80 ;53,09%; 9.353.077,46 
BA;TABOCAS DO BREJO VELHO;2930907; 2.974.569,80 ;55,78%; 1.659.092,50 
BA;TANHACU;2931004; 40.283.366,43 ;48,29%; 19.453.886,97 
BA;TANQUE NOVO;2931053; 13.785.997,35 ;50,72%; 6.992.497,96 
BA;TANQUINHO;2931103; 9.120.738,08 ;56,69%; 5.170.736,04 
BA;TAPEROA;2931202; 7.938.875,16 ;54,45%; 4.322.569,25 
BA;TAPIRAMUTA;2931301; 19.275.337,61 ;51,86%; 9.996.761,34 
BA;TEIXEIRA DE FREITAS;2931350; 29.493.471,92 ;56,04%; 16.527.504,69 
BA;TEOFILANDIA;2931509; 16.707.189,82 ;48,14%; 8.042.666,84 
BA;TERRA NOVA;2931707; 4.901.122,11 ;51,16%; 2.507.347,34 
BA;TREMEDAL;2931806; 9.182.869,25 ;50,01%; 4.592.336,26 
BA;TUCANO;2931905; 60.018.894,12 ;48,62%; 29.181.804,21 
BA;UAUA;2932002; 18.155.641,67 ;50,74%; 9.212.447,46 
BA;UBAIRA;2932101; 10.909.290,60 ;50,34%; 5.492.162,16 
BA;UBAITABA;2932200; 9.380.446,16 ;53,31%; 5.000.324,19 
BA;UBATA;2932309; 7.034.191,88 ;51,97%; 3.655.612,40 
BA;UIBAI;2932408; 12.296.048,74 ;55,69%; 6.847.431,25 
BA;UMBURANAS;2932457; 9.522.330,10 ;53,07%; 5.053.224,08 
BA;UNA;2932507; 15.462.741,73 ;49,02%; 7.579.362,58 
BA;URANDI;2932606; 13.319.577,86 ;50,58%; 6.736.449,42 
BA;URUCUCA;2932705; 5.728.449,00 ;56,70%; 3.247.886,47 
BA;UTINGA;2932804; 7.354.626,66 ;52,96%; 3.894.863,39 
BA;VALENCA;2932903; 31.424.880,80 ;53,00%; 16.656.566,92 
BA;VALENTE;2933000; 21.960.025,22 ;47,66%; 10.465.946,00 
BA;VARZEA DA ROCA;2933059; 31.622.732,48 ;46,42%; 14.679.771,92 
BA;VARZEA DO POCO;2933109; 11.116.204,86 ;37,49%; 4.167.796,79 
BA;VARZEA NOVA;2933158; 5.693.751,45 ;53,43%; 3.042.129,26 
BA;VARZEDO;2933174; 5.059.848,89 ;51,41%; 2.601.497,87 
BA;VERA CRUZ;2933208; 17.508.320,29 ;49,07%; 8.590.825,86 
BA;VEREDA;2933257; 3.023.659,10 ;52,66%; 1.592.249,88 
BA;VITORIA DA CONQUISTA;2933307; 62.556.596,04 ;57,85%; 36.189.620,74 
BA;WAGNER;2933406; 6.754.702,16 ;56,36%; 3.807.204,83 
BA;WANDERLEY;2933455; 9.098.670,97 ;47,57%; 4.327.854,78 
BA;WENCESLAU GUIMARAES;2933505; 15.951.192,63 ;53,60%; 8.550.456,40 
BA;XIQUE-XIQUE;2933604; 23.162.169,76 ;50,25%; 11.638.934,78 
CE;ABAIARA;2300101; 7.381.884,92 ;46,50%; 3.432.388,16 
CE;ACARAPE;2300150; 12.304.160,26 ;45,27%; 5.570.125,63 
CE;ACARAU;2300200; 42.864.855,00 ;53,36%; 22.873.449,04 
CE;ACOPIARA;2300309; 30.253.659,20 ;53,66%; 16.233.876,95 
CE;AIUABA;2300408; 9.400.548,70 ;51,26%; 4.818.502,16 
CE;ALCANTARAS;2300507; 10.575.962,86 ;48,22%; 5.099.805,03 
CE;ALTANEIRA;2300606; 7.944.925,40 ;43,44%; 3.451.181,34 
CE;ALTO SANTO;2300705; 9.366.244,99 ;48,17%; 4.511.506,62 
CE;AMONTADA;2300754; 47.545.410,16 ;52,83%; 25.115.949,73 
CE;ANTONINA DO NORTE;2300804; 4.417.281,07 ;52,71%; 2.328.561,87 
CE;APUIARES;2300903; 6.562.333,60 ;46,22%; 3.032.915,47 
CE;AQUIRAZ;2301000; 55.040.990,40 ;50,55%; 27.822.074,06 
CE;ARACATI;2301109; 36.429.618,94 ;51,21%; 18.654.578,69 
CE;ARACOIABA;2301208; 29.607.044,51 ;52,98%; 15.685.157,38 
CE;ARARENDA;2301257; 24.608.102,13 ;40,79%; 10.038.496,57 
CE;ARARIPE;2301307; 12.074.406,89 ;52,92%; 6.389.339,55 
CE;ARATUBA;2301406; 15.816.229,44 ;51,66%; 8.170.670,60 
CE;ARNEIROZ;2301505; 2.558.630,49 ;50,43%; 1.290.357,85 
CE;ASSARE;2301604; 24.400.612,97 ;50,03%; 12.208.055,16 
CE;AURORA;2301703; 9.430.621,10 ;50,15%; 4.728.992,41 
CE;BAIXIO;2301802; 2.652.104,37 ;45,21%; 1.198.959,19 
CE;BANABUIU;2301851; 11.360.509,97 ;55,13%; 6.262.934,28 
CE;BARBALHA;2301901; 34.753.603,35 ;51,43%; 17.872.659,92 
CE;BARREIRA;2301950; 21.201.018,74 ;50,73%; 10.755.140,31 
CE;BARRO;2302008; 7.871.174,53 ;53,22%; 4.188.656,41 
CE;BARROQUINHA;2302057; 9.921.284,86 ;50,90%; 5.049.682,00 
CE;BATURITE;2302107; 28.467.231,70 ;52,98%; 15.081.913,93 
CE;BEBERIBE;2302206; 43.250.928,62 ;50,96%; 22.041.658,14 
CE;BELA CRUZ;2302305; 20.874.682,69 ;52,20%; 10.897.344,96 
CE;BOA VIAGEM;2302404; 55.766.688,67 ;46,65%; 26.015.235,87 
CE;BREJO SANTO;2302503; 9.948.761,86 ;47,18%; 4.693.811,38 
CE;CAMOCIM;2302602; 32.645.301,98 ;53,17%; 17.358.087,66 
CE;CAMPOS SALES;2302701; 14.482.790,60 ;51,23%; 7.419.481,82 
CE;CANINDE;2302800; 58.425.982,41 ;47,33%; 27.652.676,80 
CE;CAPISTRANO;2302909; 12.626.969,37 ;50,41%; 6.364.824,15 
CE;CARIDADE;2303006; 6.219.211,81 ;47,67%; 2.965.004,04 
CE;CARIRE;2303105; 12.298.267,13 ;46,89%; 5.766.285,12 
CE;CARIRIACU;2303204; 18.719.148,56 ;51,96%; 9.726.231,17 
CE;CARIUS;2303303; 17.208.586,95 ;50,24%; 8.646.036,59 
CE;CARNAUBAL;2303402; 24.707.673,99 ;44,06%; 10.885.733,31 
CE;CASCAVEL;2303501; 53.927.158,16 ;51,88%; 27.978.270,70 
CE;CATARINA;2303600; 5.598.354,18 ;49,81%; 2.788.304,53 
CE;CATUNDA;2303659; 8.409.244,86 ;35,51%; 2.986.519,22 
CE;CAUCAIA;2303709; 155.406.282,30 ;50,37%; 78.277.311,83 
CE;CEDRO;2303808; 5.735.160,75 ;53,26%; 3.054.793,01 
CE;CHAVAL;2303907; 6.664.465,78 ;47,58%; 3.170.902,11 
CE;CHORO;2303931; 12.852.783,55 ;54,58%; 7.015.049,79 
CE;CHOROZINHO;2303956; 13.825.982,67 ;50,54%; 6.987.014,43 
CE;COREAU;2304004; 27.995.873,64 ;46,07%; 12.896.753,20 
CE;CRATEUS;2304103; 75.889.703,41 ;50,82%; 38.569.978,29 
CE;CRATO;2304202; 44.840.762,84 ;52,54%; 23.560.706,23 
CE;CROATA;2304236; 13.828.218,57 ;51,66%; 7.143.670,41 
CE;CRUZ;2304251; 23.758.773,00 ;52,31%; 12.427.203,01 
CE;DEPUTADO IRAPUAN PINHEIRO;2304269; 9.942.087,31 ;40,57%; 4.033.794,55 
CE;ERERE;2304277; 3.626.440,90 ;51,58%; 1.870.420,23 
CE;FARIAS BRITO;2304301; 16.863.305,74 ;54,05%; 9.114.504,73 
CE;FORQUILHA;2304350; 24.926.850,85 ;48,12%; 11.995.219,43 
CE;FORTALEZA;2304400; 10.376.582,07 ;53,83%; 5.586.055,69 
CE;FORTIM;2304459; 9.144.936,88 ;55,77%; 5.100.066,51 
CE;FRECHEIRINHA;2304509; 15.907.964,09 ;50,53%; 8.037.975,92 
CE;GENERAL SAMPAIO;2304608; 1.750.541,53 ;54,68%; 957.214,28 
CE;GRACA;2304657; 8.065.829,06 ;46,59%; 3.757.540,41 
CE;GRANJA;2304707; 46.837.244,50 ;51,29%; 24.022.989,11 
CE;GRANJEIRO;2304806; 4.143.217,87 ;49,94%; 2.069.238,61 
CE;GROAIRAS;2304905; 4.460.014,94 ;43,84%; 1.955.459,15 
CE;GUAIUBA;2304954; 25.214.754,45 ;49,72%; 12.537.654,46 
CE;GUARACIABA DO NORTE;2305001; 41.715.026,60 ;54,04%; 22.541.989,01 
CE;GUARAMIRANGA;2305100; 5.170.916,09 ;44,57%; 2.304.777,25 
CE;HIDROLANDIA;2305209; 10.360.831,98 ;51,87%; 5.374.043,87 
CE;HORIZONTE;2305233; 42.109.115,83 ;55,85%; 23.516.686,30 
CE;IBARETAMA;2305266; 8.943.388,57 ;53,79%; 4.811.041,86 
CE;IBIAPINA;2305308; 16.247.614,72 ;49,24%; 8.000.972,21 
CE;IBICUITINGA;2305332; 12.241.057,21 ;44,77%; 5.479.987,51 
CE;ICAPUI;2305357; 5.912.835,41 ;51,92%; 3.070.081,83 
CE;ICO;2305407; 49.468.838,60 ;53,11%; 26.273.351,38 
CE;IGUATU;2305506; 49.737.983,54 ;51,08%; 25.403.930,72 
CE;INDEPENDENCIA;2305605; 20.776.116,06 ;48,92%; 10.164.489,84 
CE;IPAPORANGA;2305654; 14.017.462,24 ;45,63%; 6.396.094,44 
CE;IPAUMIRIM;2305704; 5.039.465,02 ;52,78%; 2.659.651,53 
CE;IPU;2305803; 29.213.258,28 ;51,20%; 14.958.522,75 
CE;IPUEIRAS;2305902; 38.894.825,84 ;51,20%; 19.914.140,31 
CE;IRACEMA;2306009; 7.618.360,00 ;48,28%; 3.678.149,52 
CE;IRAUCUBA;2306108; 26.696.503,89 ;52,44%; 14.000.230,95 
CE;ITAICABA;2306207; 4.871.460,22 ;49,14%; 2.393.680,47 
CE;ITAITINGA;2306256; 52.215.179,41 ;53,16%; 27.757.038,29 
CE;ITAPAJE;2306306; 38.726.576,45 ;54,00%; 20.913.637,43 
CE;ITAPIPOCA;2306405; 181.826.497,80 ;50,27%; 91.406.155,34 
CE;ITAPIUNA;2306504; 5.220.255,95 ;53,10%; 2.771.872,37 
CE;ITAREMA;2306553; 22.227.780,67 ;53,74%; 11.944.791,35 
CE;ITATIRA;2306603; 16.642.726,03 ;47,00%; 7.821.716,04 
CE;JAGUARETAMA;2306702; 11.150.824,21 ;52,67%; 5.873.475,84 
CE;JAGUARIBARA;2306801; 10.051.245,10 ;41,56%; 4.177.281,73 
CE;JAGUARIBE;2306900; 23.042.536,90 ;49,27%; 11.353.898,41 
CE;JAGUARUANA;2307007; 23.334.022,87 ;50,19%; 11.711.233,15 
CE;JARDIM;2307106; 17.971.107,72 ;48,47%; 8.710.301,51 
CE;JATI;2307205; 1.880.505,48 ;53,35%; 1.003.295,20 
CE;JIJOCA DE JERICOACOARA;2307254; 19.928.365,68 ;53,27%; 10.615.691,64 
CE;JUAZEIRO DO NORTE;2307304; 69.787.180,62 ;52,34%; 36.524.129,46 
CE;JUCAS;2307403; 18.586.579,00 ;54,88%; 10.200.648,74 
CE;LAVRAS DA MANGABEIRA;2307502; 13.370.478,38 ;51,90%; 6.939.225,65 
CE;LIMOEIRO DO NORTE;2307601; 29.815.710,26 ;49,70%; 14.818.088,74 
CE;MADALENA;2307635; 22.617.894,14 ;53,30%; 12.054.947,20 
CE;MARACANAU;2307650; 134.355.982,81 ;51,62%; 69.359.126,55 
CE;MARANGUAPE;2307700; 62.669.376,91 ;54,42%; 34.105.419,07 
CE;MARCO;2307809; 23.018.011,64 ;54,17%; 12.467.760,16 
CE;MARTINOPOLE;2307908; 6.913.252,09 ;48,31%; 3.339.462,46 
CE;MASSAPE;2308005; 34.372.523,37 ;50,34%; 17.303.580,89 
CE;MAURITI;2308104; 27.250.583,98 ;49,48%; 13.484.473,00 
CE;MERUOCA;2308203; 11.131.839,32 ;52,76%; 5.873.494,16 
CE;MILAGRES;2308302; 15.243.451,62 ;53,10%; 8.094.686,97 
CE;MILHA;2308351; 8.745.110,81 ;43,60%; 3.813.276,98 
CE;MIRAIMA;2308377; 11.055.944,54 ;55,95%; 6.186.218,38 
CE;MISSAO VELHA;2308401; 23.368.613,25 ;47,73%; 11.154.291,28 
CE;MOMBACA;2308500; 31.673.552,96 ;51,51%; 16.316.146,10 
CE;MONSENHOR TABOSA;2308609; 7.262.422,53 ;38,80%; 2.817.830,48 
CE;MORADA NOVA;2308708; 7.160.364,93 ;50,03%; 3.582.170,66 
CE;MORAUJO;2308807; 13.226.334,39 ;47,23%; 6.246.265,17 
CE;MORRINHOS;2308906; 13.367.997,71 ;52,25%; 6.985.102,49 
CE;MUCAMBO;2309003; 10.143.221,82 ;46,99%; 4.766.186,01 
CE;MULUNGU;2309102; 14.611.796,37 ;43,02%; 6.285.321,60 
CE;NOVA OLINDA;2309201; 13.765.462,15 ;53,55%; 7.371.042,50 
CE;NOVA RUSSAS;2309300; 27.340.393,80 ;49,25%; 13.466.056,11 
CE;NOVO ORIENTE;2309409; 20.859.925,97 ;42,28%; 8.819.725,57 
CE;OCARA;2309458; 18.565.390,01 ;54,62%; 10.139.990,58 
CE;OROS;2309508; 8.293.007,10 ;51,32%; 4.256.279,80 
CE;PACAJUS;2309607; 40.382.463,68 ;51,32%; 20.722.423,74 
CE;PACATUBA;2309706; 44.974.660,95 ;53,38%; 24.007.112,12 
CE;PACOTI;2309805; 10.264.417,60 ;51,87%; 5.324.247,59 
CE;PACUJA;2309904; 1.809.710,65 ;46,66%; 844.358,47 
CE;PALHANO;2310001; 4.757.423,95 ;47,67%; 2.268.052,22 
CE;PALMACIA;2310100; 4.995.816,66 ;51,68%; 2.582.052,18 
CE;PARACURU;2310209; 32.054.831,45 ;52,63%; 16.871.258,02 
CE;PARAIPABA;2310258; 43.647.276,82 ;49,62%; 21.657.865,74 
CE;PARAMBU;2310308; 19.343.537,32 ;50,18%; 9.706.831,83 
CE;PARAMOTI;2310407; 9.220.191,85 ;53,41%; 4.924.308,37 
CE;PEDRA BRANCA;2310506; 26.440.223,17 ;49,15%; 12.994.152,77 
CE;PENAFORTE;2310605; 4.787.748,08 ;50,38%; 2.411.969,33 
CE;PENTECOSTE;2310704; 22.403.904,43 ;50,52%; 11.318.253,61 
CE;PEREIRO;2310803; 16.256.729,28 ;49,38%; 8.027.199,55 
CE;PINDORETAMA;2310852; 25.057.234,16 ;49,80%; 12.478.990,32 
CE;PIQUET CARNEIRO;2310902; 10.191.517,89 ;50,30%; 5.126.558,39 
CE;PIRES FERREIRA;2310951; 8.494.047,81 ;53,50%; 4.544.238,68 
CE;PORANGA;2311009; 19.516.971,58 ;52,43%; 10.232.881,46 
CE;PORTEIRAS;2311108; 21.060.594,03 ;43,32%; 9.123.248,79 
CE;POTENGI;2311207; 11.422.839,36 ;51,11%; 5.838.623,13 
CE;POTIRETAMA;2311231; 7.238.354,20 ;45,46%; 3.290.280,92 
CE;QUITERIANOPOLIS;2311264; 21.960.161,48 ;47,73%; 10.482.461,47 
CE;QUIXADA;2311306; 49.314.495,34 ;54,63%; 26.940.500,45 
CE;QUIXELO;2311355; 14.093.738,36 ;53,56%; 7.548.561,23 
CE;QUIXERAMOBIM;2311405; 71.913.516,81 ;50,98%; 36.663.231,56 
CE;QUIXERE;2311504; 7.674.305,83 ;47,68%; 3.659.490,11 
CE;REDENCAO;2311603; 20.568.171,78 ;50,82%; 10.453.366,54 
CE;RERIUTABA;2311702; 17.851.423,87 ;50,05%; 8.934.317,71 
CE;RUSSAS;2311801; 55.739.203,49 ;50,65%; 28.230.072,01 
CE;SABOEIRO;2311900; 11.527.096,96 ;51,36%; 5.920.810,25 
CE;SALITRE;2311959; 24.874.048,05 ;49,31%; 12.264.917,56 
CE;SANTA QUITERIA;2312205; 34.541.099,59 ;51,32%; 17.727.460,64 
CE;SANTANA DO ACARAU;2312007; 12.435.412,96 ;51,22%; 6.369.665,49 
CE;SANTANA DO CARIRI;2312106; 10.791.928,94 ;49,91%; 5.386.065,86 
CE;SAO BENEDITO;2312304; 53.093.261,85 ;50,46%; 26.789.022,67 
CE;SAO GONCALO DO AMARANTE;2312403; 114.893,40 ;53,15%; 61.060,62 
CE;SAO JOAO DO JAGUARIBE;2312502; 1.893.353,04 ;54,05%; 1.023.411,74 
CE;SAO LUIS DO CURU;2312601; 14.345.446,71 ;51,67%; 7.412.213,03 
CE;SENADOR POMPEU;2312700; 6.547.480,80 ;53,29%; 3.489.371,34 
CE;SENADOR SA;2312809; 10.028.615,77 ;44,34%; 4.446.735,81 
CE;SOBRAL;2312908; 99.473.191,81 ;49,81%; 49.545.483,53 
CE;SOLONOPOLE;2313005; 1.317.304,51 ;43,97%; 579.188,04 
CE;TABULEIRO DO NORTE;2313104; 10.643.332,03 ;49,93%; 5.314.127,06 
CE;TAMBORIL;2313203; 21.326.656,35 ;46,31%; 9.876.981,07 
CE;TARRAFAS;2313252; 5.042.258,55 ;46,44%; 2.341.872,54 
CE;TAUA;2313302; 49.149.900,14 ;48,49%; 23.834.834,74 
CE;TEJUCUOCA;2313351; 22.463.652,29 ;53,10%; 11.928.887,77 
CE;TIANGUA;2313401; 74.610.767,13 ;48,74%; 36.362.043,99 
CE;TRAIRI;2313500; 45.210.700,59 ;54,67%; 24.716.832,04 
CE;TURURU;2313559; 18.807.407,52 ;53,11%; 9.989.493,00 
CE;UBAJARA;2313609; 34.714.466,70 ;49,73%; 17.264.883,48 
CE;UMARI;2313708; 4.651.806,82 ;50,80%; 2.363.012,24 
CE;UMIRIM;2313757; 21.657.549,68 ;54,28%; 11.755.209,96 
CE;URUBURETAMA;2313807; 23.045.172,41 ;51,88%; 11.955.405,87 
CE;URUOCA;2313906; 10.129.562,94 ;47,98%; 4.860.254,28 
CE;VARJOTA;2313955; 13.315.300,59 ;46,49%; 6.190.049,23 
CE;VARZEA ALEGRE;2314003; 32.722.234,77 ;53,26%; 17.428.731,90 
CE;VICOSA DO CEARA;2314102; 85.221.878,57 ;52,40%; 44.653.266,50 
ES;AFONSO CLAUDIO;3200102; 5.934.325,49 ;50,61%; 3.003.485,44 
ES;AGUA DOCE DO NORTE;3200169; 1.118.206,32 ;53,23%; 595.261,87 
ES;AGUIA BRANCA;3200136; 580.563,27 ;54,27%; 315.085,56 
ES;ALEGRE;3200201; 298.194,87 ;47,81%; 142.581,39 
ES;ALTO RIO NOVO;3200359; 484.533,38 ;53,59%; 259.679,36 
ES;APIACA;3200508; 662.495,00 ;46,72%; 309.498,87 
ES;ATILIO VIVACQUA;3200706; 3.103.416,87 ;45,19%; 1.402.465,88 
ES;BAIXO GUANDU;3200805; 1.721.225,17 ;47,30%; 814.086,25 
ES;BARRA DE SAO FRANCISCO;3200904; 8.050.806,05 ;52,62%; 4.236.376,09 
ES;BOA ESPERANCA;3201001; 1.643.945,64 ;53,60%; 881.156,08 
ES;BOM JESUS DO NORTE;3201100; 522.854,67 ;40,58%; 212.198,17 
ES;BREJETUBA;3201159; 4.541.047,61 ;56,79%; 2.578.840,57 
ES;CACHOEIRO DE ITAPEMIRIM;3201209; 33.155.236,98 ;46,93%; 15.558.709,12 
ES;CARIACICA;3201308; 95.976.019,64 ;56,16%; 53.902.778,76 
ES;CASTELO;3201407; 9.334.953,68 ;50,81%; 4.742.729,85 
ES;COLATINA;3201506; 6.186.492,36 ;49,92%; 3.088.104,04 
ES;CONCEICAO DA BARRA;3201605; 13.914.975,07 ;46,79%; 6.510.900,62 
ES;CONCEICAO DO CASTELO;3201704; 1.839.103,06 ;47,33%; 870.442,71 
ES;DOMINGOS MARTINS;3201902; 7.353.835,24 ;52,08%; 3.829.801,67 
ES;DORES DO RIO PRETO;3202009; 2.243.560,22 ;53,61%; 1.202.794,91 
ES;FUNDAO;3202207; 260.317,68 ;45,41%; 118.220,17 
ES;GOVERNADOR LINDENBERG;3202256; 4.836.670,07 ;48,61%; 2.351.109,34 
ES;GUACUI;3202306; 6.794.979,39 ;39,98%; 2.716.404,89 
ES;GUARAPARI;3202405; 14.437.760,30 ;49,19%; 7.102.179,13 
ES;IBATIBA;3202454; 11.267.173,79 ;50,20%; 5.656.245,52 
ES;IBITIRAMA;3202553; 4.995.064,82 ;57,88%; 2.891.069,48 
ES;IRUPI;3202652; 3.805.384,28 ;51,53%; 1.960.730,71 
ES;ITAGUACU;3202702; 82.618,91 ;51,96%; 42.931,93 
ES;ITARANA;3202900; 1.538.580,18 ;49,41%; 760.197,90 
ES;JAGUARE;3203056; 13.869.567,57 ;49,17%; 6.819.307,50 
ES;LARANJA DA TERRA;3203163; 4.270.067,37 ;53,21%; 2.271.972,47 
ES;LINHARES;3203205; 6.413.539,41 ;48,29%; 3.096.806,96 
ES;MANTENOPOLIS;3203304; 1.358.791,89 ;55,14%; 749.219,77 
ES;MARATAIZES;3203320; 6.749.318,89 ;49,57%; 3.345.862,89 
ES;MARECHAL FLORIANO;3203346; 5.377.314,70 ;50,10%; 2.694.213,95 
ES;MARILANDIA;3203353; 1.568.192,41 ;49,38%; 774.308,71 
ES;MONTANHA;3203502; 3.009.629,07 ;48,62%; 1.463.428,79 
ES;MUCURICI;3203601; 81.248,28 ;54,52%; 44.293,26 
ES;MUNIZ FREIRE;3203700; 4.655.371,16 ;53,65%; 2.497.532,29 
ES;MUQUI;3203809; 529.645,15 ;53,82%; 285.069,98 
ES;NOVA VENECIA;3203908; 6.305.791,45 ;51,65%; 3.257.206,28 
ES;PANCAS;3204005; 6.315.144,61 ;55,52%; 3.506.145,47 
ES;PEDRO CANARIO;3204054; 666.203,44 ;50,27%; 334.924,36 
ES;PINHEIROS;3204104; 5.217.726,20 ;53,54%; 2.793.599,92 
ES;PIUMA;3204203; 7.346.180,40 ;48,86%; 3.589.099,94 
ES;PONTO BELO;3204252; 1.185.846,94 ;48,20%; 571.563,94 
ES;RIO BANANAL;3204351; 3.215.210,19 ;51,47%; 1.654.751,16 
ES;SANTA LEOPOLDINA;3204500; 220.214,75 ;55,49%; 122.191,89 
ES;SANTA MARIA DE JETIBA;3204559; 2.402.969,44 ;54,77%; 1.316.209,65 
ES;SAO DOMINGOS DO NORTE;3204658; 1.678.899,88 ;55,38%; 929.833,11 
ES;SAO GABRIEL DA PALHA;3204708; 3.721.196,62 ;51,82%; 1.928.195,00 
ES;SAO JOSE DO CALCADO;3204807; 5.224.019,21 ;47,27%; 2.469.552,17 
ES;SAO MATEUS;3204906; 4.579.974,63 ;52,94%; 2.424.720,12 
ES;SAO ROQUE DO CANAA;3204955; 4.344.229,00 ;47,41%; 2.059.570,32 
ES;SOORETAMA;3205010; 8.113.247,56 ;46,19%; 3.747.391,34 
ES;VENDA NOVA DO IMIGRANTE;3205069; 9.191.560,57 ;43,43%; 3.991.682,84 
ES;VIANA;3205101; 9.812.396,45 ;49,57%; 4.863.850,34 
ES;VILA PAVAO;3205150; 4.589.249,21 ;57,99%; 2.661.375,88 
ES;VILA VALERIO;3205176; 5.212.903,86 ;49,52%; 2.581.193,63 
GO;ABADIA DE GOIAS;5200050; 8.438.591,60 ;56,75%; 4.789.085,37 
GO;AGUAS LINDAS DE GOIAS;5200258; 63.458.246,02 ;57,83%; 36.695.407,88 
GO;ARAGARCAS;5201702; 416.261,62 ;49,60%; 206.452,86 
GO;AVELINOPOLIS;5202809; 416.107,31 ;49,70%; 206.802,92 
GO;BONFINOPOLIS;5203559; 382.871,44 ;56,26%; 215.407,15 
GO;BURITI ALEGRE;5203906; 1.221.115,69 ;46,30%; 565.414,24 
GO;BURITI DE GOIAS;5203939; 98.411,85 ;53,67%; 52.821,34 
GO;CAMPINORTE;5204706; 817.214,52 ;61,46%; 502.293,31 
GO;CAMPO LIMPO DE GOIAS;5204854; 3.366.107,76 ;51,45%; 1.731.705,42 
GO;CAMPOS BELOS;5204904; 2.202.520,51 ;52,01%; 1.145.425,21 
GO;CAVALCANTE;5205307; 839.987,55 ;61,35%; 515.318,20 
GO;CERES;5205406; 158.181,09 ;49,58%; 78.431,09 
GO;CIDADE OCIDENTAL;5205497; 20.422.461,63 ;55,91%; 11.417.678,93 
GO;COCALZINHO DE GOIAS;5205513; 898.080,64 ;53,68%; 482.092,70 
GO;FLORES DE GOIAS;5207907; 143.862,36 ;57,33%; 82.476,37 
GO;GAMELEIRA DE GOIAS;5208152; 136.985,64 ;54,56%; 74.743,27 
GO;GOIANAPOLIS;5208400; 848.879,42 ;54,01%; 458.447,93 
GO;GOIANESIA;5208608; 8.091.744,62 ;52,14%; 4.218.885,45 
GO;GOIANIRA;5208806; 14.740.844,98 ;56,54%; 8.334.469,56 
GO;GUAPO;5209200; 841.103,35 ;55,49%; 466.715,24 
GO;HIDROLANDIA;5209705; 2.882.899,34 ;47,82%; 1.378.484,78 
GO;IPORA;5210208; 1.015.157,42 ;47,93%; 486.568,23 
GO;ITABERAI;5210406; 10.324.500,51 ;54,94%; 5.672.715,06 
GO;ITAPACI;5210901; 1.219.049,95 ;52,43%; 639.137,82 
GO;LUZIANIA;5212501; 44.021.434,59 ;55,64%; 24.494.447,55 
GO;MAMBAI;5212709; 592.508,34 ;59,66%; 353.491,21 
GO;MAURILANDIA;5213004; 116.392,19 ;55,64%; 64.764,24 
GO;MOSSAMEDES;5213905; 778.393,11 ;50,86%; 395.910,83 
GO;NOVO GAMA;5215231; 9.637.429,20 ;57,34%; 5.526.171,01 
GO;ORIZONA;5215306; 2.941.784,72 ;52,35%; 1.540.089,69 
GO;PADRE BERNARDO;5215603; 2.507.562,77 ;57,83%; 1.450.068,91 
GO;PALMEIRAS DE GOIAS;5215702; 9.511.736,69 ;55,84%; 5.311.771,69 
GO;PARANAIGUARA;5216304; 1.053.059,69 ;52,54%; 553.289,14 
GO;PLANALTINA;5217609; 57.284.747,84 ;55,22%; 31.633.599,35 
GO;RIALMA;5218607; 1.162.985,74 ;34,98%; 406.854,05 
GO;RUBIATABA;5218904; 224.881,25 ;48,33%; 108.692,22 
GO;SANTA HELENA DE GOIAS;5219308; 1.760.603,09 ;51,79%; 911.762,58 
GO;SANTO ANTONIO DO DESCOBERTO;5219753; 7.732.612,54 ;59,86%; 4.629.051,14 
GO;TRINDADE;5221403; 6.231.719,97 ;55,18%; 3.438.359,94 
GO;TURVANIA;5221502; 594.689,90 ;55,73%; 331.436,63 
GO;URUACU;5221601; 1.856.362,94 ;50,65%; 940.186,04 
GO;VALPARAISO DE GOIAS;5221858; 31.203.497,39 ;55,69%; 17.378.419,16 
MA;ACAILANDIA;2100055; 51.737.395,62 ;54,03%; 27.955.485,39 
MA;AFONSO CUNHA;2100105; 10.485.367,24 ;57,06%; 5.982.624,78 
MA;AGUA DOCE DO MARANHAO;2100154; 8.097.793,93 ;55,92%; 4.528.551,57 
MA;ALCANTARA;2100204; 10.821.110,80 ;52,62%; 5.693.987,32 
MA;ALDEIAS ALTAS;2100303; 12.850.674,68 ;49,92%; 6.414.640,94 
MA;ALTAMIRA DO MARANHAO;2100402; 153.410,23 ;48,93%; 75.068,98 
MA;ALTO ALEGRE DO MARANHAO;2100436; 14.406.613,62 ;52,45%; 7.556.067,97 
MA;ALTO ALEGRE DO PINDARE;2100477; 35.344.769,01 ;46,28%; 16.358.509,90 
MA;ALTO PARNAIBA;2100501; 10.082.392,78 ;49,25%; 4.965.165,68 
MA;AMAPA DO MARANHAO;2100550; 6.731.969,57 ;48,67%; 3.276.255,73 
MA;AMARANTE DO MARANHAO;2100600; 39.060.331,49 ;53,28%; 20.810.746,07 
MA;ANAJATUBA;2100709; 17.182.633,33 ;50,54%; 8.683.274,65 
MA;ANAPURUS;2100808; 15.593.945,36 ;46,36%; 7.229.658,58 
MA;APICUM-ACU;2100832; 20.733.854,17 ;55,33%; 11.472.326,53 
MA;ARAGUANA;2100873; 11.482.262,01 ;39,93%; 4.585.030,22 
MA;ARAIOSES;2100907; 33.382.875,19 ;55,64%; 18.573.264,70 
MA;ARAME;2100956; 15.830.942,05 ;54,44%; 8.617.887,45 
MA;ARARI;2101004; 20.804.166,12 ;51,76%; 10.768.198,59 
MA;AXIXA;2101103; 16.211.589,70 ;51,48%; 8.346.157,06 
MA;BACABAL;2101202; 80.979.888,58 ;49,87%; 40.380.963,51 
MA;BACABEIRA;2101251; 20.638.878,54 ;52,70%; 10.877.256,44 
MA;BACURI;2101301; 14.123.463,39 ;46,48%; 6.565.087,28 
MA;BACURITUBA;2101350; 5.703.465,31 ;44,23%; 2.522.789,71 
MA;BALSAS;2101400; 31.637.441,78 ;58,42%; 18.481.919,45 
MA;BARAO DE GRAJAU;2101509; 15.548.405,65 ;54,60%; 8.490.104,00 
MA;BARRA DO CORDA;2101608; 68.929.525,63 ;53,70%; 37.013.715,16 
MA;BARREIRINHAS;2101707; 61.007.083,16 ;56,84%; 34.676.692,46 
MA;BELA VISTA DO MARANHAO;2101772; 10.223.565,38 ;37,73%; 3.857.596,64 
MA;BELAGUA;2101731; 13.513.739,31 ;50,36%; 6.804.909,18 
MA;BENEDITO LEITE;2101806; 7.435.404,56 ;46,05%; 3.424.018,60 
MA;BEQUIMAO;2101905; 6.892.487,70 ;60,05%; 4.139.009,76 
MA;BOA VISTA DO GURUPI;2101970; 9.288.105,20 ;40,74%; 3.783.598,13 
MA;BOM JARDIM;2102002; 32.234.593,36 ;46,27%; 14.913.956,71 
MA;BOM JESUS DAS SELVAS;2102036; 26.697.343,93 ;53,87%; 14.382.223,35 
MA;BOM LUGAR;2102077; 11.242.690,12 ;50,59%; 5.687.577,04 
MA;BREJO;2102101; 21.139.713,61 ;50,91%; 10.762.379,09 
MA;BREJO DE AREIA;2102150; 14.530.289,31 ;45,31%; 6.583.508,88 
MA;BURITI;2102200; 33.168.582,38 ;49,30%; 16.352.027,80 
MA;BURITI BRAVO;2102309; 20.051.327,03 ;53,37%; 10.701.373,98 
MA;BURITICUPU;2102325; 31.948.425,95 ;50,05%; 15.990.516,77 
MA;BURITIRANA;2102358; 7.725.357,23 ;56,17%; 4.339.433,80 
MA;CACHOEIRA GRANDE;2102374; 9.695.538,74 ;54,42%; 5.275.897,28 
MA;CAJAPIO;2102408; 3.926.413,69 ;54,88%; 2.154.899,65 
MA;CAJARI;2102507; 18.033.676,69 ;57,85%; 10.432.839,89 
MA;CAMPESTRE DO MARANHAO;2102556; 3.937.232,81 ;53,57%; 2.109.008,03 
MA;CANDIDO MENDES;2102606; 27.794.219,41 ;44,29%; 12.309.677,60 
MA;CANTANHEDE;2102705; 35.139.104,43 ;41,05%; 14.423.808,55 
MA;CAPINZAL DO NORTE;2102754; 3.050.537,68 ;52,77%; 1.609.733,37 
MA;CARUTAPERA;2102903; 22.962.736,50 ;53,82%; 12.357.592,53 
MA;CAXIAS;2103000; 66.310.018,05 ;57,04%; 37.825.141,53 
MA;CEDRAL;2103109; 10.129.991,32 ;49,51%; 5.015.330,71 
MA;CENTRAL DO MARANHAO;2103125; 6.535.946,91 ;50,71%; 3.314.328,07 
MA;CENTRO DO GUILHERME;2103158; 20.044.086,78 ;42,29%; 8.477.359,58 
MA;CENTRO NOVO DO MARANHAO;2103174; 22.674.203,92 ;43,22%; 9.800.187,68 
MA;CHAPADINHA;2103208; 42.753.739,83 ;52,11%; 22.280.321,54 
MA;CIDELANDIA;2103257; 5.333.424,58 ;54,89%; 2.927.608,42 
MA;CODO;2103307; 71.231.585,10 ;53,90%; 38.394.890,52 
MA;COELHO NETO;2103406; 13.731.290,62 ;55,30%; 7.593.822,93 
MA;COLINAS;2103505; 29.415.632,04 ;49,10%; 14.443.429,92 
MA;CONCEICAO DO LAGO-ACU;2103554; 20.280.834,52 ;50,55%; 10.251.853,96 
MA;COROATA;2103604; 46.810.638,92 ;52,94%; 24.780.597,28 
MA;CURURUPU;2103703; 26.200.132,39 ;56,45%; 14.788.900,49 
MA;DAVINOPOLIS;2103752; 10.169.007,45 ;55,10%; 5.602.883,29 
MA;DOM PEDRO;2103802; 8.713.089,36 ;52,00%; 4.531.038,98 
MA;DUQUE BACELAR;2103901; 12.400.259,98 ;51,14%; 6.341.899,64 
MA;ESPERANTINOPOLIS;2104008; 17.104.694,43 ;52,70%; 9.014.024,56 
MA;ESTREITO;2104057; 12.894.514,70 ;56,98%; 7.346.835,48 
MA;FEIRA NOVA DO MARANHAO;2104073; 4.406.926,63 ;54,42%; 2.398.345,39 
MA;FERNANDO FALCAO;2104081; 9.007.296,21 ;52,27%; 4.707.993,05 
MA;FORMOSA DA SERRA NEGRA;2104099; 8.294.694,47 ;49,78%; 4.128.735,90 
MA;FORTALEZA DOS NOGUEIRAS;2104107; 9.673.302,76 ;50,57%; 4.891.823,47 
MA;FORTUNA;2104206; 8.819.781,93 ;56,30%; 4.965.906,49 
MA;GODOFREDO VIANA;2104305; 11.582.918,70 ;47,29%; 5.478.102,11 
MA;GONCALVES DIAS;2104404; 15.380.073,31 ;49,66%; 7.638.033,60 
MA;GOVERNADOR ARCHER;2104503; 4.878.049,51 ;52,46%; 2.558.942,06 
MA;GOVERNADOR EDISON LOBAO;2104552; 12.610.318,30 ;55,14%; 6.953.781,68 
MA;GOVERNADOR EUGENIO BARROS;2104602; 10.733.026,93 ;51,32%; 5.508.681,59 
MA;GOVERNADOR LUIZ ROCHA;2104628; 3.759.354,77 ;46,89%; 1.762.684,89 
MA;GOVERNADOR NEWTON BELLO;2104651; 14.983.003,12 ;39,53%; 5.922.871,20 
MA;GOVERNADOR NUNES FREIRE;2104677; 46.269.281,60 ;37,45%; 17.325.653,86 
MA;GRACA ARANHA;2104701; 924.425,57 ;52,37%; 484.083,90 
MA;GRAJAU;2104800; 31.149.997,10 ;55,34%; 17.237.583,03 
MA;GUIMARAES;2104909; 4.150.070,84 ;55,01%; 2.282.915,51 
MA;HUMBERTO DE CAMPOS;2105005; 28.709.406,27 ;56,16%; 16.124.513,21 
MA;ICATU;2105104; 13.573.538,05 ;51,42%; 6.979.885,12 
MA;IGARAPE DO MEIO;2105153; 4.451.743,23 ;44,84%; 1.995.995,03 
MA;IGARAPE GRANDE;2105203; 9.845.677,10 ;41,40%; 4.075.918,94 
MA;IMPERATRIZ;2105302; 47.327.109,99 ;51,68%; 24.459.678,32 
MA;ITAIPAVA DO GRAJAU;2105351; 9.973.086,18 ;56,61%; 5.645.964,94 
MA;ITAPECURU MIRIM;2105401; 71.683.870,59 ;54,55%; 39.101.682,59 
MA;ITINGA DO MARANHAO;2105427; 11.416.551,75 ;50,38%; 5.751.298,41 
MA;JATOBA;2105450; 15.307.842,69 ;48,05%; 7.355.244,40 
MA;JENIPAPO DOS VIEIRAS;2105476; 17.083.565,00 ;42,81%; 7.312.808,75 
MA;JOAO LISBOA;2105500; 22.184.783,38 ;51,64%; 11.457.207,73 
MA;JOSELANDIA;2105609; 9.651.103,43 ;57,40%; 5.539.363,79 
MA;JUNCO DO MARANHAO;2105658; 8.556.027,09 ;52,02%; 4.450.645,32 
MA;LAGO DA PEDRA;2105708; 30.962.419,45 ;54,95%; 17.015.251,33 
MA;LAGO DO JUNCO;2105807; 7.429.812,15 ;48,10%; 3.574.024,37 
MA;LAGO DOS RODRIGUES;2105948; 8.950.601,53 ;52,86%; 4.731.147,85 
MA;LAGO VERDE;2105906; 13.227.326,89 ;57,57%; 7.614.398,07 
MA;LAGOA DO MATO;2105922; 6.935.465,27 ;48,90%; 3.391.520,15 
MA;LAGOA GRANDE DO MARANHAO;2105963; 6.835.761,35 ;55,56%; 3.797.751,97 
MA;LAJEADO NOVO;2105989; 9.557.777,02 ;44,64%; 4.266.538,16 
MA;LIMA CAMPOS;2106003; 3.825.773,67 ;51,63%; 1.975.304,31 
MA;LORETO;2106102; 6.498.854,52 ;51,82%; 3.367.536,87 
MA;LUIS DOMINGUES;2106201; 2.388.106,95 ;49,44%; 1.180.697,31 
MA;MARACACUME;2106326; 18.282.377,54 ;49,90%; 9.123.506,45 
MA;MARAJA DO SENA;2106359; 9.102.615,59 ;44,48%; 4.049.296,13 
MA;MARANHAOZINHO;2106375; 10.522.149,81 ;32,01%; 3.367.676,20 
MA;MATA ROMA;2106409; 22.976.800,90 ;45,23%; 10.391.812,53 
MA;MATINHA;2106508; 21.951.440,02 ;54,32%; 11.923.200,55 
MA;MATOES;2106607; 27.967.974,60 ;53,00%; 14.821.931,33 
MA;MATOES DO NORTE;2106631; 19.483.734,47 ;32,24%; 6.281.888,67 
MA;MILAGRES DO MARANHAO;2106672; 14.458.270,59 ;32,43%; 4.688.702,08 
MA;MIRADOR;2106706; 10.363.539,61 ;52,64%; 5.455.583,61 
MA;MIRANDA DO NORTE;2106755; 13.662.088,06 ;50,20%; 6.858.812,06 
MA;MIRINZAL;2106805; 8.615.464,29 ;55,22%; 4.757.207,91 
MA;MONCAO;2106904; 34.885.009,13 ;50,59%; 17.647.754,94 
MA;MONTES ALTOS;2107001; 4.868.120,24 ;54,13%; 2.635.076,64 
MA;MORROS;2107100; 17.258.992,72 ;54,14%; 9.343.827,69 
MA;NINA RODRIGUES;2107209; 8.030.339,27 ;49,89%; 4.006.115,73 
MA;NOVA COLINAS;2107258; 1.768.213,24 ;59,47%; 1.051.475,57 
MA;NOVA OLINDA DO MARANHAO;2107357; 15.209.772,48 ;45,93%; 6.985.751,15 
MA;OLHO DAGUA DAS CUNHAS;2107407; 6.334.944,25 ;47,25%; 2.993.129,63 
MA;OLINDA NOVA DO MARANHAO;2107456; 9.610.684,30 ;52,77%; 5.071.860,87 
MA;PACO DO LUMIAR;2107506; 154.739.181,18 ;49,42%; 76.468.139,78 
MA;PALMEIRANDIA;2107605; 10.056.305,77 ;52,27%; 5.256.816,18 
MA;PARAIBANO;2107704; 5.988.131,95 ;52,56%; 3.147.517,53 
MA;PARNARAMA;2107803; 37.351.379,18 ;50,67%; 18.924.677,88 
MA;PASSAGEM FRANCA;2107902; 17.123.611,32 ;52,66%; 9.017.934,12 
MA;PASTOS BONS;2108009; 7.156.998,97 ;40,04%; 2.865.746,14 
MA;PAULINO NEVES;2108058; 14.092.432,57 ;53,23%; 7.500.885,20 
MA;PAULO RAMOS;2108108; 16.167.846,43 ;53,70%; 8.681.972,89 
MA;PEDREIRAS;2108207; 5.331.446,71 ;50,39%; 2.686.477,86 
MA;PEDRO DO ROSARIO;2108256; 23.267.084,61 ;50,62%; 11.777.811,05 
MA;PENALVA;2108306; 30.177.179,70 ;52,89%; 15.961.133,57 
MA;PERI MIRIM;2108405; 6.798.919,79 ;51,94%; 3.531.331,32 
MA;PERITORO;2108454; 26.470.665,44 ;52,07%; 13.783.590,66 
MA;PINDARE MIRIM;2108504; 30.880.835,19 ;54,46%; 16.817.318,26 
MA;PINHEIRO;2108603; 71.241.714,35 ;52,89%; 37.682.379,81 
MA;PIO XII;2108702; 12.189.050,42 ;49,28%; 6.007.231,83 
MA;PIRAPEMAS;2108801; 19.827.851,71 ;41,15%; 8.158.617,41 
MA;POCAO DE PEDRAS;2108900; 9.479.958,79 ;45,64%; 4.326.204,61 
MA;PORTO FRANCO;2109007; 20.936.488,94 ;42,04%; 8.801.509,85 
MA;PORTO RICO DO MARANHAO;2109056; 4.031.578,74 ;53,12%; 2.141.424,68 
MA;PRESIDENTE DUTRA;2109106; 22.925.596,44 ;51,16%; 11.729.548,31 
MA;PRESIDENTE JUSCELINO;2109205; 11.524.622,82 ;55,68%; 6.417.276,34 
MA;PRESIDENTE MEDICI;2109239; 2.508.680,36 ;50,85%; 1.275.653,13 
MA;PRESIDENTE SARNEY;2109270; 13.351.190,92 ;49,08%; 6.552.717,86 
MA;PRESIDENTE VARGAS;2109304; 6.574.598,62 ;43,73%; 2.875.297,21 
MA;RAPOSA;2109452; 24.399.797,61 ;55,77%; 13.607.034,44 
MA;RIACHAO;2109502; 7.598.493,52 ;55,88%; 4.245.750,92 
MA;RIBAMAR FIQUENE;2109551; 3.653.626,57 ;51,91%; 1.896.748,93 
MA;ROSARIO;2109601; 37.115.537,24 ;51,37%; 19.064.647,95 
MA;SAMBAIBA;2109700; 3.233.728,29 ;57,61%; 1.863.092,87 
MA;SANTA FILOMENA DO MARANHAO;2109759; 3.527.601,42 ;48,69%; 1.717.730,79 
MA;SANTA HELENA;2109809; 39.028.414,75 ;49,50%; 19.319.599,01 
MA;SANTA INES;2109908; 29.148.742,38 ;53,11%; 15.481.543,50 
MA;SANTA LUZIA;2110005; 59.533.413,03 ;50,33%; 29.960.948,90 
MA;SANTA LUZIA DO PARUA;2110039; 17.401.609,26 ;46,85%; 8.152.190,43 
MA;SANTA QUITERIA DO MARANHAO;2110104; 10.648.905,38 ;46,52%; 4.953.975,18 
MA;SANTA RITA;2110203; 52.666.732,29 ;51,22%; 26.975.356,91 
MA;SANTANA DO MARANHAO;2110237; 3.994.006,35 ;50,70%; 2.024.945,93 
MA;SANTO AMARO DO MARANHAO;2110278; 6.546.893,55 ;60,67%; 3.972.170,76 
MA;SAO BENEDITO DO RIO PRETO;2110401; 12.245.327,88 ;48,17%; 5.899.125,80 
MA;SAO BENTO;2110500; 17.549.294,12 ;52,12%; 9.146.656,69 
MA;SAO BERNARDO;2110609; 5.636.683,14 ;47,49%; 2.676.689,48 
MA;SAO DOMINGOS DO AZEITAO;2110658; 4.241.385,68 ;50,81%; 2.155.120,22 
MA;SAO DOMINGOS DO MARANHAO;2110708; 16.162.799,30 ;48,90%; 7.904.217,18 
MA;SAO FELIX DE BALSAS;2110807; 2.634.651,65 ;54,82%; 1.444.397,28 
MA;SAO FRANCISCO DO BREJAO;2110856; 4.681.876,01 ;50,95%; 2.385.510,12 
MA;SAO FRANCISCO DO MARANHAO;2110906; 7.237.850,17 ;53,25%; 3.854.082,53 
MA;SAO JOAO BATISTA;2111003; 10.041.524,25 ;54,07%; 5.429.307,34 
MA;SAO JOAO DO CARU;2111029; 10.907.714,86 ;52,30%; 5.705.111,82 
MA;SAO JOAO DO PARAISO;2111052; 10.757.824,90 ;46,87%; 5.042.184,97 
MA;SAO JOAO DO SOTER;2111078; 18.570.849,70 ;50,24%; 9.330.907,47 
MA;SAO JOAO DOS PATOS;2111102; 12.160.828,87 ;50,99%; 6.200.214,52 
MA;SAO JOSE DE RIBAMAR;2111201; 220.792.011,09 ;38,20%; 84.334.365,75 
MA;SAO JOSE DOS BASILIOS;2111250; 5.622.460,48 ;49,99%; 2.810.733,14 
MA;SAO LUIS GONZAGA DO MARANHAO;2111409; 20.538.182,65 ;51,52%; 10.581.258,10 
MA;SAO MATEUS DO MARANHAO;2111508; 35.353.918,02 ;53,68%; 18.979.220,40 
MA;SAO PEDRO DA AGUA BRANCA;2111532; 3.055.361,19 ;51,64%; 1.577.760,94 
MA;SAO PEDRO DOS CRENTES;2111573; 3.127.214,83 ;54,35%; 1.699.782,55 
MA;SAO RAIMUNDO DAS MANGABEIRAS;2111607; 10.681.495,07 ;54,50%; 5.821.818,07 
MA;SAO RAIMUNDO DO DOCA BEZERRA;2111631; 4.669.913,68 ;52,60%; 2.456.523,74 
MA;SAO ROBERTO;2111672; 2.393.350,15 ;50,27%; 1.203.230,31 
MA;SAO VICENTE FERRER;2111706; 13.944.728,14 ;52,46%; 7.314.922,29 
MA;SATUBINHA;2111722; 4.160.587,76 ;48,93%; 2.035.769,14 
MA;SENADOR ALEXANDRE COSTA;2111748; 9.807.835,87 ;53,47%; 5.244.665,79 
MA;SENADOR LA ROCQUE;2111763; 9.337.169,19 ;49,18%; 4.591.966,06 
MA;SERRANO DO MARANHAO;2111789; 17.648.491,30 ;40,66%; 7.176.255,16 
MA;SITIO NOVO;2111805; 15.715.962,64 ;49,03%; 7.704.917,96 
MA;SUCUPIRA DO NORTE;2111904; 8.613.341,97 ;49,57%; 4.269.233,10 
MA;SUCUPIRA DO RIACHAO;2111953; 1.170.890,31 ;51,22%; 599.698,44 
MA;TASSO FRAGOSO;2112001; 2.894.870,12 ;51,82%; 1.500.145,31 
MA;TIMBIRAS;2112100; 16.406.170,39 ;49,57%; 8.132.096,43 
MA;TIMON;2112209; 127.549.804,96 ;54,15%; 69.063.884,71 
MA;TRIZIDELA DO VALE;2112233; 5.447.833,61 ;48,94%; 2.666.011,23 
MA;TUFILANDIA;2112274; 5.976.995,38 ;50,55%; 3.021.271,96 
MA;TUNTUM;2112308; 39.271.639,35 ;47,59%; 18.689.289,69 
MA;TURIACU;2112407; 41.554.220,23 ;47,66%; 19.802.665,24 
MA;TURILANDIA;2112456; 28.963.383,61 ;53,02%; 15.355.888,43 
MA;TUTOIA;2112506; 44.242.092,89 ;53,22%; 23.544.616,33 
MA;URBANO SANTOS;2112605; 30.455.264,47 ;46,82%; 14.260.510,10 
MA;VARGEM GRANDE;2112704; 67.737.759,70 ;42,03%; 28.467.987,60 
MA;VIANA;2112803; 46.321.387,07 ;51,55%; 23.878.178,53 
MA;VILA NOVA DOS MARTIRIOS;2112852; 6.875.557,52 ;41,89%; 2.880.310,75 
MA;VITORIA DO MEARIM;2112902; 15.647.347,04 ;53,85%; 8.426.457,22 
MA;VITORINO FREIRE;2113009; 29.339.387,15 ;49,71%; 14.583.621,94 
MA;ZE DOCA;2114007; 43.982.449,52 ;36,28%; 15.958.274,57 
MG;ABAETE;3100203; 921.500,62 ;50,64%; 466.675,25 
MG;AGUAS VERMELHAS;3101003; 1.922.010,45 ;48,68%; 935.561,22 
MG;ALMENARA;3101706; 880.096,25 ;52,11%; 458.624,38 
MG;ALPERCATA;3101805; 71.726,36 ;49,27%; 35.339,25 
MG;ALTO JEQUITIBA;3153509; 755.583,64 ;56,81%; 429.239,13 
MG;ALTO RIO DOCE;3102100; 420.447,68 ;51,52%; 216.624,96 
MG;ALVINOPOLIS;3102308; 621.104,53 ;46,42%; 288.303,36 
MG;ANDRADAS;3102605; 453.367,75 ;46,31%; 209.968,93 
MG;ANGELANDIA;3102852; 1.273.502,36 ;48,49%; 617.544,34 
MG;ANTONIO CARLOS;3102902; 425.249,84 ;54,78%; 232.959,95 
MG;ARAUJOS;3103900; 749.097,80 ;46,34%; 347.134,48 
MG;BANDEIRA DO SUL;3105301; 123.680,74 ;41,56%; 51.404,18 
MG;BARROSO;3105905; 767.901,82 ;49,76%; 382.094,90 
MG;BICAS;3106903; 10.566,60 ;50,32%; 5.317,62 
MG;BOA ESPERANCA;3107109; 7.184.490,17 ;49,19%; 3.534.373,98 
MG;BOCAIUVA;3107307; 354.341,09 ;49,92%; 176.889,38 
MG;BOM JESUS DO AMPARO;3107703; 1.742.243,69 ;39,72%; 692.058,41 
MG;BOM REPOUSO;3107901; 3.483.532,76 ;51,59%; 1.797.254,09 
MG;BONITO DE MINAS;3108255; 299.076,17 ;59,28%; 177.282,57 
MG;BOTELHOS;3108404; 9.484,98 ;44,66%; 4.235,90 
MG;BRASILANDIA DE MINAS;3108552; 2.163.295,53 ;50,90%; 1.101.062,23 
MG;BRASILIA DE MINAS;3108602; 658.154,33 ;54,30%; 357.375,09 
MG;BRAZOPOLIS;3108909; 161.265,09 ;51,88%; 83.664,82 
MG;BUENO BRANDAO;3109105; 406.981,71 ;60,56%; 246.465,54 
MG;BUGRE;3109253; 18.908,21 ;56,19%; 10.625,03 
MG;BURITIZEIRO;3109402; 417.204,61 ;53,61%; 223.655,76 
MG;CACHOEIRA DE MINAS;3109709; 5.809,45 ;47,62%; 2.766,37 
MG;CACHOEIRA DE PAJEU;3102704; 365.596,45 ;60,85%; 222.457,17 
MG;CALDAS;3110301; 325.093,15 ;51,74%; 168.219,31 
MG;CAMANDUCAIA;3110509; 1.073.137,25 ;47,76%; 512.511,28 
MG;CAMBUQUIRA;3110707; 140.657,80 ;42,54%; 59.833,44 
MG;CAMPANHA;3110905; 604.627,74 ;45,70%; 276.331,71 
MG;CAMPESTRE;3111002; 3.279.273,55 ;51,54%; 1.690.004,85 
MG;CAMPO AZUL;3111150; 205.675,46 ;46,37%; 95.370,87 
MG;CAMPO DO MEIO;3111309; 6.226,71 ;54,02%; 3.363,83 
MG;CAMPOS GERAIS;3111606; 1.499.897,22 ;49,45%; 741.706,40 
MG;CAPELINHA;3112307; 5.539.898,02 ;48,65%; 2.695.193,56 
MG;CAPETINGA;3112406; 90.697,29 ;49,92%; 45.277,16 
MG;CAPITAO ANDRADE;3112653; 297.996,20 ;35,03%; 104.395,46 
MG;CAPITAO ENEAS;3112703; 331.556,73 ;58,99%; 195.593,42 
MG;CAPUTIRA;3112901; 985.111,04 ;50,21%; 494.616,18 
MG;CARMO DA CACHOEIRA;3113909; 364.983,58 ;51,42%; 187.682,40 
MG;CARMO DO CAJURU;3114204; 57.294,44 ;49,30%; 28.246,99 
MG;CARMO DO RIO CLARO;3114402; 1.639.702,50 ;55,27%; 906.316,40 
MG;CASSIA;3115102; 3.747.906,81 ;43,78%; 1.640.989,10 
MG;CATUJI;3115458; 1.768.836,32 ;59,58%; 1.053.836,16 
MG;CATUTI;3115474; 705.219,08 ;47,96%; 338.242,50 
MG;CENTRAL DE MINAS;3115706; 510.033,75 ;59,93%; 305.655,22 
MG;CHACARA;3115904; 485.767,46 ;52,98%; 257.358,02 
MG;CHALE;3116001; 553.517,66 ;52,45%; 290.299,31 
MG;CHAPADA GAUCHA;3116159; 5.155.437,33 ;51,62%; 2.661.140,60 
MG;CLAUDIO;3116605; 648.741,49 ;49,38%; 320.342,86 
MG;CONCEICAO DA APARECIDA;3117108; 199.349,28 ;55,45%; 110.534,17 
MG;CONCEICAO DE IPANEMA;3117405; 7.938,53 ;60,18%; 4.777,27 
MG;CONCEICAO DOS OUROS;3117801; 1.202.895,30 ;43,10%; 518.404,81 
MG;CONEGO MARINHO;3117836; 782.870,25 ;56,09%; 439.104,24 
MG;CORACAO DE JESUS;3118809; 1.395.977,26 ;52,43%; 731.931,06 
MG;COROACI;3119203; 85.478,02 ;50,91%; 43.514,56 
MG;COROMANDEL;3119302; 72.929,28 ;52,86%; 38.547,80 
MG;CORONEL FABRICIANO;3119401; 11.428.362,73 ;43,53%; 4.974.595,31 
MG;CORONEL MURTA;3119500; 1.894.995,68 ;46,57%; 882.510,50 
MG;CRISTAIS;3120201; 758.043,00 ;50,29%; 381.198,53 
MG;CRISTINA;3120508; 776.596,71 ;47,48%; 368.726,19 
MG;CRUZEIRO DA FORTALEZA;3120706; 440.553,26 ;48,32%; 212.884,61 
MG;CURRAL DE DENTRO;3120870; 1.350.511,50 ;54,69%; 738.606,16 
MG;CURVELO;3120904; 180.814,40 ;50,78%; 91.810,37 
MG;DATAS;3121001; 552.520,87 ;49,81%; 275.197,57 
MG;DELFINOPOLIS;3121209; 1.827.011,65 ;43,09%; 787.293,92 
MG;DELTA;3121258; 2.169.195,73 ;49,70%; 1.078.013,96 
MG;DIONISIO;3121803; 160.959,98 ;54,06%; 87.007,79 
MG;DIVINO;3122009; 2.924.527,69 ;57,56%; 1.683.404,05 
MG;DIVINOLANDIA DE MINAS;3122207; 6.209.189,08 ;46,80%; 2.906.158,79 
MG;DIVISA NOVA;3122405; 957.036,27 ;49,34%; 472.192,43 
MG;DIVISOPOLIS;3122454; 2.613.389,27 ;53,27%; 1.392.033,89 
MG;DONA EUZEBIA;3122900; 723.410,45 ;45,18%; 326.822,44 
MG;ELOI MENDES;3123601; 462.317,68 ;48,89%; 226.040,79 
MG;ENGENHEIRO NAVARRO;3123809; 233.886,02 ;56,59%; 132.365,72 
MG;ENTRE FOLHAS;3123858; 653.573,34 ;43,36%; 283.409,83 
MG;ERVALIA;3124005; 613.005,61 ;50,91%; 312.051,28 
MG;ESMERALDAS;3124104; 10.393.440,98 ;58,16%; 6.044.924,97 
MG;ESPERA FELIZ;3124203; 1.178.494,22 ;52,65%; 620.451,13 
MG;ESPINOSA;3124302; 1.309.891,38 ;53,58%; 701.795,52 
MG;ESPIRITO SANTO DO DOURADO;3124401; 1.433.233,18 ;52,49%; 752.322,47 
MG;FELISBURGO;3125606; 465.668,37 ;52,97%; 246.669,70 
MG;FERVEDOURO;3125952; 96.175,04 ;55,90%; 53.761,27 
MG;FORMOSO;3126208; 565.930,28 ;48,76%; 275.974,52 
MG;FREI GASPAR;3126802; 1.890.841,86 ;40,25%; 760.978,16 
MG;FREI INOCENCIO;3126901; 1.540.553,12 ;46,17%; 711.220,32 
MG;GAMELEIRAS;3127339; 2.166.214,85 ;37,82%; 819.322,59 
MG;GONZAGA;3127503; 233.354,14 ;47,68%; 111.268,01 
MG;GUARANESIA;3128303; 3.050.729,06 ;51,07%; 1.558.153,44 
MG;GUARARA;3128501; 403.070,79 ;36,20%; 145.896,10 
MG;GUIDOVAL;3128808; 146.157,58 ;48,40%; 70.736,28 
MG;IAPU;3129301; 402.084,45 ;47,61%; 191.427,25 
MG;IBIRACATU;3129657; 459.835,29 ;45,65%; 209.934,25 
MG;IBIRITE;3129806; 8.748.142,35 ;55,66%; 4.869.358,45 
MG;ICARAI DE MINAS;3130051; 523.806,41 ;57,45%; 300.943,57 
MG;IGARATINGA;3130200; 65.938,35 ;48,84%; 32.206,89 
MG;IMBE DE MINAS;3130556; 351.803,64 ;49,17%; 172.987,44 
MG;INDAIABIRA;3130655; 710.394,95 ;48,40%; 343.842,24 
MG;INHAPIM;3130903; 763.996,49 ;50,37%; 384.821,29 
MG;IPABA;3131158; 3.504.412,60 ;55,35%; 1.939.739,99 
MG;IPANEMA;3131208; 8.506.511,62 ;54,43%; 4.629.848,75 
MG;IPUIUNA;3131505; 275.068,06 ;48,03%; 132.104,37 
MG;ITABIRINHA;3131802; 1.429.122,93 ;50,86%; 726.819,05 
MG;ITACARAMBI;3132107; 3.396.713,75 ;44,46%; 1.510.124,59 
MG;ITAMARANDIBA;3132503; 7.680.141,25 ;44,35%; 3.406.430,25 
MG;ITAMBACURI;3132701; 5.064.929,75 ;49,50%; 2.507.098,81 
MG;ITANHOMI;3133204; 296.882,86 ;42,77%; 126.986,26 
MG;ITAOBIM;3133303; 3.050.876,18 ;45,83%; 1.398.138,75 
MG;ITAPEVA;3133600; 5.611.993,18 ;45,08%; 2.529.669,44 
MG;JAIBA;3135050; 698.415,55 ;53,98%; 377.010,40 
MG;JANUARIA;3135209; 7.632.350,95 ;57,14%; 4.361.033,40 
MG;JAPONVAR;3135357; 5.604.338,55 ;48,36%; 2.710.313,28 
MG;JEQUITINHONHA;3135803; 1.859.205,46 ;48,61%; 903.848,41 
MG;JOAIMA;3136009; 2.959.685,69 ;55,13%; 1.631.538,83 
MG;JUATUBA;3136652; 3.842.151,37 ;49,30%; 1.894.305,40 
MG;JURUAIA;3136900; 15.569,63 ;47,85%; 7.450,71 
MG;LAGOA DA PRATA;3137205; 312.299,98 ;49,15%; 153.492,96 
MG;LAGOA DOURADA;3137403; 408.668,86 ;52,75%; 215.579,23 
MG;LAJINHA;3137700; 4.183.832,17 ;51,59%; 2.158.455,46 
MG;LEME DO PRADO;3138351; 36.835,33 ;40,20%; 14.807,67 
MG;LONTRA;3138658; 1.635.836,50 ;48,97%; 801.148,03 
MG;LUISBURGO;3138674; 552.138,28 ;54,65%; 301.746,02 
MG;MACHADO;3139003; 2.074.690,56 ;45,32%; 940.260,28 
MG;MANGA;3139300; 1.123.363,00 ;50,95%; 572.359,98 
MG;MANHUACU;3139409; 3.019.165,72 ;53,68%; 1.620.748,06 
MG;MANTENA;3139607; 1.600.852,91 ;49,78%; 796.919,17 
MG;MARAVILHAS;3139706; 771.975,29 ;47,19%; 364.281,42 
MG;MARIA DA FE;3139904; 1.849.612,66 ;50,55%; 935.057,06 
MG;MARILAC;3140100; 1.929.516,07 ;34,90%; 673.469,30 
MG;MARTINHO CAMPOS;3140506; 134.004,32 ;41,16%; 55.149,64 
MG;MARTINS SOARES;3140530; 2.226.348,78 ;56,12%; 1.249.410,05 
MG;MATA VERDE;3140555; 1.532.782,26 ;48,85%; 748.799,49 
MG;MATEUS LEME;3140704; 3.865.928,08 ;55,94%; 2.162.423,60 
MG;MATIAS CARDOSO;3140852; 2.029.515,43 ;49,25%; 999.450,33 
MG;MATIPO;3140902; 454.019,96 ;54,48%; 247.361,73 
MG;MATO VERDE;3141009; 744.339,67 ;50,49%; 375.812,27 
MG;MEDINA;3141405; 1.430.252,05 ;51,46%; 736.029,59 
MG;MINAS NOVAS;3141801; 1.884.002,99 ;53,79%; 1.013.350,15 
MG;MIRABELA;3142007; 1.175.681,43 ;47,76%; 561.519,11 
MG;MIRAVANIA;3142254; 998.803,55 ;42,55%; 424.991,81 
MG;MONSENHOR PAULO;3142601; 615.734,24 ;51,07%; 314.468,31 
MG;MONTALVANIA;3142700; 2.182.879,01 ;50,25%; 1.096.873,67 
MG;MONTE AZUL;3142908; 965.567,70 ;54,95%; 530.549,31 
MG;MONTE BELO;3143005; 133.594,35 ;50,55%; 67.530,56 
MG;MORADA NOVA DE MINAS;3143500; 628.882,58 ;45,32%; 285.038,35 
MG;MURIAE;3143906; 522.408,33 ;48,73%; 254.554,95 
MG;MUTUM;3144003; 2.831.366,27 ;57,25%; 1.620.816,55 
MG;NAQUE;3144359; 1.495.507,03 ;45,82%; 685.174,71 
MG;NATALANDIA;3144375; 548.930,00 ;37,91%; 208.110,21 
MG;NINHEIRA;3144656; 1.180.751,24 ;51,80%; 611.610,60 
MG;NOVA MODICA;3144904; 306.338,61 ;39,71%; 121.653,97 
MG;NOVA PORTEIRINHA;3145059; 239.108,79 ;40,77%; 97.480,87 
MG;NOVA RESENDE;3145109; 17.775,30 ;52,10%; 9.261,01 
MG;NOVA SERRANA;3145208; 38.404.212,94 ;48,18%; 18.502.263,04 
MG;NOVO CRUZEIRO;3145307; 2.469.304,87 ;55,09%; 1.360.303,59 
MG;NOVO ORIENTE DE MINAS;3145356; 381.079,42 ;56,81%; 216.474,80 
MG;NOVORIZONTE;3145372; 1.045.874,08 ;45,21%; 472.891,73 
MG;ORIZANIA;3145877; 1.225.562,45 ;55,01%; 674.138,47 
MG;OURO VERDE DE MINAS;3146206; 1.127.715,99 ;54,11%; 610.232,57 
MG;PADRE PARAISO;3146305; 4.827.700,33 ;46,33%; 2.236.764,60 
MG;PAI PEDRO;3146552; 592.196,43 ;48,71%; 288.432,13 
MG;PARAGUACU;3147204; 415.155,75 ;48,07%; 199.554,41 
MG;PEDRA AZUL;3148707; 5.037.733,02 ;51,89%; 2.613.854,62 
MG;PEDRA BONITA;3148756; 1.241.419,84 ;57,04%; 708.090,97 
MG;PEDRAS DE MARIA DA CRUZ;3149150; 1.174.321,14 ;48,75%; 572.424,72 
MG;PEQUERI;3149507; 12.242,57 ;48,32%; 5.916,20 
MG;PERDIGAO;3149705; 6.186.567,68 ;43,02%; 2.661.458,99 
MG;PERIQUITO;3149952; 1.863.061,58 ;36,38%; 677.733,25 
MG;PIEDADE DE CARATINGA;3150158; 1.445.902,78 ;54,13%; 782.662,34 
MG;PIEDADE DE PONTE NOVA;3150208; 31.124,42 ;45,81%; 14.259,35 
MG;PINTOPOLIS;3150570; 1.337.889,32 ;57,10%; 763.966,01 
MG;PIRANGUINHO;3151008; 840.189,34 ;45,94%; 385.962,41 
MG;PITANGUI;3151404; 976.898,73 ;47,22%; 461.273,67 
MG;PORTEIRINHA;3152204; 3.383.421,82 ;49,79%; 1.684.635,74 
MG;POTE;3152402; 1.641.904,00 ;53,19%; 873.315,88 
MG;PRESIDENTE BERNARDES;3153103; 289.281,45 ;56,71%; 164.042,93 
MG;PRUDENTE DE MORAIS;3153608; 1.917.442,46 ;46,37%; 889.173,47 
MG;RECREIO;3154101; 311.170,32 ;49,46%; 153.912,64 
MG;REDUTO;3154150; 691.406,06 ;49,00%; 338.818,15 
MG;RIACHINHO;3154457; 917.104,96 ;51,55%; 472.737,47 
MG;RIACHO DOS MACHADOS;3154507; 998.367,68 ;49,22%; 491.440,42 
MG;RIBEIRAO DAS NEVES;3154606; 44.401.694,57 ;52,27%; 23.210.125,58 
MG;RIO DO PRADO;3155108; 1.074.242,87 ;57,08%; 613.176,11 
MG;RIO NOVO;3155405; 314.413,99 ;46,01%; 144.655,75 
MG;RIO PARDO DE MINAS;3155603; 3.918.028,35 ;54,69%; 2.142.606,36 
MG;RIO PRETO;3155900; 216.815,11 ;51,29%; 111.214,69 
MG;RIO VERMELHO;3156007; 2.036.269,79 ;51,46%; 1.047.786,02 
MG;RODEIRO;3156304; 355.596,47 ;51,24%; 182.195,29 
MG;ROSARIO DA LIMEIRA;3156452; 408.411,00 ;52,75%; 215.444,07 
MG;RUBIM;3156601; 563.278,34 ;34,00%; 191.542,04 
MG;SABARA;3156700; 7.601.921,55 ;52,03%; 3.955.644,91 
MG;SALINAS;3157005; 1.098.416,57 ;53,47%; 587.355,43 
MG;SANTA BARBARA DO LESTE;3157252; 519.515,17 ;52,94%; 275.045,72 
MG;SANTA BARBARA DO TUGURIO;3157302; 1.956.434,82 ;51,41%; 1.005.786,84 
MG;SANTA MARGARIDA;3157906; 5.697.253,26 ;55,21%; 3.145.564,84 
MG;SANTA MARIA DO SALTO;3158102; 1.679.545,20 ;56,73%; 952.730,71 
MG;SANTA MARIA DO SUACUI;3158201; 780.514,24 ;50,18%; 391.641,26 
MG;SANTA RITA DE MINAS;3159357; 74.420,52 ;49,79%; 37.057,49 
MG;SANTA RITA DO ITUETO;3159506; 77.720,47 ;48,80%; 37.926,51 
MG;SANTA ROSA DA SERRA;3159704; 85.921,21 ;42,91%; 36.870,01 
MG;SANTANA DO MANHUACU;3158904; 1.622.788,27 ;53,31%; 865.135,25 
MG;SANTANA DO PARAISO;3158953; 1.035.192,53 ;48,90%; 506.185,69 
MG;SANTO ANTONIO DO AMPARO;3159902; 652.058,72 ;45,63%; 297.516,00 
MG;SANTO ANTONIO DO JACINTO;3160306; 522.298,52 ;57,33%; 299.418,14 
MG;SANTO ANTONIO DO MONTE;3160405; 1.893.285,10 ;45,90%; 868.979,14 
MG;SANTO ANTONIO DO RETIRO;3160454; 1.000.391,36 ;52,28%; 523.013,20 
MG;SAO BENTO ABADE;3160801; 691.864,81 ;46,16%; 319.380,55 
MG;SAO DOMINGOS DAS DORES;3160959; 1.145.663,70 ;48,36%; 554.022,08 
MG;SAO FRANCISCO;3161106; 3.098.582,81 ;60,47%; 1.873.780,73 
MG;SAO FRANCISCO DE PAULA;3161205; 894.281,35 ;46,67%; 417.366,42 
MG;SAO GERALDO;3161502; 1.182.597,53 ;46,29%; 547.441,57 
MG;SAO GONCALO DO PARA;3161809; 721.433,43 ;48,88%; 352.661,61 
MG;SAO GONCALO DO SAPUCAI;3162005; 1.220.158,01 ;45,99%; 561.202,38 
MG;SAO GOTARDO;3162104; 3.596.836,33 ;53,87%; 1.937.647,24 
MG;SAO JOAO DA PONTE;3162401; 7.192.343,26 ;52,58%; 3.781.960,30 
MG;SAO JOAO DO MANHUACU;3162559; 2.830.884,66 ;54,96%; 1.555.954,88 
MG;SAO JOAO DO ORIENTE;3162609; 576.889,87 ;54,67%; 315.395,91 
MG;SAO JOAO DO PARAISO;3162708; 1.860.658,01 ;54,47%; 1.013.479,61 
MG;SAO JOAO EVANGELISTA;3162807; 1.687.538,37 ;47,31%; 798.292,21 
MG;SAO JOAO NEPOMUCENO;3162906; 6.655.643,94 ;41,89%; 2.788.022,96 
MG;SAO JOAQUIM DE BICAS;3162922; 5.754.714,82 ;50,69%; 2.916.790,96 
MG;SAO JOSE DA LAPA;3162955; 1.911.283,04 ;37,71%; 720.724,83 
MG;SAO JOSE DO JACURI;3163508; 528.747,22 ;58,53%; 309.471,37 
MG;SAO SEBASTIAO DO ANTA;3164472; 1.712.758,69 ;50,66%; 867.720,25 
MG;SAO SEBASTIAO DO OESTE;3164605; 4.109.106,03 ;47,91%; 1.968.620,92 
MG;SAO THOME DAS LETRAS;3165206; 528.317,75 ;51,41%; 271.601,15 
MG;SARDOA;3165503; 2.040.243,40 ;44,95%; 917.165,30 
MG;SARZEDO;3165537; 73.484,43 ;49,12%; 36.098,81 
MG;SENADOR AMARAL;3165578; 1.824.543,62 ;50,98%; 930.162,70 
MG;SERICITA;3166303; 1.079.257,88 ;53,15%; 573.620,94 
MG;SERRA DOS AIMORES;3166709; 2.007.013,61 ;51,02%; 1.023.913,91 
MG;SERRANIA;3166907; 1.238.056,77 ;40,72%; 504.172,69 
MG;SIMONESIA;3167608; 8.034.411,02 ;52,72%; 4.236.018,38 
MG;TAIOBEIRAS;3168002; 3.341.690,94 ;47,90%; 1.600.819,36 
MG;TEIXEIRAS;3168507; 523.932,07 ;43,72%; 229.088,59 
MG;TEOFILO OTONI;3168606; 5.363.413,32 ;52,03%; 2.790.791,56 
MG;TOLEDO;3169109; 2.220.437,40 ;39,78%; 883.230,96 
MG;TRES PONTAS;3169406; 759.106,71 ;44,80%; 340.063,30 
MG;TUMIRITINGA;3169505; 557.555,59 ;49,11%; 273.793,35 
MG;TURMALINA;3169703; 1.060.658,97 ;45,16%; 479.010,10 
MG;TURVOLANDIA;3169802; 407.766,01 ;44,11%; 179.867,44 
MG;UBAI;3170008; 635.003,67 ;48,04%; 305.068,61 
MG;UBAPORANGA;3170057; 1.498.657,96 ;52,23%; 782.794,46 
MG;URUCANIA;3170503; 1.604.007,56 ;40,86%; 655.452,14 
MG;URUCUIA;3170529; 3.117.006,06 ;56,57%; 1.763.160,36 
MG;VARGEM GRANDE DO RIO PARDO;3170651; 145.529,32 ;56,26%; 81.867,80 
MG;VARZEA DA PALMA;3170800; 3.632.349,76 ;49,56%; 1.800.111,74 
MG;VARZELANDIA;3170909; 3.645.024,90 ;52,06%; 1.897.506,76 
MG;VERDELANDIA;3171030; 777.360,44 ;46,13%; 358.598,73 
MG;VERMELHO NOVO;3171154; 225.811,63 ;55,77%; 125.945,59 
MG;VESPASIANO;3171204; 22.965.122,70 ;54,27%; 12.462.162,93 
MG;VIRGINOPOLIS;3171808; 363.873,77 ;47,57%; 173.095,22 
MS;BELA VISTA;5002100; 257.973,81 ;48,17%; 124.258,55 
MS;CORONEL SAPUCAIA;5003157; 5.077.252,25 ;53,20%; 2.701.018,76 
MS;ITAQUIRAI;5004601; 3.769.369,07 ;52,35%; 1.973.107,95 
MS;JAPORA;5004809; 1.532.093,90 ;49,78%; 762.646,98 
MS;MIRANDA;5005608; 4.222.499,19 ;57,50%; 2.427.835,86 
MS;PARANHOS;5006358; 3.502.470,03 ;53,70%; 1.880.677,13 
MS;PORTO MURTINHO;5006903; 1.962.352,42 ;51,95%; 1.019.418,92 
MT;ALTA FLORESTA;5100250; 1.385.160,96 ;50,01%; 692.680,04 
MT;ALTO PARAGUAI;5100508; 608.035,73 ;51,49%; 313.052,49 
MT;BARAO DE MELGACO;5101605; 465.357,95 ;56,28%; 261.899,83 
MT;CAMPINAPOLIS;5102603; 5.757.369,14 ;55,52%; 3.196.741,55 
MT;CONFRESA;5103353; 5.811.985,35 ;56,17%; 3.264.724,12 
MT;JUARA;5105101; 6.907.643,89 ;49,13%; 3.393.864,83 
MT;JUINA;5105150; 1.915.968,93 ;49,36%; 945.658,14 
MT;MATUPA;5105606; 388.898,21 ;46,37%; 180.339,62 
MT;NOBRES;5105903; 2.860.657,56 ;53,60%; 1.533.283,78 
MT;PEIXOTO DE AZEVEDO;5106422; 3.559.527,10 ;52,60%; 1.872.252,70 
MT;SANTO ANTONIO DO LEVERGER;5107800; 480.024,74 ;47,75%; 229.225,87 
MT;SAO JOSE DOS QUATRO MARCOS;5107107; 112.439,61 ;53,35%; 59.983,87 
PA;ABAETETUBA;1500107; 118.632.603,13 ;53,88%; 63.917.570,50 
PA;ABEL FIGUEIREDO;1500131; 2.627.844,40 ;59,83%; 1.572.318,66 
PA;ACARA;1500206; 49.236.866,82 ;53,20%; 26.194.663,96 
PA;AFUA;1500305; 44.521.616,30 ;63,09%; 28.088.828,14 
PA;AGUA AZUL DO NORTE;1500347; 3.299.914,02 ;54,75%; 1.806.732,74 
PA;ALENQUER;1500404; 42.514.147,17 ;62,66%; 26.640.516,17 
PA;ALMEIRIM;1500503; 39.120.442,99 ;46,52%; 18.199.613,24 
PA;ALTAMIRA;1500602; 74.659.857,02 ;55,32%; 41.302.038,83 
PA;ANAJAS;1500701; 37.861.279,94 ;60,72%; 22.990.163,89 
PA;ANANINDEUA;1500800; 90.856.902,63 ;59,42%; 53.985.095,71 
PA;ANAPU;1500859; 34.603.375,36 ;58,66%; 20.298.928,17 
PA;AUGUSTO CORREA;1500909; 37.754.516,28 ;59,46%; 22.447.994,10 
PA;AURORA DO PARA;1500958; 20.751.319,67 ;56,68%; 11.762.105,46 
PA;AVEIRO;1501006; 18.537.526,44 ;52,66%; 9.762.093,63 
PA;BAGRE;1501105; 28.256.703,86 ;63,12%; 17.836.675,43 
PA;BAIAO;1501204; 22.742.406,54 ;54,81%; 12.464.020,32 
PA;BANNACH;1501253; 1.713.781,14 ;50,47%; 864.929,34 
PA;BELTERRA;1501451; 12.732.875,74 ;57,18%; 7.280.207,66 
PA;BENEVIDES;1501501; 51.428.142,63 ;53,63%; 27.580.561,50 
PA;BOM JESUS DO TOCANTINS;1501576; 6.746.410,35 ;55,67%; 3.755.535,84 
PA;BONITO;1501600; 9.255.891,31 ;59,57%; 5.513.551,53 
PA;BRAGANCA;1501709; 59.142.337,02 ;61,58%; 36.419.466,97 
PA;BRASIL NOVO;1501725; 31.120.194,25 ;58,98%; 18.355.402,10 
PA;BREJO GRANDE DO ARAGUAIA;1501758; 4.141.864,14 ;51,09%; 2.116.031,65 
PA;BREU BRANCO;1501782; 25.789.535,76 ;54,11%; 13.955.957,44 
PA;BREVES;1501808; 92.734.435,12 ;57,27%; 53.109.995,35 
PA;BUJARU;1501907; 29.955.350,94 ;53,52%; 16.032.094,87 
PA;CACHOEIRA DO ARARI;1502004; 16.215.123,19 ;55,11%; 8.935.962,00 
PA;CACHOEIRA DO PIRIA;1501956; 20.120.002,26 ;55,91%; 11.248.774,12 
PA;CAMETA;1502103; 92.608.117,34 ;57,23%; 53.003.576,75 
PA;CAPANEMA;1502202; 23.999.805,27 ;53,72%; 12.893.494,37 
PA;CAPITAO POCO;1502301; 48.243.187,99 ;58,01%; 27.987.420,93 
PA;CASTANHAL;1502400; 56.064.425,96 ;58,53%; 32.812.052,72 
PA;CHAVES;1502509; 38.829.903,77 ;57,03%; 22.145.299,50 
PA;COLARES;1502608; 10.037.972,79 ;57,32%; 5.753.790,52 
PA;CONCEICAO DO ARAGUAIA;1502707; 10.941.255,19 ;55,22%; 6.042.286,06 
PA;CONCORDIA DO PARA;1502756; 39.449.281,40 ;46,63%; 18.393.699,05 
PA;CUMARU DO NORTE;1502764; 16.911.047,17 ;46,43%; 7.852.440,90 
PA;CURIONOPOLIS;1502772; 12.440.874,20 ;46,38%; 5.770.045,40 
PA;CURRALINHO;1502806; 30.694.664,04 ;61,64%; 18.921.239,33 
PA;CURUA;1502855; 13.372.370,29 ;56,64%; 7.574.388,33 
PA;CURUCA;1502905; 26.572.279,18 ;53,80%; 14.294.957,06 
PA;DOM ELISEU;1502939; 35.819.571,68 ;52,68%; 18.871.509,27 
PA;ELDORADO DO CARAJAS;1502954; 15.325.555,22 ;56,24%; 8.619.119,64 
PA;FARO;1503002; 5.623.326,33 ;49,94%; 2.808.031,29 
PA;FLORESTA DO ARAGUAIA;1503044; 17.099.034,18 ;53,52%; 9.151.662,71 
PA;GARRAFAO DO NORTE;1503077; 17.239.119,64 ;55,55%; 9.576.976,88 
PA;GOIANESIA DO PARA;1503093; 11.649.444,17 ;54,17%; 6.310.602,97 
PA;GURUPA;1503101; 69.235.967,63 ;59,92%; 41.488.160,20 
PA;IGARAPE-ACU;1503200; 15.420.855,70 ;56,66%; 8.738.125,24 
PA;IGARAPE-MIRI;1503309; 48.298.558,41 ;59,02%; 28.504.820,91 
PA;INHANGAPI;1503408; 6.364.042,59 ;56,12%; 3.571.255,46 
PA;IPIXUNA DO PARA;1503457; 26.381.114,37 ;52,30%; 13.798.636,26 
PA;IRITUIA;1503507; 15.554.010,00 ;56,21%; 8.742.337,65 
PA;ITAITUBA;1503606; 73.755.570,67 ;53,89%; 39.747.844,35 
PA;ITUPIRANGA;1503705; 47.952.017,88 ;53,48%; 25.646.996,80 
PA;JACAREACANGA;1503754; 23.497.100,91 ;54,96%; 12.914.756,21 
PA;JACUNDA;1503804; 18.164.187,02 ;51,80%; 9.409.750,90 
PA;JURUTI;1503903; 11.067.248,32 ;63,22%; 6.997.121,01 
PA;LIMOEIRO DO AJURU;1504000; 20.369.795,15 ;54,93%; 11.188.680,91 
PA;MAE DO RIO;1504059; 25.547.916,74 ;55,75%; 14.241.899,13 
PA;MAGALHAES BARATA;1504109; 4.635.169,04 ;43,20%; 2.002.324,09 
PA;MARABA;1504208; 71.028.841,13 ;57,42%; 40.783.604,06 
PA;MARACANA;1504307; 25.276.200,51 ;53,93%; 13.630.521,70 
PA;MARAPANIM;1504406; 15.038.337,93 ;54,40%; 8.180.430,32 
PA;MARITUBA;1504422; 44.241.454,92 ;53,56%; 23.697.578,07 
PA;MEDICILANDIA;1504455; 18.386.304,86 ;58,49%; 10.754.139,28 
PA;MELGACO;1504505; 47.332.755,94 ;59,12%; 27.985.218,37 
PA;MOCAJUBA;1504604; 30.038.095,31 ;51,21%; 15.382.887,58 
PA;MOJU;1504703; 76.998.258,43 ;55,65%; 42.846.332,08 
PA;MOJUI DOS CAMPOS;1504752; 18.012.818,61 ;62,20%; 11.203.270,01 
PA;MONTE ALEGRE;1504802; 49.063.537,91 ;54,93%; 26.951.374,84 
PA;MUANA;1504901; 39.385.996,80 ;61,36%; 24.167.110,54 
PA;NOVA ESPERANCA DO PIRIA;1504950; 15.225.356,50 ;56,90%; 8.663.944,68 
PA;NOVA IPIXUNA;1504976; 5.712.857,75 ;56,10%; 3.204.747,85 
PA;NOVA TIMBOTEUA;1505007; 9.327.995,33 ;52,37%; 4.885.348,38 
PA;NOVO PROGRESSO;1505031; 28.283.090,70 ;49,52%; 14.005.646,08 
PA;NOVO REPARTIMENTO;1505064; 52.344.238,97 ;57,56%; 30.129.199,74 
PA;OBIDOS;1505106; 37.619.904,94 ;57,89%; 21.778.323,93 
PA;OEIRAS DO PARA;1505205; 35.525.841,96 ;57,06%; 20.272.458,67 
PA;ORIXIMINA;1505304; 57.380.406,91 ;58,29%; 33.447.679,97 
PA;OUREM;1505403; 7.431.908,21 ;52,34%; 3.889.965,02 
PA;OURILANDIA DO NORTE;1505437; 10.161.419,61 ;55,10%; 5.598.920,81 
PA;PACAJA;1505486; 52.704.825,40 ;53,76%; 28.331.894,74 
PA;PALESTINA DO PARA;1505494; 3.313.636,74 ;51,20%; 1.696.525,06 
PA;PARAGOMINAS;1505502; 59.522.282,29 ;56,52%; 33.640.376,54 
PA;PAU DARCO;1505551; 5.246.599,28 ;51,43%; 2.698.427,01 
PA;PEIXE-BOI;1505601; 3.909.996,68 ;45,79%; 1.790.368,89 
PA;PICARRA;1505635; 23.837.982,13 ;45,40%; 10.822.500,42 
PA;PLACAS;1505650; 36.879.263,60 ;58,66%; 21.634.374,64 
PA;PONTA DE PEDRAS;1505700; 14.273.860,50 ;58,17%; 8.303.489,15 
PA;PORTEL;1505809; 85.227.039,40 ;61,27%; 52.218.457,98 
PA;PORTO DE MOZ;1505908; 58.650.694,47 ;59,01%; 34.611.086,56 
PA;PRAINHA;1506005; 34.422.659,18 ;55,25%; 19.018.295,33 
PA;PRIMAVERA;1506104; 3.184.981,68 ;53,86%; 1.715.273,71 
PA;QUATIPURU;1506112; 3.779.729,57 ;60,00%; 2.267.777,59 
PA;REDENCAO;1506138; 46.588.601,80 ;53,57%; 24.957.297,53 
PA;RIO MARIA;1506161; 6.030.626,83 ;56,41%; 3.401.973,00 
PA;RONDON DO PARA;1506187; 15.203.264,01 ;55,85%; 8.491.763,73 
PA;RUROPOLIS;1506195; 48.890.845,69 ;54,39%; 26.590.524,46 
PA;SALINOPOLIS;1506203; 19.751.622,04 ;56,13%; 11.086.939,64 
PA;SALVATERRA;1506302; 19.943.348,78 ;57,96%; 11.559.671,19 
PA;SANTA BARBARA DO PARA;1506351; 9.236.963,53 ;56,42%; 5.211.942,58 
PA;SANTA CRUZ DO ARARI;1506401; 6.709.790,09 ;53,43%; 3.584.773,12 
PA;SANTA IZABEL DO PARA;1506500; 34.210.594,03 ;57,45%; 19.654.044,19 
PA;SANTA LUZIA DO PARA;1506559; 14.069.333,59 ;59,93%; 8.432.363,19 
PA;SANTA MARIA DAS BARREIRAS;1506583; 14.940.510,59 ;54,23%; 8.102.234,52 
PA;SANTA MARIA DO PARA;1506609; 10.032.632,26 ;53,62%; 5.379.024,20 
PA;SANTANA DO ARAGUAIA;1506708; 45.970.318,17 ;43,68%; 20.081.223,02 
PA;SANTAREM;1506807; 205.119.302,96 ;56,94%; 116.804.065,99 
PA;SANTAREM NOVO;1506906; 5.827.536,68 ;51,50%; 3.000.998,84 
PA;SANTO ANTONIO DO TAUA;1507003; 28.033.765,36 ;57,59%; 16.143.519,26 
PA;SAO CAETANO DE ODIVELAS;1507102; 13.543.894,18 ;53,57%; 7.255.751,51 
PA;SAO DOMINGOS DO ARAGUAIA;1507151; 9.298.625,63 ;55,35%; 5.146.931,84 
PA;SAO DOMINGOS DO CAPIM;1507201; 26.517.235,36 ;52,06%; 13.805.183,60 
PA;SAO FELIX DO XINGU;1507300; 39.571.013,65 ;53,82%; 21.296.001,62 
PA;SAO FRANCISCO DO PARA;1507409; 11.356.774,23 ;62,27%; 7.071.519,93 
PA;SAO GERALDO DO ARAGUAIA;1507458; 22.395.404,82 ;54,50%; 12.204.380,61 
PA;SAO JOAO DE PIRABAS;1507474; 15.407.544,28 ;63,64%; 9.804.846,28 
PA;SAO JOAO DO ARAGUAIA;1507508; 7.860.053,37 ;57,44%; 4.514.836,91 
PA;SAO MIGUEL DO GUAMA;1507607; 50.764.025,17 ;54,59%; 27.709.988,78 
PA;SAO SEBASTIAO DA BOA VISTA;1507706; 24.559.419,90 ;53,98%; 13.256.390,81 
PA;SAPUCAIA;1507755; 7.071.144,14 ;44,03%; 3.113.225,47 
PA;SENADOR JOSE PORFIRIO;1507805; 33.373.261,31 ;55,43%; 18.498.077,83 
PA;SOURE;1507904; 13.495.148,13 ;49,10%; 6.625.654,47 
PA;TAILANDIA;1507953; 60.355.132,57 ;54,22%; 32.723.340,88 
PA;TERRA ALTA;1507961; 8.505.893,28 ;53,41%; 4.542.626,54 
PA;TERRA SANTA;1507979; 13.933.821,18 ;56,80%; 7.914.230,05 
PA;TOME-ACU;1508001; 59.228.637,61 ;55,75%; 33.022.692,08 
PA;TRACUATEUA;1508035; 16.361.288,29 ;61,72%; 10.098.744,52 
PA;TRAIRAO;1508050; 9.982.210,47 ;54,34%; 5.423.973,54 
PA;TUCUMA;1508084; 13.357.942,04 ;49,91%; 6.666.692,21 
PA;TUCURUI;1508100; 109.306.634,88 ;53,48%; 58.459.976,47 
PA;ULIANOPOLIS;1508126; 18.338.359,64 ;51,63%; 9.467.836,29 
PA;URUARA;1508159; 46.530.039,05 ;64,31%; 29.925.053,53 
PA;VIGIA;1508209; 29.190.224,67 ;56,98%; 16.633.049,49 
PA;VISEU;1508308; 47.852.782,29 ;53,09%; 25.403.059,40 
PA;VITORIA DO XINGU;1508357; 6.102.800,95 ;56,08%; 3.422.744,26 
PA;XINGUARA;1508407; 24.558.997,44 ;52,38%; 12.864.409,84 
PB;AGUA BRANCA;2500106; 5.905.160,02 ;44,04%; 2.600.576,78 
PB;AGUIAR;2500205; 4.207.495,64 ;35,18%; 1.480.045,41 
PB;ALAGOA GRANDE;2500304; 13.725.742,21 ;56,33%; 7.732.131,15 
PB;ALAGOA NOVA;2500403; 16.326.978,79 ;55,96%; 9.135.956,24 
PB;ALAGOINHA;2500502; 2.645.954,55 ;55,65%; 1.472.560,31 
PB;ALCANTIL;2500536; 3.833.267,99 ;47,42%; 1.817.673,40 
PB;ALGODAO DE JANDAIRA;2500577; 404.922,99 ;58,34%; 236.223,18 
PB;ALHANDRA;2500601; 4.209.168,02 ;52,98%; 2.229.827,52 
PB;APARECIDA;2500775; 5.774.423,99 ;54,05%; 3.121.040,34 
PB;ARACAGI;2500809; 8.186.938,99 ;50,07%; 4.098.825,18 
PB;ARARA;2500908; 1.389.576,51 ;54,56%; 758.119,05 
PB;ARARUNA;2501005; 11.000.514,84 ;55,55%; 6.111.228,77 
PB;AREIA;2501104; 16.613.355,47 ;54,78%; 9.101.473,35 
PB;AREIAL;2501203; 5.074.230,50 ;51,47%; 2.611.917,86 
PB;AROEIRAS;2501302; 14.704.400,89 ;49,56%; 7.287.384,37 
PB;ASSUNCAO;2501351; 1.610.410,97 ;47,68%; 767.781,24 
PB;BAIA DA TRAICAO;2501401; 20.074.751,03 ;50,60%; 10.158.287,86 
PB;BANANEIRAS;2501500; 8.555.125,26 ;53,02%; 4.535.757,42 
PB;BARAUNA;2501534; 1.850.869,86 ;46,71%; 864.622,84 
PB;BARRA DE SANTA ROSA;2501609; 5.928.349,08 ;47,31%; 2.804.516,48 
PB;BARRA DE SANTANA;2501575; 7.761.968,70 ;55,55%; 4.311.962,56 
PB;BARRA DE SAO MIGUEL;2501708; 11.353.769,64 ;41,49%; 4.710.685,45 
PB;BAYEUX;2501807; 7.547.300,04 ;56,57%; 4.269.795,22 
PB;BELEM;2501906; 3.548.377,52 ;57,28%; 2.032.588,14 
PB;BELEM DO BREJO DO CRUZ;2502003; 2.057.811,92 ;45,56%; 937.604,84 
PB;BERNARDINO BATISTA;2502052; 4.885.338,52 ;44,86%; 2.191.446,08 
PB;BOA VENTURA;2502102; 1.181.022,39 ;58,60%; 692.038,83 
PB;BOA VISTA;2502151; 2.185.378,60 ;55,01%; 1.202.253,03 
PB;BOM JESUS;2502201; 2.349.601,17 ;38,74%; 910.219,23 
PB;BONITO DE SANTA FE;2502409; 4.932.602,04 ;53,06%; 2.617.170,37 
PB;BOQUEIRAO;2502508; 5.116.141,16 ;57,64%; 2.948.850,46 
PB;BORBOREMA;2502706; 1.127.126,33 ;56,01%; 631.343,14 
PB;BREJO DO CRUZ;2502805; 3.705.052,17 ;46,98%; 1.740.600,94 
PB;BREJO DOS SANTOS;2502904; 929.373,17 ;54,85%; 509.761,49 
PB;CAAPORA;2503001; 15.118.670,71 ;52,64%; 7.958.174,69 
PB;CABACEIRAS;2503100; 4.686.498,71 ;53,45%; 2.504.720,54 
PB;CACHOEIRA DOS INDIOS;2503308; 6.313.378,98 ;49,88%; 3.149.091,63 
PB;CACIMBA DE AREIA;2503407; 832.710,94 ;58,79%; 489.555,07 
PB;CACIMBA DE DENTRO;2503506; 7.860.416,29 ;52,32%; 4.112.243,56 
PB;CACIMBAS;2503555; 7.700.578,88 ;55,93%; 4.306.709,23 
PB;CAICARA;2503605; 3.324.825,31 ;46,66%; 1.551.480,92 
PB;CAJAZEIRAS;2503704; 31.524.389,23 ;48,91%; 15.417.066,61 
PB;CAJAZEIRINHAS;2503753; 36.103,28 ;35,99%; 12.994,45 
PB;CALDAS BRANDAO;2503803; 419.738,80 ;57,40%; 240.944,32 
PB;CAMALAU;2503902; 3.071.025,02 ;50,55%; 1.552.538,20 
PB;CAMPINA GRANDE;2504009; 65.815.937,07 ;53,13%; 34.970.039,88 
PB;CAPIM;2504033; 3.637.038,18 ;56,07%; 2.039.160,48 
PB;CARAUBAS;2504074; 10.514,44 ;48,04%; 5.050,62 
PB;CARRAPATEIRA;2504108; 132.634,79 ;44,87%; 59.506,93 
PB;CASSERENGUE;2504157; 2.449.454,94 ;56,40%; 1.381.491,94 
PB;CATINGUEIRA;2504207; 747.444,74 ;48,43%; 361.993,23 
PB;CATOLE DO ROCHA;2504306; 7.240.095,61 ;53,14%; 3.847.377,90 
PB;CATURITE;2504355; 4.113.086,77 ;52,05%; 2.141.019,73 
PB;CONCEICAO;2504405; 8.074.927,98 ;56,65%; 4.574.234,88 
PB;CONDADO;2504504; 421.324,04 ;60,85%; 256.363,88 
PB;CONDE;2504603; 10.441.281,46 ;55,81%; 5.827.631,11 
PB;CONGO;2504702; 1.823.779,13 ;50,24%; 916.227,21 
PB;COREMAS;2504801; 5.511.157,48 ;56,94%; 3.138.250,20 
PB;CRUZ DO ESPIRITO SANTO;2504900; 7.034.989,20 ;54,54%; 3.836.587,24 
PB;CUBATI;2505006; 6.750.962,03 ;49,07%; 3.312.423,21 
PB;CUITE;2505105; 10.904.549,85 ;48,41%; 5.279.153,53 
PB;CUITE DE MAMANGUAPE;2505238; 2.687.365,48 ;46,45%; 1.248.306,45 
PB;CUITEGI;2505204; 3.038.755,80 ;46,93%; 1.426.176,64 
PB;CURRAL DE CIMA;2505279; 4.413.499,27 ;51,38%; 2.267.563,72 
PB;CURRAL VELHO;2505303; 825.417,64 ;31,66%; 261.305,82 
PB;DAMIAO;2505352; 2.329.024,21 ;42,88%; 998.737,92 
PB;DESTERRO;2505402; 2.362.484,60 ;49,93%; 1.179.594,62 
PB;DIAMANTE;2505600; 3.738.496,97 ;51,94%; 1.941.901,57 
PB;DONA INES;2505709; 4.899.943,94 ;51,68%; 2.532.285,84 
PB;DUAS ESTRADAS;2505808; 179.537,89 ;55,02%; 98.781,17 
PB;EMAS;2505907; 506.191,61 ;55,11%; 278.946,51 
PB;ESPERANCA;2506004; 20.516.216,85 ;55,68%; 11.423.452,55 
PB;FAGUNDES;2506103; 2.003.527,68 ;53,85%; 1.078.921,94 
PB;FREI MARTINHO;2506202; 339.532,86 ;38,66%; 131.258,73 
PB;GADO BRAVO;2506251; 11.607.997,65 ;49,99%; 5.803.126,29 
PB;GUARABIRA;2506301; 18.082.766,89 ;52,60%; 9.512.427,03 
PB;GURINHEM;2506400; 14.617.327,38 ;46,61%; 6.813.781,78 
PB;GURJAO;2506509; 1.320.695,46 ;44,45%; 587.009,82 
PB;IBIARA;2506608; 2.220.168,31 ;47,08%; 1.045.287,01 
PB;IGARACY;2502607; 1.702.891,29 ;53,01%; 902.717,71 
PB;IMACULADA;2506707; 2.302.425,56 ;53,08%; 1.222.118,53 
PB;INGA;2506806; 9.866.523,64 ;54,99%; 5.425.499,03 
PB;ITABAIANA;2506905; 8.566.760,98 ;49,56%; 4.245.569,65 
PB;ITAPORANGA;2507002; 6.102.767,48 ;55,19%; 3.367.849,84 
PB;ITAPOROROCA;2507101; 7.083.468,02 ;52,18%; 3.696.309,83 
PB;ITATUBA;2507200; 2.539.143,81 ;54,56%; 1.385.482,36 
PB;JACARAU;2507309; 7.853.096,26 ;49,38%; 3.877.628,89 
PB;JERICO;2507408; 3.943.305,54 ;33,37%; 1.315.770,83 
PB;JOCA CLAUDINO;2513653; 3.878.066,29 ;40,85%; 1.584.239,37 
PB;JUAREZ TAVORA;2507606; 3.810.899,67 ;52,23%; 1.990.604,20 
PB;JUAZEIRINHO;2507705; 6.674.296,02 ;58,16%; 3.882.000,98 
PB;JUNCO DO SERIDO;2507804; 2.570.057,01 ;55,54%; 1.427.291,81 
PB;JURIPIRANGA;2507903; 4.957.774,51 ;50,65%; 2.511.179,24 
PB;JURU;2508000; 4.084.308,03 ;54,99%; 2.245.769,83 
PB;LAGOA DE DENTRO;2508208; 4.647.429,51 ;50,51%; 2.347.525,03 
PB;LAGOA SECA;2508307; 18.742.115,23 ;52,95%; 9.923.249,31 
PB;LASTRO;2508406; 1.014.366,36 ;58,36%; 591.953,30 
PB;LIVRAMENTO;2508505; 3.211.538,60 ;53,74%; 1.725.987,37 
PB;LOGRADOURO;2508554; 3.222.029,28 ;52,87%; 1.703.498,92 
PB;LUCENA;2508604; 7.815.625,94 ;52,75%; 4.122.810,58 
PB;MAE DAGUA;2508703; 274.313,14 ;54,42%; 149.284,09 
PB;MALTA;2508802; 3.697.101,33 ;53,76%; 1.987.502,47 
PB;MAMANGUAPE;2508901; 16.267.960,84 ;60,13%; 9.781.834,96 
PB;MANAIRA;2509008; 5.103.523,15 ;49,36%; 2.518.923,27 
PB;MARCACAO;2509057; 6.300.986,71 ;54,48%; 3.432.673,88 
PB;MARI;2509107; 8.052.802,16 ;52,43%; 4.222.434,24 
PB;MARIZOPOLIS;2509156; 7.213.526,24 ;32,82%; 2.367.525,90 
PB;MASSARANDUBA;2509206; 8.362.484,94 ;58,50%; 4.891.864,52 
PB;MATARACA;2509305; 7.306.701,96 ;51,11%; 3.734.177,79 
PB;MATINHAS;2509339; 2.635.665,56 ;49,95%; 1.316.407,91 
PB;MATO GROSSO;2509370; 1.552.679,92 ;31,67%; 491.778,74 
PB;MATUREIA;2509396; 3.942.741,51 ;51,07%; 2.013.500,71 
PB;MOGEIRO;2509404; 10.792.381,40 ;53,18%; 5.739.051,75 
PB;MONTADAS;2509503; 4.970.048,30 ;50,31%; 2.500.505,95 
PB;MONTE HOREBE;2509602; 638.388,37 ;53,22%; 339.740,96 
PB;MONTEIRO;2509701; 16.823.246,30 ;50,86%; 8.555.948,99 
PB;MULUNGU;2509800; 8.254.913,62 ;57,60%; 4.755.230,69 
PB;NATUBA;2509909; 7.361.960,50 ;47,62%; 3.505.631,07 
PB;NAZAREZINHO;2510006; 944.395,02 ;59,70%; 563.840,11 
PB;NOVA FLORESTA;2510105; 4.940.823,81 ;51,56%; 2.547.435,23 
PB;NOVA OLINDA;2510204; 2.878.960,30 ;45,77%; 1.317.825,81 
PB;OLHO DAGUA;2510402; 2.715.663,28 ;55,01%; 1.493.932,96 
PB;OLIVEDOS;2510501; 1.651.817,42 ;55,30%; 913.416,77 
PB;PASSAGEM;2510709; 1.780.688,32 ;56,17%; 1.000.135,47 
PB;PATOS;2510808; 37.557.488,55 ;53,00%; 19.905.378,32 
PB;PAULISTA;2510907; 4.934.858,64 ;49,63%; 2.449.168,30 
PB;PEDRA BRANCA;2511004; 2.537.537,57 ;45,20%; 1.146.900,29 
PB;PEDRA LAVRADA;2511103; 3.450.047,63 ;41,40%; 1.428.433,91 
PB;PEDRAS DE FOGO;2511202; 13.561.085,81 ;55,97%; 7.589.794,00 
PB;PEDRO REGIS;2512721; 3.267.388,09 ;51,94%; 1.697.201,04 
PB;PIANCO;2511301; 6.517.103,52 ;55,39%; 3.609.939,87 
PB;PICUI;2511400; 8.972.451,92 ;47,82%; 4.291.011,47 
PB;PILAR;2511509; 10.932.271,78 ;48,50%; 5.302.179,96 
PB;PILOES;2511608; 5.670.203,44 ;55,01%; 3.119.153,49 
PB;PILOEZINHOS;2511707; 2.228.502,32 ;56,51%; 1.259.250,57 
PB;PIRPIRITUBA;2511806; 3.839.766,50 ;55,60%; 2.135.057,18 
PB;PITIMBU;2511905; 4.035.785,25 ;51,00%; 2.058.257,90 
PB;POCINHOS;2512002; 14.701.856,31 ;54,22%; 7.971.721,86 
PB;POCO DANTAS;2512036; 2.111.885,52 ;38,19%; 806.595,46 
PB;POCO DE JOSE DE MOURA;2512077; 9.253.856,26 ;33,33%; 3.084.437,87 
PB;POMBAL;2512101; 20.397.135,76 ;51,00%; 10.401.710,54 
PB;PRATA;2512200; 658.141,56 ;48,47%; 318.981,72 
PB;PRINCESA ISABEL;2512309; 7.346.914,11 ;53,95%; 3.963.304,87 
PB;PUXINANA;2512408; 19.139.144,36 ;46,89%; 8.974.693,55 
PB;QUEIMADAS;2512507; 38.548.092,33 ;51,31%; 19.777.577,74 
PB;REMIGIO;2512705; 10.678.567,27 ;52,37%; 5.592.690,72 
PB;RIACHAO;2512747; 167.141,35 ;45,75%; 76.471,40 
PB;RIACHAO DO BACAMARTE;2512754; 3.442.365,29 ;45,28%; 1.558.712,43 
PB;RIACHAO DO POCO;2512762; 3.498.694,67 ;49,58%; 1.734.587,41 
PB;RIACHO DE SANTO ANTONIO;2512788; 629.073,57 ;45,45%; 285.908,21 
PB;RIACHO DOS CAVALOS;2512804; 6.434.251,61 ;53,25%; 3.426.361,75 
PB;RIO TINTO;2512903; 15.836.731,60 ;51,42%; 8.143.449,49 
PB;SALGADINHO;2513000; 49.257,05 ;52,85%; 26.032,59 
PB;SALGADO DE SAO FELIX;2513109; 5.184.054,39 ;41,88%; 2.171.285,08 
PB;SANTA CECILIA;2513158; 4.005.063,68 ;47,26%; 1.892.634,10 
PB;SANTA CRUZ;2513208; 636.200,66 ;57,57%; 366.289,74 
PB;SANTA LUZIA;2513406; 4.366.555,06 ;51,52%; 2.249.501,29 
PB;SANTA RITA;2513703; 13.880.636,93 ;58,58%; 8.131.510,38 
PB;SANTANA DE MANGUEIRA;2513505; 3.779.662,77 ;50,87%; 1.922.850,52 
PB;SANTANA DOS GARROTES;2513604; 930.549,64 ;53,67%; 499.471,24 
PB;SANTO ANDRE;2513851; 175.769,19 ;47,28%; 83.102,46 
PB;SAO BENTINHO;2513927; 1.444.892,46 ;43,21%; 624.317,30 
PB;SAO BENTO;2513901; 25.007.058,29 ;50,27%; 12.572.047,66 
PB;SAO DOMINGOS DO CARIRI;2513943; 1.375.438,46 ;49,14%; 675.884,80 
PB;SAO FRANCISCO;2513984; 3.199.492,48 ;48,05%; 1.537.492,11 
PB;SAO JOAO DO CARIRI;2514008; 3.503.814,51 ;49,80%; 1.744.727,38 
PB;SAO JOAO DO RIO DO PEIXE;2500700; 2.240.425,27 ;41,33%; 925.948,88 
PB;SAO JOAO DO TIGRE;2514107; 1.503.367,93 ;55,50%; 834.412,87 
PB;SAO JOSE DA LAGOA TAPADA;2514206; 4.726.454,65 ;59,33%; 2.804.183,38 
PB;SAO JOSE DE CAIANA;2514305; 1.805.776,28 ;49,44%; 892.864,23 
PB;SAO JOSE DE ESPINHARAS;2514404; 216.668,70 ;50,46%; 109.332,06 
PB;SAO JOSE DE PIRANHAS;2514503; 5.396.686,35 ;55,07%; 2.971.989,22 
PB;SAO JOSE DE PRINCESA;2514552; 1.400.739,45 ;41,14%; 576.244,16 
PB;SAO JOSE DO BONFIM;2514602; 839.499,40 ;49,96%; 419.378,84 
PB;SAO JOSE DO BREJO DO CRUZ;2514651; 161.374,63 ;33,91%; 54.714,73 
PB;SAO JOSE DO SABUGI;2514701; 914.527,23 ;39,56%; 361.755,03 
PB;SAO JOSE DOS CORDEIROS;2514800; 381.407,81 ;53,42%; 203.738,62 
PB;SAO JOSE DOS RAMOS;2514453; 4.050.956,28 ;46,34%; 1.877.303,58 
PB;SAO MAMEDE;2514909; 3.076.694,78 ;46,66%; 1.435.487,82 
PB;SAO MIGUEL DE TAIPU;2515005; 3.855.938,00 ;48,11%; 1.855.142,85 
PB;SAO SEBASTIAO DE LAGOA DE ROCA;2515104; 3.845.341,42 ;57,61%; 2.215.174,22 
PB;SAO SEBASTIAO DO UMBUZEIRO;2515203; 1.378.059,89 ;48,71%; 671.237,71 
PB;SAO VICENTE DO SERIDO;2515401; 7.913.862,16 ;57,96%; 4.587.026,81 
PB;SAPE;2515302; 19.158.057,58 ;54,20%; 10.383.657,55 
PB;SERRA BRANCA;2515500; 1.563.413,93 ;55,05%; 860.661,72 
PB;SERRA DA RAIZ;2515609; 2.149.935,48 ;41,45%; 891.060,28 
PB;SERRA GRANDE;2515708; 66.254,63 ;44,48%; 29.472,02 
PB;SERRA REDONDA;2515807; 4.453.667,68 ;59,15%; 2.634.302,10 
PB;SERRARIA;2515906; 1.942.605,07 ;53,19%; 1.033.270,13 
PB;SERTAOZINHO;2515930; 2.810.184,65 ;37,72%; 1.059.915,45 
PB;SOBRADO;2515971; 6.848.475,64 ;52,06%; 3.564.993,64 
PB;SOLANEA;2516003; 5.201.817,44 ;56,24%; 2.925.378,04 
PB;SOLEDADE;2516102; 7.485.626,93 ;49,87%; 3.732.778,08 
PB;SOSSEGO;2516151; 2.024.376,56 ;51,24%; 1.037.257,25 
PB;SOUSA;2516201; 11.351.664,11 ;59,19%; 6.718.789,29 
PB;SUME;2516300; 6.572.750,07 ;53,22%; 3.497.849,33 
PB;TACIMA;2516409; 2.225.191,90 ;42,57%; 947.281,05 
PB;TAPEROA;2516508; 9.298.562,06 ;54,43%; 5.061.477,18 
PB;TAVARES;2516607; 4.781.015,53 ;52,05%; 2.488.409,73 
PB;TEIXEIRA;2516706; 12.406.882,23 ;52,26%; 6.483.709,46 
PB;TENORIO;2516755; 220.619,29 ;49,87%; 110.024,96 
PB;TRIUNFO;2516805; 16.335.272,43 ;31,67%; 5.173.096,77 
PB;UIRAUNA;2516904; 2.919.559,54 ;48,97%; 1.429.566,39 
PB;UMBUZEIRO;2517001; 10.776.241,67 ;44,75%; 4.822.354,04 
PB;VIEIROPOLIS;2517209; 6.284.232,46 ;38,42%; 2.414.142,82 
PB;VISTA SERRANA;2505501; 514.961,87 ;58,35%; 300.491,84 
PB;ZABELE;2517407; 693.999,87 ;45,21%; 313.728,45 
PE;ABREU E LIMA;2600054; 7.161.072,15 ;60,74%; 4.349.484,70 
PE;AFOGADOS DA INGAZEIRA;2600104; 14.431.573,43 ;55,13%; 7.956.239,17 
PE;AFRANIO;2600203; 7.732.833,78 ;57,81%; 4.470.513,88 
PE;AGRESTINA;2600302; 6.369.123,10 ;53,27%; 3.392.595,81 
PE;AGUA PRETA;2600401; 7.758.535,95 ;57,14%; 4.433.207,64 
PE;AGUAS BELAS;2600500; 16.582.350,72 ;62,00%; 10.281.504,50 
PE;ALAGOINHA;2600609; 6.550.261,63 ;53,80%; 3.524.142,39 
PE;ALIANCA;2600708; 13.032.993,34 ;52,51%; 6.843.295,92 
PE;ALTINHO;2600807; 5.247.700,05 ;53,87%; 2.826.972,15 
PE;AMARAJI;2600906; 6.741.308,86 ;55,27%; 3.725.619,61 
PE;ANGELIM;2601003; 3.189.729,24 ;59,64%; 1.902.206,84 
PE;ARACOIABA;2601052; 6.301.683,94 ;54,97%; 3.464.243,65 
PE;ARARIPINA;2601102; 38.852.071,34 ;55,55%; 21.581.131,00 
PE;ARCOVERDE;2601201; 9.142.242,86 ;57,76%; 5.280.428,78 
PE;BARRA DE GUABIRABA;2601300; 4.417.518,12 ;55,25%; 2.440.656,75 
PE;BARREIROS;2601409; 24.695.569,41 ;58,74%; 14.505.174,99 
PE;BELEM DE MARIA;2601508; 5.305.914,55 ;54,57%; 2.895.632,46 
PE;BELEM DO SAO FRANCISCO;2601607; 7.587.709,61 ;52,68%; 3.997.506,70 
PE;BELO JARDIM;2601706; 33.302.880,06 ;54,37%; 18.107.081,04 
PE;BETANIA;2601805; 9.365.789,96 ;48,97%; 4.586.783,82 
PE;BEZERROS;2601904; 16.820.031,81 ;55,45%; 9.326.849,35 
PE;BODOCO;2602001; 9.319.042,48 ;57,69%; 5.376.598,37 
PE;BOM CONSELHO;2602100; 14.685.856,95 ;60,22%; 8.843.252,56 
PE;BOM JARDIM;2602209; 16.095.667,95 ;50,76%; 8.169.450,74 
PE;BONITO;2602308; 10.800.184,12 ;57,42%; 6.201.549,57 
PE;BREJAO;2602407; 7.830.001,60 ;52,31%; 4.095.498,83 
PE;BREJINHO;2602506; 1.194.575,28 ;64,42%; 769.489,06 
PE;BREJO DA MADRE DE DEUS;2602605; 17.469.374,80 ;53,45%; 9.336.641,77 
PE;BUENOS AIRES;2602704; 4.751.123,52 ;55,15%; 2.620.436,74 
PE;BUIQUE;2602803; 21.506.938,89 ;59,68%; 12.835.130,44 
PE;CABROBO;2603009; 17.016.516,81 ;52,88%; 8.998.949,33 
PE;CACHOEIRINHA;2603108; 7.186.867,45 ;58,48%; 4.202.971,14 
PE;CAETES;2603207; 13.257.781,23 ;60,80%; 8.061.194,34 
PE;CALCADO;2603306; 1.167.822,28 ;50,78%; 592.989,56 
PE;CALUMBI;2603405; 4.611.731,58 ;50,89%; 2.347.009,40 
PE;CAMOCIM DE SAO FELIX;2603504; 8.517.158,07 ;49,98%; 4.257.083,92 
PE;CAMUTANGA;2603603; 960.201,69 ;56,35%; 541.055,79 
PE;CANHOTINHO;2603702; 8.692.264,23 ;52,59%; 4.571.680,78 
PE;CAPOEIRAS;2603801; 10.428.743,13 ;51,52%; 5.373.165,87 
PE;CARNAIBA;2603900; 14.442.337,36 ;47,73%; 6.893.184,94 
PE;CARPINA;2604007; 14.711.920,21 ;50,75%; 7.466.590,70 
PE;CARUARU;2604106; 114.655.741,32 ;55,93%; 64.130.926,62 
PE;CASINHAS;2604155; 10.411.445,97 ;50,62%; 5.269.880,14 
PE;CATENDE;2604205; 13.866.201,69 ;56,34%; 7.811.841,05 
PE;CEDRO;2604304; 4.879.378,52 ;54,12%; 2.640.608,92 
PE;CHA DE ALEGRIA;2604403; 6.734.787,52 ;55,81%; 3.758.744,35 
PE;CHA GRANDE;2604502; 7.127.622,86 ;57,17%; 4.074.708,90 
PE;CONDADO;2604601; 8.695.689,47 ;57,07%; 4.962.949,14 
PE;CORRENTES;2604700; 5.549.849,55 ;56,85%; 3.155.328,95 
PE;CORTES;2604809; 966.754,31 ;57,84%; 559.186,08 
PE;CUMARU;2604908; 10.299.776,32 ;48,21%; 4.965.259,45 
PE;CUPIRA;2605004; 19.998.998,01 ;52,52%; 10.504.057,54 
PE;CUSTODIA;2605103; 8.794.785,78 ;53,40%; 4.696.486,80 
PE;DORMENTES;2605152; 4.213.930,61 ;58,65%; 2.471.628,71 
PE;ESCADA;2605202; 13.785.181,98 ;54,44%; 7.504.449,04 
PE;EXU;2605301; 15.616.755,59 ;58,22%; 9.092.276,55 
PE;FEIRA NOVA;2605400; 8.035.587,04 ;53,70%; 4.314.806,82 
PE;FERREIROS;2605509; 2.434.028,65 ;47,79%; 1.163.100,70 
PE;FLORES;2605608; 8.908.857,49 ;52,47%; 4.674.917,39 
PE;FLORESTA;2605707; 9.145.638,98 ;49,51%; 4.527.674,15 
PE;FREI MIGUELINHO;2605806; 4.165.563,83 ;52,98%; 2.207.009,65 
PE;GAMELEIRA;2605905; 5.987.845,52 ;53,11%; 3.179.998,03 
PE;GARANHUNS;2606002; 28.942.721,28 ;55,41%; 16.037.266,26 
PE;GLORIA DO GOITA;2606101; 9.069.044,16 ;59,03%; 5.353.699,23 
PE;GRANITO;2606309; 5.368.683,98 ;57,95%; 3.110.983,21 
PE;GRAVATA;2606408; 6.107.647,17 ;61,88%; 3.779.688,98 
PE;IATI;2606507; 4.247.361,27 ;57,12%; 2.426.124,21 
PE;IBIMIRIM;2606606; 9.040.208,20 ;59,57%; 5.384.856,86 
PE;IBIRAJUBA;2606705; 734.427,85 ;55,42%; 407.003,45 
PE;IGARASSU;2606804; 27.570.678,36 ;60,28%; 16.620.872,76 
PE;IGUARACY;2606903; 2.678.113,09 ;47,20%; 1.264.055,63 
PE;ILHA DE ITAMARACA;2607604; 931.527,93 ;59,92%; 558.200,53 
PE;INAJA;2607000; 12.717.213,60 ;54,50%; 6.930.742,53 
PE;INGAZEIRA;2607109; 1.187.512,73 ;49,60%; 588.990,98 
PE;IPUBI;2607307; 26.342.079,96 ;51,82%; 13.651.478,90 
PE;ITAIBA;2607505; 23.484.806,82 ;56,56%; 13.282.574,02 
PE;ITAMBE;2607653; 3.267.893,04 ;55,08%; 1.799.901,01 
PE;ITAPETIM;2607703; 2.437.907,82 ;53,24%; 1.297.892,57 
PE;ITAPISSUMA;2607752; 6.423.263,62 ;56,36%; 3.620.357,23 
PE;JABOATAO DOS GUARARAPES;2607901; 3.081.819,54 ;60,70%; 1.870.762,19 
PE;JAQUEIRA;2607950; 6.489.887,13 ;51,97%; 3.372.957,43 
PE;JATAUBA;2608008; 5.253.926,15 ;50,59%; 2.657.859,00 
PE;JOAO ALFREDO;2608107; 15.060.223,21 ;54,38%; 8.190.044,61 
PE;JOAQUIM NABUCO;2608206; 12.621.882,75 ;51,21%; 6.463.537,18 
PE;JUCATI;2608255; 4.847.787,38 ;51,04%; 2.474.136,33 
PE;JUPI;2608305; 13.484.685,46 ;48,76%; 6.575.511,51 
PE;JUREMA;2608404; 10.821.077,30 ;54,14%; 5.858.951,00 
PE;LAGOA DE ITAENGA;2608503; 4.118.810,00 ;51,04%; 2.102.164,28 
PE;LAGOA DO CARRO;2608453; 5.247.511,95 ;50,33%; 2.640.894,43 
PE;LAGOA DO OURO;2608602; 5.150.471,55 ;48,82%; 2.514.318,21 
PE;LAGOA DOS GATOS;2608701; 4.258.765,14 ;54,53%; 2.322.348,25 
PE;LAGOA GRANDE;2608750; 22.692.731,91 ;51,08%; 11.590.860,65 
PE;LAJEDO;2608800; 17.225.715,72 ;53,05%; 9.137.726,70 
PE;LIMOEIRO;2608909; 18.345.050,70 ;53,64%; 9.840.504,77 
PE;MACAPARANA;2609006; 7.410.667,86 ;50,23%; 3.722.095,42 
PE;MACHADOS;2609105; 4.913.705,73 ;49,98%; 2.455.857,05 
PE;MANARI;2609154; 20.640.523,69 ;56,79%; 11.722.767,20 
PE;MARAIAL;2609204; 4.626.155,62 ;52,64%; 2.435.031,80 
PE;MIRANDIBA;2609303; 7.252.027,19 ;50,94%; 3.693.857,49 
PE;MOREILANDIA;2614303; 3.653.197,18 ;48,98%; 1.789.325,07 
PE;MORENO;2609402; 4.976.764,52 ;62,03%; 3.087.330,67 
PE;NAZARE DA MATA;2609501; 3.986.893,73 ;52,69%; 2.100.746,72 
PE;OROBO;2609709; 10.109.756,00 ;52,08%; 5.264.983,67 
PE;OROCO;2609808; 9.200.291,89 ;52,91%; 4.867.716,61 
PE;OURICURI;2609907; 14.907.256,34 ;61,55%; 9.175.479,70 
PE;PALMARES;2610004; 19.135.227,70 ;54,94%; 10.512.953,01 
PE;PALMEIRINA;2610103; 1.534.913,77 ;53,49%; 821.057,85 
PE;PANELAS;2610202; 11.087.757,96 ;53,32%; 5.911.718,59 
PE;PARANATAMA;2610301; 3.794.925,31 ;62,27%; 2.363.209,68 
PE;PARNAMIRIM;2610400; 9.568.966,50 ;56,05%; 5.363.505,42 
PE;PASSIRA;2610509; 7.544.781,48 ;53,68%; 4.050.116,95 
PE;PAUDALHO;2610608; 27.188.375,45 ;55,73%; 15.153.358,64 
PE;PAULISTA;2610707; 29.071.052,74 ;59,73%; 17.364.167,41 
PE;PEDRA;2610806; 8.466.295,40 ;54,45%; 4.609.756,45 
PE;PESQUEIRA;2610905; 21.859.906,64 ;52,23%; 11.418.352,14 
PE;PETROLANDIA;2611002; 14.014.757,63 ;59,17%; 8.292.203,14 
PE;PETROLINA;2611101; 220.762.251,19 ;49,85%; 110.049.717,84 
PE;POCAO;2611200; 2.968.908,34 ;54,35%; 1.613.632,95 
PE;PRIMAVERA;2611408; 2.864.892,08 ;51,66%; 1.480.057,24 
PE;QUIPAPA;2611507; 6.108.787,91 ;56,07%; 3.424.935,29 
PE;QUIXABA;2611533; 5.800.560,56 ;54,55%; 3.164.356,30 
PE;RIACHO DAS ALMAS;2611705; 13.191.265,92 ;51,59%; 6.805.295,18 
PE;RIBEIRAO;2611804; 2.819.515,30 ;50,39%; 1.420.769,82 
PE;RIO FORMOSO;2611903; 9.170.974,90 ;48,23%; 4.422.704,38 
PE;SAIRE;2612000; 2.166.469,53 ;52,82%; 1.144.226,54 
PE;SALGUEIRO;2612208; 19.797.660,51 ;54,37%; 10.764.945,29 
PE;SALOA;2612307; 7.535.224,48 ;55,60%; 4.189.242,65 
PE;SANHARO;2612406; 8.736.571,03 ;47,18%; 4.121.865,56 
PE;SANTA CRUZ;2612455; 5.895.615,65 ;48,22%; 2.842.604,19 
PE;SANTA CRUZ DA BAIXA VERDE;2612471; 4.241.115,57 ;55,72%; 2.363.320,97 
PE;SANTA CRUZ DO CAPIBARIBE;2612505; 37.980.885,37 ;55,35%; 21.023.311,90 
PE;SANTA FILOMENA;2612554; 5.297.176,77 ;58,86%; 3.118.127,74 
PE;SANTA MARIA DA BOA VISTA;2612604; 33.358.114,66 ;52,04%; 17.358.173,46 
PE;SANTA MARIA DO CAMBUCA;2612703; 4.457.979,01 ;56,04%; 2.498.227,57 
PE;SANTA TEREZINHA;2612802; 1.655.162,26 ;60,49%; 1.001.201,05 
PE;SAO BENEDITO DO SUL;2612901; 2.758.372,55 ;51,16%; 1.411.297,59 
PE;SAO BENTO DO UNA;2613008; 20.064.984,70 ;58,41%; 11.718.978,80 
PE;SAO CAITANO;2613107; 13.611.489,27 ;58,67%; 7.985.333,34 
PE;SAO JOAO;2613206; 8.569.254,89 ;55,08%; 4.719.634,27 
PE;SAO JOAQUIM DO MONTE;2613305; 6.434.001,13 ;56,23%; 3.617.536,10 
PE;SAO JOSE DA COROA GRANDE;2613404; 9.536.810,23 ;54,93%; 5.238.711,24 
PE;SAO JOSE DO BELMONTE;2613503; 10.104.852,54 ;59,31%; 5.993.291,66 
PE;SAO JOSE DO EGITO;2613602; 14.417.766,59 ;47,68%; 6.874.959,05 
PE;SAO LOURENCO DA MATA;2613701; 33.697.685,18 ;59,18%; 19.943.214,42 
PE;SAO VICENTE FERRER;2613800; 4.499.453,67 ;57,14%; 2.570.813,27 
PE;SERRA TALHADA;2613909; 24.624.869,63 ;56,49%; 13.911.509,59 
PE;SERRITA;2614006; 10.308.767,15 ;50,72%; 5.228.502,41 
PE;SERTANIA;2614105; 9.622.112,52 ;55,77%; 5.366.615,74 
PE;SIRINHAEM;2614204; 6.054.766,57 ;50,92%; 3.082.954,10 
PE;SOLIDAO;2614402; 2.694.643,58 ;54,68%; 1.473.364,52 
PE;SURUBIM;2614501; 24.388.972,61 ;54,37%; 13.261.061,14 
PE;TABIRA;2614600; 10.702.498,81 ;56,91%; 6.090.407,75 
PE;TACAIMBO;2614709; 796.445,63 ;53,02%; 422.258,56 
PE;TACARATU;2614808; 3.574.875,67 ;51,72%; 1.849.055,03 
PE;TAMANDARE;2614857; 2.596.434,34 ;55,56%; 1.442.587,69 
PE;TAQUARITINGA DO NORTE;2615003; 5.343.302,28 ;54,94%; 2.935.344,91 
PE;TEREZINHA;2615102; 2.663.133,52 ;55,03%; 1.465.470,55 
PE;TERRA NOVA;2615201; 3.875.266,24 ;50,36%; 1.951.635,01 
PE;TIMBAUBA;2615300; 3.716.079,94 ;51,02%; 1.895.836,43 
PE;TORITAMA;2615409; 23.369.166,55 ;51,11%; 11.942.880,68 
PE;TRACUNHAEM;2615508; 3.690.026,37 ;50,27%; 1.855.118,58 
PE;TRINDADE;2615607; 17.835.624,28 ;52,46%; 9.355.805,29 
PE;TRIUNFO;2615706; 5.020.834,65 ;49,38%; 2.479.115,67 
PE;TUPANATINGA;2615805; 11.497.075,22 ;55,63%; 6.395.548,03 
PE;TUPARETAMA;2615904; 5.013.290,83 ;52,85%; 2.649.458,64 
PE;VENTUROSA;2616001; 4.894.254,98 ;55,82%; 2.731.819,58 
PE;VERDEJANTE;2616100; 3.206.140,32 ;53,54%; 1.716.412,10 
PE;VERTENTE DO LERIO;2616183; 6.132.583,28 ;49,86%; 3.057.697,36 
PE;VERTENTES;2616209; 8.662.824,48 ;55,33%; 4.793.005,15 
PE;VICENCIA;2616308; 14.253.101,01 ;53,68%; 7.651.179,24 
PE;VITORIA DE SANTO ANTAO;2616407; 21.354.939,96 ;59,48%; 12.701.601,37 
PE;XEXEU;2616506; 8.717.587,40 ;48,81%; 4.254.811,19 
PI;ACAUA;2200053; 5.942.533,92 ;54,39%; 3.232.332,31 
PI;AGRICOLANDIA;2200103; 5.159.829,71 ;46,36%; 2.392.176,09 
PI;AGUA BRANCA;2200202; 13.853.615,65 ;52,43%; 7.263.633,05 
PI;ALAGOINHA DO PIAUI;2200251; 5.127.828,92 ;47,00%; 2.410.300,60 
PI;ALEGRETE DO PIAUI;2200277; 3.855.343,80 ;47,31%; 1.823.977,48 
PI;ALTO LONGA;2200301; 7.619.982,05 ;51,40%; 3.917.030,91 
PI;ALTOS;2200400; 49.976.294,02 ;55,37%; 27.669.983,14 
PI;ALVORADA DO GURGUEIA;2200459; 3.610.874,27 ;55,76%; 2.013.555,91 
PI;AMARANTE;2200509; 17.114.468,64 ;51,55%; 8.823.199,25 
PI;ANGICAL DO PIAUI;2200608; 11.329.873,72 ;45,98%; 5.209.332,87 
PI;ANISIO DE ABREU;2200707; 8.553.213,20 ;44,94%; 3.843.620,05 
PI;ANTONIO ALMEIDA;2200806; 1.363.057,21 ;49,85%; 679.484,83 
PI;AROAZES;2200905; 4.007.991,73 ;53,68%; 2.151.608,13 
PI;AROEIRAS DO ITAIM;2200954; 4.410.944,02 ;52,30%; 2.306.834,02 
PI;ARRAIAL;2201002; 5.575.146,62 ;36,05%; 2.009.926,94 
PI;ASSUNCAO DO PIAUI;2201051; 6.823.596,59 ;48,62%; 3.317.951,63 
PI;AVELINO LOPES;2201101; 7.590.917,26 ;52,51%; 3.985.698,79 
PI;BAIXA GRANDE DO RIBEIRO;2201150; 16.781.881,05 ;46,01%; 7.721.003,67 
PI;BARRA DALCANTARA;2201176; 2.039.936,10 ;52,74%; 1.075.848,50 
PI;BARRAS;2201200; 68.156.166,12 ;49,11%; 33.473.882,96 
PI;BARREIRAS DO PIAUI;2201309; 1.104.593,21 ;52,96%; 585.017,86 
PI;BARRO DURO;2201408; 2.338.228,82 ;50,79%; 1.187.528,66 
PI;BATALHA;2201507; 17.098.905,81 ;53,50%; 9.147.578,24 
PI;BELA VISTA DO PIAUI;2201556; 4.839.584,44 ;55,17%; 2.670.006,68 
PI;BELEM DO PIAUI;2201572; 2.903.296,21 ;34,01%; 987.556,10 
PI;BENEDITINOS;2201606; 10.807.569,94 ;50,75%; 5.484.531,32 
PI;BERTOLINIA;2201705; 3.236.769,83 ;46,76%; 1.513.486,85 
PI;BETANIA DO PIAUI;2201739; 11.023.010,27 ;50,04%; 5.516.058,80 
PI;BOA HORA;2201770; 4.795.397,36 ;53,52%; 2.566.424,23 
PI;BOCAINA;2201804; 808.376,06 ;54,10%; 437.311,39 
PI;BOM JESUS;2201903; 27.166.702,88 ;51,61%; 14.020.867,30 
PI;BOM PRINCIPIO DO PIAUI;2201919; 4.021.568,85 ;56,06%; 2.254.525,60 
PI;BONFIM DO PIAUI;2201929; 2.886.662,89 ;56,07%; 1.618.552,86 
PI;BOQUEIRAO DO PIAUI;2201945; 5.313.839,63 ;44,90%; 2.385.975,30 
PI;BRASILEIRA;2201960; 7.557.149,69 ;50,59%; 3.823.339,10 
PI;BREJO DO PIAUI;2201988; 3.176.194,73 ;50,48%; 1.603.311,69 
PI;BURITI DOS LOPES;2202000; 21.734.919,64 ;55,00%; 11.954.123,76 
PI;BURITI DOS MONTES;2202026; 10.631.145,40 ;45,76%; 4.864.886,22 
PI;CABECEIRAS DO PIAUI;2202059; 11.701.068,79 ;48,16%; 5.635.746,39 
PI;CAJAZEIRAS DO PIAUI;2202075; 2.716.984,08 ;38,37%; 1.042.504,75 
PI;CAJUEIRO DA PRAIA;2202083; 9.160.324,86 ;46,01%; 4.214.562,65 
PI;CALDEIRAO GRANDE DO PIAUI;2202091; 2.843.604,96 ;46,47%; 1.321.502,47 
PI;CAMPO ALEGRE DO FIDALGO;2202117; 6.154.211,22 ;38,93%; 2.395.831,88 
PI;CAMPO GRANDE DO PIAUI;2202133; 5.803.999,60 ;54,86%; 3.184.312,30 
PI;CAMPO LARGO DO PIAUI;2202174; 10.489.731,53 ;32,30%; 3.387.922,09 
PI;CAMPO MAIOR;2202208; 24.917.205,42 ;53,32%; 13.286.104,46 
PI;CANAVIEIRA;2202251; 1.098.691,32 ;52,27%; 574.308,10 
PI;CANTO DO BURITI;2202307; 13.677.232,21 ;54,53%; 7.458.136,32 
PI;CAPITAO DE CAMPOS;2202406; 9.815.229,05 ;48,83%; 4.792.338,59 
PI;CAPITAO GERVASIO OLIVEIRA;2202455; 102.877,98 ;50,97%; 52.441,51 
PI;CARACOL;2202505; 7.039.756,82 ;52,68%; 3.708.384,93 
PI;CARAUBAS DO PIAUI;2202539; 3.186.312,40 ;53,26%; 1.697.003,00 
PI;CARIDADE DO PIAUI;2202554; 10.657.700,07 ;33,50%; 3.570.339,81 
PI;CASTELO DO PIAUI;2202604; 21.196.868,42 ;53,46%; 11.332.858,71 
PI;CAXINGO;2202653; 7.184.369,58 ;48,80%; 3.506.068,69 
PI;COCAL;2202703; 33.179.648,91 ;53,83%; 17.860.339,32 
PI;COCAL DE TELHA;2202711; 4.489.534,66 ;52,69%; 2.365.684,84 
PI;COCAL DOS ALVES;2202729; 8.596.756,36 ;54,62%; 4.695.230,06 
PI;COIVARAS;2202737; 3.533.371,51 ;55,81%; 1.971.850,39 
PI;COLONIA DO GURGUEIA;2202752; 4.909.852,98 ;44,91%; 2.205.193,45 
PI;COLONIA DO PIAUI;2202778; 6.307.470,72 ;43,56%; 2.747.752,65 
PI;CONCEICAO DO CANINDE;2202802; 5.165.172,74 ;46,33%; 2.392.845,86 
PI;CORONEL JOSE DIAS;2202851; 7.352.259,28 ;45,54%; 3.348.260,88 
PI;CORRENTE;2202901; 12.707.501,14 ;54,39%; 6.911.396,54 
PI;CRISTALANDIA DO PIAUI;2203008; 9.496.637,31 ;50,33%; 4.779.333,62 
PI;CRISTINO CASTRO;2203107; 12.665.669,13 ;50,87%; 6.442.705,06 
PI;CURIMATA;2203206; 12.717.679,34 ;46,11%; 5.864.526,64 
PI;CURRAIS;2203230; 6.992.385,19 ;31,61%; 2.210.195,32 
PI;CURRAL NOVO DO PIAUI;2203271; 9.245.588,35 ;40,14%; 3.711.481,08 
PI;CURRALINHOS;2203255; 4.845.365,22 ;47,70%; 2.311.335,53 
PI;DEMERVAL LOBAO;2203305; 16.408.276,53 ;54,20%; 8.892.502,02 
PI;DIRCEU ARCOVERDE;2203354; 6.515.918,85 ;53,33%; 3.474.667,07 
PI;DOM EXPEDITO LOPES;2203404; 5.467.611,49 ;52,04%; 2.845.340,09 
PI;DOM INOCENCIO;2203453; 6.435.536,50 ;45,65%; 2.938.008,50 
PI;DOMINGOS MOURAO;2203420; 4.711.642,46 ;48,42%; 2.281.218,25 
PI;ELESBAO VELOSO;2203503; 4.521.256,47 ;52,38%; 2.368.064,74 
PI;ELISEU MARTINS;2203602; 1.954.267,41 ;50,55%; 987.889,32 
PI;ESPERANTINA;2203701; 39.792.920,26 ;52,75%; 20.989.284,66 
PI;FARTURA DO PIAUI;2203750; 6.996.981,37 ;42,21%; 2.953.332,15 
PI;FLORES DO PIAUI;2203800; 4.249.409,75 ;51,79%; 2.200.960,40 
PI;FLORESTA DO PIAUI;2203859; 1.708.346,94 ;36,41%; 622.059,10 
PI;FLORIANO;2203909; 25.748.422,44 ;53,66%; 13.816.164,25 
PI;FRANCINOPOLIS;2204006; 3.335.330,08 ;48,73%; 1.625.375,97 
PI;FRANCISCO AYRES;2204105; 1.612.688,62 ;52,33%; 843.839,77 
PI;FRANCISCO MACEDO;2204154; 3.442.617,11 ;31,59%; 1.087.370,01 
PI;FRANCISCO SANTOS;2204204; 6.675.633,50 ;46,54%; 3.106.800,64 
PI;FRONTEIRAS;2204303; 9.918.357,71 ;48,99%; 4.859.385,56 
PI;GEMINIANO;2204352; 11.689.042,88 ;51,70%; 6.043.128,01 
PI;GILBUES;2204402; 10.992.388,76 ;50,08%; 5.504.629,46 
PI;GUADALUPE;2204501; 7.825.162,08 ;49,83%; 3.899.373,54 
PI;GUARIBAS;2204550; 4.269.951,62 ;31,75%; 1.355.787,48 
PI;HUGO NAPOLEAO;2204600; 2.731.094,54 ;44,70%; 1.220.789,79 
PI;ILHA GRANDE;2204659; 5.206.852,91 ;55,22%; 2.875.419,03 
PI;INHUMA;2204709; 9.722.463,68 ;53,23%; 5.175.728,96 
PI;IPIRANGA DO PIAUI;2204808; 11.715.475,44 ;46,94%; 5.498.767,31 
PI;ISAIAS COELHO;2204907; 7.307.770,24 ;56,38%; 4.120.117,35 
PI;ITAINOPOLIS;2205003; 8.001.173,78 ;53,62%; 4.290.107,16 
PI;ITAUEIRA;2205102; 1.595.473,53 ;59,18%; 944.145,43 
PI;JACOBINA DO PIAUI;2205151; 7.345.514,49 ;34,98%; 2.569.407,81 
PI;JAICOS;2205201; 10.514.362,04 ;53,44%; 5.618.644,97 
PI;JARDIM DO MULATO;2205250; 2.046.743,68 ;55,99%; 1.145.959,10 
PI;JATOBA DO PIAUI;2205276; 7.937.906,02 ;54,68%; 4.340.170,41 
PI;JERUMENHA;2205300; 3.396.570,00 ;52,59%; 1.786.392,21 
PI;JOAO COSTA;2205359; 2.809.251,40 ;60,24%; 1.692.257,76 
PI;JOAQUIM PIRES;2205409; 9.781.674,14 ;54,36%; 5.316.952,46 
PI;JOCA MARQUES;2205458; 10.787.661,40 ;41,63%; 4.491.335,53 
PI;JOSE DE FREITAS;2205508; 25.880.508,63 ;56,09%; 14.515.956,33 
PI;JUAZEIRO DO PIAUI;2205516; 6.665.142,43 ;47,61%; 3.173.543,49 
PI;JULIO BORGES;2205524; 6.484.919,71 ;44,43%; 2.881.541,08 
PI;JUREMA;2205532; 894.433,68 ;51,95%; 464.651,41 
PI;LAGOA ALEGRE;2205557; 11.489.047,67 ;56,51%; 6.492.065,08 
PI;LAGOA DE SAO FRANCISCO;2205573; 7.752.448,64 ;51,94%; 4.026.806,04 
PI;LAGOA DO PIAUI;2205581; 6.719.034,90 ;48,58%; 3.263.895,11 
PI;LAGOA DO SITIO;2205599; 1.707.258,92 ;43,97%; 750.614,98 
PI;LAGOINHA DO PIAUI;2205540; 1.379.877,83 ;54,04%; 745.640,81 
PI;LANDRI SALES;2205607; 3.806.485,17 ;51,33%; 1.953.840,24 
PI;LUIS CORREIA;2205706; 17.290.147,78 ;54,64%; 9.447.546,46 
PI;LUZILANDIA;2205805; 18.866.679,87 ;49,59%; 9.356.679,29 
PI;MADEIRO;2205854; 2.760.349,21 ;50,26%; 1.387.367,80 
PI;MANOEL EMIDIO;2205904; 7.280.728,69 ;42,61%; 3.102.358,47 
PI;MARCOLANDIA;2205953; 6.844.797,86 ;53,37%; 3.652.867,97 
PI;MARCOS PARENTE;2206001; 2.632.151,96 ;52,31%; 1.376.790,40 
PI;MASSAPE DO PIAUI;2206050; 5.984.670,94 ;45,78%; 2.740.025,56 
PI;MATIAS OLIMPIO;2206100; 9.244.577,69 ;51,06%; 4.720.440,44 
PI;MIGUEL ALVES;2206209; 54.222.653,84 ;55,55%; 30.122.884,17 
PI;MILTON BRANDAO;2206357; 1.899.888,01 ;57,47%; 1.091.912,43 
PI;MONSENHOR GIL;2206407; 15.147.659,61 ;53,41%; 8.090.727,93 
PI;MONSENHOR HIPOLITO;2206506; 9.766.092,92 ;48,47%; 4.733.454,03 
PI;MONTE ALEGRE DO PIAUI;2206605; 8.486.171,67 ;51,95%; 4.408.836,37 
PI;MORRO CABECA NO TEMPO;2206654; 5.350.647,73 ;39,88%; 2.133.643,25 
PI;MORRO DO CHAPEU DO PIAUI;2206670; 8.509.276,09 ;54,33%; 4.622.807,95 
PI;MURICI DOS PORTELAS;2206696; 6.704.059,58 ;49,25%; 3.302.046,48 
PI;NAZARE DO PIAUI;2206704; 3.139.661,76 ;57,58%; 1.807.853,83 
PI;NAZARIA;2206720; 5.274.998,98 ;56,61%; 2.986.258,82 
PI;NOSSA SENHORA DE NAZARE;2206753; 4.702.436,57 ;54,88%; 2.580.479,64 
PI;NOSSA SENHORA DOS REMEDIOS;2206803; 10.901.054,17 ;42,50%; 4.632.956,20 
PI;NOVA SANTA RITA;2207959; 2.826.561,64 ;47,47%; 1.341.647,71 
PI;NOVO ORIENTE DO PIAUI;2206902; 2.946.098,25 ;53,61%; 1.579.274,93 
PI;NOVO SANTO ANTONIO;2206951; 2.622.537,61 ;52,48%; 1.376.332,08 
PI;OEIRAS;2207009; 21.487.230,51 ;50,17%; 10.780.444,76 
PI;OLHO DAGUA DO PIAUI;2207108; 777.916,21 ;50,84%; 395.493,43 
PI;PADRE MARCOS;2207207; 6.673.605,91 ;36,18%; 2.414.812,57 
PI;PAES LANDIM;2207306; 2.192.298,59 ;52,68%; 1.154.996,15 
PI;PAJEU DO PIAUI;2207355; 929.549,53 ;50,58%; 470.153,01 
PI;PALMEIRA DO PIAUI;2207405; 4.996.353,98 ;50,67%; 2.531.748,90 
PI;PALMEIRAIS;2207504; 8.516.973,29 ;49,67%; 4.230.290,31 
PI;PAQUETA;2207553; 320.447,75 ;55,58%; 178.101,72 
PI;PARNAGUA;2207603; 6.740.700,00 ;59,62%; 4.018.968,67 
PI;PARNAIBA;2207702; 63.880.872,39 ;56,51%; 36.099.866,92 
PI;PASSAGEM FRANCA DO PIAUI;2207751; 5.879.549,95 ;46,72%; 2.747.104,79 
PI;PATOS DO PIAUI;2207777; 5.806.644,88 ;39,65%; 2.302.620,76 
PI;PAU DARCO DO PIAUI;2207793; 2.363.006,61 ;43,90%; 1.037.436,47 
PI;PAULISTANA;2207801; 14.478.051,53 ;50,50%; 7.311.449,53 
PI;PAVUSSU;2207850; 2.596.624,37 ;53,80%; 1.397.034,64 
PI;PEDRO II;2207900; 23.330.225,29 ;55,75%; 13.007.540,91 
PI;PEDRO LAURENTINO;2207934; 326.258,03 ;57,04%; 186.086,84 
PI;PICOS;2208007; 40.716.139,17 ;53,08%; 21.613.996,39 
PI;PIMENTEIRAS;2208106; 5.797.407,28 ;51,66%; 2.995.213,50 
PI;PIO IX;2208205; 13.103.675,16 ;52,27%; 6.849.316,95 
PI;PIRACURUCA;2208304; 24.698.811,06 ;55,40%; 13.682.321,72 
PI;PIRIPIRI;2208403; 50.521.810,49 ;51,13%; 25.832.168,29 
PI;PORTO;2208502; 28.381.391,28 ;42,13%; 11.957.225,89 
PI;PORTO ALEGRE DO PIAUI;2208551; 1.495.435,71 ;57,19%; 855.216,75 
PI;PRATA DO PIAUI;2208601; 1.340.333,81 ;51,75%; 693.641,69 
PI;QUEIMADA NOVA;2208650; 8.695.432,77 ;50,00%; 4.347.552,27 
PI;REDENCAO DO GURGUEIA;2208700; 9.574.402,80 ;54,53%; 5.221.292,45 
PI;REGENERACAO;2208809; 24.187.690,48 ;55,71%; 13.475.983,59 
PI;RIACHO FRIO;2208858; 5.745.902,13 ;49,86%; 2.864.697,82 
PI;RIBEIRA DO PIAUI;2208874; 2.739.227,50 ;47,03%; 1.288.345,04 
PI;RIO GRANDE DO PIAUI;2209005; 4.790.860,78 ;52,53%; 2.516.691,11 
PI;SANTA CRUZ DO PIAUI;2209104; 6.466.518,17 ;45,10%; 2.916.294,47 
PI;SANTA CRUZ DOS MILAGRES;2209153; 1.437.340,33 ;45,78%; 657.964,78 
PI;SANTA FILOMENA;2209203; 2.305.708,18 ;46,80%; 1.079.047,48 
PI;SANTA LUZ;2209302; 4.768.415,31 ;56,20%; 2.679.618,65 
PI;SANTA ROSA DO PIAUI;2209377; 4.683.605,70 ;43,57%; 2.040.580,09 
PI;SANTANA DO PIAUI;2209351; 2.477.105,11 ;55,74%; 1.380.836,65 
PI;SANTO ANTONIO DE LISBOA;2209401; 3.384.625,72 ;59,08%; 1.999.631,94 
PI;SANTO INACIO DO PIAUI;2209500; 2.878.458,96 ;37,90%; 1.090.850,02 
PI;SAO BRAZ DO PIAUI;2209559; 3.588.618,03 ;46,57%; 1.671.275,60 
PI;SAO FELIX DO PIAUI;2209609; 1.053.004,77 ;31,67%; 333.455,87 
PI;SAO FRANCISCO DE ASSIS DO PIAUI;2209658; 4.761.550,00 ;50,17%; 2.388.665,51 
PI;SAO FRANCISCO DO PIAUI;2209708; 1.668.010,10 ;51,21%; 854.185,11 
PI;SAO GONCALO DO GURGUEIA;2209757; 2.436.754,92 ;56,71%; 1.381.769,23 
PI;SAO GONCALO DO PIAUI;2209807; 3.450.938,43 ;48,83%; 1.685.055,74 
PI;SAO JOAO DA CANABRAVA;2209856; 1.659.215,50 ;48,64%; 806.974,11 
PI;SAO JOAO DA FRONTEIRA;2209872; 8.288.138,36 ;47,22%; 3.913.735,13 
PI;SAO JOAO DA SERRA;2209906; 3.485.696,57 ;57,18%; 1.993.075,15 
PI;SAO JOAO DA VARJOTA;2209955; 7.308.207,56 ;47,64%; 3.481.370,24 
PI;SAO JOAO DO ARRAIAL;2209971; 9.793.142,13 ;47,73%; 4.674.174,22 
PI;SAO JOAO DO PIAUI;2210003; 18.693.195,59 ;54,35%; 10.160.671,51 
PI;SAO JOSE DO DIVINO;2210052; 4.541.066,85 ;50,21%; 2.279.869,35 
PI;SAO JOSE DO PEIXE;2210102; 1.140.293,22 ;48,70%; 555.352,02 
PI;SAO JOSE DO PIAUI;2210201; 3.300.162,81 ;60,15%; 1.985.018,98 
PI;SAO JULIAO;2210300; 13.837.616,82 ;48,67%; 6.734.546,91 
PI;SAO LUIS DO PIAUI;2210375; 1.879.736,44 ;46,32%; 870.723,10 
PI;SAO MIGUEL DA BAIXA GRANDE;2210383; 741.251,02 ;49,62%; 367.802,47 
PI;SAO MIGUEL DO FIDALGO;2210391; 1.984.026,55 ;55,44%; 1.099.845,12 
PI;SAO MIGUEL DO TAPUIO;2210409; 20.407.442,97 ;48,89%; 9.976.429,14 
PI;SAO PEDRO DO PIAUI;2210508; 15.364.339,35 ;46,48%; 7.140.707,11 
PI;SAO RAIMUNDO NONATO;2210607; 25.834.222,59 ;52,66%; 13.605.140,39 
PI;SEBASTIAO BARROS;2210623; 2.999.365,65 ;56,45%; 1.693.157,92 
PI;SEBASTIAO LEAL;2210631; 1.118.337,48 ;42,29%; 472.890,91 
PI;SIGEFREDO PACHECO;2210656; 3.768.837,99 ;51,95%; 1.958.020,97 
PI;SIMOES;2210706; 13.414.785,16 ;53,92%; 7.232.848,94 
PI;SIMPLICIO MENDES;2210805; 11.163.608,44 ;48,90%; 5.458.948,93 
PI;SOCORRO DO PIAUI;2210904; 4.641.177,26 ;41,52%; 1.927.159,92 
PI;SUSSUAPARA;2210938; 6.463.903,91 ;52,35%; 3.383.606,75 
PI;TAMBORIL DO PIAUI;2210953; 2.449.152,92 ;54,47%; 1.334.138,69 
PI;TANQUE DO PIAUI;2210979; 1.118.230,14 ;58,22%; 651.075,64 
PI;UNIAO;2211100; 34.793.554,83 ;55,18%; 19.197.780,67 
PI;URUCUI;2211209; 999.100,65 ;53,03%; 529.863,36 
PI;VALENCA DO PIAUI;2211308; 20.648.131,91 ;51,46%; 10.625.076,55 
PI;VARZEA BRANCA;2211357; 5.007.001,15 ;49,79%; 2.493.166,60 
PI;VARZEA GRANDE;2211407; 5.741.149,83 ;41,21%; 2.365.721,72 
PI;VERA MENDES;2211506; 4.799.134,22 ;42,63%; 2.045.921,84 
PI;VILA NOVA DO PIAUI;2211605; 8.842.331,33 ;41,62%; 3.680.105,99 
PI;WALL FERRAZ;2211704; 7.757.365,40 ;31,81%; 2.467.991,28 
PR;AGUDOS DO SUL;4100301; 1.821.953,29 ;52,97%; 965.010,16 
PR;ALTO PIQUIRI;4100707; 225.954,17 ;44,16%; 99.779,75 
PR;ALTONIA;4100509; 209.598,41 ;48,12%; 100.858,29 
PR;AMPERE;4101002; 1.168.550,51 ;49,36%; 576.757,00 
PR;APUCARANA;4101408; 2.286.029,39 ;46,14%; 1.054.834,16 
PR;ARAPOTI;4101606; 763.518,29 ;47,60%; 363.436,36 
PR;ASSIS CHATEAUBRIAND;4102000; 596.577,65 ;46,21%; 275.669,71 
PR;ATALAIA;4102208; 781.143,83 ;45,57%; 355.961,29 
PR;BANDEIRANTES;4102406; 1.052.377,41 ;49,07%; 516.426,57 
PR;BELA VISTA DA CAROBA;4102752; 586.764,81 ;46,43%; 272.425,30 
PR;BELA VISTA DO PARAISO;4102802; 610.827,89 ;52,11%; 318.328,10 
PR;BITURUNA;4102901; 3.118.336,08 ;51,08%; 1.592.876,15 
PR;BOA VISTA DA APARECIDA;4103057; 264.282,93 ;52,04%; 137.522,82 
PR;BOCAIUVA DO SUL;4103107; 762.390,63 ;55,84%; 425.698,64 
PR;BOM JESUS DO SUL;4103156; 922.916,64 ;47,03%; 434.051,54 
PR;BRAGANEY;4103354; 707.987,43 ;43,28%; 306.397,73 
PR;CAFELANDIA;4103453; 2.505.462,40 ;46,12%; 1.155.595,87 
PR;CALIFORNIA;4103503; 1.945.098,45 ;47,62%; 926.286,45 
PR;CAMBIRA;4103800; 311.319,81 ;41,20%; 128.268,23 
PR;CAMPINA DA LAGOA;4103909; 2.144.702,33 ;48,82%; 1.046.951,19 
PR;CAMPO DO TENENTE;4104105; 161.458,19 ;53,24%; 85.962,97 
PR;CANTAGALO;4104451; 2.116.135,59 ;48,94%; 1.035.727,89 
PR;CAPANEMA;4104501; 1.133.854,41 ;41,79%; 473.850,08 
PR;CARLOPOLIS;4104709; 688.606,84 ;51,64%; 355.590,60 
PR;CENTENARIO DO SUL;4105102; 1.114.204,17 ;47,83%; 532.968,03 
PR;CIDADE GAUCHA;4105607; 783.139,39 ;47,40%; 371.186,43 
PR;CLEVELANDIA;4105706; 366.902,98 ;48,15%; 176.663,44 
PR;COLOMBO;4105805; 9.261.722,06 ;50,89%; 4.713.367,46 
PR;CORBELIA;4106308; 845.958,66 ;39,73%; 336.075,38 
PR;CRUZEIRO DO OESTE;4106605; 344.642,10 ;43,10%; 148.551,62 
PR;DOIS VIZINHOS;4107207; 80.773,53 ;43,46%; 35.101,78 
PR;DOUTOR ULYSSES;4128633; 318.248,79 ;58,59%; 186.471,31 
PR;FAZENDA RIO GRANDE;4107652; 5.923.641,50 ;54,56%; 3.232.162,73 
PR;FLORESTA;4107900; 4.181.573,51 ;46,38%; 1.939.260,92 
PR;FOZ DO JORDAO;4108452; 249.440,91 ;41,60%; 103.777,23 
PR;FRANCISCO ALVES;4108320; 1.903.743,75 ;50,54%; 962.128,06 
PR;FRANCISCO BELTRAO;4108403; 3.593.143,33 ;43,64%; 1.568.193,72 
PR;GENERAL CARNEIRO;4108502; 581.765,39 ;54,89%; 319.312,43 
PR;GRANDES RIOS;4108700; 18.040,03 ;50,31%; 9.075,87 
PR;GUAIRACA;4108908; 40.170,53 ;54,58%; 21.926,17 
PR;GUAMIRANGA;4108957; 402.641,57 ;58,82%; 236.831,79 
PR;GUARANIACU;4109302; 400.574,50 ;51,51%; 206.320,03 
PR;IBAITI;4109708; 787.434,16 ;47,52%; 374.198,50 
PR;IMBITUVA;4110102; 1.003.335,96 ;51,52%; 516.923,30 
PR;INACIO MARTINS;4110201; 271.499,03 ;50,64%; 137.473,87 
PR;ITAPEJARA DOESTE;4111209; 1.231.766,32 ;44,33%; 546.087,72 
PR;ITAPERUCU;4111258; 5.633.921,09 ;52,77%; 2.973.288,71 
PR;IVATE;4111555; 268.449,68 ;49,38%; 132.569,99 
PR;JABOTI;4111704; 416.311,71 ;48,38%; 201.414,25 
PR;JAGUAPITA;4111902; 424.986,74 ;42,58%; 180.967,29 
PR;JARDIM ALEGRE;4112504; 263.112,10 ;50,58%; 133.084,38 
PR;JATAIZINHO;4112702; 198.946,16 ;50,14%; 99.754,10 
PR;JOAQUIM TAVORA;4112801; 812.395,58 ;46,18%; 375.179,53 
PR;JURANDA;4112959; 106.259,15 ;44,58%; 47.374,97 
PR;LARANJEIRAS DO SUL;4113304; 3.637.904,49 ;46,23%; 1.681.854,47 
PR;LINDOESTE;4113452; 412.093,33 ;44,24%; 182.326,36 
PR;MANDAGUACU;4114104; 3.009.219,17 ;48,10%; 1.447.371,11 
PR;MANDAGUARI;4114203; 1.439.639,78 ;44,49%; 640.499,54 
PR;MATELANDIA;4115606; 717.188,55 ;41,84%; 300.063,23 
PR;NOVA PRATA DO IGUACU;4117255; 121.523,46 ;50,83%; 61.771,81 
PR;NOVA SANTA BARBARA;4117214; 466.506,50 ;39,94%; 186.317,19 
PR;NOVA TEBAS;4117271; 299.130,29 ;46,46%; 138.964,17 
PR;PAICANDU;4117503; 4.068.207,67 ;44,72%; 1.819.374,64 
PR;PALMAS;4117602; 4.975.250,54 ;51,46%; 2.560.087,19 
PR;PALMITAL;4117800; 482.259,85 ;58,76%; 283.384,60 
PR;PARAISO DO NORTE;4118006; 3.720.158,16 ;41,70%; 1.551.260,78 
PR;PATO BRAGADO;4118451; 871.306,54 ;40,05%; 348.998,84 
PR;PEROLA;4118907; 791.344,31 ;50,91%; 402.885,19 
PR;PEROLA DOESTE;4119004; 39.012,63 ;46,10%; 17.985,56 
PR;PIEN;4119103; 2.430.674,08 ;48,52%; 1.179.244,54 
PR;PINHAL DE SAO BENTO;4119251; 246.853,75 ;46,97%; 115.939,14 
PR;PIRAQUARA;4119509; 11.343.044,88 ;51,99%; 5.897.554,29 
PR;PLANALTO;4119806; 1.322.946,01 ;48,35%; 639.703,16 
PR;QUATIGUA;4120705; 314.341,92 ;47,58%; 149.565,85 
PR;QUEDAS DO IGUACU;4120903; 3.828.216,47 ;50,03%; 1.915.316,68 
PR;QUINTA DO SOL;4121109; 19.543,71 ;46,46%; 9.079,49 
PR;QUITANDINHA;4121208; 4.148.297,55 ;51,94%; 2.154.720,46 
PR;REALEZA;4121406; 2.634.496,70 ;42,81%; 1.127.811,01 
PR;REBOUCAS;4121505; 1.648.195,74 ;53,56%; 882.847,38 
PR;RESERVA;4121703; 3.896.645,07 ;51,89%; 2.022.064,74 
PR;RESERVA DO IGUACU;4121752; 16.162,27 ;48,46%; 7.832,15 
PR;RIBEIRAO DO PINHAL;4121901; 2.512.420,17 ;46,92%; 1.178.920,69 
PR;RIO BONITO DO IGUACU;4122156; 1.398.997,26 ;52,60%; 735.864,05 
PR;RONDON;4122602; 766.983,96 ;40,28%; 308.978,24 
PR;SABAUDIA;4122701; 1.663.934,53 ;42,68%; 710.133,02 
PR;SALTO DO ITARARE;4122909; 745.495,75 ;41,65%; 310.515,49 
PR;SALTO DO LONTRA;4123006; 1.478.311,50 ;41,29%; 610.397,55 
PR;SANTA CRUZ DE MONTE CASTELO;4123303; 562.530,63 ;45,86%; 257.991,58 
PR;SANTA FE;4123402; 146.944,12 ;37,78%; 55.515,23 
PR;SANTA IZABEL DO OESTE;4123808; 397.667,88 ;42,81%; 170.234,20 
PR;SANTA MARIA DO OESTE;4123857; 352.911,47 ;52,01%; 183.536,31 
PR;SANTA TEREZINHA DE ITAIPU;4124053; 49.907,99 ;46,35%; 23.133,57 
PR;SANTO ANTONIO DO SUDOESTE;4124400; 3.827.424,43 ;44,71%; 1.711.375,21 
PR;SAO CARLOS DO IVAI;4124608; 532.966,07 ;40,40%; 215.328,84 
PR;SAO JOAO;4124806; 557.643,13 ;46,13%; 257.231,16 
PR;SAO JOAO DO CAIUA;4124905; 1.302.588,71 ;50,62%; 659.347,53 
PR;SAO JOAO DO IVAI;4125001; 1.365.563,88 ;40,70%; 555.743,07 
PR;SAO JOAO DO TRIUNFO;4125100; 739.914,85 ;53,31%; 394.455,24 
PR;SAO SEBASTIAO DA AMOREIRA;4126009; 398.653,18 ;52,50%; 209.300,83 
PR;SAPOPEMA;4126207; 2.274.108,45 ;46,23%; 1.051.354,44 
PR;SARANDI;4126256; 13.441.410,17 ;48,62%; 6.535.840,56 
PR;SIQUEIRA CAMPOS;4126603; 3.032.536,77 ;46,75%; 1.417.723,93 
PR;TERRA BOA;4127205; 140.970,61 ;44,48%; 62.702,74 
PR;TIJUCAS DO SUL;4127601; 1.186.797,17 ;54,53%; 647.183,28 
PR;TUNAS DO PARANA;4127882; 561.099,34 ;56,54%; 317.236,89 
PR;TUNEIRAS DO OESTE;4127908; 222.590,79 ;46,04%; 102.491,80 
PR;TURVO;4127965; 8.363,74 ;51,59%; 4.314,78 
PR;VITORINO;4128708; 243.530,39 ;46,94%; 114.305,32 
PR;WENCESLAU BRAZ;4128500; 1.266.777,12 ;49,63%; 628.673,79 
RJ;BELFORD ROXO;3300456; 57.918.566,99 ;56,52%; 32.736.900,27 
RJ;ITABORAI;3301900; 13.722.544,28 ;55,92%; 7.674.088,81 
RJ;JAPERI;3302270; 4.913.889,39 ;62,76%; 3.083.967,88 
RJ;MAGE;3302502; 42.411.347,91 ;53,25%; 22.582.799,39 
RJ;MESQUITA;3302858; 7.692.976,61 ;53,13%; 4.087.080,15 
RJ;NOVA FRIBURGO;3303401; 2.511.990,27 ;46,07%; 1.157.343,48 
RJ;NOVA IGUACU;3303500; 73.752.335,30 ;62,55%; 46.128.903,36 
RJ;PATY DO ALFERES;3303856; 335.907,26 ;54,51%; 183.095,17 
RJ;QUEIMADOS;3304144; 4.330.887,42 ;62,45%; 2.704.740,57 
RJ;SAO JOAO DE MERITI;3305109; 21.129.049,76 ;56,99%; 12.040.843,83 
RJ;SAO PEDRO DA ALDEIA;3305208; 14.960.223,05 ;54,90%; 8.213.158,55 
RJ;SEROPEDICA;3305554; 3.876.842,40 ;56,80%; 2.202.159,42 
RJ;TANGUA;3305752; 4.114.290,28 ;48,63%; 2.000.661,20 
RN;ACARI;2400109; 2.068.911,52 ;50,59%; 1.046.706,61 
RN;ACU;2400208; 745.872,88 ;54,74%; 408.273,25 
RN;AGUA NOVA;2400406; 492.725,22 ;49,22%; 242.540,07 
RN;ALEXANDRIA;2400505; 4.896.385,94 ;52,58%; 2.574.585,66 
RN;ANGICOS;2400802; 1.077.786,79 ;50,27%; 541.852,63 
RN;ANTONIO MARTINS;2400901; 1.559.595,17 ;50,63%; 789.553,96 
RN;APODI;2401008; 419.648,53 ;51,73%; 217.063,83 
RN;ARES;2401206; 4.080.341,72 ;47,32%; 1.930.974,29 
RN;AUGUSTO SEVERO;2401305; 2.736.759,79 ;54,30%; 1.486.054,41 
RN;BAIA FORMOSA;2401404; 3.447.346,77 ;37,34%; 1.287.388,08 
RN;BARAUNA;2401453; 10.512.542,31 ;51,60%; 5.424.252,64 
RN;BARCELONA;2401503; 894.062,84 ;37,46%; 334.894,37 
RN;BENTO FERNANDES;2401602; 927.125,82 ;52,90%; 490.419,18 
RN;BOM JESUS;2401701; 4.771.957,76 ;41,73%; 1.991.377,86 
RN;BREJINHO;2401800; 3.011.570,56 ;45,60%; 1.373.218,48 
RN;CAICARA DO NORTE;2401859; 856.702,69 ;46,43%; 397.766,02 
RN;CAICO;2402006; 4.127.066,22 ;46,75%; 1.929.476,93 
RN;CAMPO REDONDO;2402105; 1.018.086,55 ;47,98%; 488.510,93 
RN;CANGUARETAMA;2402204; 22.698.226,86 ;52,56%; 11.931.232,75 
RN;CARAUBAS;2402303; 5.046.376,08 ;47,75%; 2.409.647,88 
RN;CARNAUBA DOS DANTAS;2402402; 3.043.684,12 ;39,54%; 1.203.568,39 
RN;CEARA MIRIM;2402600; 28.922.799,26 ;54,58%; 15.785.810,14 
RN;CERRO CORA;2402709; 2.305.265,08 ;55,53%; 1.280.000,70 
RN;CORONEL EZEQUIEL;2402808; 2.663.135,15 ;53,84%; 1.433.884,80 
RN;CORONEL JOAO PESSOA;2402907; 411.794,06 ;45,67%; 188.056,70 
RN;CRUZETA;2403004; 2.561.033,85 ;46,95%; 1.202.469,44 
RN;CURRAIS NOVOS;2403103; 5.115.109,51 ;52,47%; 2.684.063,57 
RN;DOUTOR SEVERIANO;2403202; 4.956.274,18 ;41,08%; 2.036.121,35 
RN;ENCANTO;2403301; 2.088.829,66 ;48,88%; 1.020.943,48 
RN;EQUADOR;2403400; 791.595,05 ;44,72%; 354.017,73 
RN;ESPIRITO SANTO;2403509; 1.713.120,19 ;48,39%; 828.958,26 
RN;EXTREMOZ;2403608; 47.227.540,67 ;53,44%; 25.239.620,23 
RN;FERNANDO PEDROZA;2403756; 654.326,92 ;53,80%; 352.046,51 
RN;FLORANIA;2403806; 2.786.561,37 ;52,62%; 1.466.348,10 
RN;FRANCISCO DANTAS;2403905; 323.419,46 ;49,81%; 161.087,45 
RN;FRUTUOSO GOMES;2404002; 467.021,52 ;50,10%; 233.959,26 
RN;GOIANINHA;2404200; 23.699.623,24 ;48,59%; 11.515.661,07 
RN;IELMO MARINHO;2404606; 3.822.582,43 ;54,75%; 2.092.893,13 
RN;IPANGUACU;2404705; 4.977.579,27 ;54,42%; 2.708.836,82 
RN;ITAJA;2404853; 3.100.665,33 ;51,43%; 1.594.683,69 
RN;ITAU;2404903; 1.685.908,45 ;38,81%; 654.300,83 
RN;JACANA;2405009; 5.193.107,67 ;44,90%; 2.331.854,77 
RN;JANDAIRA;2405108; 249.861,26 ;49,12%; 122.721,21 
RN;JANDUIS;2405207; 2.880.359,73 ;42,63%; 1.228.030,98 
RN;JANUARIO CICCO;2405306; 6.240.697,92 ;52,55%; 3.279.619,50 
RN;JAPI;2405405; 2.188.476,48 ;56,35%; 1.233.243,29 
RN;JARDIM DE PIRANHAS;2405603; 6.578.373,36 ;53,76%; 3.536.804,62 
RN;JARDIM DO SERIDO;2405702; 1.510.626,67 ;45,15%; 682.067,53 
RN;JOAO CAMARA;2405801; 8.583.110,75 ;53,38%; 4.581.376,90 
RN;JOAO DIAS;2405900; 318.740,85 ;47,35%; 150.938,66 
RN;JOSE DA PENHA;2406007; 2.507.072,67 ;52,71%; 1.321.429,67 
RN;JUCURUTU;2406106; 2.038.314,94 ;50,72%; 1.033.820,35 
RN;JUNDIA;2406155; 3.458.515,48 ;49,25%; 1.703.415,84 
RN;LAGOA DANTA;2406205; 3.560.428,09 ;43,91%; 1.563.351,54 
RN;LAGOA DE PEDRAS;2406304; 7.472.071,03 ;55,66%; 4.159.270,20 
RN;LAGOA DE VELHOS;2406403; 1.081.592,11 ;45,78%; 495.135,76 
RN;LAGOA NOVA;2406502; 5.406.169,55 ;50,85%; 2.749.251,06 
RN;LAGOA SALGADA;2406601; 3.542.568,10 ;55,17%; 1.954.404,25 
RN;LAJES PINTADAS;2406809; 708.205,96 ;46,63%; 330.245,41 
RN;LUCRECIA;2406908; 440.164,35 ;41,79%; 183.953,54 
RN;LUIS GOMES;2407005; 2.280.111,60 ;51,94%; 1.184.350,51 
RN;MACAIBA;2407104; 9.156.950,43 ;57,69%; 5.283.092,73 
RN;MAJOR SALES;2407252; 1.226.351,88 ;45,19%; 554.200,09 
RN;MARCELINO VIEIRA;2407302; 1.998.788,96 ;53,03%; 1.059.934,57 
RN;MARTINS;2407401; 3.164.216,38 ;49,81%; 1.575.979,55 
RN;MAXARANGUAPE;2407500; 4.739.158,56 ;48,37%; 2.292.455,75 
RN;MESSIAS TARGINO;2407609; 500.657,87 ;49,04%; 245.539,91 
RN;MONTANHAS;2407708; 4.461.641,15 ;52,81%; 2.356.392,55 
RN;MONTE ALEGRE;2407807; 15.883.920,44 ;50,58%; 8.034.052,09 
RN;NISIA FLORESTA;2408201; 30.483.696,61 ;53,07%; 16.176.232,22 
RN;NOVA CRUZ;2408300; 8.644.630,49 ;52,78%; 4.562.593,26 
RN;OURO BRANCO;2408508; 682.260,58 ;48,82%; 333.047,89 
RN;PARANA;2408607; 253.762,67 ;41,23%; 104.623,84 
RN;PARAZINHO;2408805; 469.411,80 ;50,17%; 235.519,28 
RN;PARELHAS;2408904; 2.098.646,01 ;49,40%; 1.036.814,84 
RN;PASSA E FICA;2409100; 10.711.055,84 ;43,83%; 4.694.908,83 
RN;PASSAGEM;2409209; 1.656.806,81 ;42,29%; 700.637,52 
RN;PATU;2409308; 422.040,12 ;49,27%; 207.940,07 
RN;PEDRA GRANDE;2409506; 138.874,56 ;53,09%; 73.721,70 
RN;PEDRO AVELINO;2409704; 40.740,99 ;45,70%; 18.617,82 
RN;PEDRO VELHO;2409803; 19.232.549,19 ;45,73%; 8.795.264,72 
RN;POCO BRANCO;2410108; 7.926.374,45 ;51,59%; 4.089.064,15 
RN;PORTALEGRE;2410207; 3.351.116,21 ;49,00%; 1.641.946,21 
RN;PRESIDENTE JUSCELINO;2410306; 7.508.065,92 ;51,93%; 3.898.602,63 
RN;PUREZA;2410405; 9.188.905,93 ;51,26%; 4.709.983,84 
RN;RIACHO DA CRUZ;2410702; 905.658,10 ;43,55%; 394.456,14 
RN;RIACHO DE SANTANA;2410801; 330.916,28 ;54,03%; 178.782,49 
RN;RIACHUELO;2410900; 1.847.418,68 ;46,06%; 850.853,62 
RN;RIO DO FOGO;2408953; 3.923.320,01 ;55,59%; 2.181.143,43 
RN;RODOLFO FERNANDES;2411007; 791.022,73 ;33,22%; 262.781,88 
RN;SANTA CRUZ;2411205; 5.778.332,46 ;52,04%; 3.007.062,91 
RN;SANTA MARIA;2409332; 1.659.804,06 ;31,52%; 523.094,16 
RN;SANTANA DO MATOS;2411403; 1.605.296,39 ;53,40%; 857.221,25 
RN;SANTO ANTONIO;2411502; 4.636.311,34 ;49,62%; 2.300.609,22 
RN;SAO BENTO DO TRAIRI;2411700; 889.630,81 ;45,70%; 406.527,00 
RN;SAO FRANCISCO DO OESTE;2411908; 79.730,50 ;46,87%; 37.368,73 
RN;SAO GONCALO DO AMARANTE;2412005; 20.656.237,29 ;55,89%; 11.543.987,79 
RN;SAO JOAO DO SABUGI;2412104; 2.053.766,74 ;43,33%; 889.860,02 
RN;SAO JOSE DE MIPIBU;2412203; 29.800.945,08 ;53,08%; 15.817.059,41 
RN;SAO JOSE DO SERIDO;2412401; 359.935,98 ;47,86%; 172.282,48 
RN;SAO MIGUEL;2412500; 7.419.200,23 ;50,10%; 3.717.147,58 
RN;SAO MIGUEL DO GOSTOSO;2412559; 3.021.652,31 ;47,34%; 1.430.344,21 
RN;SAO PAULO DO POTENGI;2412609; 3.442.591,20 ;49,95%; 1.719.430,09 
RN;SAO PEDRO;2412708; 2.712.665,84 ;45,27%; 1.227.924,95 
RN;SAO RAFAEL;2412807; 1.966.321,74 ;52,15%; 1.025.360,98 
RN;SAO TOME;2412906; 1.016.953,82 ;34,21%; 347.877,85 
RN;SAO VICENTE;2413003; 780.572,02 ;52,03%; 406.150,07 
RN;SENADOR ELOI DE SOUZA;2413102; 2.269.468,49 ;46,74%; 1.060.805,48 
RN;SENADOR GEORGINO AVELINO;2413201; 2.131.200,19 ;41,76%; 889.997,41 
RN;SERRA DE SAO BENTO;2413300; 946.395,24 ;51,15%; 484.057,12 
RN;SERRA DO MEL;2413359; 2.474.077,96 ;50,08%; 1.239.058,14 
RN;SERRA NEGRA DO NORTE;2413409; 796.685,50 ;48,03%; 382.673,31 
RN;SERRINHA;2413508; 3.187.206,83 ;50,02%; 1.594.098,45 
RN;SERRINHA DOS PINTOS;2413557; 2.126.343,96 ;46,96%; 998.616,08 
RN;SEVERIANO MELO;2413607; 1.614.885,14 ;52,15%; 842.231,88 
RN;SITIO NOVO;2413706; 2.561.022,19 ;54,06%; 1.384.488,52 
RN;TAIPU;2413904; 3.793.809,13 ;58,06%; 2.202.753,48 
RN;TANGARA;2414001; 6.858.592,77 ;51,05%; 3.501.421,72 
RN;TENENTE ANANIAS;2414100; 5.353.068,45 ;46,67%; 2.498.531,61 
RN;TENENTE LAURENTINO CRUZ;2414159; 2.998.793,02 ;49,99%; 1.499.182,81 
RN;TIBAU DO SUL;2414209; 1.051.460,37 ;57,01%; 599.426,28 
RN;TOUROS;2414407; 23.899.520,90 ;51,26%; 12.250.216,65 
RN;TRIUNFO POTIGUAR;2414456; 596.763,72 ;39,84%; 237.761,88 
RN;UMARIZAL;2414506; 1.770.583,31 ;48,60%; 860.477,83 
RN;VARZEA;2414704; 426.089,97 ;54,33%; 231.496,23 
RN;VENHA-VER;2414753; 1.285.456,69 ;51,88%; 666.894,35 
RN;VERA CRUZ;2414803; 6.135.856,24 ;55,78%; 3.422.561,14 
RN;VILA FLOR;2415008; 189.497,69 ;45,48%; 86.181,22 
RO;CANDEIAS DO JAMARI;1100809; 3.361.384,38 ;57,30%; 1.926.174,86 
RO;SERINGUEIRAS;1101500; 2.557.119,54 ;60,35%; 1.543.304,40 
RR;ALTO ALEGRE;1400050; 5.512.807,71 ;57,44%; 3.166.560,22 
RR;BONFIM;1400159; 1.222.491,02 ;60,48%; 739.372,77 
RR;NORMANDIA;1400407; 12.198.416,69 ;42,90%; 5.233.348,28 
RR;PACARAIMA;1400456; 2.818.771,95 ;58,19%; 1.640.330,74 
RR;RORAINOPOLIS;1400472; 4.949.079,57 ;55,24%; 2.733.656,44 
RR;UIRAMUTA;1400704; 6.365.891,33 ;63,02%; 4.012.050,21 
RS;ARARICA;4300877; 790.473,08 ;46,98%; 371.365,78 
RS;BENJAMIN CONSTANT DO SUL;4302055; 34.772,89 ;35,60%; 12.377,76 
RS;CARAA;4304713; 745.426,92 ;47,41%; 353.376,06 
RS;CERRO GRANDE;4305157; 403.598,09 ;38,46%; 155.221,90 
RS;ERVAL GRANDE;4307203; 1.162.551,60 ;41,61%; 483.787,40 
RS;HARMONIA;4309555; 94.696,31 ;34,06%; 32.254,19 
RS;IRAI;4310504; 746.370,48 ;45,29%; 338.007,83 
RS;LAJEADO DO BUGRE;4311429; 740.669,46 ;30,36%; 224.886,29 
RS;MATO CASTELHANO;4312138; 571.389,79 ;55,09%; 314.768,80 
RS;PARECI NOVO;4314035; 87.337,55 ;36,26%; 31.664,71 
RS;PINHEIRINHO DO VALE;4314498; 750.831,98 ;39,25%; 294.699,76 
RS;PORTO XAVIER;4315107; 1.324.879,44 ;44,61%; 590.985,80 
RS;QUARAI;4315305; 121.825,43 ;42,74%; 52.063,19 
RS;SARANDI;4320107; 523.108,22 ;45,60%; 238.531,06 
RS;TRES CACHOEIRAS;4321667; 781.605,34 ;46,43%; 362.919,98 
SC;AGROLANDIA;4200200; 34.662,89 ;43,35%; 15.026,40 
SC;ANITA GARIBALDI;4201000; 234.537,67 ;49,71%; 116.589,37 
SC;ARMAZEM;4201505; 953.165,93 ;40,24%; 383.538,09 
SC;BALNEARIO GAIVOTA;4202073; 1.584.351,17 ;44,38%; 703.069,64 
SC;BALNEARIO RINCAO;4220000; 956.035,51 ;46,33%; 442.906,79 
SC;BELA VISTA DO TOLDO;4202131; 255.691,27 ;48,54%; 124.103,91 
SC;CAMBORIU;4203204; 24.804.742,55 ;46,78%; 11.603.970,74 
SC;CAMPO ERE;4203501; 1.439.935,67 ;39,36%; 566.704,84 
SC;FAXINAL DOS GUEDES;4205308; 531.283,55 ;49,44%; 262.649,12 
SC;FORQUILHINHA;4205456; 408.102,22 ;41,58%; 169.696,39 
SC;FRAIBURGO;4205506; 3.714.350,43 ;43,48%; 1.615.120,52 
SC;GRAVATAL;4206207; 1.563.972,39 ;39,94%; 624.619,13 
SC;GUABIRUBA;4206306; 3.970.894,34 ;39,78%; 1.579.685,59 
SC;ILHOTA;4207106; 6.386.372,13 ;44,12%; 2.817.902,87 
SC;IMARUI;4207205; 3.158.678,23 ;41,53%; 1.311.801,07 
SC;IMBUIA;4207403; 398.240,46 ;43,46%; 173.070,92 
SC;IRINEOPOLIS;4207908; 1.305.611,58 ;47,51%; 620.361,08 
SC;LONTRAS;4209904; 2.468.686,33 ;44,60%; 1.101.020,20 
SC;LUIZ ALVES;4210001; 425.824,97 ;42,14%; 179.426,30 
SC;MONTE CARLO;4211058; 336.081,62 ;44,02%; 147.939,90 
SC;PERITIBA;4212601; 108.025,99 ;28,64%; 30.942,89 
SC;PESCARIA BRAVA;4212650; 325.080,63 ;41,83%; 135.974,11 
SC;PETROLANDIA;4212700; 238.577,27 ;47,76%; 113.950,48 
SC;PRAIA GRANDE;4213807; 35.293,47 ;45,39%; 16.020,60 
SC;PRESIDENTE GETULIO;4214003; 490.623,41 ;38,89%; 190.811,16 
SC;RIO DO CAMPO;4214508; 140.404,36 ;39,82%; 55.908,39 
SC;SANTA ROSA DO SUL;4215653; 1.242.974,82 ;49,44%; 614.562,81 
SC;SANTA TEREZINHA;4215679; 430.029,28 ;46,93%; 201.814,56 
SC;SANTO AMARO DA IMPERATRIZ;4215703; 2.078.613,67 ;44,84%; 932.120,82 
SC;SAO JOAO DO ITAPERIU;4216354; 456.097,01 ;45,04%; 205.423,96 
SC;SAO JOAO DO SUL;4216404; 3.707.666,22 ;37,03%; 1.372.997,42 
SC;SAO LUDGERO;4217006; 106.830,79 ;37,91%; 40.502,31 
SC;SEARA;4217501; 1.857.637,58 ;48,33%; 897.729,11 
SC;SOMBRIO;4217709; 423.192,79 ;44,71%; 189.195,14 
SC;TAIO;4217808; 840.977,89 ;38,45%; 323.373,49 
SC;TIMBO GRANDE;4218251; 1.249.586,53 ;54,36%; 679.254,59 
SC;WITMARSUM;4219408; 404.322,27 ;41,61%; 168.218,48 
SE;AMPARO DE SAO FRANCISCO;2800100; 2.006.875,48 ;39,90%; 800.655,14 
SE;AQUIDABA;2800209; 5.523.472,50 ;45,88%; 2.534.283,02 
SE;ARAUA;2800407; 4.783.866,43 ;47,60%; 2.277.112,60 
SE;AREIA BRANCA;2800506; 2.170.595,19 ;53,32%; 1.157.284,46 
SE;BOQUIM;2800670; 1.676.301,91 ;51,06%; 855.886,44 
SE;BREJO GRANDE;2800704; 5.140.968,80 ;46,22%; 2.376.088,65 
SE;CAMPO DO BRITO;2801009; 1.829.447,39 ;49,74%; 909.998,14 
SE;CANHOBA;2801108; 3.544.990,07 ;47,48%; 1.683.032,19 
SE;CANINDE DE SAO FRANCISCO;2801207; 18.061.840,04 ;54,34%; 9.814.391,34 
SE;CAPELA;2801306; 18.779.699,19 ;49,66%; 9.326.915,24 
SE;CARIRA;2801405; 15.000.034,13 ;51,70%; 7.755.525,62 
SE;CRISTINAPOLIS;2801702; 3.682.777,16 ;48,19%; 1.774.887,63 
SE;DIVINA PASTORA;2802007; 1.159.519,45 ;37,61%; 436.133,05 
SE;ESTANCIA;2802106; 710.326,35 ;53,95%; 383.238,22 
SE;FREI PAULO;2802304; 8.225.564,70 ;50,37%; 4.143.613,60 
SE;GARARU;2802403; 8.361.882,09 ;57,12%; 4.776.417,12 
SE;GRACHO CARDOSO;2802601; 7.101.521,07 ;47,52%; 3.374.345,81 
SE;ILHA DAS FLORES;2802700; 7.025.042,59 ;50,04%; 3.515.035,10 
SE;INDIAROBA;2802809; 21.016.711,25 ;51,69%; 10.863.908,65 
SE;ITABAIANA;2802908; 15.810.574,33 ;53,37%; 8.438.443,22 
SE;ITABAIANINHA;2803005; 11.559.731,72 ;51,97%; 6.007.463,74 
SE;ITABI;2803104; 49.728,72 ;55,45%; 27.575,55 
SE;ITAPORANGA DAJUDA;2803203; 11.602.771,32 ;58,58%; 6.797.278,79 
SE;JAPARATUBA;2803302; 4.525.138,66 ;44,82%; 2.027.942,45 
SE;JAPOATA;2803401; 398.404,63 ;50,79%; 202.361,14 
SE;LAGARTO;2803500; 11.822.656,85 ;53,23%; 6.293.232,84 
SE;LARANJEIRAS;2803609; 41.569.381,93 ;35,84%; 14.900.221,27 
SE;MACAMBIRA;2803708; 1.564.158,10 ;47,17%; 737.823,28 
SE;MALHADA DOS BOIS;2803807; 4.123.723,56 ;43,62%; 1.798.581,76 
SE;MALHADOR;2803906; 4.616.035,81 ;45,13%; 2.082.999,69 
SE;MARUIM;2804003; 1.098.195,10 ;53,10%; 583.190,08 
SE;MOITA BONITA;2804102; 3.786.936,97 ;46,80%; 1.772.259,13 
SE;MONTE ALEGRE DE SERGIPE;2804201; 7.464.612,79 ;63,34%; 4.728.283,78 
SE;MURIBECA;2804300; 3.364.995,57 ;54,47%; 1.832.799,34 
SE;NEOPOLIS;2804409; 1.342.732,51 ;54,57%; 732.680,17 
SE;NOSSA SENHORA APARECIDA;2804458; 1.363.930,26 ;45,89%; 625.846,54 
SE;NOSSA SENHORA DA GLORIA;2804508; 21.082.710,01 ;54,27%; 11.441.460,86 
SE;NOSSA SENHORA DAS DORES;2804607; 5.425.914,77 ;56,16%; 3.047.088,55 
SE;NOSSA SENHORA DE LOURDES;2804706; 2.940.550,92 ;53,70%; 1.578.945,84 
SE;NOSSA SENHORA DO SOCORRO;2804805; 10.746.439,17 ;57,30%; 6.157.768,18 
SE;PACATUBA;2804904; 3.969.770,97 ;57,15%; 2.268.805,50 
SE;PEDRA MOLE;2805000; 1.269.739,90 ;43,54%; 552.888,73 
SE;PEDRINHAS;2805109; 411.643,90 ;40,63%; 167.247,18 
SE;PIRAMBU;2805307; 44.541,34 ;46,14%; 20.552,02 
SE;POCO REDONDO;2805406; 7.837.604,63 ;58,48%; 4.583.112,61 
SE;POCO VERDE;2805505; 3.577.395,27 ;53,65%; 1.919.286,45 
SE;PORTO DA FOLHA;2805604; 18.231.205,44 ;59,82%; 10.906.629,13 
SE;PROPRIA;2805703; 2.176.821,21 ;54,85%; 1.194.032,76 
SE;RIACHAO DO DANTAS;2805802; 6.503.958,50 ;54,12%; 3.519.776,72 
SE;RIACHUELO;2805901; 3.734.044,22 ;44,75%; 1.670.995,98 
SE;SALGADO;2806206; 3.692.210,88 ;56,85%; 2.098.892,92 
SE;SANTA LUZIA DO ITANHY;2806305; 8.809.466,87 ;41,77%; 3.679.338,40 
SE;SANTANA DO SAO FRANCISCO;2806404; 4.772.598,05 ;48,09%; 2.295.342,55 
SE;SAO CRISTOVAO;2806701; 9.009.225,02 ;57,61%; 5.190.086,33 
SE;SAO DOMINGOS;2806800; 2.500.551,77 ;47,65%; 1.191.508,18 
SE;SIMAO DIAS;2807105; 6.275.030,42 ;51,24%; 3.215.206,39 
SE;SIRIRI;2807204; 478.204,59 ;49,08%; 234.708,60 
SE;TELHA;2807303; 315.350,12 ;46,15%; 145.522,57 
SE;TOBIAS BARRETO;2807402; 22.740.475,69 ;53,21%; 12.100.625,05 
SE;TOMAR DO GERU;2807501; 5.912.164,98 ;52,71%; 3.116.439,38 
SE;UMBAUBA;2807600; 11.393.224,61 ;51,59%; 5.877.767,83 
SP;ALVARES MACHADO;3501301; 1.835.448,07 ;47,78%; 876.976,80 
SP;ANGATUBA;3502200; 1.684.990,92 ;45,93%; 773.984,86 
SP;APIAI;3502705; 1.316.999,87 ;46,54%; 612.971,42 
SP;AREIOPOLIS;3503604; 1.554.235,00 ;44,58%; 692.839,68 
SP;BADY BASSITT;3504602; 2.946.833,89 ;48,39%; 1.425.837,74 
SP;BARBOSA;3505104; 83.406,18 ;45,86%; 38.250,47 
SP;BARRA DO CHAPEU;3505351; 1.645.298,80 ;47,59%; 782.997,20 
SP;BARRINHA;3505609; 788.829,13 ;49,75%; 392.473,95 
SP;BURI;3508009; 2.747.745,92 ;50,84%; 1.396.991,15 
SP;CAJOBI;3509304; 428.580,29 ;38,70%; 165.872,48 
SP;CANITAR;3510153; 502.831,51 ;45,74%; 229.974,50 
SP;CAPAO BONITO;3510203; 1.963.437,45 ;47,57%; 934.033,29 
SP;CAPELA DO ALTO;3510302; 3.828.800,83 ;47,38%; 1.813.992,94 
SP;CESARIO LANGE;3511607; 457.030,33 ;45,47%; 207.818,05 
SP;CHARQUEADA;3511706; 1.450.142,69 ;46,05%; 667.804,74 
SP;ELDORADO;3514809; 157.955,50 ;55,22%; 87.216,22 
SP;FERRAZ DE VASCONCELOS;3515707; 15.769.356,37 ;49,81%; 7.855.117,75 
SP;FRANCISCO MORATO;3516309; 25.239.917,22 ;50,01%; 12.623.661,20 
SP;GUAICARA;3517208; 888.644,73 ;48,11%; 427.566,83 
SP;GUAPIARA;3517604; 655.897,99 ;58,85%; 386.000,80 
SP;IBITINGA;3519600; 3.493.713,35 ;45,81%; 1.600.318,01 
SP;IPERO;3521002; 4.482.634,64 ;48,23%; 2.162.180,30 
SP;ITAOCA;3522158; 76.360,29 ;51,91%; 39.641,04 
SP;ITAPEVI;3522505; 3.276.264,34 ;54,20%; 1.775.573,95 
SP;ITAPUI;3522901; 754.386,27 ;37,03%; 279.354,17 
SP;ITAQUAQUECETUBA;3523107; 64.024.309,88 ;51,53%; 32.988.783,82 
SP;JULIO MESQUITA;3525805; 131.791,46 ;45,22%; 59.602,36 
SP;JUQUIA;3526100; 539.556,47 ;52,32%; 282.299,06 
SP;MENDONCA;3529500; 607.614,57 ;52,25%; 317.502,29 
SP;MIRACATU;3529906; 2.811.928,10 ;50,64%; 1.424.079,93 
SP;MORUNGABA;3532009; 50.341,78 ;49,14%; 24.737,77 
SP;OURO VERDE;3534807; 142.195,41 ;43,80%; 62.286,46 
SP;PEDRA BELA;3536802; 252.474,62 ;49,29%; 124.438,10 
SP;PINHALZINHO;3538204; 371.256,74 ;42,65%; 158.333,30 
SP;PIRAPORA DO BOM JESUS;3539103; 817.619,85 ;45,10%; 368.743,90 
SP;POTIM;3540754; 2.716.423,63 ;49,48%; 1.343.973,78 
SP;PRATANIA;3541059; 1.132.930,74 ;50,46%; 571.709,28 
SP;RIBEIRAO BONITO;3542909; 158.561,44 ;49,54%; 78.550,08 
SP;RIBEIRAO BRANCO;3543006; 3.429.716,14 ;52,93%; 1.815.505,78 
SP;SALESOPOLIS;3545001; 1.240.106,40 ;52,62%; 652.512,18 
SP;SALTO GRANDE;3545407; 132.129,53 ;33,18%; 43.842,98 
SP;SANTA MARIA DA SERRA;3547007; 1.470.993,86 ;44,87%; 660.084,24 
SP;SANTO ANTONIO DE POSSE;3548005; 797.371,01 ;43,79%; 349.193,47 
SP;SANTO ANTONIO DO PINHAL;3548203; 426.702,89 ;55,28%; 235.897,49 
SP;SERRANA;3551504; 3.173.104,82 ;46,74%; 1.483.188,05 
SP;SETE BARRAS;3551801; 1.215.395,73 ;55,58%; 675.500,08 
SP;SEVERINIA;3551900; 819.238,10 ;49,72%; 407.361,84 
SP;TABATINGA;3552700; 423.572,70 ;46,46%; 196.802,44 
SP;TAGUAI;3553005; 1.390.746,97 ;44,03%; 612.285,79 
SP;TAIACU;3553104; 346.855,99 ;41,47%; 143.846,56 
SP;TAPIRAI;3553500; 1.591.676,51 ;49,58%; 789.105,08 
SP;TAPIRATIBA;3553609; 564.540,14 ;29,43%; 166.117,41 
SP;TAQUARIVAI;3553856; 844.983,10 ;52,54%; 443.915,36 
SP;TERRA ROXA;3554409; 154.005,90 ;53,36%; 82.172,54 
SP;TUIUTI;3554953; 884.609,98 ;55,64%; 492.184,18 
SP;TUPI PAULISTA;3555109; 2.019.119,33 ;45,99%; 928.574,37 
SP;VARGEM;3556354; 150.861,47 ;48,55%; 73.236,59 
TO;ANANAS;1701002; 2.615.189,66 ;48,54%; 1.269.340,22 
TO;AUGUSTINOPOLIS;1702554; 4.180.399,64 ;51,74%; 2.162.844,61 
TO;AXIXA DO TOCANTINS;1702901; 3.503.857,97 ;47,68%; 1.670.800,71 
TO;BARRA DO OURO;1703073; 389.778,59 ;53,13%; 207.090,12 
TO;BURITI DO TOCANTINS;1703800; 1.881.345,89 ;46,73%; 879.146,60 
TO;CACHOEIRINHA;1703826; 396.810,55 ;54,78%; 217.372,14 
TO;CASEARA;1703909; 759.431,71 ;47,13%; 357.943,72 
TO;CHAPADA DA NATIVIDADE;1705102; 305.809,08 ;48,24%; 147.520,06 
TO;COLINAS DO TOCANTINS;1705508; 3.740.307,89 ;47,60%; 1.780.573,09 
TO;COLMEIA;1716703; 1.337.652,64 ;55,99%; 748.991,05 
TO;COUTO DE MAGALHAES;1706001; 997.578,63 ;48,20%; 480.787,51 
TO;DARCINOPOLIS;1706506; 648.709,58 ;51,23%; 332.308,00 
TO;ESPERANTINA;1707405; 258.345,99 ;50,79%; 131.225,97 
TO;FILADELFIA;1707702; 784.897,68 ;52,22%; 409.842,13 
TO;LAGOA DA CONFUSAO;1711902; 399.078,24 ;54,47%; 217.375,19 
TO;LUZINOPOLIS;1712454; 433.762,94 ;56,68%; 245.841,67 
TO;MARIANOPOLIS DO TOCANTINS;1712504; 1.664.098,82 ;45,39%; 755.415,11 
TO;MONTE DO CARMO;1713601; 1.190.401,40 ;55,50%; 660.649,71 
TO;MURICILANDIA;1713957; 203.644,18 ;61,63%; 125.503,92 
TO;NATIVIDADE;1714203; 703.829,81 ;57,22%; 402.703,90 
TO;NAZARE;1714302; 692.884,79 ;53,54%; 370.938,19 
TO;NOVA OLINDA;1714880; 1.058.669,07 ;47,30%; 500.797,75 
TO;PALMEIROPOLIS;1715754; 1.956.065,95 ;45,40%; 888.097,75 
TO;PARANA;1716208; 1.009.146,38 ;56,02%; 565.304,66 
TO;PAU DARCO;1716307; 198.946,04 ;50,29%; 100.043,68 
TO;PEQUIZEIRO;1716653; 408.696,93 ;47,59%; 194.485,88 
TO;PIRAQUE;1717206; 519.742,73 ;54,22%; 281.778,84 
TO;SAMPAIO;1718808; 291.537,08 ;52,61%; 153.386,16 
TO;SANTA FE DO ARAGUAIA;1718865; 1.531.093,57 ;55,84%; 854.959,50 
TO;SANTA ROSA DO TOCANTINS;1718907; 1.306.144,90 ;49,18%; 642.371,72 
TO;SANTA TEREZA DO TOCANTINS;1719004; 2.407,71 ;53,28%; 1.282,85 
TO;SAO BENTO DO TOCANTINS;1720101; 4.801.345,38 ;51,95%; 2.494.098,00 
TO;SAO MIGUEL DO TOCANTINS;1720200; 5.268.265,74 ;45,77%; 2.411.505,84 
TO;SAO SEBASTIAO DO TOCANTINS;1720309; 1.253.104,28 ;47,33%; 593.078,26 
TO;SITIO NOVO DO TOCANTINS;1720804; 6.615.258,15 ;43,88%; 2.903.097,03 
TO;TOCANTINIA;1721109; 1.105.904,04 ;46,54%; 514.707,09 
TO;WANDERLANDIA;1722081; 467.906,02 ;51,29%; 240.011,71 
TO;XAMBIOA;1722107; 32.423,35 ;49,84%; 16.160,26 
