 ANEXO V ;;;;;;;;;;;;;;;;
Portaria Interministerial MEC/MF nº 11, de 28 de Agosto de 2026;;;;;;;;;;;;;;;;
 Cronograma de Desembolso da Complementação da União-VAAT ao Fundeb no Ano de 2026 (art. 16, § 2º da Lei nº 14.113/2020) ;;;;;;;;;;;;;;;;
;;;;;;;;;;;;;;;;
UF;Ente Federado;"Código
IBGE";Janeiro;Fevereiro;Março;Abril;Maio;Junho;Julho;Agosto;Setembro;Outubro;Novembro;Dezembro;"Janeiro do
Ano Seguinte";Total
AC;ACRELANDIA;1200013; 120.740,11 ; 132.814,12 ; 144.888,13 ; 156.962,14 ; 169.346,25 ; 180.881,32 ; 180.881,32 ; 192.940,08 ; 231.874,30 ; 231.874,01 ; 231.874,01 ; 231.874,01 ; 428.362,80 ; 2.635.312,60 
AC;ASSIS BRASIL;1200054; 94.672,93 ; 104.140,23 ; 113.607,52 ; 123.074,81 ; 132.804,82 ; 141.850,86 ; 141.850,86 ; 151.307,58 ; 166.038,63 ; 166.038,42 ; 166.038,42 ; 166.038,42 ; 306.738,49 ; 1.974.201,99 
AC;BRASILEIA;1200104; 403.386,58 ; 443.725,24 ; 484.063,90 ; 524.402,55 ; 566.041,53 ; 604.597,62 ; 604.597,62 ; 644.904,12 ; 718.791,00 ; 718.790,11 ; 718.790,11 ; 718.790,11 ; 1.327.888,84 ; 8.478.769,33 
AC;BUJARI;1200138; 352.968,07 ; 388.264,89 ; 423.561,69 ; 458.858,50 ; 495.389,88 ; 529.133,50 ; 529.133,50 ; 564.409,07 ; 566.624,02 ; 566.623,32 ; 566.623,32 ; 566.623,32 ; 1.046.776,76 ; 7.054.989,84 
AC;CAPIXABA;1200179; 110.398,78 ; 121.438,65 ; 132.478,53 ; 143.518,41 ; 154.835,30 ; 165.381,95 ; 165.381,95 ; 176.407,41 ; 200.316,52 ; 200.316,27 ; 200.316,27 ; 200.316,27 ; 370.063,22 ; 2.341.169,53 
AC;CRUZEIRO DO SUL;1200203; 1.839.233,66 ; 2.023.157,02 ; 2.207.080,39 ; 2.391.003,75 ; 2.581.075,00 ; 2.756.885,68 ; 2.756.885,68 ; 2.940.678,06 ; 3.432.088,08 ; 3.432.083,83 ; 3.432.083,83 ; 3.432.083,83 ; 6.340.412,73 ; 39.564.751,54 
AC;EPITACIOLANDIA;1200252; 440.526,69 ; 484.579,36 ; 528.632,03 ; 572.684,70 ; 618.236,04 ; 660.347,37 ; 660.347,37 ; 704.370,52 ; 753.209,30 ; 753.208,37 ; 753.208,37 ; 753.208,37 ; 1.391.472,94 ; 9.074.031,43 
AC;FEIJO;1200302; 1.176.641,09 ; 1.294.305,20 ; 1.411.969,30 ; 1.529.633,41 ; 1.651.501,86 ; 1.763.994,40 ; 1.763.994,40 ; 1.881.594,03 ; 1.979.855,09 ; 1.979.852,64 ; 1.979.852,64 ; 1.979.852,64 ; 3.657.568,84 ; 24.050.615,54 
AC;JORDAO;1200328; 232.882,92 ; 256.171,21 ; 279.459,51 ; 302.747,80 ; 326.701,57 ; 348.954,94 ; 348.954,94 ; 372.218,60 ; 389.391,65 ; 389.391,17 ; 389.391,17 ; 389.391,17 ; 719.359,11 ; 4.745.015,76 
AC;MANCIO LIMA;1200336; 403.536,45 ; 443.890,09 ; 484.243,73 ; 524.597,38 ; 566.263,86 ; 604.835,08 ; 604.835,08 ; 645.157,42 ; 701.460,40 ; 701.459,53 ; 701.459,53 ; 701.459,53 ; 1.295.872,45 ; 8.379.070,53 
AC;MANOEL URBANO;1200344; 296.928,05 ; 326.620,85 ; 356.313,66 ; 386.006,47 ; 416.669,32 ; 445.050,88 ; 445.050,88 ; 474.720,94 ; 521.532,81 ; 521.532,17 ; 521.532,17 ; 521.532,17 ; 963.475,62 ; 6.196.965,99 
AC;MARECHAL THAUMATURGO;1200351; 270.561,92 ; 297.618,11 ; 324.674,30 ; 351.730,49 ; 379.456,90 ; 405.303,71 ; 405.303,71 ; 432.323,96 ; 456.664,56 ; 456.663,99 ; 456.663,99 ; 456.663,99 ; 843.638,58 ; 5.537.268,21 
AC;PLACIDO DE CASTRO;1200385; 152.470,99 ; 167.718,09 ; 182.965,19 ; 198.212,29 ; 213.881,15 ; 228.449,73 ; 228.449,73 ; 243.679,71 ; 315.993,60 ; 315.993,21 ; 315.993,21 ; 315.993,21 ; 583.764,12 ; 3.463.564,23 
AC;PORTO ACRE;1200807; 616.110,15 ; 677.721,17 ; 739.332,18 ; 800.943,20 ; 864.738,66 ; 923.640,59 ; 923.640,59 ; 985.216,63 ; 1.073.441,59 ; 1.073.440,26 ; 1.073.440,26 ; 1.073.440,26 ; 1.983.067,59 ; 12.808.173,13 
AC;SANTA ROSA DO PURUS;1200435; 80.580,62 ; 88.638,69 ; 96.696,75 ; 104.754,81 ; 112.963,55 ; 120.658,10 ; 120.658,10 ; 128.701,97 ; 129.725,14 ; 129.724,98 ; 129.724,98 ; 129.724,98 ; 239.653,25 ; 1.612.205,92 
AC;SENA MADUREIRA;1200500; 414.925,48 ; 456.418,03 ; 497.910,58 ; 539.403,12 ; 582.085,07 ; 621.733,97 ; 621.733,97 ; 663.182,90 ; 802.332,97 ; 802.331,97 ; 802.331,97 ; 802.331,97 ; 1.482.223,64 ; 9.088.945,64 
AC;SENADOR GUIOMARD;1200450; 252.772,09 ; 278.049,30 ; 303.326,51 ; 328.603,72 ; 354.677,61 ; 378.836,58 ; 378.836,58 ; 404.092,35 ; 485.849,02 ; 485.848,42 ; 485.848,42 ; 485.848,42 ; 897.553,72 ; 5.520.142,74 
AC;TARAUACA;1200609; 1.017.016,09 ; 1.118.717,70 ; 1.220.419,31 ; 1.322.120,92 ; 1.427.204,61 ; 1.524.419,07 ; 1.524.419,07 ; 1.626.047,01 ; 1.753.802,20 ; 1.753.800,03 ; 1.753.800,03 ; 1.753.800,03 ; 3.239.960,48 ; 21.035.526,55 
AC;XAPURI;1200708; 310.323,38 ; 341.355,72 ; 372.388,06 ; 403.420,39 ; 435.519,10 ; 465.184,61 ; 465.184,61 ; 496.196,93 ; 523.679,05 ; 523.678,41 ; 523.678,41 ; 523.678,41 ; 967.440,57 ; 6.351.727,65 
AL;AGUA BRANCA;2700102; 920.911,31 ; 1.013.002,44 ; 1.105.093,57 ; 1.197.184,70 ; 1.292.470,35 ; 1.380.507,35 ; 1.380.507,35 ; 1.472.541,17 ; 1.591.476,13 ; 1.591.474,16 ; 1.591.474,16 ; 1.591.474,16 ; 2.940.080,60 ; 19.068.197,45 
AL;ANADIA;2700201; 779.968,69 ; 857.965,56 ; 935.962,43 ; 1.013.959,30 ; 1.094.749,17 ; 1.169.318,33 ; 1.169.318,33 ; 1.247.272,89 ; 1.252.031,32 ; 1.252.029,77 ; 1.252.029,77 ; 1.252.029,77 ; 2.312.992,89 ; 15.589.628,22 
AL;ARAPIRACA;2700300; 6.132.779,97 ; 6.746.057,96 ; 7.359.335,96 ; 7.972.613,95 ; 8.607.399,85 ; 9.193.695,43 ; 9.193.695,43 ; 9.806.608,46 ; 9.888.247,65 ; 9.888.235,41 ; 9.888.235,41 ; 9.888.235,41 ; 18.267.471,61 ; 122.832.612,50 
AL;ATALAIA;2700409; 1.457.448,34 ; 1.603.193,17 ; 1.748.938,01 ; 1.894.682,84 ; 2.045.442,19 ; 2.184.768,09 ; 2.184.768,09 ; 2.330.419,30 ; 2.381.249,15 ; 2.381.246,20 ; 2.381.246,20 ; 2.381.246,20 ; 4.399.101,11 ; 29.373.748,89 
AL;BARRA DE SANTO ANTONIO;2700508; 561.508,96 ; 617.659,85 ; 673.810,75 ; 729.961,64 ; 788.028,84 ; 841.705,66 ; 841.705,66 ; 897.819,37 ; 906.212,04 ; 906.210,92 ; 906.210,92 ; 906.210,92 ; 1.674.129,01 ; 11.251.174,54 
AL;BARRA DE SAO MIGUEL;2700607; 116.167,34 ; 127.784,08 ; 139.400,81 ; 151.017,55 ; 162.911,17 ; 174.007,91 ; 174.007,91 ; 185.608,44 ; 185.942,22 ; 185.941,99 ; 185.941,99 ; 185.941,99 ; 343.508,23 ; 2.318.181,63 
AL;BATALHA;2700706; 81.769,73 ; 89.946,70 ; 98.123,68 ; 106.300,65 ; 114.508,62 ; 122.308,41 ; 122.308,41 ; 130.462,30 ; 142.980,48 ; 142.980,30 ; 142.980,30 ; 142.980,30 ; 264.141,06 ; 1.701.790,94 
AL;BELEM;2700805; 300.311,55 ; 330.342,71 ; 360.373,86 ; 390.405,02 ; 421.469,90 ; 450.178,44 ; 450.178,44 ; 480.190,34 ; 481.857,13 ; 481.856,53 ; 481.856,53 ; 481.856,53 ; 890.179,12 ; 6.001.056,10 
AL;BELO MONTE;2700904; 590.277,61 ; 649.305,37 ; 708.333,13 ; 767.360,89 ; 828.521,84 ; 884.956,85 ; 884.956,85 ; 943.953,97 ; 949.491,62 ; 949.490,45 ; 949.490,45 ; 949.490,45 ; 1.754.083,39 ; 11.809.712,87 
AL;BOCA DA MATA;2701001; 939.790,47 ; 1.033.769,52 ; 1.127.748,56 ; 1.221.727,61 ; 1.318.972,11 ; 1.408.814,28 ; 1.408.814,28 ; 1.502.735,23 ; 1.508.072,41 ; 1.508.070,55 ; 1.508.070,55 ; 1.508.070,55 ; 2.786.001,19 ; 18.780.657,31 
AL;BRANQUINHA;2701100; 534.864,25 ; 588.350,68 ; 641.837,10 ; 695.323,53 ; 750.638,46 ; 801.768,42 ; 801.768,42 ; 855.219,64 ; 858.138,27 ; 858.137,21 ; 858.137,21 ; 858.137,21 ; 1.585.317,93 ; 10.687.638,33 
AL;CACIMBINHAS;2701209; 56.818,05 ; 62.499,86 ; 68.181,66 ; 73.863,47 ; 79.557,00 ; 84.976,05 ; 84.976,05 ; 90.641,12 ; 95.614,47 ; 95.614,35 ; 95.614,35 ; 95.614,35 ; 176.637,44 ; 1.160.608,22 
AL;CAJUEIRO;2701308; 965.920,47 ; 1.062.512,51 ; 1.159.104,56 ; 1.255.696,61 ; 1.355.724,73 ; 1.448.070,32 ; 1.448.070,32 ; 1.544.608,34 ; 1.550.410,72 ; 1.550.408,80 ; 1.550.408,80 ; 1.550.408,80 ; 2.864.216,64 ; 19.305.561,62 
AL;CAMPESTRE;2701357; 309.799,16 ; 340.779,08 ; 371.758,99 ; 402.738,91 ; 434.795,87 ; 464.412,12 ; 464.412,12 ; 495.372,94 ; 497.134,67 ; 497.134,06 ; 497.134,06 ; 497.134,06 ; 918.402,75 ; 6.191.008,79 
AL;CAMPO ALEGRE;2701407; 4.064.616,91 ; 4.471.078,60 ; 4.877.540,29 ; 5.284.001,98 ; 5.705.385,04 ; 6.094.009,03 ; 6.094.009,03 ; 6.500.276,30 ; 6.526.527,50 ; 6.526.519,42 ; 6.526.519,42 ; 6.526.519,42 ; 12.057.056,02 ; 81.254.058,96 
AL;CAMPO GRANDE;2701506; 278.359,44 ; 306.195,38 ; 334.031,33 ; 361.867,27 ; 390.598,95 ; 417.204,71 ; 417.204,71 ; 445.018,36 ; 446.315,52 ; 446.314,97 ; 446.314,97 ; 446.314,97 ; 824.519,86 ; 5.560.260,44 
AL;CANAPI;2701605; 1.023.016,50 ; 1.125.318,15 ; 1.227.619,80 ; 1.329.921,45 ; 1.435.761,80 ; 1.533.559,14 ; 1.533.559,14 ; 1.635.796,41 ; 1.660.116,95 ; 1.660.114,90 ; 1.660.114,90 ; 1.660.114,90 ; 3.066.887,08 ; 20.551.901,12 
AL;CAPELA;2701704; 666.364,76 ; 733.001,24 ; 799.637,71 ; 866.274,19 ; 935.206,57 ; 998.908,45 ; 998.908,45 ; 1.065.502,34 ; 1.085.720,37 ; 1.085.719,03 ; 1.085.719,03 ; 1.085.719,03 ; 2.005.751,31 ; 13.412.432,48 
AL;CARNEIROS;2701803; 480.077,86 ; 528.085,64 ; 576.093,43 ; 624.101,22 ; 673.789,85 ; 719.685,25 ; 719.685,25 ; 767.664,26 ; 778.362,61 ; 778.361,64 ; 778.361,64 ; 778.361,64 ; 1.437.940,99 ; 9.640.571,28 
AL;CHA PRETA;2701902; 172.533,48 ; 189.786,82 ; 207.040,17 ; 224.293,52 ; 242.114,39 ; 258.606,08 ; 258.606,08 ; 275.846,49 ; 278.492,40 ; 278.492,06 ; 278.492,06 ; 278.492,06 ; 514.484,73 ; 3.457.280,34 
AL;COITE DO NOIA;2702009; 499.183,72 ; 549.102,10 ; 599.020,47 ; 648.938,84 ; 700.608,27 ; 748.330,41 ; 748.330,41 ; 798.219,10 ; 810.167,07 ; 810.166,06 ; 810.166,06 ; 810.166,06 ; 1.496.696,30 ; 10.029.094,87 
AL;COLONIA LEOPOLDINA;2702108; 900.306,19 ; 990.336,81 ; 1.080.367,43 ; 1.170.398,04 ; 1.263.628,92 ; 1.349.701,38 ; 1.349.701,38 ; 1.439.681,47 ; 1.445.080,15 ; 1.445.078,36 ; 1.445.078,36 ; 1.445.078,36 ; 2.669.629,80 ; 17.994.066,65 
AL;COQUEIRO SECO;2702207; 23.548,76 ; 25.903,64 ; 28.258,52 ; 30.613,39 ; 32.964,68 ; 35.210,08 ; 35.210,08 ; 37.557,42 ; 41.970,63 ; 41.970,58 ; 41.970,58 ; 41.970,58 ; 77.536,25 ; 494.685,19 
AL;CORURIPE;2702306; 3.055.982,02 ; 3.361.580,22 ; 3.667.178,42 ; 3.972.776,62 ; 4.289.282,03 ; 4.581.447,74 ; 4.581.447,74 ; 4.886.877,59 ; 5.123.178,28 ; 5.123.171,94 ; 5.123.171,94 ; 5.123.171,94 ; 9.464.519,59 ; 62.353.786,07 
AL;CRAIBAS;2702355; 1.329.288,87 ; 1.462.217,76 ; 1.595.146,64 ; 1.728.075,53 ; 1.865.673,25 ; 1.992.754,14 ; 1.992.754,14 ; 2.125.604,41 ; 2.147.774,65 ; 2.147.771,99 ; 2.147.771,99 ; 2.147.771,99 ; 3.967.782,14 ; 26.650.387,50 
AL;DELMIRO GOUVEIA;2702405; 1.570.931,91 ; 1.728.025,10 ; 1.885.118,29 ; 2.042.211,48 ; 2.204.722,50 ; 2.354.897,82 ; 2.354.897,82 ; 2.511.891,01 ; 2.576.794,75 ; 2.576.791,56 ; 2.576.791,56 ; 2.576.791,56 ; 4.760.350,54 ; 31.720.215,90 
AL;DOIS RIACHOS;2702504; 370.302,47 ; 407.332,72 ; 444.362,97 ; 481.393,22 ; 519.628,01 ; 555.022,62 ; 555.022,62 ; 592.024,13 ; 608.435,70 ; 608.434,95 ; 608.434,95 ; 608.434,95 ; 1.124.019,35 ; 7.482.848,66 
AL;ESTRELA DE ALAGOAS;2702553; 689.960,60 ; 758.956,66 ; 827.952,72 ; 896.948,78 ; 968.381,18 ; 1.034.342,75 ; 1.034.342,75 ; 1.103.298,93 ; 1.113.206,49 ; 1.113.205,12 ; 1.113.205,12 ; 1.113.205,12 ; 2.056.528,96 ; 13.823.535,18 
AL;FEIRA GRANDE;2702603; 943.048,12 ; 1.037.352,94 ; 1.131.657,75 ; 1.225.962,56 ; 1.323.581,14 ; 1.413.737,26 ; 1.413.737,26 ; 1.507.986,41 ; 1.513.488,92 ; 1.513.487,04 ; 1.513.487,04 ; 1.513.487,04 ; 2.796.007,61 ; 18.847.021,09 
AL;FELIZ DESERTO;2702702; 8.030,96 ; 8.834,06 ; 9.637,16 ; 10.440,25 ; 11.187,42 ; 11.949,46 ; 11.949,46 ; 12.746,09 ; 12.459,00 ; 12.458,99 ; 12.458,99 ; 12.458,99 ; 23.016,68 ; 157.627,51 
AL;FLEXEIRAS;2702801; 217.606,36 ; 239.366,99 ; 261.127,63 ; 282.888,27 ; 305.305,61 ; 326.101,59 ; 326.101,59 ; 347.841,70 ; 349.477,42 ; 349.476,99 ; 349.476,99 ; 349.476,99 ; 645.621,88 ; 4.349.870,01 
AL;GIRAU DO PONCIANO;2702900; 344.240,09 ; 378.664,11 ; 413.088,12 ; 447.512,13 ; 482.413,28 ; 515.273,01 ; 515.273,01 ; 549.624,54 ; 593.775,17 ; 593.774,43 ; 593.774,43 ; 593.774,43 ; 1.096.935,58 ; 7.118.122,33 
AL;IBATEGUARA;2703007; 1.132.438,36 ; 1.245.682,20 ; 1.358.926,04 ; 1.472.169,87 ; 1.589.567,25 ; 1.697.841,09 ; 1.697.841,09 ; 1.811.030,50 ; 1.823.811,06 ; 1.823.808,80 ; 1.823.808,80 ; 1.823.808,80 ; 3.369.294,29 ; 22.670.028,15 
AL;IGACI;2703106; 850.665,74 ; 935.732,31 ; 1.020.798,89 ; 1.105.865,46 ; 1.193.917,07 ; 1.275.241,08 ; 1.275.241,08 ; 1.360.257,15 ; 1.369.717,86 ; 1.369.716,17 ; 1.369.716,17 ; 1.369.716,17 ; 2.530.406,08 ; 17.026.991,23 
AL;IGREJA NOVA;2703205; 802.547,21 ; 882.801,93 ; 963.056,66 ; 1.043.311,38 ; 1.126.311,42 ; 1.203.030,45 ; 1.203.030,45 ; 1.283.232,48 ; 1.325.504,74 ; 1.325.503,09 ; 1.325.503,09 ; 1.325.503,09 ; 2.448.727,10 ; 16.258.063,09 
AL;INHAPI;2703304; 837.539,14 ; 921.293,05 ; 1.005.046,97 ; 1.088.800,88 ; 1.175.449,56 ; 1.255.515,66 ; 1.255.515,66 ; 1.339.216,70 ; 1.359.201,51 ; 1.359.199,83 ; 1.359.199,83 ; 1.359.199,83 ; 2.510.978,24 ; 16.826.156,86 
AL;JACARE DOS HOMENS;2703403; 582.309,82 ; 640.540,80 ; 698.771,78 ; 757.002,76 ; 817.332,49 ; 873.005,33 ; 873.005,33 ; 931.205,69 ; 934.812,00 ; 934.810,84 ; 934.810,84 ; 934.810,84 ; 1.726.964,38 ; 11.639.382,90 
AL;JACUIPE;2703502; 3.978,52 ; 4.376,38 ; 4.774,23 ; 5.172,08 ; 5.462,04 ; 5.834,08 ; 5.834,08 ; 6.223,02 ; 5.940,36 ; 5.940,35 ; 5.940,35 ; 5.940,35 ; 10.974,22 ; 76.390,06 
AL;JAPARATINGA;2703601; 286.405,14 ; 315.045,65 ; 343.686,17 ; 372.326,68 ; 401.909,81 ; 429.286,01 ; 429.286,01 ; 457.905,08 ; 461.373,58 ; 461.373,01 ; 461.373,01 ; 461.373,01 ; 852.337,96 ; 5.733.681,12 
AL;JARAMATAIA;2703700; 236.522,46 ; 260.174,71 ; 283.826,96 ; 307.479,20 ; 331.945,07 ; 354.555,61 ; 354.555,61 ; 378.192,65 ; 379.503,30 ; 379.502,83 ; 379.502,83 ; 379.502,83 ; 701.091,44 ; 4.726.355,50 
AL;JEQUIA DA PRAIA;2703759; 157.525,08 ; 173.277,59 ; 189.030,09 ; 204.782,60 ; 220.964,39 ; 236.015,44 ; 236.015,44 ; 251.749,81 ; 252.380,84 ; 252.380,52 ; 252.380,52 ; 252.380,52 ; 466.246,42 ; 3.145.129,26 
AL;JOAQUIM GOMES;2703809; 491.941,36 ; 541.135,49 ; 590.329,63 ; 639.523,76 ; 690.384,86 ; 737.410,62 ; 737.410,62 ; 786.571,33 ; 789.196,97 ; 789.196,00 ; 789.196,00 ; 789.196,00 ; 1.457.956,31 ; 9.829.448,95 
AL;JUNDIA;2703908; 234.925,53 ; 258.418,08 ; 281.910,64 ; 305.403,19 ; 329.684,06 ; 352.140,59 ; 352.140,59 ; 375.616,62 ; 376.839,79 ; 376.839,32 ; 376.839,32 ; 376.839,32 ; 696.170,93 ; 4.693.767,98 
AL;JUNQUEIRO;2704005; 654.473,04 ; 719.920,35 ; 785.367,65 ; 850.814,95 ; 918.441,08 ; 981.000,96 ; 981.000,96 ; 1.046.401,02 ; 1.055.528,05 ; 1.055.526,75 ; 1.055.526,75 ; 1.055.526,75 ; 1.949.974,27 ; 13.109.502,58 
AL;LAGOA DA CANOA;2704104; 419.313,81 ; 461.245,19 ; 503.176,57 ; 545.107,95 ; 588.253,42 ; 628.322,48 ; 628.322,48 ; 670.210,64 ; 671.628,06 ; 671.627,23 ; 671.627,23 ; 671.627,23 ; 1.240.760,42 ; 8.371.222,71 
AL;LIMOEIRO DE ANADIA;2704203; 2.811.755,01 ; 3.092.930,51 ; 3.374.106,01 ; 3.655.281,52 ; 3.946.799,45 ; 4.215.636,86 ; 4.215.636,86 ; 4.496.679,32 ; 4.518.819,59 ; 4.518.814,00 ; 4.518.814,00 ; 4.518.814,00 ; 8.348.032,06 ; 56.232.119,19 
AL;MAJOR ISIDORO;2704401; 865.718,81 ; 952.290,69 ; 1.038.862,57 ; 1.125.434,45 ; 1.215.016,14 ; 1.297.777,33 ; 1.297.777,33 ; 1.384.295,81 ; 1.389.219,21 ; 1.389.217,49 ; 1.389.217,49 ; 1.389.217,49 ; 2.566.432,74 ; 17.300.477,55 
AL;MAR VERMELHO;2704906; 52.097,94 ; 57.307,73 ; 62.517,53 ; 67.727,32 ; 73.083,70 ; 78.061,82 ; 78.061,82 ; 83.265,94 ; 83.425,14 ; 83.425,03 ; 83.425,03 ; 83.425,03 ; 154.118,99 ; 1.039.943,02 
AL;MARAGOGI;2704500; 491.848,73 ; 541.033,61 ; 590.218,48 ; 639.403,35 ; 689.991,38 ; 736.990,34 ; 736.990,34 ; 786.123,03 ; 789.802,91 ; 789.801,93 ; 789.801,93 ; 789.801,93 ; 1.459.075,73 ; 9.830.883,69 
AL;MARAVILHA;2704609; 652.812,22 ; 718.093,44 ; 783.374,67 ; 848.655,89 ; 916.225,42 ; 978.634,39 ; 978.634,39 ; 1.043.876,68 ; 1.047.663,50 ; 1.047.662,21 ; 1.047.662,21 ; 1.047.662,21 ; 1.935.445,36 ; 13.046.402,59 
AL;MARECHAL DEODORO;2704708; 1.086.543,13 ; 1.195.197,45 ; 1.303.851,76 ; 1.412.506,07 ; 1.524.441,90 ; 1.628.279,70 ; 1.628.279,70 ; 1.736.831,68 ; 1.859.872,64 ; 1.859.870,34 ; 1.859.870,34 ; 1.859.870,34 ; 3.435.914,18 ; 22.391.329,23 
AL;MARIBONDO;2704807; 460.056,69 ; 506.062,35 ; 552.068,02 ; 598.073,69 ; 645.703,47 ; 689.685,76 ; 689.685,76 ; 735.664,81 ; 738.379,03 ; 738.378,12 ; 738.378,12 ; 738.378,12 ; 1.364.075,65 ; 9.194.589,59 
AL;MATA GRANDE;2705002; 542.425,22 ; 596.667,74 ; 650.910,26 ; 705.152,78 ; 761.122,00 ; 812.966,04 ; 812.966,04 ; 867.163,78 ; 877.874,33 ; 877.873,24 ; 877.873,24 ; 877.873,24 ; 1.621.778,18 ; 10.882.646,09 
AL;MATRIZ DE CAMARAGIBE;2705101; 520.390,56 ; 572.429,61 ; 624.468,67 ; 676.507,72 ; 730.209,10 ; 779.947,50 ; 779.947,50 ; 831.944,00 ; 857.052,37 ; 857.051,31 ; 857.051,31 ; 857.051,31 ; 1.583.311,82 ; 10.527.362,78 
AL;MESSIAS;2705200; 445.604,70 ; 490.165,17 ; 534.725,64 ; 579.286,11 ; 625.326,27 ; 667.920,55 ; 667.920,55 ; 712.448,59 ; 741.667,87 ; 741.666,95 ; 741.666,95 ; 741.666,95 ; 1.370.151,43 ; 9.060.217,73 
AL;MINADOR DO NEGRAO;2705309; 192.963,57 ; 212.259,93 ; 231.556,29 ; 250.852,65 ; 270.781,21 ; 289.225,56 ; 289.225,56 ; 308.507,26 ; 309.451,21 ; 309.450,83 ; 309.450,83 ; 309.450,83 ; 571.677,80 ; 3.854.853,53 
AL;MONTEIROPOLIS;2705408; 610.517,80 ; 671.569,58 ; 732.621,36 ; 793.673,14 ; 856.931,32 ; 915.301,45 ; 915.301,45 ; 976.321,54 ; 983.371,62 ; 983.370,40 ; 983.370,40 ; 983.370,40 ; 1.816.673,02 ; 12.222.393,48 
AL;MURICI;2705507; 1.200.332,67 ; 1.320.365,93 ; 1.440.399,20 ; 1.560.432,47 ; 1.684.625,52 ; 1.799.374,28 ; 1.799.374,28 ; 1.919.332,57 ; 1.930.206,24 ; 1.930.203,85 ; 1.930.203,85 ; 1.930.203,85 ; 3.565.847,93 ; 24.010.902,64 
AL;NOVO LINO;2705606; 361.705,48 ; 397.876,03 ; 434.046,58 ; 470.217,13 ; 507.531,06 ; 542.101,69 ; 542.101,69 ; 578.241,81 ; 581.241,32 ; 581.240,60 ; 581.240,60 ; 581.240,60 ; 1.073.780,65 ; 7.232.565,24 
AL;OLHO DAGUA DAS FLORES;2705705; 704.710,99 ; 775.182,08 ; 845.653,18 ; 916.124,28 ; 989.024,16 ; 1.056.391,84 ; 1.056.391,84 ; 1.126.817,96 ; 1.170.553,31 ; 1.170.551,86 ; 1.170.551,86 ; 1.170.551,86 ; 2.162.471,04 ; 14.314.976,26 
AL;OLHO DAGUA DO CASADO;2705804; 432.280,48 ; 475.508,52 ; 518.736,57 ; 561.964,62 ; 606.725,62 ; 648.052,92 ; 648.052,92 ; 691.256,45 ; 696.155,29 ; 696.154,42 ; 696.154,42 ; 696.154,42 ; 1.286.071,83 ; 8.653.268,48 
AL;OLHO DAGUA GRANDE;2705903; 88.707,68 ; 97.578,45 ; 106.449,22 ; 115.319,99 ; 124.422,54 ; 132.897,62 ; 132.897,62 ; 141.757,46 ; 141.957,85 ; 141.957,68 ; 141.957,68 ; 141.957,68 ; 262.251,86 ; 1.770.113,33 
AL;OLIVENCA;2706000; 679.901,26 ; 747.891,39 ; 815.881,51 ; 883.871,64 ; 954.277,42 ; 1.019.278,30 ; 1.019.278,30 ; 1.087.230,19 ; 1.097.674,49 ; 1.097.673,14 ; 1.097.673,14 ; 1.097.673,14 ; 2.027.835,27 ; 13.626.139,19 
AL;OURO BRANCO;2706109; 493.116,03 ; 542.427,64 ; 591.739,24 ; 641.050,84 ; 692.053,25 ; 739.192,66 ; 739.192,66 ; 788.472,17 ; 824.090,97 ; 824.089,95 ; 824.089,95 ; 824.089,95 ; 1.522.419,19 ; 10.046.024,50 
AL;PALESTINA;2706208; 274.534,99 ; 301.988,49 ; 329.441,99 ; 356.895,49 ; 385.323,04 ; 411.569,43 ; 411.569,43 ; 439.007,39 ; 446.969,11 ; 446.968,56 ; 446.968,56 ; 446.968,56 ; 825.727,29 ; 5.523.932,33 
AL;PALMEIRA DOS INDIOS;2706307; 1.619.782,83 ; 1.781.761,11 ; 1.943.739,39 ; 2.105.717,67 ; 2.273.209,99 ; 2.428.050,36 ; 2.428.050,36 ; 2.589.920,38 ; 2.601.947,37 ; 2.601.944,15 ; 2.601.944,15 ; 2.601.944,15 ; 4.806.817,26 ; 32.384.829,17 
AL;PAO DE ACUCAR;2706406; 733.105,47 ; 806.416,02 ; 879.726,56 ; 953.037,11 ; 1.028.836,74 ; 1.098.916,26 ; 1.098.916,26 ; 1.172.177,34 ; 1.197.854,81 ; 1.197.853,32 ; 1.197.853,32 ; 1.197.853,32 ; 2.212.907,62 ; 14.775.454,15 
AL;PARICONHA;2706422; 399.334,49 ; 439.267,94 ; 479.201,39 ; 519.134,84 ; 560.453,99 ; 598.629,48 ; 598.629,48 ; 638.538,11 ; 673.756,28 ; 673.755,44 ; 673.755,44 ; 673.755,44 ; 1.244.692,07 ; 8.172.904,39 
AL;PARIPUEIRA;2706448; 288.665,00 ; 317.531,50 ; 346.398,00 ; 375.264,50 ; 405.031,09 ; 432.619,90 ; 432.619,90 ; 461.461,23 ; 489.049,89 ; 489.049,28 ; 489.049,28 ; 489.049,28 ; 903.466,99 ; 5.919.255,84 
AL;PASSO DE CAMARAGIBE;2706505; 501.781,02 ; 551.959,13 ; 602.137,23 ; 652.315,33 ; 704.212,15 ; 752.179,77 ; 752.179,77 ; 802.325,09 ; 807.932,96 ; 807.931,96 ; 807.931,96 ; 807.931,96 ; 1.492.569,05 ; 10.043.387,38 
AL;PAULO JACINTO;2706604; 160.976,11 ; 177.073,72 ; 193.171,33 ; 209.268,94 ; 225.906,35 ; 241.294,02 ; 241.294,02 ; 257.380,29 ; 266.438,42 ; 266.438,09 ; 266.438,09 ; 266.438,09 ; 492.216,30 ; 3.264.333,77 
AL;PENEDO;2706703; 2.476.057,10 ; 2.723.662,81 ; 2.971.268,52 ; 3.218.874,23 ; 3.475.380,63 ; 3.712.107,20 ; 3.712.107,20 ; 3.959.581,02 ; 4.066.902,49 ; 4.066.897,45 ; 4.066.897,45 ; 4.066.897,45 ; 7.513.163,94 ; 50.029.797,49 
AL;PIACABUCU;2706802; 483.880,78 ; 532.268,86 ; 580.656,94 ; 629.045,02 ; 679.056,10 ; 725.310,20 ; 725.310,20 ; 773.664,22 ; 776.180,81 ; 776.179,84 ; 776.179,84 ; 776.179,84 ; 1.433.910,35 ; 9.667.823,00 
AL;PILAR;2706901; 1.512.951,93 ; 1.664.247,13 ; 1.815.542,32 ; 1.966.837,51 ; 2.123.334,05 ; 2.267.965,57 ; 2.267.965,57 ; 2.419.163,28 ; 2.466.311,69 ; 2.466.308,64 ; 2.466.308,64 ; 2.466.308,64 ; 4.556.244,97 ; 30.459.489,94 
AL;PINDOBA;2707008; 18.145,34 ; 19.959,87 ; 21.774,40 ; 23.588,94 ; 25.427,61 ; 27.159,62 ; 27.159,62 ; 28.970,26 ; 28.918,89 ; 28.918,86 ; 28.918,86 ; 28.918,86 ; 53.424,55 ; 361.285,68 
AL;PIRANHAS;2707107; 879.661,64 ; 967.627,81 ; 1.055.593,97 ; 1.143.560,14 ; 1.234.593,45 ; 1.318.688,14 ; 1.318.688,14 ; 1.406.600,68 ; 1.443.797,15 ; 1.443.795,36 ; 1.443.795,36 ; 1.443.795,36 ; 2.667.259,57 ; 17.767.456,77 
AL;PORTO CALVO;2707305; 1.649.025,23 ; 1.813.927,75 ; 1.978.830,27 ; 2.143.732,80 ; 2.314.590,62 ; 2.472.249,64 ; 2.472.249,64 ; 2.637.066,29 ; 2.647.326,23 ; 2.647.322,95 ; 2.647.322,95 ; 2.647.322,95 ; 4.890.649,81 ; 32.961.617,13 
AL;PORTO DE PEDRAS;2707404; 97.618,60 ; 107.380,46 ; 117.142,32 ; 126.904,18 ; 136.861,52 ; 146.183,88 ; 146.183,88 ; 155.929,48 ; 155.913,51 ; 155.913,32 ; 155.913,32 ; 155.913,32 ; 288.033,44 ; 1.945.891,23 
AL;PORTO REAL DO COLEGIO;2707503; 771.458,26 ; 848.604,09 ; 925.749,91 ; 1.002.895,74 ; 1.082.782,41 ; 1.156.536,45 ; 1.156.536,45 ; 1.233.638,88 ; 1.240.530,25 ; 1.240.528,72 ; 1.240.528,72 ; 1.240.528,72 ; 2.291.745,89 ; 15.432.064,49 
AL;QUEBRANGULO;2707602; 608.319,17 ; 669.151,09 ; 729.983,00 ; 790.814,92 ; 853.762,02 ; 911.916,27 ; 911.916,27 ; 972.710,69 ; 980.699,07 ; 980.697,86 ; 980.697,86 ; 980.697,86 ; 1.811.735,78 ; 12.183.101,86 
AL;RIO LARGO;2707701; 2.485.111,26 ; 2.733.622,39 ; 2.982.133,52 ; 3.230.644,64 ; 3.487.640,97 ; 3.725.202,66 ; 3.725.202,66 ; 3.973.549,51 ; 4.069.878,24 ; 4.069.873,20 ; 4.069.873,20 ; 4.069.873,20 ; 7.518.661,34 ; 50.141.266,79 
AL;ROTEIRO;2707800; 77.943,00 ; 85.737,30 ; 93.531,60 ; 101.325,90 ; 109.292,19 ; 116.736,66 ; 116.736,66 ; 124.519,11 ; 127.216,61 ; 127.216,46 ; 127.216,46 ; 127.216,46 ; 235.019,01 ; 1.569.707,42 
AL;SANTA LUZIA DO NORTE;2707909; 260.855,62 ; 286.941,18 ; 313.026,74 ; 339.112,30 ; 366.083,40 ; 391.019,28 ; 391.019,28 ; 417.087,23 ; 418.485,93 ; 418.485,42 ; 418.485,42 ; 418.485,42 ; 773.107,68 ; 5.212.194,90 
AL;SANTANA DO IPANEMA;2708006; 1.491.056,04 ; 1.640.161,64 ; 1.789.267,24 ; 1.938.372,85 ; 2.092.753,01 ; 2.235.301,50 ; 2.235.301,50 ; 2.384.321,60 ; 2.400.473,43 ; 2.400.470,46 ; 2.400.470,46 ; 2.400.470,46 ; 4.434.615,90 ; 29.843.036,09 
AL;SANTANA DO MUNDAU;2708105; 743.962,08 ; 818.358,29 ; 892.754,49 ; 967.150,70 ; 1.044.154,57 ; 1.115.277,47 ; 1.115.277,47 ; 1.189.629,30 ; 1.194.123,55 ; 1.194.122,07 ; 1.194.122,07 ; 1.194.122,07 ; 2.206.014,51 ; 14.869.068,64 
AL;SAO BRAS;2708204; 245.577,74 ; 270.135,52 ; 294.693,29 ; 319.251,07 ; 344.665,08 ; 368.142,04 ; 368.142,04 ; 392.684,85 ; 394.091,16 ; 394.090,67 ; 394.090,67 ; 394.090,67 ; 728.040,98 ; 4.907.695,78 
AL;SAO JOSE DA LAJE;2708303; 778.891,57 ; 856.780,72 ; 934.669,88 ; 1.012.559,04 ; 1.093.165,34 ; 1.167.626,62 ; 1.167.626,62 ; 1.245.468,39 ; 1.255.357,62 ; 1.255.356,06 ; 1.255.356,06 ; 1.255.356,06 ; 2.319.137,85 ; 15.597.351,83 
AL;SAO JOSE DA TAPERA;2708402; 1.604.115,03 ; 1.764.526,54 ; 1.924.938,04 ; 2.085.349,54 ; 2.251.448,87 ; 2.404.806,97 ; 2.404.806,97 ; 2.565.127,44 ; 2.678.593,00 ; 2.678.589,69 ; 2.678.589,69 ; 2.678.589,69 ; 4.948.411,80 ; 32.667.893,27 
AL;SAO LUIS DO QUITUNDE;2708501; 582.624,17 ; 640.886,58 ; 699.149,00 ; 757.411,42 ; 817.539,42 ; 873.226,36 ; 873.226,36 ; 931.441,45 ; 948.481,60 ; 948.480,43 ; 948.480,43 ; 948.480,43 ; 1.752.217,50 ; 11.721.645,15 
AL;SAO MIGUEL DOS CAMPOS;2708600; 1.244.474,27 ; 1.368.921,70 ; 1.493.369,12 ; 1.617.816,55 ; 1.746.380,27 ; 1.865.335,48 ; 1.865.335,48 ; 1.989.691,18 ; 2.064.196,60 ; 2.064.194,04 ; 2.064.194,04 ; 2.064.194,04 ; 3.813.380,67 ; 25.261.483,44 
AL;SAO MIGUEL DOS MILAGRES;2708709; 197.613,94 ; 217.375,33 ; 237.136,73 ; 256.898,12 ; 277.256,70 ; 296.142,13 ; 296.142,13 ; 315.884,94 ; 323.513,01 ; 323.512,61 ; 323.512,61 ; 323.512,61 ; 597.655,46 ; 3.986.156,32 
AL;SAO SEBASTIAO;2708808; 955.146,23 ; 1.050.660,86 ; 1.146.175,48 ; 1.241.690,10 ; 1.340.405,22 ; 1.431.707,32 ; 1.431.707,32 ; 1.527.154,48 ; 1.575.006,27 ; 1.575.004,32 ; 1.575.004,32 ; 1.575.004,32 ; 2.909.654,28 ; 19.334.320,52 
AL;SATUBA;2708907; 1.043.963,08 ; 1.148.359,39 ; 1.252.755,69 ; 1.357.152,00 ; 1.465.322,57 ; 1.565.133,45 ; 1.565.133,45 ; 1.669.475,68 ; 1.709.150,71 ; 1.709.148,60 ; 1.709.148,60 ; 1.709.148,60 ; 3.157.471,67 ; 21.061.363,49 
AL;SENADOR RUI PALMEIRA;2708956; 477.164,91 ; 524.881,39 ; 572.597,88 ; 620.314,37 ; 669.645,73 ; 715.258,84 ; 715.258,84 ; 762.942,77 ; 776.634,84 ; 776.633,88 ; 776.633,88 ; 776.633,88 ; 1.434.749,11 ; 9.599.350,32 
AL;TANQUE DARCA;2709004; 90.087,38 ; 99.096,12 ; 108.104,86 ; 117.113,60 ; 126.348,87 ; 134.955,16 ; 134.955,16 ; 143.952,17 ; 147.597,68 ; 147.597,49 ; 147.597,49 ; 147.597,49 ; 272.670,84 ; 1.817.674,31 
AL;TAQUARANA;2709103; 927.997,27 ; 1.020.797,00 ; 1.113.596,73 ; 1.206.396,45 ; 1.302.378,93 ; 1.391.090,85 ; 1.391.090,85 ; 1.483.830,24 ; 1.511.938,35 ; 1.511.936,47 ; 1.511.936,47 ; 1.511.936,47 ; 2.793.143,10 ; 18.678.069,18 
AL;TEOTONIO VILELA;2709152; 2.443.604,16 ; 2.687.964,58 ; 2.932.324,99 ; 3.176.685,41 ; 3.429.640,51 ; 3.663.251,49 ; 3.663.251,49 ; 3.907.468,25 ; 3.921.758,47 ; 3.921.753,61 ; 3.921.753,61 ; 3.921.753,61 ; 7.245.026,00 ; 48.836.236,18 
AL;TRAIPU;2709202; 2.089.318,54 ; 2.298.250,40 ; 2.507.182,25 ; 2.716.114,10 ; 2.932.612,74 ; 3.132.368,52 ; 3.132.368,52 ; 3.341.193,09 ; 3.354.484,96 ; 3.354.480,81 ; 3.354.480,81 ; 3.354.480,81 ; 6.197.049,36 ; 41.764.384,91 
AL;UNIAO DOS PALMARES;2709301; 3.041.335,05 ; 3.345.468,56 ; 3.649.602,06 ; 3.953.735,57 ; 4.268.744,88 ; 4.559.511,69 ; 4.559.511,69 ; 4.863.479,14 ; 4.881.974,36 ; 4.881.968,32 ; 4.881.968,32 ; 4.881.968,32 ; 9.018.921,36 ; 60.788.189,32 
AL;VICOSA;2709400; 468.897,13 ; 515.786,84 ; 562.676,55 ; 609.566,26 ; 657.960,17 ; 702.777,32 ; 702.777,32 ; 749.629,14 ; 778.973,61 ; 778.972,64 ; 778.972,64 ; 778.972,64 ; 1.439.069,74 ; 9.525.032,00 
AM;ALVARAES;1300029; 957.186,28 ; 1.052.904,90 ; 1.148.623,53 ; 1.244.342,16 ; 1.343.430,75 ; 1.434.938,93 ; 1.434.938,93 ; 1.530.601,52 ; 1.575.113,58 ; 1.575.111,63 ; 1.575.111,63 ; 1.575.111,63 ; 2.909.852,53 ; 19.357.268,00 
AM;AMATURA;1300060; 925.942,10 ; 1.018.536,31 ; 1.111.130,52 ; 1.203.724,73 ; 1.299.680,17 ; 1.388.208,26 ; 1.388.208,26 ; 1.480.755,48 ; 1.490.605,06 ; 1.490.603,21 ; 1.490.603,21 ; 1.490.603,21 ; 2.753.732,14 ; 18.532.332,66 
AM;ANAMA;1300086; 141.350,15 ; 155.485,16 ; 169.620,17 ; 183.755,19 ; 198.294,74 ; 211.801,64 ; 211.801,64 ; 225.921,75 ; 226.380,78 ; 226.380,50 ; 226.380,50 ; 226.380,50 ; 418.214,10 ; 2.821.766,82 
AM;ANORI;1300102; 260.928,86 ; 287.021,74 ; 313.114,63 ; 339.207,51 ; 366.134,81 ; 391.074,19 ; 391.074,19 ; 417.145,80 ; 437.096,97 ; 437.096,43 ; 437.096,43 ; 437.096,43 ; 807.489,57 ; 5.321.577,56 
AM;APUI;1300144; 281.600,90 ; 309.760,99 ; 337.921,08 ; 366.081,17 ; 395.169,12 ; 422.086,18 ; 422.086,18 ; 450.225,26 ; 451.800,56 ; 451.800,00 ; 451.800,00 ; 451.800,00 ; 834.652,88 ; 5.626.784,32 
AM;ATALAIA DO NORTE;1300201; 1.250.125,59 ; 1.375.138,15 ; 1.500.150,70 ; 1.625.163,26 ; 1.754.684,54 ; 1.874.205,40 ; 1.874.205,40 ; 1.999.152,42 ; 2.023.403,98 ; 2.023.401,48 ; 2.023.401,48 ; 2.023.401,48 ; 3.738.020,71 ; 25.084.454,59 
AM;AUTAZES;1300300; 1.625.220,14 ; 1.787.742,16 ; 1.950.264,17 ; 2.112.786,19 ; 2.281.054,26 ; 2.436.428,94 ; 2.436.428,94 ; 2.598.857,54 ; 2.608.480,16 ; 2.608.476,93 ; 2.608.476,93 ; 2.608.476,93 ; 4.818.885,87 ; 32.481.579,16 
AM;BARCELOS;1300409; 780.808,65 ; 858.889,51 ; 936.970,38 ; 1.015.051,24 ; 1.095.924,52 ; 1.170.573,74 ; 1.170.573,74 ; 1.248.611,99 ; 1.253.361,27 ; 1.253.359,72 ; 1.253.359,72 ; 1.253.359,72 ; 2.315.449,81 ; 15.606.294,01 
AM;BARREIRINHA;1300508; 1.823.406,62 ; 2.005.747,28 ; 2.188.087,94 ; 2.370.428,60 ; 2.559.185,68 ; 2.733.505,37 ; 2.733.505,37 ; 2.915.739,06 ; 2.952.170,64 ; 2.952.166,99 ; 2.952.166,99 ; 2.952.166,99 ; 5.453.817,00 ; 36.592.094,53 
AM;BENJAMIN CONSTANT;1300607; 3.787.182,51 ; 4.165.900,77 ; 4.544.619,02 ; 4.923.337,27 ; 5.315.850,32 ; 5.677.941,03 ; 5.677.941,03 ; 6.056.470,43 ; 6.110.876,33 ; 6.110.868,77 ; 6.110.868,77 ; 6.110.868,77 ; 11.289.185,28 ; 75.881.910,30 
AM;BERURI;1300631; 1.120.402,97 ; 1.232.443,26 ; 1.344.483,56 ; 1.456.523,86 ; 1.572.521,87 ; 1.679.634,66 ; 1.679.634,66 ; 1.791.610,31 ; 1.798.229,97 ; 1.798.227,75 ; 1.798.227,75 ; 1.798.227,75 ; 3.322.036,01 ; 22.392.204,38 
AM;BOA VISTA DO RAMOS;1300680; 424.279,53 ; 466.707,48 ; 509.135,43 ; 551.563,38 ; 595.364,04 ; 635.917,44 ; 635.917,44 ; 678.311,93 ; 687.507,32 ; 687.506,47 ; 687.506,47 ; 687.506,47 ; 1.270.095,64 ; 8.517.319,04 
AM;BOCA DO ACRE;1300706; 918.821,49 ; 1.010.703,64 ; 1.102.585,78 ; 1.194.467,93 ; 1.289.542,86 ; 1.377.380,45 ; 1.377.380,45 ; 1.469.205,81 ; 1.475.101,47 ; 1.475.099,65 ; 1.475.099,65 ; 1.475.099,65 ; 2.725.090,94 ; 18.365.579,77 
AM;BORBA;1300805; 1.758.653,15 ; 1.934.518,46 ; 2.110.383,78 ; 2.286.249,09 ; 2.468.435,12 ; 2.636.573,31 ; 2.636.573,31 ; 2.812.344,86 ; 2.825.300,03 ; 2.825.296,54 ; 2.825.296,54 ; 2.825.296,54 ; 5.219.437,23 ; 35.164.357,96 
AM;CAAPIRANGA;1300839; 180.261,57 ; 198.287,72 ; 216.313,88 ; 234.340,04 ; 252.881,22 ; 270.106,30 ; 270.106,30 ; 288.113,39 ; 290.490,40 ; 290.490,04 ; 290.490,04 ; 290.490,04 ; 536.649,73 ; 3.609.020,67 
AM;CANUTAMA;1300904; 250.313,87 ; 275.345,25 ; 300.376,64 ; 325.408,03 ; 351.231,55 ; 375.155,79 ; 375.155,79 ; 400.166,18 ; 401.279,69 ; 401.279,20 ; 401.279,20 ; 401.279,20 ; 741.321,01 ; 4.999.591,40 
AM;CARAUARI;1301001; 1.186.524,65 ; 1.305.177,11 ; 1.423.829,57 ; 1.542.482,04 ; 1.665.372,23 ; 1.778.809,55 ; 1.778.809,55 ; 1.897.396,85 ; 1.935.297,64 ; 1.935.295,25 ; 1.935.295,25 ; 1.935.295,25 ; 3.575.253,74 ; 23.894.838,68 
AM;CAREIRO;1301100; 1.310.555,21 ; 1.441.610,73 ; 1.572.666,26 ; 1.703.721,78 ; 1.829.676,94 ; 1.954.305,93 ; 1.954.305,93 ; 2.084.592,99 ; 2.135.601,19 ; 2.135.598,54 ; 2.135.598,54 ; 2.135.598,54 ; 3.945.292,97 ; 26.339.125,55 
AM;CAREIRO DA VARZEA;1301159; 636.573,76 ; 700.231,13 ; 763.888,51 ; 827.545,88 ; 893.416,31 ; 954.271,63 ; 954.271,63 ; 1.017.889,74 ; 1.034.518,38 ; 1.034.517,10 ; 1.034.517,10 ; 1.034.517,10 ; 1.911.161,16 ; 12.797.319,43 
AM;COARI;1301209; 665.030,55 ; 731.533,60 ; 798.036,66 ; 864.539,71 ; 932.785,24 ; 996.322,18 ; 996.322,18 ; 1.062.743,66 ; 1.150.518,73 ; 1.150.517,30 ; 1.150.517,30 ; 1.150.517,30 ; 2.125.459,31 ; 13.774.843,72 
AM;CODAJAS;1301308; 332.217,41 ; 365.439,15 ; 398.660,90 ; 431.882,64 ; 466.145,45 ; 497.897,08 ; 497.897,08 ; 531.090,22 ; 532.885,90 ; 532.885,24 ; 532.885,24 ; 532.885,24 ; 984.449,21 ; 6.637.220,76 
AM;EIRUNEPE;1301407; 794.241,57 ; 873.665,73 ; 953.089,89 ; 1.032.514,04 ; 1.114.595,98 ; 1.190.517,01 ; 1.190.517,01 ; 1.269.884,81 ; 1.273.990,85 ; 1.273.989,27 ; 1.273.989,27 ; 1.273.989,27 ; 2.353.560,74 ; 15.868.545,44 
AM;ENVIRA;1301506; 105.356,01 ; 115.891,61 ; 126.427,21 ; 136.962,81 ; 147.675,12 ; 157.734,06 ; 157.734,06 ; 168.249,66 ; 168.096,48 ; 168.096,27 ; 168.096,27 ; 168.096,27 ; 310.540,18 ; 2.098.956,01 
AM;FONTE BOA;1301605; 1.276.408,63 ; 1.404.049,50 ; 1.531.690,36 ; 1.659.331,22 ; 1.791.476,98 ; 1.913.503,97 ; 1.913.503,97 ; 2.041.070,90 ; 2.048.596,83 ; 2.048.594,29 ; 2.048.594,29 ; 2.048.594,29 ; 3.784.561,80 ; 25.509.977,03 
AM;GUAJARA;1301654; 454.495,20 ; 499.944,72 ; 545.394,24 ; 590.843,76 ; 637.886,95 ; 681.336,80 ; 681.336,80 ; 726.759,26 ; 778.055,89 ; 778.054,93 ; 778.054,93 ; 778.054,93 ; 1.437.374,35 ; 9.367.592,76 
AM;HUMAITA;1301704; 1.416.687,03 ; 1.558.355,73 ; 1.700.024,44 ; 1.841.693,14 ; 1.988.194,69 ; 2.123.621,16 ; 2.123.621,16 ; 2.265.195,90 ; 2.415.357,12 ; 2.415.354,13 ; 2.415.354,13 ; 2.415.354,13 ; 4.462.111,89 ; 29.140.924,65 
AM;IPIXUNA;1301803; 822.174,23 ; 904.391,66 ; 986.609,08 ; 1.068.826,50 ; 1.153.973,85 ; 1.232.577,11 ; 1.232.577,11 ; 1.314.748,92 ; 1.319.708,42 ; 1.319.706,79 ; 1.319.706,79 ; 1.319.706,79 ; 2.438.019,02 ; 16.432.726,27 
AM;IRANDUBA;1301852; 2.264.501,28 ; 2.490.951,41 ; 2.717.401,54 ; 2.943.851,67 ; 3.178.297,81 ; 3.394.788,51 ; 3.394.788,51 ; 3.621.107,74 ; 3.640.330,46 ; 3.640.325,96 ; 3.640.325,96 ; 3.640.325,96 ; 6.725.118,10 ; 45.292.114,91 
AM;ITACOATIARA;1301902; 1.433.527,62 ; 1.576.880,38 ; 1.720.233,15 ; 1.863.585,91 ; 2.011.329,23 ; 2.148.331,52 ; 2.148.331,52 ; 2.291.553,62 ; 2.341.595,73 ; 2.341.592,83 ; 2.341.592,83 ; 2.341.592,83 ; 4.325.845,70 ; 28.885.992,87 
AM;ITAMARATI;1301951; 471.210,12 ; 518.331,14 ; 565.452,15 ; 612.573,16 ; 661.314,19 ; 706.359,81 ; 706.359,81 ; 753.450,46 ; 756.057,97 ; 756.057,04 ; 756.057,04 ; 756.057,04 ; 1.396.735,58 ; 9.416.015,51 
AM;ITAPIRANGA;1302009; 458.756,40 ; 504.632,04 ; 550.507,68 ; 596.383,32 ; 643.900,05 ; 687.759,50 ; 687.759,50 ; 733.610,13 ; 750.612,42 ; 750.611,49 ; 750.611,49 ; 750.611,49 ; 1.386.675,50 ; 9.252.431,01 
AM;JAPURA;1302108; 777.755,20 ; 855.530,71 ; 933.306,23 ; 1.011.081,75 ; 1.091.642,79 ; 1.166.000,36 ; 1.166.000,36 ; 1.243.733,72 ; 1.253.300,14 ; 1.253.298,59 ; 1.253.298,59 ; 1.253.298,59 ; 2.315.336,89 ; 15.573.583,92 
AM;JURUA;1302207; 406.291,86 ; 446.921,04 ; 487.550,23 ; 528.179,41 ; 570.191,81 ; 609.030,60 ; 609.030,60 ; 649.632,64 ; 669.249,77 ; 669.248,94 ; 669.248,94 ; 669.248,94 ; 1.236.366,79 ; 8.220.191,57 
AM;JUTAI;1302306; 1.719.226,48 ; 1.891.149,12 ; 2.063.071,77 ; 2.234.994,42 ; 2.413.021,15 ; 2.577.384,80 ; 2.577.384,80 ; 2.749.210,45 ; 2.759.491,49 ; 2.759.488,07 ; 2.759.488,07 ; 2.759.488,07 ; 5.097.863,04 ; 34.361.261,73 
AM;LABREA;1302405; 1.564.729,21 ; 1.721.202,13 ; 1.877.675,05 ; 2.034.147,97 ; 2.196.108,66 ; 2.345.697,25 ; 2.345.697,25 ; 2.502.077,07 ; 2.558.044,83 ; 2.558.041,66 ; 2.558.041,66 ; 2.558.041,66 ; 4.725.712,05 ; 31.545.216,45 
AM;MANACAPURU;1302504; 2.904.661,41 ; 3.195.127,55 ; 3.485.593,70 ; 3.776.059,84 ; 4.301.746,74 ; 4.594.761,49 ; 4.594.761,49 ; 4.901.078,92 ; 5.024.275,47 ; 5.024.269,25 ; 5.024.269,25 ; 5.024.269,25 ; 9.281.807,33 ; 61.132.681,69 
AM;MANAQUIRI;1302553; 392.061,75 ; 431.267,92 ; 470.474,10 ; 509.680,27 ; 550.106,29 ; 587.576,94 ; 587.576,94 ; 626.748,74 ; 641.067,32 ; 641.066,53 ; 641.066,53 ; 641.066,53 ; 1.184.302,76 ; 7.904.062,62 
AM;MANICORE;1302702; 1.391.353,24 ; 1.530.488,57 ; 1.669.623,89 ; 1.808.759,21 ; 2.035.512,33 ; 2.174.161,85 ; 2.174.161,85 ; 2.319.105,97 ; 2.326.460,49 ; 2.326.457,61 ; 2.326.457,61 ; 2.326.457,61 ; 4.297.884,98 ; 28.706.885,21 
AM;MARAA;1302801; 938.896,81 ; 1.032.786,49 ; 1.126.676,17 ; 1.220.565,85 ; 1.317.754,33 ; 1.407.513,56 ; 1.407.513,56 ; 1.501.347,79 ; 1.517.161,80 ; 1.517.159,92 ; 1.517.159,92 ; 1.517.159,92 ; 2.802.792,86 ; 18.824.488,98 
AM;MAUES;1302900; 2.071.804,84 ; 2.278.985,33 ; 2.486.165,81 ; 2.693.346,30 ; 2.907.747,57 ; 3.105.809,65 ; 3.105.809,65 ; 3.312.863,63 ; 3.344.948,00 ; 3.344.943,86 ; 3.344.943,86 ; 3.344.943,86 ; 6.179.430,85 ; 41.521.743,21 
AM;NHAMUNDA;1303007; 507.523,23 ; 558.275,55 ; 609.027,87 ; 659.780,20 ; 712.241,93 ; 760.756,50 ; 760.756,50 ; 811.473,60 ; 827.218,60 ; 827.217,58 ; 827.217,58 ; 827.217,58 ; 1.528.197,15 ; 10.216.903,87 
AM;NOVA OLINDA DO NORTE;1303106; 1.128.342,74 ; 1.241.177,01 ; 1.354.011,28 ; 1.466.845,56 ; 1.583.613,80 ; 1.691.482,12 ; 1.691.482,12 ; 1.804.247,59 ; 1.855.572,32 ; 1.855.570,02 ; 1.855.570,02 ; 1.855.570,02 ; 3.427.969,83 ; 22.811.454,43 
AM;NOVO AIRAO;1303205; 274.765,23 ; 302.241,76 ; 329.718,28 ; 357.194,80 ; 385.530,26 ; 411.790,77 ; 411.790,77 ; 439.243,49 ; 441.100,80 ; 441.100,26 ; 441.100,26 ; 441.100,26 ; 814.886,20 ; 5.491.563,14 
AM;NOVO ARIPUANA;1303304; 501.272,87 ; 551.400,15 ; 601.527,44 ; 651.654,73 ; 703.514,71 ; 751.434,82 ; 751.434,82 ; 801.530,47 ; 804.521,63 ; 804.520,63 ; 804.520,63 ; 804.520,63 ; 1.486.266,97 ; 10.018.120,50 
AM;PARINTINS;1303403; 2.891.785,93 ; 3.180.964,52 ; 3.470.143,11 ; 3.759.321,70 ; 4.058.531,16 ; 4.334.979,20 ; 4.334.979,20 ; 4.623.977,81 ; 4.852.400,67 ; 4.852.394,66 ; 4.852.394,66 ; 4.852.394,66 ; 8.964.287,17 ; 59.028.554,45 
AM;PAUINI;1303502; 604.011,04 ; 664.412,15 ; 724.813,25 ; 785.214,36 ; 847.707,23 ; 905.449,06 ; 905.449,06 ; 965.812,33 ; 969.214,96 ; 969.213,76 ; 969.213,76 ; 969.213,76 ; 1.790.520,11 ; 12.070.244,83 
AM;PRESIDENTE FIGUEIREDO;1303536; 148.719,85 ; 163.591,83 ; 178.463,81 ; 193.335,80 ; 208.186,99 ; 222.367,71 ; 222.367,71 ; 237.192,22 ; 281.178,84 ; 281.178,49 ; 281.178,49 ; 281.178,49 ; 519.447,64 ; 3.218.387,87 
AM;RIO PRETO DA EVA;1303569; 855.852,83 ; 941.438,12 ; 1.027.023,40 ; 1.112.608,68 ; 1.201.087,71 ; 1.282.900,16 ; 1.282.900,16 ; 1.368.426,83 ; 1.374.197,71 ; 1.374.196,01 ; 1.374.196,01 ; 1.374.196,01 ; 2.538.682,11 ; 17.107.705,74 
AM;SANTA ISABEL DO RIO NEGRO;1303601; 1.019.074,94 ; 1.120.982,44 ; 1.222.889,93 ; 1.324.797,42 ; 1.430.402,18 ; 1.527.834,45 ; 1.527.834,45 ; 1.629.690,08 ; 1.636.097,91 ; 1.636.095,89 ; 1.636.095,89 ; 1.636.095,89 ; 3.022.514,51 ; 20.370.405,98 
AM;SANTO ANTONIO DO ICA;1303700; 2.473.051,16 ; 2.720.356,27 ; 2.967.661,39 ; 3.214.966,50 ; 3.471.263,89 ; 3.707.710,05 ; 3.707.710,05 ; 3.954.890,72 ; 3.999.984,89 ; 3.999.979,94 ; 3.999.979,94 ; 3.999.979,94 ; 7.389.540,87 ; 49.607.075,61 
AM;SAO GABRIEL DA CACHOEIRA;1303809; 3.924.621,02 ; 4.317.083,12 ; 4.709.545,22 ; 5.102.007,32 ; 5.508.751,24 ; 5.883.981,46 ; 5.883.981,46 ; 6.276.246,89 ; 6.375.158,27 ; 6.375.150,38 ; 6.375.150,38 ; 6.375.150,38 ; 11.777.417,69 ; 78.884.244,83 
AM;SAO PAULO DE OLIVENCA;1303908; 2.519.040,72 ; 2.770.944,79 ; 3.022.848,87 ; 3.274.752,94 ; 3.535.733,71 ; 3.776.571,26 ; 3.776.571,26 ; 4.028.342,68 ; 4.044.298,83 ; 4.044.293,82 ; 4.044.293,82 ; 4.044.293,82 ; 7.471.406,11 ; 50.353.392,63 
AM;SAO SEBASTIAO DO UATUMA;1303957; 287.160,55 ; 315.876,60 ; 344.592,66 ; 373.308,72 ; 403.008,28 ; 430.459,31 ; 430.459,31 ; 459.156,59 ; 460.730,75 ; 460.730,18 ; 460.730,18 ; 460.730,18 ; 851.150,41 ; 5.738.093,72 
AM;SILVES;1304005; 309.961,85 ; 340.958,04 ; 371.954,22 ; 402.950,41 ; 434.933,84 ; 464.559,48 ; 464.559,48 ; 495.530,13 ; 508.736,17 ; 508.735,54 ; 508.735,54 ; 508.735,54 ; 939.835,28 ; 6.260.185,52 
AM;TABATINGA;1304062; 4.778.848,68 ; 5.256.733,54 ; 5.734.618,41 ; 6.212.503,28 ; 6.707.647,40 ; 7.164.540,78 ; 7.164.540,78 ; 7.642.176,83 ; 7.727.470,06 ; 7.727.460,49 ; 7.727.460,49 ; 7.727.460,49 ; 14.275.667,95 ; 95.847.129,18 
AM;TAPAUA;1304104; 1.097.857,62 ; 1.207.643,38 ; 1.317.429,15 ; 1.427.214,91 ; 1.540.893,60 ; 1.645.852,02 ; 1.645.852,02 ; 1.755.575,49 ; 1.781.131,18 ; 1.781.128,97 ; 1.781.128,97 ; 1.781.128,97 ; 3.290.447,83 ; 22.053.284,11 
AM;TEFE;1304203; 3.495.300,98 ; 3.844.831,08 ; 4.194.361,18 ; 4.543.891,27 ; 4.905.811,71 ; 5.239.972,52 ; 5.239.972,52 ; 5.589.304,02 ; 5.756.310,78 ; 5.756.303,66 ; 5.756.303,66 ; 5.756.303,66 ; 10.634.163,66 ; 70.712.830,70 
AM;TONANTINS;1304237; 1.020.211,40 ; 1.122.232,54 ; 1.224.253,68 ; 1.326.274,82 ; 1.431.897,57 ; 1.529.431,69 ; 1.529.431,69 ; 1.631.393,80 ; 1.637.412,82 ; 1.637.410,79 ; 1.637.410,79 ; 1.637.410,79 ; 3.024.943,66 ; 20.389.716,04 
AM;UARINI;1304260; 637.303,61 ; 701.033,97 ; 764.764,33 ; 828.494,69 ; 894.431,09 ; 955.355,53 ; 955.355,53 ; 1.019.045,90 ; 1.037.540,63 ; 1.037.539,35 ; 1.037.539,35 ; 1.037.539,35 ; 1.916.744,43 ; 12.822.687,76 
AM;URUCARA;1304302; 337.643,15 ; 371.407,46 ; 405.171,79 ; 438.936,10 ; 473.808,62 ; 506.082,23 ; 506.082,23 ; 539.821,05 ; 549.002,21 ; 549.001,53 ; 549.001,53 ; 549.001,53 ; 1.014.222,40 ; 6.789.181,83 
AM;URUCURITUBA;1304401; 743.897,78 ; 818.287,56 ; 892.677,33 ; 967.067,11 ; 1.044.098,42 ; 1.115.217,49 ; 1.115.217,49 ; 1.189.565,32 ; 1.194.015,17 ; 1.194.013,69 ; 1.194.013,69 ; 1.194.013,69 ; 2.205.814,30 ; 14.867.899,04 
AP;AMAPA;1600105; 6.162,14 ; 6.778,35 ; 7.394,57 ; 8.010,78 ; 8.552,42 ; 9.134,97 ; 9.134,97 ; 9.743,97 ; 14.845,99 ; 14.845,97 ; 14.845,97 ; 14.845,97 ; 27.426,42 ; 151.722,49 
AP;CALCOENE;1600204; 245.596,14 ; 270.155,76 ; 294.715,37 ; 319.274,99 ; 344.641,63 ; 368.117,00 ; 368.117,00 ; 392.658,14 ; 393.869,04 ; 393.868,56 ; 393.868,56 ; 393.868,56 ; 727.630,62 ; 4.906.381,37 
AP;ITAUBAL;1600253; 97.144,96 ; 106.859,46 ; 116.573,96 ; 126.288,45 ; 136.288,49 ; 145.571,82 ; 145.571,82 ; 155.276,60 ; 155.621,88 ; 155.621,69 ; 155.621,69 ; 155.621,69 ; 287.494,67 ; 1.939.557,18 
AP;LARANJAL DO JARI;1600279; 52.058,12 ; 57.263,93 ; 62.469,75 ; 67.675,56 ; 72.553,62 ; 77.495,64 ; 77.495,64 ; 82.662,01 ; 96.370,50 ; 96.370,38 ; 96.370,38 ; 96.370,38 ; 178.034,13 ; 1.113.190,04 
AP;MAZAGAO;1600402; 604.410,23 ; 664.851,25 ; 725.292,27 ; 785.733,29 ; 769.164,25 ; 821.556,10 ; 821.556,10 ; 876.326,51 ; 880.284,91 ; 880.283,82 ; 880.283,82 ; 880.283,82 ; 1.626.231,47 ; 11.216.257,84 
AP;OIAPOQUE;1600501; 96.353,52 ; 105.988,88 ; 115.624,23 ; 125.259,58 ; 134.894,41 ; 144.082,78 ; 144.082,78 ; 153.688,30 ; 153.081,84 ; 153.081,65 ; 153.081,65 ; 153.081,65 ; 282.802,22 ; 1.915.103,49 
AP;SANTANA;1600600; -   ; -   ; -   ; -   ; 68.217,14 ; 72.863,77 ; 72.863,77 ; 77.721,36 ; 74.712,69 ; 74.712,60 ; 74.712,60 ; 74.712,60 ; 138.023,68 ; 728.540,21 
AP;TARTARUGALZINHO;1600709; 418.104,97 ; 459.915,47 ; 501.725,96 ; 543.536,46 ; 586.774,82 ; 626.743,16 ; 626.743,16 ; 668.526,04 ; 670.801,69 ; 670.800,86 ; 670.800,86 ; 670.800,86 ; 1.239.233,76 ; 8.354.508,07 
AP;VITORIA DO JARI;1600808; 60.451,28 ; 66.496,41 ; 72.541,54 ; 78.586,66 ; 84.663,79 ; 90.430,68 ; 90.430,68 ; 96.459,40 ; 96.096,08 ; 96.095,96 ; 96.095,96 ; 96.095,96 ; 177.527,20 ; 1.201.971,60 
BA;ABAIRA;2900108; 108.590,15 ; 119.449,17 ; 130.308,18 ; 141.167,20 ; 152.378,69 ; 162.758,01 ; 162.758,01 ; 173.608,54 ; 174.126,65 ; 174.126,44 ; 174.126,44 ; 174.126,44 ; 321.680,25 ; 2.169.204,17 
BA;ABARE;2900207; 866.939,55 ; 953.633,51 ; 1.040.327,46 ; 1.127.021,41 ; 1.216.798,34 ; 1.299.680,92 ; 1.299.680,92 ; 1.386.326,31 ; 1.391.530,14 ; 1.391.528,42 ; 1.391.528,42 ; 1.391.528,42 ; 2.570.701,89 ; 17.327.225,71 
BA;ACAJUTIBA;2900306; 1.405.606,85 ; 1.546.167,53 ; 1.686.728,21 ; 1.827.288,90 ; 1.972.999,37 ; 2.107.390,80 ; 2.107.390,80 ; 2.247.883,52 ; 2.256.920,90 ; 2.256.918,11 ; 2.256.918,11 ; 2.256.918,11 ; 4.169.418,04 ; 28.098.549,25 
BA;ADUSTINA;2900355; 355.216,50 ; 390.738,15 ; 426.259,80 ; 461.781,45 ; 498.474,65 ; 532.428,40 ; 532.428,40 ; 567.923,62 ; 590.950,53 ; 590.949,80 ; 590.949,80 ; 590.949,80 ; 1.091.717,36 ; 7.220.768,26 
BA;AGUA FRIA;2900405; 322.310,67 ; 354.541,73 ; 386.772,80 ; 419.003,87 ; 452.264,67 ; 483.070,81 ; 483.070,81 ; 515.275,53 ; 527.639,33 ; 527.638,68 ; 527.638,68 ; 527.638,68 ; 974.756,75 ; 6.501.623,01 
BA;ALCOBACA;2900801; 605.818,98 ; 666.400,88 ; 726.982,78 ; 787.564,67 ; 850.124,91 ; 908.031,42 ; 908.031,42 ; 968.566,85 ; 994.835,22 ; 994.833,99 ; 994.833,99 ; 994.833,99 ; 1.837.850,81 ; 12.238.709,91 
BA;ALMADINA;2900900; 430.329,11 ; 473.362,02 ; 516.394,93 ; 559.427,84 ; 604.043,07 ; 645.187,65 ; 645.187,65 ; 688.200,16 ; 690.989,62 ; 690.988,77 ; 690.988,77 ; 690.988,77 ; 1.276.528,81 ; 8.602.617,17 
BA;AMARGOSA;2901007; 1.265.335,33 ; 1.391.868,87 ; 1.518.402,40 ; 1.644.935,93 ; 1.775.952,11 ; 1.896.921,61 ; 1.896.921,61 ; 2.023.383,05 ; 2.030.910,49 ; 2.030.907,97 ; 2.030.907,97 ; 2.030.907,97 ; 3.751.888,19 ; 25.289.243,50 
BA;AMELIA RODRIGUES;2901106; 581.378,54 ; 639.516,39 ; 697.654,24 ; 755.792,09 ; 815.894,41 ; 871.469,30 ; 871.469,30 ; 929.567,25 ; 932.648,19 ; 932.647,03 ; 932.647,03 ; 932.647,03 ; 1.722.966,97 ; 11.616.297,77 
BA;AMERICA DOURADA;2901155; 640.300,40 ; 704.330,44 ; 768.360,48 ; 832.390,52 ; 898.646,71 ; 959.858,30 ; 959.858,30 ; 1.023.848,85 ; 1.038.710,21 ; 1.038.708,92 ; 1.038.708,92 ; 1.038.708,92 ; 1.918.905,13 ; 12.861.336,10 
BA;ANAGE;2901205; 291.667,13 ; 320.833,85 ; 350.000,56 ; 379.167,28 ; 290.671,68 ; 310.470,86 ; 310.470,86 ; 331.168,92 ; 335.845,64 ; 335.845,22 ; 335.845,22 ; 335.845,22 ; 620.438,66 ; 4.548.271,10 
BA;ANDARAI;2901304; 358.599,96 ; 394.459,96 ; 430.319,95 ; 466.179,95 ; 503.243,50 ; 537.522,08 ; 537.522,08 ; 573.356,89 ; 586.002,43 ; 586.001,70 ; 586.001,70 ; 586.001,70 ; 1.082.576,28 ; 7.227.788,18 
BA;ANDORINHA;2901353; 740.136,41 ; 814.150,05 ; 888.163,70 ; 962.177,34 ; 1.038.764,59 ; 1.109.520,35 ; 1.109.520,35 ; 1.183.488,37 ; 1.201.794,59 ; 1.201.793,10 ; 1.201.793,10 ; 1.201.793,10 ; 2.220.185,92 ; 14.873.280,97 
BA;ANGICAL;2901403; 372.410,25 ; 409.651,27 ; 446.892,29 ; 484.133,32 ; 522.636,36 ; 558.235,89 ; 558.235,89 ; 595.451,61 ; 616.122,91 ; 616.122,14 ; 616.122,14 ; 616.122,14 ; 1.138.220,64 ; 7.550.356,85 
BA;ANGUERA;2901502; 558.606,23 ; 614.466,85 ; 670.327,47 ; 726.188,09 ; 784.016,65 ; 837.420,17 ; 837.420,17 ; 893.248,19 ; 913.545,77 ; 913.544,64 ; 913.544,64 ; 913.544,64 ; 1.687.677,33 ; 11.263.550,84 
BA;ANTAS;2901601; 752.365,21 ; 827.601,73 ; 902.838,25 ; 978.074,77 ; 1.055.938,14 ; 1.127.863,68 ; 1.127.863,68 ; 1.203.054,59 ; 1.236.529,95 ; 1.236.528,42 ; 1.236.528,42 ; 1.236.528,42 ; 2.284.355,75 ; 15.206.071,01 
BA;ANTONIO CARDOSO;2901700; 488.198,41 ; 537.018,25 ; 585.838,09 ; 634.657,93 ; 685.200,40 ; 731.873,03 ; 731.873,03 ; 780.664,57 ; 794.431,15 ; 794.430,16 ; 794.430,16 ; 794.430,16 ; 1.467.625,88 ; 9.820.671,22 
BA;ANTONIO GONCALVES;2901809; 612.085,12 ; 673.293,63 ; 734.502,14 ; 795.710,65 ; 764.483,11 ; 816.556,10 ; 816.556,10 ; 870.993,17 ; 874.293,14 ; 874.292,06 ; 874.292,06 ; 874.292,06 ; 1.615.162,30 ; 11.196.511,64 
BA;APORA;2901908; 1.053.450,94 ; 1.158.796,04 ; 1.264.141,13 ; 1.369.486,23 ; 1.478.673,59 ; 1.579.393,87 ; 1.579.393,87 ; 1.684.686,80 ; 1.691.391,29 ; 1.691.389,19 ; 1.691.389,19 ; 1.691.389,19 ; 3.124.663,06 ; 21.058.244,39 
BA;APUAREMA;2901957; 334.970,31 ; 368.467,34 ; 401.964,38 ; 435.461,41 ; 470.147,51 ; 502.171,74 ; 502.171,74 ; 535.649,86 ; 542.217,33 ; 542.216,66 ; 542.216,66 ; 542.216,66 ; 1.001.688,06 ; 6.721.559,66 
BA;ARACAS;2902054; 61.970,21 ; 68.167,23 ; 74.364,25 ; 80.561,27 ; 86.808,64 ; 92.721,63 ; 92.721,63 ; 98.903,07 ; 101.305,65 ; 101.305,52 ; 101.305,52 ; 101.305,52 ; 187.151,29 ; 1.248.591,43 
BA;ARACATU;2902005; 1.544.522,82 ; 1.698.975,10 ; 1.853.427,38 ; 2.007.879,67 ; 2.168.092,10 ; 2.315.772,33 ; 2.315.772,33 ; 2.470.157,15 ; 2.498.576,97 ; 2.498.573,88 ; 2.498.573,88 ; 2.498.573,88 ; 4.615.851,60 ; 30.984.749,09 
BA;ARACI;2902104; 3.601.979,06 ; 3.962.176,96 ; 4.322.374,87 ; 4.682.572,77 ; 5.055.712,15 ; 5.400.083,48 ; 5.400.083,48 ; 5.760.089,04 ; 5.839.004,38 ; 5.838.997,15 ; 5.838.997,15 ; 5.838.997,15 ; 10.786.931,17 ; 72.327.998,81 
BA;ARAMARI;2902203; 1.228.265,37 ; 1.351.091,91 ; 1.473.918,44 ; 1.596.744,98 ; 1.724.111,16 ; 1.841.549,50 ; 1.841.549,50 ; 1.964.319,47 ; 1.973.648,76 ; 1.973.646,31 ; 1.973.646,31 ; 1.973.646,31 ; 3.646.103,31 ; 24.562.241,33 
BA;ARATACA;2902252; 247.507,87 ; 272.258,65 ; 297.009,44 ; 321.760,23 ; 347.338,30 ; 370.997,35 ; 370.997,35 ; 395.730,51 ; 397.006,26 ; 397.005,77 ; 397.005,77 ; 397.005,77 ; 733.426,30 ; 4.945.049,57 
BA;ARATUIPE;2902302; 383.892,47 ; 422.281,72 ; 460.670,96 ; 499.060,21 ; 538.815,64 ; 575.517,23 ; 575.517,23 ; 613.885,04 ; 617.803,51 ; 617.802,75 ; 617.802,75 ; 617.802,75 ; 1.141.325,37 ; 7.682.177,63 
BA;AURELINO LEAL;2902401; 122.136,52 ; 134.350,17 ; 146.563,82 ; 158.777,48 ; 171.260,11 ; 182.925,55 ; 182.925,55 ; 195.120,58 ; 211.309,26 ; 211.309,00 ; 211.309,00 ; 211.309,00 ; 390.371,10 ; 2.529.667,14 
BA;BAIANOPOLIS;2902500; 554.501,93 ; 609.952,12 ; 665.402,31 ; 720.852,50 ; 778.262,82 ; 831.274,43 ; 831.274,43 ; 886.692,72 ; 893.480,86 ; 893.479,75 ; 893.479,75 ; 893.479,75 ; 1.650.609,54 ; 11.102.742,91 
BA;BAIXA GRANDE;2902609; 594.727,58 ; 654.200,34 ; 713.673,10 ; 773.145,86 ; 834.683,81 ; 891.538,55 ; 891.538,55 ; 950.974,45 ; 988.606,01 ; 988.604,79 ; 988.604,79 ; 988.604,79 ; 1.826.343,01 ; 12.085.245,63 
BA;BANZAE;2902658; 589.952,69 ; 648.947,96 ; 707.943,23 ; 766.938,50 ; 827.994,62 ; 884.393,72 ; 884.393,72 ; 943.353,30 ; 962.822,39 ; 962.821,20 ; 962.821,20 ; 962.821,20 ; 1.778.710,56 ; 11.883.914,29 
BA;BARRA;2902708; 2.252.867,55 ; 2.478.154,30 ; 2.703.441,05 ; 2.928.727,81 ; 3.161.970,63 ; 3.377.349,19 ; 3.377.349,19 ; 3.602.505,80 ; 3.617.096,15 ; 3.617.091,68 ; 3.617.091,68 ; 3.617.091,68 ; 6.682.195,21 ; 45.032.931,92 
BA;BARRA DA ESTIVA;2902807; 726.600,58 ; 799.260,64 ; 871.920,70 ; 944.580,76 ; 1.019.765,98 ; 1.089.227,64 ; 1.089.227,64 ; 1.161.842,82 ; 1.167.564,49 ; 1.167.563,04 ; 1.167.563,04 ; 1.167.563,04 ; 2.156.949,50 ; 14.529.629,87 
BA;BARRA DO CHOCA;2902906; 1.266.259,41 ; 1.392.885,35 ; 1.519.511,30 ; 1.646.137,24 ; 1.777.160,72 ; 1.898.212,54 ; 1.898.212,54 ; 2.024.760,05 ; 2.073.158,11 ; 2.073.155,54 ; 2.073.155,54 ; 2.073.155,54 ; 3.829.936,10 ; 25.545.699,98 
BA;BARRA DO MENDES;2903003; 531.532,59 ; 584.685,85 ; 637.839,11 ; 690.992,36 ; 746.027,61 ; 796.843,50 ; 796.843,50 ; 849.966,40 ; 855.427,86 ; 855.426,80 ; 855.426,80 ; 855.426,80 ; 1.580.310,73 ; 10.636.749,91 
BA;BARREIRAS;2903201; 1.462.473,57 ; 1.608.720,93 ; 1.754.968,29 ; 1.901.215,65 ; 2.051.276,68 ; 2.190.999,99 ; 2.190.999,99 ; 2.337.066,66 ; 2.342.765,41 ; 2.342.762,51 ; 2.342.762,51 ; 2.342.762,51 ; 4.328.006,54 ; 29.196.781,24 
BA;BARRO ALTO;2903235; 799.006,66 ; 878.907,33 ; 958.807,99 ; 1.038.708,66 ; 1.121.503,15 ; 1.197.894,66 ; 1.197.894,66 ; 1.277.754,31 ; 1.291.231,91 ; 1.291.230,31 ; 1.291.230,31 ; 1.291.230,31 ; 2.385.411,73 ; 16.020.811,99 
BA;BARRO PRETO;2903300; 391.393,86 ; 430.533,25 ; 469.672,63 ; 508.812,02 ; 549.318,84 ; 586.735,85 ; 586.735,85 ; 625.851,57 ; 628.281,83 ; 628.281,05 ; 628.281,05 ; 628.281,05 ; 1.160.682,91 ; 7.822.861,76 
BA;BARROCAS;2903276; 842.944,10 ; 927.238,50 ; 1.011.532,91 ; 1.095.827,32 ; 1.183.110,68 ; 1.263.698,62 ; 1.263.698,62 ; 1.347.945,19 ; 1.383.676,99 ; 1.383.675,28 ; 1.383.675,28 ; 1.383.675,28 ; 2.556.194,06 ; 17.026.892,83 
BA;BELMONTE;2903409; 798.680,29 ; 878.548,32 ; 958.416,35 ; 1.038.284,38 ; 1.120.965,16 ; 1.197.320,03 ; 1.197.320,03 ; 1.277.141,37 ; 1.322.967,60 ; 1.322.965,96 ; 1.322.965,96 ; 1.322.965,96 ; 2.444.040,00 ; 16.202.581,41 
BA;BELO CAMPO;2903508; 738.773,44 ; 812.650,79 ; 886.528,13 ; 960.405,47 ; 1.036.903,13 ; 1.107.532,10 ; 1.107.532,10 ; 1.181.367,57 ; 1.223.161,52 ; 1.223.160,01 ; 1.223.160,01 ; 1.223.160,01 ; 2.259.659,02 ; 14.983.993,30 
BA;BIRITINGA;2903607; 663.366,62 ; 729.703,28 ; 796.039,94 ; 862.376,60 ; 930.940,33 ; 994.351,60 ; 994.351,60 ; 1.060.641,71 ; 1.076.927,39 ; 1.076.926,05 ; 1.076.926,05 ; 1.076.926,05 ; 1.989.507,24 ; 13.328.984,46 
BA;BOA NOVA;2903706; 694.473,03 ; 763.920,34 ; 833.367,64 ; 902.814,94 ; 974.750,21 ; 1.041.145,60 ; 1.041.145,60 ; 1.110.555,31 ; 1.132.193,93 ; 1.132.192,53 ; 1.132.192,53 ; 1.132.192,53 ; 2.091.606,19 ; 13.982.550,38 
BA;BOA VISTA DO TUPIM;2903805; 332.211,80 ; 365.432,98 ; 398.654,18 ; 431.875,36 ; 466.143,53 ; 497.895,04 ; 497.895,04 ; 531.088,04 ; 533.585,13 ; 533.584,47 ; 533.584,47 ; 533.584,47 ; 985.741,00 ; 6.641.275,51 
BA;BOM JESUS DA LAPA;2903904; 3.281.255,97 ; 3.609.381,57 ; 3.937.507,17 ; 4.265.632,76 ; 4.605.506,78 ; 4.919.212,23 ; 4.919.212,23 ; 5.247.159,72 ; 5.338.890,26 ; 5.338.883,65 ; 5.338.883,65 ; 5.338.883,65 ; 9.863.024,23 ; 66.003.433,87 
BA;BOM JESUS DA SERRA;2903953; 481.661,26 ; 529.827,38 ; 577.993,51 ; 626.159,63 ; 676.059,07 ; 722.109,04 ; 722.109,04 ; 770.249,64 ; 773.222,02 ; 773.221,06 ; 773.221,06 ; 773.221,06 ; 1.428.444,30 ; 9.627.498,07 
BA;BONINAL;2904001; 290.518,12 ; 319.569,93 ; 348.621,74 ; 377.673,56 ; 407.685,28 ; 435.454,89 ; 435.454,89 ; 464.485,21 ; 470.905,45 ; 470.904,87 ; 470.904,87 ; 470.904,87 ; 869.947,08 ; 5.833.030,76 
BA;BONITO;2904050; 978.726,13 ; 1.076.598,74 ; 1.174.471,35 ; 1.272.343,96 ; 1.373.725,40 ; 1.467.297,11 ; 1.467.297,11 ; 1.565.116,92 ; 1.595.927,90 ; 1.595.925,93 ; 1.595.925,93 ; 1.595.925,93 ; 2.948.304,73 ; 19.707.587,14 
BA;BOQUIRA;2904100; 1.213.576,42 ; 1.334.934,06 ; 1.456.291,70 ; 1.577.649,35 ; 1.550.766,30 ; 1.656.397,21 ; 1.656.397,21 ; 1.766.823,69 ; 1.784.570,04 ; 1.784.567,83 ; 1.784.567,83 ; 1.784.567,83 ; 3.296.800,74 ; 22.647.910,21 
BA;BOTUPORA;2904209; 545.895,82 ; 600.485,40 ; 655.074,98 ; 709.664,56 ; 692.598,69 ; 739.775,25 ; 739.775,25 ; 789.093,60 ; 791.992,72 ; 791.991,74 ; 791.991,74 ; 791.991,74 ; 1.463.121,15 ; 10.103.452,64 
BA;BREJOES;2904308; 362.771,78 ; 399.048,96 ; 435.326,13 ; 471.603,31 ; 509.098,87 ; 543.776,29 ; 543.776,29 ; 580.028,04 ; 581.921,08 ; 581.920,35 ; 581.920,35 ; 581.920,35 ; 1.075.036,44 ; 7.248.148,24 
BA;BREJOLANDIA;2904407; 182.718,50 ; 200.990,36 ; 219.262,21 ; 237.534,06 ; 80.145,15 ; 85.604,26 ; 85.604,26 ; 91.311,21 ; 91.340,52 ; 91.340,41 ; 91.340,41 ; 91.340,41 ; 168.741,80 ; 1.717.273,56 
BA;BROTAS DE MACAUBAS;2904506; 351.262,68 ; 386.388,96 ; 421.515,23 ; 456.641,50 ; 492.967,38 ; 526.546,00 ; 526.546,00 ; 561.649,07 ; 563.560,99 ; 563.560,30 ; 563.560,30 ; 563.560,30 ; 1.041.118,15 ; 7.018.876,86 
BA;BRUMADO;2904605; 1.762.148,91 ; 1.938.363,80 ; 2.114.578,69 ; 2.290.793,58 ; 2.473.031,37 ; 2.641.482,63 ; 2.641.482,63 ; 2.817.581,48 ; 2.827.192,20 ; 2.827.188,70 ; 2.827.188,70 ; 2.827.188,70 ; 5.222.932,80 ; 35.211.154,19 
BA;BUERAREMA;2904704; 399.933,52 ; 439.926,87 ; 479.920,22 ; 519.913,57 ; 561.277,82 ; 599.509,42 ; 599.509,42 ; 639.476,72 ; 677.883,84 ; 677.883,00 ; 677.883,00 ; 677.883,00 ; 1.252.317,29 ; 8.203.317,69 
BA;BURITIRAMA;2904753; 623.387,29 ; 685.726,02 ; 748.064,74 ; 810.403,47 ; 874.885,81 ; 934.478,91 ; 934.478,91 ; 996.777,51 ; 1.000.228,71 ; 1.000.227,47 ; 1.000.227,47 ; 1.000.227,47 ; 1.847.814,69 ; 12.456.928,47 
BA;CAATIBA;2904803; 204.216,45 ; 224.638,10 ; 245.059,74 ; 265.481,39 ; 286.596,45 ; 306.118,05 ; 306.118,05 ; 326.525,92 ; 327.621,52 ; 327.621,12 ; 327.621,12 ; 327.621,12 ; 605.245,47 ; 4.080.484,50 
BA;CABACEIRAS DO PARAGUACU;2904852; 1.122.179,62 ; 1.234.397,59 ; 1.346.615,55 ; 1.458.833,51 ; 1.575.077,19 ; 1.682.364,04 ; 1.682.364,04 ; 1.794.521,64 ; 1.801.396,76 ; 1.801.394,53 ; 1.801.394,53 ; 1.801.394,53 ; 3.327.886,33 ; 22.429.819,86 
BA;CACHOEIRA;2904902; 1.026.396,74 ; 1.129.036,42 ; 1.231.676,09 ; 1.334.315,76 ; 1.440.606,28 ; 1.538.733,60 ; 1.538.733,60 ; 1.641.315,84 ; 1.659.546,84 ; 1.659.544,78 ; 1.659.544,78 ; 1.659.544,78 ; 3.065.833,87 ; 20.584.829,38 
BA;CACULE;2905008; 802.033,55 ; 882.236,90 ; 962.440,26 ; 1.042.643,61 ; 1.125.672,10 ; 1.202.347,58 ; 1.202.347,58 ; 1.282.504,09 ; 1.322.920,79 ; 1.322.919,16 ; 1.322.919,16 ; 1.322.919,16 ; 2.443.953,53 ; 16.237.857,47 
BA;CAEM;2905107; 587.593,45 ; 646.352,80 ; 705.112,14 ; 763.871,48 ; 824.716,84 ; 880.892,67 ; 880.892,67 ; 939.618,85 ; 945.380,99 ; 945.379,82 ; 945.379,82 ; 945.379,82 ; 1.746.489,45 ; 11.757.060,80 
BA;CAETANOS;2905156; 532.392,64 ; 585.631,91 ; 638.871,17 ; 692.110,44 ; 747.261,43 ; 798.161,37 ; 798.161,37 ; 851.372,12 ; 856.273,20 ; 856.272,14 ; 856.272,14 ; 856.272,14 ; 1.581.872,41 ; 10.650.924,48 
BA;CAETITE;2905206; 612.744,59 ; 674.019,05 ; 735.293,51 ; 796.567,97 ; 859.708,75 ; 918.268,07 ; 918.268,07 ; 979.485,94 ; 1.044.664,95 ; 1.044.663,65 ; 1.044.663,65 ; 1.044.663,65 ; 1.929.905,85 ; 12.602.917,70 
BA;CAFARNAUM;2905305; 772.968,54 ; 850.265,39 ; 927.562,24 ; 1.004.859,09 ; 1.084.878,35 ; 1.158.775,15 ; 1.158.775,15 ; 1.236.026,83 ; 1.276.315,62 ; 1.276.314,04 ; 1.276.314,04 ; 1.276.314,04 ; 2.357.855,52 ; 15.657.224,00 
BA;CAIRU;2905404; 1.116.001,79 ; 1.227.601,97 ; 1.339.202,15 ; 1.450.802,33 ; 1.566.328,66 ; 1.673.019,60 ; 1.673.019,60 ; 1.784.554,24 ; 1.862.276,68 ; 1.862.274,37 ; 1.862.274,37 ; 1.862.274,37 ; 3.440.355,41 ; 22.719.985,54 
BA;CALDEIRAO GRANDE;2905503; 1.010.887,86 ; 1.111.976,64 ; 1.213.065,43 ; 1.314.154,21 ; 1.418.883,73 ; 1.515.531,41 ; 1.515.531,41 ; 1.616.566,84 ; 1.622.816,73 ; 1.622.814,72 ; 1.622.814,72 ; 1.622.814,72 ; 2.997.978,93 ; 20.205.837,35 
BA;CAMACAN;2905602; 116.067,38 ; 127.674,12 ; 139.280,86 ; 150.887,59 ; 162.672,48 ; 173.752,97 ; 173.752,97 ; 185.336,50 ; 185.102,14 ; 185.101,91 ; 185.101,91 ; 185.101,91 ; 341.956,29 ; 2.311.789,03 
BA;CAMAMU;2905800; 501.717,66 ; 551.889,42 ; 602.061,19 ; 652.232,95 ; 703.896,49 ; 751.842,60 ; 751.842,60 ; 801.965,44 ; 816.401,60 ; 816.400,59 ; 816.400,59 ; 816.400,59 ; 1.508.213,94 ; 10.091.265,66 
BA;CAMPO ALEGRE DE LOURDES;2905909; 1.004.966,99 ; 1.105.463,68 ; 1.205.960,38 ; 1.306.457,08 ; 1.410.453,13 ; 1.506.526,56 ; 1.506.526,56 ; 1.606.961,67 ; 1.612.698,50 ; 1.612.696,50 ; 1.612.696,50 ; 1.612.696,50 ; 2.979.286,63 ; 20.083.390,68 
BA;CAMPO FORMOSO;2906006; 2.559.570,95 ; 2.815.528,04 ; 3.071.485,14 ; 3.327.442,23 ; 3.592.282,70 ; 3.836.972,09 ; 3.836.972,09 ; 4.092.770,23 ; 4.107.470,09 ; 4.107.465,00 ; 4.107.465,00 ; 4.107.465,00 ; 7.588.108,22 ; 51.150.996,78 
BA;CANAPOLIS;2906105; 124.026,12 ; 136.428,73 ; 148.831,35 ; 161.233,96 ; 173.997,23 ; 185.849,10 ; 185.849,10 ; 198.239,04 ; 198.664,45 ; 198.664,21 ; 198.664,21 ; 198.664,21 ; 367.011,19 ; 2.476.122,90 
BA;CANARANA;2906204; 1.395.144,18 ; 1.534.658,60 ; 1.674.173,02 ; 1.813.687,44 ; 1.958.190,02 ; 2.091.572,71 ; 2.091.572,71 ; 2.231.010,89 ; 2.239.491,71 ; 2.239.488,94 ; 2.239.488,94 ; 2.239.488,94 ; 4.137.219,49 ; 27.885.187,59 
BA;CANAVIEIRAS;2906303; 857.618,00 ; 943.379,80 ; 1.029.141,60 ; 1.114.903,39 ; 1.283.219,48 ; 1.370.626,36 ; 1.370.626,36 ; 1.462.001,45 ; 1.499.159,47 ; 1.499.157,62 ; 1.499.157,62 ; 1.499.157,62 ; 2.769.535,49 ; 18.197.684,26 
BA;CANDEAL;2906402; 136.172,94 ; 149.790,24 ; 163.407,53 ; 177.024,83 ; 191.078,66 ; 204.094,04 ; 204.094,04 ; 217.700,31 ; 222.459,91 ; 222.459,64 ; 222.459,64 ; 222.459,64 ; 410.970,74 ; 2.744.172,16 
BA;CANDIBA;2906600; 75.511,44 ; 83.062,58 ; 90.613,73 ; 98.164,87 ; 105.871,43 ; 113.082,89 ; 113.082,89 ; 120.621,75 ; 132.827,56 ; 132.827,40 ; 132.827,40 ; 132.827,40 ; 245.384,62 ; 1.576.705,96 
BA;CANDIDO SALES;2906709; 939.430,15 ; 1.033.373,16 ; 1.127.316,18 ; 1.221.259,19 ; 1.318.478,17 ; 1.408.286,70 ; 1.408.286,70 ; 1.502.172,48 ; 1.537.161,36 ; 1.537.159,46 ; 1.537.159,46 ; 1.537.159,46 ; 2.839.739,88 ; 18.946.982,35 
BA;CANSANCAO;2906808; 1.203.815,30 ; 1.324.196,83 ; 1.444.578,36 ; 1.564.959,89 ; 1.689.104,90 ; 1.804.158,78 ; 1.804.158,78 ; 1.924.436,03 ; 1.929.786,53 ; 1.929.784,14 ; 1.929.784,14 ; 1.929.784,14 ; 3.565.072,59 ; 24.043.620,41 
BA;CANUDOS;2906824; 450.324,89 ; 495.357,38 ; 540.389,87 ; 585.422,36 ; 631.942,52 ; 674.987,47 ; 674.987,47 ; 719.986,64 ; 730.975,55 ; 730.974,65 ; 730.974,65 ; 730.974,65 ; 1.350.398,52 ; 9.047.696,62 
BA;CAPELA DO ALTO ALEGRE;2906857; 534.877,90 ; 588.365,69 ; 641.853,48 ; 695.341,27 ; 750.779,25 ; 801.918,80 ; 801.918,80 ; 855.380,05 ; 863.723,92 ; 863.722,85 ; 863.722,85 ; 863.722,85 ; 1.595.636,83 ; 10.720.964,54 
BA;CAPIM GROSSO;2906873; 1.670.952,89 ; 1.838.048,18 ; 2.005.143,47 ; 2.172.238,76 ; 2.345.355,98 ; 2.505.110,59 ; 2.505.110,59 ; 2.672.117,96 ; 2.697.232,82 ; 2.697.229,48 ; 2.697.229,48 ; 2.697.229,48 ; 4.982.846,85 ; 33.485.846,53 
BA;CARAIBAS;2906899; 201.959,66 ; 222.155,62 ; 242.351,59 ; 262.547,56 ; 283.404,23 ; 302.708,39 ; 302.708,39 ; 322.888,95 ; 337.400,29 ; 337.399,87 ; 337.399,87 ; 337.399,87 ; 623.310,70 ; 4.113.634,99 
BA;CARAVELAS;2906907; 373.224,40 ; 410.546,84 ; 447.869,28 ; 485.191,72 ; 523.669,50 ; 559.339,40 ; 559.339,40 ; 596.628,70 ; 610.240,46 ; 610.239,71 ; 610.239,71 ; 610.239,71 ; 1.127.353,43 ; 7.524.122,26 
BA;CARDEAL DA SILVA;2907004; 330.671,98 ; 363.739,18 ; 396.806,39 ; 429.873,59 ; 464.074,75 ; 495.685,34 ; 495.685,34 ; 528.731,03 ; 543.038,09 ; 543.037,42 ; 543.037,42 ; 543.037,42 ; 1.003.204,29 ; 6.680.622,24 
BA;CARINHANHA;2907103; 993.463,71 ; 1.092.810,08 ; 1.192.156,45 ; 1.291.502,82 ; 1.394.303,80 ; 1.489.277,21 ; 1.489.277,21 ; 1.588.562,36 ; 1.606.708,73 ; 1.606.706,74 ; 1.606.706,74 ; 1.606.706,74 ; 2.968.221,14 ; 19.926.403,73 
BA;CASA NOVA;2907202; 1.696.455,67 ; 1.866.101,24 ; 2.035.746,81 ; 2.205.392,38 ; 2.380.792,49 ; 2.542.960,87 ; 2.542.960,87 ; 2.712.491,59 ; 2.756.990,51 ; 2.756.987,10 ; 2.756.987,10 ; 2.756.987,10 ; 5.093.242,76 ; 34.104.096,49 
BA;CASTRO ALVES;2907301; 1.415.964,66 ; 1.557.561,13 ; 1.699.157,59 ; 1.840.754,06 ; 1.987.450,05 ; 2.122.825,80 ; 2.122.825,80 ; 2.264.347,52 ; 2.282.153,67 ; 2.282.150,85 ; 2.282.150,85 ; 2.282.150,85 ; 4.216.032,88 ; 28.355.525,71 
BA;CATOLANDIA;2907400; 11.622,32 ; 12.784,55 ; 13.946,79 ; 15.109,02 ; 16.266,07 ; 17.374,04 ; 17.374,04 ; 18.532,31 ; 19.093,93 ; 19.093,91 ; 19.093,91 ; 19.093,91 ; 35.274,00 ; 234.658,80 
BA;CATURAMA;2907558; 818.951,70 ; 900.846,87 ; 982.742,03 ; 1.064.637,20 ; 1.149.558,52 ; 1.227.861,04 ; 1.227.861,04 ; 1.309.718,45 ; 1.320.011,73 ; 1.320.010,10 ; 1.320.010,10 ; 1.320.010,10 ; 2.438.579,37 ; 16.400.798,25 
BA;CENTRAL;2907608; 509.514,61 ; 560.466,06 ; 611.417,52 ; 662.368,98 ; 715.101,79 ; 763.811,15 ; 763.811,15 ; 814.731,90 ; 817.668,95 ; 817.667,93 ; 817.667,93 ; 817.667,93 ; 1.510.555,22 ; 10.182.451,12 
BA;CHORROCHO;2907707; 568.925,06 ; 625.817,57 ; 682.710,07 ; 739.602,58 ; 798.519,53 ; 852.910,93 ; 852.910,93 ; 909.771,65 ; 913.191,65 ; 913.190,52 ; 913.190,52 ; 913.190,52 ; 1.687.023,12 ; 11.370.954,65 
BA;CICERO DANTAS;2907806; 489.722,98 ; 538.695,27 ; 587.667,57 ; 636.639,87 ; 684.615,14 ; 731.247,91 ; 731.247,91 ; 779.997,77 ; 782.599,79 ; 782.598,82 ; 782.598,82 ; 782.598,82 ; 1.445.768,73 ; 9.755.999,40 
BA;CIPO;2907905; 895.597,70 ; 985.157,47 ; 1.074.717,24 ; 1.164.277,01 ; 1.256.892,84 ; 1.342.506,47 ; 1.342.506,47 ; 1.432.006,90 ; 1.468.707,03 ; 1.468.705,21 ; 1.468.705,21 ; 1.468.705,21 ; 2.713.277,87 ; 18.081.762,63 
BA;COARACI;2908002; 128.705,06 ; 141.575,57 ; 154.446,08 ; 167.316,58 ; 180.491,73 ; 192.785,98 ; 192.785,98 ; 205.638,38 ; 211.861,18 ; 211.860,91 ; 211.860,91 ; 211.860,91 ; 391.390,72 ; 2.602.579,99 
BA;COCOS;2908101; 308.778,22 ; 339.656,04 ; 370.533,86 ; 401.411,69 ; 433.234,68 ; 462.744,59 ; 462.744,59 ; 493.594,24 ; 498.221,28 ; 498.220,66 ; 498.220,66 ; 498.220,66 ; 920.410,15 ; 6.185.991,32 
BA;CONCEICAO DA FEIRA;2908200; 886.736,80 ; 975.410,48 ; 1.064.084,16 ; 1.152.757,84 ; 1.244.578,61 ; 1.329.353,44 ; 1.329.353,44 ; 1.417.977,01 ; 1.508.750,39 ; 1.508.748,53 ; 1.508.748,53 ; 1.508.748,53 ; 2.787.253,69 ; 18.222.501,45 
BA;CONCEICAO DO ALMEIDA;2908309; 84.755,09 ; 93.230,60 ; 101.706,10 ; 110.181,61 ; 118.840,91 ; 126.935,80 ; 126.935,80 ; 135.398,18 ; 135.440,17 ; 135.440,00 ; 135.440,00 ; 135.440,00 ; 250.211,16 ; 1.689.955,42 
BA;CONCEICAO DO COITE;2908408; 2.450.184,86 ; 2.695.203,34 ; 2.940.221,83 ; 3.185.240,32 ; 3.439.061,39 ; 3.673.314,07 ; 3.673.314,07 ; 3.918.201,67 ; 4.000.308,12 ; 4.000.303,16 ; 4.000.303,16 ; 4.000.303,16 ; 7.390.138,02 ; 49.366.097,17 
BA;CONCEICAO DO JACUIPE;2908507; 1.498.439,93 ; 1.648.283,93 ; 1.798.127,92 ; 1.947.971,91 ; 2.103.108,05 ; 2.246.361,88 ; 2.246.361,88 ; 2.396.119,34 ; 2.411.769,68 ; 2.411.766,70 ; 2.411.766,70 ; 2.411.766,70 ; 4.455.484,49 ; 29.987.329,11 
BA;CONDE;2908606; 877.957,83 ; 965.753,62 ; 1.053.549,40 ; 1.141.345,18 ; 1.232.173,46 ; 1.316.103,31 ; 1.316.103,31 ; 1.403.843,54 ; 1.440.506,79 ; 1.440.505,01 ; 1.440.505,01 ; 1.440.505,01 ; 2.661.181,00 ; 17.730.032,47 
BA;CONDEUBA;2908705; 534.027,65 ; 587.430,42 ; 640.833,18 ; 694.235,95 ; 749.510,69 ; 800.563,84 ; 800.563,84 ; 853.934,76 ; 857.032,72 ; 857.031,66 ; 857.031,66 ; 857.031,66 ; 1.583.275,55 ; 10.672.503,58 
BA;CONTENDAS DO SINCORA;2908804; 25.190,30 ; 27.709,33 ; 30.228,36 ; 32.747,39 ; 35.301,51 ; 37.706,08 ; 37.706,08 ; 40.219,82 ; 40.154,77 ; 40.154,72 ; 40.154,72 ; 40.154,72 ; 74.181,65 ; 501.609,45 
BA;CORACAO DE MARIA;2908903; 1.536.768,64 ; 1.690.445,50 ; 1.844.122,37 ; 1.997.799,23 ; 2.157.011,54 ; 2.303.937,01 ; 2.303.937,01 ; 2.457.532,81 ; 2.471.569,52 ; 2.471.566,46 ; 2.471.566,46 ; 2.471.566,46 ; 4.565.958,25 ; 30.743.781,26 
BA;CORDEIROS;2909000; 407.111,24 ; 447.822,36 ; 488.533,49 ; 529.244,61 ; 571.436,97 ; 610.360,57 ; 610.360,57 ; 651.051,27 ; 663.127,66 ; 663.126,84 ; 663.126,84 ; 663.126,84 ; 1.225.056,82 ; 8.193.486,08 
BA;CORIBE;2909109; 919.632,60 ; 1.011.595,86 ; 1.103.559,12 ; 1.195.522,38 ; 1.290.843,89 ; 1.378.770,10 ; 1.378.770,10 ; 1.470.688,10 ; 1.476.557,04 ; 1.476.555,21 ; 1.476.555,21 ; 1.476.555,21 ; 2.727.779,92 ; 18.383.384,74 
BA;CORONEL JOAO SA;2909208; 1.304.160,73 ; 1.434.576,80 ; 1.564.992,88 ; 1.695.408,95 ; 1.830.424,59 ; 1.955.104,50 ; 1.955.104,50 ; 2.085.444,80 ; 2.104.011,34 ; 2.104.008,73 ; 2.104.008,73 ; 2.104.008,73 ; 3.886.934,13 ; 26.128.189,41 
BA;CORRENTINA;2909307; 192.509,43 ; 211.760,38 ; 231.011,32 ; 250.262,27 ; 269.781,63 ; 288.157,88 ; 288.157,88 ; 307.368,41 ; 354.457,86 ; 354.457,42 ; 354.457,42 ; 354.457,42 ; 654.822,74 ; 4.111.662,06 
BA;COTEGIPE;2909406; 299.476,55 ; 329.424,20 ; 359.371,86 ; 389.319,51 ; 420.255,83 ; 448.881,69 ; 448.881,69 ; 478.807,13 ; 486.579,45 ; 486.578,85 ; 486.578,85 ; 486.578,85 ; 898.903,10 ; 6.019.637,56 
BA;CRAVOLANDIA;2909505; 286.370,50 ; 315.007,55 ; 343.644,60 ; 372.281,65 ; 401.948,23 ; 429.327,05 ; 429.327,05 ; 457.948,85 ; 459.712,04 ; 459.711,47 ; 459.711,47 ; 459.711,47 ; 849.268,48 ; 5.723.970,41 
BA;CRISOPOLIS;2909604; 1.408.495,93 ; 1.549.345,52 ; 1.690.195,12 ; 1.831.044,71 ; 1.976.897,87 ; 2.111.554,85 ; 2.111.554,85 ; 2.252.325,17 ; 2.347.695,88 ; 2.347.692,98 ; 2.347.692,98 ; 2.347.692,98 ; 4.337.115,05 ; 28.659.303,89 
BA;CRISTOPOLIS;2909703; 337.727,31 ; 371.500,04 ; 405.272,78 ; 439.045,51 ; 473.957,87 ; 506.241,65 ; 506.241,65 ; 539.991,09 ; 552.841,53 ; 552.840,84 ; 552.840,84 ; 552.840,84 ; 1.021.315,11 ; 6.812.657,06 
BA;CRUZ DAS ALMAS;2909802; 894.091,03 ; 983.500,14 ; 1.072.909,24 ; 1.162.318,34 ; 1.254.668,10 ; 1.340.130,19 ; 1.340.130,19 ; 1.429.472,20 ; 1.490.814,62 ; 1.490.812,77 ; 1.490.812,77 ; 1.490.812,77 ; 2.754.119,27 ; 18.194.591,63 
BA;CURACA;2909901; 1.300.743,13 ; 1.430.817,44 ; 1.560.891,76 ; 1.690.966,07 ; 1.825.569,11 ; 1.949.918,28 ; 1.949.918,28 ; 2.079.912,84 ; 2.128.589,16 ; 2.128.586,53 ; 2.128.586,53 ; 2.128.586,53 ; 3.932.339,00 ; 26.235.424,66 
BA;DARIO MEIRA;2910008; 491.853,35 ; 541.038,68 ; 590.224,02 ; 639.409,35 ; 690.268,00 ; 737.285,80 ; 737.285,80 ; 786.438,19 ; 789.089,75 ; 789.088,77 ; 789.088,77 ; 789.088,77 ; 1.457.758,24 ; 9.827.917,49 
BA;DIAS DAVILA;2910057; 543.521,54 ; 597.873,70 ; 652.225,85 ; 706.578,00 ; 762.224,32 ; 814.143,46 ; 814.143,46 ; 868.419,69 ; 927.211,88 ; 927.210,73 ; 927.210,73 ; 927.210,73 ; 1.712.923,99 ; 11.180.898,08 
BA;DOM BASILIO;2910107; 411.005,58 ; 452.106,13 ; 493.206,69 ; 534.307,25 ; 576.847,37 ; 616.139,50 ; 616.139,50 ; 657.215,46 ; 673.224,02 ; 673.223,18 ; 673.223,18 ; 673.223,18 ; 1.243.708,77 ; 8.293.569,81 
BA;DOM MACEDO COSTA;2910206; 104.235,61 ; 114.659,18 ; 125.082,74 ; 135.506,30 ; 146.274,70 ; 156.238,25 ; 156.238,25 ; 166.654,13 ; 167.381,23 ; 167.381,02 ; 167.381,02 ; 167.381,02 ; 309.218,79 ; 2.083.632,24 
BA;ELISIO MEDRADO;2910305; 333.266,95 ; 366.593,65 ; 399.920,35 ; 433.247,05 ; 467.737,38 ; 499.597,45 ; 499.597,45 ; 532.903,94 ; 538.688,09 ; 538.687,43 ; 538.687,43 ; 538.687,43 ; 995.168,15 ; 6.682.782,75 
BA;ENCRUZILHADA;2910404; 732.378,27 ; 805.616,10 ; 878.853,92 ; 952.091,75 ; 1.027.906,02 ; 1.097.922,14 ; 1.097.922,14 ; 1.171.116,95 ; 1.188.751,33 ; 1.188.749,86 ; 1.188.749,86 ; 1.188.749,86 ; 2.196.089,90 ; 14.714.898,10 
BA;ENTRE RIOS;2910503; 615.164,51 ; 676.680,96 ; 738.197,41 ; 799.713,86 ; 921.535,70 ; 984.306,37 ; 984.306,37 ; 1.049.926,80 ; 1.111.812,07 ; 1.111.810,70 ; 1.111.810,70 ; 1.111.810,70 ; 2.053.952,92 ; 13.271.029,07 
BA;ERICO CARDOSO;2900504; 560.041,10 ; 616.045,21 ; 672.049,32 ; 728.053,43 ; 786.072,16 ; 839.615,69 ; 839.615,69 ; 895.590,07 ; 899.043,14 ; 899.042,03 ; 899.042,03 ; 899.042,03 ; 1.660.885,26 ; 11.194.137,16 
BA;ESPLANADA;2910602; 791.076,70 ; 870.184,37 ; 949.292,04 ; 1.028.399,71 ; 1.110.123,76 ; 1.185.740,17 ; 1.185.740,17 ; 1.264.789,51 ; 1.314.101,39 ; 1.314.099,76 ; 1.314.099,76 ; 1.314.099,76 ; 2.427.660,62 ; 16.069.407,72 
BA;EUCLIDES DA CUNHA;2910701; 2.524.187,60 ; 2.776.606,36 ; 3.029.025,12 ; 3.281.443,88 ; 3.542.677,62 ; 3.783.988,15 ; 3.783.988,15 ; 4.036.254,03 ; 4.119.444,64 ; 4.119.439,54 ; 4.119.439,54 ; 4.119.439,54 ; 7.610.229,90 ; 50.846.164,07 
BA;EUNAPOLIS;2910727; 329.997,17 ; 362.996,88 ; 395.996,61 ; 428.996,33 ; 462.103,15 ; 493.579,44 ; 493.579,44 ; 526.484,73 ; 647.549,82 ; 647.549,02 ; 647.549,02 ; 647.549,02 ; 1.196.278,44 ; 7.280.209,07 
BA;FATIMA;2910750; 1.215.900,64 ; 1.337.490,71 ; 1.459.080,77 ; 1.580.670,84 ; 1.706.644,38 ; 1.822.892,97 ; 1.822.892,97 ; 1.944.419,17 ; 1.974.392,91 ; 1.974.390,47 ; 1.974.390,47 ; 1.974.390,47 ; 3.647.478,03 ; 24.435.034,80 
BA;FEIRA DA MATA;2910776; 259.761,94 ; 285.738,14 ; 311.714,33 ; 337.690,53 ; 364.591,65 ; 389.425,92 ; 389.425,92 ; 415.387,65 ; 418.723,96 ; 418.723,44 ; 418.723,44 ; 418.723,44 ; 773.547,39 ; 5.202.177,75 
BA;FEIRA DE SANTANA;2910800; 2.787.401,13 ; 3.066.141,24 ; 3.344.881,35 ; 3.623.621,46 ; 3.908.973,94 ; 4.175.234,86 ; 4.175.234,86 ; 4.453.583,85 ; 4.499.950,03 ; 4.499.944,46 ; 4.499.944,46 ; 4.499.944,46 ; 8.313.172,58 ; 55.848.028,68 
BA;FILADELFIA;2910859; 1.324.863,07 ; 1.457.349,38 ; 1.589.835,68 ; 1.722.321,99 ; 1.859.615,14 ; 1.986.283,37 ; 1.986.283,37 ; 2.118.702,26 ; 2.127.033,49 ; 2.127.030,86 ; 2.127.030,86 ; 2.127.030,86 ; 3.929.465,08 ; 26.482.845,41 
BA;FIRMINO ALVES;2910909; 78.385,72 ; 86.224,29 ; 94.062,86 ; 101.901,44 ; 109.973,60 ; 117.464,49 ; 117.464,49 ; 125.295,45 ; 125.586,74 ; 125.586,59 ; 125.586,59 ; 125.586,59 ; 232.008,00 ; 1.565.126,85 
BA;FLORESTA AZUL;2911006; 215.773,44 ; 237.350,78 ; 258.928,12 ; 280.505,47 ; 302.814,88 ; 323.441,21 ; 323.441,21 ; 345.003,95 ; 362.150,39 ; 362.149,94 ; 362.149,94 ; 362.149,94 ; 669.033,84 ; 4.404.893,11 
BA;GANDU;2911204; 1.341.346,73 ; 1.475.481,40 ; 1.609.616,07 ; 1.743.750,74 ; 1.882.584,27 ; 2.010.817,05 ; 2.010.817,05 ; 2.144.871,52 ; 2.176.567,34 ; 2.176.564,65 ; 2.176.564,65 ; 2.176.564,65 ; 4.020.973,51 ; 26.946.519,63 
BA;GAVIAO;2911253; 302.761,20 ; 333.037,31 ; 363.313,43 ; 393.589,55 ; 424.945,17 ; 453.890,43 ; 453.890,43 ; 484.149,79 ; 485.978,34 ; 485.977,74 ; 485.977,74 ; 485.977,74 ; 897.792,63 ; 6.051.281,50 
BA;GLORIA;2911402; 452.183,16 ; 497.401,47 ; 542.619,79 ; 587.838,10 ; 634.604,88 ; 677.831,17 ; 677.831,17 ; 723.019,92 ; 727.752,15 ; 727.751,25 ; 727.751,25 ; 727.751,25 ; 1.344.443,63 ; 9.048.779,19 
BA;GOVERNADOR MANGABEIRA;2911600; 553.665,47 ; 609.032,02 ; 664.398,57 ; 719.765,11 ; 776.997,13 ; 829.922,52 ; 829.922,52 ; 885.250,69 ; 889.972,66 ; 889.971,56 ; 889.971,56 ; 889.971,56 ; 1.644.128,51 ; 11.072.969,88 
BA;GUAJERU;2911659; 125.680,67 ; 138.248,73 ; 150.816,80 ; 163.384,87 ; 176.348,25 ; 188.360,27 ; 188.360,27 ; 200.917,62 ; 204.619,76 ; 204.619,51 ; 204.619,51 ; 204.619,51 ; 378.012,97 ; 2.528.608,74 
BA;GUANAMBI;2911709; 1.092.267,69 ; 1.201.494,45 ; 1.310.721,22 ; 1.419.947,99 ; 1.532.505,09 ; 1.636.892,13 ; 1.636.892,13 ; 1.746.018,27 ; 1.878.487,69 ; 1.878.485,36 ; 1.878.485,36 ; 1.878.485,36 ; 3.470.303,48 ; 22.560.986,22 
BA;GUARATINGA;2911808; 519.366,21 ; 571.302,83 ; 623.239,45 ; 675.176,07 ; 728.903,88 ; 778.553,38 ; 778.553,38 ; 830.456,94 ; 865.503,40 ; 865.502,33 ; 865.502,33 ; 865.502,33 ; 1.598.924,21 ; 10.566.486,74 
BA;HELIOPOLIS;2911857; 321.321,78 ; 353.453,96 ; 385.586,13 ; 417.718,31 ; 450.905,47 ; 481.619,02 ; 481.619,02 ; 513.726,96 ; 545.120,84 ; 545.120,16 ; 545.120,16 ; 545.120,16 ; 1.007.051,96 ; 6.593.483,93 
BA;IACU;2911907; 1.501.130,64 ; 1.651.243,70 ; 1.801.356,77 ; 1.951.469,83 ; 2.106.962,09 ; 2.250.478,43 ; 2.250.478,43 ; 2.400.510,33 ; 2.455.126,40 ; 2.455.123,36 ; 2.455.123,36 ; 2.455.123,36 ; 4.535.581,33 ; 30.269.708,03 
BA;IBIASSUCE;2912004; 254.621,58 ; 280.083,74 ; 305.545,89 ; 331.008,05 ; 357.345,74 ; 381.686,45 ; 381.686,45 ; 407.132,21 ; 410.325,37 ; 410.324,87 ; 410.324,87 ; 410.324,87 ; 758.031,92 ; 5.098.442,01 
BA;IBICARAI;2912103; 274.904,94 ; 302.395,44 ; 329.885,93 ; 357.376,43 ; 385.722,62 ; 411.996,23 ; 411.996,23 ; 439.462,64 ; 440.628,95 ; 440.628,41 ; 440.628,41 ; 440.628,41 ; 814.014,53 ; 5.490.269,17 
BA;IBICOARA;2912202; 903.729,93 ; 994.102,93 ; 1.084.475,92 ; 1.174.848,91 ; 1.268.406,51 ; 1.354.804,40 ; 1.354.804,40 ; 1.445.124,69 ; 1.512.878,03 ; 1.512.876,16 ; 1.512.876,16 ; 1.512.876,16 ; 2.794.879,07 ; 18.426.683,27 
BA;IBICUI;2912301; 647.446,35 ; 712.190,98 ; 776.935,62 ; 841.680,25 ; 908.734,35 ; 970.633,06 ; 970.633,06 ; 1.035.341,93 ; 1.039.256,21 ; 1.039.254,92 ; 1.039.254,92 ; 1.039.254,92 ; 1.919.913,79 ; 12.940.530,36 
BA;IBIPEBA;2912400; 405.221,77 ; 445.743,95 ; 486.266,13 ; 526.788,31 ; 568.699,93 ; 607.437,09 ; 607.437,09 ; 647.932,90 ; 654.331,27 ; 654.330,46 ; 654.330,46 ; 654.330,46 ; 1.208.806,45 ; 8.121.656,27 
BA;IBIPITANGA;2912509; 63.437,89 ; 69.781,68 ; 76.125,47 ; 82.469,26 ; 88.794,89 ; 94.843,19 ; 94.843,19 ; 101.166,06 ; 150.982,34 ; 150.982,15 ; 150.982,15 ; 150.982,15 ; 278.923,63 ; 1.554.314,05 
BA;IBIQUERA;2912608; 4.316,96 ; 4.748,66 ; 5.180,36 ; 5.612,05 ; 6.006,90 ; 6.416,06 ; 6.416,06 ; 6.843,79 ; 9.941,41 ; 9.941,39 ; 9.941,39 ; 9.941,39 ; 18.365,71 ; 103.672,13 
BA;IBIRAPITANGA;2912707; 1.475.606,77 ; 1.623.167,44 ; 1.770.728,12 ; 1.918.288,80 ; 2.071.190,91 ; 2.212.270,69 ; 2.212.270,69 ; 2.359.755,40 ; 2.464.023,03 ; 2.464.019,98 ; 2.464.019,98 ; 2.464.019,98 ; 4.552.016,93 ; 30.051.378,72 
BA;IBIRAPUA;2912806; 114.908,28 ; 126.399,11 ; 137.889,94 ; 149.380,76 ; 161.187,95 ; 172.167,31 ; 172.167,31 ; 183.645,13 ; 183.968,65 ; 183.968,42 ; 183.968,42 ; 183.968,42 ; 339.862,30 ; 2.293.482,00 
BA;IBIRATAIA;2912905; 563.063,74 ; 619.370,11 ; 675.676,49 ; 731.982,86 ; 790.207,16 ; 844.032,35 ; 844.032,35 ; 900.301,17 ; 904.017,89 ; 904.016,77 ; 904.016,77 ; 904.016,77 ; 1.670.075,58 ; 11.254.810,01 
BA;IBITIARA;2913002; 220.201,10 ; 242.221,21 ; 264.241,32 ; 286.261,43 ; 308.968,45 ; 330.013,93 ; 330.013,93 ; 352.014,86 ; 352.955,00 ; 352.954,57 ; 352.954,57 ; 352.954,57 ; 652.046,34 ; 4.397.801,28 
BA;IBITITA;2913101; 679.289,91 ; 747.218,90 ; 815.147,89 ; 883.076,88 ; 953.415,51 ; 1.018.357,69 ; 1.018.357,69 ; 1.086.248,20 ; 1.104.007,92 ; 1.104.006,56 ; 1.104.006,56 ; 1.104.006,56 ; 2.039.535,60 ; 13.656.675,87 
BA;IBOTIRAMA;2913200; 938.317,92 ; 1.032.149,72 ; 1.125.981,51 ; 1.219.813,30 ; 1.316.901,01 ; 1.406.602,11 ; 1.406.602,11 ; 1.500.375,58 ; 1.516.338,82 ; 1.516.336,95 ; 1.516.336,95 ; 1.516.336,95 ; 2.801.272,49 ; 18.813.365,42 
BA;ICHU;2913309; 293.977,05 ; 323.374,76 ; 352.772,46 ; 382.170,17 ; 412.607,90 ; 440.712,80 ; 440.712,80 ; 470.093,66 ; 471.836,80 ; 471.836,22 ; 471.836,22 ; 471.836,22 ; 871.667,66 ; 5.875.434,72 
BA;IGAPORA;2913408; 495.939,30 ; 545.533,22 ; 595.127,15 ; 644.721,08 ; 696.060,62 ; 743.473,00 ; 743.473,00 ; 793.037,86 ; 795.943,22 ; 795.942,24 ; 795.942,24 ; 795.942,24 ; 1.470.419,26 ; 9.911.554,43 
BA;IGRAPIUNA;2913457; 426.548,07 ; 469.202,88 ; 511.857,69 ; 554.512,49 ; 598.624,79 ; 639.400,29 ; 639.400,29 ; 682.026,98 ; 684.351,69 ; 684.350,84 ; 684.350,84 ; 684.350,84 ; 1.264.265,96 ; 8.523.243,65 
BA;IGUAI;2913507; 103.414,54 ; 113.755,99 ; 124.097,45 ; 134.438,90 ; 144.916,80 ; 154.787,85 ; 154.787,85 ; 165.107,04 ; 182.472,59 ; 182.472,37 ; 182.472,37 ; 182.472,37 ; 337.098,47 ; 2.162.294,59 
BA;ILHEUS;2913606; 451.923,61 ; 497.115,97 ; 542.308,33 ; 587.500,69 ; 633.007,63 ; 676.125,13 ; 676.125,13 ; 721.200,14 ; 900.025,90 ; 900.024,79 ; 900.024,79 ; 900.024,79 ; 1.662.700,82 ; 10.048.107,72 
BA;INHAMBUPE;2913705; 1.560.820,52 ; 1.716.902,57 ; 1.872.984,62 ; 2.029.066,68 ; 2.190.708,67 ; 2.339.929,43 ; 2.339.929,43 ; 2.495.924,73 ; 2.551.186,68 ; 2.551.183,52 ; 2.551.183,52 ; 2.551.183,52 ; 4.713.042,36 ; 31.464.046,25 
BA;IPECAETA;2913804; 1.056.268,30 ; 1.161.895,13 ; 1.267.521,96 ; 1.373.148,79 ; 1.482.573,23 ; 1.583.559,14 ; 1.583.559,14 ; 1.689.129,75 ; 1.695.634,14 ; 1.695.632,04 ; 1.695.632,04 ; 1.695.632,04 ; 3.132.501,28 ; 21.112.686,98 
BA;IPIAU;2913903; 457.915,74 ; 503.707,31 ; 549.498,88 ; 595.290,46 ; 642.404,66 ; 686.162,24 ; 686.162,24 ; 731.906,39 ; 775.861,68 ; 775.860,72 ; 775.860,72 ; 775.860,72 ; 1.433.320,80 ; 9.389.812,56 
BA;IPIRA;2914000; 1.618.024,98 ; 1.779.827,47 ; 1.941.629,97 ; 2.103.432,47 ; 2.270.833,82 ; 2.425.512,34 ; 2.425.512,34 ; 2.587.213,16 ; 2.614.501,18 ; 2.614.497,94 ; 2.614.497,94 ; 2.614.497,94 ; 4.830.009,07 ; 32.439.990,62 
BA;IPUPIARA;2914109; 281.827,71 ; 310.010,48 ; 338.193,25 ; 366.376,03 ; 395.526,83 ; 422.468,26 ; 422.468,26 ; 450.632,81 ; 454.966,95 ; 454.966,38 ; 454.966,38 ; 454.966,38 ; 840.502,42 ; 5.647.872,14 
BA;IRAJUBA;2914208; 79.186,87 ; 87.105,56 ; 95.024,24 ; 102.942,93 ; 111.051,64 ; 118.615,96 ; 118.615,96 ; 126.523,69 ; 126.635,58 ; 126.635,42 ; 126.635,42 ; 126.635,42 ; 233.945,62 ; 1.579.554,31 
BA;IRAMAIA;2914307; 251.358,88 ; 276.494,77 ; 301.630,66 ; 326.766,54 ; 352.723,97 ; 376.749,86 ; 376.749,86 ; 401.866,52 ; 403.619,79 ; 403.619,29 ; 403.619,29 ; 403.619,29 ; 745.644,09 ; 5.024.462,81 
BA;IRAQUARA;2914406; 1.061.736,97 ; 1.167.910,66 ; 1.274.084,36 ; 1.380.258,06 ; 1.490.186,20 ; 1.591.690,67 ; 1.591.690,67 ; 1.697.803,38 ; 1.799.055,52 ; 1.799.053,29 ; 1.799.053,29 ; 1.799.053,29 ; 3.323.561,13 ; 21.775.137,49 
BA;IRARA;2914505; 1.456.751,39 ; 1.602.426,53 ; 1.748.101,67 ; 1.893.776,81 ; 1.865.140,45 ; 1.992.185,04 ; 1.992.185,04 ; 2.124.997,37 ; 2.160.300,43 ; 2.160.297,76 ; 2.160.297,76 ; 2.160.297,76 ; 3.990.922,16 ; 27.307.680,17 
BA;IRECE;2914604; 1.422.251,28 ; 1.564.476,41 ; 1.706.701,53 ; 1.848.926,66 ; 1.995.862,27 ; 2.131.811,02 ; 2.131.811,02 ; 2.273.931,76 ; 2.366.397,10 ; 2.366.394,17 ; 2.366.394,17 ; 2.366.394,17 ; 4.371.663,55 ; 28.913.015,11 
BA;ITABELA;2914653; 559.867,82 ; 615.854,60 ; 671.841,38 ; 727.828,16 ; 785.609,61 ; 839.121,64 ; 839.121,64 ; 895.063,08 ; 897.999,63 ; 897.998,52 ; 897.998,52 ; 897.998,52 ; 1.658.957,47 ; 11.185.260,59 
BA;ITABERABA;2914703; 2.381.430,55 ; 2.619.573,61 ; 2.857.716,66 ; 3.095.859,72 ; 3.342.469,91 ; 3.570.143,23 ; 3.570.143,23 ; 3.808.152,78 ; 3.823.679,12 ; 3.823.674,38 ; 3.823.674,38 ; 3.823.674,38 ; 7.063.834,98 ; 47.604.026,93 
BA;ITABUNA;2914802; 36.591,43 ; 40.250,57 ; 43.909,71 ; 47.568,85 ; 49.852,34 ; 53.248,05 ; 53.248,05 ; 56.797,92 ; 331.749,97 ; 331.749,56 ; 331.749,56 ; 331.749,56 ; 612.872,35 ; 2.321.337,92 
BA;ITACARE;2914901; 1.007.205,27 ; 1.107.925,79 ; 1.208.646,32 ; 1.309.366,84 ; 1.413.558,18 ; 1.509.843,11 ; 1.509.843,11 ; 1.610.499,32 ; 1.707.742,72 ; 1.707.740,61 ; 1.707.740,61 ; 1.707.740,61 ; 3.154.870,56 ; 20.662.723,05 
BA;ITAETE;2915007; 651.074,97 ; 716.182,47 ; 781.289,96 ; 846.397,46 ; 913.808,53 ; 976.052,87 ; 976.052,87 ; 1.041.123,06 ; 1.044.984,56 ; 1.044.983,26 ; 1.044.983,26 ; 1.044.983,26 ; 1.930.496,30 ; 13.012.412,83 
BA;ITAGI;2915106; 89.646,22 ; 98.610,85 ; 107.575,47 ; 116.540,09 ; 125.615,09 ; 134.171,39 ; 134.171,39 ; 143.116,15 ; 158.642,00 ; 158.641,80 ; 158.641,80 ; 158.641,80 ; 293.074,04 ; 1.877.088,09 
BA;ITAGIBA;2915205; 63.392,57 ; 69.731,83 ; 76.071,09 ; 82.410,34 ; 88.734,13 ; 94.778,28 ; 94.778,28 ; 101.096,83 ; 130.480,65 ; 130.480,48 ; 130.480,48 ; 130.480,48 ; 241.048,97 ; 1.433.964,41 
BA;ITAGIMIRIM;2915304; 279.290,89 ; 307.219,98 ; 335.149,07 ; 363.078,16 ; 391.963,80 ; 418.662,53 ; 418.662,53 ; 446.573,36 ; 459.007,44 ; 459.006,87 ; 459.006,87 ; 459.006,87 ; 847.966,78 ; 5.644.595,15 
BA;ITAGUACU DA BAHIA;2915353; 436.664,91 ; 480.331,40 ; 523.997,89 ; 567.664,38 ; 612.809,18 ; 654.550,85 ; 654.550,85 ; 698.187,58 ; 700.512,85 ; 700.511,99 ; 700.511,99 ; 700.511,99 ; 1.294.121,95 ; 8.724.927,81 
BA;ITAJU DO COLONIA;2915403; 360.974,75 ; 397.072,23 ; 433.169,70 ; 469.267,18 ; 506.656,13 ; 541.167,16 ; 541.167,16 ; 577.244,97 ; 579.442,69 ; 579.441,97 ; 579.441,97 ; 579.441,97 ; 1.070.457,89 ; 7.214.945,77 
BA;ITAJUIPE;2915502; 519.322,18 ; 571.254,40 ; 623.186,61 ; 675.118,83 ; 728.809,20 ; 778.452,25 ; 778.452,25 ; 830.349,07 ; 833.292,21 ; 833.291,17 ; 833.291,17 ; 833.291,17 ; 1.539.417,51 ; 10.377.528,02 
BA;ITAMARAJU;2915601; 1.259.058,75 ; 1.384.964,62 ; 1.510.870,50 ; 1.636.776,37 ; 1.766.862,46 ; 1.887.212,81 ; 1.887.212,81 ; 2.013.027,00 ; 2.109.428,60 ; 2.109.425,99 ; 2.109.425,99 ; 2.109.425,99 ; 3.896.941,93 ; 25.680.633,82 
BA;ITAMARI;2915700; 375.025,89 ; 412.528,48 ; 450.031,07 ; 487.533,66 ; 526.385,49 ; 562.240,39 ; 562.240,39 ; 599.723,08 ; 608.478,77 ; 608.478,01 ; 608.478,01 ; 608.478,01 ; 1.124.098,90 ; 7.533.720,15 
BA;ITAMBE;2915809; 472.119,18 ; 519.331,10 ; 566.543,02 ; 613.754,94 ; 662.493,54 ; 707.619,48 ; 707.619,48 ; 754.794,11 ; 795.164,12 ; 795.163,13 ; 795.163,13 ; 795.163,13 ; 1.468.979,96 ; 9.653.908,32 
BA;ITANAGRA;2915908; 76.034,76 ; 83.638,24 ; 91.241,72 ; 98.845,20 ; 106.627,78 ; 113.890,76 ; 113.890,76 ; 121.483,48 ; 121.577,61 ; 121.577,46 ; 121.577,46 ; 121.577,46 ; 224.601,57 ; 1.516.564,26 
BA;ITANHEM;2916005; 122.036,51 ; 134.240,16 ; 146.443,81 ; 158.647,46 ; 171.144,98 ; 182.802,57 ; 182.802,57 ; 194.989,41 ; 195.165,90 ; 195.165,65 ; 195.165,65 ; 195.165,65 ; 360.547,99 ; 2.434.318,31 
BA;ITAPARICA;2916104; 319.103,56 ; 351.013,92 ; 382.924,27 ; 414.834,63 ; 447.684,94 ; 478.179,14 ; 478.179,14 ; 510.057,75 ; 534.646,97 ; 534.646,30 ; 534.646,30 ; 534.646,30 ; 987.702,62 ; 6.508.265,84 
BA;ITAPE;2916203; 384.638,48 ; 423.102,33 ; 461.566,17 ; 500.030,02 ; 539.837,06 ; 576.608,22 ; 576.608,22 ; 615.048,77 ; 619.313,66 ; 619.312,89 ; 619.312,89 ; 619.312,89 ; 1.144.115,20 ; 7.698.806,80 
BA;ITAPEBI;2916302; 11.809,31 ; 12.990,24 ; 14.171,17 ; 15.352,11 ; 16.453,19 ; 17.573,91 ; 17.573,91 ; 18.745,50 ; 40.848,00 ; 40.847,95 ; 40.847,95 ; 40.847,95 ; 75.462,28 ; 363.523,47 
BA;ITAPETINGA;2916401; 1.075.597,94 ; 1.183.157,73 ; 1.290.717,52 ; 1.398.277,32 ; 1.509.274,95 ; 1.612.079,65 ; 1.612.079,65 ; 1.719.551,63 ; 1.796.847,74 ; 1.796.845,52 ; 1.796.845,52 ; 1.796.845,52 ; 3.319.482,49 ; 21.907.603,18 
BA;ITAPICURU;2916500; 2.309.676,04 ; 2.540.643,64 ; 2.771.611,24 ; 3.002.578,85 ; 3.241.836,51 ; 3.462.655,16 ; 3.462.655,16 ; 3.693.498,84 ; 3.784.527,00 ; 3.784.522,31 ; 3.784.522,31 ; 3.784.522,31 ; 6.991.505,66 ; 46.614.755,03 
BA;ITAPITANGA;2916609; 110.330,97 ; 121.364,06 ; 132.397,16 ; 143.430,26 ; 154.748,29 ; 165.289,01 ; 165.289,01 ; 176.308,28 ; 177.254,08 ; 177.253,86 ; 177.253,86 ; 177.253,86 ; 327.457,84 ; 2.205.630,54 
BA;ITAQUARA;2916708; 618.916,93 ; 680.808,62 ; 742.700,31 ; 804.592,01 ; 868.770,67 ; 927.947,24 ; 927.947,24 ; 989.810,39 ; 1.016.414,37 ; 1.016.413,11 ; 1.016.413,11 ; 1.016.413,11 ; 1.877.715,98 ; 12.504.863,09 
BA;ITARANTIM;2916807; 301.890,55 ; 332.079,61 ; 362.268,66 ; 392.457,72 ; 423.611,89 ; 452.466,34 ; 452.466,34 ; 482.630,76 ; 489.307,37 ; 489.306,77 ; 489.306,77 ; 489.306,77 ; 903.942,65 ; 6.061.042,20 
BA;ITATIM;2916856; 958.078,74 ; 1.053.886,61 ; 1.149.694,48 ; 1.245.502,36 ; 1.344.715,40 ; 1.436.311,09 ; 1.436.311,09 ; 1.532.065,16 ; 1.537.986,11 ; 1.537.984,21 ; 1.537.984,21 ; 1.537.984,21 ; 2.841.263,51 ; 19.149.767,18 
BA;ITIRUCU;2916906; 556.865,37 ; 612.551,90 ; 668.238,44 ; 723.924,97 ; 781.636,53 ; 834.877,93 ; 834.877,93 ; 890.536,46 ; 894.056,53 ; 894.055,42 ; 894.055,42 ; 894.055,42 ; 1.651.673,05 ; 11.131.405,37 
BA;ITIUBA;2917003; 1.827.751,80 ; 2.010.526,98 ; 2.193.302,16 ; 2.376.077,34 ; 2.422.178,81 ; 2.587.166,24 ; 2.587.166,24 ; 2.759.643,99 ; 2.769.679,29 ; 2.769.675,86 ; 2.769.675,86 ; 2.769.675,86 ; 5.116.683,92 ; 34.959.204,35 
BA;ITORORO;2917102; 472.432,02 ; 519.675,23 ; 566.918,43 ; 614.161,63 ; 663.041,61 ; 708.204,88 ; 708.204,88 ; 755.418,54 ; 771.350,84 ; 771.349,89 ; 771.349,89 ; 771.349,89 ; 1.424.987,50 ; 9.518.445,23 
BA;ITUACU;2917201; 443.457,70 ; 487.803,46 ; 532.149,23 ; 576.495,00 ; 622.323,68 ; 664.713,44 ; 664.713,44 ; 709.027,67 ; 732.164,78 ; 732.163,88 ; 732.163,88 ; 732.163,88 ; 1.352.595,49 ; 8.981.935,53 
BA;ITUBERA;2917300; 729.189,29 ; 802.108,21 ; 875.027,14 ; 947.946,07 ; 1.023.378,47 ; 1.093.086,20 ; 1.093.086,20 ; 1.165.958,61 ; 1.171.991,29 ; 1.171.989,84 ; 1.171.989,84 ; 1.171.989,84 ; 2.165.127,54 ; 14.582.868,54 
BA;IUIU;2917334; 356.411,07 ; 392.052,18 ; 427.693,28 ; 463.334,39 ; 500.207,12 ; 534.278,87 ; 534.278,87 ; 569.897,46 ; 574.408,72 ; 574.408,01 ; 574.408,01 ; 574.408,01 ; 1.061.158,15 ; 7.136.944,14 
BA;JABORANDI;2917359; 26.340,32 ; 28.974,35 ; 31.608,39 ; 34.242,42 ; 36.837,06 ; 39.346,22 ; 39.346,22 ; 41.969,30 ; 41.599,32 ; 41.599,27 ; 41.599,27 ; 41.599,27 ; 76.850,28 ; 521.911,69 
BA;JACARACI;2917409; 760.547,57 ; 836.602,33 ; 912.657,08 ; 988.711,84 ; 1.067.495,99 ; 1.140.208,79 ; 1.140.208,79 ; 1.216.222,71 ; 1.220.886,21 ; 1.220.884,70 ; 1.220.884,70 ; 1.220.884,70 ; 2.255.455,65 ; 15.201.651,06 
BA;JACOBINA;2917508; 909.734,89 ; 1.000.708,38 ; 1.091.681,87 ; 1.182.655,36 ; 1.276.335,68 ; 1.363.273,66 ; 1.363.273,66 ; 1.454.158,57 ; 1.521.992,47 ; 1.521.990,58 ; 1.521.990,58 ; 1.521.990,58 ; 2.811.717,01 ; 18.541.503,29 
BA;JAGUAQUARA;2917607; 1.258.905,76 ; 1.384.796,34 ; 1.510.686,91 ; 1.636.577,49 ; 1.766.779,83 ; 1.887.124,56 ; 1.887.124,56 ; 2.012.932,86 ; 2.026.355,53 ; 2.026.353,02 ; 2.026.353,02 ; 2.026.353,02 ; 3.743.473,37 ; 25.193.816,27 
BA;JAGUARARI;2917706; 702.877,71 ; 773.165,49 ; 843.453,26 ; 913.741,03 ; 986.347,34 ; 1.053.532,68 ; 1.053.532,68 ; 1.123.768,19 ; 1.197.617,14 ; 1.197.615,65 ; 1.197.615,65 ; 1.197.615,65 ; 2.212.468,54 ; 14.453.351,01 
BA;JAGUARIPE;2917805; 517.770,94 ; 569.548,03 ; 621.325,12 ; 673.102,21 ; 726.591,14 ; 776.083,11 ; 776.083,11 ; 827.821,98 ; 832.972,10 ; 832.971,07 ; 832.971,07 ; 832.971,07 ; 1.538.826,15 ; 10.359.037,10 
BA;JANDAIRA;2917904; 914.557,94 ; 1.006.013,73 ; 1.097.469,52 ; 1.188.925,31 ; 1.283.701,65 ; 1.371.141,37 ; 1.371.141,37 ; 1.462.550,79 ; 1.468.311,26 ; 1.468.309,44 ; 1.468.309,44 ; 1.468.309,44 ; 2.712.546,74 ; 18.281.288,00 
BA;JEQUIE;2918001; 2.037.207,59 ; 2.240.928,34 ; 2.444.649,10 ; 2.648.369,86 ; 2.858.520,29 ; 3.053.229,24 ; 3.053.229,24 ; 3.256.777,86 ; 3.358.424,67 ; 3.358.420,52 ; 3.358.420,52 ; 3.358.420,52 ; 6.204.327,54 ; 41.230.925,29 
BA;JEREMOABO;2918100; 1.291.731,76 ; 1.420.904,93 ; 1.550.078,11 ; 1.679.251,28 ; 1.812.888,82 ; 1.936.374,27 ; 1.936.374,27 ; 2.065.465,89 ; 2.158.776,51 ; 2.158.773,83 ; 2.158.773,83 ; 2.158.773,83 ; 3.988.106,87 ; 26.316.274,20 
BA;JIQUIRICA;2918209; 415.294,02 ; 456.823,42 ; 498.352,82 ; 539.882,23 ; 582.766,31 ; 622.461,61 ; 622.461,61 ; 663.959,05 ; 674.752,80 ; 674.751,97 ; 674.751,97 ; 674.751,97 ; 1.246.533,03 ; 8.347.542,81 
BA;JITAUNA;2918308; 1.020.860,18 ; 1.122.946,20 ; 1.225.032,22 ; 1.327.118,24 ; 1.432.827,49 ; 1.530.424,95 ; 1.530.424,95 ; 1.632.453,28 ; 1.656.932,10 ; 1.656.930,05 ; 1.656.930,05 ; 1.656.930,05 ; 3.061.003,40 ; 20.510.813,16 
BA;JOAO DOURADO;2918357; 1.006.514,52 ; 1.107.165,97 ; 1.207.817,42 ; 1.308.468,87 ; 1.412.658,93 ; 1.508.882,61 ; 1.508.882,61 ; 1.609.474,78 ; 1.646.525,81 ; 1.646.523,77 ; 1.646.523,77 ; 1.646.523,77 ; 3.041.778,93 ; 20.297.741,76 
BA;JUAZEIRO;2918407; 6.439.745,93 ; 7.083.720,52 ; 7.727.695,11 ; 8.371.669,71 ; 9.037.947,56 ; 9.653.570,03 ; 9.653.570,03 ; 10.297.141,36 ; 10.628.861,00 ; 10.628.847,85 ; 10.628.847,85 ; 10.628.847,85 ; 19.635.674,95 ; 130.416.139,75 
BA;JUCURUCU;2918456; 195.737,06 ; 215.310,76 ; 234.884,47 ; 254.458,17 ; 274.677,85 ; 293.387,62 ; 293.387,62 ; 312.946,79 ; 314.100,93 ; 314.100,54 ; 314.100,54 ; 314.100,54 ; 580.267,62 ; 3.911.460,51 
BA;JUSSARA;2918506; 1.239.024,53 ; 1.362.926,98 ; 1.486.829,44 ; 1.610.731,89 ; 1.739.190,53 ; 1.857.656,00 ; 1.857.656,00 ; 1.981.499,73 ; 1.989.532,40 ; 1.989.529,94 ; 1.989.529,94 ; 1.989.529,94 ; 3.675.446,64 ; 24.769.083,96 
BA;JUSSARI;2918555; 261.081,48 ; 287.189,63 ; 313.297,78 ; 339.405,93 ; 366.387,36 ; 391.343,95 ; 391.343,95 ; 417.433,54 ; 418.781,78 ; 418.781,26 ; 418.781,26 ; 418.781,26 ; 773.654,21 ; 5.216.263,39 
BA;JUSSIAPE;2918605; 260.190,40 ; 286.209,44 ; 312.228,48 ; 338.247,52 ; 365.197,17 ; 390.072,68 ; 390.072,68 ; 416.077,53 ; 417.660,49 ; 417.659,97 ; 417.659,97 ; 417.659,97 ; 771.582,77 ; 5.200.519,07 
BA;LAFAIETE COUTINHO;2918704; 172.457,05 ; 189.702,76 ; 206.948,46 ; 224.194,17 ; 242.025,64 ; 258.511,29 ; 258.511,29 ; 275.745,38 ; 276.671,36 ; 276.671,01 ; 276.671,01 ; 276.671,01 ; 511.120,55 ; 3.445.900,98 
BA;LAGOA REAL;2918753; 786.294,88 ; 864.924,36 ; 943.553,85 ; 1.022.183,34 ; 1.103.708,14 ; 1.178.887,55 ; 1.178.887,55 ; 1.257.480,05 ; 1.281.207,57 ; 1.281.205,98 ; 1.281.205,98 ; 1.281.205,98 ; 2.366.892,86 ; 15.827.638,09 
BA;LAJE;2918803; 373.417,05 ; 410.758,75 ; 448.100,45 ; 485.442,16 ; 523.914,10 ; 559.600,66 ; 559.600,66 ; 596.907,37 ; 643.425,13 ; 643.424,34 ; 643.424,34 ; 643.424,34 ; 1.188.658,54 ; 7.720.097,89 
BA;LAJEDAO;2918902; 11.392,05 ; 12.531,26 ; 13.670,46 ; 14.809,67 ; 15.941,36 ; 17.027,21 ; 17.027,21 ; 18.162,36 ; 18.040,16 ; 18.040,14 ; 18.040,14 ; 18.040,14 ; 33.327,30 ; 226.049,46 
BA;LAJEDINHO;2919009; 9.385,79 ; 10.324,37 ; 11.262,95 ; 12.201,53 ; 13.125,71 ; 14.019,77 ; 14.019,77 ; 14.954,42 ; 14.821,11 ; 14.821,10 ; 14.821,10 ; 14.821,10 ; 27.380,43 ; 185.959,15 
BA;LAJEDO DO TABOCAL;2919058; 277.635,22 ; 305.398,74 ; 333.162,27 ; 360.925,79 ; 389.635,92 ; 416.176,09 ; 416.176,09 ; 443.921,16 ; 445.426,14 ; 445.425,59 ; 445.425,59 ; 445.425,59 ; 822.876,81 ; 5.547.611,00 
BA;LAMARAO;2919108; 216.073,06 ; 237.680,36 ; 259.287,67 ; 280.894,98 ; 303.221,63 ; 323.875,66 ; 323.875,66 ; 345.467,37 ; 346.776,44 ; 346.776,01 ; 346.776,01 ; 346.776,01 ; 640.632,12 ; 4.318.112,98 
BA;LAPAO;2919157; 1.251.293,50 ; 1.376.422,84 ; 1.501.552,19 ; 1.626.681,54 ; 1.756.261,88 ; 1.875.890,18 ; 1.875.890,18 ; 2.000.949,52 ; 2.015.078,79 ; 2.015.076,29 ; 2.015.076,29 ; 2.015.076,29 ; 3.722.640,82 ; 25.047.890,31 
BA;LENCOIS;2919306; 71.609,20 ; 78.770,12 ; 85.931,04 ; 93.091,96 ; 100.381,05 ; 107.218,53 ; 107.218,53 ; 114.366,44 ; 117.184,26 ; 117.184,11 ; 117.184,11 ; 117.184,11 ; 216.485,33 ; 1.443.808,79 
BA;LICINIO DE ALMEIDA;2919405; 1.472.664,70 ; 1.619.931,17 ; 1.767.197,64 ; 1.914.464,10 ; 1.944.424,85 ; 2.076.869,92 ; 2.076.869,92 ; 2.215.327,92 ; 2.243.157,57 ; 2.243.154,80 ; 2.243.154,80 ; 2.243.154,80 ; 4.143.991,79 ; 28.204.363,98 
BA;LIVRAMENTO DE NOSSA SENHORA;2919504; 1.589.295,49 ; 1.748.225,04 ; 1.907.154,59 ; 2.066.084,14 ; 2.230.571,61 ; 2.382.507,65 ; 2.382.507,65 ; 2.541.341,49 ; 2.551.888,02 ; 2.551.884,86 ; 2.551.884,86 ; 2.551.884,86 ; 4.714.337,99 ; 31.769.568,25 
BA;LUIS EDUARDO MAGALHAES;2919553; 46.552,15 ; 51.207,37 ; 55.862,58 ; 60.517,80 ; 63.759,75 ; 68.102,77 ; 68.102,77 ; 72.642,95 ; 225.409,38 ; 225.409,10 ; 225.409,10 ; 225.409,10 ; 416.419,57 ; 1.804.804,39 
BA;MACAJUBA;2919603; 394.601,49 ; 434.061,64 ; 473.521,79 ; 512.981,93 ; 553.779,24 ; 591.500,08 ; 591.500,08 ; 630.933,42 ; 642.051,03 ; 642.050,23 ; 642.050,23 ; 642.050,23 ; 1.186.120,04 ; 7.937.201,43 
BA;MACARANI;2919702; 445.704,22 ; 490.274,64 ; 534.845,06 ; 579.415,48 ; 625.520,93 ; 668.128,47 ; 668.128,47 ; 712.670,37 ; 752.045,31 ; 752.044,38 ; 752.044,38 ; 752.044,38 ; 1.389.322,59 ; 9.122.188,68 
BA;MACAUBAS;2919801; 1.018.549,74 ; 1.120.404,71 ; 1.222.259,69 ; 1.324.114,66 ; 1.429.446,99 ; 1.526.814,19 ; 1.526.814,19 ; 1.628.601,80 ; 1.644.093,12 ; 1.644.091,08 ; 1.644.091,08 ; 1.644.091,08 ; 3.037.284,80 ; 20.410.657,13 
BA;MACURURE;2919900; 218.755,96 ; 240.631,56 ; 262.507,15 ; 284.382,75 ; 306.992,48 ; 327.903,37 ; 327.903,37 ; 349.763,59 ; 371.488,11 ; 371.487,65 ; 371.487,65 ; 371.487,65 ; 686.284,28 ; 4.491.075,57 
BA;MAETINGA;2919959; 192.523,54 ; 211.775,90 ; 231.028,25 ; 250.280,61 ; 270.194,17 ; 288.598,53 ; 288.598,53 ; 307.838,43 ; 308.901,06 ; 308.900,68 ; 308.900,68 ; 308.900,68 ; 570.661,44 ; 3.847.102,50 
BA;MAIQUINIQUE;2920007; 390.480,13 ; 429.528,14 ; 468.576,16 ; 507.624,17 ; 548.047,10 ; 585.377,49 ; 585.377,49 ; 624.402,65 ; 675.001,38 ; 675.000,55 ; 675.000,55 ; 675.000,55 ; 1.246.992,26 ; 8.086.408,62 
BA;MAIRI;2920106; 521.592,43 ; 573.751,67 ; 625.910,91 ; 678.070,15 ; 732.043,22 ; 781.906,56 ; 781.906,56 ; 834.033,67 ; 855.739,60 ; 855.738,54 ; 855.738,54 ; 855.738,54 ; 1.580.886,63 ; 10.533.057,02 
BA;MALHADA;2920205; 750.388,80 ; 825.427,68 ; 900.466,56 ; 975.505,44 ; 1.053.220,42 ; 1.124.960,84 ; 1.124.960,84 ; 1.199.958,23 ; 1.204.492,64 ; 1.204.491,15 ; 1.204.491,15 ; 1.204.491,15 ; 2.225.170,31 ; 14.998.025,21 
BA;MALHADA DE PEDRAS;2920304; 376.442,62 ; 414.086,88 ; 451.731,15 ; 489.375,41 ; 528.301,59 ; 564.287,01 ; 564.287,01 ; 601.906,14 ; 610.085,46 ; 610.084,71 ; 610.084,71 ; 610.084,71 ; 1.127.067,10 ; 7.557.824,50 
BA;MANOEL VITORINO;2920403; 982.951,06 ; 1.081.246,16 ; 1.179.541,27 ; 1.277.836,37 ; 1.379.744,41 ; 1.473.726,10 ; 1.473.726,10 ; 1.571.974,51 ; 1.591.195,90 ; 1.591.193,93 ; 1.591.193,93 ; 1.591.193,93 ; 2.939.562,90 ; 19.725.086,57 
BA;MANSIDAO;2920452; 587.783,47 ; 646.561,82 ; 705.340,17 ; 764.118,51 ; 825.019,81 ; 881.216,28 ; 881.216,28 ; 939.964,03 ; 957.401,88 ; 957.400,69 ; 957.400,69 ; 957.400,69 ; 1.768.696,73 ; 11.829.521,05 
BA;MARACAS;2920502; 392.173,52 ; 431.390,87 ; 470.608,22 ; 509.825,57 ; 550.215,21 ; 587.693,29 ; 587.693,29 ; 626.872,84 ; 628.344,50 ; 628.343,72 ; 628.343,72 ; 628.343,72 ; 1.160.798,69 ; 7.830.647,16 
BA;MARAGOGIPE;2920601; 944.925,95 ; 1.039.418,55 ; 1.133.911,14 ; 1.228.403,73 ; 1.326.087,47 ; 1.416.414,31 ; 1.416.414,31 ; 1.510.841,93 ; 1.598.482,73 ; 1.598.480,76 ; 1.598.480,76 ; 1.598.480,76 ; 2.953.024,51 ; 19.363.366,91 
BA;MARAU;2920700; 856.235,57 ; 941.859,13 ; 1.027.482,69 ; 1.113.106,24 ; 1.201.647,39 ; 1.283.497,95 ; 1.283.497,95 ; 1.369.064,48 ; 1.414.046,89 ; 1.414.045,14 ; 1.414.045,14 ; 1.414.045,14 ; 2.612.299,16 ; 17.344.872,87 
BA;MARCIONILIO SOUZA;2920809; 451.180,33 ; 496.298,36 ; 541.416,39 ; 586.534,42 ; 633.227,63 ; 676.360,12 ; 676.360,12 ; 721.450,79 ; 735.443,36 ; 735.442,45 ; 735.442,45 ; 735.442,45 ; 1.358.652,29 ; 9.083.251,16 
BA;MASCOTE;2920908; 192.436,52 ; 211.680,17 ; 230.923,82 ; 250.167,48 ; 269.975,74 ; 288.365,22 ; 288.365,22 ; 307.589,57 ; 308.625,39 ; 308.625,01 ; 308.625,01 ; 308.625,01 ; 570.152,18 ; 3.844.156,34 
BA;MATINA;2921054; 463.107,88 ; 509.418,66 ; 555.729,45 ; 602.040,24 ; 649.988,80 ; 694.262,98 ; 694.262,98 ; 740.547,17 ; 748.324,41 ; 748.323,49 ; 748.323,49 ; 748.323,49 ; 1.382.448,66 ; 9.285.101,70 
BA;MEDEIROS NETO;2921104; 1.053.600,64 ; 1.158.960,70 ; 1.264.320,76 ; 1.369.680,82 ; 1.478.828,90 ; 1.579.559,77 ; 1.579.559,77 ; 1.684.863,75 ; 1.738.881,39 ; 1.738.879,24 ; 1.738.879,24 ; 1.738.879,24 ; 3.212.395,89 ; 21.337.290,11 
BA;MIGUEL CALMON;2921203; 622.097,50 ; 684.307,25 ; 746.517,00 ; 808.726,75 ; 873.054,73 ; 932.523,11 ; 932.523,11 ; 994.691,32 ; 1.035.592,05 ; 1.035.590,76 ; 1.035.590,76 ; 1.035.590,76 ; 1.913.144,66 ; 12.649.949,76 
BA;MILAGRES;2921302; 305.542,31 ; 336.096,54 ; 366.650,77 ; 397.205,00 ; 428.811,01 ; 458.019,60 ; 458.019,60 ; 488.554,25 ; 522.609,78 ; 522.609,13 ; 522.609,13 ; 522.609,13 ; 965.465,20 ; 6.294.801,45 
BA;MIRANGABA;2921401; 1.073.184,70 ; 1.180.503,17 ; 1.287.821,64 ; 1.395.140,11 ; 1.506.312,32 ; 1.608.915,23 ; 1.608.915,23 ; 1.716.176,24 ; 1.735.467,95 ; 1.735.465,80 ; 1.735.465,80 ; 1.735.465,80 ; 3.206.089,94 ; 21.524.923,93 
BA;MIRANTE;2921450; 190.276,95 ; 209.304,65 ; 228.332,34 ; 247.360,04 ; 267.019,79 ; 285.207,92 ; 285.207,92 ; 304.221,78 ; 305.186,93 ; 305.186,56 ; 305.186,56 ; 305.186,56 ; 563.799,98 ; 3.801.477,98 
BA;MONTE SANTO;2921500; 3.014.442,30 ; 3.315.886,53 ; 3.617.330,76 ; 3.918.774,99 ; 4.197.953,23 ; 4.483.898,05 ; 4.483.898,05 ; 4.782.824,59 ; 4.812.835,72 ; 4.812.829,76 ; 4.812.829,76 ; 4.812.829,76 ; 8.891.195,16 ; 59.957.528,66 
BA;MORPARA;2921609; 77.038,94 ; 84.742,83 ; 92.446,72 ; 100.150,62 ; 108.040,19 ; 115.399,38 ; 115.399,38 ; 123.092,67 ; 127.118,70 ; 127.118,54 ; 127.118,54 ; 127.118,54 ; 234.838,12 ; 1.559.623,17 
BA;MORRO DO CHAPEU;2921708; 804.433,45 ; 884.876,79 ; 965.320,14 ; 1.045.763,48 ; 1.128.823,43 ; 1.205.713,57 ; 1.205.713,57 ; 1.286.094,48 ; 1.325.390,70 ; 1.325.389,06 ; 1.325.389,06 ; 1.325.389,06 ; 2.448.516,41 ; 16.276.813,20 
BA;MORTUGABA;2921807; 619.801,88 ; 681.782,07 ; 743.762,25 ; 805.742,44 ; 869.972,37 ; 929.230,80 ; 929.230,80 ; 991.179,52 ; 995.080,99 ; 995.079,76 ; 995.079,76 ; 995.079,76 ; 1.838.304,83 ; 12.389.327,23 
BA;MUCUGE;2921906; 123.513,73 ; 135.865,11 ; 148.216,48 ; 160.567,85 ; 173.245,43 ; 185.046,09 ; 185.046,09 ; 197.382,50 ; 197.878,35 ; 197.878,11 ; 197.878,11 ; 197.878,11 ; 365.558,94 ; 2.465.954,90 
BA;MULUNGU DO MORRO;2922052; 754.536,54 ; 829.990,19 ; 905.443,84 ; 980.897,50 ; 1.059.037,95 ; 1.131.174,63 ; 1.131.174,63 ; 1.206.586,28 ; 1.211.129,52 ; 1.211.128,02 ; 1.211.128,02 ; 1.211.128,02 ; 2.237.431,22 ; 15.080.786,36 
BA;MUNDO NOVO;2922102; 289.896,36 ; 318.886,00 ; 347.875,64 ; 376.865,27 ; 406.711,92 ; 434.415,22 ; 434.415,22 ; 463.376,23 ; 469.577,60 ; 469.577,02 ; 469.577,02 ; 469.577,02 ; 867.494,05 ; 5.818.244,57 
BA;MUNIZ FERREIRA;2922201; 49.204,70 ; 54.125,17 ; 59.045,64 ; 63.966,12 ; 68.987,89 ; 73.687,02 ; 73.687,02 ; 78.599,49 ; 92.361,54 ; 92.361,42 ; 92.361,42 ; 92.361,42 ; 170.628,02 ; 1.061.376,87 
BA;MUQUEM DE SAO FRANCISCO;2922250; 681.022,70 ; 749.124,97 ; 817.227,24 ; 885.329,50 ; 955.849,82 ; 1.020.957,81 ; 1.020.957,81 ; 1.089.021,67 ; 1.119.847,73 ; 1.119.846,35 ; 1.119.846,35 ; 1.119.846,35 ; 2.068.797,93 ; 13.767.676,23 
BA;MURITIBA;2922300; 1.343.775,89 ; 1.478.153,48 ; 1.612.531,07 ; 1.746.908,65 ; 1.886.109,49 ; 2.014.582,40 ; 2.014.582,40 ; 2.148.887,89 ; 2.157.130,85 ; 2.157.128,18 ; 2.157.128,18 ; 2.157.128,18 ; 3.985.066,71 ; 26.859.113,37 
BA;MUTUIPE;2922409; 367.464,42 ; 404.210,86 ; 440.957,31 ; 477.703,75 ; 515.618,56 ; 550.740,07 ; 550.740,07 ; 587.456,08 ; 589.112,59 ; 589.111,86 ; 589.111,86 ; 589.111,86 ; 1.088.321,98 ; 7.339.661,27 
BA;NILO PECANHA;2922607; 1.119.551,08 ; 1.231.506,18 ; 1.343.461,29 ; 1.455.416,40 ; 1.571.456,79 ; 1.678.497,04 ; 1.678.497,04 ; 1.790.396,84 ; 1.833.504,52 ; 1.833.502,25 ; 1.833.502,25 ; 1.833.502,25 ; 3.387.201,93 ; 22.589.995,86 
BA;NORDESTINA;2922656; 1.017.975,41 ; 1.119.772,95 ; 1.221.570,50 ; 1.323.368,04 ; 1.428.793,23 ; 1.526.115,91 ; 1.526.115,91 ; 1.627.856,97 ; 1.670.434,46 ; 1.670.432,39 ; 1.670.432,39 ; 1.670.432,39 ; 3.085.947,58 ; 20.559.248,13 
BA;NOVA CANAA;2922706; 694.391,31 ; 763.830,44 ; 833.269,57 ; 902.708,70 ; 974.577,86 ; 1.040.961,52 ; 1.040.961,52 ; 1.110.358,96 ; 1.114.371,00 ; 1.114.369,62 ; 1.114.369,62 ; 1.114.369,62 ; 2.058.680,29 ; 13.877.220,03 
BA;NOVA FATIMA;2922730; 558.914,16 ; 614.805,58 ; 670.696,99 ; 726.588,41 ; 784.526,00 ; 837.964,22 ; 837.964,22 ; 893.828,51 ; 897.415,94 ; 897.414,83 ; 897.414,83 ; 897.414,83 ; 1.657.879,21 ; 11.172.827,73 
BA;NOVA IBIA;2922755; 191.571,14 ; 210.728,25 ; 229.885,37 ; 249.042,48 ; 268.821,61 ; 287.132,47 ; 287.132,47 ; 306.274,63 ; 307.189,43 ; 307.189,05 ; 307.189,05 ; 307.189,05 ; 567.499,38 ; 3.826.844,38 
BA;NOVA ITARANA;2922805; 473.038,81 ; 520.342,69 ; 567.646,57 ; 614.950,45 ; 663.938,45 ; 709.162,81 ; 709.162,81 ; 756.440,33 ; 764.272,24 ; 764.271,30 ; 764.271,30 ; 764.271,30 ; 1.411.910,56 ; 9.483.679,62 
BA;NOVA REDENCAO;2922854; 334.816,63 ; 368.298,29 ; 401.779,97 ; 435.261,63 ; 469.942,97 ; 501.953,28 ; 501.953,28 ; 535.416,83 ; 539.061,75 ; 539.061,08 ; 539.061,08 ; 539.061,08 ; 995.858,46 ; 6.701.526,33 
BA;NOVA SOURE;2922904; 821.521,89 ; 903.674,08 ; 985.826,27 ; 1.067.978,46 ; 1.152.980,82 ; 1.231.516,45 ; 1.231.516,45 ; 1.313.617,55 ; 1.328.533,18 ; 1.328.531,54 ; 1.328.531,54 ; 1.328.531,54 ; 2.454.321,82 ; 16.477.081,59 
BA;NOVA VICOSA;2923001; 890.188,43 ; 979.207,27 ; 1.068.226,11 ; 1.157.244,95 ; 1.249.180,15 ; 1.334.268,42 ; 1.334.268,42 ; 1.423.219,65 ; 1.457.013,70 ; 1.457.011,90 ; 1.457.011,90 ; 1.457.011,90 ; 2.691.675,71 ; 17.955.528,51 
BA;NOVO HORIZONTE;2923035; 965.441,82 ; 1.061.986,00 ; 1.158.530,18 ; 1.255.074,36 ; 1.355.157,08 ; 1.447.464,00 ; 1.447.464,00 ; 1.543.961,60 ; 1.550.174,51 ; 1.550.172,59 ; 1.550.172,59 ; 1.550.172,59 ; 2.863.780,28 ; 19.299.551,60 
BA;NOVO TRIUNFO;2923050; 227.111,24 ; 249.822,37 ; 272.533,49 ; 295.244,62 ; 318.610,27 ; 340.312,51 ; 340.312,51 ; 363.000,01 ; 366.591,79 ; 366.591,34 ; 366.591,34 ; 366.591,34 ; 677.238,86 ; 4.550.551,69 
BA;OLINDINA;2923100; 1.271.475,96 ; 1.398.623,55 ; 1.525.771,15 ; 1.652.918,75 ; 1.784.654,95 ; 1.906.217,25 ; 1.906.217,25 ; 2.033.298,40 ; 2.110.414,73 ; 2.110.412,12 ; 2.110.412,12 ; 2.110.412,12 ; 3.898.763,68 ; 25.819.592,03 
BA;OLIVEIRA DOS BREJINHOS;2923209; 1.096.378,93 ; 1.206.016,82 ; 1.315.654,71 ; 1.425.292,60 ; 1.538.856,00 ; 1.643.675,63 ; 1.643.675,63 ; 1.753.254,01 ; 1.765.857,31 ; 1.765.855,13 ; 1.765.855,13 ; 1.765.855,13 ; 3.262.231,01 ; 21.948.458,04 
BA;OURICANGAS;2923308; 257.317,74 ; 283.049,52 ; 308.781,29 ; 334.513,07 ; 361.108,84 ; 385.705,88 ; 385.705,88 ; 411.419,60 ; 417.495,13 ; 417.494,61 ; 417.494,61 ; 417.494,61 ; 771.277,28 ; 5.168.858,06 
BA;OUROLANDIA;2923357; 742.581,13 ; 816.839,24 ; 891.097,36 ; 965.355,47 ; 1.042.188,25 ; 1.113.177,21 ; 1.113.177,21 ; 1.187.389,02 ; 1.237.051,21 ; 1.237.049,68 ; 1.237.049,68 ; 1.237.049,68 ; 2.285.318,72 ; 15.105.323,86 
BA;PALMAS DE MONTE ALTO;2923407; 380.453,59 ; 418.498,95 ; 456.544,31 ; 494.589,67 ; 533.863,13 ; 570.227,37 ; 570.227,37 ; 608.242,53 ; 678.555,73 ; 678.554,89 ; 678.554,89 ; 678.554,89 ; 1.253.558,51 ; 8.000.425,83 
BA;PALMEIRAS;2923506; 120.644,56 ; 132.709,01 ; 144.773,47 ; 156.837,93 ; 169.247,78 ; 180.776,14 ; 180.776,14 ; 192.827,89 ; 193.220,14 ; 193.219,90 ; 193.219,90 ; 193.219,90 ; 356.953,43 ; 2.408.426,19 
BA;PARAMIRIM;2923605; 963.345,28 ; 1.059.679,80 ; 1.156.014,33 ; 1.252.348,86 ; 1.246.314,82 ; 1.331.207,92 ; 1.331.207,92 ; 1.419.955,11 ; 1.440.860,02 ; 1.440.858,24 ; 1.440.858,24 ; 1.440.858,24 ; 2.661.833,56 ; 18.185.342,34 
BA;PARATINGA;2923704; 981.201,74 ; 1.079.321,91 ; 1.177.442,08 ; 1.275.562,25 ; 1.377.079,25 ; 1.470.879,41 ; 1.470.879,41 ; 1.568.938,04 ; 1.586.603,79 ; 1.586.601,82 ; 1.586.601,82 ; 1.586.601,82 ; 2.931.079,46 ; 19.678.792,80 
BA;PARIPIRANGA;2923803; 845.344,19 ; 929.878,61 ; 1.014.413,02 ; 1.098.947,44 ; 1.186.420,99 ; 1.267.234,41 ; 1.267.234,41 ; 1.351.716,70 ; 1.374.490,24 ; 1.374.488,54 ; 1.374.488,54 ; 1.374.488,54 ; 2.539.222,52 ; 16.998.368,15 
BA;PAU BRASIL;2923902; 525.716,82 ; 578.288,50 ; 630.860,18 ; 683.431,86 ; 737.918,61 ; 788.182,15 ; 788.182,15 ; 840.727,62 ; 844.063,96 ; 844.062,91 ; 844.062,91 ; 844.062,91 ; 1.559.317,15 ; 10.508.877,73 
BA;PAULO AFONSO;2924009; 725.431,13 ; 797.974,24 ; 870.517,35 ; 943.060,46 ; 1.017.322,80 ; 1.086.618,04 ; 1.086.618,04 ; 1.159.059,25 ; 1.159.998,64 ; 1.159.997,20 ; 1.159.997,20 ; 1.159.997,20 ; 2.142.972,41 ; 14.469.563,96 
BA;PE DE SERRA;2924058; 1.215.472,84 ; 1.337.020,13 ; 1.458.567,41 ; 1.580.114,69 ; 1.706.130,69 ; 1.822.344,28 ; 1.822.344,28 ; 1.943.833,90 ; 1.951.710,44 ; 1.951.708,02 ; 1.951.708,02 ; 1.951.708,02 ; 3.605.574,62 ; 24.298.237,34 
BA;PEDRAO;2924108; 360.503,94 ; 396.554,33 ; 432.604,73 ; 468.655,12 ; 506.007,80 ; 540.474,66 ; 540.474,66 ; 576.506,31 ; 590.429,67 ; 590.428,94 ; 590.428,94 ; 590.428,94 ; 1.090.755,13 ; 7.274.253,17 
BA;PEDRO ALEXANDRE;2924207; 776.674,23 ; 854.341,65 ; 932.009,07 ; 1.009.676,50 ; 1.090.113,05 ; 1.164.366,43 ; 1.164.366,43 ; 1.241.990,85 ; 1.246.681,29 ; 1.246.679,75 ; 1.246.679,75 ; 1.246.679,75 ; 2.303.109,27 ; 15.523.368,02 
BA;PIATA;2924306; 357.171,10 ; 392.888,21 ; 428.605,32 ; 464.322,43 ; 501.152,20 ; 535.288,33 ; 535.288,33 ; 570.974,22 ; 572.493,10 ; 572.492,39 ; 572.492,39 ; 572.492,39 ; 1.057.619,28 ; 7.133.279,69 
BA;PILAO ARCADO;2924405; 958.526,82 ; 1.054.379,51 ; 1.150.232,19 ; 1.246.084,87 ; 1.345.175,69 ; 1.436.802,73 ; 1.436.802,73 ; 1.532.589,57 ; 1.537.666,39 ; 1.537.664,49 ; 1.537.664,49 ; 1.537.664,49 ; 2.840.672,88 ; 19.151.926,85 
BA;PINDAI;2924504; 1.239.767,82 ; 1.363.744,60 ; 1.487.721,39 ; 1.611.698,17 ; 1.740.215,30 ; 1.858.750,58 ; 1.858.750,58 ; 1.982.667,28 ; 2.032.657,23 ; 2.032.654,72 ; 2.032.654,72 ; 2.032.654,72 ; 3.755.115,10 ; 25.029.052,21 
BA;PINDOBACU;2924603; 2.212.132,72 ; 2.433.345,99 ; 2.654.559,26 ; 2.875.772,54 ; 3.105.121,31 ; 3.316.627,56 ; 3.316.627,56 ; 3.537.736,07 ; 3.552.081,29 ; 3.552.076,89 ; 3.552.076,89 ; 3.552.076,89 ; 6.562.087,28 ; 44.222.322,25 
BA;PINTADAS;2924652; 895.203,13 ; 984.723,45 ; 1.074.243,76 ; 1.163.764,07 ; 1.256.601,92 ; 1.342.195,73 ; 1.342.195,73 ; 1.431.675,45 ; 1.447.069,55 ; 1.447.067,76 ; 1.447.067,76 ; 1.447.067,76 ; 2.673.304,99 ; 17.952.181,06 
BA;PIRAI DO NORTE;2924678; 356.999,11 ; 392.699,02 ; 428.398,93 ; 464.098,84 ; 501.063,70 ; 535.193,81 ; 535.193,81 ; 570.873,39 ; 572.998,06 ; 572.997,35 ; 572.997,35 ; 572.997,35 ; 1.058.552,10 ; 7.135.062,82 
BA;PIRIPA;2924702; 394.848,55 ; 434.333,41 ; 473.818,26 ; 513.303,12 ; 554.185,78 ; 591.934,31 ; 591.934,31 ; 631.396,60 ; 633.741,57 ; 633.740,78 ; 633.740,78 ; 633.740,78 ; 1.170.769,20 ; 7.891.487,45 
BA;PIRITIBA;2924801; 488.371,73 ; 537.208,90 ; 586.046,07 ; 634.883,25 ; 685.392,49 ; 732.078,21 ; 732.078,21 ; 780.883,42 ; 789.624,29 ; 789.623,31 ; 789.623,31 ; 789.623,31 ; 1.458.745,73 ; 9.794.182,23 
BA;PLANALTINO;2924900; 213.235,58 ; 234.559,13 ; 255.882,69 ; 277.206,25 ; 299.236,39 ; 319.618,97 ; 319.618,97 ; 340.926,90 ; 342.001,61 ; 342.001,19 ; 342.001,19 ; 342.001,19 ; 631.811,15 ; 4.260.101,21 
BA;PLANALTO;2925006; 408.368,15 ; 449.204,97 ; 490.041,78 ; 530.878,60 ; 573.039,25 ; 612.071,99 ; 612.071,99 ; 652.876,79 ; 655.834,95 ; 655.834,13 ; 655.834,13 ; 655.834,13 ; 1.211.584,35 ; 8.163.475,21 
BA;POCOES;2925105; 1.259.535,15 ; 1.385.488,66 ; 1.511.442,18 ; 1.637.395,69 ; 1.767.662,61 ; 1.888.067,47 ; 1.888.067,47 ; 2.013.938,63 ; 2.042.217,28 ; 2.042.214,76 ; 2.042.214,76 ; 2.042.214,76 ; 3.772.776,26 ; 25.293.235,68 
BA;PONTO NOVO;2925253; 2.677.769,36 ; 2.945.546,30 ; 3.213.323,24 ; 3.481.100,17 ; 3.758.826,20 ; 4.014.859,75 ; 4.014.859,75 ; 4.282.517,07 ; 4.300.283,19 ; 4.300.277,87 ; 4.300.277,87 ; 4.300.277,87 ; 7.944.309,62 ; 53.534.228,26 
BA;PORTO SEGURO;2925303; 1.687.548,41 ; 1.856.303,25 ; 2.025.058,10 ; 2.193.812,94 ; 2.366.788,18 ; 2.528.002,66 ; 2.528.002,66 ; 2.696.536,17 ; 2.868.232,03 ; 2.868.228,48 ; 2.868.228,48 ; 2.868.228,48 ; 5.298.749,45 ; 34.653.719,29 
BA;POTIRAGUA;2925402; 443.765,74 ; 488.142,31 ; 532.518,88 ; 576.895,45 ; 622.855,60 ; 665.281,59 ; 665.281,59 ; 709.633,69 ; 713.052,00 ; 713.051,12 ; 713.051,12 ; 713.051,12 ; 1.317.286,66 ; 8.873.866,87 
BA;PRADO;2925501; 653.824,77 ; 719.207,24 ; 784.589,72 ; 849.972,19 ; 917.463,82 ; 979.957,14 ; 979.957,14 ; 1.045.287,62 ; 1.048.355,21 ; 1.048.353,92 ; 1.048.353,92 ; 1.048.353,92 ; 1.936.723,22 ; 13.060.399,83 
BA;PRESIDENTE DUTRA;2925600; 261.475,36 ; 287.622,89 ; 313.770,43 ; 339.917,96 ; 366.918,09 ; 391.910,83 ; 391.910,83 ; 418.038,21 ; 443.621,71 ; 443.621,16 ; 443.621,16 ; 443.621,16 ; 819.543,31 ; 5.365.593,10 
BA;PRESIDENTE JANIO QUADROS;2925709; 333.108,35 ; 366.419,18 ; 399.730,03 ; 433.040,86 ; 467.483,46 ; 499.326,23 ; 499.326,23 ; 532.614,64 ; 539.021,42 ; 539.020,75 ; 539.020,75 ; 539.020,75 ; 995.783,95 ; 6.682.916,60 
BA;PRESIDENTE TANCREDO NEVES;2925758; 813.848,98 ; 895.233,88 ; 976.618,78 ; 1.058.003,68 ; 1.142.149,93 ; 1.219.947,81 ; 1.219.947,81 ; 1.301.277,66 ; 1.354.824,90 ; 1.354.823,23 ; 1.354.823,23 ; 1.354.823,23 ; 2.502.892,93 ; 16.549.216,05 
BA;QUEIMADAS;2925808; 1.712.746,83 ; 1.884.021,51 ; 2.055.296,19 ; 2.226.570,87 ; 2.404.103,57 ; 2.567.859,80 ; 2.567.859,80 ; 2.739.050,45 ; 2.778.948,62 ; 2.778.945,18 ; 2.778.945,18 ; 2.778.945,18 ; 5.133.808,00 ; 34.407.101,18 
BA;QUIJINGUE;2925907; 3.360.659,96 ; 3.696.725,95 ; 4.032.791,95 ; 4.368.857,94 ; 4.717.457,07 ; 5.038.788,04 ; 5.038.788,04 ; 5.374.707,25 ; 5.397.189,85 ; 5.397.183,17 ; 5.397.183,17 ; 5.397.183,17 ; 9.970.726,43 ; 67.188.241,99 
BA;QUIXABEIRA;2925931; 1.670.681,41 ; 1.837.749,56 ; 2.004.817,70 ; 2.171.885,84 ; 2.230.697,76 ; 2.382.642,40 ; 2.382.642,40 ; 2.541.485,22 ; 2.580.707,47 ; 2.580.704,28 ; 2.580.704,28 ; 2.580.704,28 ; 4.767.578,84 ; 32.313.001,44 
BA;RAFAEL JAMBEIRO;2925956; 1.134.414,54 ; 1.247.855,99 ; 1.361.297,45 ; 1.474.738,90 ; 1.592.294,57 ; 1.700.754,18 ; 1.700.754,18 ; 1.814.137,80 ; 1.821.264,88 ; 1.821.262,63 ; 1.821.262,63 ; 1.821.262,63 ; 3.364.590,53 ; 22.675.890,91 
BA;REMANSO;2926004; 1.500.436,79 ; 1.650.480,47 ; 1.800.524,15 ; 1.950.567,83 ; 2.105.866,13 ; 2.249.307,82 ; 2.249.307,82 ; 2.399.261,67 ; 2.457.073,30 ; 2.457.070,26 ; 2.457.070,26 ; 2.457.070,26 ; 4.539.178,04 ; 30.273.214,80 
BA;RETIROLANDIA;2926103; 453.307,13 ; 498.637,84 ; 543.968,56 ; 589.299,27 ; 636.218,62 ; 679.554,84 ; 679.554,84 ; 724.858,50 ; 750.338,15 ; 750.337,22 ; 750.337,22 ; 750.337,22 ; 1.386.168,84 ; 9.192.918,25 
BA;RIACHAO DAS NEVES;2926202; 218.217,83 ; 240.039,62 ; 261.861,40 ; 283.683,18 ; 306.049,02 ; 326.895,64 ; 326.895,64 ; 348.688,68 ; 357.739,59 ; 357.739,15 ; 357.739,15 ; 357.739,15 ; 660.885,37 ; 4.404.173,42 
BA;RIACHAO DO JACUIPE;2926301; 1.052.628,48 ; 1.157.891,32 ; 1.263.154,17 ; 1.368.417,02 ; 1.558.842,00 ; 1.665.022,98 ; 1.665.022,98 ; 1.776.024,51 ; 1.782.855,46 ; 1.782.853,26 ; 1.782.853,26 ; 1.782.853,26 ; 3.293.633,25 ; 21.932.051,95 
BA;RIACHO DE SANTANA;2926400; 533.302,10 ; 586.632,31 ; 639.962,52 ; 693.292,73 ; 748.371,28 ; 799.346,81 ; 799.346,81 ; 852.636,60 ; 873.546,43 ; 873.545,35 ; 873.545,35 ; 873.545,35 ; 1.613.782,83 ; 10.760.856,47 
BA;RIBEIRA DO AMPARO;2926509; 1.405.756,99 ; 1.546.332,69 ; 1.686.908,39 ; 1.827.484,09 ; 1.973.215,93 ; 2.107.622,11 ; 2.107.622,11 ; 2.248.130,25 ; 2.257.974,26 ; 2.257.971,47 ; 2.257.971,47 ; 2.257.971,47 ; 4.171.364,03 ; 28.106.325,26 
BA;RIBEIRA DO POMBAL;2926608; 1.972.621,71 ; 2.169.883,88 ; 2.367.146,05 ; 2.564.408,22 ; 2.534.476,19 ; 2.707.112,79 ; 2.707.112,79 ; 2.887.586,97 ; 2.941.752,56 ; 2.941.748,91 ; 2.941.748,91 ; 2.941.748,91 ; 5.434.570,73 ; 37.111.918,62 
BA;RIBEIRAO DO LARGO;2926657; 327.394,62 ; 360.134,08 ; 392.873,55 ; 425.613,02 ; 459.482,30 ; 490.780,07 ; 490.780,07 ; 523.498,74 ; 541.753,21 ; 541.752,54 ; 541.752,54 ; 541.752,54 ; 1.000.830,65 ; 6.638.397,93 
BA;RIO DE CONTAS;2926707; 286.364,49 ; 315.000,94 ; 343.637,39 ; 372.273,84 ; 401.886,91 ; 429.261,56 ; 429.261,56 ; 457.878,99 ; 459.432,29 ; 459.431,72 ; 459.431,72 ; 459.431,72 ; 848.751,67 ; 5.722.044,80 
BA;RIO DO ANTONIO;2926806; 878.115,41 ; 965.926,95 ; 1.053.738,50 ; 1.141.550,04 ; 1.232.511,61 ; 1.316.464,50 ; 1.316.464,50 ; 1.404.228,80 ; 1.409.608,11 ; 1.409.606,37 ; 1.409.606,37 ; 1.409.606,37 ; 2.604.099,00 ; 17.551.526,53 
BA;RIO DO PIRES;2926905; 586.557,21 ; 645.212,93 ; 703.868,65 ; 762.524,37 ; 823.282,41 ; 879.360,54 ; 879.360,54 ; 937.984,57 ; 944.255,29 ; 944.254,12 ; 944.254,12 ; 944.254,12 ; 1.744.409,85 ; 11.739.578,72 
BA;RIO REAL;2927002; 1.954.423,10 ; 2.149.865,41 ; 2.345.307,72 ; 2.540.750,03 ; 2.743.279,72 ; 2.930.139,02 ; 2.930.139,02 ; 3.125.481,63 ; 3.137.935,93 ; 3.137.932,04 ; 3.137.932,04 ; 3.137.932,04 ; 5.796.998,35 ; 39.068.116,05 
BA;RODELAS;2927101; 218.250,83 ; 240.075,92 ; 261.901,00 ; 283.726,08 ; 306.262,91 ; 327.124,10 ; 327.124,10 ; 348.932,37 ; 349.986,87 ; 349.986,43 ; 349.986,43 ; 349.986,43 ; 646.563,04 ; 4.359.906,51 
BA;RUY BARBOSA;2927200; 552.826,77 ; 608.109,44 ; 663.392,12 ; 718.674,79 ; 775.790,36 ; 828.633,55 ; 828.633,55 ; 883.875,79 ; 886.844,03 ; 886.842,93 ; 886.842,93 ; 886.842,93 ; 1.638.348,70 ; 11.045.657,89 
BA;SALINAS DA MARGARIDA;2927309; 411.080,70 ; 452.188,77 ; 493.296,84 ; 534.404,91 ; 576.847,28 ; 616.139,40 ; 616.139,40 ; 657.215,36 ; 661.110,16 ; 661.109,34 ; 661.109,34 ; 661.109,34 ; 1.221.329,73 ; 8.223.080,57 
BA;SANTA BARBARA;2927507; 905.419,61 ; 995.961,57 ; 1.086.503,53 ; 1.177.045,49 ; 1.270.811,36 ; 1.357.373,05 ; 1.357.373,05 ; 1.447.864,59 ; 1.461.647,54 ; 1.461.645,73 ; 1.461.645,73 ; 1.461.645,73 ; 2.700.236,22 ; 18.145.173,20 
BA;SANTA BRIGIDA;2927606; 285.583,58 ; 314.141,94 ; 342.700,30 ; 371.258,66 ; 400.736,98 ; 428.033,30 ; 428.033,30 ; 456.568,86 ; 458.581,31 ; 458.580,74 ; 458.580,74 ; 458.580,74 ; 847.179,58 ; 5.708.560,03 
BA;SANTA CRUZ CABRALIA;2927705; 531.049,62 ; 584.154,58 ; 637.259,54 ; 690.364,50 ; 744.987,84 ; 795.732,91 ; 795.732,91 ; 848.781,77 ; 914.275,12 ; 914.273,99 ; 914.273,99 ; 914.273,99 ; 1.689.024,70 ; 10.974.185,46 
BA;SANTA CRUZ DA VITORIA;2927804; 177.230,23 ; 194.953,25 ; 212.676,27 ; 230.399,29 ; 248.720,10 ; 265.661,74 ; 265.661,74 ; 283.372,53 ; 284.307,48 ; 284.307,12 ; 284.307,12 ; 284.307,12 ; 525.227,45 ; 3.541.131,44 
BA;SANTA INES;2927903; 398.820,42 ; 438.702,46 ; 478.584,50 ; 518.466,55 ; 559.717,70 ; 597.843,03 ; 597.843,03 ; 637.699,23 ; 639.898,08 ; 639.897,29 ; 639.897,29 ; 639.897,29 ; 1.182.142,72 ; 7.969.409,59 
BA;SANTA LUZIA;2928059; 586.392,30 ; 645.031,53 ; 703.670,76 ; 762.309,99 ; 823.029,38 ; 879.090,27 ; 879.090,27 ; 937.696,28 ; 965.247,24 ; 965.246,04 ; 965.246,04 ; 965.246,04 ; 1.783.190,21 ; 11.860.486,35 
BA;SANTA MARIA DA VITORIA;2928109; 1.389.376,29 ; 1.528.313,92 ; 1.667.251,55 ; 1.806.189,18 ; 1.950.017,92 ; 2.082.843,96 ; 2.082.843,96 ; 2.221.700,23 ; 2.241.248,21 ; 2.241.245,44 ; 2.241.245,44 ; 2.241.245,44 ; 4.140.464,46 ; 27.833.986,00 
BA;SANTA RITA DE CASSIA;2928406; 1.083.492,83 ; 1.191.842,11 ; 1.300.191,39 ; 1.408.540,67 ; 1.520.739,34 ; 1.624.324,94 ; 1.624.324,94 ; 1.732.613,27 ; 1.773.295,55 ; 1.773.293,36 ; 1.773.293,36 ; 1.773.293,36 ; 3.275.972,35 ; 21.855.217,47 
BA;SANTA TERESINHA;2928505; 412.862,70 ; 454.148,97 ; 495.435,24 ; 536.721,51 ; 579.457,88 ; 618.927,83 ; 618.927,83 ; 660.189,68 ; 662.800,69 ; 662.799,87 ; 662.799,87 ; 662.799,87 ; 1.224.452,80 ; 8.252.324,74 
BA;SANTALUZ;2928000; 997.833,72 ; 1.097.617,09 ; 1.197.400,46 ; 1.297.183,84 ; 1.400.231,29 ; 1.495.608,46 ; 1.495.608,46 ; 1.595.315,69 ; 1.601.378,13 ; 1.601.376,15 ; 1.601.376,15 ; 1.601.376,15 ; 2.958.373,44 ; 19.940.679,03 
BA;SANTANA;2928208; 456.879,79 ; 502.567,77 ; 548.255,75 ; 593.943,73 ; 641.145,18 ; 684.816,97 ; 684.816,97 ; 730.471,44 ; 749.093,05 ; 749.092,13 ; 749.092,13 ; 749.092,13 ; 1.383.868,63 ; 9.223.135,67 
BA;SANTANOPOLIS;2928307; 268.078,67 ; 294.886,54 ; 321.694,41 ; 348.502,27 ; 376.229,66 ; 401.856,66 ; 401.856,66 ; 428.647,10 ; 435.698,06 ; 435.697,52 ; 435.697,52 ; 435.697,52 ; 804.905,22 ; 5.389.447,81 
BA;SANTO AMARO;2928604; 1.308.974,10 ; 1.439.871,51 ; 1.570.768,92 ; 1.701.666,33 ; 1.836.947,67 ; 1.962.071,90 ; 1.962.071,90 ; 2.092.876,70 ; 2.138.453,86 ; 2.138.451,22 ; 2.138.451,22 ; 2.138.451,22 ; 3.950.562,97 ; 26.379.619,52 
BA;SANTO ANTONIO DE JESUS;2928703; 1.106.698,98 ; 1.217.368,88 ; 1.328.038,77 ; 1.438.708,67 ; 1.552.824,03 ; 1.658.595,10 ; 1.658.595,10 ; 1.769.168,10 ; 1.904.612,66 ; 1.904.610,31 ; 1.904.610,31 ; 1.904.610,31 ; 3.518.566,56 ; 22.867.007,78 
BA;SANTO ESTEVAO;2928802; 1.442.146,04 ; 1.586.360,64 ; 1.730.575,25 ; 1.874.789,85 ; 2.023.968,33 ; 2.161.831,53 ; 2.161.831,53 ; 2.305.953,63 ; 2.314.133,52 ; 2.314.130,66 ; 2.314.130,66 ; 2.314.130,66 ; 4.275.112,21 ; 28.819.094,51 
BA;SAO DOMINGOS;2928950; 291.554,47 ; 320.709,92 ; 349.865,37 ; 379.020,81 ; 409.193,02 ; 437.065,32 ; 437.065,32 ; 466.203,01 ; 478.439,96 ; 478.439,37 ; 478.439,37 ; 478.439,37 ; 883.866,28 ; 5.888.301,59 
BA;SAO FELIPE;2929107; 1.129.617,20 ; 1.242.578,92 ; 1.355.540,64 ; 1.468.502,36 ; 1.585.447,20 ; 1.693.440,41 ; 1.693.440,41 ; 1.806.336,43 ; 1.862.248,54 ; 1.862.246,24 ; 1.862.246,24 ; 1.862.246,24 ; 3.440.303,41 ; 22.864.194,24 
BA;SAO FELIX;2929008; 321.521,53 ; 353.673,68 ; 385.825,83 ; 417.977,99 ; 451.202,74 ; 481.936,54 ; 481.936,54 ; 514.065,65 ; 515.714,62 ; 515.713,98 ; 515.713,98 ; 515.713,98 ; 952.727,22 ; 6.423.724,28 
BA;SAO FELIX DO CORIBE;2929057; 879.226,45 ; 967.149,10 ; 1.055.071,74 ; 1.142.994,39 ; 1.234.083,64 ; 1.318.143,61 ; 1.318.143,61 ; 1.406.019,85 ; 1.411.455,96 ; 1.411.454,21 ; 1.411.454,21 ; 1.411.454,21 ; 2.607.512,71 ; 17.574.163,69 
BA;SAO GABRIEL;2929255; 659.340,23 ; 725.274,25 ; 791.208,27 ; 857.142,29 ; 925.386,06 ; 988.419,00 ; 988.419,00 ; 1.054.313,60 ; 1.059.609,82 ; 1.059.608,51 ; 1.059.608,51 ; 1.059.608,51 ; 1.957.514,89 ; 13.185.452,94 
BA;SAO GONCALO DOS CAMPOS;2929305; 212.689,22 ; 233.958,14 ; 255.227,07 ; 276.495,99 ; 298.273,43 ; 318.590,41 ; 318.590,41 ; 339.829,77 ; 340.899,80 ; 340.899,37 ; 340.899,37 ; 340.899,37 ; 629.775,66 ; 4.247.028,01 
BA;SAO JOSE DA VITORIA;2929354; 202.740,63 ; 223.014,69 ; 243.288,75 ; 263.562,82 ; 284.551,67 ; 303.933,99 ; 303.933,99 ; 324.196,26 ; 343.158,05 ; 343.157,63 ; 343.157,63 ; 343.157,63 ; 633.947,55 ; 4.155.801,29 
BA;SAO JOSE DO JACUIPE;2929370; 411.373,28 ; 452.510,61 ; 493.647,93 ; 534.785,26 ; 577.323,28 ; 616.647,83 ; 616.647,83 ; 657.757,68 ; 659.980,08 ; 659.979,26 ; 659.979,26 ; 659.979,26 ; 1.219.242,02 ; 8.219.853,58 
BA;SAO MIGUEL DAS MATAS;2929404; 241.670,53 ; 265.837,58 ; 290.004,63 ; 314.171,69 ; 339.163,27 ; 362.265,48 ; 362.265,48 ; 386.416,51 ; 391.101,34 ; 391.100,85 ; 391.100,85 ; 391.100,85 ; 722.517,60 ; 4.848.716,66 
BA;SAO SEBASTIAO DO PASSE;2929503; 94.232,09 ; 103.655,30 ; 113.078,50 ; 122.501,71 ; 131.872,54 ; 140.855,08 ; 140.855,08 ; 150.245,42 ; 150.034,53 ; 150.034,35 ; 150.034,35 ; 150.034,35 ; 277.172,66 ; 1.874.605,96 
BA;SAPEACU;2929602; 435.584,99 ; 479.143,49 ; 522.701,99 ; 566.260,49 ; 611.130,14 ; 652.757,45 ; 652.757,45 ; 696.274,62 ; 710.805,24 ; 710.804,36 ; 710.804,36 ; 710.804,36 ; 1.313.136,05 ; 8.772.964,99 
BA;SATIRO DIAS;2929701; 867.728,04 ; 954.500,85 ; 1.041.273,65 ; 1.128.046,46 ; 1.217.816,33 ; 1.300.768,25 ; 1.300.768,25 ; 1.387.486,13 ; 1.407.713,42 ; 1.407.711,68 ; 1.407.711,68 ; 1.407.711,68 ; 2.600.598,78 ; 17.429.835,20 
BA;SAUBARA;2929750; 178.977,47 ; 196.875,21 ; 214.772,96 ; 232.670,71 ; 248.705,04 ; 265.645,66 ; 265.645,66 ; 283.355,37 ; 290.282,55 ; 290.282,19 ; 290.282,19 ; 290.282,19 ; 536.265,75 ; 3.584.042,95 
BA;SAUDE;2929800; 403.720,96 ; 444.093,06 ; 484.465,15 ; 524.837,25 ; 566.633,19 ; 605.229,58 ; 605.229,58 ; 645.578,22 ; 658.058,36 ; 658.057,54 ; 658.057,54 ; 658.057,54 ; 1.215.691,87 ; 8.127.709,84 
BA;SEABRA;2929909; 1.213.007,56 ; 1.334.308,31 ; 1.455.609,06 ; 1.576.909,82 ; 1.565.904,68 ; 1.672.566,74 ; 1.672.566,74 ; 1.784.071,19 ; 1.852.320,62 ; 1.852.318,33 ; 1.852.318,33 ; 1.852.318,33 ; 3.421.962,67 ; 23.106.182,38 
BA;SEBASTIAO LARANJEIRAS;2930006; 627.253,52 ; 689.978,88 ; 752.704,23 ; 815.429,58 ; 880.459,14 ; 940.431,87 ; 940.431,87 ; 1.003.127,33 ; 1.027.856,30 ; 1.027.855,03 ; 1.027.855,03 ; 1.027.855,03 ; 1.898.853,68 ; 12.660.091,49 
BA;SENHOR DO BONFIM;2930105; 4.618.136,13 ; 5.079.949,75 ; 5.541.763,36 ; 6.003.576,97 ; 6.482.431,85 ; 6.923.984,61 ; 6.923.984,61 ; 7.385.583,58 ; 7.470.524,62 ; 7.470.515,37 ; 7.470.515,37 ; 7.470.515,37 ; 13.800.988,96 ; 92.642.470,55 
BA;SENTO SE;2930204; 1.323.012,11 ; 1.455.313,32 ; 1.587.614,53 ; 1.719.915,74 ; 1.856.727,77 ; 1.983.199,33 ; 1.983.199,33 ; 2.115.412,62 ; 2.175.304,11 ; 2.175.301,41 ; 2.175.301,41 ; 2.175.301,41 ; 4.018.639,83 ; 26.744.242,92 
BA;SERRA DO RAMALHO;2930154; 1.303.158,34 ; 1.433.474,17 ; 1.563.790,00 ; 1.694.105,83 ; 1.828.935,12 ; 1.953.513,57 ; 1.953.513,57 ; 2.083.747,81 ; 2.091.090,74 ; 2.091.088,15 ; 2.091.088,15 ; 2.091.088,15 ; 3.863.064,70 ; 26.041.658,30 
BA;SERRA DOURADA;2930303; 499.264,69 ; 549.191,16 ; 599.117,63 ; 649.044,10 ; 700.723,58 ; 748.453,57 ; 748.453,57 ; 798.350,47 ; 801.258,22 ; 801.257,23 ; 801.257,23 ; 801.257,23 ; 1.480.238,16 ; 9.977.866,84 
BA;SERRA PRETA;2930402; 627.738,24 ; 690.512,07 ; 753.285,89 ; 816.059,72 ; 881.044,45 ; 941.057,05 ; 941.057,05 ; 1.003.794,19 ; 1.007.477,18 ; 1.007.475,93 ; 1.007.475,93 ; 1.007.475,93 ; 1.861.205,46 ; 12.545.659,09 
BA;SERRINHA;2930501; 2.359.995,92 ; 2.595.995,51 ; 2.831.995,10 ; 3.067.994,69 ; 3.311.930,92 ; 3.537.524,07 ; 3.537.524,07 ; 3.773.359,01 ; 3.791.761,56 ; 3.791.756,86 ; 3.791.756,86 ; 3.791.756,86 ; 7.004.870,72 ; 47.188.222,15 
BA;SERROLANDIA;2930600; 487.256,11 ; 535.981,72 ; 584.707,33 ; 633.432,94 ; 683.856,20 ; 730.437,26 ; 730.437,26 ; 779.133,08 ; 790.073,29 ; 790.072,31 ; 790.072,31 ; 790.072,31 ; 1.459.575,22 ; 9.785.107,34 
BA;SITIO DO MATO;2930758; 968.677,93 ; 1.065.545,72 ; 1.162.413,51 ; 1.259.281,31 ; 1.359.690,36 ; 1.452.306,07 ; 1.452.306,07 ; 1.549.126,48 ; 1.555.323,95 ; 1.555.322,03 ; 1.555.322,03 ; 1.555.322,03 ; 2.873.293,32 ; 19.363.930,81 
BA;SITIO DO QUINTO;2930766; 489.398,29 ; 538.338,12 ; 587.277,95 ; 636.217,78 ; 686.862,60 ; 733.648,45 ; 733.648,45 ; 782.558,35 ; 808.434,58 ; 808.433,58 ; 808.433,58 ; 808.433,58 ; 1.493.495,72 ; 9.915.181,03 
BA;SOBRADINHO;2930774; 626.825,56 ; 689.508,11 ; 752.190,67 ; 814.873,22 ; 754.379,02 ; 805.763,77 ; 805.763,77 ; 859.481,35 ; 886.110,94 ; 886.109,84 ; 886.109,84 ; 886.109,84 ; 1.636.994,42 ; 11.290.220,35 
BA;SOUTO SOARES;2930808; 866.553,84 ; 953.209,23 ; 1.039.864,61 ; 1.126.520,00 ; 1.216.269,68 ; 1.299.116,25 ; 1.299.116,25 ; 1.385.724,00 ; 1.441.735,91 ; 1.441.734,12 ; 1.441.734,12 ; 1.441.734,12 ; 2.663.451,67 ; 17.616.763,80 
BA;TABOCAS DO BREJO VELHO;2930907; 148.980,42 ; 163.878,46 ; 178.776,50 ; 193.674,54 ; 209.013,02 ; 223.250,00 ; 223.250,00 ; 238.133,34 ; 238.672,95 ; 238.672,66 ; 238.672,66 ; 238.672,66 ; 440.922,59 ; 2.974.569,80 
BA;TANHACU;2931004; 2.004.280,63 ; 2.204.708,69 ; 2.405.136,75 ; 2.605.564,82 ; 2.813.471,95 ; 3.005.112,43 ; 3.005.112,43 ; 3.205.453,25 ; 3.255.218,21 ; 3.255.214,18 ; 3.255.214,18 ; 3.255.214,18 ; 6.013.664,73 ; 40.283.366,43 
BA;TANQUE NOVO;2931053; 761.363,05 ; 837.499,35 ; 913.635,66 ; 989.771,96 ; 938.122,48 ; 1.002.022,97 ; 1.002.022,97 ; 1.068.824,50 ; 1.072.741,18 ; 1.072.739,85 ; 1.072.739,85 ; 1.072.739,85 ; 1.981.773,68 ; 13.785.997,35 
BA;TANQUINHO;2931103; 455.563,10 ; 501.119,41 ; 546.675,72 ; 592.232,03 ; 639.437,38 ; 682.992,85 ; 682.992,85 ; 728.525,70 ; 733.865,91 ; 733.865,00 ; 733.865,00 ; 733.865,00 ; 1.355.738,13 ; 9.120.738,08 
BA;TAPEROA;2931202; 385.052,59 ; 423.557,85 ; 462.063,10 ; 500.568,36 ; 540.252,62 ; 577.052,08 ; 577.052,08 ; 615.522,22 ; 659.739,69 ; 659.738,88 ; 659.738,88 ; 659.738,88 ; 1.218.797,93 ; 7.938.875,16 
BA;TAPIRAMUTA;2931301; 953.094,96 ; 1.048.404,46 ; 1.143.713,96 ; 1.239.023,45 ; 1.337.793,30 ; 1.428.917,48 ; 1.428.917,48 ; 1.524.178,65 ; 1.568.442,72 ; 1.568.440,78 ; 1.568.440,78 ; 1.568.440,78 ; 2.897.528,81 ; 19.275.337,61 
BA;TEIXEIRA DE FREITAS;2931350; 1.476.276,69 ; 1.623.904,35 ; 1.771.532,02 ; 1.919.159,69 ; 2.071.112,84 ; 2.212.187,30 ; 2.212.187,30 ; 2.359.666,45 ; 2.368.141,83 ; 2.368.138,90 ; 2.368.138,90 ; 2.368.138,90 ; 4.374.886,75 ; 29.493.471,92 
BA;TEOFILANDIA;2931509; 826.809,54 ; 909.490,49 ; 992.171,44 ; 1.074.852,40 ; 1.160.400,35 ; 1.239.441,36 ; 1.239.441,36 ; 1.322.070,79 ; 1.358.300,74 ; 1.358.299,06 ; 1.358.299,06 ; 1.358.299,06 ; 2.509.314,17 ; 16.707.189,82 
BA;TERRA NOVA;2931707; 245.334,52 ; 269.867,97 ; 294.401,42 ; 318.934,88 ; 344.273,55 ; 367.723,84 ; 367.723,84 ; 392.238,76 ; 393.444,58 ; 393.444,09 ; 393.444,09 ; 393.444,09 ; 726.846,48 ; 4.901.122,11 
BA;TREMEDAL;2931806; 455.751,52 ; 501.326,68 ; 546.901,83 ; 592.476,98 ; 639.583,48 ; 683.148,89 ; 683.148,89 ; 728.692,15 ; 744.236,31 ; 744.235,39 ; 744.235,39 ; 744.235,39 ; 1.374.896,35 ; 9.182.869,25 
BA;TUCANO;2931905; 2.997.032,86 ; 3.296.736,15 ; 3.596.439,44 ; 3.896.142,72 ; 4.206.681,56 ; 4.493.220,91 ; 4.493.220,91 ; 4.792.768,97 ; 4.830.643,74 ; 4.830.637,76 ; 4.830.637,76 ; 4.830.637,76 ; 8.924.093,58 ; 60.018.894,12 
BA;UAUA;2932002; 895.676,01 ; 985.243,61 ; 1.074.811,21 ; 1.164.378,81 ; 1.256.994,31 ; 1.342.614,84 ; 1.342.614,84 ; 1.432.122,50 ; 1.481.205,77 ; 1.481.203,94 ; 1.481.203,94 ; 1.481.203,94 ; 2.736.367,95 ; 18.155.641,67 
BA;UBAIRA;2932101; 533.097,51 ; 586.407,26 ; 639.717,01 ; 693.026,76 ; 748.117,67 ; 799.075,92 ; 799.075,92 ; 852.347,65 ; 899.277,50 ; 899.276,39 ; 899.276,39 ; 899.276,39 ; 1.661.318,23 ; 10.909.290,60 
BA;UBAITABA;2932200; 460.551,57 ; 506.606,73 ; 552.661,89 ; 598.717,05 ; 646.316,27 ; 690.340,30 ; 690.340,30 ; 736.362,98 ; 769.326,19 ; 769.325,24 ; 769.325,24 ; 769.325,24 ; 1.421.247,16 ; 9.380.446,16 
BA;UBATA;2932309; 345.733,85 ; 380.307,24 ; 414.880,63 ; 449.454,01 ; 485.140,32 ; 518.185,80 ; 518.185,80 ; 552.731,52 ; 576.252,59 ; 576.251,87 ; 576.251,87 ; 576.251,87 ; 1.064.564,51 ; 7.034.191,88 
BA;UIBAI;2932408; 615.133,09 ; 676.646,40 ; 738.159,71 ; 799.673,02 ; 863.420,49 ; 922.232,63 ; 922.232,63 ; 983.714,81 ; 987.592,32 ; 987.591,10 ; 987.591,10 ; 987.591,10 ; 1.824.470,34 ; 12.296.048,74 
BA;UMBURANAS;2932457; 473.581,11 ; 520.939,22 ; 568.297,33 ; 615.655,44 ; 664.647,38 ; 709.920,03 ; 709.920,03 ; 757.248,04 ; 769.937,14 ; 769.936,18 ; 769.936,18 ; 769.936,18 ; 1.422.375,84 ; 9.522.330,10 
BA;UNA;2932507; 769.318,09 ; 846.249,90 ; 923.181,70 ; 1.000.113,51 ; 1.079.680,80 ; 1.153.223,57 ; 1.153.223,57 ; 1.230.105,14 ; 1.249.728,06 ; 1.249.726,51 ; 1.249.726,51 ; 1.249.726,51 ; 2.308.737,86 ; 15.462.741,73 
BA;URANDI;2932606; 659.946,18 ; 725.940,80 ; 791.935,42 ; 857.930,04 ; 926.210,29 ; 989.299,37 ; 989.299,37 ; 1.055.252,66 ; 1.081.468,04 ; 1.081.466,70 ; 1.081.466,70 ; 1.081.466,70 ; 1.997.895,59 ; 13.319.577,86 
BA;URUCUCA;2932705; 277.955,72 ; 305.751,29 ; 333.546,86 ; 361.342,43 ; 389.931,57 ; 416.491,88 ; 416.491,88 ; 444.258,00 ; 475.884,12 ; 475.883,53 ; 475.883,53 ; 475.883,53 ; 879.144,66 ; 5.728.449,00 
BA;UTINGA;2932804; 363.360,67 ; 399.696,74 ; 436.032,80 ; 472.368,87 ; 509.949,02 ; 544.684,35 ; 544.684,35 ; 580.996,64 ; 599.045,75 ; 599.045,01 ; 599.045,01 ; 599.045,01 ; 1.106.672,44 ; 7.354.626,66 
BA;VALENCA;2932903; 1.556.829,25 ; 1.712.512,18 ; 1.868.195,10 ; 2.023.878,02 ; 2.184.630,13 ; 2.333.436,85 ; 2.333.436,85 ; 2.488.999,31 ; 2.552.073,14 ; 2.552.069,99 ; 2.552.069,99 ; 2.552.069,99 ; 4.714.680,00 ; 31.424.880,80 
BA;VALENTE;2933000; 1.195.814,27 ; 1.315.395,70 ; 1.434.977,13 ; 1.554.558,56 ; 1.497.468,01 ; 1.599.468,49 ; 1.599.468,49 ; 1.706.099,72 ; 1.719.874,59 ; 1.719.872,46 ; 1.719.872,46 ; 1.719.872,46 ; 3.177.282,88 ; 21.960.025,22 
BA;VARZEA DA ROCA;2933059; 1.581.750,18 ; 1.739.925,20 ; 1.898.100,21 ; 2.056.275,23 ; 2.220.333,81 ; 2.371.572,50 ; 2.371.572,50 ; 2.529.677,33 ; 2.540.198,17 ; 2.540.195,03 ; 2.540.195,03 ; 2.540.195,03 ; 4.692.742,26 ; 31.622.732,48 
BA;VARZEA DO POCO;2933109; 555.553,23 ; 611.108,56 ; 666.663,88 ; 722.219,20 ; 779.810,48 ; 832.927,50 ; 832.927,50 ; 888.456,00 ; 893.824,40 ; 893.823,30 ; 893.823,30 ; 893.823,30 ; 1.651.244,21 ; 11.116.204,86 
BA;VARZEA NOVA;2933158; 279.981,74 ; 307.979,92 ; 335.978,09 ; 363.976,27 ; 392.873,79 ; 419.634,50 ; 419.634,50 ; 447.610,14 ; 466.205,12 ; 466.204,55 ; 466.204,55 ; 466.204,55 ; 861.263,73 ; 5.693.751,45 
BA;VARZEDO;2933174; 253.094,13 ; 278.403,54 ; 303.712,95 ; 329.022,37 ; 355.200,92 ; 379.395,54 ; 379.395,54 ; 404.688,57 ; 406.495,19 ; 406.494,69 ; 406.494,69 ; 406.494,69 ; 750.956,07 ; 5.059.848,89 
BA;VERA CRUZ;2933208; 857.320,03 ; 943.052,04 ; 1.028.784,04 ; 1.114.516,04 ; 1.203.017,12 ; 1.284.960,99 ; 1.284.960,99 ; 1.370.625,05 ; 1.440.144,44 ; 1.440.142,66 ; 1.440.142,66 ; 1.440.142,66 ; 2.660.511,57 ; 17.508.320,29 
BA;VEREDA;2933257; 150.436,34 ; 165.479,98 ; 180.523,61 ; 195.567,25 ; 211.108,42 ; 225.488,13 ; 225.488,13 ; 240.520,68 ; 244.390,56 ; 244.390,25 ; 244.390,25 ; 244.390,25 ; 451.485,25 ; 3.023.659,10 
BA;VITORIA DA CONQUISTA;2933307; 3.091.083,24 ; 3.400.191,57 ; 3.709.299,89 ; 4.018.408,21 ; 4.336.268,82 ; 4.631.635,05 ; 4.631.635,05 ; 4.940.410,72 ; 5.095.892,56 ; 5.095.886,25 ; 5.095.886,25 ; 5.095.886,25 ; 9.414.112,18 ; 62.556.596,04 
BA;WAGNER;2933406; 337.040,76 ; 370.744,84 ; 404.448,92 ; 438.153,00 ; 473.057,25 ; 505.279,69 ; 505.279,69 ; 538.965,00 ; 544.128,89 ; 544.128,22 ; 544.128,22 ; 544.128,22 ; 1.005.219,46 ; 6.754.702,16 
BA;WANDERLEY;2933455; 451.415,42 ; 496.556,96 ; 541.698,50 ; 586.840,05 ; 633.528,55 ; 676.681,54 ; 676.681,54 ; 721.793,64 ; 737.675,43 ; 737.674,51 ; 737.674,51 ; 737.674,51 ; 1.362.775,81 ; 9.098.670,97 
BA;WENCESLAU GUIMARAES;2933505; 792.713,34 ; 871.984,68 ; 951.256,01 ; 1.030.527,34 ; 1.112.528,38 ; 1.188.308,58 ; 1.188.308,58 ; 1.267.529,15 ; 1.290.838,91 ; 1.290.837,31 ; 1.290.837,31 ; 1.290.837,31 ; 2.384.685,73 ; 15.951.192,63 
BA;XIQUE-XIQUE;2933604; 1.159.486,17 ; 1.275.434,79 ; 1.391.383,41 ; 1.507.332,02 ; 1.627.049,98 ; 1.737.876,97 ; 1.737.876,97 ; 1.853.735,43 ; 1.859.290,53 ; 1.859.288,23 ; 1.859.288,23 ; 1.859.288,23 ; 3.434.838,80 ; 23.162.169,76 
CE;ABAIARA;2300101; 366.646,73 ; 403.311,40 ; 439.976,07 ; 476.640,75 ; 514.597,21 ; 549.649,15 ; 549.649,15 ; 586.292,43 ; 597.723,59 ; 597.722,85 ; 597.722,85 ; 597.722,85 ; 1.104.229,89 ; 7.381.884,92 
CE;ACARAPE;2300150; 610.287,02 ; 671.315,72 ; 732.344,42 ; 793.373,12 ; 856.547,47 ; 914.891,45 ; 914.891,45 ; 975.884,21 ; 997.817,31 ; 997.816,07 ; 997.816,07 ; 997.816,07 ; 1.843.359,88 ; 12.304.160,26 
CE;ACARAU;2300200; 2.105.087,75 ; 2.315.596,53 ; 2.526.105,30 ; 2.736.614,08 ; 2.954.444,81 ; 3.155.687,69 ; 3.155.687,69 ; 3.366.066,87 ; 3.514.314,87 ; 3.514.310,52 ; 3.514.310,52 ; 3.514.310,52 ; 6.492.317,85 ; 42.864.855,00 
CE;ACOPIARA;2300309; 1.513.737,01 ; 1.665.110,71 ; 1.816.484,41 ; 1.967.858,11 ; 2.124.553,61 ; 2.269.268,20 ; 2.269.268,20 ; 2.420.552,75 ; 2.429.601,91 ; 2.429.598,90 ; 2.429.598,90 ; 2.429.598,90 ; 4.488.427,59 ; 30.253.659,20 
CE;AIUABA;2300408; 466.533,98 ; 513.187,38 ; 559.840,77 ; 606.494,17 ; 654.776,15 ; 699.376,41 ; 699.376,41 ; 746.001,51 ; 761.872,07 ; 761.871,12 ; 761.871,12 ; 761.871,12 ; 1.407.476,49 ; 9.400.548,70 
CE;ALCANTARAS;2300507; 522.284,58 ; 574.513,03 ; 626.741,49 ; 678.969,95 ; 733.068,05 ; 783.001,20 ; 783.001,20 ; 835.201,28 ; 861.783,36 ; 861.782,29 ; 861.782,29 ; 861.782,29 ; 1.592.051,85 ; 10.575.962,86 
CE;ALTANEIRA;2300606; 397.527,12 ; 437.279,84 ; 477.032,55 ; 516.785,26 ; 557.942,45 ; 595.946,86 ; 595.946,86 ; 635.676,65 ; 638.026,33 ; 638.025,54 ; 638.025,54 ; 638.025,54 ; 1.178.684,86 ; 7.944.925,40 
CE;ALTO SANTO;2300705; 463.343,86 ; 509.678,24 ; 556.012,63 ; 602.347,01 ; 650.256,79 ; 694.549,22 ; 694.549,22 ; 740.852,50 ; 761.819,67 ; 761.818,72 ; 761.818,72 ; 761.818,72 ; 1.407.379,69 ; 9.366.244,99 
CE;AMONTADA;2300754; 2.367.001,04 ; 2.603.701,14 ; 2.840.401,24 ; 3.077.101,35 ; 3.322.265,55 ; 3.548.562,64 ; 3.548.562,64 ; 3.785.133,48 ; 3.839.779,27 ; 3.839.774,51 ; 3.839.774,51 ; 3.839.774,51 ; 7.093.578,28 ; 47.545.410,16 
CE;ANTONINA DO NORTE;2300804; 220.874,12 ; 242.961,53 ; 265.048,94 ; 287.136,36 ; 309.967,22 ; 331.080,73 ; 331.080,73 ; 353.152,77 ; 355.026,63 ; 355.026,19 ; 355.026,19 ; 355.026,19 ; 655.873,47 ; 4.417.281,07 
CE;APUIARES;2300903; 319.401,19 ; 351.341,31 ; 383.281,43 ; 415.221,55 ; 448.239,70 ; 478.771,69 ; 478.771,69 ; 510.689,80 ; 543.253,67 ; 543.253,00 ; 543.253,00 ; 543.253,00 ; 1.003.602,57 ; 6.562.333,60 
CE;AQUIRAZ;2301000; 2.754.395,42 ; 3.029.834,96 ; 3.305.274,51 ; 3.580.714,05 ; 3.865.517,90 ; 4.128.818,79 ; 4.128.818,79 ; 4.404.073,37 ; 4.419.672,59 ; 4.419.667,12 ; 4.419.667,12 ; 4.419.667,12 ; 8.164.868,66 ; 55.040.990,40 
CE;ARACATI;2301109; 1.785.459,05 ; 1.964.004,95 ; 2.142.550,85 ; 2.321.096,76 ; 2.505.637,55 ; 2.676.309,79 ; 2.676.309,79 ; 2.854.730,44 ; 2.993.390,95 ; 2.993.387,24 ; 2.993.387,24 ; 2.993.387,24 ; 5.529.967,09 ; 36.429.618,94 
CE;ARACOIABA;2301208; 1.459.394,88 ; 1.605.334,36 ; 1.751.273,85 ; 1.897.213,34 ; 2.048.371,45 ; 2.187.896,87 ; 2.187.896,87 ; 2.333.756,66 ; 2.417.473,42 ; 2.417.470,43 ; 2.417.470,43 ; 2.417.470,43 ; 4.466.021,52 ; 29.607.044,51 
CE;ARARENDA;2301257; 1.230.464,19 ; 1.353.510,61 ; 1.476.557,03 ; 1.599.603,45 ; 1.727.167,61 ; 1.844.814,14 ; 1.844.814,14 ; 1.967.801,75 ; 1.977.527,10 ; 1.977.524,66 ; 1.977.524,66 ; 1.977.524,66 ; 3.653.268,13 ; 24.608.102,13 
CE;ARARIPE;2301307; 604.321,53 ; 664.753,68 ; 725.185,84 ; 785.617,99 ; 848.083,17 ; 905.850,60 ; 905.850,60 ; 966.240,64 ; 969.407,60 ; 969.406,40 ; 969.406,40 ; 969.406,40 ; 1.790.876,04 ; 12.074.406,89 
CE;ARATUBA;2301406; 776.265,78 ; 853.892,36 ; 931.518,93 ; 1.009.145,51 ; 1.089.561,22 ; 1.163.777,00 ; 1.163.777,00 ; 1.241.362,14 ; 1.297.490,24 ; 1.297.488,64 ; 1.297.488,64 ; 1.297.488,64 ; 2.396.973,34 ; 15.816.229,44 
CE;ARNEIROZ;2301505; 128.101,77 ; 140.911,95 ; 153.722,13 ; 166.532,31 ; 179.748,36 ; 191.991,97 ; 191.991,97 ; 204.791,43 ; 205.363,23 ; 205.362,97 ; 205.362,97 ; 205.362,97 ; 379.386,46 ; 2.558.630,49 
CE;ASSARE;2301604; 1.209.641,59 ; 1.330.605,74 ; 1.451.569,90 ; 1.572.534,06 ; 1.697.881,08 ; 1.813.532,75 ; 1.813.532,75 ; 1.934.434,94 ; 1.979.837,70 ; 1.979.835,25 ; 1.979.835,25 ; 1.979.835,25 ; 3.657.536,71 ; 24.400.612,97 
CE;AURORA;2301703; 471.958,51 ; 519.154,36 ; 566.350,21 ; 613.546,06 ; 662.354,28 ; 707.470,74 ; 707.470,74 ; 754.635,45 ; 757.206,53 ; 757.205,60 ; 757.205,60 ; 757.205,60 ; 1.398.857,42 ; 9.430.621,10 
CE;BAIXIO;2301802; 129.269,79 ; 142.196,76 ; 155.123,74 ; 168.050,72 ; 181.407,02 ; 193.763,61 ; 193.763,61 ; 206.681,19 ; 219.217,16 ; 219.216,89 ; 219.216,89 ; 219.216,89 ; 404.980,10 ; 2.652.104,37 
CE;BANABUIU;2301851; 553.266,13 ; 608.592,75 ; 663.919,36 ; 719.245,97 ; 776.446,60 ; 829.334,49 ; 829.334,49 ; 884.623,45 ; 939.863,46 ; 939.862,29 ; 939.862,29 ; 939.862,29 ; 1.736.296,40 ; 11.360.509,97 
CE;BARBALHA;2301901; 1.713.005,63 ; 1.884.306,19 ; 2.055.606,76 ; 2.226.907,32 ; 2.404.109,42 ; 2.567.866,04 ; 2.567.866,04 ; 2.739.057,11 ; 2.837.998,35 ; 2.837.994,83 ; 2.837.994,83 ; 2.837.994,83 ; 5.242.896,00 ; 34.753.603,35 
CE;BARREIRA;2301950; 1.060.763,98 ; 1.166.840,37 ; 1.272.916,77 ; 1.378.993,17 ; 1.488.838,59 ; 1.590.251,27 ; 1.590.251,27 ; 1.696.268,02 ; 1.702.622,52 ; 1.702.620,41 ; 1.702.620,41 ; 1.702.620,41 ; 3.145.411,55 ; 21.201.018,74 
CE;BARRO;2302008; 393.801,96 ; 433.182,16 ; 472.562,35 ; 511.942,55 ; 552.642,95 ; 590.286,38 ; 590.286,38 ; 629.638,81 ; 632.219,16 ; 632.218,37 ; 632.218,37 ; 632.218,37 ; 1.167.956,72 ; 7.871.174,53 
CE;BARROQUINHA;2302057; 496.452,59 ; 546.097,84 ; 595.743,10 ; 645.388,36 ; 696.734,67 ; 744.192,96 ; 744.192,96 ; 793.805,83 ; 796.710,63 ; 796.709,65 ; 796.709,65 ; 796.709,65 ; 1.471.836,97 ; 9.921.284,86 
CE;BATURITE;2302107; 1.424.367,94 ; 1.566.804,74 ; 1.709.241,53 ; 1.851.678,33 ; 1.999.147,42 ; 2.135.319,94 ; 2.135.319,94 ; 2.277.674,60 ; 2.286.093,58 ; 2.286.090,75 ; 2.286.090,75 ; 2.286.090,75 ; 4.223.311,43 ; 28.467.231,70 
CE;BEBERIBE;2302206; 2.155.977,54 ; 2.371.575,29 ; 2.587.173,05 ; 2.802.770,80 ; 3.025.998,18 ; 3.232.114,93 ; 3.232.114,93 ; 3.447.589,26 ; 3.487.986,93 ; 3.487.982,62 ; 3.487.982,62 ; 3.487.982,62 ; 6.443.679,85 ; 43.250.928,62 
CE;BELA CRUZ;2302305; 1.037.930,53 ; 1.141.723,58 ; 1.245.516,63 ; 1.349.309,68 ; 1.456.764,22 ; 1.555.992,14 ; 1.555.992,14 ; 1.659.724,95 ; 1.688.228,66 ; 1.688.226,57 ; 1.688.226,57 ; 1.688.226,57 ; 3.118.820,45 ; 20.874.682,69 
CE;BOA VIAGEM;2302404; 2.789.928,04 ; 3.068.920,84 ; 3.347.913,64 ; 3.626.906,45 ; 3.915.977,25 ; 4.182.715,20 ; 4.182.715,20 ; 4.461.562,88 ; 4.478.930,93 ; 4.478.925,39 ; 4.478.925,39 ; 4.478.925,39 ; 8.274.342,07 ; 55.766.688,67 
CE;BREJO SANTO;2302503; 484.543,39 ; 532.997,73 ; 581.452,07 ; 629.906,41 ; 679.491,75 ; 725.775,53 ; 725.775,53 ; 774.160,57 ; 823.386,19 ; 823.385,17 ; 823.385,17 ; 823.385,17 ; 1.521.117,18 ; 9.948.761,86 
CE;CAMOCIM;2302602; 1.615.903,49 ; 1.777.493,84 ; 1.939.084,19 ; 2.100.674,54 ; 2.267.808,42 ; 2.422.280,86 ; 2.422.280,86 ; 2.583.766,25 ; 2.653.493,88 ; 2.653.490,59 ; 2.653.490,59 ; 2.653.490,59 ; 4.902.043,88 ; 32.645.301,98 
CE;CAMPOS SALES;2302701; 724.707,95 ; 797.178,74 ; 869.649,54 ; 942.120,33 ; 1.017.118,50 ; 1.086.399,82 ; 1.086.399,82 ; 1.158.826,48 ; 1.162.978,90 ; 1.162.977,46 ; 1.162.977,46 ; 1.162.977,46 ; 2.148.478,14 ; 14.482.790,60 
CE;CANINDE;2302800; 2.884.505,71 ; 3.172.956,28 ; 3.461.406,85 ; 3.749.857,42 ; 4.048.431,57 ; 4.324.191,68 ; 4.324.191,68 ; 4.612.471,12 ; 4.762.462,79 ; 4.762.456,90 ; 4.762.456,90 ; 4.762.456,90 ; 8.798.136,61 ; 58.425.982,41 
CE;CAPISTRANO;2302909; 616.183,50 ; 677.801,85 ; 739.420,20 ; 801.038,55 ; 864.830,47 ; 923.738,65 ; 923.738,65 ; 985.321,23 ; 1.042.327,92 ; 1.042.326,63 ; 1.042.326,63 ; 1.042.326,63 ; 1.925.588,46 ; 12.626.969,37 
CE;CARIDADE;2303006; 305.041,05 ; 335.545,15 ; 366.049,26 ; 396.553,36 ; 427.934,83 ; 457.083,74 ; 457.083,74 ; 487.555,99 ; 510.717,68 ; 510.717,04 ; 510.717,04 ; 510.717,04 ; 943.495,89 ; 6.219.211,81 
CE;CARIRE;2303105; 609.951,49 ; 670.946,64 ; 731.941,79 ; 792.936,94 ; 856.023,13 ; 914.331,39 ; 914.331,39 ; 975.286,82 ; 997.456,83 ; 997.455,59 ; 997.455,59 ; 997.455,59 ; 1.842.693,94 ; 12.298.267,13 
CE;CARIRIACU;2303204; 931.975,90 ; 1.025.173,49 ; 1.118.371,07 ; 1.211.568,66 ; 1.308.032,16 ; 1.397.129,16 ; 1.397.129,16 ; 1.490.271,10 ; 1.511.700,12 ; 1.511.698,25 ; 1.511.698,25 ; 1.511.698,25 ; 2.792.702,99 ; 18.719.148,56 
CE;CARIUS;2303303; 860.925,06 ; 947.017,56 ; 1.033.110,07 ; 1.119.202,57 ; 1.208.402,67 ; 1.290.713,37 ; 1.290.713,37 ; 1.376.760,93 ; 1.382.111,24 ; 1.382.109,53 ; 1.382.109,53 ; 1.382.109,53 ; 2.553.301,52 ; 17.208.586,95 
CE;CARNAUBAL;2303402; 1.218.408,06 ; 1.340.248,87 ; 1.462.089,68 ; 1.583.930,48 ; 1.710.208,34 ; 1.826.699,69 ; 1.826.699,69 ; 1.948.479,67 ; 2.016.440,25 ; 2.016.437,76 ; 2.016.437,76 ; 2.016.437,76 ; 3.725.155,98 ; 24.707.673,99 
CE;CASCAVEL;2303501; 2.667.852,25 ; 2.934.637,47 ; 3.201.422,69 ; 3.468.207,92 ; 3.744.368,75 ; 3.999.417,53 ; 3.999.417,53 ; 4.266.045,36 ; 4.385.853,40 ; 4.385.847,97 ; 4.385.847,97 ; 4.385.847,97 ; 8.102.391,35 ; 53.927.158,16 
CE;CATARINA;2303600; 276.158,32 ; 303.774,15 ; 331.389,98 ; 359.005,81 ; 387.547,59 ; 413.945,51 ; 413.945,51 ; 441.541,87 ; 456.792,88 ; 456.792,31 ; 456.792,31 ; 456.792,31 ; 843.875,63 ; 5.598.354,18 
CE;CATUNDA;2303659; 419.738,12 ; 461.711,93 ; 503.685,74 ; 545.659,56 ; 589.041,75 ; 629.164,51 ; 629.164,51 ; 671.108,81 ; 677.220,26 ; 677.219,42 ; 677.219,42 ; 677.219,42 ; 1.251.091,41 ; 8.409.244,86 
CE;CAUCAIA;2303709; 7.777.837,61 ; 8.555.621,37 ; 9.333.405,14 ; 10.111.188,90 ; 10.915.111,42 ; 11.658.597,45 ; 11.658.597,45 ; 12.435.837,28 ; 12.477.379,57 ; 12.477.364,12 ; 12.477.364,12 ; 12.477.364,12 ; 23.050.613,75 ; 155.406.282,30 
CE;CEDRO;2303808; 283.641,57 ; 312.005,73 ; 340.369,89 ; 368.734,04 ; 397.971,60 ; 425.079,56 ; 425.079,56 ; 453.418,20 ; 466.680,22 ; 466.679,65 ; 466.679,65 ; 466.679,65 ; 862.141,43 ; 5.735.160,75 
CE;CHAVAL;2303907; 328.880,73 ; 361.768,81 ; 394.656,89 ; 427.544,97 ; 461.520,88 ; 492.957,51 ; 492.957,51 ; 525.821,35 ; 543.551,56 ; 543.550,89 ; 543.550,89 ; 543.550,89 ; 1.004.152,90 ; 6.664.465,78 
CE;CHORO;2303931; 636.652,34 ; 700.317,57 ; 763.982,81 ; 827.648,04 ; 893.592,00 ; 954.459,28 ; 954.459,28 ; 1.018.089,90 ; 1.043.813,38 ; 1.043.812,09 ; 1.043.812,09 ; 1.043.812,09 ; 1.928.332,68 ; 12.852.783,55 
CE;CHOROZINHO;2303956; 685.015,42 ; 753.516,96 ; 822.018,50 ; 890.520,04 ; 961.383,16 ; 1.026.868,06 ; 1.026.868,06 ; 1.095.325,93 ; 1.122.632,19 ; 1.122.630,80 ; 1.122.630,80 ; 1.122.630,80 ; 2.073.941,95 ; 13.825.982,67 
CE;COREAU;2304004; 1.396.794,69 ; 1.536.474,16 ; 1.676.153,63 ; 1.815.833,10 ; 1.960.501,86 ; 2.094.042,02 ; 2.094.042,02 ; 2.233.644,82 ; 2.255.432,04 ; 2.255.429,25 ; 2.255.429,25 ; 2.255.429,25 ; 4.166.667,55 ; 27.995.873,64 
CE;CRATEUS;2304103; 3.755.827,23 ; 4.131.409,96 ; 4.506.992,68 ; 4.882.575,40 ; 5.271.764,80 ; 5.630.852,61 ; 5.630.852,61 ; 6.006.242,78 ; 6.169.110,43 ; 6.169.102,80 ; 6.169.102,80 ; 6.169.102,80 ; 11.396.766,51 ; 75.889.703,41 
CE;CRATO;2304202; 2.182.831,35 ; 2.401.114,48 ; 2.619.397,61 ; 2.837.680,75 ; 3.063.140,25 ; 3.271.786,96 ; 3.271.786,96 ; 3.489.906,09 ; 3.711.591,67 ; 3.711.587,07 ; 3.711.587,07 ; 3.711.587,07 ; 6.856.765,51 ; 44.840.762,84 
CE;CROATA;2304236; 675.522,22 ; 743.074,44 ; 810.626,66 ; 878.178,89 ; 948.009,11 ; 1.012.583,03 ; 1.012.583,03 ; 1.080.088,57 ; 1.140.261,62 ; 1.140.260,20 ; 1.140.260,20 ; 1.140.260,20 ; 2.106.510,40 ; 13.828.218,57 
CE;CRUZ;2304251; 1.183.465,20 ; 1.301.811,72 ; 1.420.158,24 ; 1.538.504,76 ; 1.660.991,36 ; 1.774.130,28 ; 1.774.130,28 ; 1.892.405,63 ; 1.917.638,20 ; 1.917.635,83 ; 1.917.635,83 ; 1.917.635,83 ; 3.542.629,84 ; 23.758.773,00 
CE;DEPUTADO IRAPUAN PINHEIRO;2304269; 497.408,28 ; 547.149,11 ; 596.889,93 ; 646.630,76 ; 698.156,77 ; 745.711,93 ; 745.711,93 ; 795.426,05 ; 798.476,55 ; 798.475,56 ; 798.475,56 ; 798.475,56 ; 1.475.099,32 ; 9.942.087,31 
CE;ERERE;2304277; 176.586,60 ; 194.245,26 ; 211.903,92 ; 229.562,58 ; 247.816,44 ; 264.696,53 ; 264.696,53 ; 282.342,96 ; 300.063,88 ; 300.063,50 ; 300.063,50 ; 300.063,50 ; 554.335,70 ; 3.626.440,90 
CE;FARIAS BRITO;2304301; 842.985,57 ; 927.284,13 ; 1.011.582,69 ; 1.095.881,25 ; 1.183.182,63 ; 1.263.775,47 ; 1.263.775,47 ; 1.348.027,17 ; 1.355.615,66 ; 1.355.613,98 ; 1.355.613,98 ; 1.355.613,98 ; 2.504.353,76 ; 16.863.305,74 
CE;FORQUILHA;2304350; 1.238.141,88 ; 1.361.956,06 ; 1.485.770,25 ; 1.609.584,44 ; 1.737.856,85 ; 1.856.231,49 ; 1.856.231,49 ; 1.979.980,25 ; 2.018.182,68 ; 2.018.180,18 ; 2.018.180,18 ; 2.018.180,18 ; 3.728.374,92 ; 24.926.850,85 
CE;FORTALEZA;2304400; 552.360,89 ; 607.596,97 ; 662.833,06 ; 718.069,15 ; 753.096,04 ; 804.393,39 ; 804.393,39 ; 858.019,62 ; 789.381,38 ; 789.380,40 ; 789.380,40 ; 789.380,40 ; 1.458.296,98 ; 10.376.582,07 
CE;FORTIM;2304459; 450.755,32 ; 495.830,86 ; 540.906,39 ; 585.981,92 ; 632.587,66 ; 675.676,56 ; 675.676,56 ; 720.721,66 ; 746.794,91 ; 746.793,99 ; 746.793,99 ; 746.793,99 ; 1.379.623,07 ; 9.144.936,88 
CE;FRECHEIRINHA;2304509; 787.863,31 ; 866.649,64 ; 945.435,97 ; 1.024.222,30 ; 1.105.815,56 ; 1.181.138,51 ; 1.181.138,51 ; 1.259.881,08 ; 1.292.169,87 ; 1.292.168,27 ; 1.292.168,27 ; 1.292.168,27 ; 2.387.144,53 ; 15.907.964,09 
CE;GENERAL SAMPAIO;2304608; 87.777,08 ; 96.554,79 ; 105.332,50 ; 114.110,21 ; 123.087,92 ; 131.472,09 ; 131.472,09 ; 140.236,89 ; 140.318,70 ; 140.318,52 ; 140.318,52 ; 140.318,52 ; 259.223,70 ; 1.750.541,53 
CE;GRACA;2304657; 392.212,25 ; 431.433,48 ; 470.654,70 ; 509.875,93 ; 550.341,22 ; 587.827,87 ; 587.827,87 ; 627.016,39 ; 668.441,88 ; 668.441,06 ; 668.441,06 ; 668.441,06 ; 1.234.874,29 ; 8.065.829,06 
CE;GRANJA;2304707; 2.334.399,47 ; 2.567.839,42 ; 2.801.279,36 ; 3.034.719,31 ; 3.276.414,97 ; 3.499.588,95 ; 3.499.588,95 ; 3.732.894,87 ; 3.777.843,61 ; 3.777.838,93 ; 3.777.838,93 ; 3.777.838,93 ; 6.979.158,80 ; 46.837.244,50 
CE;GRANJEIRO;2304806; 207.330,49 ; 228.063,54 ; 248.796,59 ; 269.529,64 ; 290.981,65 ; 310.801,95 ; 310.801,95 ; 331.522,08 ; 332.693,81 ; 332.693,40 ; 332.693,40 ; 332.693,40 ; 614.615,97 ; 4.143.217,87 
CE;GROAIRAS;2304905; 217.903,43 ; 239.693,77 ; 261.484,11 ; 283.274,46 ; 305.757,87 ; 326.584,65 ; 326.584,65 ; 348.356,96 ; 367.749,64 ; 367.749,18 ; 367.749,18 ; 367.749,18 ; 679.377,86 ; 4.460.014,94 
CE;GUAIUBA;2304954; 1.241.935,18 ; 1.366.128,70 ; 1.490.322,22 ; 1.614.515,74 ; 1.743.183,15 ; 1.861.920,59 ; 1.861.920,59 ; 1.986.048,63 ; 2.060.540,31 ; 2.060.537,76 ; 2.060.537,76 ; 2.060.537,76 ; 3.806.626,06 ; 25.214.754,45 
CE;GUARACIABA DO NORTE;2305001; 2.050.647,67 ; 2.255.712,43 ; 2.460.777,20 ; 2.665.841,96 ; 2.878.207,75 ; 3.074.257,72 ; 3.074.257,72 ; 3.279.208,23 ; 3.416.245,73 ; 3.416.241,50 ; 3.416.241,50 ; 3.416.241,50 ; 6.311.145,69 ; 41.715.026,60 
CE;GUARAMIRANGA;2305100; 256.375,92 ; 282.013,51 ; 307.651,10 ; 333.288,69 ; 359.816,09 ; 384.325,07 ; 384.325,07 ; 409.946,74 ; 419.533,25 ; 419.532,73 ; 419.532,73 ; 419.532,73 ; 775.042,46 ; 5.170.916,09 
CE;HIDROLANDIA;2305209; 517.010,15 ; 568.711,17 ; 620.412,18 ; 672.113,20 ; 725.605,79 ; 775.030,64 ; 775.030,64 ; 826.699,35 ; 834.598,03 ; 834.596,99 ; 834.596,99 ; 834.596,99 ; 1.541.829,86 ; 10.360.831,98 
CE;HORIZONTE;2305233; 2.062.670,53 ; 2.268.937,58 ; 2.475.204,64 ; 2.681.471,69 ; 2.894.747,01 ; 3.091.923,56 ; 3.091.923,56 ; 3.298.051,80 ; 3.462.090,04 ; 3.462.085,76 ; 3.462.085,76 ; 3.462.085,76 ; 6.395.838,14 ; 42.109.115,83 
CE;IBARETAMA;2305266; 447.529,74 ; 492.282,72 ; 537.035,69 ; 581.788,66 ; 628.096,92 ; 670.879,93 ; 670.879,93 ; 715.605,25 ; 718.147,90 ; 718.147,01 ; 718.147,01 ; 718.147,01 ; 1.326.700,80 ; 8.943.388,57 
CE;IBIAPINA;2305308; 797.856,94 ; 877.642,64 ; 957.428,33 ; 1.037.214,02 ; 1.119.742,70 ; 1.196.014,30 ; 1.196.014,30 ; 1.275.748,59 ; 1.332.210,60 ; 1.332.208,95 ; 1.332.208,95 ; 1.332.208,95 ; 2.461.115,45 ; 16.247.614,72 
CE;IBICUITINGA;2305332; 612.503,70 ; 673.754,07 ; 735.004,44 ; 796.254,81 ; 859.658,57 ; 918.214,46 ; 918.214,46 ; 979.428,76 ; 983.007,03 ; 983.005,81 ; 983.005,81 ; 983.005,81 ; 1.815.999,48 ; 12.241.057,21 
CE;ICAPUI;2305357; 289.628,72 ; 318.591,59 ; 347.554,47 ; 376.517,34 ; 406.308,98 ; 433.984,84 ; 433.984,84 ; 462.917,16 ; 486.259,37 ; 486.258,77 ; 486.258,77 ; 486.258,77 ; 898.311,79 ; 5.912.835,41 
CE;ICO;2305407; 2.454.714,43 ; 2.700.185,87 ; 2.945.657,32 ; 3.191.128,76 ; 3.445.311,07 ; 3.679.989,45 ; 3.679.989,45 ; 3.925.322,07 ; 4.009.745,59 ; 4.009.740,62 ; 4.009.740,62 ; 4.009.740,62 ; 7.407.572,73 ; 49.468.838,60 
CE;IGUATU;2305506; 2.488.879,81 ; 2.737.767,79 ; 2.986.655,78 ; 3.235.543,76 ; 3.493.094,83 ; 3.731.028,01 ; 3.731.028,01 ; 3.979.763,21 ; 3.993.957,71 ; 3.993.952,77 ; 3.993.952,77 ; 3.993.952,77 ; 7.378.406,32 ; 49.737.983,54 
CE;INDEPENDENCIA;2305605; 1.029.457,30 ; 1.132.403,03 ; 1.235.348,76 ; 1.338.294,49 ; 1.444.958,92 ; 1.543.382,72 ; 1.543.382,72 ; 1.646.274,90 ; 1.686.669,74 ; 1.686.667,66 ; 1.686.667,66 ; 1.686.667,66 ; 3.115.940,50 ; 20.776.116,06 
CE;IPAPORANGA;2305654; 698.794,36 ; 768.673,80 ; 838.553,23 ; 908.432,67 ; 980.827,31 ; 1.047.636,65 ; 1.047.636,65 ; 1.117.479,09 ; 1.130.321,43 ; 1.130.320,03 ; 1.130.320,03 ; 1.130.320,03 ; 2.088.146,96 ; 14.017.462,24 
CE;IPAUMIRIM;2305704; 243.494,67 ; 267.844,14 ; 292.193,61 ; 316.543,08 ; 341.689,37 ; 364.963,65 ; 364.963,65 ; 389.294,56 ; 420.440,38 ; 420.439,86 ; 420.439,86 ; 420.439,86 ; 776.718,33 ; 5.039.465,02 
CE;IPU;2305803; 1.431.850,95 ; 1.575.036,05 ; 1.718.221,14 ; 1.861.406,24 ; 2.009.569,38 ; 2.146.451,79 ; 2.146.451,79 ; 2.289.548,57 ; 2.400.169,31 ; 2.400.166,34 ; 2.400.166,34 ; 2.400.166,34 ; 4.434.054,04 ; 29.213.258,28 
CE;IPUEIRAS;2305902; 1.917.314,78 ; 2.109.046,26 ; 2.300.777,74 ; 2.492.509,22 ; 2.691.138,62 ; 2.874.446,32 ; 2.874.446,32 ; 3.066.076,07 ; 3.175.617,72 ; 3.175.613,79 ; 3.175.613,79 ; 3.175.613,79 ; 5.866.611,42 ; 38.894.825,84 
CE;IRACEMA;2306009; 368.865,29 ; 405.751,81 ; 442.638,34 ; 479.524,87 ; 517.661,80 ; 552.922,49 ; 552.922,49 ; 589.783,99 ; 634.178,65 ; 634.177,87 ; 634.177,87 ; 634.177,87 ; 1.171.576,66 ; 7.618.360,00 
CE;IRAUCUBA;2306108; 1.288.739,69 ; 1.417.613,66 ; 1.546.487,63 ; 1.675.361,59 ; 1.808.809,29 ; 1.932.016,87 ; 1.932.016,87 ; 2.060.817,99 ; 2.229.138,76 ; 2.229.136,00 ; 2.229.136,00 ; 2.229.136,00 ; 4.118.093,54 ; 26.696.503,89 
CE;ITAICABA;2306207; 241.840,15 ; 266.024,17 ; 290.208,18 ; 314.392,20 ; 339.420,07 ; 362.539,77 ; 362.539,77 ; 386.709,09 ; 394.669,65 ; 394.669,16 ; 394.669,16 ; 394.669,16 ; 729.109,69 ; 4.871.460,22 
CE;ITAITINGA;2306256; 2.590.856,86 ; 2.849.942,55 ; 3.109.028,23 ; 3.368.113,92 ; 3.636.404,36 ; 3.884.099,12 ; 3.884.099,12 ; 4.143.039,06 ; 4.232.589,68 ; 4.232.584,44 ; 4.232.584,44 ; 4.232.584,44 ; 7.819.253,19 ; 52.215.179,41 
CE;ITAPAJE;2306306; 1.858.094,82 ; 2.043.904,30 ; 2.229.713,78 ; 2.415.523,26 ; 2.607.933,52 ; 2.785.573,68 ; 2.785.573,68 ; 2.971.278,59 ; 3.254.269,98 ; 3.254.265,95 ; 3.254.265,95 ; 3.254.265,95 ; 6.011.912,99 ; 38.726.576,45 
CE;ITAPIPOCA;2306405; 8.945.267,86 ; 9.839.794,65 ; 10.734.321,43 ; 11.628.848,22 ; 12.555.885,69 ; 13.411.133,55 ; 13.411.133,55 ; 14.305.209,12 ; 14.877.565,23 ; 14.877.546,82 ; 14.877.546,82 ; 14.877.546,82 ; 27.484.698,04 ; 181.826.497,80 
CE;ITAPIUNA;2306504; 261.405,69 ; 287.546,26 ; 313.686,83 ; 339.827,40 ; 366.769,56 ; 391.752,18 ; 391.752,18 ; 417.868,99 ; 418.930,06 ; 418.929,54 ; 418.929,54 ; 418.929,54 ; 773.928,18 ; 5.220.255,95 
CE;ITAREMA;2306553; 1.110.764,30 ; 1.221.840,73 ; 1.332.917,15 ; 1.443.993,58 ; 1.558.838,68 ; 1.665.019,44 ; 1.665.019,44 ; 1.776.020,74 ; 1.787.698,33 ; 1.787.696,12 ; 1.787.696,12 ; 1.787.696,12 ; 3.302.579,92 ; 22.227.780,67 
CE;ITATIRA;2306603; 832.788,07 ; 916.066,87 ; 999.345,68 ; 1.082.624,49 ; 1.168.631,07 ; 1.248.232,72 ; 1.248.232,72 ; 1.331.448,24 ; 1.336.554,98 ; 1.336.553,32 ; 1.336.553,32 ; 1.336.553,32 ; 2.469.141,23 ; 16.642.726,03 
CE;JAGUARETAMA;2306702; 555.588,07 ; 611.146,88 ; 666.705,68 ; 722.264,49 ; 779.742,05 ; 832.854,41 ; 832.854,41 ; 888.378,04 ; 899.767,51 ; 899.766,40 ; 899.766,40 ; 899.766,40 ; 1.662.223,47 ; 11.150.824,21 
CE;JAGUARIBARA;2306801; 496.371,85 ; 546.009,03 ; 595.646,21 ; 645.283,40 ; 696.646,65 ; 744.098,94 ; 744.098,94 ; 793.705,54 ; 819.063,86 ; 819.062,84 ; 819.062,84 ; 819.062,84 ; 1.513.132,16 ; 10.051.245,10 
CE;JAGUARIBE;2306900; 1.133.085,85 ; 1.246.394,43 ; 1.359.703,02 ; 1.473.011,60 ; 1.590.199,71 ; 1.698.516,63 ; 1.698.516,63 ; 1.811.751,08 ; 1.886.544,39 ; 1.886.542,06 ; 1.886.542,06 ; 1.886.542,06 ; 3.485.187,38 ; 23.042.536,90 
CE;JAGUARUANA;2307007; 1.143.059,98 ; 1.257.365,97 ; 1.371.671,97 ; 1.485.977,97 ; 1.604.297,70 ; 1.713.574,91 ; 1.713.574,91 ; 1.827.813,23 ; 1.918.238,59 ; 1.918.236,22 ; 1.918.236,22 ; 1.918.236,22 ; 3.543.738,98 ; 23.334.022,87 
CE;JARDIM;2307106; 894.473,14 ; 983.920,45 ; 1.073.367,76 ; 1.162.815,08 ; 1.255.372,87 ; 1.340.882,96 ; 1.340.882,96 ; 1.430.275,16 ; 1.451.779,26 ; 1.451.777,47 ; 1.451.777,47 ; 1.451.777,47 ; 2.682.005,67 ; 17.971.107,72 
CE;JATI;2307205; 94.171,35 ; 103.588,49 ; 113.005,62 ; 122.422,76 ; 132.090,99 ; 141.088,40 ; 141.088,40 ; 150.494,30 ; 150.931,50 ; 150.931,32 ; 150.931,32 ; 150.931,32 ; 278.829,71 ; 1.880.505,48 
CE;JIJOCA DE JERICOACOARA;2307254; 991.121,24 ; 1.090.233,37 ; 1.189.345,49 ; 1.288.457,61 ; 1.390.982,20 ; 1.485.729,37 ; 1.485.729,37 ; 1.584.777,99 ; 1.611.315,73 ; 1.611.313,74 ; 1.611.313,74 ; 1.611.313,74 ; 2.976.732,09 ; 19.928.365,68 
CE;JUAZEIRO DO NORTE;2307304; 3.386.441,69 ; 3.725.085,86 ; 4.063.730,03 ; 4.402.374,20 ; 4.738.640,21 ; 5.061.414,08 ; 5.061.414,08 ; 5.398.841,69 ; 5.805.880,50 ; 5.805.873,31 ; 5.805.873,31 ; 5.805.873,31 ; 10.725.738,35 ; 69.787.180,62 
CE;JUCAS;2307403; 921.415,09 ; 1.013.556,60 ; 1.105.698,11 ; 1.197.839,62 ; 1.293.224,11 ; 1.381.312,46 ; 1.381.312,46 ; 1.473.399,95 ; 1.508.163,97 ; 1.508.162,10 ; 1.508.162,10 ; 1.508.162,10 ; 2.786.170,33 ; 18.586.579,00 
CE;LAVRAS DA MANGABEIRA;2307502; 668.057,83 ; 734.863,62 ; 801.669,40 ; 868.475,18 ; 937.578,15 ; 1.001.441,56 ; 1.001.441,56 ; 1.068.204,33 ; 1.075.479,56 ; 1.075.478,22 ; 1.075.478,22 ; 1.075.478,22 ; 1.986.832,53 ; 13.370.478,38 
CE;LIMOEIRO DO NORTE;2307601; 1.469.212,48 ; 1.616.133,73 ; 1.763.054,98 ; 1.909.976,23 ; 2.062.002,14 ; 2.202.456,02 ; 2.202.456,02 ; 2.349.286,42 ; 2.435.468,81 ; 2.435.465,79 ; 2.435.465,79 ; 2.435.465,79 ; 4.499.266,06 ; 29.815.710,26 
CE;MADALENA;2307635; 1.129.539,65 ; 1.242.493,62 ; 1.355.447,58 ; 1.468.401,55 ; 1.585.408,33 ; 1.693.398,89 ; 1.693.398,89 ; 1.806.292,15 ; 1.820.216,58 ; 1.820.214,33 ; 1.820.214,33 ; 1.820.214,33 ; 3.362.653,91 ; 22.617.894,14 
CE;MARACANAU;2307650; 6.741.762,87 ; 7.415.939,15 ; 8.090.115,44 ; 8.764.291,72 ; 9.394.429,86 ; 10.034.334,22 ; 10.034.334,22 ; 10.703.289,83 ; 10.804.393,38 ; 10.804.380,00 ; 10.804.380,00 ; 10.804.380,00 ; 19.959.952,12 ; 134.355.982,81 
CE;MARANGUAPE;2307700; 3.060.929,73 ; 3.367.022,70 ; 3.673.115,67 ; 3.979.208,65 ; 4.296.035,77 ; 4.588.661,51 ; 4.588.661,51 ; 4.894.572,28 ; 5.168.319,01 ; 5.168.312,61 ; 5.168.312,61 ; 5.168.312,61 ; 9.547.912,25 ; 62.669.376,91 
CE;MARCO;2307809; 1.139.521,07 ; 1.253.473,17 ; 1.367.425,28 ; 1.481.377,39 ; 1.599.315,28 ; 1.708.253,11 ; 1.708.253,11 ; 1.822.136,65 ; 1.870.622,52 ; 1.870.620,21 ; 1.870.620,21 ; 1.870.620,21 ; 3.455.773,43 ; 23.018.011,64 
CE;MARTINOPOLE;2307908; 345.680,07 ; 380.248,09 ; 414.816,10 ; 449.384,10 ; 485.120,58 ; 518.164,72 ; 518.164,72 ; 552.709,03 ; 555.626,62 ; 555.625,93 ; 555.625,93 ; 555.625,93 ; 1.026.460,27 ; 6.913.252,09 
CE;MASSAPE;2308005; 1.709.264,46 ; 1.880.190,91 ; 2.051.117,36 ; 2.222.043,80 ; 2.399.015,55 ; 2.562.425,20 ; 2.562.425,20 ; 2.733.253,55 ; 2.779.495,05 ; 2.779.491,61 ; 2.779.491,61 ; 2.779.491,61 ; 5.134.817,46 ; 34.372.523,37 
CE;MAURITI;2308104; 1.357.315,77 ; 1.493.047,34 ; 1.628.778,92 ; 1.764.510,50 ; 1.904.885,32 ; 2.034.637,15 ; 2.034.637,15 ; 2.170.279,62 ; 2.199.698,59 ; 2.199.695,87 ; 2.199.695,87 ; 2.199.695,87 ; 4.063.706,01 ; 27.250.583,98 
CE;MERUOCA;2308203; 550.004,81 ; 605.005,29 ; 660.005,77 ; 715.006,25 ; 771.919,03 ; 824.498,53 ; 824.498,53 ; 879.465,09 ; 906.633,12 ; 906.631,99 ; 906.631,99 ; 906.631,99 ; 1.674.906,93 ; 11.131.839,32 
CE;MILAGRES;2308302; 759.091,42 ; 835.000,57 ; 910.909,71 ; 986.818,85 ; 1.065.358,81 ; 1.137.926,04 ; 1.137.926,04 ; 1.213.787,77 ; 1.230.743,00 ; 1.230.741,47 ; 1.230.741,47 ; 1.230.741,47 ; 2.273.665,00 ; 15.243.451,62 
CE;MILHA;2308351; 428.218,63 ; 471.040,50 ; 513.862,36 ; 556.684,22 ; 600.988,69 ; 641.925,21 ; 641.925,21 ; 684.720,22 ; 719.251,99 ; 719.251,10 ; 719.251,10 ; 719.251,10 ; 1.328.740,48 ; 8.745.110,81 
CE;MIRAIMA;2308377; 550.433,44 ; 605.476,79 ; 660.520,13 ; 715.563,48 ; 772.549,16 ; 825.171,57 ; 825.171,57 ; 880.183,01 ; 892.855,92 ; 892.854,81 ; 892.854,81 ; 892.854,81 ; 1.649.455,04 ; 11.055.944,54 
CE;MISSAO VELHA;2308401; 1.158.135,04 ; 1.273.948,54 ; 1.389.762,04 ; 1.505.575,55 ; 1.625.409,01 ; 1.736.124,23 ; 1.736.124,23 ; 1.851.865,84 ; 1.896.858,54 ; 1.896.856,19 ; 1.896.856,19 ; 1.896.856,19 ; 3.504.241,66 ; 23.368.613,25 
CE;MOMBACA;2308500; 1.581.963,18 ; 1.740.159,50 ; 1.898.355,82 ; 2.056.552,14 ; 2.220.359,78 ; 2.371.600,24 ; 2.371.600,24 ; 2.529.706,92 ; 2.548.702,76 ; 2.548.699,60 ; 2.548.699,60 ; 2.548.699,60 ; 4.708.453,58 ; 31.673.552,96 
CE;MONSENHOR TABOSA;2308609; 362.263,08 ; 398.489,39 ; 434.715,69 ; 470.942,00 ; 508.268,07 ; 542.888,90 ; 542.888,90 ; 579.081,49 ; 585.369,87 ; 585.369,14 ; 585.369,14 ; 585.369,14 ; 1.081.407,72 ; 7.262.422,53 
CE;MORADA NOVA;2308708; 341.825,92 ; 376.008,52 ; 410.191,11 ; 444.373,70 ; 479.227,29 ; 511.870,00 ; 511.870,00 ; 545.994,67 ; 605.228,09 ; 605.227,34 ; 605.227,34 ; 605.227,34 ; 1.118.093,61 ; 7.160.364,93 
CE;MORAUJO;2308807; 661.490,60 ; 727.639,66 ; 793.788,72 ; 859.937,78 ; 928.508,31 ; 991.753,92 ; 991.753,92 ; 1.057.870,85 ; 1.062.626,62 ; 1.062.625,30 ; 1.062.625,30 ; 1.062.625,30 ; 1.963.088,11 ; 13.226.334,39 
CE;MORRINHOS;2308906; 666.792,13 ; 733.471,34 ; 800.150,56 ; 866.829,77 ; 935.810,75 ; 999.553,77 ; 999.553,77 ; 1.066.190,69 ; 1.077.343,32 ; 1.077.341,99 ; 1.077.341,99 ; 1.077.341,99 ; 1.990.275,64 ; 13.367.997,71 
CE;MUCAMBO;2309003; 505.207,02 ; 555.727,72 ; 606.248,42 ; 656.769,12 ; 709.045,86 ; 757.342,72 ; 757.342,72 ; 807.832,24 ; 818.776,80 ; 818.775,78 ; 818.775,78 ; 818.775,78 ; 1.512.601,86 ; 10.143.221,82 
CE;MULUNGU;2309102; 728.529,00 ; 801.381,90 ; 874.234,80 ; 947.087,70 ; 1.022.587,27 ; 1.092.241,10 ; 1.092.241,10 ; 1.165.057,18 ; 1.178.036,38 ; 1.178.034,92 ; 1.178.034,92 ; 1.178.034,92 ; 2.176.295,18 ; 14.611.796,37 
CE;NOVA OLINDA;2309201; 688.712,19 ; 757.583,41 ; 826.454,63 ; 895.325,84 ; 966.658,12 ; 1.032.502,32 ; 1.032.502,32 ; 1.101.335,81 ; 1.105.517,03 ; 1.105.515,66 ; 1.105.515,66 ; 1.105.515,66 ; 2.042.323,50 ; 13.765.462,15 
CE;NOVA RUSSAS;2309300; 1.347.869,56 ; 1.482.656,51 ; 1.617.443,47 ; 1.752.230,43 ; 1.891.799,01 ; 2.020.659,45 ; 2.020.659,45 ; 2.155.370,08 ; 2.232.057,25 ; 2.232.054,48 ; 2.232.054,48 ; 2.232.054,48 ; 4.123.485,15 ; 27.340.393,80 
CE;NOVO ORIENTE;2309409; 1.033.402,92 ; 1.136.743,21 ; 1.240.083,50 ; 1.343.423,79 ; 1.450.315,34 ; 1.549.104,00 ; 1.549.104,00 ; 1.652.377,60 ; 1.693.982,13 ; 1.693.980,04 ; 1.693.980,04 ; 1.693.980,04 ; 3.129.449,36 ; 20.859.925,97 
CE;OCARA;2309458; 928.922,98 ; 1.021.815,27 ; 1.114.707,57 ; 1.207.599,87 ; 1.303.775,72 ; 1.392.582,79 ; 1.392.582,79 ; 1.485.421,64 ; 1.490.918,80 ; 1.490.916,95 ; 1.490.916,95 ; 1.490.916,95 ; 2.754.311,73 ; 18.565.390,01 
CE;OROS;2309508; 410.961,25 ; 452.057,38 ; 493.153,50 ; 534.249,63 ; 576.668,85 ; 615.948,82 ; 615.948,82 ; 657.012,08 ; 673.293,18 ; 673.292,35 ; 673.292,35 ; 673.292,35 ; 1.243.836,54 ; 8.293.007,10 
CE;PACAJUS;2309607; 1.983.097,25 ; 2.181.406,97 ; 2.379.716,69 ; 2.578.026,42 ; 2.783.217,80 ; 2.972.797,50 ; 2.972.797,50 ; 3.170.984,00 ; 3.310.951,48 ; 3.310.947,38 ; 3.310.947,38 ; 3.310.947,38 ; 6.116.625,93 ; 40.382.463,68 
CE;PACATUBA;2309706; 2.171.500,35 ; 2.388.650,39 ; 2.605.800,42 ; 2.822.950,46 ; 3.047.687,40 ; 3.255.281,52 ; 3.255.281,52 ; 3.472.300,29 ; 3.754.703,26 ; 3.754.698,61 ; 3.754.698,61 ; 3.754.698,61 ; 6.936.409,51 ; 44.974.660,95 
CE;PACOTI;2309805; 513.565,68 ; 564.922,24 ; 616.278,81 ; 667.635,38 ; 720.816,95 ; 769.915,61 ; 769.915,61 ; 821.243,32 ; 824.320,81 ; 824.319,79 ; 824.319,79 ; 824.319,79 ; 1.522.843,82 ; 10.264.417,60 
CE;PACUJA;2309904; 86.376,58 ; 95.014,24 ; 103.651,89 ; 112.289,55 ; 121.148,96 ; 129.401,06 ; 129.401,06 ; 138.027,80 ; 152.957,08 ; 152.956,89 ; 152.956,89 ; 152.956,89 ; 282.571,76 ; 1.809.710,65 
CE;PALHANO;2310001; 237.258,34 ; 260.984,17 ; 284.710,01 ; 308.435,84 ; 332.969,38 ; 355.649,69 ; 355.649,69 ; 379.359,67 ; 383.488,65 ; 383.488,18 ; 383.488,18 ; 383.488,18 ; 708.453,97 ; 4.757.423,95 
CE;PALMACIA;2310100; 250.053,01 ; 275.058,31 ; 300.063,61 ; 325.068,92 ; 350.907,57 ; 374.809,74 ; 374.809,74 ; 399.797,06 ; 401.076,25 ; 401.075,76 ; 401.075,76 ; 401.075,76 ; 740.945,17 ; 4.995.816,66 
CE;PARACURU;2310209; 1.567.150,04 ; 1.723.865,04 ; 1.880.580,04 ; 2.037.295,05 ; 2.199.532,89 ; 2.349.354,72 ; 2.349.354,72 ; 2.505.978,36 ; 2.640.789,24 ; 2.640.785,97 ; 2.640.785,97 ; 2.640.785,97 ; 4.878.573,44 ; 32.054.831,45 
CE;PARAIPABA;2310258; 2.147.333,67 ; 2.362.067,04 ; 2.576.800,41 ; 2.791.533,78 ; 3.014.078,78 ; 3.219.383,64 ; 3.219.383,64 ; 3.434.009,22 ; 3.571.284,29 ; 3.571.279,87 ; 3.571.279,87 ; 3.571.279,87 ; 6.597.562,74 ; 43.647.276,82 
CE;PARAMBU;2310308; 961.833,15 ; 1.058.016,47 ; 1.154.199,78 ; 1.250.383,09 ; 1.349.919,03 ; 1.441.869,16 ; 1.441.869,16 ; 1.537.993,78 ; 1.564.365,65 ; 1.564.363,72 ; 1.564.363,72 ; 1.564.363,72 ; 2.889.996,89 ; 19.343.537,32 
CE;PARAMOTI;2310407; 457.751,26 ; 503.526,38 ; 549.301,51 ; 595.076,63 ; 642.464,29 ; 686.225,94 ; 686.225,94 ; 731.974,33 ; 746.939,53 ; 746.938,60 ; 746.938,60 ; 746.938,60 ; 1.379.890,24 ; 9.220.191,85 
CE;PEDRA BRANCA;2310506; 1.322.914,71 ; 1.455.206,18 ; 1.587.497,65 ; 1.719.789,12 ; 1.856.680,45 ; 1.983.148,78 ; 1.983.148,78 ; 2.115.358,70 ; 2.123.422,93 ; 2.123.420,30 ; 2.123.420,30 ; 2.123.420,30 ; 3.922.794,97 ; 26.440.223,17 
CE;PENAFORTE;2310605; 239.468,06 ; 263.414,87 ; 287.361,68 ; 311.308,48 ; 336.061,80 ; 358.952,75 ; 358.952,75 ; 382.882,93 ; 384.675,10 ; 384.674,62 ; 384.674,62 ; 384.674,62 ; 710.645,80 ; 4.787.748,08 
CE;PENTECOSTE;2310704; 1.092.591,90 ; 1.201.851,09 ; 1.311.110,28 ; 1.420.369,47 ; 1.533.387,93 ; 1.637.835,10 ; 1.637.835,10 ; 1.747.024,11 ; 1.850.723,53 ; 1.850.721,24 ; 1.850.721,24 ; 1.850.721,24 ; 3.419.012,20 ; 22.403.904,43 
CE;PEREIRO;2310803; 801.990,02 ; 882.189,02 ; 962.388,02 ; 1.042.587,03 ; 1.125.591,29 ; 1.202.261,27 ; 1.202.261,27 ; 1.282.412,02 ; 1.326.241,51 ; 1.326.239,87 ; 1.326.239,87 ; 1.326.239,87 ; 2.450.088,22 ; 16.256.729,28 
CE;PINDORETAMA;2310852; 1.243.448,33 ; 1.367.793,16 ; 1.492.137,99 ; 1.616.482,83 ; 1.745.286,86 ; 1.864.167,59 ; 1.864.167,59 ; 1.988.445,43 ; 2.030.873,17 ; 2.030.870,66 ; 2.030.870,66 ; 2.030.870,66 ; 3.751.819,23 ; 25.057.234,16 
CE;PIQUET CARNEIRO;2310902; 499.720,43 ; 549.692,47 ; 599.664,51 ; 649.636,55 ; 701.337,88 ; 749.109,71 ; 749.109,71 ; 799.050,36 ; 836.988,39 ; 836.987,36 ; 836.987,36 ; 836.987,36 ; 1.546.245,80 ; 10.191.517,89 
CE;PIRES FERREIRA;2310951; 423.886,34 ; 466.274,97 ; 508.663,60 ; 551.052,23 ; 594.946,76 ; 635.471,73 ; 635.471,73 ; 677.836,52 ; 684.141,98 ; 684.141,14 ; 684.141,14 ; 684.141,14 ; 1.263.878,53 ; 8.494.047,81 
CE;PORANGA;2311009; 969.116,62 ; 1.066.028,28 ; 1.162.939,94 ; 1.259.851,60 ; 1.360.310,62 ; 1.452.968,58 ; 1.452.968,58 ; 1.549.833,16 ; 1.580.697,82 ; 1.580.695,86 ; 1.580.695,86 ; 1.580.695,86 ; 2.920.168,80 ; 19.516.971,58 
CE;PORTEIRAS;2311108; 1.053.671,95 ; 1.159.039,14 ; 1.264.406,34 ; 1.369.773,53 ; 1.478.923,22 ; 1.579.660,52 ; 1.579.660,52 ; 1.684.971,22 ; 1.691.436,72 ; 1.691.434,63 ; 1.691.434,63 ; 1.691.434,63 ; 3.124.746,98 ; 21.060.594,03 
CE;POTENGI;2311207; 568.796,37 ; 625.676,01 ; 682.555,64 ; 739.435,28 ; 798.390,76 ; 852.773,38 ; 852.773,38 ; 909.624,94 ; 922.260,19 ; 922.259,05 ; 922.259,05 ; 922.259,05 ; 1.703.776,26 ; 11.422.839,36 
CE;POTIRETAMA;2311231; 351.824,59 ; 387.007,06 ; 422.189,52 ; 457.371,98 ; 493.792,25 ; 527.427,05 ; 527.427,05 ; 562.588,85 ; 600.050,07 ; 600.049,33 ; 600.049,33 ; 600.049,33 ; 1.108.527,79 ; 7.238.354,20 
CE;QUITERIANOPOLIS;2311264; 1.094.859,32 ; 1.204.345,25 ; 1.313.831,18 ; 1.423.317,11 ; 1.536.669,13 ; 1.641.339,80 ; 1.641.339,80 ; 1.750.762,46 ; 1.770.653,25 ; 1.770.651,06 ; 1.770.651,06 ; 1.770.651,06 ; 3.271.091,00 ; 21.960.161,48 
CE;QUIXADA;2311306; 2.467.598,69 ; 2.714.358,56 ; 2.961.118,43 ; 3.207.878,29 ; 3.463.279,77 ; 3.699.182,09 ; 3.699.182,09 ; 3.945.794,23 ; 3.960.076,07 ; 3.960.071,16 ; 3.960.071,16 ; 3.960.071,16 ; 7.315.813,64 ; 49.314.495,34 
CE;QUIXELO;2311355; 705.188,30 ; 775.707,13 ; 846.225,96 ; 916.744,79 ; 989.753,21 ; 1.057.170,54 ; 1.057.170,54 ; 1.127.648,58 ; 1.131.809,41 ; 1.131.808,01 ; 1.131.808,01 ; 1.131.808,01 ; 2.090.895,87 ; 14.093.738,36 
CE;QUIXERAMOBIM;2311405; 3.597.935,19 ; 3.957.728,70 ; 4.317.522,22 ; 4.677.315,74 ; 5.049.986,39 ; 5.393.967,70 ; 5.393.967,70 ; 5.753.565,55 ; 5.775.488,95 ; 5.775.481,80 ; 5.775.481,80 ; 5.775.481,80 ; 10.669.593,27 ; 71.913.516,81 
CE;QUIXERE;2311504; 382.800,50 ; 421.080,54 ; 459.360,59 ; 497.640,64 ; 537.161,08 ; 573.749,97 ; 573.749,97 ; 611.999,96 ; 618.526,14 ; 618.525,37 ; 618.525,37 ; 618.525,37 ; 1.142.660,33 ; 7.674.305,83 
CE;REDENCAO;2311603; 1.029.155,49 ; 1.132.071,04 ; 1.234.986,58 ; 1.337.902,13 ; 1.444.442,12 ; 1.542.830,72 ; 1.542.830,72 ; 1.645.686,10 ; 1.651.723,14 ; 1.651.721,10 ; 1.651.721,10 ; 1.651.721,10 ; 3.051.380,44 ; 20.568.171,78 
CE;RERIUTABA;2311702; 882.219,25 ; 970.441,17 ; 1.058.663,09 ; 1.146.885,02 ; 1.238.245,77 ; 1.322.589,25 ; 1.322.589,25 ; 1.410.761,87 ; 1.453.474,36 ; 1.453.472,56 ; 1.453.472,56 ; 1.453.472,56 ; 2.685.137,16 ; 17.851.423,87 
CE;RUSSAS;2311801; 2.751.700,76 ; 3.026.870,83 ; 3.302.040,91 ; 3.577.210,98 ; 3.862.104,22 ; 4.125.172,59 ; 4.125.172,59 ; 4.400.184,09 ; 4.543.694,43 ; 4.543.688,81 ; 4.543.688,81 ; 4.543.688,81 ; 8.393.985,66 ; 55.739.203,49 
CE;SABOEIRO;2311900; 569.752,30 ; 626.727,53 ; 683.702,76 ; 740.677,99 ; 799.665,68 ; 854.135,14 ; 854.135,14 ; 911.077,48 ; 938.405,75 ; 938.404,59 ; 938.404,59 ; 938.404,59 ; 1.733.603,42 ; 11.527.096,96 
CE;SALITRE;2311959; 1.221.236,84 ; 1.343.360,52 ; 1.465.484,21 ; 1.587.607,89 ; 1.714.153,53 ; 1.830.913,61 ; 1.830.913,61 ; 1.952.974,51 ; 2.039.782,95 ; 2.039.780,43 ; 2.039.780,43 ; 2.039.780,43 ; 3.768.279,09 ; 24.874.048,05 
CE;SANTA QUITERIA;2312205; 1.693.898,83 ; 1.863.288,71 ; 2.032.678,60 ; 2.202.068,48 ; 2.377.473,21 ; 2.539.415,50 ; 2.539.415,50 ; 2.708.709,86 ; 2.836.163,69 ; 2.836.160,18 ; 2.836.160,18 ; 2.836.160,18 ; 5.239.506,67 ; 34.541.099,59 
CE;SANTANA DO ACARAU;2312007; 621.974,58 ; 684.172,04 ; 746.369,50 ; 808.566,95 ; 872.840,29 ; 932.294,07 ; 932.294,07 ; 994.447,01 ; 999.156,20 ; 999.154,97 ; 999.154,97 ; 999.154,97 ; 1.845.833,34 ; 12.435.412,96 
CE;SANTANA DO CARIRI;2312106; 531.567,84 ; 584.724,63 ; 637.881,41 ; 691.038,20 ; 746.030,25 ; 796.846,33 ; 796.846,33 ; 849.969,41 ; 881.936,37 ; 881.935,28 ; 881.935,28 ; 881.935,28 ; 1.629.282,33 ; 10.791.928,94 
CE;SAO BENEDITO;2312304; 2.634.322,60 ; 2.897.754,86 ; 3.161.187,12 ; 3.424.619,38 ; 3.697.561,59 ; 3.949.422,09 ; 3.949.422,09 ; 4.212.716,90 ; 4.303.845,26 ; 4.303.839,93 ; 4.303.839,93 ; 4.303.839,93 ; 7.950.890,17 ; 53.093.261,85 
CE;SAO GONCALO DO AMARANTE;2312403; -   ; -   ; -   ; -   ; -   ; -   ; -   ; -   ; 19.648,66 ; 19.648,64 ; 19.648,64 ; 19.648,64 ; 36.298,82 ; 114.893,40 
CE;SAO JOAO DO JAGUARIBE;2312502; 94.649,76 ; 104.114,74 ; 113.579,71 ; 123.044,69 ; 132.802,87 ; 141.848,77 ; 141.848,77 ; 151.305,36 ; 152.231,78 ; 152.231,59 ; 152.231,59 ; 152.231,59 ; 281.231,82 ; 1.893.353,04 
CE;SAO LUIS DO CURU;2312601; 711.514,75 ; 782.666,22 ; 853.817,70 ; 924.969,17 ; 998.731,10 ; 1.066.759,96 ; 1.066.759,96 ; 1.137.877,29 ; 1.163.314,29 ; 1.163.312,85 ; 1.163.312,85 ; 1.163.312,85 ; 2.149.097,72 ; 14.345.446,71 
CE;SENADOR POMPEU;2312700; 315.192,58 ; 346.711,84 ; 378.231,10 ; 409.750,36 ; 442.263,09 ; 472.387,97 ; 472.387,97 ; 503.880,52 ; 548.394,45 ; 548.393,77 ; 548.393,77 ; 548.393,77 ; 1.013.099,61 ; 6.547.480,80 
CE;SENADOR SA;2312809; 501.680,69 ; 551.848,76 ; 602.016,83 ; 652.184,89 ; 704.155,72 ; 752.119,49 ; 752.119,49 ; 802.260,79 ; 805.526,97 ; 805.525,97 ; 805.525,97 ; 805.525,97 ; 1.488.124,23 ; 10.028.615,77 
CE;SOBRAL;2312908; 4.820.887,53 ; 5.302.976,28 ; 5.785.065,03 ; 6.267.153,78 ; 6.765.399,26 ; 7.226.226,42 ; 7.226.226,42 ; 7.707.974,85 ; 8.272.288,10 ; 8.272.277,86 ; 8.272.277,86 ; 8.272.277,86 ; 15.282.160,56 ; 99.473.191,81 
CE;SOLONOPOLE;2313005; 66.109,46 ; 72.720,41 ; 79.331,35 ; 85.942,30 ; 92.549,60 ; 98.853,65 ; 98.853,65 ; 105.443,89 ; 105.602,73 ; 105.602,60 ; 105.602,60 ; 105.602,60 ; 195.089,67 ; 1.317.304,51 
CE;TABULEIRO DO NORTE;2313104; 523.717,88 ; 576.089,66 ; 628.461,45 ; 680.833,24 ; 734.943,20 ; 785.004,08 ; 785.004,08 ; 837.337,68 ; 870.805,97 ; 870.804,89 ; 870.804,89 ; 870.804,89 ; 1.608.720,12 ; 10.643.332,03 
CE;TAMBORIL;2313203; 1.051.635,59 ; 1.156.799,14 ; 1.261.962,70 ; 1.367.126,26 ; 1.476.006,77 ; 1.576.545,41 ; 1.576.545,41 ; 1.681.648,43 ; 1.740.672,21 ; 1.740.670,06 ; 1.740.670,06 ; 1.740.670,06 ; 3.215.704,25 ; 21.326.656,35 
CE;TARRAFAS;2313252; 245.027,18 ; 269.529,90 ; 294.032,61 ; 318.535,33 ; 343.891,68 ; 367.315,96 ; 367.315,96 ; 391.803,69 ; 418.102,24 ; 418.101,72 ; 418.101,72 ; 418.101,72 ; 772.398,84 ; 5.042.258,55 
CE;TAUA;2313302; 2.424.040,66 ; 2.666.444,73 ; 2.908.848,79 ; 3.151.252,86 ; 3.402.251,16 ; 3.633.996,50 ; 3.633.996,50 ; 3.876.262,94 ; 4.010.817,15 ; 4.010.812,18 ; 4.010.812,18 ; 4.010.812,18 ; 7.409.552,31 ; 49.149.900,14 
CE;TEJUCUOCA;2313351; 1.120.615,82 ; 1.232.677,40 ; 1.344.738,98 ; 1.456.800,57 ; 1.572.857,24 ; 1.679.992,88 ; 1.679.992,88 ; 1.791.992,40 ; 1.810.036,08 ; 1.810.033,84 ; 1.810.033,84 ; 1.810.033,84 ; 3.343.846,52 ; 22.463.652,29 
CE;TIANGUA;2313401; 3.655.060,70 ; 4.020.566,77 ; 4.386.072,84 ; 4.751.578,91 ; 5.130.118,49 ; 5.479.558,03 ; 5.479.558,03 ; 5.844.861,90 ; 6.133.232,22 ; 6.133.224,62 ; 6.133.224,62 ; 6.133.224,62 ; 11.330.485,38 ; 74.610.767,13 
CE;TRAIRI;2313500; 2.249.909,52 ; 2.474.900,47 ; 2.699.891,42 ; 2.924.882,37 ; 3.157.750,01 ; 3.372.841,09 ; 3.372.841,09 ; 3.597.697,16 ; 3.652.910,61 ; 3.652.906,09 ; 3.652.906,09 ; 3.652.906,09 ; 6.748.358,58 ; 45.210.700,59 
CE;TURURU;2313559; 931.501,02 ; 1.024.651,13 ; 1.117.801,23 ; 1.210.951,33 ; 1.307.446,73 ; 1.396.503,85 ; 1.396.503,85 ; 1.489.604,11 ; 1.527.595,49 ; 1.527.593,60 ; 1.527.593,60 ; 1.527.593,60 ; 2.822.067,98 ; 18.807.407,52 
CE;UBAJARA;2313609; 1.709.536,62 ; 1.880.490,29 ; 2.051.443,95 ; 2.222.397,61 ; 2.399.463,84 ; 2.562.904,02 ; 2.562.904,02 ; 2.733.764,29 ; 2.837.431,12 ; 2.837.427,61 ; 2.837.427,61 ; 2.837.427,61 ; 5.241.848,11 ; 34.714.466,70 
CE;UMARI;2313708; 231.641,92 ; 254.806,12 ; 277.970,31 ; 301.134,50 ; 325.109,16 ; 347.254,06 ; 347.254,06 ; 370.404,34 ; 375.592,00 ; 375.591,53 ; 375.591,53 ; 375.591,53 ; 693.865,76 ; 4.651.806,82 
CE;UMIRIM;2313757; 1.065.205,09 ; 1.171.725,60 ; 1.278.246,11 ; 1.384.766,61 ; 1.495.142,87 ; 1.596.984,96 ; 1.596.984,96 ; 1.703.450,63 ; 1.772.593,51 ; 1.772.591,31 ; 1.772.591,31 ; 1.772.591,31 ; 3.274.675,41 ; 21.657.549,68 
CE;URUBURETAMA;2313807; 1.139.411,60 ; 1.253.352,75 ; 1.367.293,91 ; 1.481.235,07 ; 1.599.253,39 ; 1.708.187,00 ; 1.708.187,00 ; 1.822.066,14 ; 1.875.398,84 ; 1.875.396,52 ; 1.875.396,52 ; 1.875.396,52 ; 3.464.597,15 ; 23.045.172,41 
CE;URUOCA;2313906; 506.911,02 ; 557.602,12 ; 608.293,22 ; 658.984,32 ; 711.422,58 ; 759.881,33 ; 759.881,33 ; 810.540,09 ; 813.362,57 ; 813.361,57 ; 813.361,57 ; 813.361,57 ; 1.502.599,65 ; 10.129.562,94 
CE;VARJOTA;2313955; 661.822,31 ; 728.004,54 ; 794.186,77 ; 860.369,00 ; 928.793,26 ; 992.058,29 ; 992.058,29 ; 1.058.195,51 ; 1.077.372,00 ; 1.077.370,67 ; 1.077.370,67 ; 1.077.370,67 ; 1.990.328,61 ; 13.315.300,59 
CE;VARZEA ALEGRE;2314003; 1.575.880,31 ; 1.733.468,34 ; 1.891.056,37 ; 2.048.644,40 ; 2.211.881,17 ; 2.362.544,11 ; 2.362.544,11 ; 2.520.047,05 ; 2.739.029,39 ; 2.739.026,00 ; 2.739.026,00 ; 2.739.026,00 ; 5.060.061,52 ; 32.722.234,77 
CE;VICOSA DO CEARA;2314102; 4.247.944,20 ; 4.672.738,62 ; 5.097.533,04 ; 5.522.327,46 ; 5.962.597,62 ; 6.368.741,71 ; 6.368.741,71 ; 6.793.324,49 ; 6.872.799,68 ; 6.872.791,17 ; 6.872.791,17 ; 6.872.791,17 ; 12.696.756,53 ; 85.221.878,57 
ES;AFONSO CLAUDIO;3200102; 296.848,71 ; 326.533,59 ; 356.218,46 ; 385.903,33 ; 416.449,84 ; 444.816,45 ; 444.816,45 ; 474.470,88 ; 476.839,83 ; 476.839,24 ; 476.839,24 ; 476.839,24 ; 880.910,23 ; 5.934.325,49 
ES;AGUA DOCE DO NORTE;3200169; 54.759,46 ; 60.235,41 ; 65.711,36 ; 71.187,30 ; 76.756,83 ; 81.985,14 ; 81.985,14 ; 87.450,82 ; 92.029,94 ; 92.029,83 ; 92.029,83 ; 92.029,83 ; 170.015,43 ; 1.118.206,32 
ES;AGUIA BRANCA;3200136; 29.233,79 ; 32.157,17 ; 35.080,55 ; 38.003,92 ; 40.922,24 ; 43.709,67 ; 43.709,67 ; 46.623,65 ; 46.366,44 ; 46.366,38 ; 46.366,38 ; 46.366,38 ; 85.657,03 ; 580.563,27 
ES;ALEGRE;3200201; 15.257,11 ; 16.782,82 ; 18.308,53 ; 19.834,24 ; 21.216,70 ; 22.661,88 ; 22.661,88 ; 24.172,67 ; 23.480,40 ; 23.480,37 ; 23.480,37 ; 23.480,37 ; 43.377,53 ; 298.194,87 
ES;ALFREDO CHAVES;3200300; 10.326,64 ; 11.359,30 ; 12.391,97 ; 13.424,63 ;-47.502,54 ; -   ; -   ; -   ; -   ; -   ; -   ; -   ; -   ; -   
ES;ALTO RIO NOVO;3200359; 23.846,47 ; 26.231,12 ; 28.615,76 ; 31.000,41 ; 33.400,79 ; 35.675,89 ; 35.675,89 ; 38.054,28 ; 39.681,43 ; 39.681,38 ; 39.681,38 ; 39.681,38 ; 73.307,20 ; 484.533,38 
ES;APIACA;3200508; 33.256,22 ; 36.581,84 ; 39.907,46 ; 43.233,08 ; 46.612,95 ; 49.788,01 ; 49.788,01 ; 53.107,21 ; 53.052,78 ; 53.052,71 ; 53.052,71 ; 53.052,71 ; 98.009,31 ; 662.495,00 
ES;ATILIO VIVACQUA;3200706; 155.470,02 ; 171.017,02 ; 186.564,02 ; 202.111,02 ; 218.096,40 ; 232.952,10 ; 232.952,10 ; 248.482,24 ; 248.961,04 ; 248.960,73 ; 248.960,73 ; 248.960,73 ; 459.928,72 ; 3.103.416,87 
ES;BAIXO GUANDU;3200805; 84.776,95 ; 93.254,65 ; 101.732,34 ; 110.210,04 ; 118.699,28 ; 126.784,51 ; 126.784,51 ; 135.236,82 ; 140.874,18 ; 140.874,00 ; 140.874,00 ; 140.874,00 ; 260.249,89 ; 1.721.225,17 
ES;BARRA DE SAO FRANCISCO;3200904; 551.497,56 ; 606.647,31 ; 661.797,07 ; 716.946,82 ; 501.773,66 ; 535.952,12 ; 535.952,12 ; 571.682,26 ; 576.078,90 ; 576.078,19 ; 576.078,19 ; 576.078,19 ; 1.064.243,66 ; 8.050.806,05 
ES;BOA ESPERANCA;3201001; 80.765,25 ; 88.841,77 ; 96.918,30 ; 104.994,83 ; 113.224,19 ; 120.936,49 ; 120.936,49 ; 128.998,92 ; 134.817,34 ; 134.817,17 ; 134.817,17 ; 134.817,17 ; 249.060,55 ; 1.643.945,64 
ES;BOM JESUS DO NORTE;3201100; 24.410,46 ; 26.851,51 ; 29.292,56 ; 31.733,60 ; 34.167,42 ; 36.494,74 ; 36.494,74 ; 38.927,73 ; 45.230,77 ; 45.230,71 ; 45.230,71 ; 45.230,71 ; 83.559,01 ; 522.854,67 
ES;BREJETUBA;3201159; 227.025,96 ; 249.728,56 ; 272.431,15 ; 295.133,75 ; 318.575,26 ; 340.275,11 ; 340.275,11 ; 362.960,12 ; 365.059,13 ; 365.058,68 ; 365.058,68 ; 365.058,68 ; 674.407,42 ; 4.541.047,61 
ES;CACHOEIRO DE ITAPEMIRIM;3201209; 1.661.057,21 ; 1.827.162,93 ; 1.993.268,66 ; 2.159.374,38 ; 2.330.105,76 ; 2.488.821,61 ; 2.488.821,61 ; 2.654.743,05 ; 2.659.628,62 ; 2.659.625,33 ; 2.659.625,33 ; 2.659.625,33 ; 4.913.377,16 ; 33.155.236,98 
ES;CARIACICA;3201308; 4.802.747,37 ; 5.283.022,11 ; 5.763.296,84 ; 6.243.571,58 ; 6.738.775,24 ; 7.197.788,91 ; 7.197.788,91 ; 7.677.641,50 ; 7.707.951,55 ; 7.707.942,01 ; 7.707.942,01 ; 7.707.942,01 ; 14.239.609,60 ; 95.976.019,64 
ES;CASTELO;3201407; 467.466,24 ; 514.212,86 ; 560.959,48 ; 607.706,10 ; 655.876,85 ; 700.552,10 ; 700.552,10 ; 747.255,57 ; 749.116,02 ; 749.115,09 ; 749.115,09 ; 749.115,09 ; 1.383.911,09 ; 9.334.953,68 
ES;COLATINA;3201506; 311.149,44 ; 342.264,38 ; 373.379,33 ; 404.494,27 ; 435.620,25 ; 465.292,66 ; 465.292,66 ; 496.312,18 ; 494.697,28 ; 494.696,66 ; 494.696,66 ; 494.696,66 ; 913.899,93 ; 6.186.492,36 
ES;CONCEICAO DA BARRA;3201605; 696.531,05 ; 766.184,16 ; 835.837,26 ; 905.490,37 ; 977.434,35 ; 1.044.012,58 ; 1.044.012,58 ; 1.113.613,41 ; 1.117.055,82 ; 1.117.054,44 ; 1.117.054,44 ; 1.117.054,44 ; 2.063.640,17 ; 13.914.975,07 
ES;CONCEICAO DO CASTELO;3201704; 92.174,06 ; 101.391,47 ; 110.608,88 ; 119.826,29 ; 129.279,26 ; 138.085,15 ; 138.085,15 ; 147.290,83 ; 147.478,13 ; 147.477,95 ; 147.477,95 ; 147.477,95 ; 272.449,99 ; 1.839.103,06 
ES;DOMINGOS MARTINS;3201902; 368.455,85 ; 405.301,43 ; 442.147,02 ; 478.992,60 ; 516.844,86 ; 552.049,90 ; 552.049,90 ; 588.853,22 ; 589.859,99 ; 589.859,25 ; 589.859,25 ; 589.859,25 ; 1.089.702,72 ; 7.353.835,24 
ES;DORES DO RIO PRETO;3202009; 112.318,40 ; 123.550,25 ; 134.782,09 ; 146.013,93 ; 157.606,84 ; 168.342,27 ; 168.342,27 ; 179.565,09 ; 180.087,07 ; 180.086,85 ; 180.086,85 ; 180.086,85 ; 332.691,46 ; 2.243.560,22 
ES;FUNDAO;3202207; 13.378,23 ; 14.716,06 ; 16.053,88 ; 17.391,71 ; 18.570,08 ; 19.834,99 ; 19.834,99 ; 21.157,32 ; 20.416,02 ; 20.415,99 ; 20.415,99 ; 20.415,99 ; 37.716,43 ; 260.317,68 
ES;GOVERNADOR LINDENBERG;3202256; 242.027,00 ; 266.229,70 ; 290.432,40 ; 314.635,10 ; 339.679,71 ; 362.817,09 ; 362.817,09 ; 387.004,90 ; 388.383,13 ; 388.382,65 ; 388.382,65 ; 388.382,65 ; 717.496,00 ; 4.836.670,07 
ES;GUACUI;3202306; 340.368,80 ; 374.405,68 ; 408.442,57 ; 442.479,45 ; 477.496,64 ; 510.021,47 ; 510.021,47 ; 544.022,90 ; 545.152,84 ; 545.152,16 ; 545.152,16 ; 545.152,16 ; 1.007.111,09 ; 6.794.979,39 
ES;GUARAPARI;3202405; 724.677,82 ; 797.145,60 ; 869.613,38 ; 942.081,16 ; 1.015.774,98 ; 1.084.964,79 ; 1.084.964,79 ; 1.157.295,78 ; 1.156.284,05 ; 1.156.282,62 ; 1.156.282,62 ; 1.156.282,62 ; 2.136.110,09 ; 14.437.760,30 
ES;IBATIBA;3202454; 563.388,73 ; 619.727,60 ; 676.066,48 ; 732.405,35 ; 790.613,05 ; 844.465,90 ; 844.465,90 ; 900.763,62 ; 905.579,85 ; 905.578,73 ; 905.578,73 ; 905.578,73 ; 1.672.961,12 ; 11.267.173,79 
ES;IBITIRAMA;3202553; 249.996,69 ; 274.996,36 ; 299.996,03 ; 324.995,70 ; 350.839,47 ; 374.737,00 ; 374.737,00 ; 399.719,47 ; 401.041,78 ; 401.041,28 ; 401.041,28 ; 401.041,28 ; 740.881,48 ; 4.995.064,82 
ES;IRUPI;3202652; 190.540,77 ; 209.594,85 ; 228.648,93 ; 247.703,00 ; 267.350,05 ; 285.560,68 ; 285.560,68 ; 304.598,06 ; 305.405,95 ; 305.405,57 ; 305.405,57 ; 305.405,57 ; 564.204,60 ; 3.805.384,28 
ES;ITAGUACU;3202702; 4.331,67 ; 4.764,84 ; 5.198,00 ; 5.631,17 ; 5.963,86 ; 6.370,09 ; 6.370,09 ; 6.794,76 ; 6.360,86 ; 6.360,85 ; 6.360,85 ; 6.360,85 ; 11.751,02 ; 82.618,91 
ES;ITARANA;3202900; 72.627,58 ; 79.890,33 ; 87.153,09 ; 94.415,85 ; 101.869,63 ; 108.808,51 ; 108.808,51 ; 116.062,41 ; 131.502,16 ; 131.502,00 ; 131.502,00 ; 131.502,00 ; 242.936,11 ; 1.538.580,18 
ES;JAGUARE;3203056; 694.157,18 ; 763.572,90 ; 832.988,61 ; 902.404,33 ; 974.071,97 ; 1.040.421,17 ; 1.040.421,17 ; 1.109.782,58 ; 1.113.616,39 ; 1.113.615,02 ; 1.113.615,02 ; 1.113.615,02 ; 2.057.286,21 ; 13.869.567,57 
ES;LARANJA DA TERRA;3203163; 213.728,82 ; 235.101,70 ; 256.474,58 ; 277.847,47 ; 299.931,85 ; 320.361,79 ; 320.361,79 ; 341.719,25 ; 342.809,46 ; 342.809,04 ; 342.809,04 ; 342.809,04 ; 633.303,54 ; 4.270.067,37 
ES;LINHARES;3203205; 323.176,72 ; 355.494,40 ; 387.812,07 ; 420.129,74 ; 451.632,76 ; 482.395,86 ; 482.395,86 ; 514.555,58 ; 512.356,31 ; 512.355,68 ; 512.355,68 ; 512.355,68 ; 946.523,07 ; 6.413.539,41 
ES;MANTENOPOLIS;3203304; 68.154,14 ; 74.969,56 ; 81.784,97 ; 88.600,39 ; 95.559,12 ; 102.068,16 ; 102.068,16 ; 108.872,70 ; 108.888,72 ; 108.888,59 ; 108.888,59 ; 108.888,59 ; 201.160,20 ; 1.358.791,89 
ES;MARATAIZES;3203320; 338.603,35 ; 372.463,69 ; 406.324,03 ; 440.184,37 ; 474.714,87 ; 507.050,21 ; 507.050,21 ; 540.853,56 ; 540.766,98 ; 540.766,31 ; 540.766,31 ; 540.766,31 ; 999.008,69 ; 6.749.318,89 
ES;MARECHAL FLORIANO;3203346; 269.248,64 ; 296.173,51 ; 323.098,37 ; 350.023,23 ; 377.786,49 ; 403.519,53 ; 403.519,53 ; 430.420,84 ; 431.564,37 ; 431.563,84 ; 431.563,84 ; 431.563,84 ; 797.268,67 ; 5.377.314,70 
ES;MARILANDIA;3203353; 78.630,35 ; 86.493,38 ; 94.356,42 ; 102.219,45 ; 110.263,54 ; 117.774,17 ; 117.774,17 ; 125.625,78 ; 125.706,56 ; 125.706,41 ; 125.706,41 ; 125.706,41 ; 232.229,36 ; 1.568.192,41 
ES;MONTANHA;3203502; 238.406,07 ; 262.246,68 ; 286.087,29 ; 309.927,90 ; 168.538,65 ; 180.018,71 ; 180.018,71 ; 192.019,96 ; 203.914,12 ; 203.913,87 ; 203.913,87 ; 203.913,87 ; 376.709,37 ; 3.009.629,07 
ES;MUCURICI;3203601; 4.178,12 ; 4.595,94 ; 5.013,75 ; 5.431,56 ; 5.798,08 ; 6.193,02 ; 6.193,02 ; 6.605,89 ; 6.368,46 ; 6.368,45 ; 6.368,45 ; 6.368,45 ; 11.765,09 ; 81.248,28 
ES;MUNIZ FREIRE;3203700; 206.472,82 ; 227.120,10 ; 247.767,38 ; 268.414,66 ; 289.661,12 ; 309.391,47 ; 309.391,47 ; 330.017,57 ; 421.920,75 ; 421.920,23 ; 421.920,23 ; 421.920,23 ; 779.453,13 ; 4.655.371,16 
ES;MUQUI;3203809; 26.692,52 ; 29.361,77 ; 32.031,02 ; 34.700,28 ; 37.351,72 ; 39.895,94 ; 39.895,94 ; 42.555,67 ; 42.268,49 ; 42.268,43 ; 42.268,43 ; 42.268,43 ; 78.086,51 ; 529.645,15 
ES;NOVA VENECIA;3203908; 313.356,39 ; 344.692,03 ; 376.027,67 ; 407.363,31 ; 439.351,48 ; 469.278,04 ; 469.278,04 ; 500.563,25 ; 510.635,00 ; 510.634,37 ; 510.634,37 ; 510.634,37 ; 943.343,13 ; 6.305.791,45 
ES;PANCAS;3204005; 316.092,83 ; 347.702,11 ; 379.311,39 ; 410.920,68 ; 443.580,95 ; 473.795,60 ; 473.795,60 ; 505.381,99 ; 506.989,31 ; 506.988,68 ; 506.988,68 ; 506.988,68 ; 936.608,11 ; 6.315.144,61 
ES;PEDRO CANARIO;3204054; 31.764,36 ; 34.940,79 ; 38.117,23 ; 41.293,67 ; 44.357,03 ; 47.378,43 ; 47.378,43 ; 50.536,99 ; 56.510,10 ; 56.510,03 ; 56.510,03 ; 56.510,03 ; 104.396,32 ; 666.203,44 
ES;PINHEIROS;3204104; 317.936,68 ; 349.730,35 ; 381.524,02 ; 413.317,69 ; 343.013,38 ; 366.377,83 ; 366.377,83 ; 390.803,02 ; 391.396,15 ; 391.395,67 ; 391.395,67 ; 391.395,67 ; 723.062,24 ; 5.217.726,20 
ES;PIUMA;3204203; 367.910,75 ; 404.701,82 ; 441.492,90 ; 478.283,97 ; 516.174,67 ; 551.334,06 ; 551.334,06 ; 588.089,66 ; 589.469,73 ; 589.469,00 ; 589.469,00 ; 589.469,00 ; 1.088.981,78 ; 7.346.180,40 
ES;PONTO BELO;3204252; 56.767,75 ; 62.444,53 ; 68.121,31 ; 73.798,08 ; 79.623,02 ; 85.046,56 ; 85.046,56 ; 90.716,34 ; 99.922,00 ; 99.921,88 ; 99.921,88 ; 99.921,88 ; 184.595,15 ; 1.185.846,94 
ES;RIO BANANAL;3204351; 161.137,38 ; 177.251,12 ; 193.364,86 ; 209.478,59 ; 225.939,04 ; 241.328,95 ; 241.328,95 ; 257.417,54 ; 257.886,70 ; 257.886,38 ; 257.886,38 ; 257.886,38 ; 476.417,92 ; 3.215.210,19 
ES;RIO NOVO DO SUL;3204401; 59.983,41 ; 65.981,75 ; 71.980,09 ; 77.978,43 ;-275.923,68 ; -   ; -   ; -   ; -   ; -   ; -   ; -   ; -   ; -   
ES;SANTA LEOPOLDINA;3204500; 9.844,46 ; 10.828,91 ; 11.813,36 ; 12.797,80 ; 13.702,23 ; 14.635,56 ; 14.635,56 ; 15.611,26 ; 19.897,02 ; 19.896,99 ; 19.896,99 ; 19.896,99 ; 36.757,62 ; 220.214,75 
ES;SANTA MARIA DE JETIBA;3204559; 224.286,39 ; 246.715,03 ; 269.143,67 ; 291.572,31 ; 125.703,61 ; 134.265,95 ; 134.265,95 ; 143.217,01 ; 142.593,48 ; 142.593,31 ; 142.593,31 ; 142.593,31 ; 263.426,11 ; 2.402.969,44 
ES;SAO DOMINGOS DO NORTE;3204658; 84.148,83 ; 92.563,72 ; 100.978,60 ; 109.393,49 ; 118.021,09 ; 126.060,13 ; 126.060,13 ; 134.464,14 ; 134.625,86 ; 134.625,70 ; 134.625,70 ; 134.625,70 ; 248.706,79 ; 1.678.899,88 
ES;SAO GABRIEL DA PALHA;3204708; 295.960,06 ; 325.556,06 ; 355.152,07 ; 384.748,07 ; 215.821,88 ; 230.522,65 ; 230.522,65 ; 245.890,83 ; 245.754,55 ; 245.754,24 ; 245.754,24 ; 245.754,24 ; 454.005,08 ; 3.721.196,62 
ES;SAO JOSE DO CALCADO;3204807; 261.469,51 ; 287.616,46 ; 313.763,41 ; 339.910,36 ; 366.931,99 ; 391.925,68 ; 391.925,68 ; 418.054,05 ; 419.404,67 ; 419.404,15 ; 419.404,15 ; 419.404,15 ; 774.804,95 ; 5.224.019,21 
ES;SAO MATEUS;3204906; 231.167,89 ; 254.284,68 ; 277.401,47 ; 300.518,26 ; 323.242,44 ; 345.260,19 ; 345.260,19 ; 368.277,54 ; 365.045,34 ; 365.044,89 ; 365.044,89 ; 365.044,89 ; 674.381,96 ; 4.579.974,63 
ES;SAO ROQUE DO CANAA;3204955; 217.411,69 ; 239.152,85 ; 260.894,02 ; 282.635,19 ; 305.117,16 ; 325.900,31 ; 325.900,31 ; 347.627,00 ; 348.803,65 ; 348.803,22 ; 348.803,22 ; 348.803,22 ; 644.377,16 ; 4.344.229,00 
ES;SOORETAMA;3205010; 406.154,06 ; 446.769,46 ; 487.384,87 ; 528.000,27 ; 569.780,43 ; 608.591,19 ; 608.591,19 ; 649.163,94 ; 651.369,78 ; 651.368,98 ; 651.368,98 ; 651.368,98 ; 1.203.335,43 ; 8.113.247,56 
ES;VENDA NOVA DO IMIGRANTE;3205069; 459.769,03 ; 505.745,93 ; 551.722,83 ; 597.699,74 ; 645.237,28 ; 689.187,81 ; 689.187,81 ; 735.133,66 ; 738.428,19 ; 738.427,28 ; 738.427,28 ; 738.427,28 ; 1.364.166,45 ; 9.191.560,57 
ES;VIANA;3205101; 489.529,21 ; 538.482,13 ; 587.435,05 ; 636.387,97 ; 686.189,21 ; 732.929,19 ; 732.929,19 ; 781.791,13 ; 791.246,11 ; 791.245,13 ; 791.245,13 ; 791.245,13 ; 1.461.741,87 ; 9.812.396,45 
ES;VILA PAVAO;3205150; 229.676,84 ; 252.644,52 ; 275.612,21 ; 298.579,89 ; 322.328,50 ; 344.284,00 ; 344.284,00 ; 367.236,27 ; 368.472,69 ; 368.472,23 ; 368.472,23 ; 368.472,23 ; 680.713,60 ; 4.589.249,21 
ES;VILA VALERIO;3205176; 261.007,59 ; 287.108,35 ; 313.209,11 ; 339.309,86 ; 366.228,51 ; 391.174,27 ; 391.174,27 ; 417.252,55 ; 418.381,53 ; 418.381,01 ; 418.381,01 ; 418.381,01 ; 772.914,79 ; 5.212.903,86 
GO;ABADIA DE GOIAS;5200050; 421.056,13 ; 463.161,75 ; 505.267,36 ; 547.372,97 ; 590.863,77 ; 631.110,63 ; 631.110,63 ; 673.184,67 ; 679.869,95 ; 679.869,11 ; 679.869,11 ; 679.869,11 ; 1.255.986,41 ; 8.438.591,60 
GO;AGUAS LINDAS DE GOIAS;5200258; 3.120.474,21 ; 3.432.521,63 ; 3.744.569,05 ; 4.056.616,47 ; 4.379.083,70 ; 4.677.366,28 ; 4.677.366,28 ; 4.989.190,70 ; 5.195.662,60 ; 5.195.656,17 ; 5.195.656,17 ; 5.195.656,17 ; 9.598.426,59 ; 63.458.246,02 
GO;ARAGARCAS;5201702; 55.346,14 ; 60.880,75 ; 66.415,36 ; 71.949,98 ; 6.159,20 ; 6.578,74 ; 6.578,74 ; 7.017,32 ; 23.144,58 ; 23.144,55 ; 23.144,55 ; 23.144,55 ; 42.757,16 ; 416.261,62 
GO;AVELINOPOLIS;5202809; 18.672,78 ; 20.540,06 ; 22.407,34 ; 24.274,62 ; 26.176,20 ; 27.959,20 ; 27.959,20 ; 29.823,15 ; 37.332,00 ; 37.331,96 ; 37.331,96 ; 37.331,96 ; 68.966,88 ; 416.107,31 
GO;BONFINOPOLIS;5203559; 15.765,67 ; 17.342,23 ; 18.918,80 ; 20.495,37 ; 22.041,95 ; 23.543,35 ; 23.543,35 ; 25.112,90 ; 36.958,00 ; 36.957,96 ; 36.957,96 ; 36.957,96 ; 68.275,94 ; 382.871,44 
GO;BURITI ALEGRE;5203906; 55.672,53 ; 61.239,78 ; 66.807,04 ; 72.374,29 ; 78.062,79 ; 83.380,06 ; 83.380,06 ; 88.938,73 ; 107.955,95 ; 107.955,82 ; 107.955,82 ; 107.955,82 ; 199.437,00 ; 1.221.115,69 
GO;BURITI DE GOIAS;5203939; 3.659,34 ; 4.025,28 ; 4.391,21 ; 4.757,15 ; 5.104,07 ; 5.451,73 ; 5.451,73 ; 5.815,18 ; 10.219,29 ; 10.219,27 ; 10.219,27 ; 10.219,27 ; 18.879,06 ; 98.411,85 
GO;CAMPINORTE;5204706; 37.557,13 ; 41.312,84 ; 45.068,55 ; 48.824,27 ; 52.613,54 ; 56.197,33 ; 56.197,33 ; 59.943,82 ; 71.741,37 ; 71.741,28 ; 71.741,28 ; 71.741,28 ; 132.534,50 ; 817.214,52 
GO;CAMPO LIMPO DE GOIAS;5204854; 165.865,61 ; 182.452,17 ; 199.038,73 ; 215.625,29 ; 232.771,58 ; 248.626,88 ; 248.626,88 ; 265.202,01 ; 274.977,21 ; 274.976,87 ; 274.976,87 ; 274.976,87 ; 507.990,79 ; 3.366.107,76 
GO;CAMPOS BELOS;5204904; 107.852,27 ; 118.637,50 ; 129.422,73 ; 140.207,96 ; 151.219,42 ; 161.519,78 ; 161.519,78 ; 172.287,76 ; 181.252,41 ; 181.252,19 ; 181.252,19 ; 181.252,19 ; 334.844,33 ; 2.202.520,51 
GO;CAVALCANTE;5205307; 42.118,87 ; 46.330,76 ; 50.542,65 ; 54.754,54 ; 59.027,52 ; 63.048,20 ; 63.048,20 ; 67.251,41 ; 67.357,48 ; 67.357,40 ; 67.357,40 ; 67.357,40 ; 124.435,72 ; 839.987,55 
GO;CERES;5205406; 31.888,56 ; 35.077,41 ; 38.266,27 ; 41.455,13 ;-78.138,76 ; -   ; -   ; -   ; 15.328,63 ; 15.328,61 ; 15.328,61 ; 15.328,61 ; 28.318,02 ; 158.181,09 
GO;CIDADE OCIDENTAL;5205497; 1.014.785,21 ; 1.116.263,73 ; 1.217.742,26 ; 1.319.220,78 ; 1.423.665,65 ; 1.520.639,05 ; 1.520.639,05 ; 1.622.014,99 ; 1.653.300,61 ; 1.653.298,56 ; 1.653.298,56 ; 1.653.298,56 ; 3.054.294,62 ; 20.422.461,63 
GO;COCALZINHO DE GOIAS;5205513; 44.809,65 ; 49.290,62 ; 53.771,59 ; 58.252,55 ; 62.697,02 ; 66.967,65 ; 66.967,65 ; 71.432,16 ; 72.492,48 ; 72.492,39 ; 72.492,39 ; 72.492,39 ; 133.922,10 ; 898.080,64 
GO;FLORES DE GOIAS;5207907; 5.450,61 ; 5.995,67 ; 6.540,73 ; 7.085,79 ; 7.541,50 ; 8.055,19 ; 8.055,19 ; 8.592,20 ; 14.800,70 ; 14.800,68 ; 14.800,68 ; 14.800,68 ; 27.342,74 ; 143.862,36 
GO;GAMELEIRA DE GOIAS;5208152; 6.946,99 ; 7.641,68 ; 8.336,38 ; 9.031,08 ; 9.695,97 ; 10.356,41 ; 10.356,41 ; 11.046,84 ; 10.872,18 ; 10.872,16 ; 10.872,16 ; 10.872,16 ; 20.085,22 ; 136.985,64 
GO;GOIANAPOLIS;5208400; 42.655,38 ; 46.920,92 ; 51.186,46 ; 55.452,00 ; 59.762,05 ; 63.832,76 ; 63.832,76 ; 68.088,28 ; 67.919,00 ; 67.918,92 ; 67.918,92 ; 67.918,92 ; 125.473,05 ; 848.879,42 
GO;GOIANESIA;5208608; 462.622,84 ; 508.885,13 ; 555.147,41 ; 601.409,69 ; 508.946,96 ; 543.614,03 ; 543.614,03 ; 579.854,97 ; 647.750,63 ; 647.749,83 ; 647.749,83 ; 647.749,83 ; 1.196.649,44 ; 8.091.744,62 
GO;GOIANIRA;5208806; 723.331,21 ; 795.664,33 ; 867.997,46 ; 940.330,58 ; 1.014.857,50 ; 1.083.984,82 ; 1.083.984,82 ; 1.156.250,47 ; 1.209.846,73 ; 1.209.845,23 ; 1.209.845,23 ; 1.209.845,23 ; 2.235.061,37 ; 14.740.844,98 
GO;GUAPO;5209200; 42.353,60 ; 46.588,96 ; 50.824,32 ; 55.059,68 ; 59.287,39 ; 63.325,77 ; 63.325,77 ; 67.547,49 ; 67.173,64 ; 67.173,55 ; 67.173,55 ; 67.173,55 ; 124.096,08 ; 841.103,35 
GO;HIDROLANDIA;5209705; 144.725,33 ; 159.197,87 ; 173.670,40 ; 188.142,93 ; 202.846,72 ; 216.663,69 ; 216.663,69 ; 231.107,93 ; 230.851,90 ; 230.851,62 ; 230.851,62 ; 230.851,62 ; 426.474,02 ; 2.882.899,34 
GO;IPORA;5210208; 27.371,03 ; 30.108,13 ; 32.845,23 ; 35.582,34 ; 38.157,45 ; 40.756,55 ; 40.756,55 ; 43.473,66 ; 124.176,19 ; 124.176,04 ; 124.176,04 ; 124.176,04 ; 229.402,17 ; 1.015.157,42 
GO;ITABERAI;5210406; 512.976,56 ; 564.274,22 ; 615.571,88 ; 666.869,53 ; 719.674,75 ; 768.695,61 ; 768.695,61 ; 819.941,99 ; 835.894,59 ; 835.893,55 ; 835.893,55 ; 835.893,55 ; 1.544.225,12 ; 10.324.500,51 
GO;ITAPACI;5210901; 53.397,32 ; 58.737,05 ; 64.076,78 ; 69.416,52 ; 74.767,83 ; 79.860,66 ; 79.860,66 ; 85.184,70 ; 111.801,77 ; 111.801,63 ; 111.801,63 ; 111.801,63 ; 206.541,77 ; 1.219.049,95 
GO;JARAGUA;5211800; 43.870,06 ; 48.257,07 ; 52.644,08 ; 57.031,09 ;-201.802,30 ; -   ; -   ; -   ; -   ; -   ; -   ; -   ; -   ; -   
GO;LUZIANIA;5212501; 2.241.619,36 ; 2.465.781,30 ; 2.689.943,23 ; 2.914.105,17 ; 3.026.420,14 ; 3.232.565,64 ; 3.232.565,64 ; 3.448.070,01 ; 3.552.075,28 ; 3.552.070,88 ; 3.552.070,88 ; 3.552.070,88 ; 6.562.076,18 ; 44.021.434,59 
GO;MAMBAI;5212709; 27.801,17 ; 30.581,29 ; 33.361,40 ; 36.141,52 ; 38.957,22 ; 41.610,81 ; 41.610,81 ; 44.384,86 ; 50.973,05 ; 50.972,99 ; 50.972,99 ; 50.972,99 ; 94.167,24 ; 592.508,34 
GO;MAURILANDIA;5213004; 5.985,69 ; 6.584,26 ; 7.182,83 ; 7.781,40 ; 8.306,31 ; 8.872,10 ; 8.872,10 ; 9.463,57 ; 9.122,69 ; 9.122,68 ; 9.122,68 ; 9.122,68 ; 16.853,20 ; 116.392,19 
GO;MOSSAMEDES;5213905; 35.878,37 ; 39.466,21 ; 43.054,04 ; 46.641,88 ; 50.314,73 ; 53.741,94 ; 53.741,94 ; 57.324,73 ; 68.103,78 ; 68.103,69 ; 68.103,69 ; 68.103,69 ; 125.814,42 ; 778.393,11 
GO;NOVO GAMA;5215231; 483.153,38 ; 531.468,72 ; 579.784,06 ; 628.099,40 ; 677.570,77 ; 723.723,71 ; 723.723,71 ; 771.971,95 ; 772.641,25 ; 772.640,29 ; 772.640,29 ; 772.640,29 ; 1.427.371,38 ; 9.637.429,20 
GO;ORIZONA;5215306; 147.369,38 ; 162.106,32 ; 176.843,25 ; 191.580,19 ; 206.734,68 ; 220.816,47 ; 220.816,47 ; 235.537,57 ; 235.999,43 ; 235.999,14 ; 235.999,14 ; 235.999,14 ; 435.983,54 ; 2.941.784,72 
GO;PADRE BERNARDO;5215603; 128.722,02 ; 141.594,22 ; 154.466,42 ; 167.338,62 ; 172.181,18 ; 183.909,35 ; 183.909,35 ; 196.169,98 ; 201.674,92 ; 201.674,67 ; 201.674,67 ; 201.674,67 ; 372.572,70 ; 2.507.562,77 
GO;PALMEIRAS DE GOIAS;5215702; 459.486,86 ; 505.435,55 ; 551.384,23 ; 597.332,92 ; 644.783,17 ; 688.702,77 ; 688.702,77 ; 734.616,28 ; 793.737,61 ; 793.736,63 ; 793.736,63 ; 793.736,63 ; 1.466.344,64 ; 9.511.736,69 
GO;PARANAIGUARA;5216304; 49.733,03 ; 54.706,34 ; 59.679,64 ; 64.652,94 ; 69.753,09 ; 74.504,35 ; 74.504,35 ; 79.471,30 ; 89.964,03 ; 89.963,92 ; 89.963,92 ; 89.963,92 ; 166.198,86 ; 1.053.059,69 
GO;PLANALTINA;5217609; 2.866.854,09 ; 3.153.539,50 ; 3.440.224,91 ; 3.726.910,32 ; 4.023.378,05 ; 4.297.431,64 ; 4.297.431,64 ; 4.583.927,08 ; 4.599.497,82 ; 4.599.492,13 ; 4.599.492,13 ; 4.599.492,13 ; 8.497.076,40 ; 57.284.747,84 
GO;POSSE;5218300; 235,42 ; 258,96 ; 282,50 ; 306,04 ; 15,99 ; 17,08 ; 17,08 ; 18,22 ;-1.151,29 ; -   ; -   ; -   ; -   ; -   
GO;RIALMA;5218607; 56.406,79 ; 62.047,47 ; 67.688,15 ; 73.328,83 ; 79.081,04 ; 84.467,67 ; 84.467,67 ; 90.098,84 ; 96.692,61 ; 96.692,49 ; 96.692,49 ; 96.692,49 ; 178.629,20 ; 1.162.985,74 
GO;RUBIATABA;5218904; 3.672,43 ; 4.039,67 ; 4.406,91 ; 4.774,16 ; 4.987,72 ; 5.327,46 ; 5.327,46 ; 5.682,62 ; 31.922,42 ; 31.922,38 ; 31.922,38 ; 31.922,38 ; 58.973,26 ; 224.881,25 
GO;SANTA HELENA DE GOIAS;5219308; 83.887,16 ; 92.275,88 ; 100.664,60 ; 109.053,31 ; 117.499,20 ; 125.502,69 ; 125.502,69 ; 133.869,54 ; 149.185,91 ; 149.185,73 ; 149.185,73 ; 149.185,73 ; 275.604,92 ; 1.760.603,09 
GO;SANTO ANTONIO DO DESCOBERTO;5219753; 379.999,55 ; 417.999,50 ; 455.999,45 ; 493.999,41 ; 532.809,66 ; 569.102,15 ; 569.102,15 ; 607.042,29 ; 633.882,70 ; 633.881,92 ; 633.881,92 ; 633.881,92 ; 1.171.029,92 ; 7.732.612,54 
GO;TRINDADE;5221403; 531.894,03 ; 585.083,44 ; 638.272,84 ; 691.462,24 ; 347.454,66 ; 371.121,64 ; 371.121,64 ; 395.863,09 ; 393.243,30 ; 393.242,82 ; 393.242,82 ; 393.242,82 ; 726.474,63 ; 6.231.719,97 
GO;TURVANIA;5221502; 26.623,66 ; 29.286,02 ; 31.948,39 ; 34.610,75 ; 37.333,72 ; 39.876,72 ; 39.876,72 ; 42.535,17 ; 53.459,54 ; 53.459,48 ; 53.459,48 ; 53.459,48 ; 98.760,77 ; 594.689,90 
GO;URUACU;5221601; 93.165,74 ; 102.482,32 ; 111.798,89 ; 121.115,47 ; 130.476,51 ; 139.363,96 ; 139.363,96 ; 148.654,89 ; 148.774,31 ; 148.774,12 ; 148.774,12 ; 148.774,12 ; 274.844,53 ; 1.856.362,94 
GO;VALPARAISO DE GOIAS;5221858; 1.562.620,72 ; 1.718.882,80 ; 1.875.144,87 ; 2.031.406,94 ; 2.191.934,38 ; 2.341.238,64 ; 2.341.238,64 ; 2.497.321,21 ; 2.504.316,11 ; 2.504.313,01 ; 2.504.313,01 ; 2.504.313,01 ; 4.626.454,05 ; 31.203.497,39 
MA;ACAILANDIA;2100055; 2.526.931,26 ; 2.779.624,39 ; 3.032.317,51 ; 3.285.010,64 ; 3.546.113,49 ; 3.787.658,06 ; 3.787.658,06 ; 4.040.168,59 ; 4.267.189,31 ; 4.267.184,02 ; 4.267.184,02 ; 4.267.184,02 ; 7.883.172,25 ; 51.737.395,62 
MA;AFONSO CUNHA;2100105; 515.418,62 ; 566.960,48 ; 618.502,34 ; 670.044,20 ; 723.381,79 ; 772.655,16 ; 772.655,16 ; 824.165,50 ; 858.773,80 ; 858.772,73 ; 858.772,73 ; 858.772,73 ; 1.586.492,00 ; 10.485.367,24 
MA;AGUA DOCE DO MARANHAO;2100154; 405.351,86 ; 445.887,04 ; 486.422,23 ; 526.957,41 ; 568.821,75 ; 607.567,21 ; 607.567,21 ; 648.071,69 ; 650.059,01 ; 650.058,20 ; 650.058,20 ; 650.058,20 ; 1.200.913,92 ; 8.097.793,93 
MA;ALCANTARA;2100204; 540.450,44 ; 594.495,48 ; 648.540,53 ; 702.585,57 ; 758.446,18 ; 810.107,96 ; 810.107,96 ; 864.115,16 ; 870.860,82 ; 870.859,74 ; 870.859,74 ; 870.859,74 ; 1.608.821,48 ; 10.821.110,80 
MA;ALDEIAS ALTAS;2100303; 637.138,88 ; 700.852,77 ; 764.566,65 ; 828.280,54 ; 893.908,00 ; 954.796,81 ; 954.796,81 ; 1.018.449,93 ; 1.042.838,92 ; 1.042.837,63 ; 1.042.837,63 ; 1.042.837,63 ; 1.926.532,48 ; 12.850.674,68 
MA;ALTAMIRA DO MARANHAO;2100402; 3.721,48 ; 4.093,63 ; 4.465,77 ; 4.837,92 ; 5.084,74 ; 5.431,09 ; 5.431,09 ; 5.793,17 ; 19.590,17 ; 19.590,14 ; 19.590,14 ; 19.590,14 ; 36.190,75 ; 153.410,23 
MA;ALTO ALEGRE DO MARANHAO;2100436; 720.896,59 ; 792.986,25 ; 865.075,90 ; 937.165,56 ; 1.011.676,82 ; 1.080.587,49 ; 1.080.587,49 ; 1.152.626,65 ; 1.156.928,59 ; 1.156.927,15 ; 1.156.927,15 ; 1.156.927,15 ; 2.137.300,83 ; 14.406.613,62 
MA;ALTO ALEGRE DO PINDARE;2100477; 1.738.889,73 ; 1.912.778,70 ; 2.086.667,68 ; 2.260.556,65 ; 2.440.630,59 ; 2.606.874,86 ; 2.606.874,86 ; 2.780.666,51 ; 2.892.031,11 ; 2.892.027,53 ; 2.892.027,53 ; 2.892.027,53 ; 5.342.715,73 ; 35.344.769,01 
MA;ALTO PARNAIBA;2100501; 501.509,02 ; 551.659,92 ; 601.810,82 ; 651.961,72 ; 703.900,45 ; 751.846,84 ; 751.846,84 ; 801.969,96 ; 815.045,42 ; 815.044,42 ; 815.044,42 ; 815.044,42 ; 1.505.708,53 ; 10.082.392,78 
MA;AMAPA DO MARANHAO;2100550; 333.853,20 ; 367.238,52 ; 400.623,85 ; 434.009,17 ; 468.498,13 ; 500.410,02 ; 500.410,02 ; 533.770,68 ; 546.082,41 ; 546.081,74 ; 546.081,74 ; 546.081,74 ; 1.008.828,35 ; 6.731.969,57 
MA;AMARANTE DO MARANHAO;2100600; 1.953.860,75 ; 2.149.246,83 ; 2.344.632,90 ; 2.540.018,98 ; 2.742.423,29 ; 2.929.224,26 ; 2.929.224,26 ; 3.124.505,88 ; 3.137.673,23 ; 3.137.669,35 ; 3.137.669,35 ; 3.137.669,35 ; 5.796.513,06 ; 39.060.331,49 
MA;ANAJATUBA;2100709; 847.794,33 ; 932.573,76 ; 1.017.353,20 ; 1.102.132,63 ; 1.189.841,02 ; 1.270.887,39 ; 1.270.887,39 ; 1.355.613,21 ; 1.401.574,47 ; 1.401.572,73 ; 1.401.572,73 ; 1.401.572,73 ; 2.589.257,74 ; 17.182.633,33 
MA;ANAPURUS;2100808; 779.719,35 ; 857.691,28 ; 935.663,22 ; 1.013.635,15 ; 1.094.339,58 ; 1.168.880,84 ; 1.168.880,84 ; 1.246.806,23 ; 1.253.265,27 ; 1.253.263,72 ; 1.253.263,72 ; 1.253.263,72 ; 2.315.272,44 ; 15.593.945,36 
MA;APICUM-ACU;2100832; 1.027.529,72 ; 1.130.282,69 ; 1.233.035,66 ; 1.335.788,63 ; 1.442.220,97 ; 1.540.458,28 ; 1.540.458,28 ; 1.643.155,49 ; 1.682.960,61 ; 1.682.958,52 ; 1.682.958,52 ; 1.682.958,52 ; 3.109.088,28 ; 20.733.854,17 
MA;ARAGUANA;2100873; 572.416,15 ; 629.657,76 ; 686.899,38 ; 744.140,99 ; 803.322,54 ; 858.041,09 ; 858.041,09 ; 915.243,83 ; 925.968,78 ; 925.967,64 ; 925.967,64 ; 925.967,64 ; 1.710.627,48 ; 11.482.262,01 
MA;ARAIOSES;2100907; 1.659.415,21 ; 1.825.356,73 ; 1.991.298,25 ; 2.157.239,77 ; 2.329.018,92 ; 2.487.660,73 ; 2.487.660,73 ; 2.653.504,77 ; 2.700.644,93 ; 2.700.641,59 ; 2.700.641,59 ; 2.700.641,59 ; 4.989.150,38 ; 33.382.875,19 
MA;ARAME;2100956; 792.262,09 ; 871.488,30 ; 950.714,50 ; 1.029.940,71 ; 1.111.875,06 ; 1.187.610,76 ; 1.187.610,76 ; 1.266.784,81 ; 1.271.106,77 ; 1.271.105,19 ; 1.271.105,19 ; 1.271.105,19 ; 2.348.232,72 ; 15.830.942,05 
MA;ARARI;2101004; 1.040.267,22 ; 1.144.293,94 ; 1.248.320,66 ; 1.352.347,39 ; 1.460.000,50 ; 1.559.448,86 ; 1.559.448,86 ; 1.663.412,12 ; 1.671.964,61 ; 1.671.962,54 ; 1.671.962,54 ; 1.671.962,54 ; 3.088.774,34 ; 20.804.166,12 
MA;AXIXA;2101103; 807.355,42 ; 888.090,96 ; 968.826,50 ; 1.049.562,04 ; 1.133.233,86 ; 1.210.424,42 ; 1.210.424,42 ; 1.291.119,38 ; 1.308.712,90 ; 1.308.711,28 ; 1.308.711,28 ; 1.308.711,28 ; 2.417.705,96 ; 16.211.589,70 
MA;BACABAL;2101202; 3.956.580,47 ; 4.352.238,52 ; 4.747.896,57 ; 5.143.554,61 ; 5.553.174,74 ; 5.931.430,88 ; 5.931.430,88 ; 6.326.859,60 ; 6.675.924,20 ; 6.675.915,93 ; 6.675.915,93 ; 6.675.915,93 ; 12.333.050,32 ; 80.979.888,58 
MA;BACABEIRA;2101251; 1.020.540,73 ; 1.122.594,80 ; 1.224.648,87 ; 1.326.702,94 ; 1.432.425,22 ; 1.529.995,28 ; 1.529.995,28 ; 1.631.994,97 ; 1.679.378,84 ; 1.679.376,76 ; 1.679.376,76 ; 1.679.376,76 ; 3.102.471,33 ; 20.638.878,54 
MA;BACURI;2101301; 697.068,05 ; 766.774,86 ; 836.481,66 ; 906.188,47 ; 978.229,12 ; 1.044.861,49 ; 1.044.861,49 ; 1.114.518,92 ; 1.151.707,19 ; 1.151.705,76 ; 1.151.705,76 ; 1.151.705,76 ; 2.127.654,86 ; 14.123.463,39 
MA;BACURITUBA;2101350; 281.372,87 ; 309.510,15 ; 337.647,44 ; 365.784,73 ; 394.911,78 ; 421.811,31 ; 421.811,31 ; 449.932,07 ; 465.281,83 ; 465.281,25 ; 465.281,25 ; 465.281,25 ; 859.558,07 ; 5.703.465,31 
MA;BALSAS;2101400; 1.497.989,95 ; 1.647.788,94 ; 1.797.587,93 ; 1.947.386,93 ; 2.129.603,92 ; 2.274.662,52 ; 2.274.662,52 ; 2.426.306,68 ; 2.674.946,68 ; 2.674.943,37 ; 2.674.943,37 ; 2.674.943,37 ; 4.941.675,60 ; 31.637.441,78 
MA;BARAO DE GRAJAU;2101509; 777.895,85 ; 855.685,43 ; 933.475,02 ; 1.011.264,60 ; 1.091.845,87 ; 1.166.217,27 ; 1.166.217,27 ; 1.243.965,09 ; 1.248.735,10 ; 1.248.733,56 ; 1.248.733,56 ; 1.248.733,56 ; 2.306.903,47 ; 15.548.405,65 
MA;BARRA DO CORDA;2101608; 3.318.964,61 ; 3.650.861,06 ; 3.982.757,52 ; 4.314.653,98 ; 4.834.924,08 ; 5.164.256,35 ; 5.164.256,35 ; 5.508.540,11 ; 5.641.888,11 ; 5.641.881,12 ; 5.641.881,12 ; 5.641.881,12 ; 10.422.780,10 ; 68.929.525,63 
MA;BARREIRINHAS;2101707; 3.033.984,30 ; 3.337.382,73 ; 3.640.781,16 ; 3.944.179,59 ; 4.258.282,94 ; 4.548.337,14 ; 4.548.337,14 ; 4.851.559,61 ; 4.932.841,15 ; 4.932.835,04 ; 4.932.835,04 ; 4.932.835,04 ; 9.112.892,28 ; 61.007.083,16 
MA;BELA VISTA DO MARANHAO;2101772; 511.760,13 ; 562.936,14 ; 614.112,15 ; 665.288,16 ; 718.143,19 ; 767.059,73 ; 767.059,73 ; 818.197,04 ; 820.709,82 ; 820.708,80 ; 820.708,80 ; 820.708,80 ; 1.516.172,89 ; 10.223.565,38 
MA;BELAGUA;2101731; 674.154,73 ; 741.570,20 ; 808.985,68 ; 876.401,15 ; 946.146,26 ; 1.010.593,29 ; 1.010.593,29 ; 1.077.966,17 ; 1.088.918,34 ; 1.088.916,99 ; 1.088.916,99 ; 1.088.916,99 ; 2.011.659,23 ; 13.513.739,31 
MA;BENEDITO LEITE;2101806; 371.653,13 ; 408.818,44 ; 445.983,75 ; 483.149,06 ; 521.673,14 ; 557.207,06 ; 557.207,06 ; 594.354,19 ; 597.764,07 ; 597.763,33 ; 597.763,33 ; 597.763,33 ; 1.104.304,67 ; 7.435.404,56 
MA;BEQUIMAO;2101905; 343.050,74 ; 377.355,83 ; 411.660,90 ; 445.965,98 ; 481.385,59 ; 514.175,31 ; 514.175,31 ; 548.453,66 ; 556.874,99 ; 556.874,30 ; 556.874,30 ; 556.874,30 ; 1.028.766,49 ; 6.892.487,70 
MA;BOA VISTA DO GURUPI;2101970; 464.768,29 ; 511.245,12 ; 557.721,94 ; 604.198,77 ; 652.297,33 ; 696.728,76 ; 696.728,76 ; 743.177,34 ; 745.843,88 ; 745.842,96 ; 745.842,96 ; 745.842,96 ; 1.377.866,13 ; 9.288.105,20 
MA;BOM JARDIM;2102002; 1.607.355,66 ; 1.768.091,22 ; 1.928.826,78 ; 2.089.562,35 ; 2.255.834,97 ; 2.409.491,83 ; 2.409.491,83 ; 2.570.124,62 ; 2.598.735,17 ; 2.598.731,95 ; 2.598.731,95 ; 2.598.731,95 ; 4.800.883,08 ; 32.234.593,36 
MA;BOM JESUS DAS SELVAS;2102036; 1.312.117,27 ; 1.443.328,99 ; 1.574.540,72 ; 1.705.752,44 ; 1.841.539,70 ; 1.966.976,72 ; 1.966.976,72 ; 2.098.108,51 ; 2.186.959,68 ; 2.186.956,98 ; 2.186.956,98 ; 2.186.956,98 ; 4.040.172,24 ; 26.697.343,93 
MA;BOM LUGAR;2102077; 561.104,01 ; 617.214,41 ; 673.324,82 ; 729.435,22 ; 787.522,63 ; 841.164,97 ; 841.164,97 ; 897.242,63 ; 905.449,76 ; 905.448,64 ; 905.448,64 ; 905.448,64 ; 1.672.720,78 ; 11.242.690,12 
MA;BREJO;2102101; 1.120.545,90 ; 1.232.600,49 ; 1.344.655,08 ; 1.456.709,67 ; 1.452.095,24 ; 1.551.005,13 ; 1.551.005,13 ; 1.654.405,48 ; 1.671.975,71 ; 1.671.973,64 ; 1.671.973,64 ; 1.671.973,64 ; 3.088.794,86 ; 21.139.713,61 
MA;BREJO DE AREIA;2102150; 721.213,82 ; 793.335,21 ; 865.456,59 ; 937.577,97 ; 1.012.336,90 ; 1.081.292,53 ; 1.081.292,53 ; 1.153.378,70 ; 1.177.346,96 ; 1.177.345,51 ; 1.177.345,51 ; 1.177.345,51 ; 2.175.021,57 ; 14.530.289,31 
MA;BURITI;2102200; 1.659.677,09 ; 1.825.644,80 ; 1.991.612,51 ; 2.157.580,22 ; 2.329.367,43 ; 2.488.032,98 ; 2.488.032,98 ; 2.653.901,85 ; 2.663.536,48 ; 2.663.533,18 ; 2.663.533,18 ; 2.663.533,18 ; 4.920.596,50 ; 33.168.582,38 
MA;BURITI BRAVO;2102309; 998.855,72 ; 1.098.741,30 ; 1.198.626,87 ; 1.298.512,44 ; 1.401.931,28 ; 1.497.424,24 ; 1.497.424,24 ; 1.597.252,52 ; 1.618.253,77 ; 1.618.251,76 ; 1.618.251,76 ; 1.618.251,76 ; 2.989.549,37 ; 20.051.327,03 
MA;BURITICUPU;2102325; 1.586.144,50 ; 1.744.758,95 ; 1.903.373,40 ; 2.061.987,85 ; 2.225.849,17 ; 2.377.463,54 ; 2.377.463,54 ; 2.535.961,11 ; 2.588.407,45 ; 2.588.404,24 ; 2.588.404,24 ; 2.588.404,24 ; 4.781.803,72 ; 31.948.425,95 
MA;BURITIRANA;2102358; 386.672,23 ; 425.339,46 ; 464.006,68 ; 502.673,90 ; 542.630,40 ; 579.591,83 ; 579.591,83 ; 618.231,29 ; 620.211,85 ; 620.211,08 ; 620.211,08 ; 620.211,08 ; 1.145.774,52 ; 7.725.357,23 
MA;CACHOEIRA GRANDE;2102374; 483.932,60 ; 532.325,86 ; 580.719,12 ; 629.112,38 ; 679.183,94 ; 725.446,76 ; 725.446,76 ; 773.809,87 ; 780.786,41 ; 780.785,45 ; 780.785,45 ; 780.785,45 ; 1.442.418,69 ; 9.695.538,74 
MA;CAJAPIO;2102408; 196.505,63 ; 216.156,19 ; 235.806,75 ; 255.457,32 ; 275.731,62 ; 294.513,16 ; 294.513,16 ; 314.147,38 ; 315.283,05 ; 315.282,65 ; 315.282,65 ; 315.282,65 ; 582.451,48 ; 3.926.413,69 
MA;CAJARI;2102507; 894.832,80 ; 984.316,08 ; 1.073.799,36 ; 1.163.282,64 ; 1.255.920,80 ; 1.341.468,22 ; 1.341.468,22 ; 1.430.899,43 ; 1.461.796,01 ; 1.461.794,20 ; 1.461.794,20 ; 1.461.794,20 ; 2.700.510,53 ; 18.033.676,69 
MA;CAMPESTRE DO MARANHAO;2102556; 192.382,49 ; 211.620,74 ; 230.858,99 ; 250.097,24 ; 269.913,04 ; 288.298,24 ; 288.298,24 ; 307.518,13 ; 324.631,36 ; 324.630,96 ; 324.630,96 ; 324.630,96 ; 599.721,46 ; 3.937.232,81 
MA;CANDIDO MENDES;2102606; 1.385.820,66 ; 1.524.402,73 ; 1.662.984,79 ; 1.801.566,86 ; 1.945.052,87 ; 2.077.540,72 ; 2.077.540,72 ; 2.216.043,43 ; 2.240.874,99 ; 2.240.872,22 ; 2.240.872,22 ; 2.240.872,22 ; 4.139.774,98 ; 27.794.219,41 
MA;CANTANHEDE;2102705; 1.723.635,67 ; 1.895.999,23 ; 2.068.362,80 ; 2.240.726,36 ; 2.479.660,22 ; 2.648.563,01 ; 2.648.563,01 ; 2.825.133,88 ; 2.840.320,99 ; 2.840.317,47 ; 2.840.317,47 ; 2.840.317,47 ; 5.247.186,85 ; 35.139.104,43 
MA;CAPINZAL DO NORTE;2102754; 145.406,79 ; 159.947,47 ; 174.488,15 ; 189.028,83 ; 203.952,34 ; 217.844,62 ; 217.844,62 ; 232.367,59 ; 258.176,32 ; 258.176,00 ; 258.176,00 ; 258.176,00 ; 476.952,95 ; 3.050.537,68 
MA;CARUTAPERA;2102903; 1.141.060,64 ; 1.255.166,70 ; 1.369.272,77 ; 1.483.378,83 ; 1.601.484,09 ; 1.710.569,65 ; 1.710.569,65 ; 1.824.607,62 ; 1.858.372,60 ; 1.858.370,30 ; 1.858.370,30 ; 1.858.370,30 ; 3.433.143,05 ; 22.962.736,50 
MA;CAXIAS;2103000; 3.136.395,41 ; 3.450.034,95 ; 3.763.674,49 ; 4.077.314,03 ; 4.599.920,10 ; 4.913.245,01 ; 4.913.245,01 ; 5.240.794,68 ; 5.509.364,47 ; 5.509.357,65 ; 5.509.357,65 ; 5.509.357,65 ; 10.177.956,95 ; 66.310.018,05 
MA;CEDRAL;2103109; 492.166,61 ; 541.383,27 ; 590.599,93 ; 639.816,59 ; 690.779,17 ; 737.831,79 ; 737.831,79 ; 787.020,58 ; 840.129,17 ; 840.128,13 ; 840.128,13 ; 840.128,13 ; 1.552.048,03 ; 10.129.991,32 
MA;CENTRAL DO MARANHAO;2103125; 327.101,64 ; 359.811,81 ; 392.521,97 ; 425.232,13 ; 459.055,09 ; 490.323,76 ; 490.323,76 ; 523.012,01 ; 524.775,25 ; 524.774,60 ; 524.774,60 ; 524.774,60 ; 969.465,69 ; 6.535.946,91 
MA;CENTRO DO GUILHERME;2103158; 1.003.066,53 ; 1.103.373,18 ; 1.203.679,83 ; 1.303.986,48 ; 1.407.747,07 ; 1.503.636,17 ; 1.503.636,17 ; 1.603.878,58 ; 1.609.450,58 ; 1.609.448,59 ; 1.609.448,59 ; 1.609.448,59 ; 2.973.286,42 ; 20.044.086,78 
MA;CENTRO NOVO DO MARANHAO;2103174; 1.121.698,29 ; 1.233.868,11 ; 1.346.037,94 ; 1.458.207,77 ; 1.574.275,33 ; 1.681.507,56 ; 1.681.507,56 ; 1.793.608,06 ; 1.844.155,44 ; 1.844.153,16 ; 1.844.153,16 ; 1.844.153,16 ; 3.406.878,38 ; 22.674.203,92 
MA;CHAPADINHA;2103208; 2.117.495,76 ; 2.329.245,33 ; 2.540.994,91 ; 2.752.744,48 ; 2.971.491,06 ; 3.173.895,05 ; 3.173.895,05 ; 3.385.488,05 ; 3.473.087,21 ; 3.473.082,91 ; 3.473.082,91 ; 3.473.082,91 ; 6.416.154,20 ; 42.753.739,83 
MA;CIDELANDIA;2103257; 264.858,18 ; 291.343,99 ; 317.829,81 ; 344.315,63 ; 371.621,06 ; 396.934,14 ; 396.934,14 ; 423.396,42 ; 432.020,41 ; 432.019,88 ; 432.019,88 ; 432.019,88 ; 798.111,16 ; 5.333.424,58 
MA;CODO;2103307; 3.533.684,41 ; 3.887.052,85 ; 4.240.421,29 ; 4.593.789,73 ; 4.959.219,81 ; 5.297.018,53 ; 5.297.018,53 ; 5.650.153,10 ; 5.775.779,55 ; 5.775.772,40 ; 5.775.772,40 ; 5.775.772,40 ; 10.670.130,10 ; 71.231.585,10 
MA;COELHO NETO;2103406; 680.479,11 ; 748.527,02 ; 816.574,93 ; 884.622,84 ; 954.637,42 ; 1.019.662,83 ; 1.019.662,83 ; 1.087.640,35 ; 1.114.939,31 ; 1.114.937,93 ; 1.114.937,93 ; 1.114.937,93 ; 2.059.730,19 ; 13.731.290,62 
MA;COLINAS;2103505; 1.469.548,58 ; 1.616.503,43 ; 1.763.458,29 ; 1.910.413,15 ; 2.062.478,80 ; 2.202.965,15 ; 2.202.965,15 ; 2.349.829,50 ; 2.366.435,89 ; 2.366.432,96 ; 2.366.432,96 ; 2.366.432,96 ; 4.371.735,22 ; 29.415.632,04 
MA;CONCEICAO DO LAGO-ACU;2103554; 1.010.724,61 ; 1.111.797,07 ; 1.212.869,53 ; 1.313.941,99 ; 1.418.554,32 ; 1.515.179,57 ; 1.515.179,57 ; 1.616.191,54 ; 1.636.011,76 ; 1.636.009,74 ; 1.636.009,74 ; 1.636.009,74 ; 3.022.355,34 ; 20.280.834,52 
MA;COROATA;2103604; 2.313.345,63 ; 2.544.680,19 ; 2.776.014,75 ; 3.007.349,31 ; 3.233.313,30 ; 3.453.551,38 ; 3.453.551,38 ; 3.683.788,14 ; 3.821.371,69 ; 3.821.366,96 ; 3.821.366,96 ; 3.821.366,96 ; 7.059.572,27 ; 46.810.638,92 
MA;CURURUPU;2103703; 1.297.585,96 ; 1.427.344,56 ; 1.557.103,16 ; 1.686.861,75 ; 1.821.210,15 ; 1.945.262,41 ; 1.945.262,41 ; 2.074.946,57 ; 2.128.224,50 ; 2.128.221,86 ; 2.128.221,86 ; 2.128.221,86 ; 3.931.665,34 ; 26.200.132,39 
MA;DAVINOPOLIS;2103752; 500.051,22 ; 550.056,34 ; 600.061,46 ; 650.066,58 ; 701.810,12 ; 749.614,12 ; 749.614,12 ; 799.588,40 ; 832.533,21 ; 832.532,18 ; 832.532,18 ; 832.532,18 ; 1.538.015,34 ; 10.169.007,45 
MA;DOM PEDRO;2103802; 418.035,41 ; 459.838,95 ; 501.642,49 ; 543.446,03 ; 586.615,10 ; 626.572,57 ; 626.572,57 ; 668.344,07 ; 732.296,51 ; 732.295,61 ; 732.295,61 ; 732.295,61 ; 1.352.838,83 ; 8.713.089,36 
MA;DUQUE BACELAR;2103901; 616.268,34 ; 677.895,18 ; 739.522,01 ; 801.148,85 ; 864.922,69 ; 923.837,15 ; 923.837,15 ; 985.426,29 ; 1.003.422,70 ; 1.003.421,46 ; 1.003.421,46 ; 1.003.421,46 ; 1.853.715,24 ; 12.400.259,98 
MA;ESPERANTINOPOLIS;2104008; 851.644,35 ; 936.808,78 ; 1.021.973,21 ; 1.107.137,65 ; 1.195.318,81 ; 1.276.738,31 ; 1.276.738,31 ; 1.361.854,19 ; 1.381.211,61 ; 1.381.209,90 ; 1.381.209,90 ; 1.381.209,90 ; 2.551.639,51 ; 17.104.694,43 
MA;ESTREITO;2104057; 640.498,64 ; 704.548,51 ; 768.598,37 ; 832.648,23 ; 898.754,87 ; 959.973,82 ; 959.973,82 ; 1.023.972,08 ; 1.044.149,26 ; 1.044.147,97 ; 1.044.147,97 ; 1.044.147,97 ; 1.928.953,19 ; 12.894.514,70 
MA;FEIRA NOVA DO MARANHAO;2104073; 220.093,03 ; 242.102,34 ; 264.111,64 ; 286.120,94 ; 308.871,62 ; 329.910,51 ; 329.910,51 ; 351.904,54 ; 354.671,40 ; 354.670,96 ; 354.670,96 ; 354.670,96 ; 655.217,22 ; 4.406.926,63 
MA;FERNANDO FALCAO;2104081; 450.691,51 ; 495.760,66 ; 540.829,81 ; 585.898,96 ; 632.555,56 ; 675.642,27 ; 675.642,27 ; 720.685,09 ; 723.329,76 ; 723.328,86 ; 723.328,86 ; 723.328,86 ; 1.336.273,74 ; 9.007.296,21 
MA;FORMOSA DA SERRA NEGRA;2104099; 415.204,30 ; 456.724,73 ; 498.245,16 ; 539.765,59 ; 582.618,89 ; 622.304,15 ; 622.304,15 ; 663.791,09 ; 665.893,23 ; 665.892,41 ; 665.892,41 ; 665.892,41 ; 1.230.165,95 ; 8.294.694,47 
MA;FORTALEZA DOS NOGUEIRAS;2104107; 482.317,43 ; 530.549,17 ; 578.780,91 ; 627.012,65 ; 676.906,66 ; 723.014,36 ; 723.014,36 ; 771.215,31 ; 779.919,44 ; 779.918,47 ; 779.918,47 ; 779.918,47 ; 1.440.817,06 ; 9.673.302,76 
MA;FORTUNA;2104206; 441.306,74 ; 485.437,41 ; 529.568,09 ; 573.698,76 ; 619.253,56 ; 661.434,20 ; 661.434,20 ; 705.529,82 ; 708.370,79 ; 708.369,91 ; 708.369,91 ; 708.369,91 ; 1.308.638,63 ; 8.819.781,93 
MA;GODOFREDO VIANA;2104305; 573.225,49 ; 630.548,04 ; 687.870,59 ; 745.193,14 ; 804.517,59 ; 859.317,55 ; 859.317,55 ; 916.605,38 ; 941.672,24 ; 941.671,07 ; 941.671,07 ; 941.671,07 ; 1.739.637,92 ; 11.582.918,70 
MA;GONCALVES DIAS;2104404; 760.732,30 ; 836.805,53 ; 912.878,76 ; 988.951,99 ; 1.067.754,20 ; 1.140.484,59 ; 1.140.484,59 ; 1.216.516,89 ; 1.251.065,24 ; 1.251.063,69 ; 1.251.063,69 ; 1.251.063,69 ; 2.311.208,15 ; 15.380.073,31 
MA;GOVERNADOR ARCHER;2104503; 242.288,45 ; 266.517,30 ; 290.746,15 ; 314.974,99 ; 339.987,31 ; 363.145,65 ; 363.145,65 ; 387.355,36 ; 395.029,10 ; 395.028,61 ; 395.028,61 ; 395.028,61 ; 729.773,72 ; 4.878.049,51 
MA;GOVERNADOR EDISON LOBAO;2104552; 631.075,53 ; 694.183,08 ; 757.290,64 ; 820.398,19 ; 885.668,71 ; 945.996,30 ; 945.996,30 ; 1.009.062,72 ; 1.012.528,39 ; 1.012.527,14 ; 1.012.527,14 ; 1.012.527,14 ; 1.870.537,02 ; 12.610.318,30 
MA;GOVERNADOR EUGENIO BARROS;2104602; 537.094,16 ; 590.803,58 ; 644.513,00 ; 698.222,41 ; 753.792,28 ; 805.137,06 ; 805.137,06 ; 858.812,87 ; 861.840,21 ; 861.839,15 ; 861.839,15 ; 861.839,15 ; 1.592.156,85 ; 10.733.026,93 
MA;GOVERNADOR LUIZ ROCHA;2104628; 188.186,09 ; 207.004,70 ; 225.823,31 ; 244.641,92 ; 264.075,37 ; 282.062,94 ; 282.062,94 ; 300.867,14 ; 301.780,93 ; 301.780,56 ; 301.780,56 ; 301.780,56 ; 557.507,75 ; 3.759.354,77 
MA;GOVERNADOR NEWTON BELLO;2104651; 733.257,66 ; 806.583,42 ; 879.909,19 ; 953.234,96 ; 1.029.184,96 ; 1.099.288,20 ; 1.099.288,20 ; 1.172.574,08 ; 1.232.974,77 ; 1.232.973,24 ; 1.232.973,24 ; 1.232.973,24 ; 2.277.787,96 ; 14.983.003,12 
MA;GOVERNADOR NUNES FREIRE;2104677; 2.313.546,69 ; 2.544.901,36 ; 2.776.256,03 ; 3.007.610,70 ; 3.247.388,34 ; 3.468.585,15 ; 3.468.585,15 ; 3.699.824,16 ; 3.718.340,94 ; 3.718.336,34 ; 3.718.336,34 ; 3.718.336,34 ; 6.869.234,06 ; 46.269.281,60 
MA;GRACA ARANHA;2104701; 46.371,86 ; 51.009,04 ; 55.646,23 ; 60.283,41 ; 65.015,42 ; 69.443,97 ; 69.443,97 ; 74.073,56 ; 74.073,76 ; 74.073,67 ; 74.073,67 ; 74.073,67 ; 136.843,34 ; 924.425,57 
MA;GRAJAU;2104800; 1.500.178,97 ; 1.650.196,87 ; 1.800.214,77 ; 1.950.232,66 ; 2.104.807,89 ; 2.248.177,50 ; 2.248.177,50 ; 2.398.056,00 ; 2.607.994,15 ; 2.607.990,92 ; 2.607.990,92 ; 2.607.990,92 ; 4.817.988,03 ; 31.149.997,10 
MA;GUIMARAES;2104909; 207.776,77 ; 228.554,44 ; 249.332,12 ; 270.109,80 ; 291.547,50 ; 311.406,34 ; 311.406,34 ; 332.166,76 ; 333.100,96 ; 333.100,55 ; 333.100,55 ; 333.100,55 ; 615.368,16 ; 4.150.070,84 
MA;HUMBERTO DE CAMPOS;2105005; 1.428.653,83 ; 1.571.519,21 ; 1.714.384,59 ; 1.857.249,97 ; 2.005.122,49 ; 2.141.702,00 ; 2.141.702,00 ; 2.284.482,14 ; 2.319.768,92 ; 2.319.766,04 ; 2.319.766,04 ; 2.319.766,04 ; 4.285.523,00 ; 28.709.406,27 
MA;ICATU;2105104; 673.715,96 ; 741.087,56 ; 808.459,15 ; 875.830,75 ; 945.437,97 ; 1.009.836,75 ; 1.009.836,75 ; 1.077.159,20 ; 1.100.007,98 ; 1.100.006,62 ; 1.100.006,62 ; 1.100.006,62 ; 2.032.146,12 ; 13.573.538,05 
MA;IGARAPE DO MEIO;2105153; 207.026,47 ; 227.729,12 ; 248.431,76 ; 269.134,41 ; 290.262,60 ; 310.033,92 ; 310.033,92 ; 330.702,85 ; 386.221,67 ; 386.221,19 ; 386.221,19 ; 386.221,19 ; 713.502,94 ; 4.451.743,23 
MA;IGARAPE GRANDE;2105203; 482.823,72 ; 531.106,09 ; 579.388,46 ; 627.670,83 ; 677.642,33 ; 723.800,14 ; 723.800,14 ; 772.053,48 ; 808.462,09 ; 808.461,09 ; 808.461,09 ; 808.461,09 ; 1.493.546,55 ; 9.845.677,10 
MA;IMPERATRIZ;2105302; 2.340.652,22 ; 2.574.717,44 ; 2.808.782,66 ; 3.042.847,88 ; 3.283.187,19 ; 3.506.822,45 ; 3.506.822,45 ; 3.740.610,61 ; 3.851.748,03 ; 3.851.743,26 ; 3.851.743,26 ; 3.851.743,26 ; 7.115.689,28 ; 47.327.109,99 
MA;ITAIPAVA DO GRAJAU;2105351; 499.100,39 ; 549.010,43 ; 598.920,47 ; 648.830,51 ; 700.449,13 ; 748.160,43 ; 748.160,43 ; 798.037,79 ; 800.770,57 ; 800.769,58 ; 800.769,58 ; 800.769,58 ; 1.479.337,29 ; 9.973.086,18 
MA;ITAPECURU MIRIM;2105401; 3.556.862,90 ; 3.912.549,19 ; 4.268.235,48 ; 4.623.921,77 ; 4.989.058,25 ; 5.328.889,43 ; 5.328.889,43 ; 5.684.148,72 ; 5.813.076,30 ; 5.813.069,10 ; 5.813.069,10 ; 5.813.069,10 ; 10.739.031,82 ; 71.683.870,59 
MA;ITINGA DO MARANHAO;2105427; 570.167,50 ; 627.184,25 ; 684.201,00 ; 741.217,75 ; 800.082,03 ; 854.579,85 ; 854.579,85 ; 911.551,84 ; 918.869,63 ; 918.868,49 ; 918.868,49 ; 918.868,49 ; 1.697.512,58 ; 11.416.551,75 
MA;JATOBA;2105450; 765.056,58 ; 841.562,24 ; 918.067,89 ; 994.573,55 ; 1.073.900,25 ; 1.147.049,28 ; 1.147.049,28 ; 1.223.519,24 ; 1.230.816,87 ; 1.230.815,35 ; 1.230.815,35 ; 1.230.815,35 ; 2.273.801,46 ; 15.307.842,69 
MA;JENIPAPO DOS VIEIRAS;2105476; 854.729,48 ; 940.202,42 ; 1.025.675,37 ; 1.111.148,32 ; 1.199.671,88 ; 1.281.387,89 ; 1.281.387,89 ; 1.366.813,74 ; 1.371.988,20 ; 1.371.986,51 ; 1.371.986,51 ; 1.371.986,51 ; 2.534.600,28 ; 17.083.565,00 
MA;JOAO LISBOA;2105500; 1.100.757,05 ; 1.210.832,76 ; 1.320.908,46 ; 1.430.984,17 ; 1.544.906,04 ; 1.650.137,77 ; 1.650.137,77 ; 1.760.146,96 ; 1.798.404,95 ; 1.798.402,73 ; 1.798.402,73 ; 1.798.402,73 ; 3.322.359,26 ; 22.184.783,38 
MA;JOSELANDIA;2105609; 479.628,44 ; 527.591,28 ; 575.554,12 ; 623.516,97 ; 673.134,25 ; 718.984,99 ; 718.984,99 ; 766.917,32 ; 780.996,70 ; 780.995,73 ; 780.995,73 ; 780.995,73 ; 1.442.807,18 ; 9.651.103,43 
MA;JUNCO DO MARANHAO;2105658; 424.224,46 ; 466.646,90 ; 509.069,35 ; 551.491,79 ; 595.436,63 ; 635.994,97 ; 635.994,97 ; 678.394,64 ; 694.117,28 ; 694.116,42 ; 694.116,42 ; 694.116,42 ; 1.282.306,84 ; 8.556.027,09 
MA;LAGO DA PEDRA;2105708; 1.603.421,51 ; 1.763.763,66 ; 1.924.105,81 ; 2.084.447,96 ; 2.151.793,58 ; 2.298.363,63 ; 2.298.363,63 ; 2.451.587,87 ; 2.460.341,37 ; 2.460.338,33 ; 2.460.338,33 ; 2.460.338,33 ; 4.545.215,44 ; 30.962.419,45 
MA;LAGO DO JUNCO;2105807; 371.653,64 ; 408.819,01 ; 445.984,37 ; 483.149,73 ; 521.551,58 ; 557.077,22 ; 557.077,22 ; 594.215,70 ; 596.896,16 ; 596.895,42 ; 596.895,42 ; 596.895,42 ; 1.102.701,26 ; 7.429.812,15 
MA;LAGO DOS RODRIGUES;2105948; 446.251,93 ; 490.877,12 ; 535.502,31 ; 580.127,51 ; 626.338,08 ; 669.001,28 ; 669.001,28 ; 713.601,37 ; 721.672,71 ; 721.671,81 ; 721.671,81 ; 721.671,81 ; 1.333.212,51 ; 8.950.601,53 
MA;LAGO VERDE;2105906; 661.888,27 ; 728.077,10 ; 794.265,93 ; 860.454,75 ; 928.950,24 ; 992.225,96 ; 992.225,96 ; 1.058.374,35 ; 1.062.160,38 ; 1.062.159,06 ; 1.062.159,06 ; 1.062.159,06 ; 1.962.226,77 ; 13.227.326,89 
MA;LAGOA DO MATO;2105922; 342.316,60 ; 376.548,27 ; 410.779,93 ; 445.011,59 ; 480.424,66 ; 513.148,92 ; 513.148,92 ; 547.358,85 ; 565.505,02 ; 565.504,32 ; 565.504,32 ; 565.504,32 ; 1.044.709,55 ; 6.935.465,27 
MA;LAGOA GRANDE DO MARANHAO;2105963; 342.142,71 ; 376.356,99 ; 410.571,26 ; 444.785,53 ; 480.142,46 ; 512.847,50 ; 512.847,50 ; 547.037,34 ; 548.797,14 ; 548.796,46 ; 548.796,46 ; 548.796,46 ; 1.013.843,54 ; 6.835.761,35 
MA;LAJEADO NOVO;2105989; 476.646,68 ; 524.311,35 ; 571.976,02 ; 619.640,69 ; 669.010,52 ; 714.580,36 ; 714.580,36 ; 762.219,06 ; 770.397,25 ; 770.396,30 ; 770.396,30 ; 770.396,30 ; 1.423.225,83 ; 9.557.777,02 
MA;LIMA CAMPOS;2106003; 189.702,80 ; 208.673,08 ; 227.643,36 ; 246.613,64 ; 266.129,39 ; 284.256,88 ; 284.256,88 ; 303.207,33 ; 310.444,62 ; 310.444,23 ; 310.444,23 ; 310.444,23 ; 573.513,00 ; 3.825.773,67 
MA;LORETO;2106102; 324.342,14 ; 356.776,36 ; 389.210,57 ; 421.644,79 ; 455.164,92 ; 486.168,61 ; 486.168,61 ; 518.579,85 ; 523.447,13 ; 523.446,48 ; 523.446,48 ; 523.446,48 ; 967.012,10 ; 6.498.854,52 
MA;LUIS DOMINGUES;2106201; 116.911,72 ; 128.602,90 ; 140.294,07 ; 151.985,24 ; 164.004,69 ; 175.175,92 ; 175.175,92 ; 186.854,31 ; 196.515,44 ; 196.515,20 ; 196.515,20 ; 196.515,20 ; 363.041,14 ; 2.388.106,95 
MA;MARACACUME;2106326; 914.887,39 ; 1.006.376,12 ; 1.097.864,86 ; 1.189.353,60 ; 1.284.003,11 ; 1.371.463,36 ; 1.371.463,36 ; 1.462.894,25 ; 1.468.017,99 ; 1.468.016,18 ; 1.468.016,18 ; 1.468.016,18 ; 2.712.004,96 ; 18.282.377,54 
MA;MARAJA DO SENA;2106359; 455.459,39 ; 501.005,33 ; 546.551,27 ; 592.097,21 ; 639.248,30 ; 682.790,88 ; 682.790,88 ; 728.310,27 ; 730.986,51 ; 730.985,60 ; 730.985,60 ; 730.985,60 ; 1.350.418,75 ; 9.102.615,59 
MA;Maranhão;21; 20.084.134,70 ; 22.092.548,17 ; 24.100.961,64 ; 26.109.375,11 ; 27.702.741,33 ; 29.589.721,73 ; 29.589.721,73 ; 31.562.369,84 ; 31.985.876,31 ; 31.985.836,71 ; 31.985.836,71 ; 31.985.836,71 ; 59.090.458,60 ; 397.865.419,29 
MA;MARANHAOZINHO;2106375; 524.797,97 ; 577.277,77 ; 629.757,56 ; 682.237,36 ; 736.362,29 ; 786.519,82 ; 786.519,82 ; 838.954,47 ; 848.194,50 ; 848.193,45 ; 848.193,45 ; 848.193,45 ; 1.566.947,90 ; 10.522.149,81 
MA;MATA ROMA;2106409; 1.149.567,14 ; 1.264.523,85 ; 1.379.480,56 ; 1.494.437,28 ; 1.613.505,27 ; 1.723.409,66 ; 1.723.409,66 ; 1.838.303,64 ; 1.845.296,22 ; 1.845.293,93 ; 1.845.293,93 ; 1.845.293,93 ; 3.408.985,83 ; 22.976.800,90 
MA;MATINHA;2106508; 1.098.124,00 ; 1.207.936,39 ; 1.317.748,79 ; 1.427.561,19 ; 1.541.267,16 ; 1.646.251,03 ; 1.646.251,03 ; 1.756.001,10 ; 1.763.231,46 ; 1.763.229,28 ; 1.763.229,28 ; 1.763.229,28 ; 3.257.380,03 ; 21.951.440,02 
MA;MATOES;2106607; 1.399.542,73 ; 1.539.497,00 ; 1.679.451,27 ; 1.819.405,54 ; 1.964.213,51 ; 2.098.006,50 ; 2.098.006,50 ; 2.237.873,60 ; 2.245.785,10 ; 2.245.782,32 ; 2.245.782,32 ; 2.245.782,32 ; 4.148.845,89 ; 27.967.974,60 
MA;MATOES DO NORTE;2106631; 974.762,00 ; 1.072.238,20 ; 1.169.714,40 ; 1.267.190,60 ; 1.368.177,08 ; 1.461.370,86 ; 1.461.370,86 ; 1.558.795,59 ; 1.564.820,76 ; 1.564.818,82 ; 1.564.818,82 ; 1.564.818,82 ; 2.890.837,66 ; 19.483.734,47 
MA;MILAGRES DO MARANHAO;2106672; 722.504,52 ; 794.754,97 ; 867.005,42 ; 939.255,87 ; 1.014.094,26 ; 1.083.169,59 ; 1.083.169,59 ; 1.155.380,90 ; 1.162.730,25 ; 1.162.728,81 ; 1.162.728,81 ; 1.162.728,81 ; 2.148.018,79 ; 14.458.270,59 
MA;MIRADOR;2106706; 518.708,14 ; 570.578,95 ; 622.449,76 ; 674.320,58 ; 727.927,53 ; 777.510,53 ; 777.510,53 ; 829.344,56 ; 832.027,68 ; 832.026,65 ; 832.026,65 ; 832.026,65 ; 1.537.081,40 ; 10.363.539,61 
MA;MIRANDA DO NORTE;2106755; 683.730,45 ; 752.103,49 ; 820.476,53 ; 888.849,58 ; 959.554,50 ; 1.024.914,84 ; 1.024.914,84 ; 1.093.242,50 ; 1.096.951,46 ; 1.096.950,10 ; 1.096.950,10 ; 1.096.950,10 ; 2.026.499,57 ; 13.662.088,06 
MA;MIRINZAL;2106805; 431.058,64 ; 474.164,50 ; 517.270,36 ; 560.376,23 ; 604.930,32 ; 646.135,33 ; 646.135,33 ; 689.211,02 ; 691.964,04 ; 691.963,19 ; 691.963,19 ; 691.963,19 ; 1.278.328,95 ; 8.615.464,29 
MA;MONCAO;2106904; 1.744.107,69 ; 1.918.518,46 ; 2.092.929,22 ; 2.267.339,99 ; 2.447.967,14 ; 2.614.711,14 ; 2.614.711,14 ; 2.789.025,22 ; 2.803.935,33 ; 2.803.931,85 ; 2.803.931,85 ; 2.803.931,85 ; 5.179.968,25 ; 34.885.009,13 
MA;MONTES ALTOS;2107001; 243.215,43 ; 267.536,97 ; 291.858,51 ; 316.180,06 ; 341.327,23 ; 364.576,83 ; 364.576,83 ; 388.881,96 ; 391.622,07 ; 391.621,59 ; 391.621,59 ; 391.621,59 ; 723.479,58 ; 4.868.120,24 
MA;MORROS;2107100; 863.588,33 ; 949.947,16 ; 1.036.305,99 ; 1.122.664,83 ; 1.212.022,26 ; 1.294.579,51 ; 1.294.579,51 ; 1.380.884,81 ; 1.385.989,72 ; 1.385.988,01 ; 1.385.988,01 ; 1.385.988,01 ; 2.560.466,57 ; 17.258.992,72 
MA;NINA RODRIGUES;2107209; 400.147,77 ; 440.162,55 ; 480.177,33 ; 520.192,10 ; 561.505,37 ; 599.752,47 ; 599.752,47 ; 639.735,97 ; 647.966,74 ; 647.965,94 ; 647.965,94 ; 647.965,94 ; 1.197.048,68 ; 8.030.339,27 
MA;NOVA COLINAS;2107258; 88.559,12 ; 97.415,04 ; 106.270,95 ; 115.126,86 ; 124.245,34 ; 132.708,35 ; 132.708,35 ; 141.555,57 ; 141.879,34 ; 141.879,17 ; 141.879,17 ; 141.879,17 ; 262.106,81 ; 1.768.213,24 
MA;NOVA OLINDA DO MARANHAO;2107357; 755.645,27 ; 831.209,80 ; 906.774,33 ; 982.338,85 ; 1.060.500,86 ; 1.132.737,19 ; 1.132.737,19 ; 1.208.253,00 ; 1.231.246,40 ; 1.231.244,87 ; 1.231.244,87 ; 1.231.244,87 ; 2.274.594,98 ; 15.209.772,48 
MA;OLHO DAGUA DAS CUNHAS;2107407; 302.564,45 ; 332.820,90 ; 363.077,34 ; 393.333,79 ; 424.413,87 ; 453.322,94 ; 453.322,94 ; 483.544,47 ; 535.032,62 ; 535.031,96 ; 535.031,96 ; 535.031,96 ; 988.415,05 ; 6.334.944,25 
MA;OLINDA NOVA DO MARANHAO;2107456; 473.828,21 ; 521.211,03 ; 568.593,85 ; 615.976,67 ; 664.994,18 ; 710.290,45 ; 710.290,45 ; 757.643,15 ; 784.599,20 ; 784.598,23 ; 784.598,23 ; 784.598,23 ; 1.449.462,42 ; 9.610.684,30 
MA;PACO DO LUMIAR;2107506; 7.772.457,21 ; 8.549.702,93 ; 9.326.948,65 ; 10.104.194,37 ; 10.824.657,78 ; 11.561.982,54 ; 11.561.982,54 ; 12.332.781,37 ; 12.433.665,71 ; 12.433.650,32 ; 12.433.650,32 ; 12.433.650,32 ; 22.969.857,12 ; 154.739.181,18 
MA;PALMEIRANDIA;2107605; 502.979,59 ; 553.277,55 ; 603.575,51 ; 653.873,47 ; 705.865,46 ; 753.945,70 ; 753.945,70 ; 804.208,74 ; 807.990,45 ; 807.989,45 ; 807.989,45 ; 807.989,45 ; 1.492.675,25 ; 10.056.305,77 
MA;PARAIBANO;2107704; 299.860,82 ; 329.846,90 ; 359.832,98 ; 389.819,06 ; 420.722,59 ; 449.380,23 ; 449.380,23 ; 479.338,91 ; 480.547,89 ; 480.547,29 ; 480.547,29 ; 480.547,29 ; 887.760,47 ; 5.988.131,95 
MA;PARNARAMA;2107803; 1.853.193,37 ; 2.038.512,71 ; 2.223.832,05 ; 2.409.151,38 ; 2.601.036,57 ; 2.778.206,94 ; 2.778.206,94 ; 2.963.420,74 ; 3.027.987,37 ; 3.027.983,62 ; 3.027.983,62 ; 3.027.983,62 ; 5.593.880,25 ; 37.351.379,18 
MA;PASSAGEM FRANCA;2107902; 856.740,35 ; 942.414,38 ; 1.028.088,42 ; 1.113.762,45 ; 1.202.490,03 ; 1.284.397,99 ; 1.284.397,99 ; 1.370.024,52 ; 1.375.194,28 ; 1.375.192,58 ; 1.375.192,58 ; 1.375.192,58 ; 2.540.523,17 ; 17.123.611,32 
MA;PASTOS BONS;2108009; 355.132,08 ; 390.645,30 ; 426.158,51 ; 461.671,72 ; 498.144,41 ; 532.075,66 ; 532.075,66 ; 567.547,37 ; 580.352,80 ; 580.352,08 ; 580.352,08 ; 580.352,08 ; 1.072.139,22 ; 7.156.998,97 
MA;PAULINO NEVES;2108058; 703.571,75 ; 773.928,92 ; 844.286,09 ; 914.643,27 ; 987.389,47 ; 1.054.645,79 ; 1.054.645,79 ; 1.124.955,51 ; 1.134.586,15 ; 1.134.584,75 ; 1.134.584,75 ; 1.134.584,75 ; 2.096.025,58 ; 14.092.432,57 
MA;PAULO RAMOS;2108108; 807.096,76 ; 887.806,44 ; 968.516,11 ; 1.049.225,79 ; 1.132.647,06 ; 1.209.797,64 ; 1.209.797,64 ; 1.290.450,82 ; 1.301.864,62 ; 1.301.863,01 ; 1.301.863,01 ; 1.301.863,01 ; 2.405.054,52 ; 16.167.846,43 
MA;PEDREIRAS;2108207; 255.987,61 ; 281.586,37 ; 307.185,13 ; 332.783,89 ; 358.986,09 ; 383.438,54 ; 383.438,54 ; 409.001,11 ; 447.898,99 ; 447.898,44 ; 447.898,44 ; 447.898,44 ; 827.445,12 ; 5.331.446,71 
MA;PEDRO DO ROSARIO;2108256; 1.152.702,03 ; 1.267.972,23 ; 1.383.242,43 ; 1.498.512,63 ; 1.617.682,50 ; 1.727.871,42 ; 1.727.871,42 ; 1.843.062,85 ; 1.889.419,04 ; 1.889.416,70 ; 1.889.416,70 ; 1.889.416,70 ; 3.490.497,96 ; 23.267.084,61 
MA;PENALVA;2108306; 1.505.386,43 ; 1.655.925,08 ; 1.806.463,72 ; 1.957.002,36 ; 2.112.814,67 ; 2.256.729,66 ; 2.256.729,66 ; 2.407.178,30 ; 2.431.675,25 ; 2.431.672,23 ; 2.431.672,23 ; 2.431.672,23 ; 4.492.257,88 ; 30.177.179,70 
MA;PERI MIRIM;2108405; 339.514,99 ; 373.466,49 ; 407.418,00 ; 441.369,50 ; 476.457,67 ; 508.911,73 ; 508.911,73 ; 542.839,17 ; 547.258,07 ; 547.257,39 ; 547.257,39 ; 547.257,39 ; 1.011.000,27 ; 6.798.919,79 
MA;PERITORO;2108454; 1.296.100,40 ; 1.425.710,44 ; 1.555.320,47 ; 1.684.930,51 ; 1.819.123,29 ; 1.943.033,41 ; 1.943.033,41 ; 2.072.568,97 ; 2.177.184,67 ; 2.177.181,97 ; 2.177.181,97 ; 2.177.181,97 ; 4.022.113,96 ; 26.470.665,44 
MA;PINDARE MIRIM;2108504; 1.524.552,43 ; 1.677.007,68 ; 1.829.462,92 ; 1.981.918,16 ; 2.139.633,29 ; 2.285.375,04 ; 2.285.375,04 ; 2.437.733,37 ; 2.517.325,01 ; 2.517.321,89 ; 2.517.321,89 ; 2.517.321,89 ; 4.650.486,58 ; 30.880.835,19 
MA;PINHEIRO;2108603; 3.484.567,83 ; 3.833.024,61 ; 4.181.481,40 ; 4.529.938,18 ; 5.031.433,69 ; 5.374.151,28 ; 5.374.151,28 ; 5.732.428,03 ; 5.763.348,56 ; 5.763.341,43 ; 5.763.341,43 ; 5.763.341,43 ; 10.647.165,20 ; 71.241.714,35 
MA;PIO XII;2108702; 605.449,78 ; 665.994,75 ; 726.539,73 ; 787.084,71 ; 849.503,15 ; 907.367,30 ; 907.367,30 ; 967.858,46 ; 987.087,70 ; 987.086,48 ; 987.086,48 ; 987.086,48 ; 1.823.538,10 ; 12.189.050,42 
MA;PIRAPEMAS;2108801; 992.043,22 ; 1.091.247,54 ; 1.190.451,86 ; 1.289.656,18 ; 1.392.394,85 ; 1.487.238,23 ; 1.487.238,23 ; 1.586.387,45 ; 1.592.367,98 ; 1.592.366,00 ; 1.592.366,00 ; 1.592.366,00 ; 2.941.728,17 ; 19.827.851,71 
MA;POCAO DE PEDRAS;2108900; 474.541,96 ; 521.996,15 ; 569.450,35 ; 616.904,54 ; 665.913,03 ; 711.271,89 ; 711.271,89 ; 758.690,01 ; 761.009,64 ; 761.008,70 ; 761.008,70 ; 761.008,70 ; 1.405.883,23 ; 9.479.958,79 
MA;PORTO FRANCO;2109007; 1.037.279,33 ; 1.141.007,26 ; 1.244.735,19 ; 1.348.463,13 ; 1.455.749,75 ; 1.554.908,57 ; 1.554.908,57 ; 1.658.569,14 ; 1.700.052,60 ; 1.700.050,50 ; 1.700.050,50 ; 1.700.050,50 ; 3.140.663,90 ; 20.936.488,94 
MA;PORTO RICO DO MARANHAO;2109056; 201.787,04 ; 221.965,74 ; 242.144,45 ; 262.323,15 ; 283.176,38 ; 302.465,02 ; 302.465,02 ; 322.629,36 ; 323.669,71 ; 323.669,31 ; 323.669,31 ; 323.669,31 ; 597.944,94 ; 4.031.578,74 
MA;PRESIDENTE DUTRA;2109106; 1.135.570,62 ; 1.249.127,68 ; 1.362.684,74 ; 1.476.241,81 ; 1.593.642,63 ; 1.702.194,07 ; 1.702.194,07 ; 1.815.673,67 ; 1.862.073,50 ; 1.862.071,20 ; 1.862.071,20 ; 1.862.071,20 ; 3.439.980,05 ; 22.925.596,44 
MA;PRESIDENTE JUSCELINO;2109205; 571.779,45 ; 628.957,39 ; 686.135,33 ; 743.313,28 ; 802.495,94 ; 857.158,19 ; 857.158,19 ; 914.302,07 ; 934.318,46 ; 934.317,30 ; 934.317,30 ; 934.317,30 ; 1.726.052,62 ; 11.524.622,82 
MA;PRESIDENTE MEDICI;2109239; 124.850,06 ; 137.335,07 ; 149.820,07 ; 162.305,08 ; 175.163,84 ; 187.095,18 ; 187.095,18 ; 199.568,19 ; 202.731,13 ; 202.730,88 ; 202.730,88 ; 202.730,88 ; 374.523,92 ; 2.508.680,36 
MA;PRESIDENTE SARNEY;2109270; 667.996,70 ; 734.796,37 ; 801.596,04 ; 868.395,70 ; 937.362,33 ; 1.001.211,04 ; 1.001.211,04 ; 1.067.958,45 ; 1.072.386,98 ; 1.072.385,65 ; 1.072.385,65 ; 1.072.385,65 ; 1.981.119,32 ; 13.351.190,92 
MA;PRESIDENTE VARGAS;2109304; 329.184,03 ; 362.102,44 ; 395.020,85 ; 427.939,26 ; 461.890,90 ; 493.352,74 ; 493.352,74 ; 526.242,92 ; 527.673,64 ; 527.672,99 ; 527.672,99 ; 527.672,99 ; 974.820,13 ; 6.574.598,62 
MA;RAPOSA;2109452; 1.219.708,06 ; 1.341.678,87 ; 1.463.649,68 ; 1.585.620,48 ; 1.711.858,73 ; 1.828.462,49 ; 1.828.462,49 ; 1.950.359,99 ; 1.961.558,88 ; 1.961.556,46 ; 1.961.556,46 ; 1.961.556,46 ; 3.623.768,56 ; 24.399.797,61 
MA;RIACHAO;2109502; 377.332,89 ; 415.066,17 ; 452.799,46 ; 490.532,75 ; 529.452,67 ; 565.516,50 ; 565.516,50 ; 603.217,60 ; 615.498,53 ; 615.497,77 ; 615.497,77 ; 615.497,77 ; 1.137.067,14 ; 7.598.493,52 
MA;RIBAMAR FIQUENE;2109551; 182.261,25 ; 200.487,37 ; 218.713,50 ; 236.939,62 ; 255.765,83 ; 273.187,40 ; 273.187,40 ; 291.399,89 ; 294.436,45 ; 294.436,08 ; 294.436,08 ; 294.436,08 ; 543.939,62 ; 3.653.626,57 
MA;ROSARIO;2109601; 1.848.650,56 ; 2.033.515,62 ; 2.218.380,67 ; 2.403.245,73 ; 2.594.588,60 ; 2.771.319,77 ; 2.771.319,77 ; 2.956.074,42 ; 2.995.942,92 ; 2.995.939,21 ; 2.995.939,21 ; 2.995.939,21 ; 5.534.681,55 ; 37.115.537,24 
MA;SAMBAIBA;2109700; 161.861,15 ; 178.047,26 ; 194.233,37 ; 210.419,49 ; 227.142,10 ; 242.613,95 ; 242.613,95 ; 258.788,21 ; 259.604,57 ; 259.604,25 ; 259.604,25 ; 259.604,25 ; 479.591,49 ; 3.233.728,29 
MA;SANTA FILOMENA DO MARANHAO;2109759; 176.103,58 ; 193.713,94 ; 211.324,30 ; 228.934,66 ; 247.125,43 ; 263.958,46 ; 263.958,46 ; 281.555,69 ; 284.045,92 ; 284.045,57 ; 284.045,57 ; 284.045,57 ; 524.744,27 ; 3.527.601,42 
MA;SANTA HELENA;2109809; 1.941.756,14 ; 2.135.931,76 ; 2.330.107,37 ; 2.524.282,99 ; 2.725.172,98 ; 2.910.798,94 ; 2.910.798,94 ; 3.104.852,21 ; 3.154.350,61 ; 3.154.346,70 ; 3.154.346,70 ; 3.154.346,70 ; 5.827.322,71 ; 39.028.414,75 
MA;SANTA INES;2109908; 1.412.164,77 ; 1.553.381,24 ; 1.694.597,72 ; 1.835.814,19 ; 1.981.417,90 ; 2.116.382,76 ; 2.116.382,76 ; 2.257.474,95 ; 2.425.206,76 ; 2.425.203,76 ; 2.425.203,76 ; 2.425.203,76 ; 4.480.308,05 ; 29.148.742,38 
MA;SANTA LUZIA;2110005; 2.958.798,11 ; 3.254.677,92 ; 3.550.557,73 ; 3.846.437,54 ; 4.152.754,54 ; 4.435.620,64 ; 4.435.620,64 ; 4.731.328,68 ; 4.817.127,73 ; 4.817.121,77 ; 4.817.121,77 ; 4.817.121,77 ; 8.899.124,19 ; 59.533.413,03 
MA;SANTA LUZIA DO PARUA;2110039; 867.172,50 ; 953.889,75 ; 1.040.607,00 ; 1.127.324,25 ; 1.217.044,19 ; 1.299.943,51 ; 1.299.943,51 ; 1.386.606,41 ; 1.403.887,94 ; 1.403.886,20 ; 1.403.886,20 ; 1.403.886,20 ; 2.593.531,60 ; 17.401.609,26 
MA;SANTA QUITERIA DO MARANHAO;2110104; 516.282,01 ; 567.910,21 ; 619.538,41 ; 671.166,61 ; 724.167,24 ; 773.494,10 ; 773.494,10 ; 825.060,38 ; 885.488,00 ; 885.486,90 ; 885.486,90 ; 885.486,90 ; 1.635.843,62 ; 10.648.905,38 
MA;SANTA RITA;2110203; 2.627.261,14 ; 2.889.987,25 ; 3.152.713,36 ; 3.415.439,48 ; 3.687.728,81 ; 3.938.919,54 ; 3.938.919,54 ; 4.201.514,18 ; 4.243.646,38 ; 4.243.641,13 ; 4.243.641,13 ; 4.243.641,13 ; 7.839.679,22 ; 52.666.732,29 
MA;SANTANA DO MARANHAO;2110237; 200.039,98 ; 220.043,97 ; 240.047,97 ; 260.051,97 ; 280.646,54 ; 299.762,86 ; 299.762,86 ; 319.747,05 ; 320.468,38 ; 320.467,98 ; 320.467,98 ; 320.467,98 ; 592.030,83 ; 3.994.006,35 
MA;SANTO AMARO DO MARANHAO;2110278; 327.738,64 ; 360.512,51 ; 393.286,37 ; 426.060,25 ; 459.896,88 ; 491.222,89 ; 491.222,89 ; 523.971,08 ; 525.530,68 ; 525.530,03 ; 525.530,03 ; 525.530,03 ; 970.861,27 ; 6.546.893,55 
MA;SAO BENEDITO DO RIO PRETO;2110401; 612.979,74 ; 674.277,71 ; 735.575,68 ; 796.873,66 ; 860.173,13 ; 918.764,07 ; 918.764,07 ; 980.015,01 ; 982.986,65 ; 982.985,44 ; 982.985,44 ; 982.985,44 ; 1.815.961,84 ; 12.245.327,88 
MA;SAO BENTO;2110500; 869.104,03 ; 956.014,43 ; 1.042.924,84 ; 1.129.835,24 ; 1.219.488,23 ; 1.302.554,03 ; 1.302.554,03 ; 1.389.390,97 ; 1.425.837,94 ; 1.425.836,17 ; 1.425.836,17 ; 1.425.836,17 ; 2.634.081,87 ; 17.549.294,12 
MA;SAO BERNARDO;2110609; 276.990,84 ; 304.689,92 ; 332.389,01 ; 360.088,09 ; 388.158,65 ; 414.598,19 ; 414.598,19 ; 442.238,07 ; 462.246,04 ; 462.245,46 ; 462.245,46 ; 462.245,46 ; 853.949,76 ; 5.636.683,14 
MA;SAO DOMINGOS DO AZEITAO;2110658; 212.294,93 ; 233.524,42 ; 254.753,92 ; 275.983,41 ; 297.918,63 ; 318.211,44 ; 318.211,44 ; 339.425,54 ; 340.504,47 ; 340.504,05 ; 340.504,05 ; 340.504,05 ; 629.045,33 ; 4.241.385,68 
MA;SAO DOMINGOS DO MARANHAO;2110708; 806.321,21 ; 886.953,33 ; 967.585,45 ; 1.048.217,57 ; 1.131.486,89 ; 1.208.558,45 ; 1.208.558,45 ; 1.289.129,01 ; 1.302.459,89 ; 1.302.458,28 ; 1.302.458,28 ; 1.302.458,28 ; 2.406.154,21 ; 16.162.799,30 
MA;SAO FELIX DE BALSAS;2110807; 131.851,25 ; 145.036,37 ; 158.221,50 ; 171.406,63 ; 185.042,64 ; 197.646,87 ; 197.646,87 ; 210.823,33 ; 211.543,35 ; 211.543,09 ; 211.543,09 ; 211.543,09 ; 390.803,57 ; 2.634.651,65 
MA;SAO FRANCISCO DO BREJAO;2110856; 233.812,36 ; 257.193,59 ; 280.574,83 ; 303.956,06 ; 328.107,38 ; 350.456,52 ; 350.456,52 ; 373.820,28 ; 376.834,62 ; 376.834,16 ; 376.834,16 ; 376.834,16 ; 696.161,37 ; 4.681.876,01 
MA;SAO FRANCISCO DO MARANHAO;2110906; 362.295,28 ; 398.524,80 ; 434.754,33 ; 470.983,86 ; 508.407,39 ; 543.037,71 ; 543.037,71 ; 579.240,22 ; 581.040,39 ; 581.039,67 ; 581.039,67 ; 581.039,67 ; 1.073.409,47 ; 7.237.850,17 
MA;SAO JOAO BATISTA;2111003; 502.536,28 ; 552.789,91 ; 603.043,53 ; 653.297,16 ; 705.229,11 ; 753.266,00 ; 753.266,00 ; 803.483,74 ; 806.276,61 ; 806.275,61 ; 806.275,61 ; 806.275,61 ; 1.489.509,08 ; 10.041.524,25 
MA;SAO JOAO DO CARU;2111029; 542.191,29 ; 596.410,41 ; 650.629,54 ; 704.848,67 ; 760.931,36 ; 812.762,42 ; 812.762,42 ; 866.946,58 ; 882.484,93 ; 882.483,83 ; 882.483,83 ; 882.483,83 ; 1.630.295,75 ; 10.907.714,86 
MA;SAO JOAO DO PARAISO;2111052; 534.541,79 ; 587.995,97 ; 641.450,15 ; 694.904,33 ; 750.247,24 ; 801.350,55 ; 801.350,55 ; 854.773,92 ; 870.681,06 ; 870.679,99 ; 870.679,99 ; 870.679,99 ; 1.608.489,37 ; 10.757.824,90 
MA;SAO JOAO DO SOTER;2111078; 942.727,92 ; 1.037.000,72 ; 1.131.273,51 ; 1.225.546,30 ; 1.274.778,04 ; 1.361.609,92 ; 1.361.609,92 ; 1.452.383,91 ; 1.502.195,30 ; 1.502.193,44 ; 1.502.193,44 ; 1.502.193,44 ; 2.775.143,84 ; 18.570.849,70 
MA;SAO JOAO DOS PATOS;2111102; 594.143,99 ; 653.558,39 ; 712.972,79 ; 772.387,18 ; 833.754,11 ; 890.545,52 ; 890.545,52 ; 949.915,22 ; 1.002.670,88 ; 1.002.669,64 ; 1.002.669,64 ; 1.002.669,64 ; 1.852.326,35 ; 12.160.828,87 
MA;SAO JOSE DE RIBAMAR;2111201; 11.060.483,02 ; 12.166.531,32 ; 13.272.579,62 ; 14.378.627,92 ; 15.463.463,09 ; 16.516.761,44 ; 16.516.761,44 ; 17.617.878,87 ; 17.751.330,28 ; 17.751.308,30 ; 17.751.308,30 ; 17.751.308,30 ; 32.793.669,19 ; 220.792.011,09 
MA;SAO JOSE DOS BASILIOS;2111250; 281.353,35 ; 309.488,69 ; 337.624,03 ; 365.759,36 ; 394.870,24 ; 421.766,95 ; 421.766,95 ; 449.884,74 ; 451.474,39 ; 451.473,83 ; 451.473,83 ; 451.473,83 ; 834.050,29 ; 5.622.460,48 
MA;SAO LUIS GONZAGA DO MARANHAO;2111409; 1.010.129,08 ; 1.111.141,99 ; 1.212.154,89 ; 1.313.167,80 ; 1.417.718,60 ; 1.514.286,92 ; 1.514.286,92 ; 1.615.239,38 ; 1.681.102,10 ; 1.681.100,02 ; 1.681.100,02 ; 1.681.100,02 ; 3.105.654,91 ; 20.538.182,65 
MA;SAO MATEUS DO MARANHAO;2111508; 1.767.153,52 ; 1.943.868,87 ; 2.120.584,22 ; 2.297.299,57 ; 2.480.244,24 ; 2.649.186,80 ; 2.649.186,80 ; 2.825.799,26 ; 2.842.396,19 ; 2.842.392,67 ; 2.842.392,67 ; 2.842.392,67 ; 5.251.020,54 ; 35.353.918,02 
MA;SAO PEDRO DA AGUA BRANCA;2111532; 151.305,09 ; 166.435,60 ; 181.566,11 ; 196.696,62 ; 212.237,53 ; 226.694,16 ; 226.694,16 ; 241.807,10 ; 248.303,12 ; 248.302,81 ; 248.302,81 ; 248.302,81 ; 458.713,27 ; 3.055.361,19 
MA;SAO PEDRO DOS CRENTES;2111573; 156.524,46 ; 172.176,91 ; 187.829,36 ; 203.481,80 ; 219.656,13 ; 234.618,07 ; 234.618,07 ; 250.259,28 ; 251.060,92 ; 251.060,61 ; 251.060,61 ; 251.060,61 ; 463.808,00 ; 3.127.214,83 
MA;SAO RAIMUNDO DAS MANGABEIRAS;2111607; 532.940,04 ; 586.234,05 ; 639.528,05 ; 692.822,06 ; 747.923,30 ; 798.868,31 ; 798.868,31 ; 852.126,20 ; 860.586,70 ; 860.585,64 ; 860.585,64 ; 860.585,64 ; 1.589.841,13 ; 10.681.495,07 
MA;SAO RAIMUNDO DO DOCA BEZERRA;2111631; 233.686,09 ; 257.054,70 ; 280.423,31 ; 303.791,92 ; 327.971,33 ; 350.311,19 ; 350.311,19 ; 373.665,27 ; 374.987,68 ; 374.987,22 ; 374.987,22 ; 374.987,22 ; 692.749,34 ; 4.669.913,68 
MA;SAO ROBERTO;2111672; 118.399,21 ; 130.239,13 ; 142.079,06 ; 153.918,98 ; 166.114,86 ; 177.429,82 ; 177.429,82 ; 189.258,48 ; 194.699,01 ; 194.698,77 ; 194.698,77 ; 194.698,77 ; 359.685,47 ; 2.393.350,15 
MA;SAO VICENTE FERRER;2111706; 695.928,34 ; 765.521,17 ; 835.114,00 ; 904.706,84 ; 976.718,39 ; 1.043.247,86 ; 1.043.247,86 ; 1.112.797,71 ; 1.123.141,72 ; 1.123.140,33 ; 1.123.140,33 ; 1.123.140,33 ; 2.074.883,26 ; 13.944.728,14 
MA;SATUBINHA;2111722; 199.487,91 ; 219.436,70 ; 239.385,49 ; 259.334,28 ; 279.817,43 ; 298.877,28 ; 298.877,28 ; 318.802,43 ; 349.997,09 ; 349.996,65 ; 349.996,65 ; 349.996,65 ; 646.581,92 ; 4.160.587,76 
MA;SENADOR ALEXANDRE COSTA;2111748; 490.726,09 ; 539.798,70 ; 588.871,30 ; 637.943,91 ; 688.726,85 ; 735.639,68 ; 735.639,68 ; 784.682,33 ; 787.669,12 ; 787.668,15 ; 787.668,15 ; 787.668,15 ; 1.455.133,76 ; 9.807.835,87 
MA;SENADOR LA ROCQUE;2111763; 467.124,43 ; 513.836,87 ; 560.549,31 ; 607.261,75 ; 655.546,00 ; 700.198,71 ; 700.198,71 ; 746.878,62 ; 750.005,72 ; 750.004,79 ; 750.004,79 ; 750.004,79 ; 1.385.554,70 ; 9.337.169,19 
MA;SERRANO DO MARANHAO;2111789; 881.136,54 ; 969.250,19 ; 1.057.363,84 ; 1.145.477,50 ; 1.236.659,88 ; 1.320.895,33 ; 1.320.895,33 ; 1.408.955,02 ; 1.420.780,87 ; 1.420.779,11 ; 1.420.779,11 ; 1.420.779,11 ; 2.624.739,47 ; 17.648.491,30 
MA;SITIO NOVO;2111805; 785.459,69 ; 864.005,65 ; 942.551,62 ; 1.021.097,59 ; 1.102.386,22 ; 1.177.475,59 ; 1.177.475,59 ; 1.255.973,96 ; 1.263.732,82 ; 1.263.731,26 ; 1.263.731,26 ; 1.263.731,26 ; 2.334.610,13 ; 15.715.962,64 
MA;SUCUPIRA DO NORTE;2111904; 431.010,88 ; 474.111,96 ; 517.213,05 ; 560.314,14 ; 604.914,99 ; 646.118,96 ; 646.118,96 ; 689.193,55 ; 691.649,87 ; 691.649,02 ; 691.649,02 ; 691.649,02 ; 1.277.748,55 ; 8.613.341,97 
MA;SUCUPIRA DO RIACHAO;2111953; 58.679,00 ; 64.546,90 ; 70.414,80 ; 76.282,70 ; 82.303,42 ; 87.909,54 ; 87.909,54 ; 93.770,18 ; 93.900,76 ; 93.900,64 ; 93.900,64 ; 93.900,64 ; 173.471,55 ; 1.170.890,31 
MA;TASSO FRAGOSO;2112001; 144.405,82 ; 158.846,40 ; 173.286,98 ; 187.727,56 ; 202.579,02 ; 216.377,75 ; 216.377,75 ; 230.802,94 ; 233.346,20 ; 233.345,91 ; 233.345,91 ; 233.345,91 ; 431.081,97 ; 2.894.870,12 
MA;TIMBIRAS;2112100; 817.426,92 ; 899.169,61 ; 980.912,30 ; 1.062.654,99 ; 1.147.178,42 ; 1.225.318,82 ; 1.225.318,82 ; 1.307.006,74 ; 1.323.870,27 ; 1.323.868,63 ; 1.323.868,63 ; 1.323.868,63 ; 2.445.707,61 ; 16.406.170,39 
MA;TIMON;2112209; 6.331.416,89 ; 6.964.558,58 ; 7.597.700,27 ; 8.230.841,95 ; 8.886.373,72 ; 9.491.671,69 ; 9.491.671,69 ; 10.124.449,80 ; 10.334.719,59 ; 10.334.706,79 ; 10.334.706,79 ; 10.334.706,79 ; 19.092.280,41 ; 127.549.804,96 
MA;TRIZIDELA DO VALE;2112233; 270.569,78 ; 297.626,75 ; 324.683,73 ; 351.740,71 ; 379.517,38 ; 405.368,32 ; 405.368,32 ; 432.392,88 ; 441.319,35 ; 441.318,81 ; 441.318,81 ; 441.318,81 ; 815.289,96 ; 5.447.833,61 
MA;TUFILANDIA;2112274; 299.080,73 ; 328.988,81 ; 358.896,88 ; 388.804,96 ; 419.758,17 ; 448.350,12 ; 448.350,12 ; 478.240,13 ; 479.962,20 ; 479.961,60 ; 479.961,60 ; 479.961,60 ; 886.678,46 ; 5.976.995,38 
MA;TUNTUM;2112308; 1.948.178,01 ; 2.142.995,81 ; 2.337.813,61 ; 2.532.631,41 ; 2.734.473,62 ; 2.920.733,10 ; 2.920.733,10 ; 3.115.448,64 ; 3.184.093,57 ; 3.184.089,62 ; 3.184.089,62 ; 3.184.089,62 ; 5.882.269,62 ; 39.271.639,35 
MA;TURIACU;2112407; 2.094.894,38 ; 2.304.383,81 ; 2.513.873,25 ; 2.723.362,69 ; 2.909.894,63 ; 3.108.102,96 ; 3.108.102,96 ; 3.315.309,82 ; 3.330.768,22 ; 3.330.764,10 ; 3.330.764,10 ; 3.330.764,10 ; 6.153.235,21 ; 41.554.220,23 
MA;TURILANDIA;2112456; 1.507.669,99 ; 1.658.436,99 ; 1.809.203,99 ; 1.959.970,99 ; 1.988.377,60 ; 2.123.816,52 ; 2.123.816,52 ; 2.265.404,29 ; 2.313.286,82 ; 2.313.283,96 ; 2.313.283,96 ; 2.313.283,96 ; 4.273.548,02 ; 28.963.383,61 
MA;TUTOIA;2112506; 2.196.784,16 ; 2.416.462,58 ; 2.636.141,00 ; 2.855.819,41 ; 3.083.127,51 ; 3.293.135,65 ; 3.293.135,65 ; 3.512.678,03 ; 3.583.618,39 ; 3.583.613,95 ; 3.583.613,95 ; 3.583.613,95 ; 6.620.348,66 ; 44.242.092,89 
MA;URBANO SANTOS;2112605; 1.502.248,85 ; 1.652.473,73 ; 1.802.698,62 ; 1.952.923,50 ; 2.108.337,95 ; 2.251.948,01 ; 2.251.948,01 ; 2.402.077,88 ; 2.484.973,93 ; 2.484.970,85 ; 2.484.970,85 ; 2.484.970,85 ; 4.590.721,44 ; 30.455.264,47 
MA;VARGEM GRANDE;2112704; 3.389.148,10 ; 3.728.062,91 ; 4.066.977,72 ; 4.405.892,53 ; 4.756.859,97 ; 5.080.874,88 ; 5.080.874,88 ; 5.419.599,88 ; 5.439.944,50 ; 5.439.937,76 ; 5.439.937,76 ; 5.439.937,76 ; 10.049.711,05 ; 67.737.759,70 
MA;VIANA;2112803; 2.265.255,47 ; 2.491.781,02 ; 2.718.306,56 ; 2.944.832,11 ; 3.179.339,05 ; 3.395.900,67 ; 3.395.900,67 ; 3.622.294,05 ; 3.814.998,36 ; 3.814.993,63 ; 3.814.993,63 ; 3.814.993,63 ; 7.047.798,22 ; 46.321.387,07 
MA;VILA NOVA DOS MARTIRIOS;2112852; 342.774,74 ; 377.052,22 ; 411.329,70 ; 445.607,17 ; 480.991,77 ; 513.754,67 ; 513.754,67 ; 548.004,98 ; 554.484,73 ; 554.484,04 ; 554.484,04 ; 554.484,04 ; 1.024.350,75 ; 6.875.557,52 
MA;VITORIA DO MEARIM;2112902; 770.086,42 ; 847.095,06 ; 924.103,70 ; 1.001.112,34 ; 1.080.680,86 ; 1.154.291,75 ; 1.154.291,75 ; 1.231.244,54 ; 1.279.962,95 ; 1.279.961,37 ; 1.279.961,37 ; 1.279.961,37 ; 2.364.593,56 ; 15.647.347,04 
MA;VITORINO FREIRE;2113009; 1.450.971,51 ; 1.596.068,66 ; 1.741.165,82 ; 1.886.262,97 ; 2.036.526,44 ; 2.175.245,04 ; 2.175.245,04 ; 2.320.261,37 ; 2.386.987,00 ; 2.386.984,05 ; 2.386.984,05 ; 2.386.984,05 ; 4.409.701,15 ; 29.339.387,15 
MA;ZE DOCA;2114007; 2.201.214,04 ; 2.421.335,44 ; 2.641.456,84 ; 2.861.578,25 ; 3.089.162,39 ; 3.299.581,60 ; 3.299.581,60 ; 3.519.553,70 ; 3.531.317,56 ; 3.531.313,19 ; 3.531.313,19 ; 3.531.313,19 ; 6.523.728,53 ; 43.982.449,52 
MG;ABAETE;3100203; 45.981,71 ; 50.579,88 ; 55.178,05 ; 59.776,23 ; 64.401,39 ; 68.788,11 ; 68.788,11 ; 73.373,98 ; 74.329,44 ; 74.329,35 ; 74.329,35 ; 74.329,35 ; 137.315,67 ; 921.500,62 
MG;AGUAS VERMELHAS;3101003; 94.961,77 ; 104.457,94 ; 113.954,12 ; 123.450,30 ; 133.201,98 ; 142.275,07 ; 142.275,07 ; 151.760,08 ; 156.595,39 ; 156.595,20 ; 156.595,20 ; 156.595,20 ; 289.293,13 ; 1.922.010,45 
MG;ALMENARA;3101706; 41.570,52 ; 45.727,57 ; 49.884,62 ; 54.041,67 ; 58.036,80 ; 61.990,00 ; 61.990,00 ; 66.122,66 ; 75.372,52 ; 75.372,42 ; 75.372,42 ; 75.372,42 ; 139.242,63 ; 880.096,25 
MG;ALPERCATA;3101805; 3.250,25 ; 3.575,28 ; 3.900,30 ; 4.225,33 ; 4.497,63 ; 4.803,99 ; 4.803,99 ; 5.124,25 ; 6.420,87 ; 6.420,86 ; 6.420,86 ; 6.420,86 ; 11.861,89 ; 71.726,36 
MG;ALTO JEQUITIBA;3153509; 37.877,47 ; 41.665,21 ; 45.452,96 ; 49.240,71 ; 53.120,38 ; 56.738,69 ; 56.738,69 ; 60.521,27 ; 60.578,88 ; 60.578,80 ; 60.578,80 ; 60.578,80 ; 111.912,98 ; 755.583,64 
MG;ALTO RIO DOCE;3102100; 21.131,11 ; 23.244,22 ; 25.357,33 ; 27.470,44 ; 29.603,27 ; 31.619,70 ; 31.619,70 ; 33.727,68 ; 33.634,54 ; 33.634,49 ; 33.634,49 ; 33.634,49 ; 62.136,22 ; 420.447,68 
MG;ALVINOPOLIS;3102308; -   ; -   ; -   ; -   ; 56.811,14 ; 60.680,84 ; 60.680,84 ; 64.726,23 ; 64.679,38 ; 64.679,30 ; 64.679,30 ; 64.679,30 ; 119.488,20 ; 621.104,53 
MG;ANDRADAS;3102605; 21.605,64 ; 23.766,21 ; 25.926,77 ; 28.087,34 ; 30.051,37 ; 32.098,33 ; 32.098,33 ; 34.238,22 ; 38.563,46 ; 38.563,41 ; 38.563,41 ; 38.563,41 ; 71.241,85 ; 453.367,75 
MG;ANGELANDIA;3102852; 63.558,06 ; 69.913,87 ; 76.269,67 ; 82.625,48 ; 89.154,49 ; 95.227,28 ; 95.227,28 ; 101.575,76 ; 102.601,43 ; 102.601,31 ; 102.601,31 ; 102.601,31 ; 189.545,11 ; 1.273.502,36 
MG;ANTONIO CARLOS;3102902; 21.318,21 ; 23.450,03 ; 25.581,86 ; 27.713,68 ; 29.867,38 ; 31.901,80 ; 31.901,80 ; 34.028,59 ; 34.115,48 ; 34.115,44 ; 34.115,44 ; 34.115,44 ; 63.024,69 ; 425.249,84 
MG;ARAUJOS;3103900; 33.777,55 ; 37.155,31 ; 40.533,06 ; 43.910,82 ; 47.340,83 ; 50.565,46 ; 50.565,46 ; 53.936,50 ; 66.920,95 ; 66.920,87 ; 66.920,87 ; 66.920,87 ; 123.629,25 ; 749.097,80 
MG;BANDEIRA DO SUL;3105301; 6.289,88 ; 6.918,87 ; 7.547,86 ; 8.176,85 ; 8.768,66 ; 9.365,94 ; 9.365,94 ; 9.990,34 ; 9.791,78 ; 9.791,77 ; 9.791,77 ; 9.791,77 ; 18.089,31 ; 123.680,74 
MG;BARROSO;3105905; 25.172,81 ; 27.690,09 ; 30.207,37 ; 32.724,65 ; 59.770,79 ; 63.842,09 ; 63.842,09 ; 68.098,23 ; 67.817,23 ; 67.817,14 ; 67.817,14 ; 67.817,14 ; 125.285,05 ; 767.901,82 
MG;BICAS;3106903; 729,79 ; 802,77 ; 875,75 ; 948,73 ; 906,58 ; 968,33 ; 968,33 ; 1.032,89 ; 570,07 ; 570,07 ; 570,07 ; 570,07 ; 1.053,15 ; 10.566,60 
MG;BOA ESPERANCA;3107109; 413.074,57 ; 454.382,02 ; 495.689,48 ; 536.996,93 ; 467.945,69 ; 499.819,95 ; 499.819,95 ; 533.141,28 ; 561.553,30 ; 561.552,61 ; 561.552,61 ; 561.552,61 ; 1.037.409,17 ; 7.184.490,17 
MG;BOCAIUVA;3107307; 21.472,37 ; 23.619,61 ; 25.766,85 ; 27.914,09 ; 23.887,24 ; 25.514,33 ; 25.514,33 ; 27.215,29 ; 26.240,25 ; 26.240,22 ; 26.240,22 ; 26.240,22 ; 48.476,07 ; 354.341,09 
MG;BOM JESUS DO AMPARO;3107703; 87.211,93 ; 95.933,13 ; 104.654,32 ; 113.375,51 ; 122.382,49 ; 130.718,61 ; 130.718,61 ; 139.433,18 ; 139.860,02 ; 139.859,85 ; 139.859,85 ; 139.859,85 ; 258.376,34 ; 1.742.243,69 
MG;BOM REPOUSO;3107901; 165.160,65 ; 181.676,72 ; 198.192,79 ; 214.708,85 ; 248.576,28 ; 265.508,13 ; 265.508,13 ; 283.208,67 ; 284.057,15 ; 284.056,80 ; 284.056,80 ; 284.056,80 ; 524.764,99 ; 3.483.532,76 
MG;BONITO DE MINAS;3108255; 15.037,10 ; 16.540,81 ; 18.044,53 ; 19.548,24 ; 21.031,84 ; 22.464,43 ; 22.464,43 ; 23.962,05 ; 23.939,36 ; 23.939,33 ; 23.939,33 ; 23.939,33 ; 44.225,39 ; 299.076,17 
MG;BOTELHOS;3108404; 662,53 ; 728,78 ; 795,04 ; 861,29 ; 819,87 ; 875,72 ; 875,72 ; 934,10 ; 501,40 ; 501,40 ; 501,40 ; 501,40 ; 926,33 ; 9.484,98 
MG;BRASILANDIA DE MINAS;3108552; 122.670,40 ; 134.937,44 ; 147.204,48 ; 159.471,52 ; 140.824,38 ; 150.416,67 ; 150.416,67 ; 160.444,45 ; 170.487,99 ; 170.487,78 ; 170.487,78 ; 170.487,78 ; 314.958,19 ; 2.163.295,53 
MG;BRASILIA DE MINAS;3108602; 33.187,95 ; 36.506,75 ; 39.825,55 ; 43.144,34 ; 46.429,97 ; 49.592,56 ; 49.592,56 ; 52.898,73 ; 52.497,95 ; 52.497,88 ; 52.497,88 ; 52.497,88 ; 96.984,33 ; 658.154,33 
MG;BRAZOPOLIS;3108909; 2.814,05 ; 3.095,45 ; 3.376,86 ; 3.658,26 ; 3.852,55 ; 4.114,97 ; 4.114,97 ; 4.389,30 ; 22.548,30 ; 22.548,27 ; 22.548,27 ; 22.548,27 ; 41.655,57 ; 161.265,09 
MG;BUENO BRANDAO;3109105; -   ; -   ; -   ; -   ; 37.144,17 ; 39.674,26 ; 39.674,26 ; 42.319,21 ; 42.441,13 ; 42.441,08 ; 42.441,08 ; 42.441,08 ; 78.405,44 ; 406.981,71 
MG;BUGRE;3109253; 327,49 ; 360,24 ; 392,99 ; 425,74 ; 431,90 ; 461,32 ; 461,32 ; 492,08 ; 2.660,18 ; 2.660,18 ; 2.660,18 ; 2.660,18 ; 4.914,41 ; 18.908,21 
MG;BURITIZEIRO;3109402; 20.970,97 ; 23.068,07 ; 25.165,17 ; 27.262,27 ; 29.226,81 ; 31.217,60 ; 31.217,60 ; 33.298,77 ; 33.481,16 ; 33.481,11 ; 33.481,11 ; 33.481,11 ; 61.852,86 ; 417.204,61 
MG;CACHOEIRA DE MINAS;3109709; -   ; -   ; -   ; -   ; 734,23 ; 784,24 ; 784,24 ; 836,52 ; 456,65 ; 456,65 ; 456,65 ; 456,65 ; 843,62 ; 5.809,45 
MG;CACHOEIRA DE PAJEU;3102704; 18.372,77 ; 20.210,05 ; 22.047,33 ; 23.884,61 ; 25.739,95 ; 27.493,24 ; 27.493,24 ; 29.326,12 ; 29.248,80 ; 29.248,77 ; 29.248,77 ; 29.248,77 ; 54.034,03 ; 365.596,45 
MG;CALDAS;3110301; 15.727,77 ; 17.300,55 ; 18.873,33 ; 20.446,11 ; 21.977,26 ; 23.474,25 ; 23.474,25 ; 25.039,20 ; 27.154,07 ; 27.154,04 ; 27.154,04 ; 27.154,04 ; 50.164,24 ; 325.093,15 
MG;CAMANDUCAIA;3110509; 54.122,81 ; 59.535,09 ; 64.947,37 ; 70.359,65 ; 75.712,61 ; 80.869,80 ; 80.869,80 ; 86.261,12 ; 85.586,75 ; 85.586,64 ; 85.586,64 ; 85.586,64 ; 158.112,33 ; 1.073.137,25 
MG;CAMBUQUIRA;3110707; -   ; -   ; -   ; -   ; 9.625,34 ; 10.280,97 ; 10.280,97 ; 10.966,37 ; 17.016,85 ; 17.016,83 ; 17.016,83 ; 17.016,83 ; 31.436,81 ; 140.657,80 
MG;CAMPANHA;3110905; 26.599,11 ; 29.259,02 ; 31.918,93 ; 34.578,84 ; 41.097,36 ; 43.896,71 ; 43.896,71 ; 46.823,16 ; 52.426,46 ; 52.426,39 ; 52.426,39 ; 52.426,39 ; 96.852,27 ; 604.627,74 
MG;CAMPESTRE;3111002; 162.184,92 ; 178.403,42 ; 194.621,91 ; 210.840,40 ; 227.489,41 ; 242.984,92 ; 242.984,92 ; 259.183,91 ; 266.884,90 ; 266.884,57 ; 266.884,57 ; 266.884,57 ; 493.041,13 ; 3.279.273,55 
MG;CAMPO AZUL;3111150; 10.351,87 ; 11.387,06 ; 12.422,24 ; 13.457,43 ; 14.493,59 ; 15.480,82 ; 15.480,82 ; 16.512,88 ; 16.432,76 ; 16.432,74 ; 16.432,74 ; 16.432,74 ; 30.357,77 ; 205.675,46 
MG;CAMPO DO MEIO;3111309; 302,21 ; 332,44 ; 362,66 ; 392,88 ; 340,63 ; 363,84 ; 363,84 ; 388,09 ; 578,05 ; 578,05 ; 578,05 ; 578,05 ; 1.067,92 ; 6.226,71 
MG;CAMPOS GERAIS;3111606; 86.677,00 ; 95.344,70 ; 104.012,40 ; 112.680,10 ; 100.556,97 ; 107.406,44 ; 107.406,44 ; 114.566,87 ; 114.794,20 ; 114.794,06 ; 114.794,06 ; 114.794,06 ; 212.069,92 ; 1.499.897,22 
MG;CAPELINHA;3112307; 277.392,16 ; 305.131,38 ; 332.870,59 ; 360.609,81 ; 389.150,58 ; 415.657,68 ; 415.657,68 ; 443.368,20 ; 444.653,18 ; 444.652,63 ; 444.652,63 ; 444.652,63 ; 821.448,87 ; 5.539.898,02 
MG;CAPETINGA;3112406; 5.261,64 ; 5.787,80 ; 6.313,96 ; 6.840,13 ; 6.170,59 ; 6.590,90 ; 6.590,90 ; 7.030,30 ; 6.859,65 ; 6.859,64 ; 6.859,64 ; 6.859,64 ; 12.672,50 ; 90.697,29 
MG;CAPITAO ANDRADE;3112653; 14.978,45 ; 16.476,30 ; 17.974,14 ; 19.471,99 ; 20.982,88 ; 22.412,14 ; 22.412,14 ; 23.906,28 ; 23.836,60 ; 23.836,57 ; 23.836,57 ; 23.836,57 ; 44.035,57 ; 297.996,20 
MG;CAPITAO ENEAS;3112703; 16.797,27 ; 18.477,00 ; 20.156,73 ; 21.836,45 ; 23.453,94 ; 25.051,51 ; 25.051,51 ; 26.721,61 ; 26.338,37 ; 26.338,34 ; 26.338,34 ; 26.338,34 ; 48.657,32 ; 331.556,73 
MG;CAPUTIRA;3112901; 49.398,54 ; 54.338,39 ; 59.278,25 ; 64.218,10 ; 69.269,17 ; 73.987,46 ; 73.987,46 ; 78.919,95 ; 78.960,67 ; 78.960,57 ; 78.960,57 ; 78.960,57 ; 145.871,34 ; 985.111,04 
MG;CARMO DA CACHOEIRA;3113909; 18.401,99 ; 20.242,19 ; 22.082,38 ; 23.922,58 ; 25.745,90 ; 27.499,59 ; 27.499,59 ; 29.332,90 ; 29.116,66 ; 29.116,63 ; 29.116,63 ; 29.116,63 ; 53.789,91 ; 364.983,58 
MG;CARMO DO CAJURU;3114204; 3.204,76 ; 3.525,23 ; 3.845,71 ; 4.166,18 ; 4.300,13 ; 4.593,03 ; 4.593,03 ; 4.899,24 ; 4.132,97 ; 4.132,97 ; 4.132,97 ; 4.132,97 ; 7.635,25 ; 57.294,44 
MG;CARMO DO RIO CLARO;3114402; 82.225,26 ; 90.447,79 ; 98.670,31 ; 106.892,84 ; 115.299,23 ; 123.152,88 ; 123.152,88 ; 131.363,07 ; 131.425,89 ; 131.425,72 ; 131.425,72 ; 131.425,72 ; 242.795,19 ; 1.639.702,50 
MG;CASSIA;3115102; 187.627,98 ; 206.390,77 ; 225.153,57 ; 243.916,37 ; 263.283,44 ; 281.217,07 ; 281.217,07 ; 299.964,87 ; 300.841,25 ; 300.840,87 ; 300.840,87 ; 300.840,87 ; 555.771,81 ; 3.747.906,81 
MG;CATUJI;3115458; 86.730,07 ; 95.403,08 ; 104.076,09 ; 112.749,09 ; 121.686,62 ; 129.975,34 ; 129.975,34 ; 138.640,36 ; 145.295,68 ; 145.295,50 ; 145.295,50 ; 145.295,50 ; 268.418,15 ; 1.768.836,32 
MG;CATUTI;3115474; 35.108,08 ; 38.618,89 ; 42.129,70 ; 45.640,51 ; 49.238,77 ; 52.592,68 ; 52.592,68 ; 56.098,86 ; 56.982,51 ; 56.982,44 ; 56.982,44 ; 56.982,44 ; 105.269,08 ; 705.219,08 
MG;CENTRAL DE MINAS;3115706; 22.075,75 ; 24.283,32 ; 26.490,90 ; 28.698,48 ; 30.949,50 ; 33.057,64 ; 33.057,64 ; 35.261,48 ; 47.227,75 ; 47.227,69 ; 47.227,69 ; 47.227,69 ; 87.248,22 ; 510.033,75 
MG;CHACARA;3115904; 20.213,12 ; 22.234,43 ; 24.255,74 ; 26.277,05 ; 28.329,01 ; 30.258,65 ; 30.258,65 ; 32.275,90 ; 46.459,18 ; 46.459,12 ; 46.459,12 ; 46.459,12 ; 85.828,37 ; 485.767,46 
MG;CHALE;3116001; 27.700,25 ; 30.470,28 ; 33.240,30 ; 36.010,33 ; 38.845,45 ; 41.491,42 ; 41.491,42 ; 44.257,52 ; 44.466,12 ; 44.466,06 ; 44.466,06 ; 44.466,06 ; 82.146,39 ; 553.517,66 
MG;CHAPADA GAUCHA;3116159; 254.978,95 ; 280.476,85 ; 305.974,75 ; 331.472,64 ; 357.809,90 ; 382.182,23 ; 382.182,23 ; 407.661,04 ; 419.451,98 ; 419.451,47 ; 419.451,47 ; 419.451,47 ; 774.892,35 ; 5.155.437,33 
MG;CLAUDIO;3116605; 32.771,67 ; 36.048,84 ; 39.326,01 ; 42.603,17 ; 45.725,35 ; 48.839,94 ; 48.839,94 ; 52.095,94 ; 51.730,89 ; 51.730,82 ; 51.730,82 ; 51.730,82 ; 95.567,28 ; 648.741,49 
MG;COMERCINHO;3117009; 8.089,95 ; 8.898,95 ; 9.707,95 ; 10.516,94 ;-37.213,79 ; -   ; -   ; -   ; -   ; -   ; -   ; -   ; -   ; -   
MG;CONCEICAO DA APARECIDA;3117108; 10.101,21 ; 11.111,33 ; 12.121,45 ; 13.131,58 ; 14.103,22 ; 15.063,87 ; 15.063,87 ; 16.068,12 ; 15.833,50 ; 15.833,48 ; 15.833,48 ; 15.833,48 ; 29.250,69 ; 199.349,28 
MG;CONCEICAO DE IPANEMA;3117405; 27.155,16 ; 29.870,67 ; 32.586,19 ; 35.301,70 ;-115.961,72 ; -   ; -   ; -   ;-1.013,47 ; -   ; -   ; -   ; -   ; 7.938,53 
MG;CONCEICAO DOS OUROS;3117801; 60.315,43 ; 66.346,97 ; 72.378,51 ; 78.410,05 ; 84.579,69 ; 90.340,86 ; 90.340,86 ; 96.363,58 ; 96.422,42 ; 96.422,30 ; 96.422,30 ; 96.422,30 ; 178.130,03 ; 1.202.895,30 
MG;CONEGO MARINHO;3117836; 39.227,61 ; 43.150,37 ; 47.073,13 ; 50.995,89 ; 55.024,21 ; 58.772,21 ; 58.772,21 ; 62.690,35 ; 62.791,15 ; 62.791,07 ; 62.791,07 ; 62.791,07 ; 115.999,91 ; 782.870,25 
MG;CORACAO DE JESUS;3118809; 69.109,37 ; 76.020,31 ; 82.931,24 ; 89.842,18 ; 96.882,72 ; 103.481,92 ; 103.481,92 ; 110.380,71 ; 113.528,78 ; 113.528,64 ; 113.528,64 ; 113.528,64 ; 209.732,19 ; 1.395.977,26 
MG;COROACI;3119203; 2.756,59 ; 3.032,25 ; 3.307,91 ; 3.583,57 ; 3.797,83 ; 4.056,52 ; 4.056,52 ; 4.326,95 ; 9.672,67 ; 9.672,66 ; 9.672,66 ; 9.672,66 ; 17.869,23 ; 85.478,02 
MG;COROMANDEL;3119302; 3.722,62 ; 4.094,88 ; 4.467,14 ; 4.839,41 ; 5.062,46 ; 5.407,29 ; 5.407,29 ; 5.767,78 ; 5.841,99 ; 5.841,98 ; 5.841,98 ; 5.841,98 ; 10.792,48 ; 72.929,28 
MG;CORONEL FABRICIANO;3119401; 476.717,42 ; 524.389,16 ; 572.060,90 ; 619.732,64 ; 667.521,94 ; 712.990,39 ; 712.990,39 ; 760.523,08 ; 1.091.331,09 ; 1.091.329,74 ; 1.091.329,74 ; 1.091.329,74 ; 2.016.116,50 ; 11.428.362,73 
MG;CORONEL MURTA;3119500; 94.692,96 ; 104.162,26 ; 113.631,55 ; 123.100,85 ; 132.855,48 ; 141.904,97 ; 141.904,97 ; 151.365,31 ; 152.440,24 ; 152.440,05 ; 152.440,05 ; 152.440,05 ; 281.616,94 ; 1.894.995,68 
MG;CRISTAIS;3120201; -   ; -   ; -   ; -   ; 69.259,51 ; 73.977,15 ; 73.977,15 ; 78.908,96 ; 78.995,98 ; 78.995,88 ; 78.995,88 ; 78.995,88 ; 145.936,61 ; 758.043,00 
MG;CRISTINA;3120508; 15.452,85 ; 16.998,13 ; 18.543,42 ; 20.088,70 ; 64.494,36 ; 68.887,41 ; 68.887,41 ; 73.479,91 ; 73.496,83 ; 73.496,73 ; 73.496,73 ; 73.496,73 ; 135.777,50 ; 776.596,71 
MG;CRUZEIRO DA FORTALEZA;3120706; 7.510,57 ; 8.261,63 ; 9.012,69 ; 9.763,75 ; 33.750,40 ; 36.049,32 ; 36.049,32 ; 38.452,61 ; 44.755,52 ; 44.755,47 ; 44.755,47 ; 44.755,47 ; 82.681,04 ; 440.553,26 
MG;CURRAL DE DENTRO;3120870; 67.443,07 ; 74.187,38 ; 80.931,69 ; 87.676,00 ; 94.613,27 ; 101.057,88 ; 101.057,88 ; 107.795,07 ; 108.723,62 ; 108.723,48 ; 108.723,48 ; 108.723,48 ; 200.855,20 ; 1.350.511,50 
MG;CURVELO;3120904; 36.338,17 ; 39.971,99 ; 43.605,80 ; 47.239,62 ; 2.275,19 ; 2.430,16 ; 2.430,16 ; 2.592,17 ; 672,28 ; 672,28 ; 672,28 ; 672,28 ; 1.242,02 ; 180.814,40 
MG;DATAS;3121001; 27.731,71 ; 30.504,89 ; 33.278,06 ; 36.051,23 ; 38.871,96 ; 41.519,73 ; 41.519,73 ; 44.287,71 ; 44.251,52 ; 44.251,46 ; 44.251,46 ; 44.251,46 ; 81.749,95 ; 552.520,87 
MG;DELFINOPOLIS;3121209; 91.184,09 ; 100.302,50 ; 109.420,91 ; 118.539,31 ; 127.938,60 ; 136.653,17 ; 136.653,17 ; 145.763,39 ; 147.169,37 ; 147.169,19 ; 147.169,19 ; 147.169,19 ; 271.879,57 ; 1.827.011,65 
MG;DELTA;3121258; 107.257,69 ; 117.983,46 ; 128.709,23 ; 139.435,00 ; 150.427,15 ; 160.673,54 ; 160.673,54 ; 171.385,11 ; 176.600,37 ; 176.600,15 ; 176.600,15 ; 176.600,15 ; 326.250,19 ; 2.169.195,73 
MG;DIONISIO;3121803; 8.062,35 ; 8.868,59 ; 9.674,82 ; 10.481,06 ; 11.280,91 ; 12.049,32 ; 12.049,32 ; 12.852,60 ; 12.935,86 ; 12.935,84 ; 12.935,84 ; 12.935,84 ; 23.897,63 ; 160.959,98 
MG;DIVINO;3122009; 130.652,13 ; 143.717,34 ; 156.782,56 ; 169.847,77 ; 212.122,04 ; 226.570,80 ; 226.570,80 ; 241.675,52 ; 242.260,06 ; 242.259,76 ; 242.259,76 ; 242.259,76 ; 447.549,39 ; 2.924.527,69 
MG;DIVINOLANDIA DE MINAS;3122207; 308.842,60 ; 339.726,86 ; 370.611,12 ; 401.495,38 ; 433.505,13 ; 463.033,46 ; 463.033,46 ; 493.902,37 ; 501.940,08 ; 501.939,46 ; 501.939,46 ; 501.939,46 ; 927.280,24 ; 6.209.189,08 
MG;DIVISA NOVA;3122405; 45.643,06 ; 50.207,37 ; 54.771,68 ; 59.335,98 ; 64.020,87 ; 68.381,67 ; 68.381,67 ; 72.940,45 ; 80.951,26 ; 80.951,16 ; 80.951,16 ; 80.951,16 ; 149.548,78 ; 957.036,27 
MG;DIVISOPOLIS;3122454; 124.336,18 ; 136.769,80 ; 149.203,42 ; 161.637,04 ; 174.482,68 ; 186.367,62 ; 186.367,62 ; 198.792,13 ; 221.540,39 ; 221.540,12 ; 221.540,12 ; 221.540,12 ; 409.272,03 ; 2.613.389,27 
MG;DONA EUZEBIA;3122900; 36.255,96 ; 39.881,56 ; 43.507,16 ; 47.132,76 ; 50.851,40 ; 54.315,16 ; 54.315,16 ; 57.936,17 ; 58.011,38 ; 58.011,31 ; 58.011,31 ; 58.011,31 ; 107.169,81 ; 723.410,45 
MG;ELOI MENDES;3123601; 31.428,78 ; 34.571,66 ; 37.714,54 ; 40.857,42 ; 27.125,17 ; 28.972,81 ; 28.972,81 ; 30.904,33 ; 34.506,02 ; 34.505,98 ; 34.505,98 ; 34.505,98 ; 63.746,20 ; 462.317,68 
MG;ENGENHEIRO NAVARRO;3123809; 11.778,40 ; 12.956,24 ; 14.134,08 ; 15.311,92 ; 16.486,99 ; 17.610,00 ; 17.610,00 ; 18.784,00 ; 18.677,46 ; 18.677,44 ; 18.677,44 ; 18.677,44 ; 34.504,61 ; 233.886,02 
MG;ENTRE FOLHAS;3123858; 32.251,73 ; 35.476,90 ; 38.702,07 ; 41.927,25 ; 45.229,28 ; 48.310,09 ; 48.310,09 ; 51.530,76 ; 53.328,96 ; 53.328,89 ; 53.328,89 ; 53.328,89 ; 98.519,54 ; 653.573,34 
MG;ERVALIA;3124005; 81.883,49 ; 90.071,84 ; 98.260,19 ; 106.448,54 ; 12.953,88 ; 13.836,24 ; 13.836,24 ; 14.758,65 ; 30.946,55 ; 30.946,51 ; 30.946,51 ; 30.946,51 ; 57.170,46 ; 613.005,61 
MG;ESMERALDAS;3124104; 538.486,00 ; 592.334,60 ; 646.183,20 ; 700.031,80 ; 708.630,31 ; 756.898,87 ; 756.898,87 ; 807.358,80 ; 835.692,47 ; 835.691,44 ; 835.691,44 ; 835.691,44 ; 1.543.851,74 ; 10.393.440,98 
MG;ESPERA FELIZ;3124203; -   ; -   ; -   ; -   ; 107.516,15 ; 114.839,64 ; 114.839,64 ; 122.495,62 ; 122.927,21 ; 122.927,06 ; 122.927,06 ; 122.927,06 ; 227.094,78 ; 1.178.494,22 
MG;ESPINOSA;3124302; 35.456,72 ; 39.002,39 ; 42.548,06 ; 46.093,73 ; 89.061,15 ; 95.127,57 ; 95.127,57 ; 101.469,41 ; 130.999,46 ; 130.999,30 ; 130.999,30 ; 130.999,30 ; 242.007,42 ; 1.309.891,38 
MG;ESPIRITO SANTO DO DOURADO;3124401; 68.625,70 ; 75.488,27 ; 82.350,84 ; 89.213,41 ; 96.274,31 ; 102.832,06 ; 102.832,06 ; 109.687,53 ; 120.725,51 ; 120.725,36 ; 120.725,36 ; 120.725,36 ; 223.027,41 ; 1.433.233,18 
MG;FELISBURGO;3125606; 23.395,36 ; 25.734,90 ; 28.074,44 ; 30.413,98 ; 32.780,28 ; 35.013,11 ; 35.013,11 ; 37.347,32 ; 37.263,79 ; 37.263,74 ; 37.263,74 ; 37.263,74 ; 68.840,86 ; 465.668,37 
MG;FERVEDOURO;3125952; 4.953,19 ; 5.448,51 ; 5.943,83 ; 6.439,15 ; 6.869,41 ; 7.337,32 ; 7.337,32 ; 7.826,48 ; 7.528,11 ; 7.528,10 ; 7.528,10 ; 7.528,10 ; 13.907,42 ; 96.175,04 
MG;FORMOSO;3126208; 28.425,14 ; 31.267,66 ; 34.110,17 ; 36.952,69 ; 39.832,04 ; 42.545,22 ; 42.545,22 ; 45.381,56 ; 45.297,24 ; 45.297,18 ; 45.297,18 ; 45.297,18 ; 83.681,80 ; 565.930,28 
MG;FREI GASPAR;3126802; 94.659,77 ; 104.125,75 ; 113.591,73 ; 123.057,71 ; 132.828,36 ; 141.876,01 ; 141.876,01 ; 151.334,41 ; 151.775,80 ; 151.775,61 ; 151.775,61 ; 151.775,61 ; 280.389,48 ; 1.890.841,86 
MG;FREI INOCENCIO;3126901; 77.156,48 ; 84.872,13 ; 92.587,78 ; 100.303,43 ; 108.248,14 ; 115.621,50 ; 115.621,50 ; 123.329,60 ; 123.612,88 ; 123.612,73 ; 123.612,73 ; 123.612,73 ; 228.361,49 ; 1.540.553,12 
MG;GAMELEIRAS;3127339; 108.217,10 ; 119.038,81 ; 129.860,52 ; 140.682,23 ; 151.870,67 ; 162.215,39 ; 162.215,39 ; 173.029,75 ; 174.280,36 ; 174.280,14 ; 174.280,14 ; 174.280,14 ; 321.964,21 ; 2.166.214,85 
MG;GONZAGA;3127503; 7.844,36 ; 8.628,79 ; 9.413,23 ; 10.197,67 ; 10.968,53 ; 11.715,65 ; 11.715,65 ; 12.496,69 ; 25.716,36 ; 25.716,33 ; 25.716,33 ; 25.716,33 ; 47.508,22 ; 233.354,14 
MG;GUARANESIA;3128303; 157.019,40 ; 172.721,34 ; 188.423,28 ; 204.125,22 ; 211.208,60 ; 225.595,13 ; 225.595,13 ; 240.634,81 ; 243.767,99 ; 243.767,68 ; 243.767,68 ; 243.767,68 ; 450.335,12 ; 3.050.729,06 
MG;GUARARA;3128501; 20.235,69 ; 22.259,26 ; 24.282,83 ; 26.306,40 ; 28.361,72 ; 30.293,58 ; 30.293,58 ; 32.313,16 ; 32.275,01 ; 32.274,97 ; 32.274,97 ; 32.274,97 ; 59.624,65 ; 403.070,79 
MG;GUIDOVAL;3128808; 7.399,71 ; 8.139,68 ; 8.879,65 ; 9.619,62 ; 10.335,01 ; 11.038,98 ; 11.038,98 ; 11.774,91 ; 11.617,32 ; 11.617,31 ; 11.617,31 ; 11.617,31 ; 21.461,79 ; 146.157,58 
MG;IAPU;3129301; 19.263,28 ; 21.189,61 ; 23.115,94 ; 25.042,27 ; 26.969,67 ; 28.806,72 ; 28.806,72 ; 30.727,17 ; 33.889,15 ; 33.889,11 ; 33.889,11 ; 33.889,11 ; 62.606,59 ; 402.084,45 
MG;IBIRACATU;3129657; 21.364,90 ; 23.501,39 ; 25.637,88 ; 27.774,37 ; 29.943,50 ; 31.983,11 ; 31.983,11 ; 34.115,31 ; 39.937,78 ; 39.937,73 ; 39.937,73 ; 39.937,73 ; 73.780,75 ; 459.835,29 
MG;IBIRITE;3129806; 313.152,55 ; 344.467,80 ; 375.783,05 ; 407.098,31 ; 592.326,96 ; 632.673,48 ; 632.673,48 ; 674.851,71 ; 816.623,53 ; 816.622,52 ; 816.622,52 ; 816.622,52 ; 1.508.623,92 ; 8.748.142,35 
MG;ICARAI DE MINAS;3130051; 24.522,63 ; 26.974,89 ; 29.427,15 ; 31.879,42 ; 34.360,79 ; 36.701,28 ; 36.701,28 ; 39.148,03 ; 45.163,91 ; 45.163,85 ; 45.163,85 ; 45.163,85 ; 83.435,48 ; 523.806,41 
MG;IGARATINGA;3130200; 3.446,79 ; 3.791,47 ; 4.136,15 ; 4.480,83 ; 4.751,32 ; 5.074,96 ; 5.074,96 ; 5.413,29 ; 5.090,91 ; 5.090,91 ; 5.090,91 ; 5.090,91 ; 9.404,94 ; 65.938,35 
MG;IMBE DE MINAS;3130556; 17.681,63 ; 19.449,79 ; 21.217,96 ; 22.986,12 ; 24.770,50 ; 26.457,75 ; 26.457,75 ; 28.221,60 ; 28.142,56 ; 28.142,53 ; 28.142,53 ; 28.142,53 ; 51.990,39 ; 351.803,64 
MG;INDAIABIRA;3130655; 35.523,44 ; 39.075,79 ; 42.628,13 ; 46.180,48 ; 49.810,13 ; 53.202,97 ; 53.202,97 ; 56.749,83 ; 57.123,14 ; 57.123,07 ; 57.123,07 ; 57.123,07 ; 105.528,86 ; 710.394,95 
MG;INHAPIM;3130903; 38.461,37 ; 42.307,51 ; 46.153,65 ; 49.999,79 ; 53.844,52 ; 57.512,16 ; 57.512,16 ; 61.346,30 ; 61.028,78 ; 61.028,71 ; 61.028,71 ; 61.028,71 ; 112.744,12 ; 763.996,49 
MG;IPABA;3131158; 168.311,75 ; 185.142,93 ; 201.974,11 ; 218.805,28 ; 236.164,81 ; 252.251,24 ; 252.251,24 ; 269.067,99 ; 294.224,20 ; 294.223,84 ; 294.223,84 ; 294.223,84 ; 543.547,53 ; 3.504.412,60 
MG;IPANEMA;3131208; 417.869,63 ; 459.656,59 ; 501.443,55 ; 543.230,51 ; 586.454,03 ; 626.400,52 ; 626.400,52 ; 668.160,55 ; 697.216,50 ; 697.215,64 ; 697.215,64 ; 697.215,64 ; 1.288.032,30 ; 8.506.511,62 
MG;IPUIUNA;3131505; 10.354,05 ; 11.389,46 ; 12.424,87 ; 13.460,27 ; 14.468,67 ; 15.454,21 ; 15.454,21 ; 16.484,49 ; 28.316,54 ; 28.316,50 ; 28.316,50 ; 28.316,50 ; 52.311,79 ; 275.068,06 
MG;ITABIRINHA;3131802; 71.183,07 ; 78.301,37 ; 85.419,68 ; 92.537,99 ; 99.858,72 ; 106.660,63 ; 106.660,63 ; 113.771,33 ; 115.389,88 ; 115.389,74 ; 115.389,74 ; 115.389,74 ; 213.170,41 ; 1.429.122,93 
MG;ITACARAMBI;3132107; 160.110,16 ; 176.121,18 ; 192.132,19 ; 208.143,21 ; 236.404,59 ; 252.507,36 ; 252.507,36 ; 269.341,19 ; 282.082,59 ; 282.082,24 ; 282.082,24 ; 282.082,24 ; 521.117,20 ; 3.396.713,75 
MG;ITAMARANDIBA;3132503; 379.566,97 ; 417.523,66 ; 455.480,36 ; 493.437,06 ; 532.578,21 ; 568.854,93 ; 568.854,93 ; 606.778,59 ; 625.418,78 ; 625.418,00 ; 625.418,00 ; 625.418,00 ; 1.155.393,76 ; 7.680.141,25 
MG;ITAMBACURI;3132701; 247.003,37 ; 271.703,71 ; 296.404,05 ; 321.104,38 ; 350.560,91 ; 374.439,47 ; 374.439,47 ; 399.402,10 ; 415.548,29 ; 415.547,77 ; 415.547,77 ; 415.547,77 ; 767.680,69 ; 5.064.929,75 
MG;ITANHOMI;3133204; 13.663,40 ; 15.029,74 ; 16.396,08 ; 17.762,42 ; 19.100,04 ; 20.401,04 ; 20.401,04 ; 21.761,11 ; 26.057,44 ; 26.057,41 ; 26.057,41 ; 26.057,41 ; 48.138,32 ; 296.882,86 
MG;ITAOBIM;3133303; 152.815,01 ; 168.096,52 ; 183.378,02 ; 198.659,52 ; 214.385,30 ; 228.988,22 ; 228.988,22 ; 244.254,10 ; 244.777,86 ; 244.777,56 ; 244.777,56 ; 244.777,56 ; 452.200,73 ; 3.050.876,18 
MG;ITAPEVA;3133600; 278.888,47 ; 306.777,32 ; 334.666,17 ; 362.555,01 ; 391.347,69 ; 418.004,45 ; 418.004,45 ; 445.871,42 ; 454.199,03 ; 454.198,47 ; 454.198,47 ; 454.198,47 ; 839.083,76 ; 5.611.993,18 
MG;JAIBA;3135050; 23.048,34 ; 25.353,17 ; 27.658,01 ; 29.962,84 ; 54.564,51 ; 58.281,19 ; 58.281,19 ; 62.166,60 ; 61.411,97 ; 61.411,90 ; 61.411,90 ; 61.411,90 ; 113.452,03 ; 698.415,55 
MG;JANUARIA;3135209; 379.238,22 ; 417.162,04 ; 455.085,86 ; 493.009,68 ; 532.000,23 ; 568.237,58 ; 568.237,58 ; 606.120,08 ; 617.927,08 ; 617.926,32 ; 617.926,32 ; 617.926,32 ; 1.141.553,64 ; 7.632.350,95 
MG;JAPONVAR;3135357; 280.391,38 ; 308.430,52 ; 336.469,66 ; 364.508,80 ; 393.552,41 ; 420.359,35 ; 420.359,35 ; 448.383,31 ; 450.095,58 ; 450.095,03 ; 450.095,03 ; 450.095,03 ; 831.503,10 ; 5.604.338,55 
MG;JEQUITINHONHA;3135803; 142.427,59 ; 156.670,35 ; 170.913,11 ; 185.155,87 ; 100.591,15 ; 107.442,95 ; 107.442,95 ; 114.605,81 ; 132.359,20 ; 132.359,03 ; 132.359,03 ; 132.359,03 ; 244.519,39 ; 1.859.205,46 
MG;JOAIMA;3136009; 142.119,35 ; 156.331,29 ; 170.543,23 ; 184.755,16 ; 199.386,12 ; 212.967,36 ; 212.967,36 ; 227.165,18 ; 248.564,06 ; 248.563,75 ; 248.563,75 ; 248.563,75 ; 459.195,33 ; 2.959.685,69 
MG;JUATUBA;3136652; 181.461,63 ; 199.607,79 ; 217.753,95 ; 235.900,11 ; 275.031,49 ; 293.765,34 ; 293.765,34 ; 313.349,69 ; 313.219,48 ; 313.219,10 ; 313.219,10 ; 313.219,10 ; 578.639,25 ; 3.842.151,37 
MG;JURUAIA;3136900; 941,35 ; 1.035,49 ; 1.129,62 ; 1.223,76 ; 1.226,21 ; 1.309,73 ; 1.309,73 ; 1.397,05 ; 1.025,53 ; 1.025,53 ; 1.025,53 ; 1.025,53 ; 1.894,57 ; 15.569,63 
MG;LAGOA DA PRATA;3137205; 16.090,75 ; 17.699,82 ; 19.308,90 ; 20.917,97 ; 22.311,88 ; 23.831,66 ; 23.831,66 ; 25.420,44 ; 24.436,01 ; 24.435,98 ; 24.435,98 ; 24.435,98 ; 45.142,95 ; 312.299,98 
MG;LAGOA DOURADA;3137403; 20.510,84 ; 22.561,93 ; 24.613,01 ; 26.664,09 ; 28.652,32 ; 30.603,99 ; 30.603,99 ; 32.644,25 ; 32.803,43 ; 32.803,39 ; 32.803,39 ; 32.803,39 ; 60.600,84 ; 408.668,86 
MG;LAJINHA;3137700; 185.214,83 ; 203.736,31 ; 222.257,80 ; 240.779,28 ; 297.884,06 ; 318.174,52 ; 318.174,52 ; 339.386,16 ; 351.990,41 ; 351.989,97 ; 351.989,97 ; 351.989,97 ; 650.264,37 ; 4.183.832,17 
MG;LEME DO PRADO;3138351; 1.854,48 ; 2.039,93 ; 2.225,37 ; 2.410,82 ; 2.561,46 ; 2.735,93 ; 2.735,93 ; 2.918,33 ; 2.967,66 ; 2.967,65 ; 2.967,65 ; 2.967,65 ; 5.482,47 ; 36.835,33 
MG;LONTRA;3138658; 81.909,55 ; 90.100,50 ; 98.291,45 ; 106.482,41 ; 114.897,28 ; 122.723,54 ; 122.723,54 ; 130.905,11 ; 131.307,01 ; 131.306,85 ; 131.306,85 ; 131.306,85 ; 242.575,56 ; 1.635.836,50 
MG;LUISBURGO;3138674; 27.719,06 ; 30.490,96 ; 33.262,87 ; 36.034,77 ; 38.850,39 ; 41.496,70 ; 41.496,70 ; 44.263,15 ; 44.211,81 ; 44.211,76 ; 44.211,76 ; 44.211,76 ; 81.676,59 ; 552.138,28 
MG;MACHADO;3139003; 87.982,59 ; 96.780,85 ; 105.579,10 ; 114.377,36 ; 136.375,47 ; 145.664,73 ; 145.664,73 ; 155.375,71 ; 185.876,14 ; 185.875,91 ; 185.875,91 ; 185.875,91 ; 343.386,15 ; 2.074.690,56 
MG;MANGA;3139300; 54.612,39 ; 60.073,63 ; 65.534,87 ; 70.996,10 ; 76.517,08 ; 81.729,07 ; 81.729,07 ; 87.177,67 ; 93.202,82 ; 93.202,70 ; 93.202,70 ; 93.202,70 ; 172.182,20 ; 1.123.363,00 
MG;MANHUACU;3139409; 151.807,09 ; 166.987,80 ; 182.168,51 ; 197.349,22 ; 212.542,24 ; 227.019,62 ; 227.019,62 ; 242.154,26 ; 241.495,38 ; 241.495,09 ; 241.495,09 ; 241.495,09 ; 446.136,71 ; 3.019.165,72 
MG;MANTENA;3139607; 80.380,01 ; 88.418,01 ; 96.456,01 ; 104.494,01 ; 112.651,65 ; 120.324,95 ; 120.324,95 ; 128.346,61 ; 128.169,47 ; 128.169,31 ; 128.169,31 ; 128.169,31 ; 236.779,31 ; 1.600.852,91 
MG;MARAVILHAS;3139706; 36.111,20 ; 39.722,32 ; 43.333,44 ; 46.944,56 ; 50.623,88 ; 54.072,15 ; 54.072,15 ; 57.676,96 ; 66.597,01 ; 66.596,93 ; 66.596,93 ; 66.596,93 ; 123.030,83 ; 771.975,29 
MG;MARIA DA FE;3139904; 87.776,81 ; 96.554,49 ; 105.332,18 ; 114.109,86 ; 132.141,36 ; 141.142,20 ; 141.142,20 ; 150.551,68 ; 150.641,92 ; 150.641,74 ; 150.641,74 ; 150.641,74 ; 278.294,74 ; 1.849.612,66 
MG;MARILAC;3140100; 92.890,75 ; 102.179,83 ; 111.468,90 ; 120.757,98 ; 130.349,19 ; 139.227,97 ; 139.227,97 ; 148.509,83 ; 161.594,12 ; 161.593,92 ; 161.593,92 ; 161.593,92 ; 298.527,77 ; 1.929.516,07 
MG;MARTINHO CAMPOS;3140506; 5.518,90 ; 6.070,79 ; 6.622,68 ; 7.174,57 ; 7.627,21 ; 8.146,74 ; 8.146,74 ; 8.689,86 ; 12.998,42 ; 12.998,40 ; 12.998,40 ; 12.998,40 ; 24.013,21 ; 134.004,32 
MG;MARTINS SOARES;3140530; 111.498,38 ; 122.648,22 ; 133.798,05 ; 144.947,89 ; 156.431,81 ; 167.087,21 ; 167.087,21 ; 178.226,36 ; 178.647,89 ; 178.647,67 ; 178.647,67 ; 178.647,67 ; 330.032,75 ; 2.226.348,78 
MG;MATA VERDE;3140555; 75.727,46 ; 83.300,20 ; 90.872,95 ; 98.445,70 ; 106.242,96 ; 113.479,73 ; 113.479,73 ; 121.045,04 ; 124.874,29 ; 124.874,13 ; 124.874,13 ; 124.874,13 ; 230.691,81 ; 1.532.782,26 
MG;MATEUS LEME;3140704; 193.774,86 ; 213.152,35 ; 232.529,83 ; 251.907,32 ; 271.621,76 ; 290.123,35 ; 290.123,35 ; 309.464,91 ; 310.092,33 ; 310.091,95 ; 310.091,95 ; 310.091,95 ; 572.862,17 ; 3.865.928,08 
MG;MATIAS CARDOSO;3140852; 101.683,87 ; 111.852,26 ; 122.020,65 ; 132.189,04 ; 142.636,86 ; 152.352,61 ; 152.352,61 ; 162.509,45 ; 162.793,71 ; 162.793,51 ; 162.793,51 ; 162.793,51 ; 300.743,84 ; 2.029.515,43 
MG;MATIPO;3140902; 22.907,45 ; 25.198,20 ; 27.488,94 ; 29.779,69 ; 32.039,91 ; 34.222,32 ; 34.222,32 ; 36.503,81 ; 36.196,89 ; 36.196,85 ; 36.196,85 ; 36.196,85 ; 66.869,88 ; 454.019,96 
MG;MATO VERDE;3141009; 37.344,67 ; 41.079,14 ; 44.813,61 ; 48.548,07 ; 52.355,14 ; 55.921,33 ; 55.921,33 ; 59.649,42 ; 59.634,64 ; 59.634,57 ; 59.634,57 ; 59.634,57 ; 110.168,61 ; 744.339,67 
MG;MEDINA;3141405; 71.496,22 ; 78.645,84 ; 85.795,46 ; 92.945,08 ; 100.242,05 ; 107.070,07 ; 107.070,07 ; 114.208,07 ; 115.056,35 ; 115.056,20 ; 115.056,20 ; 115.056,20 ; 212.554,24 ; 1.430.252,05 
MG;MINAS NOVAS;3141801; 92.403,65 ; 101.644,02 ; 110.884,38 ; 120.124,75 ; 129.514,98 ; 138.336,93 ; 138.336,93 ; 147.559,40 ; 154.803,79 ; 154.803,60 ; 154.803,60 ; 154.803,60 ; 285.983,36 ; 1.884.002,99 
MG;MIRABELA;3142007; 66.667,63 ; 73.334,40 ; 80.001,16 ; 86.667,93 ; 76.352,69 ; 81.553,48 ; 81.553,48 ; 86.990,38 ; 92.786,76 ; 92.786,65 ; 92.786,65 ; 92.786,65 ; 171.413,57 ; 1.175.681,43 
MG;MIRAVANIA;3142254; 50.025,03 ; 55.027,54 ; 60.030,04 ; 65.032,54 ; 70.182,78 ; 74.963,31 ; 74.963,31 ; 79.960,86 ; 80.141,44 ; 80.141,34 ; 80.141,34 ; 80.141,34 ; 148.052,68 ; 998.803,55 
MG;MONSENHOR PAULO;3142601; 68.533,95 ; 75.387,34 ; 82.240,74 ; 89.094,13 ; 27.574,64 ; 29.452,90 ; 29.452,90 ; 31.416,43 ; 31.224,40 ; 31.224,36 ; 31.224,36 ; 31.224,36 ; 57.683,73 ; 615.734,24 
MG;MONTALVANIA;3142700; 109.313,29 ; 120.244,62 ; 131.175,95 ; 142.107,28 ; 153.370,86 ; 163.817,77 ; 163.817,77 ; 174.738,95 ; 175.170,93 ; 175.170,71 ; 175.170,71 ; 175.170,71 ; 323.609,46 ; 2.182.879,01 
MG;MONTE AZUL;3142908; 42.187,20 ; 46.405,92 ; 50.624,64 ; 54.843,36 ; 59.129,18 ; 63.156,78 ; 63.156,78 ; 67.367,24 ; 88.705,68 ; 88.705,57 ; 88.705,57 ; 88.705,57 ; 163.874,21 ; 965.567,70 
MG;MONTE BELO;3143005; 6.846,18 ; 7.530,80 ; 8.215,42 ; 8.900,04 ; 9.514,17 ; 10.162,23 ; 10.162,23 ; 10.839,71 ; 10.504,44 ; 10.504,43 ; 10.504,43 ; 10.504,43 ; 19.405,84 ; 133.594,35 
MG;MORADA NOVA DE MINAS;3143500; 31.636,48 ; 34.800,13 ; 37.963,78 ; 41.127,42 ; 44.303,27 ; 47.321,00 ; 47.321,00 ; 50.475,73 ; 50.267,52 ; 50.267,46 ; 50.267,46 ; 50.267,46 ; 92.863,87 ; 628.882,58 
MG;MURIAE;3143906; -   ; -   ; -   ; -   ; -   ; -   ; -   ; -   ; 89.340,45 ; 89.340,34 ; 89.340,34 ; 89.340,34 ; 165.046,86 ; 522.408,33 
MG;MUTUM;3144003; 128.546,61 ; 141.401,27 ; 154.255,93 ; 167.110,59 ; 204.536,64 ; 218.468,71 ; 218.468,71 ; 233.033,29 ; 233.530,66 ; 233.530,37 ; 233.530,37 ; 233.530,37 ; 431.422,75 ; 2.831.366,27 
MG;NAQUE;3144359; 72.643,24 ; 79.907,57 ; 87.171,89 ; 94.436,22 ; 101.915,17 ; 108.857,15 ; 108.857,15 ; 116.114,29 ; 124.090,32 ; 124.090,17 ; 124.090,17 ; 124.090,17 ; 229.243,52 ; 1.495.507,03 
MG;NATALANDIA;3144375; 255.606,95 ; 281.167,64 ; 306.728,34 ; 332.289,03 ;-625.818,41 ; -   ; -   ; -   ;-1.043,55 ; -   ; -   ; -   ; -   ; 548.930,00 
MG;NINHEIRA;3144656; 59.064,84 ; 64.971,32 ; 70.877,80 ; 76.784,29 ; 82.847,02 ; 88.490,17 ; 88.490,17 ; 94.389,51 ; 94.886,13 ; 94.886,02 ; 94.886,02 ; 94.886,02 ; 175.291,93 ; 1.180.751,24 
MG;NOVA MODICA;3144904; 15.219,47 ; 16.741,42 ; 18.263,37 ; 19.785,31 ; 21.333,78 ; 22.786,93 ; 22.786,93 ; 24.306,06 ; 24.817,11 ; 24.817,08 ; 24.817,08 ; 24.817,08 ; 45.846,99 ; 306.338,61 
MG;NOVA PORTEIRINHA;3145059; 12.072,84 ; 13.280,12 ; 14.487,41 ; 15.694,69 ; 16.880,86 ; 18.030,70 ; 18.030,70 ; 19.232,75 ; 19.051,02 ; 19.050,99 ; 19.050,99 ; 19.050,99 ; 35.194,73 ; 239.108,79 
MG;NOVA RESENDE;3145109; -   ; -   ; -   ; -   ; 1.178,36 ; 1.258,63 ; 1.258,63 ; 1.342,54 ; 2.178,26 ; 2.178,25 ; 2.178,25 ; 2.178,25 ; 4.024,13 ; 17.775,30 
MG;NOVA SERRANA;3145208; 1.916.229,22 ; 2.107.852,14 ; 2.299.475,07 ; 2.491.097,99 ; 2.700.547,24 ; 2.884.495,81 ; 2.884.495,81 ; 3.076.795,53 ; 3.085.689,31 ; 3.085.685,49 ; 3.085.685,49 ; 3.085.685,49 ; 5.700.478,35 ; 38.404.212,94 
MG;NOVO CRUZEIRO;3145307; 118.338,42 ; 130.172,26 ; 142.006,10 ; 153.839,94 ; 165.941,86 ; 177.245,04 ; 177.245,04 ; 189.061,38 ; 207.862,84 ; 207.862,59 ; 207.862,59 ; 207.862,59 ; 384.004,22 ; 2.469.304,87 
MG;NOVO ORIENTE DE MINAS;3145356; 19.134,93 ; 21.048,42 ; 22.961,91 ; 24.875,41 ; 26.786,36 ; 28.610,92 ; 28.610,92 ; 30.518,32 ; 30.531,95 ; 30.531,92 ; 30.531,92 ; 30.531,92 ; 56.404,52 ; 381.079,42 
MG;NOVORIZONTE;3145372; 52.384,63 ; 57.623,09 ; 62.861,55 ; 68.100,02 ; 73.491,97 ; 78.497,90 ; 78.497,90 ; 83.731,09 ; 83.915,39 ; 83.915,29 ; 83.915,29 ; 83.915,29 ; 155.024,67 ; 1.045.874,08 
MG;ORIZANIA;3145877; 61.454,64 ; 67.600,11 ; 73.745,57 ; 79.891,04 ; 86.175,66 ; 92.045,54 ; 92.045,54 ; 98.181,91 ; 98.235,72 ; 98.235,60 ; 98.235,60 ; 98.235,60 ; 181.479,92 ; 1.225.562,45 
MG;OURO VERDE DE MINAS;3146206; 56.496,26 ; 62.145,89 ; 67.795,51 ; 73.445,14 ; 79.253,05 ; 84.651,39 ; 84.651,39 ; 90.294,82 ; 90.464,75 ; 90.464,63 ; 90.464,63 ; 90.464,63 ; 167.123,90 ; 1.127.715,99 
MG;PADRE PARAISO;3146305; 241.708,36 ; 265.879,19 ; 290.050,03 ; 314.220,86 ; 339.156,29 ; 362.258,02 ; 362.258,02 ; 386.408,55 ; 387.482,55 ; 387.482,07 ; 387.482,07 ; 387.482,07 ; 715.832,25 ; 4.827.700,33 
MG;PAI PEDRO;3146552; 29.615,50 ; 32.577,05 ; 35.538,60 ; 38.500,15 ; 41.514,30 ; 44.342,06 ; 44.342,06 ; 47.298,20 ; 47.622,71 ; 47.622,65 ; 47.622,65 ; 47.622,65 ; 87.977,85 ; 592.196,43 
MG;PARAGUACU;3147204; 15.024,74 ; 16.527,21 ; 18.029,69 ; 19.532,16 ; 28.625,59 ; 30.575,43 ; 30.575,43 ; 32.613,79 ; 38.248,13 ; 38.248,08 ; 38.248,08 ; 38.248,08 ; 70.659,34 ; 415.155,75 
MG;PEDRA AZUL;3148707; 247.322,37 ; 272.054,61 ; 296.786,85 ; 321.519,09 ; 347.034,02 ; 370.672,34 ; 370.672,34 ; 395.383,83 ; 413.225,07 ; 413.224,56 ; 413.224,56 ; 413.224,56 ; 763.388,82 ; 5.037.733,02 
MG;PEDRA BONITA;3148756; 62.138,48 ; 68.352,33 ; 74.566,18 ; 80.780,02 ; 87.164,77 ; 93.102,02 ; 93.102,02 ; 99.308,82 ; 99.686,41 ; 99.686,29 ; 99.686,29 ; 99.686,29 ; 184.159,92 ; 1.241.419,84 
MG;PEDRAS DE MARIA DA CRUZ;3149150; 56.475,91 ; 62.123,50 ; 67.771,09 ; 73.418,69 ; 79.200,59 ; 84.595,36 ; 84.595,36 ; 90.235,06 ; 98.489,36 ; 98.489,24 ; 98.489,24 ; 98.489,24 ; 181.948,50 ; 1.174.321,14 
MG;PEQUERI;3149507; -   ; -   ; -   ; -   ; -   ; -   ; -   ; -   ; 2.093,68 ; 2.093,67 ; 2.093,67 ; 2.093,67 ; 3.867,88 ; 12.242,57 
MG;PERDIGAO;3149705; 309.589,38 ; 340.548,32 ; 371.507,26 ; 402.466,20 ; 434.494,16 ; 464.089,86 ; 464.089,86 ; 495.029,19 ; 496.760,81 ; 496.760,19 ; 496.760,19 ; 496.760,19 ; 917.712,07 ; 6.186.567,68 
MG;PERIQUITO;3149952; 91.060,24 ; 100.166,27 ; 109.272,29 ; 118.378,32 ; 127.730,01 ; 136.430,38 ; 136.430,38 ; 145.525,74 ; 153.584,45 ; 153.584,26 ; 153.584,26 ; 153.584,26 ; 283.730,72 ; 1.863.061,58 
MG;PIEDADE DE CARATINGA;3150158; 72.430,87 ; 79.673,96 ; 86.917,05 ; 94.160,13 ; 101.609,59 ; 108.530,76 ; 108.530,76 ; 115.766,14 ; 115.997,68 ; 115.997,53 ; 115.997,53 ; 115.997,53 ; 214.293,25 ; 1.445.902,78 
MG;PIEDADE DE PONTE NOVA;3150208; 1.635,26 ; 1.798,79 ; 1.962,32 ; 2.125,84 ; 2.249,52 ; 2.402,75 ; 2.402,75 ; 2.562,94 ; 2.391,53 ; 2.391,53 ; 2.391,53 ; 2.391,53 ; 4.418,13 ; 31.124,42 
MG;PINTOPOLIS;3150570; 66.802,47 ; 73.482,72 ; 80.162,97 ; 86.843,22 ; 93.718,93 ; 100.102,62 ; 100.102,62 ; 106.776,13 ; 107.722,89 ; 107.722,76 ; 107.722,76 ; 107.722,76 ; 199.006,47 ; 1.337.889,32 
MG;PIRANGUINHO;3151008; 42.131,96 ; 46.345,16 ; 50.558,36 ; 54.771,55 ; 59.079,29 ; 63.103,49 ; 63.103,49 ; 67.310,39 ; 67.343,84 ; 67.343,76 ; 67.343,76 ; 67.343,76 ; 124.410,53 ; 840.189,34 
MG;PITANGUI;3151404; 49.028,51 ; 53.931,36 ; 58.834,21 ; 63.737,06 ; 68.657,82 ; 73.334,47 ; 73.334,47 ; 78.223,43 ; 78.294,33 ; 78.294,23 ; 78.294,23 ; 78.294,23 ; 144.640,38 ; 976.898,73 
MG;PORTEIRINHA;3152204; 132.726,22 ; 145.998,84 ; 159.271,46 ; 172.544,09 ; 248.504,02 ; 265.430,94 ; 265.430,94 ; 283.126,34 ; 292.504,76 ; 292.504,39 ; 292.504,39 ; 292.504,39 ; 540.371,04 ; 3.383.421,82 
MG;POTE;3152402; 79.294,77 ; 87.224,25 ; 95.153,73 ; 103.083,21 ; 111.218,03 ; 118.793,68 ; 118.793,68 ; 126.713,26 ; 137.091,86 ; 137.091,69 ; 137.091,69 ; 137.091,69 ; 253.262,46 ; 1.641.904,00 
MG;PRESIDENTE BERNARDES;3153103; 14.308,26 ; 15.739,09 ; 17.169,91 ; 18.600,74 ; 20.058,46 ; 21.424,75 ; 21.424,75 ; 22.853,07 ; 23.549,38 ; 23.549,35 ; 23.549,35 ; 23.549,35 ; 43.504,99 ; 289.281,45 
MG;PRUDENTE DE MORAIS;3153608; 95.739,19 ; 105.313,11 ; 114.887,03 ; 124.460,95 ; 134.312,11 ; 143.460,82 ; 143.460,82 ; 153.024,88 ; 154.390,89 ; 154.390,70 ; 154.390,70 ; 154.390,70 ; 285.220,56 ; 1.917.442,46 
MG;RECREIO;3154101; -   ; -   ; -   ; -   ; 24.466,05 ; 26.132,56 ; 26.132,56 ; 27.874,73 ; 35.325,92 ; 35.325,88 ; 35.325,88 ; 35.325,88 ; 65.260,86 ; 311.170,32 
MG;REDUTO;3154150; 34.684,66 ; 38.153,13 ; 41.621,60 ; 45.090,06 ; 48.628,44 ; 51.940,78 ; 51.940,78 ; 55.403,50 ; 55.399,62 ; 55.399,55 ; 55.399,55 ; 55.399,55 ; 102.344,84 ; 691.406,06 
MG;RIACHINHO;3154457; 45.904,69 ; 50.495,16 ; 55.085,63 ; 59.676,10 ; 64.388,63 ; 68.774,48 ; 68.774,48 ; 73.359,45 ; 73.647,63 ; 73.647,54 ; 73.647,54 ; 73.647,54 ; 136.056,09 ; 917.104,96 
MG;RIACHO DOS MACHADOS;3154507; 48.643,54 ; 53.507,89 ; 58.372,24 ; 63.236,60 ; 68.190,66 ; 72.835,49 ; 72.835,49 ; 77.691,19 ; 82.610,31 ; 82.610,20 ; 82.610,20 ; 82.610,20 ; 152.613,67 ; 998.367,68 
MG;RIBEIRAO DAS NEVES;3154606; 2.209.254,58 ; 2.430.180,04 ; 2.651.105,50 ; 2.872.030,96 ; 3.099.271,69 ; 3.310.379,49 ; 3.310.379,49 ; 3.531.071,46 ; 3.589.298,27 ; 3.589.293,82 ; 3.589.293,82 ; 3.589.293,82 ; 6.630.841,63 ; 44.401.694,57 
MG;RIO DO PRADO;3155108; 53.682,30 ; 59.050,53 ; 64.418,76 ; 69.786,99 ; 75.323,52 ; 80.454,21 ; 80.454,21 ; 85.817,82 ; 86.406,86 ; 86.406,76 ; 86.406,76 ; 86.406,76 ; 159.627,39 ; 1.074.242,87 
MG;RIO NOVO;3155405; 15.827,78 ; 17.410,55 ; 18.993,33 ; 20.576,11 ; 22.158,64 ; 23.667,98 ; 23.667,98 ; 25.245,85 ; 25.116,47 ; 25.116,44 ; 25.116,44 ; 25.116,44 ; 46.399,98 ; 314.413,99 
MG;RIO PARDO DE MINAS;3155603; 169.416,08 ; 186.357,68 ; 203.299,29 ; 220.240,90 ; 286.633,84 ; 306.157,99 ; 306.157,99 ; 326.568,52 ; 327.188,12 ; 327.187,71 ; 327.187,71 ; 327.187,71 ; 604.444,81 ; 3.918.028,35 
MG;RIO PRETO;3155900; -   ; -   ; -   ; -   ; 16.806,33 ; 17.951,10 ; 17.951,10 ; 19.147,84 ; 24.790,33 ; 24.790,30 ; 24.790,30 ; 24.790,30 ; 45.797,51 ; 216.815,11 
MG;RIO VERMELHO;3156007; 101.725,31 ; 111.897,85 ; 122.070,38 ; 132.242,91 ; 142.727,96 ; 152.449,92 ; 152.449,92 ; 162.613,25 ; 163.849,60 ; 163.849,40 ; 163.849,40 ; 163.849,40 ; 302.694,49 ; 2.036.269,79 
MG;RODEIRO;3156304; 17.904,95 ; 19.695,44 ; 21.485,94 ; 23.276,43 ; 25.064,30 ; 26.771,57 ; 26.771,57 ; 28.556,34 ; 28.400,70 ; 28.400,66 ; 28.400,66 ; 28.400,66 ; 52.467,25 ; 355.596,47 
MG;ROSARIO DA LIMEIRA;3156452; 20.520,24 ; 22.572,26 ; 24.624,29 ; 26.676,31 ; 28.750,93 ; 30.709,31 ; 30.709,31 ; 32.756,60 ; 32.679,84 ; 32.679,80 ; 32.679,80 ; 32.679,80 ; 60.372,51 ; 408.411,00 
MG;RUBIM;3156601; 23.674,89 ; 26.042,38 ; 28.409,87 ; 30.777,36 ; 33.138,93 ; 35.396,20 ; 35.396,20 ; 37.755,95 ; 53.474,56 ; 53.474,49 ; 53.474,49 ; 53.474,49 ; 98.788,53 ; 563.278,34 
MG;SABARA;3156700; 378.120,52 ; 415.932,57 ; 453.744,62 ; 491.556,68 ; 529.849,49 ; 565.940,34 ; 565.940,34 ; 603.669,70 ; 615.175,02 ; 615.174,26 ; 615.174,26 ; 615.174,26 ; 1.136.469,49 ; 7.601.921,55 
MG;SALINAS;3157005; 55.392,78 ; 60.932,06 ; 66.471,34 ; 72.010,62 ; 77.492,07 ; 82.770,47 ; 82.770,47 ; 88.288,50 ; 87.609,75 ; 87.609,64 ; 87.609,64 ; 87.609,64 ; 161.849,59 ; 1.098.416,57 
MG;SANTA BARBARA DO LESTE;3157252; 26.102,42 ; 28.712,66 ; 31.322,90 ; 33.933,15 ; 36.572,22 ; 39.063,35 ; 39.063,35 ; 41.667,57 ; 41.570,27 ; 41.570,22 ; 41.570,22 ; 41.570,22 ; 76.796,62 ; 519.515,17 
MG;SANTA BARBARA DO TUGURIO;3157302; 94.644,23 ; 104.108,65 ; 113.573,08 ; 123.037,50 ; 132.812,09 ; 141.858,62 ; 141.858,62 ; 151.315,87 ; 163.017,41 ; 163.017,21 ; 163.017,21 ; 163.017,21 ; 301.157,12 ; 1.956.434,82 
MG;SANTA MARGARIDA;3157906; 280.393,47 ; 308.432,81 ; 336.472,16 ; 364.511,51 ; 393.473,03 ; 420.274,56 ; 420.274,56 ; 448.292,87 ; 466.041,94 ; 466.041,36 ; 466.041,36 ; 466.041,36 ; 860.962,27 ; 5.697.253,26 
MG;SANTA MARIA DO SALTO;3158102; 84.003,74 ; 92.404,11 ; 100.804,49 ; 109.204,86 ; 117.890,92 ; 125.921,10 ; 125.921,10 ; 134.315,84 ; 134.945,54 ; 134.945,38 ; 134.945,38 ; 134.945,38 ; 249.297,36 ; 1.679.545,20 
MG;SANTA MARIA DO SUACUI;3158201; 36.231,80 ; 39.854,98 ; 43.478,17 ; 47.101,35 ; 50.787,02 ; 54.246,39 ; 54.246,39 ; 57.862,82 ; 67.843,16 ; 67.843,07 ; 67.843,07 ; 67.843,07 ; 125.332,95 ; 780.514,24 
MG;SANTA RITA DE MINAS;3159357; 3.815,27 ; 4.196,80 ; 4.578,32 ; 4.959,85 ; 5.301,23 ; 5.662,33 ; 5.662,33 ; 6.039,81 ; 5.849,54 ; 5.849,54 ; 5.849,54 ; 5.849,54 ; 10.806,42 ; 74.420,52 
MG;SANTA RITA DO ITUETO;3159506; 3.815,14 ; 4.196,65 ; 4.578,17 ; 4.959,68 ; 5.293,71 ; 5.654,29 ; 5.654,29 ; 6.031,24 ; 6.419,49 ; 6.419,49 ; 6.419,49 ; 6.419,49 ; 11.859,34 ; 77.720,47 
MG;SANTA ROSA DA SERRA;3159704; 4.364,28 ; 4.800,70 ; 5.237,13 ; 5.673,56 ; 6.087,25 ; 6.501,89 ; 6.501,89 ; 6.935,35 ; 6.809,73 ; 6.809,72 ; 6.809,72 ; 6.809,72 ; 12.580,27 ; 85.921,21 
MG;SANTANA DO MANHUACU;3158904; 81.278,34 ; 89.406,18 ; 97.534,01 ; 105.661,85 ; 114.029,10 ; 121.796,22 ; 121.796,22 ; 129.915,97 ; 130.206,90 ; 130.206,74 ; 130.206,74 ; 130.206,74 ; 240.543,26 ; 1.622.788,27 
MG;SANTANA DO PARAISO;3158953; 43.384,23 ; 47.722,65 ; 52.061,07 ; 56.399,50 ; 60.633,95 ; 64.764,05 ; 64.764,05 ; 69.081,66 ; 98.570,73 ; 98.570,61 ; 98.570,61 ; 98.570,61 ; 182.098,81 ; 1.035.192,53 
MG;SANTO ANTONIO DO AMPARO;3159902; 32.837,31 ; 36.121,04 ; 39.404,77 ; 42.688,50 ; 45.964,55 ; 49.095,44 ; 49.095,44 ; 52.368,47 ; 52.071,65 ; 52.071,59 ; 52.071,59 ; 52.071,59 ; 96.196,78 ; 652.058,72 
MG;SANTO ANTONIO DO JACINTO;3160306; 26.262,26 ; 28.888,49 ; 31.514,71 ; 34.140,94 ; 36.784,52 ; 39.290,10 ; 39.290,10 ; 41.909,44 ; 41.765,30 ; 41.765,25 ; 41.765,25 ; 41.765,25 ; 77.156,91 ; 522.298,52 
MG;SANTO ANTONIO DO MONTE;3160405; 95.027,14 ; 104.529,86 ; 114.032,57 ; 123.535,29 ; 133.200,50 ; 142.273,49 ; 142.273,49 ; 151.758,39 ; 151.632,54 ; 151.632,35 ; 151.632,35 ; 151.632,35 ; 280.124,78 ; 1.893.285,10 
MG;SANTO ANTONIO DO RETIRO;3160454; 49.696,32 ; 54.665,95 ; 59.635,58 ; 64.605,22 ; 69.693,20 ; 74.440,38 ; 74.440,38 ; 79.403,07 ; 81.029,55 ; 81.029,44 ; 81.029,44 ; 81.029,44 ; 149.693,39 ; 1.000.391,36 
MG;SAO BENTO ABADE;3160801; 34.691,08 ; 38.160,19 ; 41.629,30 ; 45.098,40 ; 48.647,12 ; 51.960,74 ; 51.960,74 ; 55.424,79 ; 55.459,36 ; 55.459,29 ; 55.459,29 ; 55.459,29 ; 102.455,22 ; 691.864,81 
MG;SAO DOMINGOS DAS DORES;3160959; 57.402,49 ; 63.142,74 ; 68.882,99 ; 74.623,24 ; 80.520,16 ; 86.004,81 ; 86.004,81 ; 91.738,47 ; 91.894,69 ; 91.894,58 ; 91.894,58 ; 91.894,58 ; 169.765,56 ; 1.145.663,70 
MG;SAO FRANCISCO;3161106; 146.425,34 ; 161.067,88 ; 175.710,41 ; 190.352,95 ; 205.181,18 ; 219.157,16 ; 219.157,16 ; 233.767,63 ; 264.693,05 ; 264.692,72 ; 264.692,72 ; 264.692,72 ; 488.991,89 ; 3.098.582,81 
MG;SAO FRANCISCO DE PAULA;3161205; 44.810,07 ; 49.291,08 ; 53.772,08 ; 58.253,09 ; 62.854,72 ; 67.136,09 ; 67.136,09 ; 71.611,83 ; 71.727,11 ; 71.727,02 ; 71.727,02 ; 71.727,02 ; 132.508,13 ; 894.281,35 
MG;SAO GERALDO;3161502; 59.255,06 ; 65.180,56 ; 71.106,07 ; 77.031,58 ; 83.117,63 ; 88.779,21 ; 88.779,21 ; 94.697,82 ; 94.854,37 ; 94.854,25 ; 94.854,25 ; 94.854,25 ; 175.233,27 ; 1.182.597,53 
MG;SAO GONCALO DO PARA;3161809; 36.236,06 ; 39.859,66 ; 43.483,27 ; 47.106,88 ; 50.777,21 ; 54.235,91 ; 54.235,91 ; 57.851,64 ; 57.743,19 ; 57.743,12 ; 57.743,12 ; 57.743,12 ; 106.674,34 ; 721.433,43 
MG;SAO GONCALO DO SAPUCAI;3162005; 18.769,51 ; 20.646,46 ; 22.523,41 ; 24.400,37 ; 103.611,30 ; 110.668,81 ; 110.668,81 ; 118.046,73 ; 118.142,07 ; 118.141,92 ; 118.141,92 ; 118.141,92 ; 218.254,78 ; 1.220.158,01 
MG;SAO GOTARDO;3162104; 129.131,91 ; 142.045,10 ; 154.958,30 ; 167.871,49 ; 274.498,15 ; 293.195,68 ; 293.195,68 ; 312.742,06 ; 312.823,05 ; 312.822,67 ; 312.822,67 ; 312.822,67 ; 577.906,90 ; 3.596.836,33 
MG;SAO JOAO DA PONTE;3162401; 360.104,06 ; 396.114,47 ; 432.124,87 ; 468.135,28 ; 505.281,76 ; 539.699,17 ; 539.699,17 ; 575.679,12 ; 577.267,17 ; 577.266,45 ; 577.266,45 ; 577.266,45 ; 1.066.438,84 ; 7.192.343,26 
MG;SAO JOAO DO MANHUACU;3162559; 141.798,31 ; 155.978,14 ; 170.157,97 ; 184.337,80 ; 198.928,46 ; 212.478,53 ; 212.478,53 ; 226.643,77 ; 227.124,15 ; 227.123,87 ; 227.123,87 ; 227.123,87 ; 419.587,39 ; 2.830.884,66 
MG;SAO JOAO DO ORIENTE;3162609; 28.946,11 ; 31.840,72 ; 34.735,33 ; 37.629,94 ; 40.579,28 ; 43.343,34 ; 43.343,34 ; 46.232,90 ; 46.215,31 ; 46.215,25 ; 46.215,25 ; 46.215,25 ; 85.377,85 ; 576.889,87 
MG;SAO JOAO DO PARAISO;3162708; 93.305,58 ; 102.636,14 ; 111.966,70 ; 121.297,26 ; 130.836,35 ; 139.748,31 ; 139.748,31 ; 149.064,87 ; 149.135,71 ; 149.135,53 ; 149.135,53 ; 149.135,53 ; 275.512,19 ; 1.860.658,01 
MG;SAO JOAO EVANGELISTA;3162807; 78.862,09 ; 86.748,30 ; 94.634,50 ; 102.520,71 ; 121.059,35 ; 129.305,34 ; 129.305,34 ; 137.925,70 ; 138.040,60 ; 138.040,43 ; 138.040,43 ; 138.040,43 ; 255.015,15 ; 1.687.538,37 
MG;SAO JOAO NEPOMUCENO;3162906; 267.562,97 ; 294.319,27 ; 321.075,56 ; 347.831,86 ; 488.867,35 ; 522.166,69 ; 522.166,69 ; 556.977,80 ; 570.284,63 ; 570.283,92 ; 570.283,92 ; 570.283,92 ; 1.053.539,36 ; 6.655.643,94 
MG;SAO JOAQUIM DE BICAS;3162922; 288.455,89 ; 317.301,48 ; 346.147,07 ; 374.992,66 ; 404.554,91 ; 432.111,29 ; 432.111,29 ; 460.918,71 ; 461.423,33 ; 461.422,76 ; 461.422,76 ; 461.422,76 ; 852.429,91 ; 5.754.714,82 
MG;SAO JOSE DA LAPA;3162955; 96.003,97 ; 105.604,37 ; 115.204,77 ; 124.805,17 ; 134.467,81 ; 143.627,12 ; 143.627,12 ; 153.202,26 ; 153.015,39 ; 153.015,20 ; 153.015,20 ; 153.015,20 ; 282.679,46 ; 1.911.283,04 
MG;SAO JOSE DO JACURI;3163508; 14.906,40 ; 16.397,04 ; 17.887,68 ; 19.378,32 ; 42.066,41 ; 44.931,78 ; 44.931,78 ; 47.927,23 ; 47.939,44 ; 47.939,38 ; 47.939,38 ; 47.939,38 ; 88.563,00 ; 528.747,22 
MG;SAO SEBASTIAO DO ANTA;3164472; 89.090,59 ; 97.999,65 ; 106.908,71 ; 115.817,77 ; 118.956,88 ; 127.059,66 ; 127.059,66 ; 135.530,31 ; 135.844,48 ; 135.844,31 ; 135.844,31 ; 135.844,31 ; 250.958,05 ; 1.712.758,69 
MG;SAO SEBASTIAO DO OESTE;3164605; 204.521,52 ; 224.973,68 ; 245.425,83 ; 265.877,98 ; 286.998,96 ; 306.547,98 ; 306.547,98 ; 326.984,51 ; 331.981,97 ; 331.981,56 ; 331.981,56 ; 331.981,56 ; 613.300,94 ; 4.109.106,03 
MG;SAO THOME DAS LETRAS;3165206; 11.478,70 ; 12.626,57 ; 13.774,44 ; 14.922,31 ; 39.475,21 ; 42.164,08 ; 42.164,08 ; 44.975,02 ; 52.457,15 ; 52.457,08 ; 52.457,08 ; 52.457,08 ; 96.908,95 ; 528.317,75 
MG;SARDOA;3165503; 102.134,10 ; 112.347,51 ; 122.560,92 ; 132.774,33 ; 143.319,43 ; 153.081,68 ; 153.081,68 ; 163.287,12 ; 163.775,09 ; 163.774,89 ; 163.774,89 ; 163.774,89 ; 302.556,87 ; 2.040.243,40 
MG;SARZEDO;3165537; -   ; -   ; -   ; -   ; 24,93 ; 26,63 ; 26,63 ; 28,40 ; 12.548,82 ; 12.548,80 ; 12.548,80 ; 12.548,80 ; 23.182,62 ; 73.484,43 
MG;SENADOR AMARAL;3165578; 91.351,42 ; 100.486,57 ; 109.621,71 ; 118.756,85 ; 128.179,77 ; 136.910,77 ; 136.910,77 ; 146.038,16 ; 146.439,32 ; 146.439,13 ; 146.439,13 ; 146.439,13 ; 270.530,89 ; 1.824.543,62 
MG;SERICITA;3166303; 53.869,30 ; 59.256,23 ; 64.643,16 ; 70.030,09 ; 75.563,78 ; 80.710,83 ; 80.710,83 ; 86.091,56 ; 86.941,73 ; 86.941,62 ; 86.941,62 ; 86.941,62 ; 160.615,51 ; 1.079.257,88 
MG;SERRA DOS AIMORES;3166709; 97.598,56 ; 107.358,42 ; 117.118,27 ; 126.878,13 ; 136.961,94 ; 146.291,14 ; 146.291,14 ; 156.043,88 ; 166.308,79 ; 166.308,58 ; 166.308,58 ; 166.308,58 ; 307.237,60 ; 2.007.013,61 
MG;SERRANIA;3166907; 60.021,74 ; 66.023,91 ; 72.026,09 ; 78.028,26 ; 84.202,23 ; 89.937,69 ; 89.937,69 ; 95.933,53 ; 102.942,64 ; 102.942,51 ; 102.942,51 ; 102.942,51 ; 190.175,46 ; 1.238.056,77 
MG;SIMONESIA;3167608; 459.208,47 ; 505.129,31 ; 551.050,16 ; 596.971,00 ; 539.488,70 ; 576.236,13 ; 576.236,13 ; 614.651,87 ; 618.299,82 ; 618.299,06 ; 618.299,06 ; 618.299,06 ; 1.142.242,25 ; 8.034.411,02 
MG;TAIOBEIRAS;3168002; 143.366,56 ; 157.703,21 ; 172.039,87 ; 186.376,52 ; 236.339,65 ; 252.438,00 ; 252.438,00 ; 269.267,20 ; 285.892,05 ; 285.891,70 ; 285.891,70 ; 285.891,70 ; 528.154,78 ; 3.341.690,94 
MG;TEIXEIRAS;3168507; 17.072,03 ; 18.779,23 ; 20.486,44 ; 22.193,64 ; 40.775,70 ; 43.553,15 ; 43.553,15 ; 46.456,69 ; 46.356,08 ; 46.356,02 ; 46.356,02 ; 46.356,02 ; 85.637,90 ; 523.932,07 
MG;TEOFILO OTONI;3168606; 250.712,68 ; 275.783,95 ; 300.855,21 ; 325.926,48 ; 360.241,04 ; 384.778,96 ; 384.778,96 ; 410.430,89 ; 456.597,87 ; 456.597,30 ; 456.597,30 ; 456.597,30 ; 843.515,38 ; 5.363.413,32 
MG;TOLEDO;3169109; 110.661,46 ; 121.727,61 ; 132.793,76 ; 143.859,90 ; 155.276,83 ; 165.853,55 ; 165.853,55 ; 176.910,46 ; 179.139,84 ; 179.139,62 ; 179.139,62 ; 179.139,62 ; 330.941,58 ; 2.220.437,40 
MG;TRES PONTAS;3169406; -   ; -   ; -   ; -   ; 54.758,59 ; 58.488,48 ; 58.488,48 ; 62.387,72 ; 89.780,83 ; 89.780,72 ; 89.780,72 ; 89.780,72 ; 165.860,45 ; 759.106,71 
MG;TUMIRITINGA;3169505; 27.106,16 ; 29.816,78 ; 32.527,39 ; 35.238,01 ; 37.998,82 ; 40.587,12 ; 40.587,12 ; 43.292,93 ; 46.243,08 ; 46.243,02 ; 46.243,02 ; 46.243,02 ; 85.429,12 ; 557.555,59 
MG;TURMALINA;3169703; 52.139,70 ; 57.353,67 ; 62.567,64 ; 67.781,61 ; 73.062,22 ; 78.038,87 ; 78.038,87 ; 83.241,47 ; 86.950,76 ; 86.950,66 ; 86.950,66 ; 86.950,66 ; 160.632,18 ; 1.060.658,97 
MG;TURVOLANDIA;3169802; 20.479,70 ; 22.527,67 ; 24.575,64 ; 26.623,61 ; 28.698,87 ; 30.653,70 ; 30.653,70 ; 32.697,28 ; 32.639,50 ; 32.639,46 ; 32.639,46 ; 32.639,46 ; 60.297,96 ; 407.766,01 
MG;UBAI;3170008; 31.897,23 ; 35.086,95 ; 38.276,67 ; 41.466,40 ; 44.695,88 ; 47.740,35 ; 47.740,35 ; 50.923,04 ; 50.822,14 ; 50.822,07 ; 50.822,07 ; 50.822,07 ; 93.888,45 ; 635.003,67 
MG;UBAPORANGA;3170057; 80.764,62 ; 88.841,09 ; 96.917,55 ; 104.994,01 ; 102.853,40 ; 109.859,29 ; 109.859,29 ; 117.183,24 ; 117.554,26 ; 117.554,12 ; 117.554,12 ; 117.554,12 ; 217.168,85 ; 1.498.657,96 
MG;URUCANIA;3170503; 91.767,13 ; 100.943,85 ; 110.120,56 ; 119.297,28 ; 107.919,48 ; 115.270,45 ; 115.270,45 ; 122.955,14 ; 123.211,10 ; 123.210,95 ; 123.210,95 ; 123.210,95 ; 227.619,27 ; 1.604.007,56 
MG;URUCUIA;3170529; 156.115,43 ; 171.726,97 ; 187.338,52 ; 202.950,06 ; 219.022,47 ; 233.941,25 ; 233.941,25 ; 249.537,33 ; 250.100,15 ; 250.099,84 ; 250.099,84 ; 250.099,84 ; 462.033,11 ; 3.117.006,06 
MG;VARGEM GRANDE DO RIO PARDO;3170651; 7.354,07 ; 8.089,47 ; 8.824,88 ; 9.560,29 ; 10.279,26 ; 10.979,44 ; 10.979,44 ; 11.711,40 ; 11.586,55 ; 11.586,53 ; 11.586,53 ; 11.586,53 ; 21.404,93 ; 145.529,32 
MG;VARZEA DA PALMA;3170800; 184.019,83 ; 202.421,81 ; 220.823,80 ; 239.225,78 ; 254.522,93 ; 271.859,83 ; 271.859,83 ; 289.983,82 ; 290.323,13 ; 290.322,77 ; 290.322,77 ; 290.322,77 ; 536.340,69 ; 3.632.349,76 
MG;VARZELANDIA;3170909; 182.517,48 ; 200.769,23 ; 219.020,98 ; 237.272,73 ; 256.088,90 ; 273.532,47 ; 273.532,47 ; 291.767,97 ; 292.527,62 ; 292.527,26 ; 292.527,26 ; 292.527,26 ; 540.413,27 ; 3.645.024,90 
MG;VERDELANDIA;3171030; 38.987,47 ; 42.886,22 ; 46.784,97 ; 50.683,71 ; 54.666,37 ; 58.389,99 ; 58.389,99 ; 62.282,65 ; 62.299,44 ; 62.299,36 ; 62.299,36 ; 62.299,36 ; 115.091,55 ; 777.360,44 
MG;VERMELHO NOVO;3171154; 11.248,71 ; 12.373,58 ; 13.498,45 ; 14.623,32 ; 15.747,85 ; 16.820,52 ; 16.820,52 ; 17.941,89 ; 18.253,75 ; 18.253,73 ; 18.253,73 ; 18.253,73 ; 33.721,85 ; 225.811,63 
MG;VESPASIANO;3171204; 1.042.766,00 ; 1.147.042,60 ; 1.251.319,19 ; 1.355.595,79 ; 1.462.709,61 ; 1.562.342,51 ; 1.562.342,51 ; 1.666.498,68 ; 2.037.577,26 ; 2.037.574,74 ; 2.037.574,74 ; 2.037.574,74 ; 3.764.204,33 ; 22.965.122,70 
MG;VIRGEM DA LAPA;3171600; 11.733,43 ; 12.906,77 ; 14.080,11 ; 15.253,45 ;-53.973,76 ; -   ; -   ; -   ; -   ; -   ; -   ; -   ; -   ; -   
MG;VIRGINOPOLIS;3171808; 7.826,90 ; 8.609,59 ; 9.392,28 ; 10.174,97 ; 10.890,66 ; 11.632,48 ; 11.632,48 ; 12.407,98 ; 48.108,04 ; 48.107,98 ; 48.107,98 ; 48.107,98 ; 88.874,45 ; 363.873,77 
MS;BELA VISTA;5002100; -   ; -   ; -   ; -   ; 5.725,47 ; 6.115,46 ; 6.115,46 ; 6.523,16 ; 39.931,37 ; 39.931,32 ; 39.931,32 ; 39.931,32 ; 73.768,93 ; 257.973,81 
MS;CORONEL SAPUCAIA;5003157; 296.033,42 ; 325.636,77 ; 355.240,11 ; 384.843,45 ; 336.199,38 ; 359.099,70 ; 359.099,70 ; 383.039,68 ; 389.585,88 ; 389.585,40 ; 389.585,40 ; 389.585,40 ; 719.717,96 ; 5.077.252,25 
MS;ITAQUIRAI;5004601; 190.753,52 ; 209.828,87 ; 228.904,22 ; 247.979,57 ; 254.536,35 ; 271.874,17 ; 271.874,17 ; 289.999,11 ; 308.448,65 ; 308.448,26 ; 308.448,26 ; 308.448,26 ; 569.825,66 ; 3.769.369,07 
MS;JAPORA;5004809; 76.914,75 ; 84.606,23 ; 92.297,70 ; 99.989,18 ; 107.802,61 ; 115.145,61 ; 115.145,61 ; 122.821,99 ; 122.682,15 ; 122.682,00 ; 122.682,00 ; 122.682,00 ; 226.642,07 ; 1.532.093,90 
MS;MIRANDA;5005608; 211.795,97 ; 232.975,56 ; 254.155,16 ; 275.334,76 ; 296.957,23 ; 317.184,56 ; 317.184,56 ; 338.330,20 ; 338.370,05 ; 338.369,64 ; 338.369,64 ; 338.369,64 ; 625.102,22 ; 4.222.499,19 
MS;MUNDO NOVO;5005681; 44.440,38 ; 48.884,42 ; 53.328,46 ; 57.772,50 ;-204.425,76 ; -   ; -   ; -   ; -   ; -   ; -   ; -   ; -   ; -   
MS;PARANHOS;5006358; 200.160,61 ; 220.176,67 ; 240.192,73 ; 260.208,79 ; 236.027,63 ; 252.104,72 ; 252.104,72 ; 268.911,70 ; 268.937,57 ; 268.937,23 ; 268.937,23 ; 268.937,23 ; 496.833,20 ; 3.502.470,03 
MS;PORTO MURTINHO;5006903; 98.441,07 ; 108.285,18 ; 118.129,29 ; 127.973,39 ; 137.986,57 ; 147.385,57 ; 147.385,57 ; 157.211,27 ; 157.259,00 ; 157.258,81 ; 157.258,81 ; 157.258,81 ; 290.519,08 ; 1.962.352,42 
MT;ALTA FLORESTA;5100250; 46.442,92 ; 51.087,22 ; 55.731,51 ; 60.375,80 ; 76.369,15 ; 81.571,06 ; 81.571,06 ; 87.009,13 ; 144.509,48 ; 144.509,30 ; 144.509,30 ; 144.509,30 ; 266.965,73 ; 1.385.160,96 
MT;ALTO PARAGUAI;5100508; 30.521,06 ; 33.573,17 ; 36.625,27 ; 39.677,38 ; 42.780,08 ; 45.694,06 ; 45.694,06 ; 48.740,33 ; 48.693,58 ; 48.693,52 ; 48.693,52 ; 48.693,52 ; 89.956,18 ; 608.035,73 
MT;BARAO DE MELGACO;5101605; 22.948,16 ; 25.242,98 ; 27.537,80 ; 29.832,62 ; 32.163,90 ; 34.354,75 ; 34.354,75 ; 36.645,07 ; 38.013,19 ; 38.013,14 ; 38.013,14 ; 38.013,14 ; 70.225,31 ; 465.357,95 
MT;CAMPINAPOLIS;5102603; 288.476,35 ; 317.323,98 ; 346.171,62 ; 375.019,25 ; 404.649,38 ; 432.212,19 ; 432.212,19 ; 461.026,34 ; 461.792,10 ; 461.791,53 ; 461.791,53 ; 461.791,53 ; 853.111,15 ; 5.757.369,14 
MT;CONFRESA;5103353; 286.732,51 ; 315.405,76 ; 344.079,02 ; 372.752,27 ; 402.182,67 ; 429.577,46 ; 429.577,46 ; 458.215,96 ; 474.307,84 ; 474.307,25 ; 474.307,25 ; 474.307,25 ; 876.232,65 ; 5.811.985,35 
MT;JUARA;5105101; 359.422,01 ; 395.364,21 ; 431.306,41 ; 467.248,61 ; 471.817,20 ; 503.955,17 ; 503.955,17 ; 537.552,18 ; 553.584,38 ; 553.583,70 ; 553.583,70 ; 553.583,70 ; 1.022.687,45 ; 6.907.643,89 
MT;JUINA;5105150; 43.501,30 ; 47.851,43 ; 52.201,56 ; 56.551,69 ; 154.049,92 ; 164.543,08 ; 164.543,08 ; 175.512,62 ; 180.801,09 ; 180.800,87 ; 180.800,87 ; 180.800,87 ; 334.010,55 ; 1.915.968,93 
MT;MATUPA;5105606; -   ; -   ; -   ; -   ; 20.437,16 ; 21.829,25 ; 21.829,25 ; 23.284,53 ; 51.564,56 ; 51.564,49 ; 51.564,49 ; 51.564,49 ; 95.259,99 ; 388.898,21 
MT;NOBRES;5105903; 137.928,51 ; 151.721,37 ; 165.514,22 ; 179.307,07 ; 193.468,58 ; 206.646,75 ; 206.646,75 ; 220.423,20 ; 239.252,29 ; 239.251,99 ; 239.251,99 ; 239.251,99 ; 441.992,85 ; 2.860.657,56 
MT;PEIXOTO DE AZEVEDO;5106422; 110.305,71 ; 121.336,28 ; 132.366,85 ; 143.397,42 ; 255.059,97 ; 272.433,46 ; 272.433,46 ; 290.595,69 ; 335.465,69 ; 335.465,28 ; 335.465,28 ; 335.465,28 ; 619.736,73 ; 3.559.527,10 
MT;SANTO ANTONIO DO LEVERGER;5107800; 24.154,94 ; 26.570,44 ; 28.985,93 ; 31.401,43 ; 33.780,15 ; 36.081,10 ; 36.081,10 ; 38.486,50 ; 38.390,32 ; 38.390,27 ; 38.390,27 ; 38.390,27 ; 70.922,02 ; 480.024,74 
MT;SAO JOSE DOS QUATRO MARCOS;5107107; -   ; -   ; -   ; -   ; -   ; -   ; -   ; -   ; 19.229,03 ; 19.229,00 ; 19.229,00 ; 19.229,00 ; 35.523,58 ; 112.439,61 
PA;ABAETETUBA;1500107; 5.841.303,06 ; 6.425.433,36 ; 7.009.563,67 ; 7.593.693,98 ; 8.198.783,86 ; 8.757.246,44 ; 8.757.246,44 ; 9.341.062,87 ; 9.698.050,60 ; 9.698.038,59 ; 9.698.038,59 ; 9.698.038,59 ; 17.916.103,08 ; 118.632.603,13 
PA;ABEL FIGUEIREDO;1500131; 128.654,20 ; 141.519,62 ; 154.385,04 ; 167.250,46 ; 180.518,12 ; 192.814,17 ; 192.814,17 ; 205.668,45 ; 216.202,52 ; 216.202,25 ; 216.202,25 ; 216.202,25 ; 399.410,90 ; 2.627.844,40 
PA;ACARA;1500206; 2.415.457,79 ; 2.657.003,57 ; 2.898.549,35 ; 3.140.095,13 ; 3.389.784,57 ; 3.620.680,74 ; 3.620.680,74 ; 3.862.059,46 ; 4.041.557,27 ; 4.041.552,27 ; 4.041.552,27 ; 4.041.552,27 ; 7.466.341,39 ; 49.236.866,82 
PA;AFUA;1500305; 2.212.382,42 ; 2.433.620,66 ; 2.654.858,90 ; 2.876.097,14 ; 3.105.081,12 ; 3.316.584,63 ; 3.316.584,63 ; 3.537.690,28 ; 3.603.098,47 ; 3.603.094,01 ; 3.603.094,01 ; 3.603.094,01 ; 6.656.336,02 ; 44.521.616,30 
PA;AGUA AZUL DO NORTE;1500347; 156.803,95 ; 172.484,34 ; 188.164,74 ; 203.845,13 ; 219.908,76 ; 234.887,91 ; 234.887,91 ; 250.547,11 ; 280.190,75 ; 280.190,40 ; 280.190,40 ; 280.190,40 ; 517.622,22 ; 3.299.914,02 
PA;ALENQUER;1500404; 2.116.000,93 ; 2.327.601,03 ; 2.539.201,12 ; 2.750.801,21 ; 2.955.483,86 ; 3.156.797,51 ; 3.156.797,51 ; 3.367.250,68 ; 3.444.993,16 ; 3.444.988,89 ; 3.444.988,89 ; 3.444.988,89 ; 6.364.253,49 ; 42.514.147,17 
PA;ALMEIRIM;1500503; 1.943.145,45 ; 2.137.460,00 ; 2.331.774,54 ; 2.526.089,09 ; 2.727.261,27 ; 2.913.029,48 ; 2.913.029,48 ; 3.107.231,44 ; 3.167.469,08 ; 3.167.465,16 ; 3.167.465,16 ; 3.167.465,16 ; 5.851.557,68 ; 39.120.442,99 
PA;ALTAMIRA;1500602; 3.679.540,74 ; 4.047.494,82 ; 4.415.448,89 ; 4.783.402,97 ; 5.163.934,99 ; 5.515.677,95 ; 5.515.677,95 ; 5.883.389,81 ; 6.097.643,24 ; 6.097.635,69 ; 6.097.635,69 ; 6.097.635,69 ; 11.264.738,59 ; 74.659.857,02 
PA;ANAJAS;1500701; 1.890.494,38 ; 2.079.543,82 ; 2.268.593,25 ; 2.457.642,69 ; 2.653.352,00 ; 2.834.085,85 ; 2.834.085,85 ; 3.023.024,91 ; 3.047.592,48 ; 3.047.588,71 ; 3.047.588,71 ; 3.047.588,71 ; 5.630.098,58 ; 37.861.279,94 
PA;ANANINDEUA;1500800; 4.480.670,60 ; 4.928.737,65 ; 5.376.804,71 ; 5.824.871,77 ; 6.287.566,32 ; 6.715.845,76 ; 6.715.845,76 ; 7.163.568,81 ; 7.415.787,63 ; 7.415.778,45 ; 7.415.778,45 ; 7.415.778,45 ; 13.699.868,27 ; 90.856.902,63 
PA;ANAPU;1500859; 1.718.298,57 ; 1.890.128,43 ; 2.061.958,29 ; 2.233.788,14 ; 2.411.734,83 ; 2.576.010,86 ; 2.576.010,86 ; 2.747.744,92 ; 2.802.567,42 ; 2.802.563,95 ; 2.802.563,95 ; 2.802.563,95 ; 5.177.441,19 ; 34.603.375,36 
PA;AUGUSTO CORREA;1500909; 1.858.066,97 ; 2.043.873,66 ; 2.229.680,36 ; 2.415.487,05 ; 2.607.733,91 ; 2.785.360,48 ; 2.785.360,48 ; 2.971.051,18 ; 3.088.199,50 ; 3.088.195,68 ; 3.088.195,68 ; 3.088.195,68 ; 5.705.115,65 ; 37.754.516,28 
PA;AURORA DO PARA;1500958; 1.025.926,74 ; 1.128.519,41 ; 1.231.112,09 ; 1.333.704,76 ; 1.439.898,80 ; 1.537.977,94 ; 1.537.977,94 ; 1.640.509,80 ; 1.688.906,46 ; 1.688.904,37 ; 1.688.904,37 ; 1.688.904,37 ; 3.120.072,62 ; 20.751.319,67 
PA;AVEIRO;1501006; 915.158,77 ; 1.006.674,65 ; 1.098.190,52 ; 1.189.706,40 ; 1.284.501,02 ; 1.371.995,18 ; 1.371.995,18 ; 1.463.461,53 ; 1.511.075,11 ; 1.511.073,24 ; 1.511.073,24 ; 1.511.073,24 ; 2.791.548,36 ; 18.537.526,44 
PA;BAGRE;1501105; 1.384.958,29 ; 1.523.454,12 ; 1.661.949,95 ; 1.800.445,78 ; 1.943.881,28 ; 2.076.289,33 ; 2.076.289,33 ; 2.214.708,61 ; 2.321.502,53 ; 2.321.499,66 ; 2.321.499,66 ; 2.321.499,66 ; 4.288.725,66 ; 28.256.703,86 
PA;BAIAO;1501204; 1.135.352,95 ; 1.248.888,25 ; 1.362.423,54 ; 1.475.958,83 ; 1.593.368,05 ; 1.701.900,78 ; 1.701.900,78 ; 1.815.360,84 ; 1.831.117,01 ; 1.831.114,75 ; 1.831.114,75 ; 1.831.114,75 ; 3.382.791,26 ; 22.742.406,54 
PA;BANNACH;1501253; 85.804,81 ; 94.385,29 ; 102.965,78 ; 111.546,26 ; 120.397,59 ; 128.598,51 ; 128.598,51 ; 137.171,75 ; 137.550,74 ; 137.550,57 ; 137.550,57 ; 137.550,57 ; 254.110,19 ; 1.713.781,14 
PA;BELTERRA;1501451; 625.930,17 ; 688.523,19 ; 751.116,20 ; 813.709,22 ; 878.448,55 ; 938.284,33 ; 938.284,33 ; 1.000.836,62 ; 1.042.814,78 ; 1.042.813,49 ; 1.042.813,49 ; 1.042.813,49 ; 1.926.487,88 ; 12.732.875,74 
PA;BENEVIDES;1501501; 2.571.218,12 ; 2.828.339,94 ; 3.085.461,75 ; 3.342.583,56 ; 3.608.968,86 ; 3.854.794,83 ; 3.854.794,83 ; 4.111.781,15 ; 4.133.503,30 ; 4.133.498,18 ; 4.133.498,18 ; 4.133.498,18 ; 7.636.201,75 ; 51.428.142,63 
PA;BOM JESUS DO TOCANTINS;1501576; 331.728,24 ; 364.901,06 ; 398.073,90 ; 431.246,72 ; 465.489,19 ; 497.196,12 ; 497.196,12 ; 530.342,53 ; 552.423,79 ; 552.423,10 ; 552.423,10 ; 552.423,10 ; 1.020.543,38 ; 6.746.410,35 
PA;BONITO;1501600; 454.477,57 ; 499.925,33 ; 545.373,09 ; 590.820,84 ; 637.905,93 ; 681.357,08 ; 681.357,08 ; 726.780,88 ; 758.953,09 ; 758.952,15 ; 758.952,15 ; 758.952,15 ; 1.402.083,97 ; 9.255.891,31 
PA;BRAGANCA;1501709; 2.878.429,63 ; 3.166.272,59 ; 3.454.115,55 ; 3.741.958,51 ; 4.039.748,58 ; 4.314.917,25 ; 4.314.917,25 ; 4.602.578,40 ; 4.896.100,08 ; 4.896.094,02 ; 4.896.094,02 ; 4.896.094,02 ; 9.045.017,12 ; 59.142.337,02 
PA;BRASIL NOVO;1501725; 1.542.164,48 ; 1.696.380,93 ; 1.850.597,38 ; 2.004.813,83 ; 2.164.631,80 ; 2.312.076,34 ; 2.312.076,34 ; 2.466.214,76 ; 2.526.125,71 ; 2.526.122,58 ; 2.526.122,58 ; 2.526.122,58 ; 4.666.744,94 ; 31.120.194,25 
PA;BREJO GRANDE DO ARAGUAIA;1501758; 201.229,25 ; 221.352,18 ; 241.475,10 ; 261.598,03 ; 282.368,93 ; 301.602,58 ; 301.602,58 ; 321.709,41 ; 343.559,53 ; 343.559,11 ; 343.559,11 ; 343.559,11 ; 634.689,22 ; 4.141.864,14 
PA;BREU BRANCO;1501782; 1.285.250,15 ; 1.413.775,16 ; 1.542.300,18 ; 1.670.825,19 ; 1.803.689,27 ; 1.926.548,09 ; 1.926.548,09 ; 2.054.984,63 ; 2.080.521,08 ; 2.080.518,51 ; 2.080.518,51 ; 2.080.518,51 ; 3.843.538,39 ; 25.789.535,76 
PA;BREVES;1501808; 4.564.285,75 ; 5.020.714,32 ; 5.477.142,90 ; 5.933.571,47 ; 6.405.442,87 ; 6.841.751,49 ; 6.841.751,49 ; 7.297.868,26 ; 7.584.908,48 ; 7.584.899,10 ; 7.584.899,10 ; 7.584.899,10 ; 14.012.300,79 ; 92.734.435,12 
PA;BUJARU;1501907; 1.498.778,43 ; 1.648.656,27 ; 1.798.534,12 ; 1.948.411,96 ; 2.103.613,14 ; 2.246.901,37 ; 2.246.901,37 ; 2.396.694,80 ; 2.405.665,29 ; 2.405.662,31 ; 2.405.662,31 ; 2.405.662,31 ; 4.444.207,26 ; 29.955.350,94 
PA;CACHOEIRA DO ARARI;1502004; 809.748,33 ; 890.723,16 ; 971.698,00 ; 1.052.672,83 ; 1.136.509,01 ; 1.213.922,65 ; 1.213.922,65 ; 1.294.850,83 ; 1.305.039,98 ; 1.305.038,36 ; 1.305.038,36 ; 1.305.038,36 ; 2.410.920,67 ; 16.215.123,19 
PA;CACHOEIRA DO PIRIA;1501956; 999.345,31 ; 1.099.279,84 ; 1.199.214,37 ; 1.299.148,90 ; 1.402.612,08 ; 1.498.151,41 ; 1.498.151,41 ; 1.598.028,17 ; 1.629.115,43 ; 1.629.113,41 ; 1.629.113,41 ; 1.629.113,41 ; 3.009.615,11 ; 20.120.002,26 
PA;CAMETA;1502103; 4.589.124,86 ; 5.048.037,35 ; 5.506.949,84 ; 5.965.862,32 ; 6.440.550,75 ; 6.879.250,76 ; 6.879.250,76 ; 7.337.867,48 ; 7.518.095,18 ; 7.518.085,87 ; 7.518.085,87 ; 7.518.085,87 ; 13.888.870,43 ; 92.608.117,34 
PA;CAPANEMA;1502202; 1.155.834,70 ; 1.271.418,17 ; 1.387.001,64 ; 1.502.585,11 ; 1.622.119,51 ; 1.732.610,66 ; 1.732.610,66 ; 1.848.118,03 ; 2.009.017,67 ; 2.009.015,19 ; 2.009.015,19 ; 2.009.015,19 ; 3.711.443,55 ; 23.999.805,27 
PA;CAPITAO POCO;1502301; 2.396.863,38 ; 2.636.549,72 ; 2.876.236,05 ; 3.115.922,39 ; 3.364.278,97 ; 3.593.437,82 ; 3.593.437,82 ; 3.833.000,34 ; 3.904.899,01 ; 3.904.894,17 ; 3.904.894,17 ; 3.904.894,17 ; 7.213.879,98 ; 48.243.187,99 
PA;CASTANHAL;1502400; 2.700.814,90 ; 2.970.896,39 ; 3.240.977,88 ; 3.511.059,37 ; 3.789.817,95 ; 4.047.962,52 ; 4.047.962,52 ; 4.317.826,69 ; 4.692.198,54 ; 4.692.192,73 ; 4.692.192,73 ; 4.692.192,73 ; 8.668.331,01 ; 56.064.425,96 
PA;CHAVES;1502509; 1.937.335,57 ; 2.131.069,13 ; 2.324.802,68 ; 2.518.536,24 ; 2.719.262,48 ; 2.904.485,85 ; 2.904.485,85 ; 3.098.118,24 ; 3.128.201,21 ; 3.128.197,34 ; 3.128.197,34 ; 3.128.197,34 ; 5.779.014,50 ; 38.829.903,77 
PA;COLARES;1502608; 501.001,24 ; 551.101,36 ; 601.201,48 ; 651.301,61 ; 703.201,85 ; 751.100,65 ; 751.100,65 ; 801.174,02 ; 808.359,14 ; 808.358,14 ; 808.358,14 ; 808.358,14 ; 1.493.356,37 ; 10.037.972,79 
PA;CONCEICAO DO ARAGUAIA;1502707; 516.868,79 ; 568.555,67 ; 620.242,55 ; 671.929,42 ; 725.166,42 ; 774.561,35 ; 774.561,35 ; 826.198,77 ; 934.292,45 ; 934.291,29 ; 934.291,29 ; 934.291,29 ; 1.726.004,55 ; 10.941.255,19 
PA;CONCORDIA DO PARA;1502756; 1.946.571,42 ; 2.141.228,57 ; 2.335.885,71 ; 2.530.542,85 ; 2.732.037,63 ; 2.918.131,18 ; 2.918.131,18 ; 3.112.673,26 ; 3.217.518,32 ; 3.217.514,34 ; 3.217.514,34 ; 3.217.514,34 ; 5.944.018,26 ; 39.449.281,40 
PA;CUMARU DO NORTE;1502764; 843.060,78 ; 927.366,86 ; 1.011.672,93 ; 1.095.979,01 ; 1.183.289,02 ; 1.263.889,10 ; 1.263.889,10 ; 1.348.148,37 ; 1.363.643,28 ; 1.363.641,59 ; 1.363.641,59 ; 1.363.641,59 ; 2.519.183,95 ; 16.911.047,17 
PA;CURIONOPOLIS;1502772; 605.765,78 ; 666.342,36 ; 726.918,94 ; 787.495,52 ; 850.014,39 ; 907.913,37 ; 907.913,37 ; 968.440,92 ; 1.029.531,32 ; 1.029.530,04 ; 1.029.530,04 ; 1.029.530,04 ; 1.901.948,11 ; 12.440.874,20 
PA;CURRALINHO;1502806; 1.534.710,18 ; 1.688.181,20 ; 1.841.652,22 ; 1.995.123,24 ; 2.153.851,54 ; 2.300.561,77 ; 2.300.561,77 ; 2.453.932,55 ; 2.467.099,56 ; 2.467.096,51 ; 2.467.096,51 ; 2.467.096,51 ; 4.557.700,48 ; 30.694.664,04 
PA;CURUA;1502855; 667.449,95 ; 734.194,94 ; 800.939,94 ; 867.684,93 ; 936.785,80 ; 1.000.595,24 ; 1.000.595,24 ; 1.067.301,58 ; 1.076.860,67 ; 1.076.859,34 ; 1.076.859,34 ; 1.076.859,34 ; 1.989.383,98 ; 13.372.370,29 
PA;CURUCA;1502905; 1.305.662,23 ; 1.436.228,45 ; 1.566.794,67 ; 1.697.360,90 ; 1.832.487,79 ; 1.957.308,24 ; 1.957.308,24 ; 2.087.795,45 ; 2.177.268,24 ; 2.177.265,54 ; 2.177.265,54 ; 2.177.265,54 ; 4.022.268,35 ; 26.572.279,18 
PA;DOM ELISEU;1502939; 1.791.561,62 ; 1.970.717,78 ; 2.149.873,94 ; 2.329.030,10 ; 2.514.485,32 ; 2.685.760,23 ; 2.685.760,23 ; 2.864.810,91 ; 2.877.792,64 ; 2.877.789,08 ; 2.877.789,08 ; 2.877.789,08 ; 5.316.411,67 ; 35.819.571,68 
PA;ELDORADO DO CARAJAS;1502954; 753.679,81 ; 829.047,79 ; 904.415,77 ; 979.783,75 ; 1.057.624,59 ; 1.129.665,01 ; 1.129.665,01 ; 1.204.976,01 ; 1.254.696,44 ; 1.254.694,88 ; 1.254.694,88 ; 1.254.694,88 ; 2.317.916,40 ; 15.325.555,22 
PA;FARO;1503002; 281.222,62 ; 309.344,88 ; 337.467,14 ; 365.589,41 ; 394.634,99 ; 421.515,67 ; 421.515,67 ; 449.616,72 ; 451.897,32 ; 451.896,76 ; 451.896,76 ; 451.896,76 ; 834.831,63 ; 5.623.326,33 
PA;FLORESTA DO ARAGUAIA;1503044; 850.867,75 ; 935.954,52 ; 1.021.041,30 ; 1.106.128,07 ; 1.194.227,20 ; 1.275.572,34 ; 1.275.572,34 ; 1.360.610,50 ; 1.381.652,72 ; 1.381.651,00 ; 1.381.651,00 ; 1.381.651,00 ; 2.552.454,44 ; 17.099.034,18 
PA;GARRAFAO DO NORTE;1503077; 862.763,57 ; 949.039,92 ; 1.035.316,28 ; 1.121.592,64 ; 1.210.801,15 ; 1.293.275,23 ; 1.293.275,23 ; 1.379.493,58 ; 1.384.132,78 ; 1.384.131,06 ; 1.384.131,06 ; 1.384.131,06 ; 2.557.036,08 ; 17.239.119,64 
PA;GOIANESIA DO PARA;1503093; 574.552,02 ; 632.007,23 ; 689.462,43 ; 746.917,63 ; 806.187,62 ; 861.101,33 ; 861.101,33 ; 918.508,08 ; 950.784,53 ; 950.783,35 ; 950.783,35 ; 950.783,35 ; 1.756.471,92 ; 11.649.444,17 
PA;GURUPA;1503101; 3.439.802,79 ; 3.783.783,07 ; 4.127.763,35 ; 4.471.743,63 ; 4.828.033,70 ; 5.156.896,64 ; 5.156.896,64 ; 5.500.689,75 ; 5.604.272,42 ; 5.604.265,49 ; 5.604.265,49 ; 5.604.265,49 ; 10.353.289,17 ; 69.235.967,63 
PA;IGARAPE-ACU;1503200; 753.846,88 ; 829.231,56 ; 904.616,25 ; 980.000,94 ; 1.057.991,28 ; 1.130.056,67 ; 1.130.056,67 ; 1.205.393,78 ; 1.270.594,85 ; 1.270.593,28 ; 1.270.593,28 ; 1.270.593,28 ; 2.347.286,98 ; 15.420.855,70 
PA;IGARAPE-MIRI;1503309; 2.372.331,74 ; 2.609.564,92 ; 2.846.798,09 ; 3.084.031,26 ; 3.329.431,65 ; 3.556.216,87 ; 3.556.216,87 ; 3.793.297,99 ; 3.959.146,73 ; 3.959.141,83 ; 3.959.141,83 ; 3.959.141,83 ; 7.314.096,80 ; 48.298.558,41 
PA;INHANGAPI;1503408; 317.410,20 ; 349.151,22 ; 380.892,24 ; 412.633,26 ; 445.507,04 ; 475.852,90 ; 475.852,90 ; 507.576,42 ; 512.906,98 ; 512.906,35 ; 512.906,35 ; 512.906,35 ; 947.540,38 ; 6.364.042,59 
PA;IPIXUNA DO PARA;1503457; 1.300.500,63 ; 1.430.550,70 ; 1.560.600,76 ; 1.690.650,82 ; 1.825.039,74 ; 1.949.352,86 ; 1.949.352,86 ; 2.079.309,72 ; 2.154.082,34 ; 2.154.079,68 ; 2.154.079,68 ; 2.154.079,68 ; 3.979.434,90 ; 26.381.114,37 
PA;IRITUIA;1503507; 764.913,50 ; 841.404,85 ; 917.896,20 ; 994.387,55 ; 1.073.538,41 ; 1.146.662,79 ; 1.146.662,79 ; 1.223.106,98 ; 1.273.292,68 ; 1.273.291,10 ; 1.273.291,10 ; 1.273.291,10 ; 2.352.270,95 ; 15.554.010,00 
PA;ITAITUBA;1503606; 3.637.720,61 ; 4.001.492,67 ; 4.365.264,73 ; 4.729.036,79 ; 5.110.412,02 ; 5.458.509,24 ; 5.458.509,24 ; 5.822.409,86 ; 6.015.029,71 ; 6.015.022,27 ; 6.015.022,27 ; 6.015.022,27 ; 11.112.118,99 ; 73.755.570,67 
PA;ITUPIRANGA;1503705; 2.373.875,17 ; 2.611.262,69 ; 2.848.650,21 ; 3.086.037,73 ; 3.331.894,72 ; 3.558.847,71 ; 3.558.847,71 ; 3.796.104,23 ; 3.896.867,42 ; 3.896.862,60 ; 3.896.862,60 ; 3.896.862,60 ; 7.199.042,49 ; 47.952.017,88 
PA;JACAREACANGA;1503754; 1.171.014,96 ; 1.288.116,46 ; 1.405.217,95 ; 1.522.319,45 ; 1.643.413,31 ; 1.755.354,89 ; 1.755.354,89 ; 1.872.378,55 ; 1.895.535,16 ; 1.895.532,81 ; 1.895.532,81 ; 1.895.532,81 ; 3.501.796,86 ; 23.497.100,91 
PA;JACUNDA;1503804; 882.373,87 ; 970.611,26 ; 1.058.848,65 ; 1.147.086,03 ; 1.238.221,38 ; 1.322.563,19 ; 1.322.563,19 ; 1.410.734,07 ; 1.506.858,22 ; 1.506.856,35 ; 1.506.856,35 ; 1.506.856,35 ; 2.783.758,11 ; 18.164.187,02 
PA;JURUTI;1503903; 542.599,47 ; 596.859,42 ; 651.119,37 ; 705.379,31 ; 760.837,13 ; 812.661,78 ; 812.661,78 ; 866.839,23 ; 909.515,57 ; 909.514,44 ; 909.514,44 ; 909.514,44 ; 1.680.231,94 ; 11.067.248,32 
PA;LIMOEIRO DO AJURU;1504000; 1.015.960,33 ; 1.117.556,37 ; 1.219.152,40 ; 1.320.748,43 ; 1.425.838,67 ; 1.522.960,09 ; 1.522.960,09 ; 1.624.490,76 ; 1.641.780,44 ; 1.641.778,41 ; 1.641.778,41 ; 1.641.778,41 ; 3.033.012,34 ; 20.369.795,15 
PA;MAE DO RIO;1504059; 1.245.273,33 ; 1.369.800,66 ; 1.494.327,99 ; 1.618.855,33 ; 1.747.709,07 ; 1.866.754,79 ; 1.866.754,79 ; 1.991.205,11 ; 2.111.581,21 ; 2.111.578,60 ; 2.111.578,60 ; 2.111.578,60 ; 3.900.918,66 ; 25.547.916,74 
PA;MAGALHAES BARATA;1504109; 228.113,78 ; 250.925,16 ; 273.736,54 ; 296.547,92 ; 320.124,11 ; 341.929,46 ; 341.929,46 ; 364.724,75 ; 379.167,18 ; 379.166,71 ; 379.166,71 ; 379.166,71 ; 700.470,55 ; 4.635.169,04 
PA;MARABA;1504208; 3.439.422,68 ; 3.783.364,94 ; 4.127.307,21 ; 4.471.249,48 ; 4.825.044,82 ; 5.153.704,17 ; 5.153.704,17 ; 5.497.284,45 ; 5.913.367,87 ; 5.913.360,55 ; 5.913.360,55 ; 5.913.360,55 ; 10.924.309,69 ; 71.028.841,13 
PA;MARACANA;1504307; 1.252.061,36 ; 1.377.267,50 ; 1.502.473,63 ; 1.627.679,77 ; 1.757.283,68 ; 1.876.981,57 ; 1.876.981,57 ; 2.002.113,68 ; 2.052.772,41 ; 2.052.769,87 ; 2.052.769,87 ; 2.052.769,87 ; 3.792.275,73 ; 25.276.200,51 
PA;MARAPANIM;1504406; 745.894,21 ; 820.483,63 ; 895.073,05 ; 969.662,47 ; 1.046.806,10 ; 1.118.109,60 ; 1.118.109,60 ; 1.192.650,24 ; 1.219.612,66 ; 1.219.611,15 ; 1.219.611,15 ; 1.219.611,15 ; 2.253.102,92 ; 15.038.337,93 
PA;MARITUBA;1504422; 2.113.434,16 ; 2.324.777,58 ; 2.536.120,99 ; 2.747.464,41 ; 2.965.491,23 ; 3.167.486,54 ; 3.167.486,54 ; 3.378.652,31 ; 3.735.093,23 ; 3.735.088,61 ; 3.735.088,61 ; 3.735.088,61 ; 6.900.182,10 ; 44.241.454,92 
PA;MEDICILANDIA;1504455; 905.212,34 ; 995.733,58 ; 1.086.254,81 ; 1.176.776,04 ; 1.270.415,01 ; 1.356.949,70 ; 1.356.949,70 ; 1.447.413,01 ; 1.503.337,89 ; 1.503.336,03 ; 1.503.336,03 ; 1.503.336,03 ; 2.777.254,69 ; 18.386.304,86 
PA;MELGACO;1504505; 2.357.878,78 ; 2.593.666,66 ; 2.829.454,54 ; 3.065.242,42 ; 3.309.500,85 ; 3.534.928,47 ; 3.534.928,47 ; 3.770.590,37 ; 3.819.921,57 ; 3.819.916,84 ; 3.819.916,84 ; 3.819.916,84 ; 7.056.893,29 ; 47.332.755,94 
PA;MOCAJUBA;1504604; 1.477.931,64 ; 1.625.724,81 ; 1.773.517,97 ; 1.921.311,13 ; 2.074.307,89 ; 2.215.599,98 ; 2.215.599,98 ; 2.363.306,65 ; 2.457.643,32 ; 2.457.640,28 ; 2.457.640,28 ; 2.457.640,28 ; 4.540.231,10 ; 30.038.095,31 
PA;MOJU;1504703; 3.791.696,88 ; 4.170.866,57 ; 4.550.036,25 ; 4.929.205,94 ; 5.278.554,88 ; 5.638.105,20 ; 5.638.105,20 ; 6.013.978,88 ; 6.325.509,02 ; 6.325.501,19 ; 6.325.501,19 ; 6.325.501,19 ; 11.685.696,04 ; 76.998.258,43 
PA;MOJUI DOS CAMPOS;1504752; 885.518,52 ; 974.070,38 ; 1.062.622,23 ; 1.151.174,08 ; 1.242.845,06 ; 1.327.501,81 ; 1.327.501,81 ; 1.416.001,93 ; 1.475.117,11 ; 1.475.115,28 ; 1.475.115,28 ; 1.475.115,28 ; 2.725.119,84 ; 18.012.818,61 
PA;MONTE ALEGRE;1504802; 2.441.771,47 ; 2.685.948,62 ; 2.930.125,77 ; 3.174.302,91 ; 3.426.995,81 ; 3.660.426,64 ; 3.660.426,64 ; 3.904.455,08 ; 3.964.006,33 ; 3.964.001,42 ; 3.964.001,42 ; 3.964.001,42 ; 7.323.074,38 ; 49.063.537,91 
PA;MUANA;1504901; 1.969.497,11 ; 2.166.446,82 ; 2.363.396,53 ; 2.560.346,24 ; 2.764.239,83 ; 2.952.526,84 ; 2.952.526,84 ; 3.149.361,97 ; 3.165.114,59 ; 3.165.110,67 ; 3.165.110,67 ; 3.165.110,67 ; 5.847.208,02 ; 39.385.996,80 
PA;NOVA ESPERANCA DO PIRIA;1504950; 757.804,09 ; 833.584,49 ; 909.364,90 ; 985.145,31 ; 1.063.529,43 ; 1.135.972,05 ; 1.135.972,05 ; 1.211.703,52 ; 1.229.998,78 ; 1.229.997,25 ; 1.229.997,25 ; 1.229.997,25 ; 2.272.290,13 ; 15.225.356,50 
PA;NOVA IPIXUNA;1504976; 285.995,46 ; 314.595,00 ; 343.194,55 ; 371.794,09 ; 401.315,90 ; 428.651,66 ; 428.651,66 ; 457.228,43 ; 458.568,98 ; 458.568,41 ; 458.568,41 ; 458.568,41 ; 847.156,79 ; 5.712.857,75 
PA;NOVA TIMBOTEUA;1505007; 455.514,58 ; 501.066,03 ; 546.617,49 ; 592.168,95 ; 639.318,04 ; 682.865,38 ; 682.865,38 ; 728.389,73 ; 769.435,75 ; 769.434,80 ; 769.434,80 ; 769.434,80 ; 1.421.449,60 ; 9.327.995,33 
PA;NOVO PROGRESSO;1505031; 1.400.132,86 ; 1.540.146,15 ; 1.680.159,43 ; 1.820.172,72 ; 1.965.053,02 ; 2.098.903,18 ; 2.098.903,18 ; 2.238.830,06 ; 2.298.597,08 ; 2.298.594,24 ; 2.298.594,24 ; 2.298.594,24 ; 4.246.410,30 ; 28.283.090,70 
PA;NOVO REPARTIMENTO;1505064; 2.592.531,88 ; 2.851.785,07 ; 3.111.038,25 ; 3.370.291,44 ; 3.638.616,30 ; 3.886.461,73 ; 3.886.461,73 ; 4.145.559,17 ; 4.251.725,96 ; 4.251.720,69 ; 4.251.720,69 ; 4.251.720,69 ; 7.854.605,37 ; 52.344.238,97 
PA;OBIDOS;1505106; 1.865.985,79 ; 2.052.584,37 ; 2.239.182,95 ; 2.425.781,53 ; 2.616.409,21 ; 2.794.626,70 ; 2.794.626,70 ; 2.980.935,14 ; 3.052.605,89 ; 3.052.602,11 ; 3.052.602,11 ; 3.052.602,11 ; 5.639.360,33 ; 37.619.904,94 
PA;OEIRAS DO PARA;1505205; 1.776.802,32 ; 1.954.482,55 ; 2.132.162,78 ; 2.309.843,02 ; 2.493.737,65 ; 2.663.599,32 ; 2.663.599,32 ; 2.841.172,61 ; 2.854.341,29 ; 2.854.337,76 ; 2.854.337,76 ; 2.854.337,76 ; 5.273.087,82 ; 35.525.841,96 
PA;ORIXIMINA;1505304; 2.816.543,09 ; 3.098.197,40 ; 3.379.851,70 ; 3.661.506,01 ; 3.952.889,46 ; 4.222.141,69 ; 4.222.141,69 ; 4.503.617,80 ; 4.706.976,14 ; 4.706.970,31 ; 4.706.970,31 ; 4.706.970,31 ; 8.695.631,00 ; 57.380.406,91 
PA;OUREM;1505403; 370.186,74 ; 407.205,41 ; 444.224,08 ; 481.242,75 ; 519.506,61 ; 554.892,95 ; 554.892,95 ; 591.885,82 ; 599.903,86 ; 599.903,12 ; 599.903,12 ; 599.903,12 ; 1.108.257,68 ; 7.431.908,21 
PA;OURILANDIA DO NORTE;1505437; 486.044,76 ; 534.649,23 ; 583.253,71 ; 631.858,18 ; 681.804,29 ; 728.245,59 ; 728.245,59 ; 776.795,29 ; 856.882,18 ; 856.881,12 ; 856.881,12 ; 856.881,12 ; 1.582.997,43 ; 10.161.419,61 
PA;PACAJA;1505486; 2.587.327,40 ; 2.846.060,14 ; 3.104.792,88 ; 3.363.525,62 ; 3.685.558,22 ; 3.936.601,10 ; 3.936.601,10 ; 4.199.041,18 ; 4.283.162,96 ; 4.283.157,65 ; 4.283.157,65 ; 4.283.157,65 ; 7.912.681,85 ; 52.704.825,40 
PA;PALESTINA DO PARA;1505494; 161.876,00 ; 178.063,59 ; 194.251,19 ; 210.438,79 ; 227.153,65 ; 242.626,29 ; 242.626,29 ; 258.801,37 ; 273.250,11 ; 273.249,77 ; 273.249,77 ; 273.249,77 ; 504.800,15 ; 3.313.636,74 
PA;PARAGOMINAS;1505502; 2.888.031,21 ; 3.176.834,33 ; 3.465.637,45 ; 3.754.440,57 ; 4.052.944,33 ; 4.329.011,83 ; 4.329.011,83 ; 4.617.612,62 ; 4.943.875,06 ; 4.943.868,94 ; 4.943.868,94 ; 4.943.868,94 ; 9.133.276,24 ; 59.522.282,29 
PA;PAU DARCO;1505551; 262.584,57 ; 288.843,03 ; 315.101,49 ; 341.359,94 ; 368.505,65 ; 393.606,52 ; 393.606,52 ; 419.846,95 ; 421.238,40 ; 421.237,88 ; 421.237,88 ; 421.237,88 ; 778.192,57 ; 5.246.599,28 
PA;PEIXE-BOI;1505601; 185.608,24 ; 204.169,07 ; 222.729,89 ; 241.290,72 ; 260.404,66 ; 278.142,20 ; 278.142,20 ; 296.685,02 ; 332.255,10 ; 332.254,69 ; 332.254,69 ; 332.254,69 ; 613.805,51 ; 3.909.996,68 
PA;PICARRA;1505635; 1.185.427,78 ; 1.303.970,56 ; 1.422.513,34 ; 1.541.056,11 ; 1.663.916,32 ; 1.777.254,47 ; 1.777.254,47 ; 1.895.738,10 ; 1.927.501,66 ; 1.927.499,27 ; 1.927.499,27 ; 1.927.499,27 ; 3.560.851,51 ; 23.837.982,13 
PA;PLACAS;1505650; 1.836.056,12 ; 2.019.661,73 ; 2.203.267,34 ; 2.386.872,96 ; 2.577.091,97 ; 2.752.631,35 ; 2.752.631,35 ; 2.936.140,11 ; 2.978.237,33 ; 2.978.233,64 ; 2.978.233,64 ; 2.978.233,64 ; 5.501.972,42 ; 36.879.263,60 
PA;PONTA DE PEDRAS;1505700; 701.884,49 ; 772.072,94 ; 842.261,39 ; 912.449,83 ; 984.993,41 ; 1.052.086,53 ; 1.052.086,53 ; 1.122.225,63 ; 1.168.692,62 ; 1.168.691,17 ; 1.168.691,17 ; 1.168.691,17 ; 2.159.033,62 ; 14.273.860,50 
PA;PORTEL;1505809; 4.249.728,46 ; 4.674.701,30 ; 5.099.674,15 ; 5.524.647,00 ; 5.964.716,76 ; 6.371.005,20 ; 6.371.005,20 ; 6.795.738,87 ; 6.870.729,14 ; 6.870.720,63 ; 6.870.720,63 ; 6.870.720,63 ; 12.692.931,43 ; 85.227.039,40 
PA;PORTO DE MOZ;1505908; 2.913.053,79 ; 3.204.359,17 ; 3.495.664,55 ; 3.786.969,92 ; 4.088.509,34 ; 4.366.999,36 ; 4.366.999,36 ; 4.658.132,65 ; 4.749.129,70 ; 4.749.123,82 ; 4.749.123,82 ; 4.749.123,82 ; 8.773.505,17 ; 58.650.694,47 
PA;PRAINHA;1506005; 1.704.995,17 ; 1.875.494,69 ; 2.045.994,20 ; 2.216.493,72 ; 2.392.908,65 ; 2.555.902,33 ; 2.555.902,33 ; 2.726.295,82 ; 2.795.892,96 ; 2.795.889,49 ; 2.795.889,49 ; 2.795.889,49 ; 5.165.110,84 ; 34.422.659,18 
PA;PRIMAVERA;1506104; 150.864,79 ; 165.951,27 ; 181.037,75 ; 196.124,23 ; 211.669,75 ; 226.087,70 ; 226.087,70 ; 241.160,21 ; 271.231,89 ; 271.231,56 ; 271.231,56 ; 271.231,56 ; 501.071,71 ; 3.184.981,68 
PA;QUATIPURU;1506112; 181.120,02 ; 199.232,03 ; 217.344,03 ; 235.456,03 ; 254.163,87 ; 271.476,32 ; 271.476,32 ; 289.574,74 ; 318.071,25 ; 318.070,86 ; 318.070,86 ; 318.070,86 ; 587.602,38 ; 3.779.729,57 
PA;REDENCAO;1506138; 2.295.183,04 ; 2.524.701,34 ; 2.754.219,64 ; 2.983.737,94 ; 3.221.100,84 ; 3.440.507,07 ; 3.440.507,07 ; 3.669.874,21 ; 3.806.617,38 ; 3.806.612,67 ; 3.806.612,67 ; 3.806.612,67 ; 7.032.315,26 ; 46.588.601,80 
PA;RIO MARIA;1506161; 301.921,62 ; 332.113,79 ; 362.305,95 ; 392.498,11 ; 423.653,30 ; 452.510,57 ; 452.510,57 ; 482.677,95 ; 484.051,12 ; 484.050,52 ; 484.050,52 ; 484.050,52 ; 894.232,29 ; 6.030.626,83 
PA;RONDON DO PARA;1506187; 750.843,73 ; 825.928,11 ; 901.012,48 ; 976.096,85 ; 1.053.605,93 ; 1.125.372,61 ; 1.125.372,61 ; 1.200.397,45 ; 1.238.952,10 ; 1.238.950,57 ; 1.238.950,57 ; 1.238.950,57 ; 2.288.830,43 ; 15.203.264,01 
PA;RUROPOLIS;1506195; 2.443.434,04 ; 2.687.777,45 ; 2.932.120,85 ; 3.176.464,26 ; 3.429.798,07 ; 3.663.419,77 ; 3.663.419,77 ; 3.907.647,76 ; 3.931.116,22 ; 3.931.111,35 ; 3.931.111,35 ; 3.931.111,35 ; 7.262.313,45 ; 48.890.845,69 
PA;SALINOPOLIS;1506203; 981.506,95 ; 1.079.657,65 ; 1.177.808,34 ; 1.275.959,03 ; 1.377.466,22 ; 1.471.292,74 ; 1.471.292,74 ; 1.569.378,92 ; 1.598.535,74 ; 1.598.533,76 ; 1.598.533,76 ; 1.598.533,76 ; 2.953.122,43 ; 19.751.622,04 
PA;SALVATERRA;1506302; 970.149,41 ; 1.067.164,35 ; 1.164.179,29 ; 1.261.194,23 ; 1.361.612,55 ; 1.454.359,19 ; 1.454.359,19 ; 1.551.316,46 ; 1.651.850,93 ; 1.651.848,89 ; 1.651.848,89 ; 1.651.848,89 ; 3.051.616,51 ; 19.943.348,78 
PA;SANTA BARBARA DO PARA;1506351; 455.496,81 ; 501.046,49 ; 546.596,17 ; 592.145,85 ; 639.268,07 ; 682.812,00 ; 682.812,00 ; 728.332,80 ; 753.918,33 ; 753.917,40 ; 753.917,40 ; 753.917,40 ; 1.392.782,81 ; 9.236.963,53 
PA;SANTA CRUZ DO ARARI;1506401; 335.740,69 ; 369.314,75 ; 402.888,83 ; 436.462,90 ; 471.214,96 ; 503.311,91 ; 503.311,91 ; 536.866,03 ; 538.817,99 ; 538.817,33 ; 538.817,33 ; 538.817,33 ; 995.408,13 ; 6.709.790,09 
PA;SANTA IZABEL DO PARA;1506500; 1.660.674,15 ; 1.826.741,57 ; 1.992.808,98 ; 2.158.876,40 ; 2.330.609,68 ; 2.489.359,84 ; 2.489.359,84 ; 2.655.317,16 ; 2.840.045,00 ; 2.840.041,48 ; 2.840.041,48 ; 2.840.041,48 ; 5.246.676,97 ; 34.210.594,03 
PA;SANTA LUZIA DO PARA;1506559; 704.058,88 ; 774.464,77 ; 844.870,66 ; 915.276,55 ; 988.114,37 ; 1.055.420,07 ; 1.055.420,07 ; 1.125.781,41 ; 1.129.722,58 ; 1.129.721,19 ; 1.129.721,19 ; 1.129.721,19 ; 2.087.040,66 ; 14.069.333,59 
PA;SANTA MARIA DAS BARREIRAS;1506583; 747.611,78 ; 822.372,95 ; 897.134,13 ; 971.895,31 ; 1.049.263,81 ; 1.120.734,72 ; 1.120.734,72 ; 1.195.450,37 ; 1.199.734,35 ; 1.199.732,86 ; 1.199.732,86 ; 1.199.732,86 ; 2.216.379,87 ; 14.940.510,59 
PA;SANTA MARIA DO PARA;1506609; 486.820,23 ; 535.502,25 ; 584.184,27 ; 632.866,29 ; 683.202,77 ; 729.739,33 ; 729.739,33 ; 778.388,62 ; 833.224,82 ; 833.223,78 ; 833.223,78 ; 833.223,78 ; 1.539.293,01 ; 10.032.632,26 
PA;SANTANA DO ARAGUAIA;1506708; 2.300.425,52 ; 2.530.468,07 ; 2.760.510,62 ; 2.990.553,17 ; 3.228.556,62 ; 3.448.470,70 ; 3.448.470,70 ; 3.678.368,75 ; 3.691.304,94 ; 3.691.300,37 ; 3.691.300,37 ; 3.691.300,37 ; 6.819.287,97 ; 45.970.318,17 
PA;SANTAREM;1506807; 10.207.422,75 ; 11.228.165,03 ; 12.248.907,30 ; 13.269.649,58 ; 14.325.794,67 ; 15.301.600,40 ; 15.301.600,40 ; 16.321.707,09 ; 16.573.972,44 ; 16.573.951,93 ; 16.573.951,93 ; 16.573.951,93 ; 30.618.627,51 ; 205.119.302,96 
PA;SANTAREM NOVO;1506906; 279.427,07 ; 307.369,78 ; 335.312,49 ; 363.255,20 ; 392.173,21 ; 418.886,21 ; 418.886,21 ; 446.811,95 ; 490.033,21 ; 490.032,60 ; 490.032,60 ; 490.032,60 ; 905.283,55 ; 5.827.536,68 
PA;SANTO ANTONIO DO TAUA;1507003; 1.391.197,17 ; 1.530.316,89 ; 1.669.436,60 ; 1.808.556,32 ; 1.952.668,30 ; 2.085.674,87 ; 2.085.674,87 ; 2.224.719,87 ; 2.272.043,41 ; 2.272.040,60 ; 2.272.040,60 ; 2.272.040,60 ; 4.197.355,26 ; 28.033.765,36 
PA;SAO CAETANO DE ODIVELAS;1507102; 666.386,68 ; 733.025,34 ; 799.664,01 ; 866.302,68 ; 935.286,70 ; 998.994,03 ; 998.994,03 ; 1.065.593,63 ; 1.108.126,66 ; 1.108.125,29 ; 1.108.125,29 ; 1.108.125,29 ; 2.047.144,55 ; 13.543.894,18 
PA;SAO DOMINGOS DO ARAGUAIA;1507151; 458.164,32 ; 503.980,75 ; 549.797,18 ; 595.613,61 ; 642.910,28 ; 686.702,30 ; 686.702,30 ; 732.482,45 ; 759.701,95 ; 759.701,01 ; 759.701,01 ; 759.701,01 ; 1.403.467,46 ; 9.298.625,63 
PA;SAO DOMINGOS DO CAPIM;1507201; 1.325.042,97 ; 1.457.547,27 ; 1.590.051,56 ; 1.722.555,86 ; 1.859.661,24 ; 1.986.332,61 ; 1.986.332,61 ; 2.118.754,78 ; 2.132.739,51 ; 2.132.736,87 ; 2.132.736,87 ; 2.132.736,87 ; 3.940.006,34 ; 26.517.235,36 
PA;SAO FELIX DO XINGU;1507300; 2.012.065,14 ; 2.213.271,66 ; 2.414.478,17 ; 2.615.684,68 ; 2.745.303,89 ; 2.932.301,07 ; 2.932.301,07 ; 3.127.787,81 ; 3.177.114,06 ; 3.177.110,13 ; 3.177.110,13 ; 3.177.110,13 ; 5.869.375,71 ; 39.571.013,65 
PA;SAO FRANCISCO DO PARA;1507409; 553.382,86 ; 608.721,15 ; 664.059,43 ; 719.397,72 ; 776.687,88 ; 829.592,21 ; 829.592,21 ; 884.898,35 ; 938.956,33 ; 938.955,17 ; 938.955,17 ; 938.955,17 ; 1.734.620,58 ; 11.356.774,23 
PA;SAO GERALDO DO ARAGUAIA;1507458; 1.105.999,03 ; 1.216.598,94 ; 1.327.198,84 ; 1.437.798,74 ; 1.552.300,75 ; 1.658.036,17 ; 1.658.036,17 ; 1.768.571,91 ; 1.824.894,02 ; 1.824.891,76 ; 1.824.891,76 ; 1.824.891,76 ; 3.371.294,97 ; 22.395.404,82 
PA;SAO JOAO DE PIRABAS;1507474; 744.775,24 ; 819.252,76 ; 893.730,29 ; 968.207,81 ; 1.045.285,48 ; 1.116.485,41 ; 1.116.485,41 ; 1.190.917,77 ; 1.284.745,17 ; 1.284.743,58 ; 1.284.743,58 ; 1.284.743,58 ; 2.373.428,20 ; 15.407.544,28 
PA;SAO JOAO DO ARAGUAIA;1507508; 391.380,26 ; 430.518,29 ; 469.656,32 ; 508.794,34 ; 549.236,77 ; 586.648,20 ; 586.648,20 ; 625.758,08 ; 634.712,91 ; 634.712,12 ; 634.712,12 ; 634.712,12 ; 1.172.563,64 ; 7.860.053,37 
PA;SAO MIGUEL DO GUAMA;1507607; 2.462.965,23 ; 2.709.261,75 ; 2.955.558,27 ; 3.201.854,80 ; 3.456.795,73 ; 3.692.256,39 ; 3.692.256,39 ; 3.938.406,81 ; 4.216.355,70 ; 4.216.350,48 ; 4.216.350,48 ; 4.216.350,48 ; 7.789.262,66 ; 50.764.025,17 
PA;SAO SEBASTIAO DA BOA VISTA;1507706; 1.215.738,91 ; 1.337.312,80 ; 1.458.886,69 ; 1.580.460,58 ; 1.706.291,62 ; 1.822.516,17 ; 1.822.516,17 ; 1.944.017,25 ; 1.996.049,99 ; 1.996.047,52 ; 1.996.047,52 ; 1.996.047,52 ; 3.687.487,16 ; 24.559.419,90 
PA;SAPUCAIA;1507755; 351.471,58 ; 386.618,74 ; 421.765,90 ; 456.913,06 ; 493.298,10 ; 526.899,25 ; 526.899,25 ; 562.025,86 ; 572.093,41 ; 572.092,70 ; 572.092,70 ; 572.092,70 ; 1.056.880,89 ; 7.071.144,14 
PA;SENADOR JOSE PORFIRIO;1507805; 1.663.663,93 ; 1.830.030,33 ; 1.996.396,72 ; 2.162.763,11 ; 2.335.106,13 ; 2.494.162,58 ; 2.494.162,58 ; 2.660.440,08 ; 2.691.207,52 ; 2.691.204,19 ; 2.691.204,19 ; 2.691.204,19 ; 4.971.715,76 ; 33.373.261,31 
PA;SOURE;1507904; 672.682,87 ; 739.951,16 ; 807.219,45 ; 874.487,73 ; 944.062,20 ; 1.008.367,27 ; 1.008.367,27 ; 1.075.591,76 ; 1.088.420,66 ; 1.088.419,31 ; 1.088.419,31 ; 1.088.419,31 ; 2.010.739,83 ; 13.495.148,13 
PA;TAILANDIA;1507953; 3.016.441,88 ; 3.318.086,07 ; 3.619.730,26 ; 3.921.374,44 ; 4.233.594,91 ; 4.521.967,48 ; 4.521.967,48 ; 4.823.431,97 ; 4.853.198,68 ; 4.853.192,67 ; 4.853.192,67 ; 4.853.192,67 ; 8.965.761,39 ; 60.355.132,57 
PA;TERRA ALTA;1507961; 424.560,77 ; 467.016,85 ; 509.472,92 ; 551.929,00 ; 595.903,62 ; 636.493,77 ; 636.493,77 ; 678.926,69 ; 684.937,54 ; 684.936,70 ; 684.936,70 ; 684.936,70 ; 1.265.348,25 ; 8.505.893,28 
PA;TERRA SANTA;1507979; 696.644,32 ; 766.308,75 ; 835.973,18 ; 905.637,62 ; 977.682,72 ; 1.044.277,87 ; 1.044.277,87 ; 1.113.896,39 ; 1.120.008,10 ; 1.120.006,72 ; 1.120.006,72 ; 1.120.006,72 ; 2.069.094,20 ; 13.933.821,18 
PA;TOME-ACU;1508001; 2.909.830,43 ; 3.200.813,48 ; 3.491.796,52 ; 3.782.779,56 ; 4.083.788,34 ; 4.361.956,79 ; 4.361.956,79 ; 4.652.753,91 ; 4.853.955,21 ; 4.853.949,20 ; 4.853.949,20 ; 4.853.949,20 ; 8.967.158,98 ; 59.228.637,61 
PA;TRACUATEUA;1508035; 799.518,90 ; 879.470,79 ; 959.422,68 ; 1.039.374,57 ; 1.122.020,13 ; 1.198.446,86 ; 1.198.446,86 ; 1.278.343,32 ; 1.348.678,00 ; 1.348.676,33 ; 1.348.676,33 ; 1.348.676,33 ; 2.491.537,19 ; 16.361.288,29 
PA;TRAIRAO;1508050; 499.610,80 ; 549.571,88 ; 599.532,96 ; 649.494,04 ; 701.133,97 ; 748.891,92 ; 748.891,92 ; 798.818,05 ; 801.428,70 ; 801.427,71 ; 801.427,71 ; 801.427,71 ; 1.480.553,10 ; 9.982.210,47 
PA;TUCUMA;1508084; 660.014,63 ; 726.016,09 ; 792.017,55 ; 858.019,01 ; 926.022,14 ; 989.098,41 ; 989.098,41 ; 1.055.038,31 ; 1.088.112,67 ; 1.088.111,33 ; 1.088.111,33 ; 1.088.111,33 ; 2.010.170,83 ; 13.357.942,04 
PA;TUCURUI;1508100; 5.453.274,43 ; 5.998.601,87 ; 6.543.929,32 ; 7.089.256,76 ; 7.654.337,47 ; 8.175.714,92 ; 8.175.714,92 ; 8.720.762,58 ; 8.806.502,71 ; 8.806.491,81 ; 8.806.491,81 ; 8.806.491,81 ; 16.269.064,47 ; 109.306.634,88 
PA;ULIANOPOLIS;1508126; 910.752,78 ; 1.001.828,06 ; 1.092.903,33 ; 1.183.978,61 ; 1.278.137,31 ; 1.365.198,00 ; 1.365.198,00 ; 1.456.211,20 ; 1.485.133,47 ; 1.485.131,63 ; 1.485.131,63 ; 1.485.131,63 ; 2.743.623,99 ; 18.338.359,64 
PA;URUARA;1508159; 2.310.183,47 ; 2.541.201,82 ; 2.772.220,17 ; 3.003.238,51 ; 3.242.383,36 ; 3.463.239,26 ; 3.463.239,26 ; 3.694.121,87 ; 3.769.240,13 ; 3.769.235,46 ; 3.769.235,46 ; 3.769.235,46 ; 6.963.264,82 ; 46.530.039,05 
PA;VIGIA;1508209; 1.432.002,68 ; 1.575.202,95 ; 1.718.403,22 ; 1.861.603,49 ; 2.009.878,63 ; 2.146.782,10 ; 2.146.782,10 ; 2.289.900,91 ; 2.395.884,70 ; 2.395.881,73 ; 2.395.881,73 ; 2.395.881,73 ; 4.426.138,70 ; 29.190.224,67 
PA;VISEU;1508308; 2.386.332,13 ; 2.624.965,34 ; 2.863.598,55 ; 3.102.231,77 ; 3.349.056,89 ; 3.577.178,89 ; 3.577.178,89 ; 3.815.657,48 ; 3.857.548,10 ; 3.857.543,33 ; 3.857.543,33 ; 3.857.543,33 ; 7.126.404,26 ; 47.852.782,29 
PA;VITORIA DO XINGU;1508357; 289.975,80 ; 318.973,37 ; 347.970,95 ; 376.968,53 ; 406.718,87 ; 434.422,64 ; 434.422,64 ; 463.384,15 ; 518.173,89 ; 518.173,25 ; 518.173,25 ; 518.173,25 ; 957.270,36 ; 6.102.800,95 
PA;XINGUARA;1508407; 1.214.491,04 ; 1.335.940,14 ; 1.457.389,25 ; 1.578.838,35 ; 1.704.355,28 ; 1.820.447,95 ; 1.820.447,95 ; 1.941.811,14 ; 1.998.375,24 ; 1.998.372,76 ; 1.998.372,76 ; 1.998.372,76 ; 3.691.782,82 ; 24.558.997,44 
PB;AGUA BRANCA;2500106; 289.645,98 ; 318.610,58 ; 347.575,18 ; 376.539,78 ; 406.483,47 ; 434.171,21 ; 434.171,21 ; 463.115,96 ; 484.805,59 ; 484.804,99 ; 484.804,99 ; 484.804,99 ; 895.626,09 ; 5.905.160,02 
PB;AGUIAR;2500205; 210.553,68 ; 231.609,05 ; 252.664,41 ; 273.719,78 ; 295.501,39 ; 315.629,55 ; 315.629,55 ; 336.671,52 ; 337.845,98 ; 337.845,56 ; 337.845,56 ; 337.845,56 ; 624.134,05 ; 4.207.495,64 
PB;ALAGOA GRANDE;2500304; 674.659,17 ; 742.125,09 ; 809.591,00 ; 877.056,92 ; 946.855,37 ; 1.011.350,70 ; 1.011.350,70 ; 1.078.774,08 ; 1.124.259,01 ; 1.124.257,62 ; 1.124.257,62 ; 1.124.257,62 ; 2.076.947,31 ; 13.725.742,21 
PB;ALAGOA NOVA;2500403; 792.066,29 ; 871.272,92 ; 950.479,55 ; 1.029.686,18 ; 1.111.710,47 ; 1.187.434,95 ; 1.187.434,95 ; 1.266.597,28 ; 1.356.211,62 ; 1.356.209,94 ; 1.356.209,94 ; 1.356.209,94 ; 2.505.454,76 ; 16.326.978,79 
PB;ALAGOINHA;2500502; 129.012,19 ; 141.913,40 ; 154.814,62 ; 167.715,84 ; 180.963,50 ; 193.289,88 ; 193.289,88 ; 206.175,87 ; 218.692,39 ; 218.692,12 ; 218.692,12 ; 218.692,12 ; 404.010,62 ; 2.645.954,55 
PB;ALCANTIL;2500536; 185.445,16 ; 203.989,68 ; 222.534,20 ; 241.078,72 ; 260.259,40 ; 277.987,04 ; 277.987,04 ; 296.519,51 ; 319.367,73 ; 319.367,34 ; 319.367,34 ; 319.367,34 ; 589.997,49 ; 3.833.267,99 
PB;ALGODAO DE JANDAIRA;2500577; 18.979,43 ; 20.877,37 ; 22.775,32 ; 24.673,26 ; 26.601,03 ; 28.412,97 ; 28.412,97 ; 30.307,17 ; 34.867,44 ; 34.867,39 ; 34.867,39 ; 34.867,39 ; 64.413,86 ; 404.922,99 
PB;ALHANDRA;2500601; 199.854,35 ; 219.839,79 ; 239.825,22 ; 259.810,66 ; 280.265,20 ; 299.355,55 ; 299.355,55 ; 319.312,59 ; 357.689,43 ; 357.688,99 ; 357.688,99 ; 357.688,99 ; 660.792,71 ; 4.209.168,02 
PB;APARECIDA;2500775; 286.025,05 ; 314.627,56 ; 343.230,06 ; 371.832,57 ; 401.442,16 ; 428.786,51 ; 428.786,51 ; 457.372,28 ; 468.982,22 ; 468.981,64 ; 468.981,64 ; 468.981,64 ; 866.394,15 ; 5.774.423,99 
PB;ARACAGI;2500809; 403.458,43 ; 443.804,27 ; 484.150,11 ; 524.495,95 ; 566.194,67 ; 604.761,19 ; 604.761,19 ; 645.078,60 ; 668.714,69 ; 668.713,87 ; 668.713,87 ; 668.713,87 ; 1.235.378,28 ; 8.186.938,99 
PB;ARARA;2500908; 68.272,64 ; 75.099,90 ; 81.927,17 ; 88.754,43 ; 95.724,35 ; 102.244,64 ; 102.244,64 ; 109.060,95 ; 113.939,37 ; 113.939,23 ; 113.939,23 ; 113.939,23 ; 210.490,73 ; 1.389.576,51 
PB;ARARUNA;2501005; 546.418,51 ; 601.060,36 ; 655.702,21 ; 710.344,06 ; 766.861,32 ; 819.096,31 ; 819.096,31 ; 873.702,73 ; 890.693,87 ; 890.692,76 ; 890.692,76 ; 890.692,76 ; 1.645.460,88 ; 11.000.514,84 
PB;AREIA;2501104; 831.236,10 ; 914.359,70 ; 997.483,31 ; 1.080.606,92 ; 1.166.678,41 ; 1.246.147,05 ; 1.246.147,05 ; 1.329.223,52 ; 1.334.180,80 ; 1.334.179,15 ; 1.334.179,15 ; 1.334.179,15 ; 2.464.755,16 ; 16.613.355,47 
PB;AREIAL;2501203; 248.091,35 ; 272.900,48 ; 297.709,62 ; 322.518,75 ; 348.174,97 ; 371.891,01 ; 371.891,01 ; 396.683,74 ; 418.027,56 ; 418.027,04 ; 418.027,04 ; 418.027,04 ; 772.260,89 ; 5.074.230,50 
PB;AROEIRAS;2501302; 733.705,02 ; 807.075,52 ; 880.446,02 ; 953.816,52 ; 1.029.778,78 ; 1.099.922,47 ; 1.099.922,47 ; 1.173.250,63 ; 1.184.543,07 ; 1.184.541,60 ; 1.184.541,60 ; 1.184.541,60 ; 2.188.315,59 ; 14.704.400,89 
PB;ASSUNCAO;2501351; 77.280,33 ; 85.008,36 ; 92.736,39 ; 100.464,43 ; 108.421,18 ; 115.806,32 ; 115.806,32 ; 123.526,75 ; 135.335,78 ; 135.335,61 ; 135.335,61 ; 135.335,61 ; 250.018,28 ; 1.610.410,97 
PB;BAIA DA TRAICAO;2501401; 997.476,11 ; 1.097.223,72 ; 1.196.971,33 ; 1.296.718,94 ; 1.400.124,17 ; 1.495.494,04 ; 1.495.494,04 ; 1.595.193,64 ; 1.624.666,31 ; 1.624.664,30 ; 1.624.664,30 ; 1.624.664,30 ; 3.001.395,83 ; 20.074.751,03 
PB;BANANEIRAS;2501500; 424.342,05 ; 466.776,25 ; 509.210,46 ; 551.644,66 ; 595.465,84 ; 636.026,17 ; 636.026,17 ; 678.427,91 ; 693.849,19 ; 693.848,33 ; 693.848,33 ; 693.848,33 ; 1.281.811,57 ; 8.555.125,26 
PB;BARAUNA;2501534; 90.615,88 ; 99.677,47 ; 108.739,06 ; 117.800,65 ; 127.143,77 ; 135.804,21 ; 135.804,21 ; 144.857,82 ; 152.277,68 ; 152.277,49 ; 152.277,49 ; 152.277,49 ; 281.316,64 ; 1.850.869,86 
PB;BARRA DE SANTA ROSA;2501609; 296.205,55 ; 325.826,11 ; 355.446,66 ; 385.067,22 ; 415.675,68 ; 443.989,55 ; 443.989,55 ; 473.588,86 ; 476.889,79 ; 476.889,20 ; 476.889,20 ; 476.889,20 ; 881.002,51 ; 5.928.349,08 
PB;BARRA DE SANTANA;2501575; 388.343,75 ; 427.178,12 ; 466.012,50 ; 504.846,87 ; 545.070,29 ; 582.197,92 ; 582.197,92 ; 621.011,11 ; 623.374,05 ; 623.373,28 ; 623.373,28 ; 623.373,28 ; 1.151.616,33 ; 7.761.968,70 
PB;BARRA DE SAO MIGUEL;2501708; 568.001,90 ; 624.802,09 ; 681.602,28 ; 738.402,47 ; 797.260,90 ; 851.566,56 ; 851.566,56 ; 908.337,66 ; 911.899,26 ; 911.898,13 ; 911.898,13 ; 911.898,13 ; 1.684.635,57 ; 11.353.769,64 
PB;BAYEUX;2501807; 333.017,39 ; 366.319,13 ; 399.620,88 ; 432.922,62 ; 466.904,52 ; 498.707,86 ; 498.707,86 ; 531.955,05 ; 687.340,13 ; 687.339,28 ; 687.339,28 ; 687.339,28 ; 1.269.786,76 ; 7.547.300,04 
PB;BELEM;2501906; 172.875,91 ; 190.163,50 ; 207.451,10 ; 224.738,69 ; 242.550,01 ; 259.071,37 ; 259.071,37 ; 276.342,80 ; 293.483,62 ; 293.483,26 ; 293.483,26 ; 293.483,26 ; 542.179,37 ; 3.548.377,52 
PB;BELEM DO BREJO DO CRUZ;2502003; 103.072,19 ; 113.379,41 ; 123.686,63 ; 133.993,85 ; 144.601,51 ; 154.451,09 ; 154.451,09 ; 164.747,83 ; 165.104,18 ; 165.103,98 ; 165.103,98 ; 165.103,98 ; 305.012,20 ; 2.057.811,92 
PB;BERNARDINO BATISTA;2502052; 244.491,95 ; 268.941,14 ; 293.390,34 ; 317.839,54 ; 343.121,90 ; 366.493,75 ; 366.493,75 ; 390.926,66 ; 392.250,23 ; 392.249,74 ; 392.249,74 ; 392.249,74 ; 724.640,04 ; 4.885.338,52 
PB;BOA VENTURA;2502102; 56.714,06 ; 62.385,46 ; 68.056,87 ; 73.728,28 ; 79.563,10 ; 84.982,56 ; 84.982,56 ; 90.648,06 ; 99.182,98 ; 99.182,86 ; 99.182,86 ; 99.182,86 ; 183.229,88 ; 1.181.022,39 
PB;BOA VISTA;2502151; 107.746,82 ; 118.521,50 ; 129.296,19 ; 140.070,87 ; 151.167,14 ; 161.463,94 ; 161.463,94 ; 172.228,20 ; 178.442,05 ; 178.441,83 ; 178.441,83 ; 178.441,83 ; 329.652,46 ; 2.185.378,60 
PB;BOM JESUS;2502201; 114.740,52 ; 126.214,57 ; 137.688,62 ; 149.162,67 ; 161.024,06 ; 171.992,26 ; 171.992,26 ; 183.458,41 ; 193.817,77 ; 193.817,53 ; 193.817,53 ; 193.817,53 ; 358.057,44 ; 2.349.601,17 
PB;BONITO DE SANTA FE;2502409; 244.207,88 ; 268.628,67 ; 293.049,45 ; 317.470,24 ; 342.715,23 ; 366.059,38 ; 366.059,38 ; 390.463,34 ; 400.853,89 ; 400.853,40 ; 400.853,40 ; 400.853,40 ; 740.534,38 ; 4.932.602,04 
PB;BOQUEIRAO;2502508; 253.133,00 ; 278.446,29 ; 303.759,59 ; 329.072,89 ; 355.200,90 ; 379.395,51 ; 379.395,51 ; 404.688,54 ; 416.091,54 ; 416.091,03 ; 416.091,03 ; 416.091,03 ; 768.684,30 ; 5.116.141,16 
PB;BORBOREMA;2502706; 55.156,25 ; 60.671,88 ; 66.187,51 ; 71.703,13 ; 77.378,41 ; 82.649,06 ; 82.649,06 ; 88.159,00 ; 92.788,77 ; 92.788,66 ; 92.788,66 ; 92.788,66 ; 171.417,28 ; 1.127.126,33 
PB;BREJO DO CRUZ;2502805; 178.449,02 ; 196.293,92 ; 214.138,82 ; 231.983,72 ; 250.305,10 ; 267.354,71 ; 267.354,71 ; 285.178,35 ; 310.222,90 ; 310.222,51 ; 310.222,51 ; 310.222,51 ; 573.103,39 ; 3.705.052,17 
PB;BREJO DOS SANTOS;2502904; 39.394,56 ; 43.334,01 ; 47.273,47 ; 51.212,92 ; 55.239,48 ; 59.002,13 ; 59.002,13 ; 62.935,61 ; 87.556,84 ; 87.556,73 ; 87.556,73 ; 87.556,73 ; 161.751,83 ; 929.373,17 
PB;CAAPORA;2503001; 756.396,77 ; 832.036,44 ; 907.676,12 ; 983.315,80 ; 1.061.599,64 ; 1.133.910,81 ; 1.133.910,81 ; 1.209.504,87 ; 1.214.271,89 ; 1.214.270,39 ; 1.214.270,39 ; 1.214.270,39 ; 2.243.236,39 ; 15.118.670,71 
PB;CABACEIRAS;2503100; 234.525,45 ; 257.978,00 ; 281.430,54 ; 304.883,09 ; 329.143,82 ; 351.563,55 ; 351.563,55 ; 375.001,12 ; 376.306,37 ; 376.305,91 ; 376.305,91 ; 376.305,91 ; 695.185,49 ; 4.686.498,71 
PB;CACHOEIRA DOS INDIOS;2503308; 309.841,60 ; 340.825,76 ; 371.809,92 ; 402.794,08 ; 434.867,20 ; 464.488,31 ; 464.488,31 ; 495.454,21 ; 517.976,46 ; 517.975,81 ; 517.975,81 ; 517.975,81 ; 956.905,70 ; 6.313.378,98 
PB;CACIMBA DE AREIA;2503407; 41.502,66 ; 45.652,92 ; 49.803,19 ; 53.953,45 ; 58.223,68 ; 62.189,60 ; 62.189,60 ; 66.335,58 ; 67.185,59 ; 67.185,50 ; 67.185,50 ; 67.185,50 ; 124.118,17 ; 832.710,94 
PB;CACIMBA DE DENTRO;2503506; 393.351,87 ; 432.687,06 ; 472.022,25 ; 511.357,43 ; 552.051,21 ; 589.654,34 ; 589.654,34 ; 628.964,62 ; 631.166,07 ; 631.165,29 ; 631.165,29 ; 631.165,29 ; 1.166.011,23 ; 7.860.416,29 
PB;CACIMBAS;2503555; 383.520,33 ; 421.872,36 ; 460.224,39 ; 498.576,42 ; 538.276,15 ; 574.940,99 ; 574.940,99 ; 613.270,39 ; 621.637,66 ; 621.636,89 ; 621.636,89 ; 621.636,89 ; 1.148.408,53 ; 7.700.578,88 
PB;CAICARA;2503605; 165.487,80 ; 182.036,58 ; 198.585,36 ; 215.134,14 ; 232.234,12 ; 248.052,81 ; 248.052,81 ; 264.589,67 ; 268.607,43 ; 268.607,10 ; 268.607,10 ; 268.607,10 ; 496.223,29 ; 3.324.825,31 
PB;CAJAZEIRAS;2503704; 1.561.246,02 ; 1.717.370,63 ; 1.873.495,23 ; 2.029.619,83 ; 2.191.808,45 ; 2.341.104,12 ; 2.341.104,12 ; 2.497.177,73 ; 2.560.367,44 ; 2.560.364,27 ; 2.560.364,27 ; 2.560.364,27 ; 4.730.002,85 ; 31.524.389,23 
PB;CAJAZEIRINHAS;2503753; 1.826,68 ; 2.009,35 ; 2.192,02 ; 2.374,69 ; 2.521,20 ; 2.692,93 ; 2.692,93 ; 2.872,46 ; 2.893,77 ; 2.893,77 ; 2.893,77 ; 2.893,77 ; 5.345,94 ; 36.103,28 
PB;CALDAS BRANDAO;2503803; 18.141,80 ; 19.955,98 ; 21.770,16 ; 23.584,34 ; 25.381,10 ; 27.109,94 ; 27.109,94 ; 28.917,27 ; 38.952,13 ; 38.952,08 ; 38.952,08 ; 38.952,08 ; 71.959,90 ; 419.738,80 
PB;CAMALAU;2503902; 152.659,96 ; 167.925,96 ; 183.191,95 ; 198.457,95 ; 214.234,03 ; 228.826,64 ; 228.826,64 ; 244.081,75 ; 248.456,23 ; 248.455,92 ; 248.455,92 ; 248.455,92 ; 458.996,15 ; 3.071.025,02 
PB;CAMPINA GRANDE;2504009; 2.994.819,78 ; 3.294.301,76 ; 3.593.783,73 ; 3.893.265,71 ; 4.396.552,50 ; 4.696.024,97 ; 4.696.024,97 ; 5.009.093,31 ; 5.684.943,01 ; 5.684.935,98 ; 5.684.935,98 ; 5.684.935,98 ; 10.502.319,39 ; 65.815.937,07 
PB;CAPIM;2504033; 182.039,13 ; 200.243,05 ; 218.446,96 ; 236.650,87 ; 255.463,60 ; 272.864,58 ; 272.864,58 ; 291.055,55 ; 291.995,28 ; 291.994,92 ; 291.994,92 ; 291.994,92 ; 539.429,82 ; 3.637.038,18 
PB;CARAUBAS;2504074; -   ; -   ; -   ; -   ; -   ; -   ; -   ; -   ; 1.798,14 ; 1.798,14 ; 1.798,14 ; 1.798,14 ; 3.321,88 ; 10.514,44 
PB;CARRAPATEIRA;2504108; 6.465,80 ; 7.112,37 ; 7.758,95 ; 8.405,53 ; 9.022,87 ; 9.637,47 ; 9.637,47 ; 10.279,97 ; 10.998,81 ; 10.998,80 ; 10.998,80 ; 10.998,80 ; 20.319,15 ; 132.634,79 
PB;CASSERENGUE;2504157; 119.096,78 ; 131.006,46 ; 142.916,14 ; 154.825,82 ; 167.107,74 ; 178.490,34 ; 178.490,34 ; 190.389,69 ; 203.019,11 ; 203.018,86 ; 203.018,86 ; 203.018,86 ; 375.055,94 ; 2.449.454,94 
PB;CATINGUEIRA;2504207; 34.401,44 ; 37.841,58 ; 41.281,73 ; 44.721,87 ; 48.234,00 ; 51.519,47 ; 51.519,47 ; 54.954,11 ; 65.494,37 ; 65.494,29 ; 65.494,29 ; 65.494,29 ; 120.993,83 ; 747.444,74 
PB;CATOLE DO ROCHA;2504306; 352.730,79 ; 388.003,88 ; 423.276,96 ; 458.550,04 ; 494.925,72 ; 528.637,73 ; 528.637,73 ; 563.880,25 ; 598.806,21 ; 598.805,47 ; 598.805,47 ; 598.805,47 ; 1.106.229,89 ; 7.240.095,61 
PB;CATURITE;2504355; 198.455,98 ; 218.301,58 ; 238.147,18 ; 257.992,77 ; 278.525,28 ; 297.497,12 ; 297.497,12 ; 317.330,26 ; 343.630,23 ; 343.629,80 ; 343.629,80 ; 343.629,80 ; 634.819,85 ; 4.113.086,77 
PB;CONCEICAO;2504405; 401.903,59 ; 442.093,95 ; 482.284,31 ; 522.474,66 ; 564.020,56 ; 602.438,99 ; 602.438,99 ; 642.601,59 ; 652.371,80 ; 652.370,99 ; 652.370,99 ; 652.370,99 ; 1.205.186,57 ; 8.074.927,98 
PB;CONDADO;2504504; 20.140,84 ; 22.154,92 ; 24.169,01 ; 26.183,09 ; 28.209,17 ; 30.130,64 ; 30.130,64 ; 32.139,35 ; 35.582,78 ; 35.582,74 ; 35.582,74 ; 35.582,74 ; 65.735,38 ; 421.324,04 
PB;CONDE;2504603; 522.820,53 ; 575.102,59 ; 627.384,64 ; 679.666,69 ; 733.503,82 ; 783.466,65 ; 783.466,65 ; 835.697,76 ; 838.010,36 ; 838.009,33 ; 838.009,33 ; 838.009,33 ; 1.548.133,78 ; 10.441.281,46 
PB;CONGO;2504702; 89.601,79 ; 98.561,97 ; 107.522,15 ; 116.482,33 ; 125.714,36 ; 134.277,43 ; 134.277,43 ; 143.229,26 ; 149.487,65 ; 149.487,47 ; 149.487,47 ; 149.487,47 ; 276.162,35 ; 1.823.779,13 
PB;COREMAS;2504801; 274.907,92 ; 302.398,71 ; 329.889,50 ; 357.380,30 ; 385.799,87 ; 412.078,74 ; 412.078,74 ; 439.550,65 ; 444.142,38 ; 444.141,83 ; 444.141,83 ; 444.141,83 ; 820.505,18 ; 5.511.157,48 
PB;CRUZ DO ESPIRITO SANTO;2504900; 344.323,71 ; 378.756,09 ; 413.188,47 ; 447.620,84 ; 483.161,16 ; 516.071,82 ; 516.071,82 ; 550.476,61 ; 578.945,41 ; 578.944,69 ; 578.944,69 ; 578.944,69 ; 1.069.539,20 ; 7.034.989,20 
PB;CUBATI;2505006; 299.943,88 ; 329.938,27 ; 359.932,66 ; 389.927,05 ; 420.951,17 ; 449.624,38 ; 449.624,38 ; 479.599,34 ; 610.771,96 ; 610.771,20 ; 610.771,20 ; 610.771,20 ; 1.128.335,34 ; 6.750.962,03 
PB;CUITE;2505105; 538.220,11 ; 592.042,12 ; 645.864,13 ; 699.686,14 ; 755.395,14 ; 806.849,10 ; 806.849,10 ; 860.639,04 ; 889.115,71 ; 889.114,61 ; 889.114,61 ; 889.114,61 ; 1.642.545,43 ; 10.904.549,85 
PB;CUITE DE MAMANGUAPE;2505238; 134.226,40 ; 147.649,04 ; 161.071,68 ; 174.494,32 ; 188.318,61 ; 201.145,99 ; 201.145,99 ; 214.555,72 ; 216.294,45 ; 216.294,19 ; 216.294,19 ; 216.294,19 ; 399.580,71 ; 2.687.365,48 
PB;CUITEGI;2505204; 149.157,86 ; 164.073,65 ; 178.989,44 ; 193.905,22 ; 209.306,73 ; 223.563,72 ; 223.563,72 ; 238.467,97 ; 249.295,47 ; 249.295,16 ; 249.295,16 ; 249.295,16 ; 460.546,54 ; 3.038.755,80 
PB;CURRAL DE CIMA;2505279; 220.584,18 ; 242.642,60 ; 264.701,02 ; 286.759,43 ; 309.571,51 ; 330.658,07 ; 330.658,07 ; 352.701,94 ; 354.897,31 ; 354.896,87 ; 354.896,87 ; 354.896,87 ; 655.634,53 ; 4.413.499,27 
PB;CURRAL VELHO;2505303; 41.238,90 ; 45.362,79 ; 49.486,68 ; 53.610,57 ; 57.854,74 ; 61.795,53 ; 61.795,53 ; 65.915,23 ; 66.415,57 ; 66.415,49 ; 66.415,49 ; 66.415,49 ; 122.695,63 ; 825.417,64 
PB;DAMIAO;2505352; 113.646,19 ; 125.010,81 ; 136.375,43 ; 147.740,05 ; 159.470,15 ; 170.332,51 ; 170.332,51 ; 181.688,01 ; 192.295,85 ; 192.295,61 ; 192.295,61 ; 192.295,61 ; 355.245,87 ; 2.329.024,21 
PB;DESTERRO;2505402; 118.177,83 ; 129.995,62 ; 141.813,40 ; 153.631,18 ; 165.822,86 ; 177.117,93 ; 177.117,93 ; 188.925,79 ; 189.808,16 ; 189.807,92 ; 189.807,92 ; 189.807,92 ; 350.650,14 ; 2.362.484,60 
PB;DIAMANTE;2505600; 184.640,73 ; 203.104,80 ; 221.568,88 ; 240.032,95 ; 259.154,43 ; 276.806,81 ; 276.806,81 ; 295.260,59 ; 304.601,10 ; 304.600,72 ; 304.600,72 ; 304.600,72 ; 562.717,71 ; 3.738.496,97 
PB;DONA INES;2505709; 242.362,97 ; 266.599,27 ; 290.835,56 ; 315.071,86 ; 340.104,76 ; 363.271,09 ; 363.271,09 ; 387.489,17 ; 398.628,92 ; 398.628,42 ; 398.628,42 ; 398.628,42 ; 736.423,99 ; 4.899.943,94 
PB;DUAS ESTRADAS;2505808; 8.567,71 ; 9.424,48 ; 10.281,25 ; 11.138,02 ; 11.974,53 ; 12.790,18 ; 12.790,18 ; 13.642,86 ; 15.208,27 ; 15.208,25 ; 15.208,25 ; 15.208,25 ; 28.095,66 ; 179.537,89 
PB;EMAS;2505907; 24.152,44 ; 26.567,68 ; 28.982,93 ; 31.398,17 ; 33.861,54 ; 36.168,03 ; 36.168,03 ; 38.579,23 ; 42.807,75 ; 42.807,69 ; 42.807,69 ; 42.807,69 ; 79.082,74 ; 506.191,61 
PB;ESPERANCA;2506004; 1.001.295,42 ; 1.101.424,96 ; 1.201.554,50 ; 1.301.684,04 ; 1.405.255,04 ; 1.500.974,40 ; 1.500.974,40 ; 1.601.039,36 ; 1.693.408,05 ; 1.693.405,96 ; 1.693.405,96 ; 1.693.405,96 ; 3.128.388,80 ; 20.516.216,85 
PB;FAGUNDES;2506103; 95.326,14 ; 104.858,75 ; 114.391,36 ; 123.923,98 ; 133.706,81 ; 142.814,29 ; 142.814,29 ; 152.335,24 ; 169.880,42 ; 169.880,21 ; 169.880,21 ; 169.880,21 ; 313.835,77 ; 2.003.527,68 
PB;FREI MARTINHO;2506202; 16.735,88 ; 18.409,47 ; 20.083,06 ; 21.756,65 ; 23.461,87 ; 25.059,98 ; 25.059,98 ; 26.730,65 ; 27.744,91 ; 27.744,88 ; 27.744,88 ; 27.744,88 ; 51.255,77 ; 339.532,86 
PB;GADO BRAVO;2506251; 580.746,61 ; 638.821,27 ; 696.895,93 ; 754.970,59 ; 815.134,28 ; 870.657,39 ; 870.657,39 ; 928.701,22 ; 932.281,65 ; 932.280,50 ; 932.280,50 ; 932.280,50 ; 1.722.289,82 ; 11.607.997,65 
PB;GUARABIRA;2506301; 892.905,43 ; 982.195,97 ; 1.071.486,51 ; 1.160.777,06 ; 1.253.072,14 ; 1.338.425,52 ; 1.338.425,52 ; 1.427.653,88 ; 1.473.790,38 ; 1.473.788,55 ; 1.473.788,55 ; 1.473.788,55 ; 2.722.668,83 ; 18.082.766,89 
PB;GURINHEM;2506400; 725.191,93 ; 797.711,13 ; 870.230,32 ; 942.749,51 ; 1.017.851,46 ; 1.087.182,71 ; 1.087.182,71 ; 1.159.661,56 ; 1.185.070,24 ; 1.185.068,77 ; 1.185.068,77 ; 1.185.068,77 ; 2.189.289,50 ; 14.617.327,38 
PB;GURJAO;2506509; 63.441,70 ; 69.785,88 ; 76.130,05 ; 82.474,22 ; 89.013,69 ; 95.076,88 ; 95.076,88 ; 101.415,34 ; 110.866,72 ; 110.866,58 ; 110.866,58 ; 110.866,58 ; 204.814,36 ; 1.320.695,46 
PB;IBIARA;2506608; 109.182,94 ; 120.101,24 ; 131.019,53 ; 141.937,82 ; 153.223,14 ; 163.659,99 ; 163.659,99 ; 174.570,65 ; 181.758,57 ; 181.758,35 ; 181.758,35 ; 181.758,35 ; 335.779,39 ; 2.220.168,31 
PB;IGARACY;2502607; 82.929,60 ; 91.222,56 ; 99.515,52 ; 107.808,48 ; 116.360,35 ; 124.286,27 ; 124.286,27 ; 132.572,02 ; 140.902,25 ; 140.902,07 ; 140.902,07 ; 140.902,07 ; 260.301,76 ; 1.702.891,29 
PB;IMACULADA;2506707; 112.467,19 ; 123.713,91 ; 134.960,63 ; 146.207,35 ; 157.771,24 ; 168.517,88 ; 168.517,88 ; 179.752,40 ; 189.916,76 ; 189.916,52 ; 189.916,52 ; 189.916,52 ; 350.850,76 ; 2.302.425,56 
PB;INGA;2506806; 492.184,96 ; 541.403,46 ; 590.621,95 ; 639.840,45 ; 690.738,68 ; 737.788,55 ; 737.788,55 ; 786.974,46 ; 795.087,01 ; 795.086,02 ; 795.086,02 ; 795.086,02 ; 1.468.837,51 ; 9.866.523,64 
PB;ITABAIANA;2506905; 424.895,07 ; 467.384,57 ; 509.874,08 ; 552.363,58 ; 596.326,74 ; 636.945,72 ; 636.945,72 ; 679.408,76 ; 694.774,56 ; 694.773,70 ; 694.773,70 ; 694.773,70 ; 1.283.521,08 ; 8.566.760,98 
PB;ITAPORANGA;2507002; 299.844,00 ; 329.828,40 ; 359.812,80 ; 389.797,20 ; 420.771,92 ; 449.432,93 ; 449.432,93 ; 479.395,12 ; 500.129,61 ; 500.128,99 ; 500.128,99 ; 500.128,99 ; 923.935,60 ; 6.102.767,48 
PB;ITAPOROROCA;2507101; 352.211,29 ; 387.432,43 ; 422.653,56 ; 457.874,69 ; 494.197,62 ; 527.860,03 ; 527.860,03 ; 563.050,70 ; 572.961,37 ; 572.960,66 ; 572.960,66 ; 572.960,66 ; 1.058.484,32 ; 7.083.468,02 
PB;ITATUBA;2507200; 123.913,76 ; 136.305,14 ; 148.696,52 ; 161.087,90 ; 173.841,27 ; 185.682,51 ; 185.682,51 ; 198.061,35 ; 209.644,50 ; 209.644,24 ; 209.644,24 ; 209.644,24 ; 387.295,63 ; 2.539.143,81 
PB;JACARAU;2507309; 391.063,96 ; 430.170,35 ; 469.276,75 ; 508.383,14 ; 548.768,79 ; 586.148,34 ; 586.148,34 ; 625.224,90 ; 634.114,14 ; 634.113,35 ; 634.113,35 ; 634.113,35 ; 1.171.457,50 ; 7.853.096,26 
PB;JERICO;2507408; 197.262,69 ; 216.988,96 ; 236.715,22 ; 256.441,49 ; 276.828,04 ; 295.684,27 ; 295.684,27 ; 315.396,55 ; 316.774,58 ; 316.774,19 ; 316.774,19 ; 316.774,19 ; 585.206,90 ; 3.943.305,54 
PB;JOCA CLAUDINO;2513653; 194.054,96 ; 213.460,46 ; 232.865,96 ; 252.271,45 ; 272.354,03 ; 290.905,50 ; 290.905,50 ; 310.299,20 ; 311.412,39 ; 311.412,00 ; 311.412,00 ; 311.412,00 ; 575.300,84 ; 3.878.066,29 
PB;JUAREZ TAVORA;2507606; 186.669,50 ; 205.336,45 ; 224.003,40 ; 242.670,36 ; 261.966,67 ; 279.810,61 ; 279.810,61 ; 298.464,65 ; 313.330,88 ; 313.330,49 ; 313.330,49 ; 313.330,49 ; 578.845,07 ; 3.810.899,67 
PB;JUAZEIRINHO;2507705; 329.610,14 ; 362.571,16 ; 395.532,18 ; 428.493,19 ; 462.512,14 ; 494.016,29 ; 494.016,29 ; 526.950,71 ; 543.934,09 ; 543.933,42 ; 543.933,42 ; 543.933,42 ; 1.004.859,57 ; 6.674.296,02 
PB;JUNCO DO SERIDO;2507804; 128.602,08 ; 141.462,29 ; 154.322,50 ; 167.182,71 ; 180.461,99 ; 192.754,21 ; 192.754,21 ; 205.604,49 ; 206.401,97 ; 206.401,71 ; 206.401,71 ; 206.401,71 ; 381.305,43 ; 2.570.057,01 
PB;JURIPIRANGA;2507903; 248.178,45 ; 272.996,30 ; 297.814,14 ; 322.631,99 ; 348.259,65 ; 371.981,46 ; 371.981,46 ; 396.780,22 ; 397.981,22 ; 397.980,73 ; 397.980,73 ; 397.980,73 ; 735.227,43 ; 4.957.774,51 
PB;JURU;2508000; 200.626,62 ; 220.689,28 ; 240.751,94 ; 260.814,60 ; 281.539,45 ; 300.716,60 ; 300.716,60 ; 320.764,37 ; 334.797,07 ; 334.796,66 ; 334.796,66 ; 334.796,66 ; 618.501,52 ; 4.084.308,03 
PB;LAGOA DE DENTRO;2508208; 226.936,99 ; 249.630,69 ; 272.324,39 ; 295.018,09 ; 318.465,12 ; 340.157,46 ; 340.157,46 ; 362.834,63 ; 383.402,72 ; 383.402,24 ; 383.402,24 ; 383.402,24 ; 708.295,24 ; 4.647.429,51 
PB;LAGOA SECA;2508307; 931.286,54 ; 1.024.415,20 ; 1.117.543,85 ; 1.210.672,50 ; 1.307.103,00 ; 1.396.136,71 ; 1.396.136,71 ; 1.489.212,49 ; 1.516.849,49 ; 1.516.847,61 ; 1.516.847,61 ; 1.516.847,61 ; 2.802.215,91 ; 18.742.115,23 
PB;LASTRO;2508406; 50.237,28 ; 55.261,01 ; 60.284,74 ; 65.308,47 ; 70.473,85 ; 75.274,19 ; 75.274,19 ; 80.292,47 ; 82.423,14 ; 82.423,04 ; 82.423,04 ; 82.423,04 ; 152.267,90 ; 1.014.366,36 
PB;LIVRAMENTO;2508505; 157.713,56 ; 173.484,92 ; 189.256,27 ; 205.027,63 ; 221.319,75 ; 236.395,01 ; 236.395,01 ; 252.154,68 ; 263.329,82 ; 263.329,49 ; 263.329,49 ; 263.329,49 ; 486.473,48 ; 3.211.538,60 
PB;LOGRADOURO;2508554; 161.242,78 ; 177.367,06 ; 193.491,33 ; 209.615,61 ; 226.293,52 ; 241.707,57 ; 241.707,57 ; 257.821,40 ; 258.710,78 ; 258.710,46 ; 258.710,46 ; 258.710,46 ; 477.940,28 ; 3.222.029,28 
PB;LUCENA;2508604; 384.373,16 ; 422.810,47 ; 461.247,79 ; 499.685,11 ; 539.436,26 ; 576.180,12 ; 576.180,12 ; 614.592,12 ; 639.793,44 ; 639.792,65 ; 639.792,65 ; 639.792,65 ; 1.181.949,40 ; 7.815.625,94 
PB;MAE DAGUA;2508703; 13.587,13 ; 14.945,84 ; 16.304,55 ; 17.663,27 ; 19.029,03 ; 20.325,20 ; 20.325,20 ; 21.680,21 ; 22.309,56 ; 22.309,54 ; 22.309,54 ; 22.309,54 ; 41.214,53 ; 274.313,14 
PB;MALTA;2508802; 183.665,89 ; 202.032,48 ; 220.399,07 ; 238.765,66 ; 257.763,97 ; 275.321,64 ; 275.321,64 ; 293.676,41 ; 299.305,33 ; 299.304,96 ; 299.304,96 ; 299.304,96 ; 552.934,36 ; 3.697.101,33 
PB;MAMANGUAPE;2508901; 801.585,25 ; 881.743,78 ; 961.902,30 ; 1.042.060,82 ; 1.124.926,79 ; 1.201.551,51 ; 1.201.551,51 ; 1.281.654,94 ; 1.328.966,59 ; 1.328.964,95 ; 1.328.964,95 ; 1.328.964,95 ; 2.455.122,50 ; 16.267.960,84 
PB;MANAIRA;2509008; 254.262,90 ; 279.689,19 ; 305.115,48 ; 330.541,77 ; 356.832,84 ; 381.138,61 ; 381.138,61 ; 406.547,85 ; 411.851,53 ; 411.851,02 ; 411.851,02 ; 411.851,02 ; 760.851,31 ; 5.103.523,15 
PB;MARCACAO;2509057; 315.334,79 ; 346.868,27 ; 378.401,75 ; 409.935,23 ; 442.546,08 ; 472.690,24 ; 472.690,24 ; 504.202,94 ; 505.921,09 ; 505.920,46 ; 505.920,46 ; 505.920,46 ; 934.634,70 ; 6.300.986,71 
PB;MARI;2509107; 396.263,56 ; 435.889,91 ; 475.516,27 ; 515.142,62 ; 556.019,36 ; 593.892,78 ; 593.892,78 ; 633.485,63 ; 658.875,20 ; 658.874,39 ; 658.874,39 ; 658.874,39 ; 1.217.200,88 ; 8.052.802,16 
PB;MARIZOPOLIS;2509156; 360.912,69 ; 397.003,96 ; 433.095,22 ; 469.186,49 ; 506.563,78 ; 541.068,52 ; 541.068,52 ; 577.139,75 ; 579.316,28 ; 579.315,56 ; 579.315,56 ; 579.315,56 ; 1.070.224,35 ; 7.213.526,24 
PB;MASSARANDUBA;2509206; 412.430,74 ; 453.673,81 ; 494.916,88 ; 536.159,96 ; 578.851,73 ; 618.280,39 ; 618.280,39 ; 659.499,08 ; 682.422,93 ; 682.422,09 ; 682.422,09 ; 682.422,09 ; 1.260.702,76 ; 8.362.484,94 
PB;MATARACA;2509305; 361.805,99 ; 397.986,59 ; 434.167,19 ; 470.347,79 ; 507.776,65 ; 542.364,00 ; 542.364,00 ; 578.521,60 ; 593.661,29 ; 593.660,55 ; 593.660,55 ; 593.660,55 ; 1.096.725,21 ; 7.306.701,96 
PB;MATINHAS;2509339; 131.911,95 ; 145.103,14 ; 158.294,34 ; 171.485,53 ; 185.122,00 ; 197.731,64 ; 197.731,64 ; 210.913,75 ; 211.610,97 ; 211.610,71 ; 211.610,71 ; 211.610,71 ; 390.928,47 ; 2.635.665,56 
PB;MATO GROSSO;2509370; 77.759,79 ; 85.535,77 ; 93.311,75 ; 101.087,73 ; 109.096,93 ; 116.528,10 ; 116.528,10 ; 124.296,64 ; 124.591,53 ; 124.591,38 ; 124.591,38 ; 124.591,38 ; 230.169,44 ; 1.552.679,92 
PB;MATUREIA;2509396; 197.317,02 ; 217.048,72 ; 236.780,42 ; 256.512,12 ; 276.917,21 ; 295.779,50 ; 295.779,50 ; 315.498,14 ; 316.570,18 ; 316.569,79 ; 316.569,79 ; 316.569,79 ; 584.829,33 ; 3.942.741,51 
PB;MOGEIRO;2509404; 534.043,05 ; 587.447,35 ; 640.851,65 ; 694.255,96 ; 749.535,65 ; 800.590,49 ; 800.590,49 ; 853.963,19 ; 877.503,45 ; 877.502,37 ; 877.502,37 ; 877.502,37 ; 1.621.093,01 ; 10.792.381,40 
PB;MONTADAS;2509503; 246.361,16 ; 270.997,27 ; 295.633,39 ; 320.269,51 ; 345.777,24 ; 369.329,96 ; 369.329,96 ; 393.951,96 ; 403.324,98 ; 403.324,48 ; 403.324,48 ; 403.324,48 ; 745.099,43 ; 4.970.048,30 
PB;MONTE HOREBE;2509602; 31.514,10 ; 34.665,51 ; 37.816,92 ; 40.968,33 ; 44.144,45 ; 47.151,36 ; 47.151,36 ; 50.294,79 ; 52.105,57 ; 52.105,51 ; 52.105,51 ; 52.105,51 ; 96.259,45 ; 638.388,37 
PB;MONTEIRO;2509701; 834.388,48 ; 917.827,33 ; 1.001.266,17 ; 1.084.705,02 ; 1.171.025,79 ; 1.250.790,56 ; 1.250.790,56 ; 1.334.176,60 ; 1.364.416,92 ; 1.364.415,23 ; 1.364.415,23 ; 1.364.415,23 ; 2.520.613,18 ; 16.823.246,30 
PB;MULUNGU;2509800; 412.090,52 ; 453.299,57 ; 494.508,62 ; 535.717,67 ; 578.410,82 ; 617.809,44 ; 617.809,44 ; 658.996,74 ; 664.616,49 ; 664.615,67 ; 664.615,67 ; 664.615,67 ; 1.227.807,30 ; 8.254.913,62 
PB;NATUBA;2509909; 367.683,33 ; 404.451,66 ; 441.220,00 ; 477.988,33 ; 516.032,41 ; 551.182,11 ; 551.182,11 ; 587.927,58 ; 592.451,31 ; 592.450,58 ; 592.450,58 ; 592.450,58 ; 1.094.489,92 ; 7.361.960,50 
PB;NAZAREZINHO;2510006; 45.450,69 ; 49.995,76 ; 54.540,83 ; 59.085,90 ; 63.725,15 ; 68.065,81 ; 68.065,81 ; 72.603,53 ; 79.156,96 ; 79.156,86 ; 79.156,86 ; 79.156,86 ; 146.234,00 ; 944.395,02 
PB;NOVA FLORESTA;2510105; 245.422,72 ; 269.964,99 ; 294.507,26 ; 319.049,54 ; 344.439,91 ; 367.901,53 ; 367.901,53 ; 392.428,30 ; 400.043,20 ; 400.042,70 ; 400.042,70 ; 400.042,70 ; 739.036,73 ; 4.940.823,81 
PB;NOVA OLINDA;2510204; 143.224,81 ; 157.547,29 ; 171.869,77 ; 186.192,25 ; 200.983,63 ; 214.673,68 ; 214.673,68 ; 228.985,26 ; 232.720,97 ; 232.720,68 ; 232.720,68 ; 232.720,68 ; 429.926,92 ; 2.878.960,30 
PB;OLHO DAGUA;2510402; 135.760,89 ; 149.336,98 ; 162.913,07 ; 176.489,16 ; 190.521,25 ; 203.498,66 ; 203.498,66 ; 217.065,24 ; 218.316,15 ; 218.315,88 ; 218.315,88 ; 218.315,88 ; 403.315,58 ; 2.715.663,28 
PB;OLIVEDOS;2510501; 81.979,33 ; 90.177,27 ; 98.375,20 ; 106.573,14 ; 115.033,93 ; 122.869,50 ; 122.869,50 ; 131.060,80 ; 133.885,19 ; 133.885,02 ; 133.885,02 ; 133.885,02 ; 247.338,50 ; 1.651.817,42 
PB;PASSAGEM;2510709; 89.112,69 ; 98.023,96 ; 106.935,22 ; 115.846,49 ; 125.063,63 ; 133.582,38 ; 133.582,38 ; 142.487,87 ; 142.978,98 ; 142.978,81 ; 142.978,81 ; 142.978,81 ; 264.138,29 ; 1.780.688,32 
PB;PATOS;2510808; 1.873.462,11 ; 2.060.808,33 ; 2.248.154,54 ; 2.435.500,75 ; 2.629.293,56 ; 2.808.388,66 ; 2.808.388,66 ; 2.995.614,57 ; 3.026.629,31 ; 3.026.625,56 ; 3.026.625,56 ; 3.026.625,56 ; 5.591.371,38 ; 37.557.488,55 
PB;PAULISTA;2510907; 244.318,21 ; 268.750,03 ; 293.181,85 ; 317.613,67 ; 342.796,07 ; 366.145,73 ; 366.145,73 ; 390.555,44 ; 401.093,90 ; 401.093,41 ; 401.093,41 ; 401.093,41 ; 740.977,78 ; 4.934.858,64 
PB;PEDRA BRANCA;2511004; 126.883,73 ; 139.572,11 ; 152.260,48 ; 164.948,85 ; 178.072,88 ; 190.202,37 ; 190.202,37 ; 202.882,53 ; 203.939,28 ; 203.939,03 ; 203.939,03 ; 203.939,03 ; 376.755,88 ; 2.537.537,57 
PB;PEDRA LAVRADA;2511103; 172.348,91 ; 189.583,81 ; 206.818,70 ; 224.053,59 ; 241.842,23 ; 258.315,39 ; 258.315,39 ; 275.536,41 ; 277.599,68 ; 277.599,34 ; 277.599,34 ; 277.599,34 ; 512.835,50 ; 3.450.047,63 
PB;PEDRAS DE FOGO;2511202; 668.532,93 ; 735.386,22 ; 802.239,52 ; 869.092,81 ; 938.099,76 ; 1.001.998,70 ; 1.001.998,70 ; 1.068.798,62 ; 1.107.321,43 ; 1.107.320,06 ; 1.107.320,06 ; 1.107.320,06 ; 2.045.656,94 ; 13.561.085,81 
PB;PEDRO REGIS;2512721; 161.025,57 ; 177.128,13 ; 193.230,69 ; 209.333,25 ; 225.981,69 ; 241.374,50 ; 241.374,50 ; 257.466,14 ; 266.866,75 ; 266.866,42 ; 266.866,42 ; 266.866,42 ; 493.007,61 ; 3.267.388,09 
PB;PIANCO;2511301; 325.835,84 ; 358.419,42 ; 391.003,01 ; 423.586,59 ; 457.333,18 ; 488.484,57 ; 488.484,57 ; 521.050,21 ; 523.807,54 ; 523.806,89 ; 523.806,89 ; 523.806,89 ; 967.677,92 ; 6.517.103,52 
PB;PICUI;2511400; 444.293,68 ; 488.723,05 ; 533.152,42 ; 577.581,79 ; 623.499,51 ; 665.969,36 ; 665.969,36 ; 710.367,31 ; 729.025,53 ; 729.024,62 ; 729.024,62 ; 729.024,62 ; 1.346.796,05 ; 8.972.451,92 
PB;PILAR;2511509; 538.552,04 ; 592.407,25 ; 646.262,45 ; 700.117,66 ; 755.909,58 ; 807.398,58 ; 807.398,58 ; 861.225,16 ; 893.219,34 ; 893.218,24 ; 893.218,24 ; 893.218,24 ; 1.650.126,42 ; 10.932.271,78 
PB;PILOES;2511608; 281.176,46 ; 309.294,11 ; 337.411,75 ; 365.529,40 ; 394.633,17 ; 421.513,73 ; 421.513,73 ; 449.614,64 ; 459.951,72 ; 459.951,15 ; 459.951,15 ; 459.951,15 ; 849.711,28 ; 5.670.203,44 
PB;PILOEZINHOS;2511707; 108.838,25 ; 119.722,08 ; 130.605,90 ; 141.489,73 ; 152.720,45 ; 163.123,04 ; 163.123,04 ; 173.997,91 ; 183.822,55 ; 183.822,33 ; 183.822,33 ; 183.822,33 ; 339.592,38 ; 2.228.502,32 
PB;PIRPIRITUBA;2511806; 190.551,61 ; 209.606,77 ; 228.661,93 ; 247.717,10 ; 267.418,44 ; 285.633,72 ; 285.633,72 ; 304.675,97 ; 311.227,35 ; 311.226,96 ; 311.226,96 ; 311.226,96 ; 574.959,01 ; 3.839.766,50 
PB;PITIMBU;2511905; 196.644,73 ; 216.309,20 ; 235.973,68 ; 255.638,15 ; 275.813,67 ; 294.600,80 ; 294.600,80 ; 314.240,86 ; 333.817,97 ; 333.817,55 ; 333.817,55 ; 333.817,55 ; 616.692,74 ; 4.035.785,25 
PB;POCINHOS;2512002; 733.504,31 ; 806.854,74 ; 880.205,17 ; 953.555,60 ; 1.029.467,39 ; 1.099.589,86 ; 1.099.589,86 ; 1.172.895,85 ; 1.184.493,48 ; 1.184.492,02 ; 1.184.492,02 ; 1.184.492,02 ; 2.188.223,99 ; 14.701.856,31 
PB;POCO DANTAS;2512036; 104.757,55 ; 115.233,30 ; 125.709,06 ; 136.184,81 ; 146.963,91 ; 156.974,40 ; 156.974,40 ; 167.439,36 ; 171.298,47 ; 171.298,26 ; 171.298,26 ; 171.298,26 ; 316.455,48 ; 2.111.885,52 
PB;POCO DE JOSE DE MOURA;2512077; 462.963,43 ; 509.259,77 ; 555.556,11 ; 601.852,45 ; 649.817,53 ; 694.080,05 ; 694.080,05 ; 740.352,05 ; 743.219,79 ; 743.218,87 ; 743.218,87 ; 743.218,87 ; 1.373.018,42 ; 9.253.856,26 
PB;POMBAL;2512101; 1.010.561,29 ; 1.111.617,42 ; 1.212.673,55 ; 1.313.729,67 ; 1.418.344,51 ; 1.514.955,47 ; 1.514.955,47 ; 1.615.952,50 ; 1.656.183,08 ; 1.656.181,03 ; 1.656.181,03 ; 1.656.181,03 ; 3.059.619,71 ; 20.397.135,76 
PB;PRATA;2512200; 31.515,60 ; 34.667,16 ; 37.818,73 ; 40.970,29 ; 44.194,82 ; 47.205,17 ; 47.205,17 ; 50.352,18 ; 55.445,68 ; 55.445,61 ; 55.445,61 ; 55.445,61 ; 102.429,93 ; 658.141,56 
PB;PRINCESA ISABEL;2512309; 363.256,78 ; 399.582,46 ; 435.908,14 ; 472.233,81 ; 509.783,39 ; 544.507,44 ; 544.507,44 ; 580.807,94 ; 597.929,61 ; 597.928,87 ; 597.928,87 ; 597.928,87 ; 1.104.610,49 ; 7.346.914,11 
PB;PUXINANA;2512408; 957.315,85 ; 1.053.047,44 ; 1.148.779,02 ; 1.244.510,60 ; 1.343.705,57 ; 1.435.232,47 ; 1.435.232,47 ; 1.530.914,64 ; 1.537.507,96 ; 1.537.506,05 ; 1.537.506,05 ; 1.537.506,05 ; 2.840.380,19 ; 19.139.144,36 
PB;QUEIMADAS;2512507; 1.901.172,28 ; 2.091.289,50 ; 2.281.406,73 ; 2.471.523,96 ; 2.668.379,21 ; 2.850.136,65 ; 2.850.136,65 ; 3.040.145,76 ; 3.145.660,95 ; 3.145.657,05 ; 3.145.657,05 ; 3.145.657,05 ; 5.811.269,49 ; 38.548.092,33 
PB;REMIGIO;2512705; 525.014,68 ; 577.516,14 ; 630.017,61 ; 682.519,08 ; 736.846,51 ; 787.037,03 ; 787.037,03 ; 839.506,16 ; 874.419,93 ; 874.418,85 ; 874.418,85 ; 874.418,85 ; 1.615.396,55 ; 10.678.567,27 
PB;RIACHAO;2512747; 8.442,44 ; 9.286,68 ; 10.130,93 ; 10.975,17 ; 11.802,73 ; 12.606,68 ; 12.606,68 ; 13.447,12 ; 13.312,42 ; 13.312,40 ; 13.312,40 ; 13.312,40 ; 24.593,30 ; 167.141,35 
PB;RIACHAO DO BACAMARTE;2512754; 165.041,86 ; 181.546,05 ; 198.050,23 ; 214.554,42 ; 231.598,55 ; 247.373,96 ; 247.373,96 ; 263.865,55 ; 289.524,24 ; 289.523,88 ; 289.523,88 ; 289.523,88 ; 534.864,83 ; 3.442.365,29 
PB;RIACHAO DO POCO;2512762; 175.089,33 ; 192.598,26 ; 210.107,19 ; 227.616,12 ; 245.725,56 ; 262.463,23 ; 262.463,23 ; 279.960,77 ; 280.923,86 ; 280.923,51 ; 280.923,51 ; 280.923,51 ; 518.976,59 ; 3.498.694,67 
PB;RIACHO DE SANTO ANTONIO;2512788; 27.762,16 ; 30.538,38 ; 33.314,60 ; 36.090,81 ; 38.934,73 ; 41.586,78 ; 41.586,78 ; 44.359,23 ; 57.273,44 ; 57.273,37 ; 57.273,37 ; 57.273,37 ; 105.806,55 ; 629.073,57 
PB;RIACHO DOS CAVALOS;2512804; 307.735,41 ; 338.508,96 ; 369.282,50 ; 400.056,04 ; 431.879,78 ; 461.297,40 ; 461.297,40 ; 492.050,57 ; 542.488,94 ; 542.488,27 ; 542.488,27 ; 542.488,27 ; 1.002.189,80 ; 6.434.251,61 
PB;RIO TINTO;2512903; 777.895,71 ; 855.685,28 ; 933.474,86 ; 1.011.264,43 ; 1.091.815,05 ; 1.166.184,35 ; 1.166.184,35 ; 1.243.929,97 ; 1.298.066,25 ; 1.298.064,64 ; 1.298.064,64 ; 1.298.064,64 ; 2.398.037,43 ; 15.836.731,60 
PB;SALGADINHO;2513000; 451,96 ; 497,16 ; 542,36 ; 587,55 ; 586,96 ; 626,94 ; 626,94 ; 668,74 ; 7.639,04 ; 7.639,03 ; 7.639,03 ; 7.639,03 ; 14.112,31 ; 49.257,05 
PB;SALGADO DE SAO FELIX;2513109; 257.438,15 ; 283.181,96 ; 308.925,78 ; 334.669,59 ; 361.264,78 ; 385.872,43 ; 385.872,43 ; 411.597,26 ; 419.885,22 ; 419.884,70 ; 419.884,70 ; 419.884,70 ; 775.692,69 ; 5.184.054,39 
PB;SANTA CECILIA;2513158; 200.442,15 ; 220.486,37 ; 240.530,58 ; 260.574,80 ; 281.299,44 ; 300.460,24 ; 300.460,24 ; 320.490,92 ; 321.565,59 ; 321.565,19 ; 321.565,19 ; 321.565,19 ; 594.057,78 ; 4.005.063,68 
PB;SANTA CRUZ;2513208; 30.714,37 ; 33.785,81 ; 36.857,25 ; 39.928,69 ; 43.063,60 ; 45.996,89 ; 45.996,89 ; 49.063,35 ; 53.150,87 ; 53.150,80 ; 53.150,80 ; 53.150,80 ; 98.190,54 ; 636.200,66 
PB;SANTA LUZIA;2513406; 216.163,78 ; 237.780,16 ; 259.396,54 ; 281.012,92 ; 303.331,28 ; 323.992,78 ; 323.992,78 ; 345.592,30 ; 354.909,29 ; 354.908,85 ; 354.908,85 ; 354.908,85 ; 655.656,68 ; 4.366.555,06 
PB;SANTA RITA;2513703; 687.446,31 ; 756.190,94 ; 824.935,57 ; 893.680,20 ; 964.100,10 ; 1.029.770,06 ; 1.029.770,06 ; 1.098.421,40 ; 1.128.080,05 ; 1.128.078,66 ; 1.128.078,66 ; 1.128.078,66 ; 2.084.006,26 ; 13.880.636,93 
PB;SANTANA DE MANGUEIRA;2513505; 189.112,58 ; 208.023,84 ; 226.935,10 ; 245.846,35 ; 265.428,19 ; 283.507,91 ; 283.507,91 ; 302.408,44 ; 303.535,92 ; 303.535,54 ; 303.535,54 ; 303.535,54 ; 560.749,91 ; 3.779.662,77 
PB;SANTANA DOS GARROTES;2513604; 44.065,61 ; 48.472,18 ; 52.878,74 ; 57.285,30 ; 61.774,93 ; 65.982,75 ; 65.982,75 ; 70.381,60 ; 79.304,76 ; 79.304,66 ; 79.304,66 ; 79.304,66 ; 146.507,04 ; 930.549,64 
PB;SANTO ANDRE;2513851; 8.792,81 ; 9.672,09 ; 10.551,37 ; 11.430,65 ; 12.307,19 ; 13.145,50 ; 13.145,50 ; 14.021,87 ; 14.143,44 ; 14.143,42 ; 14.143,42 ; 14.143,42 ; 26.128,51 ; 175.769,19 
PB;SAO BENTINHO;2513927; 72.357,21 ; 79.592,93 ; 86.828,66 ; 94.064,38 ; 101.519,73 ; 108.434,78 ; 108.434,78 ; 115.663,77 ; 115.948,55 ; 115.948,40 ; 115.948,40 ; 115.948,40 ; 214.202,47 ; 1.444.892,46 
PB;SAO BENTO;2513901; 1.236.759,31 ; 1.360.435,25 ; 1.484.111,18 ; 1.607.787,11 ; 1.735.660,25 ; 1.853.885,26 ; 1.853.885,26 ; 1.977.477,61 ; 2.034.593,24 ; 2.034.590,72 ; 2.034.590,72 ; 2.034.590,72 ; 3.758.691,66 ; 25.007.058,29 
PB;SAO DOMINGOS DO CARIRI;2513943; 68.330,54 ; 75.163,60 ; 81.996,65 ; 88.829,71 ; 95.886,61 ; 102.417,95 ; 102.417,95 ; 109.245,81 ; 111.357,34 ; 111.357,20 ; 111.357,20 ; 111.357,20 ; 205.720,70 ; 1.375.438,46 
PB;SAO FRANCISCO;2513984; 160.095,86 ; 176.105,44 ; 192.115,03 ; 208.124,62 ; 224.695,06 ; 240.000,23 ; 240.000,23 ; 256.000,25 ; 256.927,64 ; 256.927,32 ; 256.927,32 ; 256.927,32 ; 474.646,16 ; 3.199.492,48 
PB;SAO JOAO DO CARIRI;2514008; 175.328,22 ; 192.861,04 ; 210.393,87 ; 227.926,69 ; 246.070,97 ; 262.832,17 ; 262.832,17 ; 280.354,31 ; 281.358,94 ; 281.358,59 ; 281.358,59 ; 281.358,59 ; 519.780,36 ; 3.503.814,51 
PB;SAO JOAO DO RIO DO PEIXE;2500700; 112.591,09 ; 123.850,20 ; 135.109,31 ; 146.368,42 ; 157.738,13 ; 168.482,51 ; 168.482,51 ; 179.714,67 ; 179.240,43 ; 179.240,20 ; 179.240,20 ; 179.240,20 ; 331.127,40 ; 2.240.425,27 
PB;SAO JOAO DO TIGRE;2514107; 74.328,75 ; 81.761,63 ; 89.194,51 ; 96.627,38 ; 104.287,57 ; 111.391,15 ; 111.391,15 ; 118.817,22 ; 122.374,04 ; 122.373,89 ; 122.373,89 ; 122.373,89 ; 226.072,86 ; 1.503.367,93 
PB;SAO JOSE DA LAGOA TAPADA;2514206; 236.536,78 ; 260.190,46 ; 283.844,14 ; 307.497,82 ; 331.959,69 ; 354.571,22 ; 354.571,22 ; 378.209,31 ; 379.498,30 ; 379.497,83 ; 379.497,83 ; 379.497,83 ; 701.082,22 ; 4.726.454,65 
PB;SAO JOSE DE CAIANA;2514305; 88.132,64 ; 96.945,90 ; 105.759,16 ; 114.572,43 ; 123.644,96 ; 132.067,07 ; 132.067,07 ; 140.871,55 ; 149.077,74 ; 149.077,56 ; 149.077,56 ; 149.077,56 ; 275.405,08 ; 1.805.776,28 
PB;SAO JOSE DE ESPINHARAS;2514404; 10.909,05 ; 11.999,95 ; 13.090,86 ; 14.181,76 ; 15.271,43 ; 16.311,65 ; 16.311,65 ; 17.399,09 ; 17.305,71 ; 17.305,69 ; 17.305,69 ; 17.305,69 ; 31.970,48 ; 216.668,70 
PB;SAO JOSE DE PIRANHAS;2514503; 269.401,61 ; 296.341,77 ; 323.281,93 ; 350.222,10 ; 377.949,85 ; 403.694,02 ; 403.694,02 ; 430.606,95 ; 434.637,46 ; 434.636,92 ; 434.636,92 ; 434.636,92 ; 802.945,88 ; 5.396.686,35 
PB;SAO JOSE DE PRINCESA;2514552; 68.052,09 ; 74.857,30 ; 81.662,51 ; 88.467,72 ; 95.499,66 ; 102.004,65 ; 102.004,65 ; 108.804,96 ; 116.186,21 ; 116.186,06 ; 116.186,06 ; 116.186,06 ; 214.641,52 ; 1.400.739,45 
PB;SAO JOSE DO BONFIM;2514602; 38.084,39 ; 41.892,83 ; 45.701,27 ; 49.509,71 ; 53.419,14 ; 57.057,80 ; 57.057,80 ; 60.861,65 ; 74.548,63 ; 74.548,53 ; 74.548,53 ; 74.548,53 ; 137.720,59 ; 839.499,40 
PB;SAO JOSE DO BREJO DO CRUZ;2514651; 8.151,07 ; 8.966,17 ; 9.781,28 ; 10.596,39 ; 11.395,43 ; 12.171,64 ; 12.171,64 ; 12.983,08 ; 12.853,24 ; 12.853,23 ; 12.853,23 ; 12.853,23 ; 23.745,00 ; 161.374,63 
PB;SAO JOSE DO SABUGI;2514701; 44.766,72 ; 49.243,39 ; 53.720,06 ; 58.196,73 ; 62.787,41 ; 67.064,20 ; 67.064,20 ; 71.535,14 ; 75.272,81 ; 75.272,71 ; 75.272,71 ; 75.272,71 ; 139.058,44 ; 914.527,23 
PB;SAO JOSE DOS CORDEIROS;2514800; 19.140,99 ; 21.055,09 ; 22.969,19 ; 24.883,29 ; 26.831,58 ; 28.659,22 ; 28.659,22 ; 30.569,83 ; 30.550,28 ; 30.550,24 ; 30.550,24 ; 30.550,24 ; 56.438,40 ; 381.407,81 
PB;SAO JOSE DOS RAMOS;2514453; 200.573,85 ; 220.631,24 ; 240.688,62 ; 260.746,01 ; 281.472,31 ; 300.644,88 ; 300.644,88 ; 320.687,87 ; 329.183,98 ; 329.183,57 ; 329.183,57 ; 329.183,57 ; 608.131,93 ; 4.050.956,28 
PB;SAO MAMEDE;2514909; 151.766,48 ; 166.943,13 ; 182.119,78 ; 197.296,42 ; 212.977,55 ; 227.484,58 ; 227.484,58 ; 242.650,22 ; 251.047,46 ; 251.047,15 ; 251.047,15 ; 251.047,15 ; 463.783,13 ; 3.076.694,78 
PB;SAO MIGUEL DE TAIPU;2515005; 186.062,49 ; 204.668,73 ; 223.274,98 ; 241.881,23 ; 261.099,26 ; 278.884,11 ; 278.884,11 ; 297.476,39 ; 322.144,95 ; 322.144,55 ; 322.144,55 ; 322.144,55 ; 595.128,10 ; 3.855.938,00 
PB;SAO SEBASTIAO DE LAGOA DE ROCA;2515104; 183.486,34 ; 201.834,97 ; 220.183,60 ; 238.532,24 ; 257.482,47 ; 275.020,96 ; 275.020,96 ; 293.355,69 ; 325.003,92 ; 325.003,51 ; 325.003,51 ; 325.003,51 ; 600.409,74 ; 3.845.341,42 
PB;SAO SEBASTIAO DO UMBUZEIRO;2515203; 65.819,10 ; 72.401,01 ; 78.982,92 ; 85.564,83 ; 92.351,16 ; 98.641,69 ; 98.641,69 ; 105.217,80 ; 116.366,42 ; 116.366,28 ; 116.366,28 ; 116.366,28 ; 214.974,43 ; 1.378.059,89 
PB;SAO VICENTE DO SERIDO;2515401; 395.278,06 ; 434.805,86 ; 474.333,67 ; 513.861,47 ; 554.787,73 ; 592.577,26 ; 592.577,26 ; 632.082,41 ; 636.789,99 ; 636.789,20 ; 636.789,20 ; 636.789,20 ; 1.176.400,85 ; 7.913.862,16 
PB;SAPE;2515302; 937.433,63 ; 1.031.176,99 ; 1.124.920,35 ; 1.218.663,71 ; 1.315.568,20 ; 1.405.178,52 ; 1.405.178,52 ; 1.498.857,09 ; 1.576.957,07 ; 1.576.955,11 ; 1.576.955,11 ; 1.576.955,11 ; 2.913.258,17 ; 19.158.057,58 
PB;SERRA BRANCA;2515500; 77.158,39 ; 84.874,23 ; 92.590,07 ; 100.305,91 ; 108.223,16 ; 115.594,81 ; 115.594,81 ; 123.301,13 ; 127.539,22 ; 127.539,07 ; 127.539,07 ; 127.539,07 ; 235.614,99 ; 1.563.413,93 
PB;SERRA DA RAIZ;2515609; 107.607,43 ; 118.368,18 ; 129.128,92 ; 139.889,67 ; 151.010,30 ; 161.296,41 ; 161.296,41 ; 172.049,51 ; 172.605,02 ; 172.604,81 ; 172.604,81 ; 172.604,81 ; 318.869,20 ; 2.149.935,48 
PB;SERRA GRANDE;2515708; 3.287,62 ; 3.616,39 ; 3.945,15 ; 4.273,91 ; 4.569,41 ; 4.880,65 ; 4.880,65 ; 5.206,03 ; 5.403,23 ; 5.403,22 ; 5.403,22 ; 5.403,22 ; 9.981,93 ; 66.254,63 
PB;SERRA REDONDA;2515807; 222.776,53 ; 245.054,19 ; 267.331,84 ; 289.609,49 ; 312.681,01 ; 333.979,37 ; 333.979,37 ; 356.244,66 ; 357.768,46 ; 357.768,02 ; 357.768,02 ; 357.768,02 ; 660.938,70 ; 4.453.667,68 
PB;SERRARIA;2515906; 96.726,11 ; 106.398,72 ; 116.071,33 ; 125.743,94 ; 135.733,90 ; 144.979,45 ; 144.979,45 ; 154.644,75 ; 156.878,13 ; 156.877,94 ; 156.877,94 ; 156.877,94 ; 289.815,47 ; 1.942.605,07 
PB;SERTAOZINHO;2515930; 137.264,30 ; 150.990,72 ; 164.717,15 ; 178.443,58 ; 192.616,44 ; 205.736,57 ; 205.736,57 ; 219.452,34 ; 231.766,19 ; 231.765,90 ; 231.765,90 ; 231.765,90 ; 428.163,09 ; 2.810.184,65 
PB;SOBRADO;2515971; 342.678,02 ; 376.945,83 ; 411.213,63 ; 445.481,43 ; 480.952,81 ; 513.713,06 ; 513.713,06 ; 547.960,59 ; 549.957,86 ; 549.957,18 ; 549.957,18 ; 549.957,18 ; 1.015.987,81 ; 6.848.475,64 
PB;SOLANEA;2516003; 253.257,19 ; 278.582,91 ; 303.908,63 ; 329.234,35 ; 355.304,15 ; 379.505,80 ; 379.505,80 ; 404.806,19 ; 430.570,40 ; 430.569,86 ; 430.569,86 ; 430.569,86 ; 795.432,44 ; 5.201.817,44 
PB;SOLEDADE;2516102; 373.551,54 ; 410.906,70 ; 448.261,85 ; 485.617,00 ; 524.243,16 ; 559.952,13 ; 559.952,13 ; 597.282,28 ; 602.980,32 ; 602.979,57 ; 602.979,57 ; 602.979,57 ; 1.113.941,11 ; 7.485.626,93 
PB;SOSSEGO;2516151; 101.331,13 ; 111.464,24 ; 121.597,35 ; 131.730,47 ; 142.197,74 ; 151.883,58 ; 151.883,58 ; 162.009,15 ; 162.513,45 ; 162.513,25 ; 162.513,25 ; 162.513,25 ; 300.226,12 ; 2.024.376,56 
PB;SOUSA;2516201; 564.013,79 ; 620.415,16 ; 676.816,54 ; 733.217,92 ; 791.398,21 ; 845.304,53 ; 845.304,53 ; 901.658,16 ; 918.963,28 ; 918.962,14 ; 918.962,14 ; 918.962,14 ; 1.697.685,57 ; 11.351.664,11 
PB;SUME;2516300; 319.923,74 ; 351.916,11 ; 383.908,49 ; 415.900,86 ; 448.965,50 ; 479.546,92 ; 479.546,92 ; 511.516,71 ; 544.093,29 ; 544.092,62 ; 544.092,62 ; 544.092,62 ; 1.005.153,67 ; 6.572.750,07 
PB;TACIMA;2516409; 111.325,75 ; 122.458,33 ; 133.590,90 ; 144.723,48 ; 156.186,24 ; 166.824,91 ; 166.824,91 ; 177.946,57 ; 178.765,41 ; 178.765,19 ; 178.765,19 ; 178.765,19 ; 330.249,83 ; 2.225.191,90 
PB;TAPEROA;2516508; 465.246,17 ; 511.770,79 ; 558.295,41 ; 604.820,02 ; 652.994,59 ; 697.473,51 ; 697.473,51 ; 743.971,74 ; 746.746,41 ; 746.745,48 ; 746.745,48 ; 746.745,48 ; 1.379.533,47 ; 9.298.562,06 
PB;TAVARES;2516607; 239.338,97 ; 263.272,87 ; 287.206,77 ; 311.140,67 ; 335.850,39 ; 358.726,94 ; 358.726,94 ; 382.642,06 ; 383.779,85 ; 383.779,38 ; 383.779,38 ; 383.779,38 ; 708.991,93 ; 4.781.015,53 
PB;TEIXEIRA;2516706; 620.750,18 ; 682.825,20 ; 744.900,22 ; 806.975,24 ; 871.262,41 ; 930.608,71 ; 930.608,71 ; 992.649,29 ; 996.393,91 ; 996.392,68 ; 996.392,68 ; 996.392,68 ; 1.840.730,32 ; 12.406.882,23 
PB;TENORIO;2516755; 11.112,29 ; 12.223,52 ; 13.334,75 ; 14.445,98 ; 15.553,43 ; 16.612,85 ; 16.612,85 ; 17.720,38 ; 17.615,25 ; 17.615,23 ; 17.615,23 ; 17.615,23 ; 32.542,30 ; 220.619,29 
PB;TRIUNFO;2516805; 812.241,29 ; 893.465,42 ; 974.689,55 ; 1.055.913,68 ; 1.140.103,72 ; 1.217.762,22 ; 1.217.762,22 ; 1.298.946,37 ; 1.320.997,91 ; 1.320.996,28 ; 1.320.996,28 ; 1.320.996,28 ; 2.440.401,21 ; 16.335.272,43 
PB;UIRAUNA;2516904; 145.568,63 ; 160.125,49 ; 174.682,35 ; 189.239,22 ; 204.153,17 ; 218.059,12 ; 218.059,12 ; 232.596,39 ; 235.502,74 ; 235.502,45 ; 235.502,45 ; 235.502,45 ; 435.065,96 ; 2.919.559,54 
PB;UMBUZEIRO;2517001; 539.207,00 ; 593.127,69 ; 647.048,39 ; 700.969,09 ; 756.786,65 ; 808.335,39 ; 808.335,39 ; 862.224,42 ; 865.379,08 ; 865.378,01 ; 865.378,01 ; 865.378,01 ; 1.598.694,54 ; 10.776.241,67 
PB;VIEIROPOLIS;2517209; 314.355,54 ; 345.791,09 ; 377.226,65 ; 408.662,20 ; 441.254,17 ; 471.310,33 ; 471.310,33 ; 502.731,03 ; 504.770,82 ; 504.770,20 ; 504.770,20 ; 504.770,20 ; 932.509,70 ; 6.284.232,46 
PB;VISTA SERRANA;2505501; 25.740,50 ; 28.314,55 ; 30.888,60 ; 33.462,65 ; 36.081,72 ; 38.539,44 ; 38.539,44 ; 41.108,74 ; 41.434,94 ; 41.434,89 ; 41.434,89 ; 41.434,89 ; 76.546,62 ; 514.961,87 
PB;ZABELE;2517407; 33.790,37 ; 37.169,40 ; 40.548,44 ; 43.927,48 ; 47.396,84 ; 50.625,29 ; 50.625,29 ; 54.000,31 ; 57.447,26 ; 57.447,18 ; 57.447,18 ; 57.447,18 ; 106.127,65 ; 693.999,87 
PE;ABREU E LIMA;2600054; 358.916,72 ; 394.808,39 ; 430.700,07 ; 466.591,74 ; 503.394,42 ; 537.683,28 ; 537.683,28 ; 573.528,84 ; 574.233,34 ; 574.232,63 ; 574.232,63 ; 574.232,63 ; 1.060.834,18 ; 7.161.072,15 
PE;AFOGADOS DA INGAZEIRA;2600104; 705.752,52 ; 776.327,78 ; 846.903,03 ; 917.478,28 ; 990.342,25 ; 1.057.799,70 ; 1.057.799,70 ; 1.128.319,68 ; 1.188.710,23 ; 1.188.708,76 ; 1.188.708,76 ; 1.188.708,76 ; 2.196.013,98 ; 14.431.573,43 
PE;AFRANIO;2600203; 380.361,30 ; 418.397,43 ; 456.433,56 ; 494.469,69 ; 533.785,70 ; 570.144,67 ; 570.144,67 ; 608.154,32 ; 632.922,28 ; 632.921,50 ; 632.921,50 ; 632.921,50 ; 1.169.255,66 ; 7.732.833,78 
PE;AGRESTINA;2600302; 318.317,26 ; 350.148,98 ; 381.980,71 ; 413.812,43 ; 446.627,82 ; 477.050,01 ; 477.050,01 ; 508.853,35 ; 512.242,77 ; 512.242,14 ; 512.242,14 ; 512.242,14 ; 946.313,34 ; 6.369.123,10 
PE;AGUA PRETA;2600401; 377.468,54 ; 415.215,39 ; 452.962,25 ; 490.709,10 ; 529.656,93 ; 565.734,66 ; 565.734,66 ; 603.450,31 ; 642.612,36 ; 642.611,57 ; 642.611,57 ; 642.611,57 ; 1.187.157,04 ; 7.758.535,95 
PE;AGUAS BELAS;2600500; 829.033,79 ; 911.937,17 ; 994.840,55 ; 1.077.743,93 ; 1.163.409,22 ; 1.242.655,18 ; 1.242.655,18 ; 1.325.498,86 ; 1.333.001,37 ; 1.332.999,72 ; 1.332.999,72 ; 1.332.999,72 ; 2.462.576,31 ; 16.582.350,72 
PE;ALAGOINHA;2600609; 327.837,92 ; 360.621,72 ; 393.405,51 ; 426.189,31 ; 460.076,76 ; 491.415,02 ; 491.415,02 ; 524.176,02 ; 525.897,05 ; 525.896,40 ; 525.896,40 ; 525.896,40 ; 971.538,10 ; 6.550.261,63 
PE;ALIANCA;2600708; 652.328,76 ; 717.561,64 ; 782.794,51 ; 848.027,39 ; 915.437,13 ; 977.792,40 ; 977.792,40 ; 1.042.978,56 ; 1.046.327,02 ; 1.046.325,73 ; 1.046.325,73 ; 1.046.325,73 ; 1.932.976,34 ; 13.032.993,34 
PE;ALTINHO;2600807; 257.084,35 ; 282.792,79 ; 308.501,23 ; 334.209,66 ; 360.753,46 ; 385.326,29 ; 385.326,29 ; 411.014,71 ; 431.421,86 ; 431.421,33 ; 431.421,33 ; 431.421,33 ; 797.005,42 ; 5.247.700,05 
PE;AMARAJI;2600906; 337.433,28 ; 371.176,61 ; 404.919,95 ; 438.663,27 ; 473.522,94 ; 505.777,09 ; 505.777,09 ; 539.495,57 ; 541.189,13 ; 541.188,46 ; 541.188,46 ; 541.188,46 ; 999.788,55 ; 6.741.308,86 
PE;ANGELIM;2601003; 159.720,78 ; 175.692,86 ; 191.664,93 ; 207.637,01 ; 224.102,23 ; 239.367,02 ; 239.367,02 ; 255.324,82 ; 255.986,50 ; 255.986,19 ; 255.986,19 ; 255.986,19 ; 472.907,50 ; 3.189.729,24 
PE;ARACOIABA;2601052; 315.526,65 ; 347.079,31 ; 378.631,98 ; 410.184,65 ; 442.723,48 ; 472.879,72 ; 472.879,72 ; 504.405,04 ; 505.759,68 ; 505.759,06 ; 505.759,06 ; 505.759,06 ; 934.336,53 ; 6.301.683,94 
PE;ARARIPINA;2601102; 1.944.235,56 ; 2.138.659,12 ; 2.333.082,67 ; 2.527.506,23 ; 2.728.612,22 ; 2.914.472,45 ; 2.914.472,45 ; 3.108.770,61 ; 3.119.727,73 ; 3.119.723,87 ; 3.119.723,87 ; 3.119.723,87 ; 5.763.360,69 ; 38.852.071,34 
PE;ARCOVERDE;2601201; 452.741,61 ; 498.015,77 ; 543.289,93 ; 588.564,09 ; 635.072,45 ; 678.330,60 ; 678.330,60 ; 723.552,64 ; 742.954,77 ; 742.953,85 ; 742.953,85 ; 742.953,85 ; 1.372.528,85 ; 9.142.242,86 
PE;BARRA DE GUABIRABA;2601300; 221.133,19 ; 243.246,50 ; 265.359,82 ; 287.473,14 ; 310.308,54 ; 331.445,30 ; 331.445,30 ; 353.541,65 ; 354.613,80 ; 354.613,36 ; 354.613,36 ; 354.613,36 ; 655.110,80 ; 4.417.518,12 
PE;BARREIROS;2601409; 1.220.541,24 ; 1.342.595,37 ; 1.464.649,49 ; 1.586.703,62 ; 1.713.024,53 ; 1.829.707,70 ; 1.829.707,70 ; 1.951.688,21 ; 2.010.632,88 ; 2.010.630,39 ; 2.010.630,39 ; 2.010.630,39 ; 3.714.427,50 ; 24.695.569,41 
PE;BELEM DE MARIA;2601508; 261.002,73 ; 287.103,00 ; 313.203,27 ; 339.303,55 ; 366.273,13 ; 391.221,93 ; 391.221,93 ; 417.303,40 ; 434.259,09 ; 434.258,55 ; 434.258,55 ; 434.258,55 ; 802.246,87 ; 5.305.914,55 
PE;BELEM DO SAO FRANCISCO;2601607; 366.539,83 ; 403.193,82 ; 439.847,80 ; 476.501,78 ; 514.392,17 ; 549.430,14 ; 549.430,14 ; 586.058,82 ; 633.157,03 ; 633.156,25 ; 633.156,25 ; 633.156,25 ; 1.169.689,33 ; 7.587.709,61 
PE;BELO JARDIM;2601706; 1.660.085,90 ; 1.826.094,49 ; 1.992.103,08 ; 2.158.111,67 ; 2.329.809,06 ; 2.488.504,69 ; 2.488.504,69 ; 2.654.405,00 ; 2.685.859,08 ; 2.685.855,76 ; 2.685.855,76 ; 2.685.855,76 ; 4.961.835,12 ; 33.302.880,06 
PE;BETANIA;2601805; 468.642,22 ; 515.506,45 ; 562.370,67 ; 609.234,89 ; 657.742,17 ; 702.544,47 ; 702.544,47 ; 749.380,76 ; 752.100,51 ; 752.099,58 ; 752.099,58 ; 752.099,58 ; 1.389.424,61 ; 9.365.789,96 
PE;BEZERROS;2601904; 830.507,66 ; 913.558,43 ; 996.609,19 ; 1.079.659,96 ; 1.165.475,37 ; 1.244.862,07 ; 1.244.862,07 ; 1.327.852,87 ; 1.370.978,55 ; 1.370.976,86 ; 1.370.976,86 ; 1.370.976,86 ; 2.532.735,06 ; 16.820.031,81 
PE;BODOCO;2602001; 466.639,42 ; 513.303,36 ; 559.967,30 ; 606.631,24 ; 654.734,35 ; 699.331,78 ; 699.331,78 ; 745.953,90 ; 747.880,76 ; 747.879,84 ; 747.879,84 ; 747.879,84 ; 1.381.629,07 ; 9.319.042,48 
PE;BOM CONSELHO;2602100; 735.147,29 ; 808.662,01 ; 882.176,74 ; 955.691,47 ; 1.031.607,23 ; 1.101.875,46 ; 1.101.875,46 ; 1.175.333,82 ; 1.178.900,21 ; 1.178.898,75 ; 1.178.898,75 ; 1.178.898,75 ; 2.177.891,01 ; 14.685.856,95 
PE;BOM JARDIM;2602209; 803.814,30 ; 884.195,73 ; 964.577,16 ; 1.044.958,59 ; 1.128.082,35 ; 1.204.922,01 ; 1.204.922,01 ; 1.285.250,14 ; 1.295.440,81 ; 1.295.439,21 ; 1.295.439,21 ; 1.295.439,21 ; 2.393.187,22 ; 16.095.667,95 
PE;BONITO;2602308; 540.679,77 ; 594.747,75 ; 648.815,73 ; 702.883,70 ; 758.657,40 ; 810.333,57 ; 810.333,57 ; 864.355,81 ; 866.947,16 ; 866.946,09 ; 866.946,09 ; 866.946,09 ; 1.601.591,39 ; 10.800.184,12 
PE;BREJAO;2602407; 391.803,30 ; 430.983,62 ; 470.163,95 ; 509.344,28 ; 549.893,39 ; 587.349,55 ; 587.349,55 ; 626.506,18 ; 628.760,65 ; 628.759,87 ; 628.759,87 ; 628.759,87 ; 1.161.567,52 ; 7.830.001,60 
PE;BREJINHO;2602506; 58.480,12 ; 64.328,13 ; 70.176,14 ; 76.024,16 ; 81.995,15 ; 87.580,28 ; 87.580,28 ; 93.418,96 ; 98.333,13 ; 98.333,01 ; 98.333,01 ; 98.333,01 ; 181.659,90 ; 1.194.575,28 
PE;BREJO DA MADRE DE DEUS;2602605; 874.323,17 ; 961.755,49 ; 1.049.187,81 ; 1.136.620,12 ; 1.226.911,35 ; 1.310.482,78 ; 1.310.482,78 ; 1.397.848,30 ; 1.402.636,93 ; 1.402.635,19 ; 1.402.635,19 ; 1.402.635,19 ; 2.591.220,50 ; 17.469.374,80 
PE;BUENOS AIRES;2602704; 231.747,92 ; 254.922,71 ; 278.097,50 ; 301.272,29 ; 325.207,10 ; 347.358,68 ; 347.358,68 ; 370.515,93 ; 392.421,79 ; 392.421,31 ; 392.421,31 ; 392.421,31 ; 724.956,99 ; 4.751.123,52 
PE;BUIQUE;2602803; 1.076.464,26 ; 1.184.110,69 ; 1.291.757,11 ; 1.399.403,54 ; 1.510.644,14 ; 1.613.542,11 ; 1.613.542,11 ; 1.721.111,58 ; 1.726.644,88 ; 1.726.642,74 ; 1.726.642,74 ; 1.726.642,74 ; 3.189.790,25 ; 21.506.938,89 
PE;CABROBO;2603009; 837.447,50 ; 921.192,25 ; 1.004.937,00 ; 1.088.681,75 ; 1.175.320,90 ; 1.255.378,23 ; 1.255.378,23 ; 1.339.070,11 ; 1.391.922,37 ; 1.391.920,65 ; 1.391.920,65 ; 1.391.920,65 ; 2.571.426,52 ; 17.016.516,81 
PE;CACHOEIRINHA;2603108; 359.668,34 ; 395.635,18 ; 431.602,01 ; 467.568,84 ; 504.764,89 ; 539.147,10 ; 539.147,10 ; 575.090,23 ; 577.051,41 ; 577.050,70 ; 577.050,70 ; 577.050,70 ; 1.066.040,25 ; 7.186.867,45 
PE;CAETES;2603207; 663.546,62 ; 729.901,28 ; 796.255,94 ; 862.610,60 ; 931.199,02 ; 994.627,92 ; 994.627,92 ; 1.060.936,44 ; 1.064.419,70 ; 1.064.418,38 ; 1.064.418,38 ; 1.064.418,38 ; 1.966.400,65 ; 13.257.781,23 
PE;CALCADO;2603306; 58.607,07 ; 64.467,78 ; 70.328,49 ; 76.189,20 ; 82.154,72 ; 87.750,71 ; 87.750,71 ; 93.600,76 ; 93.541,38 ; 93.541,27 ; 93.541,27 ; 93.541,27 ; 172.807,65 ; 1.167.822,28 
PE;CALUMBI;2603405; 227.086,97 ; 249.795,67 ; 272.504,37 ; 295.213,07 ; 318.708,97 ; 340.417,93 ; 340.417,93 ; 363.112,46 ; 377.001,49 ; 377.001,02 ; 377.001,02 ; 377.001,02 ; 696.469,66 ; 4.611.731,58 
PE;CAMOCIM DE SAO FELIX;2603504; 410.137,08 ; 451.150,79 ; 492.164,50 ; 533.178,20 ; 575.603,85 ; 614.811,28 ; 614.811,28 ; 655.798,69 ; 713.053,77 ; 713.052,89 ; 713.052,89 ; 713.052,89 ; 1.317.289,96 ; 8.517.158,07 
PE;CAMUTANGA;2603603; 48.158,61 ; 52.974,47 ; 57.790,33 ; 62.606,19 ; 67.525,13 ; 72.124,62 ; 72.124,62 ; 76.932,93 ; 76.951,41 ; 76.951,31 ; 76.951,31 ; 76.951,31 ; 142.159,45 ; 960.201,69 
PE;CANHOTINHO;2603702; 435.138,78 ; 478.652,66 ; 522.166,53 ; 565.680,41 ; 610.603,87 ; 652.195,33 ; 652.195,33 ; 695.675,02 ; 697.739,91 ; 697.739,05 ; 697.739,05 ; 697.739,05 ; 1.288.999,24 ; 8.692.264,23 
PE;CAPOEIRAS;2603801; 521.902,31 ; 574.092,54 ; 626.282,77 ; 678.473,00 ; 732.450,64 ; 782.341,73 ; 782.341,73 ; 834.497,85 ; 837.358,52 ; 837.357,49 ; 837.357,49 ; 837.357,49 ; 1.546.929,57 ; 10.428.743,13 
PE;CARNAIBA;2603900; 719.411,21 ; 791.352,33 ; 863.293,45 ; 935.234,57 ; 1.009.680,99 ; 1.078.455,71 ; 1.078.455,71 ; 1.150.352,76 ; 1.165.665,78 ; 1.165.664,34 ; 1.165.664,34 ; 1.165.664,34 ; 2.153.441,83 ; 14.442.337,36 
PE;CARPINA;2604007; 697.157,02 ; 766.872,72 ; 836.588,43 ; 906.304,13 ; 978.148,47 ; 1.044.775,34 ; 1.044.775,34 ; 1.114.427,03 ; 1.252.332,01 ; 1.252.330,46 ; 1.252.330,46 ; 1.252.330,46 ; 2.313.548,34 ; 14.711.920,21 
PE;CARUARU;2604106; 5.735.530,71 ; 6.309.083,78 ; 6.882.636,85 ; 7.456.189,92 ; 8.048.476,30 ; 8.596.700,63 ; 8.596.700,63 ; 9.169.814,01 ; 9.211.053,55 ; 9.211.042,14 ; 9.211.042,14 ; 9.211.042,14 ; 17.016.428,52 ; 114.655.741,32 
PE;CASINHAS;2604155; 520.908,11 ; 572.998,92 ; 625.089,73 ; 677.180,54 ; 731.095,37 ; 780.894,15 ; 780.894,15 ; 832.953,76 ; 836.173,49 ; 836.172,46 ; 836.172,46 ; 836.172,46 ; 1.544.740,37 ; 10.411.445,97 
PE;CATENDE;2604205; 668.164,73 ; 734.981,20 ; 801.797,67 ; 868.614,14 ; 937.711,27 ; 1.001.583,75 ; 1.001.583,75 ; 1.068.356,00 ; 1.160.075,00 ; 1.160.073,56 ; 1.160.073,56 ; 1.160.073,56 ; 2.143.113,50 ; 13.866.201,69 
PE;CEDRO;2604304; 244.201,25 ; 268.621,37 ; 293.041,50 ; 317.461,62 ; 342.709,49 ; 366.053,25 ; 366.053,25 ; 390.456,80 ; 391.761,20 ; 391.760,72 ; 391.760,72 ; 391.760,72 ; 723.736,63 ; 4.879.378,52 
PE;CHA DE ALEGRIA;2604403; 337.034,95 ; 370.738,44 ; 404.441,95 ; 438.145,44 ; 473.006,03 ; 505.224,98 ; 505.224,98 ; 538.906,64 ; 540.765,19 ; 540.764,52 ; 540.764,52 ; 540.764,52 ; 999.005,36 ; 6.734.787,52 
PE;CHA GRANDE;2604502; 355.405,94 ; 390.946,53 ; 426.487,12 ; 462.027,72 ; 498.628,20 ; 532.592,40 ; 532.592,40 ; 568.098,56 ; 574.759,83 ; 574.759,12 ; 574.759,12 ; 574.759,12 ; 1.061.806,80 ; 7.127.622,86 
PE;CONDADO;2604601; 435.270,57 ; 478.797,63 ; 522.324,69 ; 565.851,74 ; 610.812,02 ; 652.417,66 ; 652.417,66 ; 695.912,17 ; 698.069,81 ; 698.068,94 ; 698.068,94 ; 698.068,94 ; 1.289.608,70 ; 8.695.689,47 
PE;CORRENTES;2604700; 277.840,97 ; 305.625,07 ; 333.409,16 ; 361.193,26 ; 389.869,82 ; 416.425,92 ; 416.425,92 ; 444.187,65 ; 445.476,09 ; 445.475,54 ; 445.475,54 ; 445.475,54 ; 822.969,07 ; 5.549.849,55 
PE;CORTES;2604809; 47.848,46 ; 52.633,31 ; 57.418,15 ; 62.203,00 ; 67.035,11 ; 71.601,23 ; 71.601,23 ; 76.374,64 ; 78.674,29 ; 78.674,19 ; 78.674,19 ; 78.674,19 ; 145.342,32 ; 966.754,31 
PE;CUMARU;2604908; 506.810,45 ; 557.491,50 ; 608.172,54 ; 658.853,58 ; 711.289,44 ; 759.739,13 ; 759.739,13 ; 810.388,41 ; 842.648,33 ; 842.647,29 ; 842.647,29 ; 842.647,29 ; 1.556.701,94 ; 10.299.776,32 
PE;CUPIRA;2605004; 999.778,36 ; 1.099.756,19 ; 1.199.734,03 ; 1.299.711,86 ; 1.403.230,58 ; 1.498.812,04 ; 1.498.812,04 ; 1.598.732,84 ; 1.607.628,79 ; 1.607.626,80 ; 1.607.626,80 ; 1.607.626,80 ; 2.969.920,88 ; 19.998.998,01 
PE;CUSTODIA;2605103; 440.336,28 ; 484.369,90 ; 528.403,53 ; 572.437,16 ; 617.696,79 ; 659.771,38 ; 659.771,38 ; 703.756,14 ; 705.997,77 ; 705.996,90 ; 705.996,90 ; 705.996,90 ; 1.304.254,75 ; 8.794.785,78 
PE;DORMENTES;2605152; 197.155,54 ; 216.871,10 ; 236.586,65 ; 256.302,20 ; 276.579,38 ; 295.418,67 ; 295.418,67 ; 315.113,24 ; 363.322,04 ; 363.321,59 ; 363.321,59 ; 363.321,59 ; 671.198,35 ; 4.213.930,61 
PE;ESCADA;2605202; 684.282,99 ; 752.711,29 ; 821.139,59 ; 889.567,89 ; 960.187,05 ; 1.025.590,47 ; 1.025.590,47 ; 1.093.963,17 ; 1.117.105,37 ; 1.117.103,99 ; 1.117.103,99 ; 1.117.103,99 ; 2.063.731,72 ; 13.785.181,98 
PE;EXU;2605301; 780.222,04 ; 858.244,24 ; 936.266,45 ; 1.014.288,65 ; 1.094.981,62 ; 1.169.566,61 ; 1.169.566,61 ; 1.247.537,72 ; 1.256.301,29 ; 1.256.299,73 ; 1.256.299,73 ; 1.256.299,73 ; 2.320.881,17 ; 15.616.755,59 
PE;FEIRA NOVA;2605400; 402.198,99 ; 442.418,89 ; 482.638,79 ; 522.858,69 ; 564.420,20 ; 602.865,85 ; 602.865,85 ; 643.056,91 ; 645.119,25 ; 645.118,45 ; 645.118,45 ; 645.118,45 ; 1.191.788,27 ; 8.035.587,04 
PE;FERREIROS;2605509; 121.904,31 ; 134.094,74 ; 146.285,17 ; 158.475,60 ; 171.028,33 ; 182.677,98 ; 182.677,98 ; 194.856,51 ; 195.305,65 ; 195.305,41 ; 195.305,41 ; 195.305,41 ; 360.806,15 ; 2.434.028,65 
PE;FLORES;2605608; 444.613,46 ; 489.074,80 ; 533.536,14 ; 577.997,49 ; 623.980,72 ; 666.483,35 ; 666.483,35 ; 710.915,58 ; 717.546,41 ; 717.545,52 ; 717.545,52 ; 717.545,52 ; 1.325.589,63 ; 8.908.857,49 
PE;FLORESTA;2605707; 451.588,53 ; 496.747,39 ; 541.906,24 ; 587.065,09 ; 633.640,42 ; 676.801,03 ; 676.801,03 ; 721.921,09 ; 745.489,75 ; 745.488,83 ; 745.488,83 ; 745.488,83 ; 1.377.211,92 ; 9.145.638,98 
PE;FREI MIGUELINHO;2605806; 208.552,21 ; 229.407,43 ; 250.262,65 ; 271.117,87 ; 292.635,71 ; 312.568,68 ; 312.568,68 ; 333.406,59 ; 334.344,81 ; 334.344,39 ; 334.344,39 ; 334.344,39 ; 617.666,03 ; 4.165.563,83 
PE;GAMELEIRA;2605905; 298.752,92 ; 328.628,21 ; 358.503,50 ; 388.378,80 ; 419.190,99 ; 447.744,31 ; 447.744,31 ; 477.593,93 ; 482.490,35 ; 482.489,75 ; 482.489,75 ; 482.489,75 ; 891.348,95 ; 5.987.845,52 
PE;GARANHUNS;2606002; 1.449.390,11 ; 1.594.329,12 ; 1.739.268,13 ; 1.884.207,14 ; 2.033.546,36 ; 2.172.061,97 ; 2.172.061,97 ; 2.316.866,10 ; 2.322.573,65 ; 2.322.570,77 ; 2.322.570,77 ; 2.322.570,77 ; 4.290.704,42 ; 28.942.721,28 
PE;GLORIA DO GOITA;2606101; 442.293,23 ; 486.522,55 ; 530.751,87 ; 574.981,20 ; 620.640,80 ; 662.915,93 ; 662.915,93 ; 707.110,33 ; 749.208,36 ; 749.207,43 ; 749.207,43 ; 749.207,43 ; 1.384.081,67 ; 9.069.044,16 
PE;GRANITO;2606309; 268.640,99 ; 295.505,09 ; 322.369,19 ; 349.233,29 ; 377.036,55 ; 402.718,50 ; 402.718,50 ; 429.566,40 ; 431.114,75 ; 431.114,22 ; 431.114,22 ; 431.114,22 ; 796.438,06 ; 5.368.683,98 
PE;GRAVATA;2606408; 284.707,04 ; 313.177,74 ; 341.648,44 ; 370.119,15 ; 399.062,65 ; 426.244,92 ; 426.244,92 ; 454.661,25 ; 528.745,63 ; 528.744,97 ; 528.744,97 ; 528.744,97 ; 976.800,52 ; 6.107.647,17 
PE;IATI;2606507; 212.771,65 ; 234.048,82 ; 255.325,99 ; 276.603,15 ; 298.483,69 ; 318.814,99 ; 318.814,99 ; 340.069,33 ; 340.738,20 ; 340.737,78 ; 340.737,78 ; 340.737,78 ; 629.477,12 ; 4.247.361,27 
PE;IBIMIRIM;2606606; 452.485,47 ; 497.734,01 ; 542.982,56 ; 588.231,11 ; 634.987,28 ; 678.239,63 ; 678.239,63 ; 723.455,60 ; 725.768,94 ; 725.768,04 ; 725.768,04 ; 725.768,04 ; 1.340.779,85 ; 9.040.208,20 
PE;IBIRAJUBA;2606705; 36.506,86 ; 40.157,55 ; 43.808,24 ; 47.458,92 ; 51.165,19 ; 54.650,33 ; 54.650,33 ; 58.293,68 ; 59.468,72 ; 59.468,65 ; 59.468,65 ; 59.468,65 ; 109.862,08 ; 734.427,85 
PE;IGARASSU;2606804; 1.378.531,10 ; 1.516.384,21 ; 1.654.237,32 ; 1.792.090,43 ; 1.934.268,05 ; 2.066.021,29 ; 2.066.021,29 ; 2.203.756,04 ; 2.216.266,06 ; 2.216.263,32 ; 2.216.263,32 ; 2.216.263,32 ; 4.094.312,61 ; 27.570.678,36 
PE;IGUARACY;2606903; 128.840,56 ; 141.724,62 ; 154.608,68 ; 167.492,73 ; 180.744,92 ; 193.056,41 ; 193.056,41 ; 205.926,84 ; 224.486,86 ; 224.486,58 ; 224.486,58 ; 224.486,58 ; 414.715,32 ; 2.678.113,09 
PE;ILHA DE ITAMARACA;2607604; 46.775,88 ; 51.453,46 ; 56.131,05 ; 60.808,64 ; 65.519,02 ; 69.981,86 ; 69.981,86 ; 74.647,32 ; 74.602,33 ; 74.602,24 ; 74.602,24 ; 74.602,24 ; 137.819,79 ; 931.527,93 
PE;INAJA;2607000; 636.386,00 ; 700.024,60 ; 763.663,20 ; 827.301,80 ; 893.144,42 ; 953.981,21 ; 953.981,21 ; 1.017.579,96 ; 1.021.165,47 ; 1.021.164,21 ; 1.021.164,21 ; 1.021.164,21 ; 1.886.493,10 ; 12.717.213,60 
PE;INGAZEIRA;2607109; 58.094,58 ; 63.904,04 ; 69.713,50 ; 75.522,96 ; 81.490,67 ; 87.041,43 ; 87.041,43 ; 92.844,20 ; 97.797,49 ; 97.797,36 ; 97.797,36 ; 97.797,36 ; 180.670,35 ; 1.187.512,73 
PE;IPUBI;2607307; 1.317.995,05 ; 1.449.794,55 ; 1.581.594,05 ; 1.713.393,56 ; 1.849.873,07 ; 1.975.877,72 ; 1.975.877,72 ; 2.107.602,90 ; 2.115.486,49 ; 2.115.483,87 ; 2.115.483,87 ; 2.115.483,87 ; 3.908.133,24 ; 26.342.079,96 
PE;ITAIBA;2607505; 1.159.864,17 ; 1.275.850,58 ; 1.391.837,00 ; 1.507.823,42 ; 1.627.973,52 ; 1.738.863,42 ; 1.738.863,42 ; 1.854.787,64 ; 1.913.494,15 ; 1.913.491,78 ; 1.913.491,78 ; 1.913.491,78 ; 3.534.974,16 ; 23.484.806,82 
PE;ITAMBE;2607653; 163.846,14 ; 180.230,76 ; 196.615,37 ; 212.999,99 ; 229.736,19 ; 245.384,74 ; 245.384,74 ; 261.743,72 ; 261.988,98 ; 261.988,66 ; 261.988,66 ; 261.988,66 ; 483.996,43 ; 3.267.893,04 
PE;ITAPETIM;2607703; 120.821,92 ; 132.904,11 ; 144.986,31 ; 157.068,50 ; 169.465,92 ; 181.009,14 ; 181.009,14 ; 193.076,42 ; 197.962,96 ; 197.962,71 ; 197.962,71 ; 197.962,71 ; 365.715,27 ; 2.437.907,82 
PE;ITAPISSUMA;2607752; 321.403,12 ; 353.543,44 ; 385.683,75 ; 417.824,06 ; 450.910,26 ; 481.624,15 ; 481.624,15 ; 513.732,42 ; 515.942,84 ; 515.942,20 ; 515.942,20 ; 515.942,20 ; 953.148,83 ; 6.423.263,62 
PE;JABOATAO DOS GUARARAPES;2607901; 130.963,25 ; 144.059,57 ; 157.155,89 ; 170.252,22 ; 175.962,58 ; 187.948,32 ; 187.948,32 ; 200.478,21 ; 295.354,27 ; 295.353,90 ; 295.353,90 ; 295.353,90 ; 545.635,21 ; 3.081.819,54 
PE;JAQUEIRA;2607950; 321.107,22 ; 353.217,94 ; 385.328,66 ; 417.439,38 ; 450.649,30 ; 481.345,40 ; 481.345,40 ; 513.435,10 ; 527.760,17 ; 527.759,52 ; 527.759,52 ; 527.759,52 ; 974.980,00 ; 6.489.887,13 
PE;JATAUBA;2608008; 263.055,47 ; 289.361,01 ; 315.666,56 ; 341.972,11 ; 369.074,75 ; 394.214,39 ; 394.214,39 ; 420.495,35 ; 421.704,85 ; 421.704,33 ; 421.704,33 ; 421.704,33 ; 779.054,28 ; 5.253.926,15 
PE;JOAO ALFREDO;2608107; 753.614,56 ; 828.976,02 ; 904.337,47 ; 979.698,93 ; 1.057.681,35 ; 1.129.725,63 ; 1.129.725,63 ; 1.205.040,67 ; 1.209.330,11 ; 1.209.328,61 ; 1.209.328,61 ; 1.209.328,61 ; 2.234.107,01 ; 15.060.223,21 
PE;JOAQUIM NABUCO;2608206; 630.167,75 ; 693.184,52 ; 756.201,30 ; 819.218,07 ; 884.516,83 ; 944.765,96 ; 944.765,96 ; 1.007.750,36 ; 1.016.062,48 ; 1.016.061,22 ; 1.016.061,22 ; 1.016.061,22 ; 1.877.065,86 ; 12.621.882,75 
PE;JUCATI;2608255; 242.059,23 ; 266.265,16 ; 290.471,08 ; 314.677,00 ; 339.653,02 ; 362.788,58 ; 362.788,58 ; 386.974,49 ; 390.278,53 ; 390.278,05 ; 390.278,05 ; 390.278,05 ; 720.997,56 ; 4.847.787,38 
PE;JUPI;2608305; 674.750,88 ; 742.225,96 ; 809.701,05 ; 877.176,14 ; 947.011,77 ; 1.011.517,76 ; 1.011.517,76 ; 1.078.952,27 ; 1.082.847,82 ; 1.082.846,48 ; 1.082.846,48 ; 1.082.846,48 ; 2.000.444,61 ; 13.484.685,46 
PE;JUREMA;2608404; 541.459,68 ; 595.605,65 ; 649.751,62 ; 703.897,59 ; 759.942,91 ; 811.706,64 ; 811.706,64 ; 865.820,42 ; 868.966,75 ; 868.965,67 ; 868.965,67 ; 868.965,67 ; 1.605.322,39 ; 10.821.077,30 
PE;LAGOA DE ITAENGA;2608503; 206.278,16 ; 226.905,97 ; 247.533,79 ; 268.161,60 ; 289.405,78 ; 309.118,74 ; 309.118,74 ; 329.726,66 ; 330.499,77 ; 330.499,36 ; 330.499,36 ; 330.499,36 ; 610.562,71 ; 4.118.810,00 
PE;LAGOA DO CARRO;2608453; 262.721,38 ; 288.993,52 ; 315.265,66 ; 341.537,79 ; 368.644,31 ; 393.754,63 ; 393.754,63 ; 420.004,94 ; 421.185,47 ; 421.184,95 ; 421.184,95 ; 421.184,95 ; 778.094,77 ; 5.247.511,95 
PE;LAGOA DO OURO;2608602; 257.828,87 ; 283.611,76 ; 309.394,65 ; 335.177,53 ; 361.799,21 ; 386.443,27 ; 386.443,27 ; 412.206,15 ; 413.443,85 ; 413.443,34 ; 413.443,34 ; 413.443,34 ; 763.792,97 ; 5.150.471,55 
PE;LAGOA DOS GATOS;2608701; 207.626,40 ; 228.389,04 ; 249.151,69 ; 269.914,33 ; 291.311,39 ; 311.154,16 ; 311.154,16 ; 331.897,77 ; 351.980,41 ; 351.979,97 ; 351.979,97 ; 351.979,97 ; 650.245,88 ; 4.258.765,14 
PE;LAGOA GRANDE;2608750; 1.113.672,35 ; 1.225.039,59 ; 1.336.406,82 ; 1.447.774,06 ; 1.563.092,19 ; 1.669.562,67 ; 1.669.562,67 ; 1.780.866,85 ; 1.861.814,85 ; 1.861.812,55 ; 1.861.812,55 ; 1.861.812,55 ; 3.439.502,21 ; 22.692.731,91 
PE;LAJEDO;2608800; 857.653,49 ; 943.418,84 ; 1.029.184,19 ; 1.114.949,54 ; 1.203.534,73 ; 1.285.513,85 ; 1.285.513,85 ; 1.371.214,78 ; 1.391.173,60 ; 1.391.171,87 ; 1.391.171,87 ; 1.391.171,87 ; 2.570.043,24 ; 17.225.715,72 
PE;LIMOEIRO;2608909; 916.641,09 ; 1.008.305,19 ; 1.099.969,30 ; 1.191.633,41 ; 1.286.419,29 ; 1.374.044,12 ; 1.374.044,12 ; 1.465.647,06 ; 1.475.589,86 ; 1.475.588,03 ; 1.475.588,03 ; 1.475.588,03 ; 2.725.993,17 ; 18.345.050,70 
PE;MACAPARANA;2609006; 371.013,74 ; 408.115,11 ; 445.216,48 ; 482.317,86 ; 520.602,20 ; 556.063,18 ; 556.063,18 ; 593.134,06 ; 594.819,74 ; 594.819,00 ; 594.819,00 ; 594.819,00 ; 1.098.865,31 ; 7.410.667,86 
PE;MACHADOS;2609105; 240.622,90 ; 264.685,19 ; 288.747,48 ; 312.809,77 ; 337.656,22 ; 360.655,77 ; 360.655,77 ; 384.699,49 ; 404.141,63 ; 404.141,13 ; 404.141,13 ; 404.141,13 ; 746.608,12 ; 4.913.705,73 
PE;MANARI;2609154; 1.032.629,54 ; 1.135.892,49 ; 1.239.155,45 ; 1.342.418,40 ; 1.449.403,58 ; 1.548.130,14 ; 1.548.130,14 ; 1.651.338,81 ; 1.657.735,79 ; 1.657.733,74 ; 1.657.733,74 ; 1.657.733,74 ; 3.062.488,13 ; 20.640.523,69 
PE;MARAIAL;2609204; 231.566,09 ; 254.722,70 ; 277.879,31 ; 301.035,92 ; 324.955,18 ; 347.089,60 ; 347.089,60 ; 370.228,91 ; 371.377,46 ; 371.377,00 ; 371.377,00 ; 371.377,00 ; 686.079,85 ; 4.626.155,62 
PE;MIRANDIBA;2609303; 362.951,77 ; 399.246,94 ; 435.542,12 ; 471.837,29 ; 509.359,74 ; 544.054,93 ; 544.054,93 ; 580.325,25 ; 582.252,10 ; 582.251,38 ; 582.251,38 ; 582.251,38 ; 1.075.647,98 ; 7.252.027,19 
PE;MOREILANDIA;2614303; 182.881,01 ; 201.169,11 ; 219.457,21 ; 237.745,31 ; 256.625,68 ; 274.105,81 ; 274.105,81 ; 292.379,54 ; 293.246,75 ; 293.246,39 ; 293.246,39 ; 293.246,39 ; 541.741,78 ; 3.653.197,18 
PE;MORENO;2609402; 248.994,94 ; 273.894,43 ; 298.793,93 ; 323.693,42 ; 349.149,07 ; 372.931,46 ; 372.931,46 ; 397.793,56 ; 399.936,18 ; 399.935,69 ; 399.935,69 ; 399.935,69 ; 738.839,00 ; 4.976.764,52 
PE;NAZARE DA MATA;2609501; 191.588,93 ; 210.747,82 ; 229.906,71 ; 249.065,61 ; 268.775,33 ; 287.083,04 ; 287.083,04 ; 306.221,91 ; 334.580,35 ; 334.579,94 ; 334.579,94 ; 334.579,94 ; 618.101,17 ; 3.986.893,73 
PE;OROBO;2609709; 495.252,71 ; 544.777,98 ; 594.303,25 ; 643.828,52 ; 694.991,17 ; 742.330,70 ; 742.330,70 ; 791.819,41 ; 831.161,05 ; 831.160,03 ; 831.160,03 ; 831.160,03 ; 1.535.480,42 ; 10.109.756,00 
PE;OROCO;2609808; 454.838,56 ; 500.322,42 ; 545.806,27 ; 591.290,13 ; 638.334,57 ; 681.814,91 ; 681.814,91 ; 727.269,24 ; 748.847,27 ; 748.846,34 ; 748.846,34 ; 748.846,34 ; 1.383.414,59 ; 9.200.291,89 
PE;OURICURI;2609907; 746.447,38 ; 821.092,12 ; 895.736,86 ; 970.381,60 ; 1.047.337,17 ; 1.118.676,85 ; 1.118.676,85 ; 1.193.255,30 ; 1.196.372,06 ; 1.196.370,58 ; 1.196.370,58 ; 1.196.370,58 ; 2.210.168,41 ; 14.907.256,34 
PE;PALMARES;2610004; 946.225,70 ; 1.040.848,27 ; 1.135.470,84 ; 1.230.093,41 ; 1.327.898,10 ; 1.418.348,27 ; 1.418.348,27 ; 1.512.904,82 ; 1.557.120,77 ; 1.557.118,84 ; 1.557.118,84 ; 1.557.118,84 ; 2.876.612,73 ; 19.135.227,70 
PE;PALMEIRINA;2610103; 76.898,71 ; 84.588,58 ; 92.278,45 ; 99.968,32 ; 107.872,06 ; 115.219,80 ; 115.219,80 ; 122.901,12 ; 123.126,23 ; 123.126,08 ; 123.126,08 ; 123.126,08 ; 227.462,46 ; 1.534.913,77 
PE;PANELAS;2610202; 546.099,17 ; 600.709,09 ; 655.319,01 ; 709.928,92 ; 766.273,16 ; 818.468,08 ; 818.468,08 ; 873.032,62 ; 906.295,15 ; 906.294,03 ; 906.294,03 ; 906.294,03 ; 1.674.282,59 ; 11.087.757,96 
PE;PARANATAMA;2610301; 190.060,63 ; 209.066,70 ; 228.072,76 ; 247.078,82 ; 266.650,88 ; 284.813,89 ; 284.813,89 ; 303.801,48 ; 304.506,23 ; 304.505,85 ; 304.505,85 ; 304.505,85 ; 562.542,48 ; 3.794.925,31 
PE;PARNAMIRIM;2610400; 478.882,27 ; 526.770,50 ; 574.658,72 ; 622.546,95 ; 672.071,07 ; 717.849,39 ; 717.849,39 ; 765.706,02 ; 768.314,30 ; 768.313,35 ; 768.313,35 ; 768.313,35 ; 1.419.377,84 ; 9.568.966,50 
PE;PASSIRA;2610509; 377.730,59 ; 415.503,64 ; 453.276,70 ; 491.049,76 ; 530.025,76 ; 566.128,62 ; 566.128,62 ; 603.870,53 ; 605.580,99 ; 605.580,24 ; 605.580,24 ; 605.580,24 ; 1.118.745,55 ; 7.544.781,48 
PE;PAUDALHO;2610608; 1.338.239,98 ; 1.472.063,97 ; 1.605.887,97 ; 1.739.711,97 ; 1.878.152,98 ; 2.006.083,92 ; 2.006.083,92 ; 2.139.822,85 ; 2.223.612,80 ; 2.223.610,05 ; 2.223.610,05 ; 2.223.610,05 ; 4.107.884,94 ; 27.188.375,45 
PE;PAULISTA;2610707; 1.456.340,74 ; 1.601.974,81 ; 1.747.608,88 ; 1.893.242,96 ; 2.042.961,67 ; 2.182.118,61 ; 2.182.118,61 ; 2.327.593,18 ; 2.332.168,17 ; 2.332.165,28 ; 2.332.165,28 ; 2.332.165,28 ; 4.308.429,27 ; 29.071.052,74 
PE;PEDRA;2610806; 417.259,98 ; 458.985,97 ; 500.711,97 ; 542.437,97 ; 585.577,85 ; 625.464,66 ; 625.464,66 ; 667.162,30 ; 691.459,11 ; 691.458,26 ; 691.458,26 ; 691.458,26 ; 1.277.396,15 ; 8.466.295,40 
PE;PESQUEIRA;2610905; 1.093.713,76 ; 1.203.085,13 ; 1.312.456,51 ; 1.421.827,88 ; 1.534.795,76 ; 1.639.338,82 ; 1.639.338,82 ; 1.748.628,08 ; 1.755.779,00 ; 1.755.776,82 ; 1.755.776,82 ; 1.755.776,82 ; 3.243.612,42 ; 21.859.906,64 
PE;PETROLANDIA;2611002; 697.176,27 ; 766.893,89 ; 836.611,52 ; 906.329,14 ; 978.324,61 ; 1.044.963,48 ; 1.044.963,48 ; 1.114.627,71 ; 1.132.961,76 ; 1.132.960,36 ; 1.132.960,36 ; 1.132.960,36 ; 2.093.024,69 ; 14.014.757,63 
PE;PETROLINA;2611101; 10.742.814,84 ; 11.817.096,32 ; 12.891.377,80 ; 13.965.659,29 ; 15.322.808,88 ; 16.366.526,53 ; 16.366.526,53 ; 17.457.628,30 ; 18.098.987,75 ; 18.098.965,35 ; 18.098.965,35 ; 18.098.965,35 ; 33.435.928,90 ; 220.762.251,19 
PE;POCAO;2611200; 143.751,21 ; 158.126,33 ; 172.501,46 ; 186.876,58 ; 201.679,78 ; 215.417,25 ; 215.417,25 ; 229.778,40 ; 247.180,44 ; 247.180,13 ; 247.180,13 ; 247.180,13 ; 456.639,25 ; 2.968.908,34 
PE;PRIMAVERA;2611408; 137.525,71 ; 151.278,28 ; 165.030,85 ; 178.783,43 ; 192.945,76 ; 206.088,32 ; 206.088,32 ; 219.827,54 ; 240.675,62 ; 240.675,32 ; 240.675,32 ; 240.675,32 ; 444.622,29 ; 2.864.892,08 
PE;QUIPAPA;2611507; 304.366,65 ; 334.803,31 ; 365.239,98 ; 395.676,64 ; 427.076,66 ; 456.167,11 ; 456.167,11 ; 486.578,25 ; 492.991,39 ; 492.990,78 ; 492.990,78 ; 492.990,78 ; 910.748,47 ; 6.108.787,91 
PE;QUIXABA;2611533; 289.923,49 ; 318.915,84 ; 347.908,19 ; 376.900,54 ; 406.886,28 ; 434.601,46 ; 434.601,46 ; 463.574,89 ; 466.404,51 ; 466.403,94 ; 466.403,94 ; 466.403,94 ; 861.632,08 ; 5.800.560,56 
PE;RIACHO DAS ALMAS;2611705; 660.108,58 ; 726.119,43 ; 792.130,29 ; 858.141,15 ; 926.437,96 ; 989.542,56 ; 989.542,56 ; 1.055.512,06 ; 1.059.230,35 ; 1.059.229,04 ; 1.059.229,04 ; 1.059.229,04 ; 1.956.813,86 ; 13.191.265,92 
PE;RIBEIRAO;2611804; 137.797,74 ; 151.577,51 ; 165.357,28 ; 179.137,06 ; 193.151,47 ; 206.308,04 ; 206.308,04 ; 220.061,91 ; 232.551,03 ; 232.550,74 ; 232.550,74 ; 232.550,74 ; 429.613,00 ; 2.819.515,30 
PE;RIO FORMOSO;2611903; 456.310,39 ; 501.941,43 ; 547.572,47 ; 593.203,51 ; 640.303,13 ; 683.917,56 ; 683.917,56 ; 729.512,07 ; 741.236,33 ; 741.235,42 ; 741.235,42 ; 741.235,42 ; 1.369.354,19 ; 9.170.974,90 
PE;SAIRE;2612000; 108.519,15 ; 119.371,07 ; 130.222,98 ; 141.074,90 ; 152.240,51 ; 162.610,41 ; 162.610,41 ; 173.451,11 ; 173.815,88 ; 173.815,66 ; 173.815,66 ; 173.815,66 ; 321.106,13 ; 2.166.469,53 
PE;SALGUEIRO;2612208; 991.017,14 ; 1.090.118,86 ; 1.189.220,57 ; 1.288.322,28 ; 1.390.671,09 ; 1.485.397,06 ; 1.485.397,06 ; 1.584.423,53 ; 1.589.272,37 ; 1.589.270,40 ; 1.589.270,40 ; 1.589.270,40 ; 2.936.009,35 ; 19.797.660,51 
PE;SALOA;2612307; 377.130,47 ; 414.843,52 ; 452.556,56 ; 490.269,61 ; 529.254,85 ; 565.305,20 ; 565.305,20 ; 602.992,21 ; 604.982,36 ; 604.981,61 ; 604.981,61 ; 604.981,61 ; 1.117.639,67 ; 7.535.224,48 
PE;SANHARO;2612406; 437.256,12 ; 480.981,73 ; 524.707,34 ; 568.432,95 ; 613.633,90 ; 655.431,76 ; 655.431,76 ; 699.127,21 ; 701.435,91 ; 701.435,05 ; 701.435,05 ; 701.435,05 ; 1.295.827,20 ; 8.736.571,03 
PE;SANTA CRUZ;2612455; 295.171,15 ; 324.688,26 ; 354.205,38 ; 383.722,49 ; 414.175,95 ; 442.387,67 ; 442.387,67 ; 471.880,18 ; 473.202,16 ; 473.201,58 ; 473.201,58 ; 473.201,58 ; 874.190,00 ; 5.895.615,65 
PE;SANTA CRUZ DA BAIXA VERDE;2612471; 212.313,64 ; 233.545,00 ; 254.776,36 ; 276.007,73 ; 297.926,02 ; 318.219,34 ; 318.219,34 ; 339.433,96 ; 340.438,16 ; 340.437,73 ; 340.437,73 ; 340.437,73 ; 628.922,83 ; 4.241.115,57 
PE;SANTA CRUZ DO CAPIBARIBE;2612505; 1.900.886,21 ; 2.090.974,83 ; 2.281.063,45 ; 2.471.152,07 ; 2.667.634,00 ; 2.849.340,67 ; 2.849.340,67 ; 3.039.296,72 ; 3.049.429,13 ; 3.049.425,35 ; 3.049.425,35 ; 3.049.425,35 ; 5.633.491,57 ; 37.980.885,37 
PE;SANTA FILOMENA;2612554; 265.163,76 ; 291.680,13 ; 318.196,51 ; 344.712,88 ; 372.097,22 ; 397.442,73 ; 397.442,73 ; 423.938,91 ; 425.232,88 ; 425.232,36 ; 425.232,36 ; 425.232,36 ; 785.571,94 ; 5.297.176,77 
PE;SANTA MARIA DA BOA VISTA;2612604; 1.663.296,62 ; 1.829.626,28 ; 1.995.955,94 ; 2.162.285,60 ; 2.334.503,70 ; 2.493.519,11 ; 2.493.519,11 ; 2.659.753,71 ; 2.689.346,64 ; 2.689.343,31 ; 2.689.343,31 ; 2.689.343,31 ; 4.968.278,02 ; 33.358.114,66 
PE;SANTA MARIA DO CAMBUCA;2612703; 223.177,02 ; 245.494,72 ; 267.812,42 ; 290.130,12 ; 313.165,79 ; 334.497,17 ; 334.497,17 ; 356.796,98 ; 357.836,25 ; 357.835,81 ; 357.835,81 ; 357.835,81 ; 661.063,94 ; 4.457.979,01 
PE;SANTA TEREZINHA;2612802; 80.007,96 ; 88.008,75 ; 96.009,55 ; 104.010,34 ; 112.202,82 ; 119.845,55 ; 119.845,55 ; 127.835,25 ; 138.078,13 ; 138.077,96 ; 138.077,96 ; 138.077,96 ; 255.084,48 ; 1.655.162,26 
PE;SAO BENEDITO DO SUL;2612901; 138.160,97 ; 151.977,06 ; 165.793,16 ; 179.609,26 ; 193.828,70 ; 207.031,40 ; 207.031,40 ; 220.833,49 ; 221.313,68 ; 221.313,41 ; 221.313,41 ; 221.313,41 ; 408.853,20 ; 2.758.372,55 
PE;SAO BENTO DO UNA;2613008; 1.004.352,34 ; 1.104.787,57 ; 1.205.222,81 ; 1.305.658,04 ; 1.409.411,16 ; 1.505.413,62 ; 1.505.413,62 ; 1.605.774,52 ; 1.610.796,18 ; 1.610.794,19 ; 1.610.794,19 ; 1.610.794,19 ; 2.975.772,27 ; 20.064.984,70 
PE;SAO CAITANO;2613107; 680.840,26 ; 748.924,29 ; 817.008,32 ; 885.092,34 ; 955.469,78 ; 1.020.551,89 ; 1.020.551,89 ; 1.088.588,68 ; 1.093.558,58 ; 1.093.557,22 ; 1.093.557,22 ; 1.093.557,22 ; 2.020.231,58 ; 13.611.489,27 
PE;SAO JOAO;2613206; 428.996,79 ; 471.896,47 ; 514.796,15 ; 557.695,82 ; 601.975,87 ; 642.979,64 ; 642.979,64 ; 685.844,94 ; 687.843,74 ; 687.842,89 ; 687.842,89 ; 687.842,89 ; 1.270.717,16 ; 8.569.254,89 
PE;SAO JOAQUIM DO MONTE;2613305; 320.868,21 ; 352.955,03 ; 385.041,85 ; 417.128,67 ; 450.233,81 ; 480.901,62 ; 480.901,62 ; 512.961,73 ; 518.694,56 ; 518.693,92 ; 518.693,92 ; 518.693,92 ; 958.232,27 ; 6.434.001,13 
PE;SAO JOSE DA COROA GRANDE;2613404; 477.335,47 ; 525.069,02 ; 572.802,56 ; 620.536,11 ; 669.863,71 ; 715.491,67 ; 715.491,67 ; 763.191,12 ; 765.645,88 ; 765.644,94 ; 765.644,94 ; 765.644,94 ; 1.414.448,20 ; 9.536.810,23 
PE;SAO JOSE DO BELMONTE;2613503; 505.896,50 ; 556.486,15 ; 607.075,80 ; 657.665,45 ; 709.868,79 ; 758.221,71 ; 758.221,71 ; 808.769,82 ; 811.070,90 ; 811.069,89 ; 811.069,89 ; 811.069,89 ; 1.498.366,04 ; 10.104.852,54 
PE;SAO JOSE DO EGITO;2613602; 721.503,88 ; 793.654,27 ; 865.804,66 ; 937.955,05 ; 1.012.592,55 ; 1.081.565,59 ; 1.081.565,59 ; 1.153.669,96 ; 1.157.688,61 ; 1.157.687,18 ; 1.157.687,18 ; 1.157.687,18 ; 2.138.704,89 ; 14.417.766,59 
PE;SAO LOURENCO DA MATA;2613701; 1.686.485,72 ; 1.855.134,29 ; 2.023.782,86 ; 2.192.431,43 ; 2.366.798,26 ; 2.528.013,42 ; 2.528.013,42 ; 2.696.547,65 ; 2.705.563,03 ; 2.705.559,69 ; 2.705.559,69 ; 2.705.559,69 ; 4.998.236,03 ; 33.697.685,18 
PE;SAO VICENTE FERRER;2613800; 225.296,67 ; 247.826,34 ; 270.356,01 ; 292.885,68 ; 316.114,78 ; 337.647,03 ; 337.647,03 ; 360.156,83 ; 361.105,35 ; 361.104,90 ; 361.104,90 ; 361.104,90 ; 667.103,25 ; 4.499.453,67 
PE;SERRA TALHADA;2613909; 1.231.295,96 ; 1.354.425,55 ; 1.477.555,15 ; 1.600.684,74 ; 1.727.749,27 ; 1.845.435,42 ; 1.845.435,42 ; 1.968.464,45 ; 1.979.314,99 ; 1.979.312,54 ; 1.979.312,54 ; 1.979.312,54 ; 3.656.571,06 ; 24.624.869,63 
PE;SERRITA;2614006; 515.928,49 ; 567.521,34 ; 619.114,19 ; 670.707,03 ; 724.049,08 ; 773.367,90 ; 773.367,90 ; 824.925,76 ; 827.683,25 ; 827.682,22 ; 827.682,22 ; 827.682,22 ; 1.529.055,55 ; 10.308.767,15 
PE;SERTANIA;2614105; 481.674,26 ; 529.841,68 ; 578.009,11 ; 626.176,54 ; 675.911,98 ; 721.951,92 ; 721.951,92 ; 770.082,05 ; 772.398,33 ; 772.397,37 ; 772.397,37 ; 772.397,37 ; 1.426.922,62 ; 9.622.112,52 
PE;SIRINHAEM;2614204; 303.536,49 ; 333.890,14 ; 364.243,79 ; 394.597,44 ; 425.681,57 ; 454.677,00 ; 454.677,00 ; 484.988,80 ; 485.425,98 ; 485.425,38 ; 485.425,38 ; 485.425,38 ; 896.772,22 ; 6.054.766,57 
PE;SOLIDAO;2614402; 134.844,57 ; 148.329,03 ; 161.813,48 ; 175.297,94 ; 189.213,73 ; 202.102,08 ; 202.102,08 ; 215.575,56 ; 216.398,33 ; 216.398,06 ; 216.398,06 ; 216.398,06 ; 399.772,60 ; 2.694.643,58 
PE;SURUBIM;2614501; 1.181.360,75 ; 1.299.496,82 ; 1.417.632,90 ; 1.535.768,97 ; 1.658.027,05 ; 1.770.964,05 ; 1.770.964,05 ; 1.889.028,32 ; 2.029.235,74 ; 2.029.233,23 ; 2.029.233,23 ; 2.029.233,23 ; 3.748.794,27 ; 24.388.972,61 
PE;TABIRA;2614600; 531.037,40 ; 584.141,14 ; 637.244,88 ; 690.348,62 ; 745.210,92 ; 795.971,18 ; 795.971,18 ; 849.035,92 ; 867.658,72 ; 867.657,64 ; 867.657,64 ; 867.657,64 ; 1.602.905,93 ; 10.702.498,81 
PE;TACAIMBO;2614709; 40.044,25 ; 44.048,68 ; 48.053,10 ; 52.057,53 ; 56.089,98 ; 59.910,57 ; 59.910,57 ; 63.904,61 ; 63.691,05 ; 63.690,97 ; 63.690,97 ; 63.690,97 ; 117.662,38 ; 796.445,63 
PE;TACARATU;2614808; 179.164,69 ; 197.081,16 ; 214.997,63 ; 232.914,10 ; 251.291,15 ; 268.407,92 ; 268.407,92 ; 286.301,78 ; 286.676,57 ; 286.676,22 ; 286.676,22 ; 286.676,22 ; 529.604,09 ; 3.574.875,67 
PE;TAMANDARE;2614857; 130.351,39 ; 143.386,53 ; 156.421,67 ; 169.456,81 ; 182.696,17 ; 195.140,57 ; 195.140,57 ; 208.149,94 ; 207.903,18 ; 207.902,92 ; 207.902,92 ; 207.902,92 ; 384.078,75 ; 2.596.434,34 
PE;TAQUARITINGA DO NORTE;2615003; 267.582,58 ; 294.340,84 ; 321.099,10 ; 347.857,36 ; 375.396,73 ; 400.966,98 ; 400.966,98 ; 427.698,12 ; 428.805,71 ; 428.805,18 ; 428.805,18 ; 428.805,18 ; 792.172,34 ; 5.343.302,28 
PE;TEREZINHA;2615102; 133.345,33 ; 146.679,87 ; 160.014,40 ; 173.348,93 ; 187.099,25 ; 199.843,57 ; 199.843,57 ; 213.166,48 ; 213.735,09 ; 213.734,82 ; 213.734,82 ; 213.734,82 ; 394.852,57 ; 2.663.133,52 
PE;TERRA NOVA;2615201; 193.939,33 ; 213.333,27 ; 232.727,20 ; 252.121,14 ; 272.146,75 ; 290.684,11 ; 290.684,11 ; 310.063,05 ; 311.176,05 ; 311.175,66 ; 311.175,66 ; 311.175,66 ; 574.864,25 ; 3.875.266,24 
PE;TIMBAUBA;2615300; 186.439,45 ; 205.083,39 ; 223.727,34 ; 242.371,28 ; 261.348,30 ; 279.150,12 ; 279.150,12 ; 297.760,12 ; 297.748,27 ; 297.747,90 ; 297.747,90 ; 297.747,90 ; 550.057,85 ; 3.716.079,94 
PE;TORITAMA;2615409; 1.166.591,01 ; 1.283.250,12 ; 1.399.909,22 ; 1.516.568,32 ; 1.637.235,60 ; 1.748.756,39 ; 1.748.756,39 ; 1.865.340,14 ; 1.881.653,56 ; 1.881.651,23 ; 1.881.651,23 ; 1.881.651,23 ; 3.476.152,11 ; 23.369.166,55 
PE;TRACUNHAEM;2615508; 184.729,89 ; 203.202,88 ; 221.675,87 ; 240.148,86 ; 259.217,06 ; 276.873,71 ; 276.873,71 ; 295.331,95 ; 296.195,89 ; 296.195,52 ; 296.195,52 ; 296.195,52 ; 547.189,99 ; 3.690.026,37 
PE;TRINDADE;2615607; 874.196,56 ; 961.616,21 ; 1.049.035,87 ; 1.136.455,52 ; 1.226.906,10 ; 1.310.477,17 ; 1.310.477,17 ; 1.397.842,32 ; 1.465.375,08 ; 1.465.373,27 ; 1.465.373,27 ; 1.465.373,27 ; 2.707.122,47 ; 17.835.624,28 
PE;TRIUNFO;2615706; 237.270,37 ; 260.997,41 ; 284.724,45 ; 308.451,49 ; 332.918,29 ; 355.595,12 ; 355.595,12 ; 379.301,46 ; 428.564,12 ; 428.563,59 ; 428.563,59 ; 428.563,59 ; 791.726,05 ; 5.020.834,65 
PE;TUPANATINGA;2615805; 574.095,99 ; 631.505,59 ; 688.915,19 ; 746.324,79 ; 805.646,79 ; 860.523,66 ; 860.523,66 ; 917.891,90 ; 925.481,12 ; 925.479,98 ; 925.479,98 ; 925.479,98 ; 1.709.726,59 ; 11.497.075,22 
PE;TUPARETAMA;2615904; 247.472,67 ; 272.219,94 ; 296.967,21 ; 321.714,48 ; 347.321,32 ; 370.979,21 ; 370.979,21 ; 395.711,16 ; 408.716,75 ; 408.716,24 ; 408.716,24 ; 408.716,24 ; 755.060,16 ; 5.013.290,83 
PE;VENTUROSA;2616001; 242.873,29 ; 267.160,62 ; 291.447,95 ; 315.735,28 ; 340.793,46 ; 364.006,71 ; 364.006,71 ; 388.273,83 ; 396.750,98 ; 396.750,49 ; 396.750,49 ; 396.750,49 ; 732.954,68 ; 4.894.254,98 
PE;VERDEJANTE;2616100; 160.530,62 ; 176.583,68 ; 192.636,74 ; 208.689,80 ; 225.245,48 ; 240.588,14 ; 240.588,14 ; 256.627,35 ; 257.320,06 ; 257.319,74 ; 257.319,74 ; 257.319,74 ; 475.371,09 ; 3.206.140,32 
PE;VERTENTE DO LERIO;2616183; 306.867,81 ; 337.554,59 ; 368.241,37 ; 398.928,15 ; 430.686,31 ; 460.022,63 ; 460.022,63 ; 490.690,82 ; 492.453,84 ; 492.453,23 ; 492.453,23 ; 492.453,23 ; 909.755,44 ; 6.132.583,28 
PE;VERTENTES;2616209; 433.558,58 ; 476.914,44 ; 520.270,29 ; 563.626,15 ; 608.448,74 ; 649.893,40 ; 649.893,40 ; 693.219,63 ; 695.524,14 ; 695.523,28 ; 695.523,28 ; 695.523,28 ; 1.284.905,87 ; 8.662.824,48 
PE;VICENCIA;2616308; 710.242,40 ; 781.266,64 ; 852.290,87 ; 923.315,11 ; 996.774,90 ; 1.064.670,51 ; 1.064.670,51 ; 1.135.648,55 ; 1.149.952,93 ; 1.149.951,51 ; 1.149.951,51 ; 1.149.951,51 ; 2.124.414,06 ; 14.253.101,01 
PE;VITORIA DE SANTO ANTAO;2616407; 1.023.361,38 ; 1.125.697,52 ; 1.228.033,66 ; 1.330.369,80 ; 1.435.634,28 ; 1.533.422,94 ; 1.533.422,94 ; 1.635.651,13 ; 1.797.271,78 ; 1.797.269,56 ; 1.797.269,56 ; 1.797.269,56 ; 3.320.265,85 ; 21.354.939,96 
PE;XEXEU;2616506; 431.298,23 ; 474.428,06 ; 517.557,88 ; 560.687,70 ; 605.278,08 ; 646.506,78 ; 646.506,78 ; 689.607,23 ; 708.986,02 ; 708.985,14 ; 708.985,14 ; 708.985,14 ; 1.309.775,22 ; 8.717.587,40 
PI;ACAUA;2200053; 297.312,52 ; 327.043,77 ; 356.775,02 ; 386.506,28 ; 417.302,13 ; 445.726,79 ; 445.726,79 ; 475.441,91 ; 477.255,56 ; 477.254,97 ; 477.254,97 ; 477.254,97 ; 881.678,24 ; 5.942.533,92 
PI;AGRICOLANDIA;2200103; 258.158,44 ; 283.974,29 ; 309.790,13 ; 335.605,98 ; 362.342,94 ; 387.024,04 ; 387.024,04 ; 412.825,64 ; 414.387,41 ; 414.386,90 ; 414.386,90 ; 414.386,90 ; 765.536,10 ; 5.159.829,71 
PI;AGUA BRANCA;2200202; 687.910,35 ; 756.701,39 ; 825.492,42 ; 894.283,46 ; 965.501,05 ; 1.031.266,44 ; 1.031.266,44 ; 1.100.017,53 ; 1.122.069,55 ; 1.122.068,16 ; 1.122.068,16 ; 1.122.068,16 ; 2.072.902,54 ; 13.853.615,65 
PI;ALAGOINHA DO PIAUI;2200251; 256.527,31 ; 282.180,04 ; 307.832,77 ; 333.485,51 ; 360.071,13 ; 384.597,48 ; 384.597,48 ; 410.237,31 ; 411.859,05 ; 411.858,54 ; 411.858,54 ; 411.858,54 ; 760.865,22 ; 5.127.828,92 
PI;ALEGRETE DO PIAUI;2200277; 189.957,27 ; 208.953,00 ; 227.948,73 ; 246.944,45 ; 266.604,64 ; 284.764,50 ; 284.764,50 ; 303.748,80 ; 314.953,91 ; 314.953,52 ; 314.953,52 ; 314.953,52 ; 581.843,44 ; 3.855.343,80 
PI;ALTO LONGA;2200301; 381.116,44 ; 419.228,08 ; 457.339,72 ; 495.451,37 ; 534.906,24 ; 571.341,54 ; 571.341,54 ; 609.430,97 ; 612.209,40 ; 612.208,64 ; 612.208,64 ; 612.208,64 ; 1.130.990,83 ; 7.619.982,05 
PI;ALTOS;2200400; 2.500.223,64 ; 2.750.246,00 ; 3.000.268,37 ; 3.250.290,73 ; 3.509.355,84 ; 3.748.396,65 ; 3.748.396,65 ; 3.998.289,76 ; 4.013.898,93 ; 4.013.893,96 ; 4.013.893,96 ; 4.013.893,96 ; 7.415.245,57 ; 49.976.294,02 
PI;ALVORADA DO GURGUEIA;2200459; 180.710,60 ; 198.781,66 ; 216.852,72 ; 234.923,78 ; 253.610,32 ; 270.885,06 ; 270.885,06 ; 288.944,07 ; 289.921,04 ; 289.920,68 ; 289.920,68 ; 289.920,68 ; 535.597,92 ; 3.610.874,27 
PI;AMARANTE;2200509; 856.296,43 ; 941.926,08 ; 1.027.555,72 ; 1.113.185,36 ; 1.201.859,05 ; 1.283.724,03 ; 1.283.724,03 ; 1.369.305,64 ; 1.374.441,31 ; 1.374.439,61 ; 1.374.439,61 ; 1.374.439,61 ; 2.539.132,16 ; 17.114.468,64 
PI;ANGICAL DO PIAUI;2200608; 566.720,75 ; 623.392,82 ; 680.064,90 ; 736.736,97 ; 795.512,81 ; 849.699,40 ; 849.699,40 ; 906.346,03 ; 910.098,70 ; 910.097,57 ; 910.097,57 ; 910.097,57 ; 1.681.309,23 ; 11.329.873,72 
PI;ANISIO DE ABREU;2200707; 427.322,92 ; 470.055,21 ; 512.787,50 ; 555.519,79 ; 599.760,05 ; 640.612,88 ; 640.612,88 ; 683.320,41 ; 688.037,33 ; 688.036,48 ; 688.036,48 ; 688.036,48 ; 1.271.074,79 ; 8.553.213,20 
PI;ANTONIO ALMEIDA;2200806; 67.653,59 ; 74.418,94 ; 81.184,30 ; 87.949,66 ; 94.921,79 ; 101.387,42 ; 101.387,42 ; 108.146,58 ; 110.477,95 ; 110.477,81 ; 110.477,81 ; 110.477,81 ; 204.096,13 ; 1.363.057,21 
PI;AROAZES;2200905; 200.557,37 ; 220.613,11 ; 240.668,85 ; 260.724,59 ; 281.479,47 ; 300.652,53 ; 300.652,53 ; 320.696,03 ; 321.844,05 ; 321.843,66 ; 321.843,66 ; 321.843,66 ; 594.572,22 ; 4.007.991,73 
PI;AROEIRAS DO ITAIM;2200954; 220.674,46 ; 242.741,91 ; 264.809,36 ; 286.876,80 ; 309.740,68 ; 330.838,76 ; 330.838,76 ; 352.894,67 ; 354.265,60 ; 354.265,16 ; 354.265,16 ; 354.265,16 ; 654.467,54 ; 4.410.944,02 
PI;ARRAIAL;2201002; 278.939,91 ; 306.833,90 ; 334.727,90 ; 362.621,89 ; 391.509,87 ; 418.177,68 ; 418.177,68 ; 446.056,19 ; 447.738,61 ; 447.738,05 ; 447.738,05 ; 447.738,05 ; 827.148,84 ; 5.575.146,62 
PI;ASSUNCAO DO PIAUI;2201051; 340.939,43 ; 375.033,38 ; 409.127,32 ; 443.221,27 ; 478.492,56 ; 511.085,22 ; 511.085,22 ; 545.157,57 ; 548.869,75 ; 548.869,07 ; 548.869,07 ; 548.869,07 ; 1.013.977,66 ; 6.823.596,59 
PI;AVELINO LOPES;2201101; 379.850,88 ; 417.835,97 ; 455.821,05 ; 493.806,14 ; 533.111,78 ; 569.424,85 ; 569.424,85 ; 607.386,50 ; 609.546,51 ; 609.545,76 ; 609.545,76 ; 609.545,76 ; 1.126.071,45 ; 7.590.917,26 
PI;BAIXA GRANDE DO RIBEIRO;2201150; 839.714,99 ; 923.686,49 ; 1.007.657,99 ; 1.091.629,49 ; 1.178.551,51 ; 1.258.828,89 ; 1.258.828,89 ; 1.342.750,82 ; 1.347.649,81 ; 1.347.648,14 ; 1.347.648,14 ; 1.347.648,14 ; 2.489.637,75 ; 16.781.881,05 
PI;BARRA DALCANTARA;2201176; 102.099,44 ; 112.309,38 ; 122.519,33 ; 132.729,27 ; 143.282,07 ; 153.041,77 ; 153.041,77 ; 163.244,56 ; 163.777,13 ; 163.776,92 ; 163.776,92 ; 163.776,92 ; 302.560,62 ; 2.039.936,10 
PI;BARRAS;2201200; 3.394.828,90 ; 3.734.311,79 ; 4.073.794,68 ; 4.413.277,57 ; 4.765.079,51 ; 5.089.654,31 ; 5.089.654,31 ; 5.428.964,59 ; 5.501.019,90 ; 5.501.013,09 ; 5.501.013,09 ; 5.501.013,09 ; 10.162.541,29 ; 68.156.166,12 
PI;BARREIRAS DO PIAUI;2201309; 55.320,10 ; 60.852,11 ; 66.384,13 ; 71.916,14 ; 77.613,51 ; 82.900,18 ; 82.900,18 ; 88.426,86 ; 88.634,43 ; 88.634,32 ; 88.634,32 ; 88.634,32 ; 163.742,61 ; 1.104.593,21 
PI;BARRO DURO;2201408; 117.054,72 ; 128.760,20 ; 140.465,67 ; 152.171,14 ; 164.254,68 ; 175.442,94 ; 175.442,94 ; 187.139,14 ; 187.690,17 ; 187.689,94 ; 187.689,94 ; 187.689,94 ; 346.737,40 ; 2.338.228,82 
PI;BATALHA;2201507; 848.537,70 ; 933.391,47 ; 1.018.245,24 ; 1.103.099,01 ; 1.190.921,57 ; 1.272.041,55 ; 1.272.041,55 ; 1.356.844,32 ; 1.385.880,80 ; 1.385.879,08 ; 1.385.879,08 ; 1.385.879,08 ; 2.560.265,36 ; 17.098.905,81 
PI;BELA VISTA DO PIAUI;2201556; 242.103,42 ; 266.313,77 ; 290.524,11 ; 314.734,45 ; 339.827,59 ; 362.975,05 ; 362.975,05 ; 387.173,39 ; 388.713,28 ; 388.712,80 ; 388.712,80 ; 388.712,80 ; 718.105,93 ; 4.839.584,44 
PI;BELEM DO PIAUI;2201572; 145.315,39 ; 159.846,93 ; 174.378,47 ; 188.910,01 ; 203.926,89 ; 217.817,43 ; 217.817,43 ; 232.338,59 ; 233.086,11 ; 233.085,82 ; 233.085,82 ; 233.085,82 ; 430.601,50 ; 2.903.296,21 
PI;BENEDITINOS;2201606; 540.747,07 ; 594.821,78 ; 648.896,48 ; 702.971,19 ; 758.964,26 ; 810.661,33 ; 810.661,33 ; 864.705,42 ; 867.932,94 ; 867.931,87 ; 867.931,87 ; 867.931,87 ; 1.603.412,53 ; 10.807.569,94 
PI;BERTOLINIA;2201705; 177.307,94 ; 195.038,74 ; 212.769,53 ; 230.500,33 ; 220.939,05 ; 235.988,38 ; 235.988,38 ; 251.720,94 ; 252.508,71 ; 252.508,39 ; 252.508,39 ; 252.508,39 ; 466.482,66 ; 3.236.769,83 
PI;BETANIA DO PIAUI;2201739; 551.431,63 ; 606.574,80 ; 661.717,96 ; 716.861,12 ; 774.016,04 ; 826.738,37 ; 826.738,37 ; 881.854,26 ; 885.365,79 ; 885.364,70 ; 885.364,70 ; 885.364,70 ; 1.635.617,83 ; 11.023.010,27 
PI;BOA HORA;2201770; 239.976,03 ; 263.973,63 ; 287.971,24 ; 311.968,84 ; 336.792,84 ; 359.733,58 ; 359.733,58 ; 383.715,82 ; 385.049,12 ; 385.048,64 ; 385.048,64 ; 385.048,64 ; 711.336,76 ; 4.795.397,36 
PI;BOCAINA;2201804; 40.495,90 ; 44.545,49 ; 48.595,08 ; 52.644,67 ; 56.808,93 ; 60.678,49 ; 60.678,49 ; 64.723,73 ; 64.850,36 ; 64.850,28 ; 64.850,28 ; 64.850,28 ; 119.804,08 ; 808.376,06 
PI;BOM JESUS;2201903; 1.359.275,94 ; 1.495.203,53 ; 1.631.131,12 ; 1.767.058,72 ; 1.907.800,11 ; 2.037.750,47 ; 2.037.750,47 ; 2.173.600,51 ; 2.181.680,26 ; 2.181.677,56 ; 2.181.677,56 ; 2.181.677,56 ; 4.030.419,07 ; 27.166.702,88 
PI;BOM PRINCIPIO DO PIAUI;2201919; 199.833,04 ; 219.816,35 ; 239.799,65 ; 259.782,96 ; 280.455,55 ; 299.558,86 ; 299.558,86 ; 319.529,45 ; 325.484,46 ; 325.484,06 ; 325.484,06 ; 325.484,06 ; 601.297,49 ; 4.021.568,85 
PI;BONFIM DO PIAUI;2201929; 144.481,14 ; 158.929,25 ; 173.377,37 ; 187.825,48 ; 202.757,15 ; 216.568,02 ; 216.568,02 ; 231.005,89 ; 231.753,12 ; 231.752,84 ; 231.752,84 ; 231.752,84 ; 428.138,93 ; 2.886.662,89 
PI;BOQUEIRAO DO PIAUI;2201945; 263.219,19 ; 289.541,11 ; 315.863,03 ; 342.184,95 ; 369.434,56 ; 394.598,70 ; 394.598,70 ; 420.905,28 ; 431.559,16 ; 431.558,63 ; 431.558,63 ; 431.558,63 ; 797.259,06 ; 5.313.839,63 
PI;BRASILEIRA;2201960; 378.136,95 ; 415.950,65 ; 453.764,34 ; 491.578,03 ; 530.720,49 ; 566.870,67 ; 566.870,67 ; 604.662,04 ; 606.868,50 ; 606.867,75 ; 606.867,75 ; 606.867,75 ; 1.121.124,10 ; 7.557.149,69 
PI;BREJO DO PIAUI;2201988; 158.941,58 ; 174.835,74 ; 190.729,89 ; 206.624,05 ; 223.068,30 ; 238.262,67 ; 238.262,67 ; 254.146,85 ; 255.040,85 ; 255.040,54 ; 255.040,54 ; 255.040,54 ; 471.160,51 ; 3.176.194,73 
PI;BURITI DOS LOPES;2202000; 1.084.161,15 ; 1.192.577,27 ; 1.300.993,38 ; 1.409.409,50 ; 1.521.707,86 ; 1.625.359,44 ; 1.625.359,44 ; 1.733.716,74 ; 1.751.488,70 ; 1.751.486,53 ; 1.751.486,53 ; 1.751.486,53 ; 3.235.686,57 ; 21.734.919,64 
PI;BURITI DOS MONTES;2202026; 527.532,54 ; 580.285,79 ; 633.039,04 ; 685.792,30 ; 740.415,96 ; 790.849,61 ; 790.849,61 ; 843.572,92 ; 861.719,32 ; 861.718,26 ; 861.718,26 ; 861.718,26 ; 1.591.933,53 ; 10.631.145,40 
PI;CABECEIRAS DO PIAUI;2202059; 585.391,66 ; 643.930,83 ; 702.470,00 ; 761.009,16 ; 821.660,67 ; 877.628,33 ; 877.628,33 ; 936.136,88 ; 939.772,17 ; 939.771,00 ; 939.771,00 ; 939.771,00 ; 1.736.127,76 ; 11.701.068,79 
PI;CAJAZEIRAS DO PIAUI;2202075; 135.960,64 ; 149.556,71 ; 163.152,77 ; 176.748,84 ; 190.816,24 ; 203.813,75 ; 203.813,75 ; 217.401,33 ; 218.169,19 ; 218.168,92 ; 218.168,92 ; 218.168,92 ; 403.044,10 ; 2.716.984,08 
PI;CAJUEIRO DA PRAIA;2202083; 458.308,01 ; 504.138,81 ; 549.969,61 ; 595.800,41 ; 643.269,19 ; 687.085,66 ; 687.085,66 ; 732.891,37 ; 735.674,77 ; 735.673,86 ; 735.673,86 ; 735.673,86 ; 1.359.079,79 ; 9.160.324,86 
PI;CALDEIRAO GRANDE DO PIAUI;2202091; 142.295,06 ; 156.524,57 ; 170.754,07 ; 184.983,58 ; 199.676,73 ; 213.277,77 ; 213.277,77 ; 227.496,29 ; 228.361,62 ; 228.361,33 ; 228.361,33 ; 228.361,33 ; 421.873,51 ; 2.843.604,96 
PI;CAMPO ALEGRE DO FIDALGO;2202117; 307.904,20 ; 338.694,62 ; 369.485,04 ; 400.275,46 ; 432.167,71 ; 461.604,95 ; 461.604,95 ; 492.378,62 ; 494.254,08 ; 494.253,47 ; 494.253,47 ; 494.253,47 ; 913.081,18 ; 6.154.211,22 
PI;CAMPO GRANDE DO PIAUI;2202133; 287.712,50 ; 316.483,75 ; 345.255,00 ; 374.026,25 ; 403.829,19 ; 431.336,14 ; 431.336,14 ; 460.091,88 ; 470.967,29 ; 470.966,71 ; 470.966,71 ; 470.966,71 ; 870.061,33 ; 5.803.999,60 
PI;CAMPO LARGO DO PIAUI;2202174; 524.620,93 ; 577.083,02 ; 629.545,11 ; 682.007,21 ; 736.343,45 ; 786.499,70 ; 786.499,70 ; 838.933,02 ; 842.803,49 ; 842.802,44 ; 842.802,44 ; 842.802,44 ; 1.556.988,58 ; 10.489.731,53 
PI;CAMPO MAIOR;2202208; 1.238.341,35 ; 1.362.175,48 ; 1.486.009,62 ; 1.609.843,75 ; 1.737.853,46 ; 1.856.227,86 ; 1.856.227,86 ; 1.979.976,39 ; 2.016.378,71 ; 2.016.376,22 ; 2.016.376,22 ; 2.016.376,22 ; 3.725.042,28 ; 24.917.205,42 
PI;CANAVIEIRA;2202251; 55.023,82 ; 60.526,21 ; 66.028,59 ; 71.530,97 ; 77.198,24 ; 82.456,62 ; 82.456,62 ; 87.953,73 ; 88.161,83 ; 88.161,72 ; 88.161,72 ; 88.161,72 ; 162.869,53 ; 1.098.691,32 
PI;CANTO DO BURITI;2202307; 684.318,46 ; 752.750,31 ; 821.182,15 ; 889.614,00 ; 960.479,15 ; 1.025.902,47 ; 1.025.902,47 ; 1.094.295,97 ; 1.098.402,69 ; 1.098.401,33 ; 1.098.401,33 ; 1.098.401,33 ; 2.029.180,55 ; 13.677.232,21 
PI;CAPITAO DE CAMPOS;2202406; 482.904,89 ; 531.195,38 ; 579.485,87 ; 627.776,36 ; 677.751,04 ; 723.916,25 ; 723.916,25 ; 772.177,34 ; 803.111,63 ; 803.110,63 ; 803.110,63 ; 803.110,63 ; 1.483.662,15 ; 9.815.229,05 
PI;CAPITAO GERVASIO OLIVEIRA;2202455; 4.189,08 ; 4.607,99 ; 5.026,90 ; 5.445,81 ; 5.819,89 ; 6.216,32 ; 6.216,32 ; 6.630,74 ; 10.042,93 ; 10.042,92 ; 10.042,92 ; 10.042,92 ; 18.553,24 ; 102.877,98 
PI;CARACOL;2202505; 352.334,41 ; 387.567,87 ; 422.801,31 ; 458.034,75 ; 494.455,79 ; 528.135,80 ; 528.135,80 ; 563.344,85 ; 565.200,39 ; 565.199,69 ; 565.199,69 ; 565.199,69 ; 1.044.146,78 ; 7.039.756,82 
PI;CARAUBAS DO PIAUI;2202539; 157.703,30 ; 173.473,62 ; 189.243,95 ; 205.014,28 ; 221.309,74 ; 236.384,32 ; 236.384,32 ; 252.143,27 ; 259.031,12 ; 259.030,80 ; 259.030,80 ; 259.030,80 ; 478.532,08 ; 3.186.312,40 
PI;CARIDADE DO PIAUI;2202554; 532.903,83 ; 586.194,22 ; 639.484,60 ; 692.774,98 ; 748.010,72 ; 798.961,69 ; 798.961,69 ; 852.225,80 ; 856.481,93 ; 856.480,87 ; 856.480,87 ; 856.480,87 ; 1.582.258,00 ; 10.657.700,07 
PI;CASTELO DO PIAUI;2202604; 1.060.428,86 ; 1.166.471,75 ; 1.272.514,63 ; 1.378.557,52 ; 1.488.442,85 ; 1.589.828,57 ; 1.589.828,57 ; 1.695.817,14 ; 1.702.465,74 ; 1.702.463,63 ; 1.702.463,63 ; 1.702.463,63 ; 3.145.121,90 ; 21.196.868,42 
PI;CAXINGO;2202653; 346.394,31 ; 381.033,75 ; 415.673,18 ; 450.312,61 ; 486.198,94 ; 519.316,52 ; 519.316,52 ; 553.937,62 ; 600.641,84 ; 600.641,09 ; 600.641,09 ; 600.641,09 ; 1.109.621,02 ; 7.184.369,58 
PI;COCAL;2202703; 1.659.830,36 ; 1.825.813,39 ; 1.991.796,43 ; 2.157.779,46 ; 2.329.816,95 ; 2.488.513,12 ; 2.488.513,12 ; 2.654.414,00 ; 2.664.979,78 ; 2.664.976,48 ; 2.664.976,48 ; 2.664.976,48 ; 4.923.262,86 ; 33.179.648,91 
PI;COCAL DE TELHA;2202711; 224.241,06 ; 246.665,17 ; 269.089,27 ; 291.513,38 ; 314.714,87 ; 336.151,77 ; 336.151,77 ; 358.561,89 ; 361.263,06 ; 361.262,61 ; 361.262,61 ; 361.262,61 ; 667.394,59 ; 4.489.534,66 
PI;COCAL DOS ALVES;2202729; 430.045,53 ; 473.050,09 ; 516.054,64 ; 559.059,19 ; 603.639,41 ; 644.756,48 ; 644.756,48 ; 687.740,25 ; 690.505,57 ; 690.504,71 ; 690.504,71 ; 690.504,71 ; 1.275.634,59 ; 8.596.756,36 
PI;COIVARAS;2202737; 176.814,24 ; 194.495,67 ; 212.177,09 ; 229.858,51 ; 248.152,47 ; 265.055,45 ; 265.055,45 ; 282.725,82 ; 283.722,69 ; 283.722,34 ; 283.722,34 ; 283.722,34 ; 524.147,10 ; 3.533.371,51 
PI;COLONIA DO GURGUEIA;2202752; 245.699,64 ; 270.269,60 ; 294.839,57 ; 319.409,53 ; 344.827,99 ; 368.316,05 ; 368.316,05 ; 392.870,46 ; 394.245,07 ; 394.244,58 ; 394.244,58 ; 394.244,58 ; 728.325,28 ; 4.909.852,98 
PI;COLONIA DO PIAUI;2202778; 311.507,37 ; 342.658,10 ; 373.808,84 ; 404.959,58 ; 437.217,58 ; 466.998,79 ; 466.998,79 ; 498.132,05 ; 513.937,05 ; 513.936,41 ; 513.936,41 ; 513.936,41 ; 949.443,34 ; 6.307.470,72 
PI;CONCEICAO DO CANINDE;2202802; 258.412,91 ; 284.254,20 ; 310.095,49 ; 335.936,78 ; 362.707,62 ; 387.413,56 ; 387.413,56 ; 413.241,13 ; 414.834,33 ; 414.833,81 ; 414.833,81 ; 414.833,81 ; 766.361,73 ; 5.165.172,74 
PI;CORONEL JOSE DIAS;2202851; 367.772,33 ; 404.549,56 ; 441.326,79 ; 478.104,02 ; 516.239,46 ; 551.403,26 ; 551.403,26 ; 588.163,48 ; 590.570,84 ; 590.570,11 ; 590.570,11 ; 590.570,11 ; 1.091.015,95 ; 7.352.259,28 
PI;CORRENTE;2202901; 635.639,71 ; 699.203,68 ; 762.767,65 ; 826.331,62 ; 892.035,37 ; 952.796,63 ; 952.796,63 ; 1.016.316,40 ; 1.020.902,49 ; 1.020.901,23 ; 1.020.901,23 ; 1.020.901,23 ; 1.886.007,27 ; 12.707.501,14 
PI;CRISTALANDIA DO PIAUI;2203008; 472.960,27 ; 520.256,29 ; 567.552,32 ; 614.848,35 ; 663.859,17 ; 709.078,14 ; 709.078,14 ; 756.350,01 ; 766.607,97 ; 766.607,03 ; 766.607,03 ; 766.607,03 ; 1.416.225,56 ; 9.496.637,31 
PI;CRISTINO CASTRO;2203107; 633.654,54 ; 697.019,99 ; 760.385,44 ; 823.750,90 ; 889.399,93 ; 949.981,67 ; 949.981,67 ; 1.013.313,78 ; 1.017.237,22 ; 1.017.235,96 ; 1.017.235,96 ; 1.017.235,96 ; 1.879.236,11 ; 12.665.669,13 
PI;CURIMATA;2203206; 621.616,35 ; 683.777,99 ; 745.939,62 ; 808.101,26 ; 899.187,39 ; 960.435,81 ; 960.435,81 ; 1.024.464,86 ; 1.028.445,48 ; 1.028.444,21 ; 1.028.444,21 ; 1.028.444,21 ; 1.899.942,14 ; 12.717.679,34 
PI;CURRAIS;2203230; 349.882,91 ; 384.871,21 ; 419.859,50 ; 454.847,79 ; 491.062,58 ; 524.511,46 ; 524.511,46 ; 559.478,89 ; 561.508,68 ; 561.507,99 ; 561.507,99 ; 561.507,99 ; 1.037.326,74 ; 6.992.385,19 
PI;CURRAL NOVO DO PIAUI;2203271; 459.985,30 ; 505.983,83 ; 551.982,36 ; 597.980,89 ; 645.655,39 ; 689.634,40 ; 689.634,40 ; 735.610,02 ; 747.191,98 ; 747.191,06 ; 747.191,06 ; 747.191,06 ; 1.380.356,60 ; 9.245.588,35 
PI;CURRALINHOS;2203255; 242.437,41 ; 266.681,15 ; 290.924,89 ; 315.168,63 ; 340.270,16 ; 363.447,76 ; 363.447,76 ; 387.677,61 ; 389.115,56 ; 389.115,07 ; 389.115,07 ; 389.115,07 ; 718.849,08 ; 4.845.365,22 
PI;DEMERVAL LOBAO;2203305; 820.956,30 ; 903.051,92 ; 985.147,55 ; 1.067.243,18 ; 1.152.261,26 ; 1.230.747,88 ; 1.230.747,88 ; 1.312.797,73 ; 1.317.737,46 ; 1.317.735,83 ; 1.317.735,83 ; 1.317.735,83 ; 2.434.377,88 ; 16.408.276,53 
PI;DIRCEU ARCOVERDE;2203354; 326.064,95 ; 358.671,44 ; 391.277,94 ; 423.884,44 ; 457.620,30 ; 488.791,24 ; 488.791,24 ; 521.377,32 ; 523.214,77 ; 523.214,12 ; 523.214,12 ; 523.214,12 ; 966.582,85 ; 6.515.918,85 
PI;DOM EXPEDITO LOPES;2203404; 269.574,94 ; 296.532,44 ; 323.489,93 ; 350.447,43 ; 378.369,45 ; 404.142,19 ; 404.142,19 ; 431.085,01 ; 446.323,67 ; 446.323,12 ; 446.323,12 ; 446.323,12 ; 824.534,88 ; 5.467.611,49 
PI;DOM INOCENCIO;2203453; 322.027,49 ; 354.230,24 ; 386.432,99 ; 418.635,74 ; 451.962,67 ; 482.748,24 ; 482.748,24 ; 514.931,45 ; 516.781,03 ; 516.780,38 ; 516.780,38 ; 516.780,38 ; 954.697,27 ; 6.435.536,50 
PI;DOMINGOS MOURAO;2203420; 235.764,34 ; 259.340,78 ; 282.917,21 ; 306.493,65 ; 330.893,87 ; 353.432,81 ; 353.432,81 ; 376.995,00 ; 378.352,14 ; 378.351,67 ; 378.351,67 ; 378.351,67 ; 698.964,84 ; 4.711.642,46 
PI;ELESBAO VELOSO;2203503; 242.919,24 ; 267.211,16 ; 291.503,09 ; 315.795,01 ; 310.141,18 ; 331.266,54 ; 331.266,54 ; 353.350,98 ; 355.338,58 ; 355.338,14 ; 355.338,14 ; 355.338,14 ; 656.449,73 ; 4.521.256,47 
PI;ELISEU MARTINS;2203602; 97.338,95 ; 107.072,84 ; 116.806,74 ; 126.540,64 ; 136.603,66 ; 145.908,46 ; 145.908,46 ; 155.635,69 ; 157.754,52 ; 157.754,32 ; 157.754,32 ; 157.754,32 ; 291.434,49 ; 1.954.267,41 
PI;ESPERANTINA;2203701; 1.990.683,68 ; 2.189.752,05 ; 2.388.820,42 ; 2.587.888,78 ; 2.794.114,02 ; 2.984.435,92 ; 2.984.435,92 ; 3.183.398,32 ; 3.196.194,54 ; 3.196.190,58 ; 3.196.190,58 ; 3.196.190,58 ; 5.904.624,87 ; 39.792.920,26 
PI;FARTURA DO PIAUI;2203750; 350.079,15 ; 385.087,07 ; 420.094,99 ; 455.102,90 ; 491.357,76 ; 524.826,74 ; 524.826,74 ; 559.815,19 ; 561.924,50 ; 561.923,80 ; 561.923,80 ; 561.923,80 ; 1.038.094,93 ; 6.996.981,37 
PI;FLORES DO PIAUI;2203800; 212.599,11 ; 233.859,02 ; 255.118,93 ; 276.378,84 ; 298.402,51 ; 318.728,28 ; 318.728,28 ; 339.976,83 ; 341.283,62 ; 341.283,20 ; 341.283,20 ; 341.283,20 ; 630.484,73 ; 4.249.409,75 
PI;FLORESTA DO PIAUI;2203859; 85.504,79 ; 94.055,27 ; 102.605,75 ; 111.156,23 ; 119.992,96 ; 128.166,32 ; 128.166,32 ; 136.710,74 ; 137.153,28 ; 137.153,11 ; 137.153,11 ; 137.153,11 ; 253.375,95 ; 1.708.346,94 
PI;FLORIANO;2203909; 1.264.718,84 ; 1.391.190,72 ; 1.517.662,61 ; 1.644.134,49 ; 1.774.946,88 ; 1.895.847,91 ; 1.895.847,91 ; 2.022.237,78 ; 2.110.657,66 ; 2.110.655,05 ; 2.110.655,05 ; 2.110.655,05 ; 3.899.212,49 ; 25.748.422,44 
PI;FRANCINOPOLIS;2204006; 166.905,33 ; 183.595,86 ; 200.286,40 ; 216.976,93 ; 234.244,90 ; 250.200,56 ; 250.200,56 ; 266.880,60 ; 267.818,52 ; 267.818,18 ; 267.818,18 ; 267.818,18 ; 494.765,88 ; 3.335.330,08 
PI;FRANCISCO AYRES;2204105; 80.738,03 ; 88.811,83 ; 96.885,63 ; 104.959,44 ; 113.291,22 ; 121.008,08 ; 121.008,08 ; 129.075,29 ; 129.444,28 ; 129.444,12 ; 129.444,12 ; 129.444,12 ; 239.134,38 ; 1.612.688,62 
PI;FRANCISCO MACEDO;2204154; 171.933,31 ; 189.126,65 ; 206.319,98 ; 223.513,31 ; 241.317,53 ; 257.754,94 ; 257.754,94 ; 274.938,61 ; 277.039,54 ; 277.039,20 ; 277.039,20 ; 277.039,20 ; 511.800,70 ; 3.442.617,11 
PI;FRANCISCO SANTOS;2204204; 333.967,59 ; 367.364,35 ; 400.761,11 ; 434.157,87 ; 468.763,86 ; 500.693,84 ; 500.693,84 ; 534.073,43 ; 536.163,73 ; 536.163,07 ; 536.163,07 ; 536.163,07 ; 990.504,67 ; 6.675.633,50 
PI;FRONTEIRAS;2204303; 496.208,74 ; 545.829,61 ; 595.450,49 ; 645.071,36 ; 696.480,33 ; 743.921,30 ; 743.921,30 ; 793.516,05 ; 796.587,84 ; 796.586,85 ; 796.586,85 ; 796.586,85 ; 1.471.610,14 ; 9.918.357,71 
PI;GEMINIANO;2204352; 583.761,22 ; 642.137,34 ; 700.513,46 ; 758.889,58 ; 819.446,23 ; 875.263,06 ; 875.263,06 ; 933.613,93 ; 940.617,34 ; 940.616,18 ; 940.616,18 ; 940.616,18 ; 1.737.689,12 ; 11.689.042,88 
PI;GILBUES;2204402; 549.996,63 ; 604.996,29 ; 659.995,95 ; 714.995,61 ; 771.945,09 ; 824.526,36 ; 824.526,36 ; 879.494,79 ; 882.772,15 ; 882.771,06 ; 882.771,06 ; 882.771,06 ; 1.630.826,35 ; 10.992.388,76 
PI;GUADALUPE;2204501; 391.568,41 ; 430.725,25 ; 469.882,09 ; 509.038,93 ; 549.559,47 ; 586.992,88 ; 586.992,88 ; 626.125,73 ; 628.361,96 ; 628.361,18 ; 628.361,18 ; 628.361,18 ; 1.160.830,94 ; 7.825.162,08 
PI;GUARIBAS;2204550; 213.668,40 ; 235.035,24 ; 256.402,08 ; 277.768,92 ; 299.879,02 ; 320.305,37 ; 320.305,37 ; 341.659,06 ; 342.875,82 ; 342.875,40 ; 342.875,40 ; 342.875,40 ; 633.426,14 ; 4.269.951,62 
PI;HUGO NAPOLEAO;2204600; 136.659,22 ; 150.325,14 ; 163.991,07 ; 177.656,99 ; 191.801,08 ; 204.865,67 ; 204.865,67 ; 218.523,38 ; 219.312,65 ; 219.312,38 ; 219.312,38 ; 219.312,38 ; 405.156,53 ; 2.731.094,54 
PI;ILHA GRANDE;2204659; 252.799,14 ; 278.079,05 ; 303.358,97 ; 328.638,88 ; 354.776,05 ; 378.941,73 ; 378.941,73 ; 404.204,51 ; 432.178,03 ; 432.177,49 ; 432.177,49 ; 432.177,49 ; 798.402,35 ; 5.206.852,91 
PI;INHUMA;2204709; 484.221,59 ; 532.643,75 ; 581.065,91 ; 629.488,07 ; 679.648,22 ; 725.942,66 ; 725.942,66 ; 774.338,84 ; 784.824,20 ; 784.823,23 ; 784.823,23 ; 784.823,23 ; 1.449.878,09 ; 9.722.463,68 
PI;IPIRANGA DO PIAUI;2204808; 586.015,67 ; 644.617,24 ; 703.218,80 ; 761.820,37 ; 822.562,64 ; 878.591,73 ; 878.591,73 ; 937.164,51 ; 941.085,54 ; 941.084,38 ; 941.084,38 ; 941.084,38 ; 1.738.554,07 ; 11.715.475,44 
PI;ISAIAS COELHO;2204907; 365.617,85 ; 402.179,64 ; 438.741,42 ; 475.303,21 ; 513.173,70 ; 548.128,68 ; 548.128,68 ; 584.670,59 ; 586.899,01 ; 586.898,28 ; 586.898,28 ; 586.898,28 ; 1.084.232,62 ; 7.307.770,24 
PI;ITAINOPOLIS;2205003; 378.501,68 ; 416.351,85 ; 454.202,02 ; 492.052,19 ; 531.261,34 ; 567.448,36 ; 567.448,36 ; 605.278,25 ; 682.121,56 ; 682.120,72 ; 682.120,72 ; 682.120,72 ; 1.260.146,01 ; 8.001.173,78 
PI;ITAUEIRA;2205102; 79.933,93 ; 87.927,33 ; 95.920,72 ; 103.914,11 ; 112.129,12 ; 119.766,83 ; 119.766,83 ; 127.751,29 ; 127.982,49 ; 127.982,33 ; 127.982,33 ; 127.982,33 ; 236.433,89 ; 1.595.473,53 
PI;JACOBINA DO PIAUI;2205151; 367.581,82 ; 404.340,01 ; 441.098,19 ; 477.856,37 ; 515.886,05 ; 551.025,78 ; 551.025,78 ; 587.760,83 ; 589.825,64 ; 589.824,91 ; 589.824,91 ; 589.824,91 ; 1.089.639,29 ; 7.345.514,49 
PI;JAICOS;2205201; 525.463,02 ; 578.009,32 ; 630.555,62 ; 683.101,92 ; 737.486,55 ; 787.720,67 ; 787.720,67 ; 840.235,38 ; 845.517,43 ; 845.516,39 ; 845.516,39 ; 845.516,39 ; 1.562.002,29 ; 10.514.362,04 
PI;JARDIM DO MULATO;2205250; 102.450,01 ; 112.695,01 ; 122.940,02 ; 133.185,02 ; 143.768,28 ; 153.561,10 ; 153.561,10 ; 163.798,51 ; 164.310,03 ; 164.309,83 ; 164.309,83 ; 164.309,83 ; 303.545,11 ; 2.046.743,68 
PI;JATOBA DO PIAUI;2205276; 397.083,09 ; 436.791,40 ; 476.499,71 ; 516.208,02 ; 557.373,56 ; 595.339,22 ; 595.339,22 ; 635.028,51 ; 637.591,18 ; 637.590,39 ; 637.590,39 ; 637.590,39 ; 1.177.880,94 ; 7.937.906,02 
PI;JERUMENHA;2205300; 169.961,02 ; 186.957,12 ; 203.953,22 ; 220.949,33 ; 238.538,62 ; 254.786,74 ; 254.786,74 ; 271.772,53 ; 272.748,19 ; 272.747,86 ; 272.747,86 ; 272.747,86 ; 503.872,91 ; 3.396.570,00 
PI;JOAO COSTA;2205359; 140.557,50 ; 154.613,25 ; 168.669,01 ; 182.724,76 ; 197.279,66 ; 210.717,42 ; 210.717,42 ; 224.765,25 ; 225.606,20 ; 225.605,92 ; 225.605,92 ; 225.605,92 ; 416.783,17 ; 2.809.251,40 
PI;JOAQUIM PIRES;2205409; 489.470,54 ; 538.417,60 ; 587.364,65 ; 636.311,71 ; 686.964,04 ; 733.756,80 ; 733.756,80 ; 782.673,92 ; 785.471,69 ; 785.470,72 ; 785.470,72 ; 785.470,72 ; 1.451.074,23 ; 9.781.674,14 
PI;JOCA MARQUES;2205458; 539.651,40 ; 593.616,54 ; 647.581,68 ; 701.546,82 ; 757.484,72 ; 809.081,01 ; 809.081,01 ; 863.019,75 ; 866.472,02 ; 866.470,94 ; 866.470,94 ; 866.470,94 ; 1.600.713,63 ; 10.787.661,40 
PI;JOSE DE FREITAS;2205508; 1.277.122,70 ; 1.404.834,97 ; 1.532.547,24 ; 1.660.259,51 ; 1.788.460,00 ; 1.910.281,48 ; 1.910.281,48 ; 2.037.633,58 ; 2.113.608,10 ; 2.113.605,49 ; 2.113.605,49 ; 2.113.605,49 ; 3.904.663,10 ; 25.880.508,63 
PI;JUAZEIRO DO PIAUI;2205516; 328.761,17 ; 361.637,29 ; 394.513,42 ; 427.389,54 ; 461.448,87 ; 492.880,59 ; 492.880,59 ; 525.739,30 ; 543.813,99 ; 543.813,32 ; 543.813,32 ; 543.813,32 ; 1.004.637,71 ; 6.665.142,43 
PI;JULIO BORGES;2205524; 324.456,60 ; 356.902,26 ; 389.347,92 ; 421.793,58 ; 455.396,47 ; 486.415,93 ; 486.415,93 ; 518.843,66 ; 520.804,70 ; 520.804,05 ; 520.804,05 ; 520.804,05 ; 962.130,51 ; 6.484.919,71 
PI;JUREMA;2205532; 44.861,78 ; 49.347,96 ; 53.834,14 ; 58.320,32 ; 62.901,50 ; 67.186,05 ; 67.186,05 ; 71.665,12 ; 71.678,28 ; 71.678,19 ; 71.678,19 ; 71.678,19 ; 132.417,91 ; 894.433,68 
PI;LAGOA ALEGRE;2205557; 574.788,84 ; 632.267,73 ; 689.746,61 ; 747.225,49 ; 806.775,91 ; 861.729,69 ; 861.729,69 ; 919.178,33 ; 922.737,63 ; 922.736,49 ; 922.736,49 ; 922.736,49 ; 1.704.658,28 ; 11.489.047,67 
PI;LAGOA DE SAO FRANCISCO;2205573; 387.866,79 ; 426.653,47 ; 465.440,15 ; 504.226,82 ; 544.401,23 ; 581.483,28 ; 581.483,28 ; 620.248,83 ; 622.610,39 ; 622.609,62 ; 622.609,62 ; 622.609,62 ; 1.150.205,54 ; 7.752.448,64 
PI;LAGOA DO PIAUI;2205581; 336.122,11 ; 369.734,32 ; 403.346,54 ; 436.958,75 ; 471.797,80 ; 503.934,45 ; 503.934,45 ; 537.530,08 ; 539.672,78 ; 539.672,12 ; 539.672,12 ; 539.672,12 ; 996.987,26 ; 6.719.034,90 
PI;LAGOA DO SITIO;2205599; 85.478,89 ; 94.026,78 ; 102.574,67 ; 111.122,56 ; 119.939,91 ; 128.109,65 ; 128.109,65 ; 136.650,30 ; 137.026,38 ; 137.026,21 ; 137.026,21 ; 137.026,21 ; 253.141,50 ; 1.707.258,92 
PI;LAGOINHA DO PIAUI;2205540; 69.074,02 ; 75.981,43 ; 82.888,83 ; 89.796,23 ; 96.929,32 ; 103.531,69 ; 103.531,69 ; 110.433,80 ; 110.769,24 ; 110.769,10 ; 110.769,10 ; 110.769,10 ; 204.634,28 ; 1.379.877,83 
PI;LANDRI SALES;2205607; 187.841,88 ; 206.626,06 ; 225.410,25 ; 244.194,44 ; 263.603,65 ; 281.559,09 ; 281.559,09 ; 300.329,70 ; 310.456,71 ; 310.456,32 ; 310.456,32 ; 310.456,32 ; 573.535,34 ; 3.806.485,17 
PI;LUIS CORREIA;2205706; 853.219,25 ; 938.541,18 ; 1.023.863,10 ; 1.109.185,03 ; 1.197.452,78 ; 1.279.017,63 ; 1.279.017,63 ; 1.364.285,47 ; 1.410.127,91 ; 1.410.126,17 ; 1.410.126,17 ; 1.410.126,17 ; 2.605.059,29 ; 17.290.147,78 
PI;LUZILANDIA;2205805; 937.560,64 ; 1.031.316,71 ; 1.125.072,77 ; 1.218.828,84 ; 1.315.810,79 ; 1.405.437,63 ; 1.405.437,63 ; 1.499.133,47 ; 1.526.849,37 ; 1.526.847,48 ; 1.526.847,48 ; 1.526.847,48 ; 2.820.689,58 ; 18.866.679,87 
PI;MADEIRO;2205854; 138.305,87 ; 152.136,46 ; 165.967,04 ; 179.797,63 ; 194.005,15 ; 207.219,87 ; 207.219,87 ; 221.034,53 ; 221.408,71 ; 221.408,44 ; 221.408,44 ; 221.408,44 ; 409.028,76 ; 2.760.349,21 
PI;MANOEL EMIDIO;2205904; 362.504,43 ; 398.754,87 ; 435.005,31 ; 471.255,75 ; 508.839,42 ; 543.499,17 ; 543.499,17 ; 579.732,44 ; 587.892,90 ; 587.892,17 ; 587.892,17 ; 587.892,17 ; 1.086.068,72 ; 7.280.728,69 
PI;MARCOLANDIA;2205953; 341.649,78 ; 375.814,76 ; 409.979,74 ; 444.144,72 ; 479.483,83 ; 512.144,01 ; 512.144,01 ; 546.286,95 ; 551.211,89 ; 551.211,21 ; 551.211,21 ; 551.211,21 ; 1.018.304,54 ; 6.844.797,86 
PI;MARCOS PARENTE;2206001; 128.109,02 ; 140.919,93 ; 153.730,83 ; 166.541,73 ; 179.786,53 ; 192.032,74 ; 192.032,74 ; 204.834,92 ; 217.903,00 ; 217.902,73 ; 217.902,73 ; 217.902,73 ; 402.552,33 ; 2.632.151,96 
PI;MASSAPE DO PIAUI;2206050; 299.415,74 ; 329.357,31 ; 359.298,89 ; 389.240,46 ; 420.257,07 ; 448.883,00 ; 448.883,00 ; 478.808,54 ; 480.646,51 ; 480.645,92 ; 480.645,92 ; 480.645,92 ; 887.942,66 ; 5.984.670,94 
PI;MATIAS OLIMPIO;2206100; 462.540,49 ; 508.794,54 ; 555.048,58 ; 601.302,63 ; 649.199,74 ; 693.420,17 ; 693.420,17 ; 739.648,18 ; 742.417,44 ; 742.416,52 ; 742.416,52 ; 742.416,52 ; 1.371.536,19 ; 9.244.577,69 
PI;MIGUEL ALVES;2206209; 2.712.587,00 ; 2.983.845,70 ; 3.255.104,40 ; 3.526.363,10 ; 3.807.476,13 ; 4.066.823,49 ; 4.066.823,49 ; 4.337.945,06 ; 4.355.052,78 ; 4.355.047,39 ; 4.355.047,39 ; 4.355.047,39 ; 8.045.490,52 ; 54.222.653,84 
PI;MILTON BRANDAO;2206357; 94.606,47 ; 104.067,12 ; 113.527,76 ; 122.988,41 ; 132.741,32 ; 141.783,03 ; 141.783,03 ; 151.235,23 ; 153.428,43 ; 153.428,24 ; 153.428,24 ; 153.428,24 ; 283.442,49 ; 1.899.888,01 
PI;MONSENHOR GIL;2206407; 757.738,65 ; 833.512,52 ; 909.286,38 ; 985.060,24 ; 1.063.616,46 ; 1.136.065,01 ; 1.136.065,01 ; 1.211.802,68 ; 1.216.699,16 ; 1.216.697,66 ; 1.216.697,66 ; 1.216.697,66 ; 2.247.720,52 ; 15.147.659,61 
PI;MONSENHOR HIPOLITO;2206506; 488.572,59 ; 537.429,85 ; 586.287,11 ; 635.144,37 ; 685.773,00 ; 732.484,63 ; 732.484,63 ; 781.316,94 ; 784.384,32 ; 784.383,35 ; 784.383,35 ; 784.383,35 ; 1.449.065,43 ; 9.766.092,92 
PI;MONTE ALEGRE DO PIAUI;2206605; 424.638,64 ; 467.102,50 ; 509.566,37 ; 552.030,23 ; 595.976,75 ; 636.571,88 ; 636.571,88 ; 679.010,01 ; 681.450,09 ; 681.449,25 ; 681.449,25 ; 681.449,25 ; 1.258.905,57 ; 8.486.171,67 
PI;MORRO CABECA NO TEMPO;2206654; 267.716,64 ; 294.488,31 ; 321.259,97 ; 348.031,64 ; 375.752,01 ; 401.346,47 ; 401.346,47 ; 428.102,91 ; 429.696,66 ; 429.696,12 ; 429.696,12 ; 429.696,12 ; 793.818,29 ; 5.350.647,73 
PI;MORRO DO CHAPEU DO PIAUI;2206670; 422.480,68 ; 464.728,75 ; 506.976,82 ; 549.224,89 ; 592.984,61 ; 633.375,93 ; 633.375,93 ; 675.600,99 ; 689.286,77 ; 689.285,92 ; 689.285,92 ; 689.285,92 ; 1.273.382,96 ; 8.509.276,09 
PI;MURICI DOS PORTELAS;2206696; 331.147,51 ; 364.262,26 ; 397.377,02 ; 430.491,77 ; 464.770,00 ; 496.427,94 ; 496.427,94 ; 529.523,14 ; 546.163,82 ; 546.163,14 ; 546.163,14 ; 546.163,14 ; 1.008.978,76 ; 6.704.059,58 
PI;NAZARE DO PIAUI;2206704; 153.047,18 ; 168.351,90 ; 183.656,62 ; 198.961,33 ; 214.779,96 ; 229.409,77 ; 229.409,77 ; 244.703,75 ; 259.490,45 ; 259.490,13 ; 259.490,13 ; 259.490,13 ; 479.380,64 ; 3.139.661,76 
PI;NAZARIA;2206720; 260.884,08 ; 286.972,48 ; 313.060,89 ; 339.149,30 ; 366.112,05 ; 391.049,89 ; 391.049,89 ; 417.119,88 ; 429.183,13 ; 429.182,60 ; 429.182,60 ; 429.182,60 ; 792.869,59 ; 5.274.998,98 
PI;NOSSA SENHORA DE NAZARE;2206753; 235.387,32 ; 258.926,05 ; 282.464,78 ; 306.003,51 ; 330.315,77 ; 352.815,33 ; 352.815,33 ; 376.336,35 ; 377.497,08 ; 377.496,62 ; 377.496,62 ; 377.496,62 ; 697.385,19 ; 4.702.436,57 
PI;NOSSA SENHORA DOS REMEDIOS;2206803; 545.557,18 ; 600.112,90 ; 654.668,62 ; 709.224,34 ; 765.637,79 ; 817.789,44 ; 817.789,44 ; 872.308,73 ; 875.256,67 ; 875.255,58 ; 875.255,58 ; 875.255,58 ; 1.616.942,32 ; 10.901.054,17 
PI;NOVA SANTA RITA;2207959; 141.439,29 ; 155.583,21 ; 169.727,14 ; 183.871,07 ; 198.508,10 ; 212.029,54 ; 212.029,54 ; 226.164,85 ; 226.974,64 ; 226.974,35 ; 226.974,35 ; 226.974,35 ; 419.311,21 ; 2.826.561,64 
PI;NOVO ORIENTE DO PIAUI;2206902; 147.427,70 ; 162.170,47 ; 176.913,24 ; 191.656,01 ; 206.908,73 ; 221.002,38 ; 221.002,38 ; 235.735,87 ; 236.563,97 ; 236.563,68 ; 236.563,68 ; 236.563,68 ; 437.026,46 ; 2.946.098,25 
PI;NOVO SANTO ANTONIO;2206951; 129.698,66 ; 142.668,52 ; 155.638,39 ; 168.608,25 ; 182.027,53 ; 194.426,39 ; 194.426,39 ; 207.388,15 ; 213.369,66 ; 213.369,40 ; 213.369,40 ; 213.369,40 ; 394.177,47 ; 2.622.537,61 
PI;OEIRAS;2207009; 1.053.603,36 ; 1.158.963,69 ; 1.264.324,03 ; 1.369.684,36 ; 1.478.718,57 ; 1.579.441,92 ; 1.579.441,92 ; 1.684.738,05 ; 1.764.602,21 ; 1.764.600,02 ; 1.764.600,02 ; 1.764.600,02 ; 3.259.912,34 ; 21.487.230,51 
PI;OLHO DAGUA DO PIAUI;2207108; 37.472,99 ; 41.220,29 ; 44.967,59 ; 48.714,89 ; 52.562,28 ; 56.142,58 ; 56.142,58 ; 59.885,42 ; 65.124,38 ; 65.124,30 ; 65.124,30 ; 65.124,30 ; 120.310,31 ; 777.916,21 
PI;PADRE MARCOS;2207207; 332.600,96 ; 365.861,06 ; 399.121,17 ; 432.381,26 ; 466.818,76 ; 498.616,26 ; 498.616,26 ; 531.857,34 ; 538.314,30 ; 538.313,64 ; 538.313,64 ; 538.313,64 ; 994.477,62 ; 6.673.605,91 
PI;PAES LANDIM;2207306; 107.803,66 ; 118.584,03 ; 129.364,39 ; 140.144,76 ; 151.278,52 ; 161.582,90 ; 161.582,90 ; 172.355,09 ; 179.499,33 ; 179.499,11 ; 179.499,11 ; 179.499,11 ; 331.605,68 ; 2.192.298,59 
PI;PAJEU DO PIAUI;2207355; 46.429,49 ; 51.072,44 ; 55.715,38 ; 60.358,33 ; 65.142,55 ; 69.579,76 ; 69.579,76 ; 74.218,41 ; 74.811,75 ; 74.811,66 ; 74.811,66 ; 74.811,66 ; 138.206,68 ; 929.549,53 
PI;PALMEIRA DO PIAUI;2207405; 249.994,72 ; 274.994,19 ; 299.993,66 ; 324.993,14 ; 350.875,61 ; 374.775,61 ; 374.775,61 ; 399.760,65 ; 401.237,37 ; 401.236,87 ; 401.236,87 ; 401.236,87 ; 741.242,81 ; 4.996.353,98 
PI;PALMEIRAIS;2207504; 422.472,36 ; 464.719,59 ; 506.966,83 ; 549.214,07 ; 592.882,94 ; 633.267,33 ; 633.267,33 ; 675.485,15 ; 690.684,01 ; 690.683,15 ; 690.683,15 ; 690.683,15 ; 1.275.964,23 ; 8.516.973,29 
PI;PAQUETA;2207553; 16.193,40 ; 17.812,74 ; 19.432,08 ; 21.051,42 ; 22.634,50 ; 24.176,26 ; 24.176,26 ; 25.788,01 ; 25.512,77 ; 25.512,73 ; 25.512,73 ; 25.512,73 ; 47.132,12 ; 320.447,75 
PI;PARNAGUA;2207603; 337.306,30 ; 371.036,93 ; 404.767,57 ; 438.498,20 ; 473.401,22 ; 505.647,08 ; 505.647,08 ; 539.356,88 ; 541.273,90 ; 541.273,23 ; 541.273,23 ; 541.273,23 ; 999.945,15 ; 6.740.700,00 
PI;PARNAIBA;2207702; 3.174.363,73 ; 3.491.800,10 ; 3.809.236,48 ; 4.126.672,85 ; 4.455.088,85 ; 4.758.548,54 ; 4.758.548,54 ; 5.075.785,10 ; 5.169.970,88 ; 5.169.964,48 ; 5.169.964,48 ; 5.169.964,48 ; 9.550.963,88 ; 63.880.872,39 
PI;PASSAGEM FRANCA DO PIAUI;2207751; 292.334,68 ; 321.568,14 ; 350.801,61 ; 380.035,08 ; 410.315,88 ; 438.264,67 ; 438.264,67 ; 467.482,31 ; 475.508,49 ; 475.507,90 ; 475.507,90 ; 475.507,90 ; 878.450,72 ; 5.879.549,95 
PI;PATOS DO PIAUI;2207777; 290.520,54 ; 319.572,59 ; 348.624,65 ; 377.676,70 ; 407.765,10 ; 435.540,14 ; 435.540,14 ; 464.576,15 ; 466.332,76 ; 466.332,19 ; 466.332,19 ; 466.332,19 ; 861.499,54 ; 5.806.644,88 
PI;PAU DARCO DO PIAUI;2207793; 118.255,33 ; 130.080,86 ; 141.906,40 ; 153.731,93 ; 165.962,70 ; 177.267,30 ; 177.267,30 ; 189.085,12 ; 189.734,21 ; 189.733,98 ; 189.733,98 ; 189.733,98 ; 350.513,52 ; 2.363.006,61 
PI;PAULISTANA;2207801; 719.785,43 ; 791.763,97 ; 863.742,51 ; 935.721,05 ; 1.010.204,63 ; 1.079.015,02 ; 1.079.015,02 ; 1.150.949,35 ; 1.171.096,22 ; 1.171.094,77 ; 1.171.094,77 ; 1.171.094,77 ; 2.163.474,02 ; 14.478.051,53 
PI;PAVUSSU;2207850; 129.940,54 ; 142.934,60 ; 155.928,65 ; 168.922,70 ; 182.365,58 ; 194.787,46 ; 194.787,46 ; 207.773,30 ; 208.500,61 ; 208.500,35 ; 208.500,35 ; 208.500,35 ; 385.182,42 ; 2.596.624,37 
PI;PEDRO II;2207900; 1.160.528,57 ; 1.276.581,43 ; 1.392.634,29 ; 1.508.687,14 ; 1.628.812,68 ; 1.739.759,73 ; 1.739.759,73 ; 1.855.743,71 ; 1.885.921,90 ; 1.885.919,57 ; 1.885.919,57 ; 1.885.919,57 ; 3.484.037,40 ; 23.330.225,29 
PI;PEDRO LAURENTINO;2207934; 16.371,29 ; 18.008,42 ; 19.645,55 ; 21.282,68 ; 22.950,23 ; 24.513,49 ; 24.513,49 ; 26.147,72 ; 26.135,62 ; 26.135,59 ; 26.135,59 ; 26.135,59 ; 48.282,77 ; 326.258,03 
PI;Piauí;22; 37.941.764,26 ; 41.735.940,68 ; 45.530.117,11 ; 49.324.293,53 ; 53.412.918,46 ; 57.051.155,15 ; 57.051.155,15 ; 60.854.565,49 ; 62.159.224,73 ; 62.159.147,78 ; 62.159.147,78 ; 62.159.147,78 ; 114.832.467,34 ; 766.371.045,24 
PI;PICOS;2208007; 2.036.142,04 ; 2.239.756,25 ; 2.443.370,45 ; 2.646.984,66 ; 2.857.857,21 ; 3.052.521,00 ; 3.052.521,00 ; 3.256.022,40 ; 3.271.710,82 ; 3.271.706,77 ; 3.271.706,77 ; 3.271.706,77 ; 6.044.133,03 ; 40.716.139,17 
PI;PIMENTEIRAS;2208106; 287.289,33 ; 316.018,26 ; 344.747,19 ; 373.476,13 ; 403.204,54 ; 430.668,94 ; 430.668,94 ; 459.380,20 ; 470.629,53 ; 470.628,95 ; 470.628,95 ; 470.628,95 ; 869.437,37 ; 5.797.407,28 
PI;PIO IX;2208205; 654.624,43 ; 720.086,87 ; 785.549,32 ; 851.011,76 ; 918.783,91 ; 981.367,14 ; 981.367,14 ; 1.046.791,62 ; 1.054.161,70 ; 1.054.160,40 ; 1.054.160,40 ; 1.054.160,40 ; 1.947.450,07 ; 13.103.675,16 
PI;PIRACURUCA;2208304; 1.221.725,53 ; 1.343.898,08 ; 1.466.070,63 ; 1.588.243,18 ; 1.714.837,18 ; 1.831.643,82 ; 1.831.643,82 ; 1.953.753,41 ; 2.008.930,22 ; 2.008.927,73 ; 2.008.927,73 ; 2.008.927,73 ; 3.711.282,00 ; 24.698.811,06 
PI;PIRIPIRI;2208403; 2.500.412,06 ; 2.750.453,26 ; 3.000.494,47 ; 3.250.535,67 ; 3.509.512,01 ; 3.748.563,45 ; 3.748.563,45 ; 3.998.467,68 ; 4.106.928,84 ; 4.106.923,76 ; 4.106.923,76 ; 4.106.923,76 ; 7.587.108,32 ; 50.521.810,49 
PI;PORTO;2208502; 1.407.614,66 ; 1.548.376,12 ; 1.689.137,59 ; 1.829.899,05 ; 1.975.845,44 ; 2.110.430,74 ; 2.110.430,74 ; 2.251.126,12 ; 2.301.631,04 ; 2.301.628,19 ; 2.301.628,19 ; 2.301.628,19 ; 4.252.015,21 ; 28.381.391,28 
PI;PORTO ALEGRE DO PIAUI;2208551; 74.852,17 ; 82.337,39 ; 89.822,61 ; 97.307,83 ; 105.041,39 ; 112.196,31 ; 112.196,31 ; 119.676,07 ; 120.054,55 ; 120.054,40 ; 120.054,40 ; 120.054,40 ; 221.787,88 ; 1.495.435,71 
PI;PRATA DO PIAUI;2208601; 66.123,36 ; 72.735,69 ; 79.348,03 ; 85.960,37 ; 92.779,45 ; 99.099,15 ; 99.099,15 ; 105.705,76 ; 109.362,12 ; 109.361,99 ; 109.361,99 ; 109.361,99 ; 202.034,76 ; 1.340.333,81 
PI;QUEIMADA NOVA;2208650; 435.044,73 ; 478.549,20 ; 522.053,67 ; 565.558,14 ; 610.619,71 ; 652.212,26 ; 652.212,26 ; 695.693,07 ; 698.344,19 ; 698.343,32 ; 698.343,32 ; 698.343,32 ; 1.290.115,58 ; 8.695.432,77 
PI;REDENCAO DO GURGUEIA;2208700; 478.641,20 ; 526.505,32 ; 574.369,44 ; 622.233,56 ; 671.814,09 ; 717.574,90 ; 717.574,90 ; 765.413,23 ; 769.621,55 ; 769.620,60 ; 769.620,60 ; 769.620,60 ; 1.421.792,81 ; 9.574.402,80 
PI;REGENERACAO;2208809; 1.200.305,26 ; 1.320.335,79 ; 1.440.366,31 ; 1.560.396,84 ; 1.684.835,10 ; 1.799.598,14 ; 1.799.598,14 ; 1.919.571,35 ; 1.960.308,19 ; 1.960.305,77 ; 1.960.305,77 ; 1.960.305,77 ; 3.621.458,05 ; 24.187.690,48 
PI;RIACHO FRIO;2208858; 287.552,54 ; 316.307,79 ; 345.063,05 ; 373.818,30 ; 403.557,69 ; 431.046,15 ; 431.046,15 ; 459.782,56 ; 461.356,02 ; 461.355,45 ; 461.355,45 ; 461.355,45 ; 852.305,53 ; 5.745.902,13 
PI;RIBEIRA DO PIAUI;2208874; 137.029,95 ; 150.732,94 ; 164.435,94 ; 178.138,93 ; 192.311,99 ; 205.411,38 ; 205.411,38 ; 219.105,47 ; 220.038,31 ; 220.038,04 ; 220.038,04 ; 220.038,04 ; 406.497,09 ; 2.739.227,50 
PI;RIO GRANDE DO PIAUI;2209005; 239.702,01 ; 263.672,21 ; 287.642,41 ; 311.612,61 ; 336.435,77 ; 359.352,19 ; 359.352,19 ; 383.309,00 ; 384.749,94 ; 384.749,46 ; 384.749,46 ; 384.749,46 ; 710.784,07 ; 4.790.860,78 
PI;SANTA CRUZ DO PIAUI;2209104; 323.553,87 ; 355.909,26 ; 388.264,65 ; 420.620,04 ; 452.926,56 ; 483.777,79 ; 483.777,79 ; 516.029,64 ; 520.173,85 ; 520.173,21 ; 520.173,21 ; 520.173,21 ; 960.965,09 ; 6.466.518,17 
PI;SANTA CRUZ DOS MILAGRES;2209153; 71.965,61 ; 79.162,17 ; 86.358,73 ; 93.555,29 ; 100.978,14 ; 107.856,29 ; 107.856,29 ; 115.046,71 ; 115.361,08 ; 115.360,94 ; 115.360,94 ; 115.360,94 ; 213.117,20 ; 1.437.340,33 
PI;SANTA FILOMENA;2209203; 115.301,19 ; 126.831,31 ; 138.361,43 ; 149.891,55 ; 161.775,68 ; 172.795,07 ; 172.795,07 ; 184.314,75 ; 185.320,70 ; 185.320,47 ; 185.320,47 ; 185.320,47 ; 342.360,02 ; 2.305.708,18 
PI;SANTA LUZ;2209302; 238.539,21 ; 262.393,13 ; 286.247,05 ; 310.100,97 ; 334.796,47 ; 357.601,23 ; 357.601,23 ; 381.441,31 ; 383.024,78 ; 383.024,30 ; 383.024,30 ; 383.024,30 ; 707.597,03 ; 4.768.415,31 
PI;SANTA ROSA DO PIAUI;2209377; 232.961,74 ; 256.257,91 ; 279.554,08 ; 302.850,26 ; 326.987,43 ; 349.260,28 ; 349.260,28 ; 372.544,30 ; 378.618,49 ; 378.618,02 ; 378.618,02 ; 378.618,02 ; 699.456,87 ; 4.683.605,70 
PI;SANTANA DO PIAUI;2209351; 123.972,58 ; 136.369,84 ; 148.767,10 ; 161.164,36 ; 173.982,20 ; 185.833,04 ; 185.833,04 ; 198.221,91 ; 198.885,54 ; 198.885,29 ; 198.885,29 ; 198.885,29 ; 367.419,63 ; 2.477.105,11 
PI;SANTO ANTONIO DE LISBOA;2209401; 167.412,76 ; 184.154,03 ; 200.895,31 ; 217.636,59 ; 234.971,31 ; 250.976,45 ; 250.976,45 ; 267.708,22 ; 275.318,56 ; 275.318,22 ; 275.318,22 ; 275.318,22 ; 508.621,38 ; 3.384.625,72 
PI;SANTO INACIO DO PIAUI;2209500; 144.049,97 ; 158.454,97 ; 172.859,96 ; 187.264,96 ; 202.164,10 ; 215.934,57 ; 215.934,57 ; 230.330,21 ; 231.122,94 ; 231.122,65 ; 231.122,65 ; 231.122,65 ; 426.974,76 ; 2.878.458,96 
PI;SAO BRAZ DO PIAUI;2209559; 179.573,18 ; 197.530,50 ; 215.487,81 ; 233.445,13 ; 252.027,86 ; 269.194,81 ; 269.194,81 ; 287.141,13 ; 288.166,72 ; 288.166,36 ; 288.166,36 ; 288.166,36 ; 532.357,00 ; 3.588.618,03 
PI;SAO FELIX DO PIAUI;2209609; 52.738,04 ; 58.011,85 ; 63.285,65 ; 68.559,45 ; 73.989,98 ; 79.029,83 ; 79.029,83 ; 84.298,48 ; 84.492,70 ; 84.492,59 ; 84.492,59 ; 84.492,59 ; 156.091,19 ; 1.053.004,77 
PI;SAO FRANCISCO DE ASSIS DO PIAUI;2209658; 238.255,14 ; 262.080,66 ; 285.906,17 ; 309.731,68 ; 334.393,50 ; 357.170,82 ; 357.170,82 ; 380.982,20 ; 382.368,81 ; 382.368,34 ; 382.368,34 ; 382.368,34 ; 706.385,18 ; 4.761.550,00 
PI;SAO FRANCISCO DO PIAUI;2209708; 83.537,51 ; 91.891,26 ; 100.245,01 ; 108.598,76 ; 117.201,97 ; 125.185,22 ; 125.185,22 ; 133.530,90 ; 133.843,38 ; 133.843,21 ; 133.843,21 ; 133.843,21 ; 247.261,24 ; 1.668.010,10 
PI;SAO GONCALO DO GURGUEIA;2209757; 121.945,67 ; 134.140,23 ; 146.334,80 ; 158.529,37 ; 171.142,02 ; 182.799,41 ; 182.799,41 ; 194.986,04 ; 195.656,22 ; 195.655,98 ; 195.655,98 ; 195.655,98 ; 361.453,81 ; 2.436.754,92 
PI;SAO GONCALO DO PIAUI;2209807; 172.088,91 ; 189.297,81 ; 206.506,70 ; 223.715,59 ; 241.536,30 ; 257.988,62 ; 257.988,62 ; 275.187,86 ; 278.180,25 ; 278.179,91 ; 278.179,91 ; 278.179,91 ; 513.908,04 ; 3.450.938,43 
PI;SAO JOAO DA CANABRAVA;2209856; 78.717,40 ; 86.589,14 ; 94.460,88 ; 102.332,62 ; 110.413,34 ; 117.934,18 ; 117.934,18 ; 125.796,46 ; 141.095,00 ; 141.094,82 ; 141.094,82 ; 141.094,82 ; 260.657,84 ; 1.659.215,50 
PI;SAO JOAO DA FRONTEIRA;2209872; 414.605,92 ; 456.066,51 ; 497.527,10 ; 538.987,69 ; 581.968,11 ; 621.609,04 ; 621.609,04 ; 663.049,64 ; 665.718,61 ; 665.717,79 ; 665.717,79 ; 665.717,79 ; 1.229.843,33 ; 8.288.138,36 
PI;SAO JOAO DA SERRA;2209906; 174.410,99 ; 191.852,09 ; 209.293,19 ; 226.734,29 ; 244.789,87 ; 261.463,80 ; 261.463,80 ; 278.894,72 ; 279.918,77 ; 279.918,42 ; 279.918,42 ; 279.918,42 ; 517.119,79 ; 3.485.696,57 
PI;SAO JOAO DA VARJOTA;2209955; 363.810,05 ; 400.191,05 ; 436.572,06 ; 472.953,06 ; 510.666,21 ; 545.450,39 ; 545.450,39 ; 581.813,75 ; 590.229,40 ; 590.228,67 ; 590.228,67 ; 590.228,67 ; 1.090.385,19 ; 7.308.207,56 
PI;SAO JOAO DO ARRAIAL;2209971; 490.014,64 ; 539.016,11 ; 588.017,57 ; 637.019,03 ; 687.745,09 ; 734.591,05 ; 734.591,05 ; 783.563,79 ; 786.433,78 ; 786.432,81 ; 786.432,81 ; 786.432,81 ; 1.452.851,59 ; 9.793.142,13 
PI;SAO JOAO DO PIAUI;2210003; 933.863,93 ; 1.027.250,32 ; 1.120.636,71 ; 1.214.023,11 ; 1.310.737,83 ; 1.400.019,13 ; 1.400.019,13 ; 1.493.353,73 ; 1.503.798,10 ; 1.503.796,24 ; 1.503.796,24 ; 1.503.796,24 ; 2.778.104,88 ; 18.693.195,59 
PI;SAO JOSE DO DIVINO;2210052; 224.824,77 ; 247.307,25 ; 269.789,73 ; 292.272,21 ; 315.553,96 ; 337.048,01 ; 337.048,01 ; 359.517,87 ; 369.003,19 ; 369.002,73 ; 369.002,73 ; 369.002,73 ; 681.693,66 ; 4.541.066,85 
PI;SAO JOSE DO PEIXE;2210102; 57.105,79 ; 62.816,37 ; 68.526,95 ; 74.237,53 ; 80.120,11 ; 85.577,52 ; 85.577,52 ; 91.282,69 ; 91.502,17 ; 91.502,05 ; 91.502,05 ; 91.502,05 ; 169.040,42 ; 1.140.293,22 
PI;SAO JOSE DO PIAUI;2210201; 164.761,81 ; 181.238,00 ; 197.714,18 ; 214.190,36 ; 231.242,58 ; 246.993,73 ; 246.993,73 ; 263.459,98 ; 265.685,85 ; 265.685,53 ; 265.685,53 ; 265.685,53 ; 490.826,00 ; 3.300.162,81 
PI;SAO JULIAO;2210300; 692.103,61 ; 761.313,97 ; 830.524,33 ; 899.734,69 ; 971.546,20 ; 1.037.723,36 ; 1.037.723,36 ; 1.106.904,92 ; 1.111.614,60 ; 1.111.613,22 ; 1.111.613,22 ; 1.111.613,22 ; 2.053.588,12 ; 13.837.616,82 
PI;SAO LUIS DO PIAUI;2210375; 94.059,81 ; 103.465,79 ; 112.871,78 ; 122.277,76 ; 132.012,23 ; 141.004,28 ; 141.004,28 ; 150.404,56 ; 150.945,32 ; 150.945,13 ; 150.945,13 ; 150.945,13 ; 278.855,24 ; 1.879.736,44 
PI;SAO MIGUEL DA BAIXA GRANDE;2210383; 37.124,67 ; 40.837,14 ; 44.549,61 ; 48.262,08 ; 52.084,68 ; 55.632,45 ; 55.632,45 ; 59.341,28 ; 59.477,26 ; 59.477,18 ; 59.477,18 ; 59.477,18 ; 109.877,86 ; 741.251,02 
PI;SAO MIGUEL DO FIDALGO;2210391; 99.295,07 ; 109.224,57 ; 119.154,08 ; 129.083,59 ; 139.350,09 ; 148.841,96 ; 148.841,96 ; 158.764,76 ; 159.296,83 ; 159.296,63 ; 159.296,63 ; 159.296,63 ; 294.283,75 ; 1.984.026,55 
PI;SAO MIGUEL DO TAPUIO;2210409; 1.021.022,52 ; 1.123.124,77 ; 1.225.227,02 ; 1.327.329,28 ; 1.433.080,40 ; 1.530.695,10 ; 1.530.695,10 ; 1.632.741,44 ; 1.638.941,45 ; 1.638.939,42 ; 1.638.939,42 ; 1.638.939,42 ; 3.027.767,63 ; 20.407.442,97 
PI;SAO PEDRO DO PIAUI;2210508; 768.693,28 ; 845.562,61 ; 922.431,94 ; 999.301,27 ; 1.078.925,52 ; 1.152.416,85 ; 1.152.416,85 ; 1.229.244,63 ; 1.233.943,40 ; 1.233.941,87 ; 1.233.941,87 ; 1.233.941,87 ; 2.279.577,39 ; 15.364.339,35 
PI;SAO RAIMUNDO NONATO;2210607; 1.289.614,94 ; 1.418.576,43 ; 1.547.537,93 ; 1.676.499,42 ; 1.809.996,77 ; 1.933.285,23 ; 1.933.285,23 ; 2.062.170,91 ; 2.080.117,61 ; 2.080.115,03 ; 2.080.115,03 ; 2.080.115,03 ; 3.842.793,03 ; 25.834.222,59 
PI;SEBASTIAO BARROS;2210623; 150.112,67 ; 165.123,94 ; 180.135,20 ; 195.146,47 ; 210.665,64 ; 225.015,19 ; 225.015,19 ; 240.016,20 ; 240.814,36 ; 240.814,06 ; 240.814,06 ; 240.814,06 ; 444.878,61 ; 2.999.365,65 
PI;SEBASTIAO LEAL;2210631; 55.992,50 ; 61.591,75 ; 67.191,00 ; 72.790,25 ; 78.535,75 ; 83.885,23 ; 83.885,23 ; 89.477,58 ; 89.781,65 ; 89.781,53 ; 89.781,53 ; 89.781,53 ; 165.861,95 ; 1.118.337,48 
PI;SIGEFREDO PACHECO;2210656; 182.803,36 ; 201.083,70 ; 219.364,03 ; 237.644,37 ; 256.529,76 ; 274.003,36 ; 274.003,36 ; 292.270,25 ; 313.154,46 ; 313.154,07 ; 313.154,07 ; 313.154,07 ; 578.519,13 ; 3.768.837,99 
PI;SIMOES;2210706; 663.521,65 ; 729.873,81 ; 796.225,97 ; 862.578,14 ; 931.253,13 ; 994.685,71 ; 994.685,71 ; 1.060.998,09 ; 1.091.250,05 ; 1.091.248,70 ; 1.091.248,70 ; 1.091.248,70 ; 2.015.966,80 ; 13.414.785,16 
PI;SIMPLICIO MENDES;2210805; 558.546,46 ; 614.401,11 ; 670.255,75 ; 726.110,40 ; 783.955,14 ; 837.354,48 ; 837.354,48 ; 893.178,11 ; 896.545,96 ; 896.544,85 ; 896.544,85 ; 896.544,85 ; 1.656.272,00 ; 11.163.608,44 
PI;SOCORRO DO PIAUI;2210904; 232.211,49 ; 255.432,64 ; 278.653,78 ; 301.874,93 ; 325.923,19 ; 348.123,54 ; 348.123,54 ; 371.331,78 ; 372.730,89 ; 372.730,43 ; 372.730,43 ; 372.730,43 ; 688.580,19 ; 4.641.177,26 
PI;SUSSUAPARA;2210938; 323.372,43 ; 355.709,68 ; 388.046,92 ; 420.384,16 ; 453.893,91 ; 484.811,02 ; 484.811,02 ; 517.131,76 ; 519.162,19 ; 519.161,55 ; 519.161,55 ; 519.161,55 ; 959.096,17 ; 6.463.903,91 
PI;TAMBORIL DO PIAUI;2210953; 122.564,08 ; 134.820,49 ; 147.076,90 ; 159.333,30 ; 172.011,11 ; 183.727,70 ; 183.727,70 ; 195.976,21 ; 196.654,52 ; 196.654,28 ; 196.654,28 ; 196.654,28 ; 363.298,07 ; 2.449.152,92 
PI;TANQUE DO PIAUI;2210979; 53.813,50 ; 59.194,85 ; 64.576,20 ; 69.957,55 ; 75.507,54 ; 80.650,76 ; 80.650,76 ; 86.027,48 ; 93.691,65 ; 93.691,53 ; 93.691,53 ; 93.691,53 ; 173.085,26 ; 1.118.230,14 
PI;UNIAO;2211100; 1.741.042,34 ; 1.915.146,57 ; 2.089.250,81 ; 2.263.355,04 ; 2.443.531,60 ; 2.609.973,48 ; 2.609.973,48 ; 2.783.971,71 ; 2.793.949,79 ; 2.793.946,33 ; 2.793.946,33 ; 2.793.946,33 ; 5.161.521,02 ; 34.793.554,83 
PI;URUCUI;2211209; 40.331,82 ; 44.365,00 ; 48.398,18 ; 52.431,36 ; 56.312,43 ; 60.148,17 ; 60.148,17 ; 64.158,05 ; 97.959,53 ; 97.959,41 ; 97.959,41 ; 97.959,41 ; 180.969,71 ; 999.100,65 
PI;VALENCA DO PIAUI;2211308; 1.020.703,73 ; 1.122.774,11 ; 1.224.844,48 ; 1.326.914,85 ; 1.432.719,39 ; 1.530.309,49 ; 1.530.309,49 ; 1.632.330,13 ; 1.680.617,99 ; 1.680.615,90 ; 1.680.615,90 ; 1.680.615,90 ; 3.104.760,55 ; 20.648.131,91 
PI;VARZEA BRANCA;2211357; 250.522,71 ; 275.574,98 ; 300.627,25 ; 325.679,52 ; 351.619,44 ; 375.570,10 ; 375.570,10 ; 400.608,10 ; 402.098,98 ; 402.098,48 ; 402.098,48 ; 402.098,48 ; 742.834,53 ; 5.007.001,15 
PI;VARZEA GRANDE;2211407; 287.220,94 ; 315.943,03 ; 344.665,12 ; 373.387,22 ; 403.147,19 ; 430.607,68 ; 430.607,68 ; 459.314,86 ; 461.104,32 ; 461.103,75 ; 461.103,75 ; 461.103,75 ; 851.840,54 ; 5.741.149,83 
PI;VERA MENDES;2211506; 239.069,64 ; 262.976,60 ; 286.883,57 ; 310.790,53 ; 335.553,65 ; 358.409,99 ; 358.409,99 ; 382.303,99 ; 387.307,30 ; 387.306,82 ; 387.306,82 ; 387.306,82 ; 715.508,50 ; 4.799.134,22 
PI;VILA NOVA DO PIAUI;2211605; 442.290,99 ; 486.520,09 ; 530.749,19 ; 574.978,29 ; 620.850,88 ; 663.140,32 ; 663.140,32 ; 707.349,67 ; 710.284,88 ; 710.284,00 ; 710.284,00 ; 710.284,00 ; 1.312.174,70 ; 8.842.331,33 
PI;WALL FERRAZ;2211704; 369.574,87 ; 406.532,36 ; 443.489,84 ; 480.447,33 ; 518.727,84 ; 554.061,14 ; 554.061,14 ; 590.998,55 ; 656.613,18 ; 656.612,37 ; 656.612,37 ; 656.612,37 ; 1.213.022,04 ; 7.757.365,40 
PR;AGUDOS DO SUL;4100301; 40.733,69 ; 44.807,05 ; 48.880,42 ; 52.953,79 ; 147.135,40 ; 157.157,57 ; 157.157,57 ; 167.634,74 ; 171.955,91 ; 171.955,70 ; 171.955,70 ; 171.955,70 ; 317.670,05 ; 1.821.953,29 
PR;ALTO PIQUIRI;4100707; -   ; -   ; -   ; -   ; 18.714,53 ; 19.989,28 ; 19.989,28 ; 21.321,90 ; 24.958,00 ; 24.957,97 ; 24.957,97 ; 24.957,97 ; 46.107,27 ; 225.954,17 
PR;ALTONIA;4100509; -   ; -   ; -   ; -   ; 18.712,70 ; 19.987,32 ; 19.987,32 ; 21.319,81 ; 22.162,24 ; 22.162,21 ; 22.162,21 ; 22.162,21 ; 40.942,39 ; 209.598,41 
PR;AMPERE;4101002; -   ; -   ; -   ; -   ; 105.386,75 ; 112.565,20 ; 112.565,20 ; 120.069,54 ; 122.783,67 ; 122.783,51 ; 122.783,51 ; 122.783,51 ; 226.829,62 ; 1.168.550,51 
PR;APUCARANA;4101408; -   ; -   ; -   ; -   ; 210.894,02 ; 225.259,13 ; 225.259,13 ; 240.276,40 ; 236.745,12 ; 236.744,83 ; 236.744,83 ; 236.744,83 ; 437.361,10 ; 2.286.029,39 
PR;ARAPOTI;4101606; -   ; -   ; -   ; -   ; 60.915,99 ; 65.065,30 ; 65.065,30 ; 69.402,98 ; 86.033,05 ; 86.032,95 ; 86.032,95 ; 86.032,95 ; 158.936,82 ; 763.518,29 
PR;ASSIS CHATEAUBRIAND;4102000; -   ; -   ; -   ; -   ; 55.095,39 ; 58.848,23 ; 58.848,23 ; 62.771,45 ; 61.739,41 ; 61.739,33 ; 61.739,33 ; 61.739,33 ; 114.056,95 ; 596.577,65 
PR;ATALAIA;4102208; 25.117,89 ; 27.629,67 ; 30.141,46 ; 32.653,25 ; 60.786,45 ; 64.926,94 ; 64.926,94 ; 69.255,40 ; 69.382,39 ; 69.382,31 ; 69.382,31 ; 69.382,31 ; 128.176,51 ; 781.143,83 
PR;BANDEIRANTES;4102406; -   ; -   ; -   ; -   ; 95.443,01 ; 101.944,14 ; 101.944,14 ; 108.740,42 ; 110.186,91 ; 110.186,77 ; 110.186,77 ; 110.186,77 ; 203.558,48 ; 1.052.377,41 
PR;BELA VISTA DA CAROBA;4102752; -   ; -   ; -   ; -   ; 53.584,94 ; 57.234,89 ; 57.234,89 ; 61.050,55 ; 61.165,68 ; 61.165,61 ; 61.165,61 ; 61.165,61 ; 112.997,03 ; 586.764,81 
PR;BELA VISTA DO PARAISO;4102802; -   ; -   ; -   ; -   ; 55.258,94 ; 59.022,92 ; 59.022,92 ; 62.957,78 ; 64.056,85 ; 64.056,77 ; 64.056,77 ; 64.056,77 ; 118.338,17 ; 610.827,89 
PR;BITURUNA;4102901; 110.643,68 ; 121.708,05 ; 132.772,42 ; 143.836,79 ; 236.325,17 ; 252.422,53 ; 252.422,53 ; 269.250,70 ; 273.447,57 ; 273.447,23 ; 273.447,23 ; 273.447,23 ; 505.164,95 ; 3.118.336,08 
PR;BOA VISTA DA APARECIDA;4103057; -   ; -   ; -   ; -   ; 24.271,50 ; 25.924,76 ; 25.924,76 ; 27.653,08 ; 27.449,66 ; 27.449,62 ; 27.449,62 ; 27.449,62 ; 50.710,31 ; 264.282,93 
PR;BOCAIUVA DO SUL;4103107; -   ; -   ; -   ; -   ; 69.687,97 ; 74.434,78 ; 74.434,78 ; 79.397,10 ; 79.426,22 ; 79.426,12 ; 79.426,12 ; 79.426,12 ; 146.731,42 ; 762.390,63 
PR;BOM JESUS DO SUL;4103156; 47.717,53 ; 52.489,29 ; 57.261,04 ; 62.032,79 ; 64.252,05 ; 68.628,60 ; 68.628,60 ; 73.203,84 ; 73.315,27 ; 73.315,18 ; 73.315,18 ; 73.315,18 ; 135.442,09 ; 922.916,64 
PR;BRAGANEY;4103354; 5.448,06 ; 5.992,87 ; 6.537,68 ; 7.082,48 ; 61.377,27 ; 65.558,00 ; 65.558,00 ; 69.928,53 ; 71.913,22 ; 71.913,13 ; 71.913,13 ; 71.913,13 ; 132.851,93 ; 707.987,43 
PR;CAFELANDIA;4103453; 78.171,36 ; 85.988,49 ; 93.805,63 ; 101.622,76 ; 193.538,22 ; 206.721,14 ; 206.721,14 ; 220.502,55 ; 225.466,65 ; 225.466,37 ; 225.466,37 ; 225.466,37 ; 416.525,35 ; 2.505.462,40 
PR;CALIFORNIA;4103503; 64.372,15 ; 70.809,36 ; 77.246,58 ; 83.683,79 ; 150.530,72 ; 160.784,16 ; 160.784,16 ; 171.503,11 ; 171.937,33 ; 171.937,12 ; 171.937,12 ; 171.937,12 ; 317.635,73 ; 1.945.098,45 
PR;CAMBIRA;4103800; -   ; -   ; -   ; -   ; 28.570,14 ; 30.516,20 ; 30.516,20 ; 32.550,61 ; 32.350,62 ; 32.350,58 ; 32.350,58 ; 32.350,58 ; 59.764,30 ; 311.319,81 
PR;CAMPINA DA LAGOA;4103909; 53.151,56 ; 58.466,71 ; 63.781,87 ; 69.097,02 ; 173.573,39 ; 185.396,40 ; 185.396,40 ; 197.756,16 ; 198.051,28 ; 198.051,04 ; 198.051,04 ; 198.051,04 ; 365.878,42 ; 2.144.702,33 
PR;CAMPO DO TENENTE;4104105; -   ; -   ; -   ; -   ; 13.842,06 ; 14.784,92 ; 14.784,92 ; 15.770,58 ; 17.490,83 ; 17.490,81 ; 17.490,81 ; 17.490,81 ; 32.312,45 ; 161.458,19 
PR;CANTAGALO;4104451; 66.130,26 ; 72.743,28 ; 79.356,31 ; 85.969,33 ; 165.458,72 ; 176.728,99 ; 176.728,99 ; 188.510,92 ; 188.889,24 ; 188.889,00 ; 188.889,00 ; 188.889,00 ; 348.952,55 ; 2.116.135,59 
PR;CAPANEMA;4104501; 964,61 ; 1.061,07 ; 1.157,53 ; 1.253,99 ; 98.168,08 ; 104.854,83 ; 104.854,83 ; 111.845,15 ; 121.369,44 ; 121.369,29 ; 121.369,29 ; 121.369,29 ; 224.217,01 ; 1.133.854,41 
PR;CARLOPOLIS;4104709; -   ; -   ; -   ; -   ; 62.731,94 ; 67.004,95 ; 67.004,95 ; 71.471,95 ; 71.894,15 ; 71.894,06 ; 71.894,06 ; 71.894,06 ; 132.816,72 ; 688.606,84 
PR;CENTENARIO DO SUL;4105102; 9.852,86 ; 10.838,15 ; 11.823,44 ; 12.808,72 ; 96.288,05 ; 102.846,74 ; 102.846,74 ; 109.703,19 ; 112.391,41 ; 112.391,27 ; 112.391,27 ; 112.391,27 ; 207.631,06 ; 1.114.204,17 
PR;CIDADE GAUCHA;4105607; 10.242,54 ; 11.266,79 ; 12.291,05 ; 13.315,30 ; 65.681,25 ; 70.155,15 ; 70.155,15 ; 74.832,16 ; 77.846,71 ; 77.846,62 ; 77.846,62 ; 77.846,62 ; 143.813,43 ; 783.139,39 
PR;CLEVELANDIA;4105706; -   ; -   ; -   ; -   ; 32.702,99 ; 34.930,57 ; 34.930,57 ; 37.259,27 ; 38.834,35 ; 38.834,31 ; 38.834,31 ; 38.834,31 ; 71.742,30 ; 366.902,98 
PR;COLOMBO;4105805; 368.050,49 ; 404.855,54 ; 441.660,58 ; 478.465,63 ; 690.928,94 ; 737.991,77 ; 737.991,77 ; 787.191,22 ; 789.170,44 ; 789.169,46 ; 789.169,46 ; 789.169,46 ; 1.457.907,30 ; 9.261.722,06 
PR;CORBELIA;4106308; 61,62 ; 67,79 ; 73,95 ; 80,11 ; 77.148,94 ; 82.403,97 ; 82.403,97 ; 87.897,56 ; 88.213,86 ; 88.213,75 ; 88.213,75 ; 88.213,75 ; 162.965,64 ; 845.958,66 
PR;CRUZEIRO DO OESTE;4106605; -   ; -   ; -   ; -   ; 31.386,66 ; 33.524,57 ; 33.524,57 ; 35.759,54 ; 35.989,87 ; 35.989,82 ; 35.989,82 ; 35.989,82 ; 66.487,43 ; 344.642,10 
PR;DOIS VIZINHOS;4107207; -   ; -   ; -   ; -   ; 5.263,67 ; 5.622,20 ; 5.622,20 ; 5.997,02 ; 9.964,86 ; 9.964,85 ; 9.964,85 ; 9.964,85 ; 18.409,03 ; 80.773,53 
PR;DOUTOR ULYSSES;4128633; 15.900,19 ; 17.490,21 ; 19.080,23 ; 20.670,25 ; 22.269,93 ; 23.786,85 ; 23.786,85 ; 25.372,64 ; 25.633,94 ; 25.633,91 ; 25.633,91 ; 25.633,91 ; 47.355,97 ; 318.248,79 
PR;FAZENDA RIO GRANDE;4107652; 156.133,54 ; 171.746,89 ; 187.360,25 ; 202.973,60 ; 446.212,56 ; 476.606,47 ; 476.606,47 ; 508.380,23 ; 563.947,74 ; 563.947,04 ; 563.947,04 ; 563.947,04 ; 1.041.832,63 ; 5.923.641,50 
PR;FLORESTA;4107900; 185.262,41 ; 203.788,65 ; 222.314,89 ; 240.841,13 ; 303.448,24 ; 324.117,71 ; 324.117,71 ; 345.725,56 ; 347.498,23 ; 347.497,80 ; 347.497,80 ; 347.497,80 ; 641.965,58 ; 4.181.573,51 
PR;FOZ DO JORDAO;4108452; -   ; -   ; -   ; -   ; 19.369,37 ; 20.688,72 ; 20.688,72 ; 22.067,97 ; 28.495,82 ; 28.495,78 ; 28.495,78 ; 28.495,78 ; 52.642,97 ; 249.440,91 
PR;FRANCISCO ALVES;4108320; 94.761,80 ; 104.237,98 ; 113.714,16 ; 123.190,34 ; 132.954,69 ; 142.010,94 ; 142.010,94 ; 151.478,34 ; 153.809,61 ; 153.809,42 ; 153.809,42 ; 153.809,42 ; 284.146,69 ; 1.903.743,75 
PR;FRANCISCO BELTRAO;4108403; 43.597,05 ; 47.956,75 ; 52.316,45 ; 56.676,16 ; 308.333,02 ; 329.335,22 ; 329.335,22 ; 351.290,90 ; 354.739,99 ; 354.739,55 ; 354.739,55 ; 354.739,55 ; 655.343,92 ; 3.593.143,33 
PR;GENERAL CARNEIRO;4108502; -   ; -   ; -   ; -   ; 49.055,20 ; 52.396,61 ; 52.396,61 ; 55.889,72 ; 63.622,80 ; 63.622,72 ; 63.622,72 ; 63.622,72 ; 117.536,29 ; 581.765,39 
PR;GRANDES RIOS;4108700; -   ; -   ; -   ; -   ; -   ; -   ; -   ; -   ; 3.085,14 ; 3.085,13 ; 3.085,13 ; 3.085,13 ; 5.699,50 ; 18.040,03 
PR;GUAIRACA;4108908; -   ; -   ; -   ; -   ; 3.811,23 ; 4.070,83 ; 4.070,83 ; 4.342,22 ; 4.083,09 ; 4.083,08 ; 4.083,08 ; 4.083,08 ; 7.543,09 ; 40.170,53 
PR;GUAMIRANGA;4108957; -   ; -   ; -   ; -   ; 36.847,98 ; 39.357,89 ; 39.357,89 ; 41.981,75 ; 41.915,47 ; 41.915,42 ; 41.915,42 ; 41.915,42 ; 77.434,33 ; 402.641,57 
PR;GUARANIACU;4109302; -   ; -   ; -   ; -   ; 36.796,68 ; 39.303,10 ; 39.303,10 ; 41.923,30 ; 41.599,47 ; 41.599,42 ; 41.599,42 ; 41.599,42 ; 76.850,59 ; 400.574,50 
PR;IBAITI;4109708; -   ; -   ; -   ; -   ; 71.968,24 ; 76.870,38 ; 76.870,38 ; 81.995,07 ; 82.041,76 ; 82.041,66 ; 82.041,66 ; 82.041,66 ; 151.563,35 ; 787.434,16 
PR;IMBITUVA;4110102; -   ; -   ; -   ; -   ; 91.536,79 ; 97.771,84 ; 97.771,84 ; 104.289,97 ; 104.656,21 ; 104.656,08 ; 104.656,08 ; 104.656,08 ; 193.341,07 ; 1.003.335,96 
PR;INACIO MARTINS;4110201; -   ; -   ; -   ; -   ; 24.247,54 ; 25.899,17 ; 25.899,17 ; 27.625,78 ; 28.701,25 ; 28.701,21 ; 28.701,21 ; 28.701,21 ; 53.022,49 ; 271.499,03 
PR;ITAPEJARA DOESTE;4111209; 23.774,85 ; 26.152,34 ; 28.529,82 ; 30.907,31 ; 102.260,80 ; 109.226,33 ; 109.226,33 ; 116.508,08 ; 117.177,17 ; 117.177,02 ; 117.177,02 ; 117.177,02 ; 216.472,23 ; 1.231.766,32 
PR;ITAPERUCU;4111258; 204.249,65 ; 224.674,61 ; 245.099,58 ; 265.524,54 ; 427.360,35 ; 456.470,13 ; 456.470,13 ; 486.901,47 ; 490.333,52 ; 490.332,92 ; 490.332,92 ; 490.332,92 ; 905.838,35 ; 5.633.921,09 
PR;IVATE;4111555; -   ; -   ; -   ; -   ; 23.197,80 ; 24.777,92 ; 24.777,92 ; 26.429,78 ; 28.947,32 ; 28.947,28 ; 28.947,28 ; 28.947,28 ; 53.477,10 ; 268.449,68 
PR;JABOTI;4111704; -   ; -   ; -   ; -   ; 34.131,26 ; 36.456,12 ; 36.456,12 ; 38.886,53 ; 46.239,73 ; 46.239,67 ; 46.239,67 ; 46.239,67 ; 85.422,94 ; 416.311,71 
PR;JAGUAPITA;4111902; 4.962,85 ; 5.459,14 ; 5.955,43 ; 6.451,71 ; 36.293,27 ; 38.765,39 ; 38.765,39 ; 41.349,75 ; 42.238,31 ; 42.238,25 ; 42.238,25 ; 42.238,25 ; 78.030,75 ; 424.986,74 
PR;JARDIM ALEGRE;4112504; -   ; -   ; -   ; -   ; 23.139,39 ; 24.715,53 ; 24.715,53 ; 26.363,23 ; 28.077,22 ; 28.077,18 ; 28.077,18 ; 28.077,18 ; 51.869,66 ; 263.112,10 
PR;JATAIZINHO;4112702; -   ; -   ; -   ; -   ; 18.348,34 ; 19.598,14 ; 19.598,14 ; 20.904,68 ; 20.606,95 ; 20.606,92 ; 20.606,92 ; 20.606,92 ; 38.069,15 ; 198.946,16 
PR;JOAQUIM TAVORA;4112801; -   ; -   ; -   ; -   ; 74.340,61 ; 79.404,34 ; 79.404,34 ; 84.697,96 ; 84.575,93 ; 84.575,82 ; 84.575,82 ; 84.575,82 ; 156.244,94 ; 812.395,58 
PR;JURANDA;4112959; -   ; -   ; -   ; -   ; 9.825,81 ; 10.495,09 ; 10.495,09 ; 11.194,77 ; 10.987,53 ; 10.987,52 ; 10.987,52 ; 10.987,52 ; 20.298,30 ; 106.259,15 
PR;LARANJEIRAS DO SUL;4113304; 68.057,38 ; 74.863,12 ; 81.668,86 ; 88.474,59 ; 299.306,25 ; 319.693,58 ; 319.693,58 ; 341.006,49 ; 349.752,82 ; 349.752,39 ; 349.752,39 ; 349.752,39 ; 646.130,65 ; 3.637.904,49 
PR;LINDOESTE;4113452; -   ; -   ; -   ; -   ; 37.703,70 ; 40.271,90 ; 40.271,90 ; 42.956,70 ; 42.906,18 ; 42.906,13 ; 42.906,13 ; 42.906,13 ; 79.264,56 ; 412.093,33 
PR;MANDAGUACU;4114104; 93.407,60 ; 102.748,36 ; 112.089,12 ; 121.429,89 ; 233.355,39 ; 249.250,46 ; 249.250,46 ; 265.867,16 ; 270.517,46 ; 270.517,13 ; 270.517,13 ; 270.517,13 ; 499.751,88 ; 3.009.219,17 
PR;MANDAGUARI;4114203; 11.619,93 ; 12.781,93 ; 13.943,92 ; 15.105,91 ; 126.832,25 ; 135.471,47 ; 135.471,47 ; 144.502,90 ; 144.322,54 ; 144.322,36 ; 144.322,36 ; 144.322,36 ; 266.620,38 ; 1.439.639,78 
PR;MATELANDIA;4115606; -   ; -   ; -   ; -   ; 65.540,05 ; 70.004,33 ; 70.004,33 ; 74.671,29 ; 74.728,83 ; 74.728,74 ; 74.728,74 ; 74.728,74 ; 138.053,50 ; 717.188,55 
PR;NOVA PRATA DO IGUACU;4117255; -   ; -   ; -   ; -   ; 11.315,93 ; 12.086,72 ; 12.086,72 ; 12.892,50 ; 12.508,41 ; 12.508,40 ; 12.508,40 ; 12.508,40 ; 23.107,98 ; 121.523,46 
PR;NOVA SANTA BARBARA;4117214; -   ; -   ; -   ; -   ; 42.641,61 ; 45.546,15 ; 45.546,15 ; 48.582,56 ; 48.601,18 ; 48.601,12 ; 48.601,12 ; 48.601,12 ; 89.785,49 ; 466.506,50 
PR;NOVA TEBAS;4117271; -   ; -   ; -   ; -   ; 24.048,56 ; 25.686,64 ; 25.686,64 ; 27.399,08 ; 33.572,14 ; 33.572,10 ; 33.572,10 ; 33.572,10 ; 62.020,93 ; 299.130,29 
PR;PAICANDU;4117503; 145.746,17 ; 160.320,79 ; 174.895,41 ; 189.470,03 ; 310.648,24 ; 331.808,13 ; 331.808,13 ; 353.928,67 ; 353.932,71 ; 353.932,27 ; 353.932,27 ; 353.932,27 ; 653.852,58 ; 4.068.207,67 
PR;PALMAS;4117602; 141.105,02 ; 155.215,52 ; 169.326,02 ; 183.436,53 ; 391.649,60 ; 418.326,92 ; 418.326,92 ; 446.215,39 ; 453.475,70 ; 453.475,14 ; 453.475,14 ; 453.475,14 ; 837.747,50 ; 4.975.250,54 
PR;PALMITAL;4117800; -   ; -   ; -   ; -   ; 44.129,25 ; 47.135,13 ; 47.135,13 ; 50.277,47 ; 50.207,51 ; 50.207,45 ; 50.207,45 ; 50.207,45 ; 92.753,01 ; 482.259,85 
PR;PARAISO DO NORTE;4118006; 123.767,43 ; 136.144,17 ; 148.520,91 ; 160.897,65 ; 287.588,70 ; 307.177,88 ; 307.177,88 ; 327.656,41 ; 328.561,56 ; 328.561,16 ; 328.561,16 ; 328.561,16 ; 606.982,09 ; 3.720.158,16 
PR;PATO BRAGADO;4118451; 43.398,20 ; 47.738,02 ; 52.077,84 ; 56.417,66 ; 60.852,12 ; 64.997,08 ; 64.997,08 ; 69.330,22 ; 70.373,00 ; 70.372,92 ; 70.372,92 ; 70.372,92 ; 130.006,56 ; 871.306,54 
PR;PEROLA;4118907; -   ; -   ; -   ; -   ; 72.384,19 ; 77.314,66 ; 77.314,66 ; 82.468,97 ; 82.406,33 ; 82.406,22 ; 82.406,22 ; 82.406,22 ; 152.236,84 ; 791.344,31 
PR;PEROLA DOESTE;4119004; -   ; -   ; -   ; -   ; 1.961,10 ; 2.094,68 ; 2.094,68 ; 2.234,32 ; 5.237,86 ; 5.237,86 ; 5.237,86 ; 5.237,86 ; 9.676,41 ; 39.012,63 
PR;PIEN;4119103; 95.988,38 ; 105.587,22 ; 115.186,06 ; 124.784,89 ; 181.674,44 ; 194.049,25 ; 194.049,25 ; 206.985,87 ; 207.335,07 ; 207.334,81 ; 207.334,81 ; 207.334,81 ; 383.029,22 ; 2.430.674,08 
PR;PINHAL DE SAO BENTO;4119251; -   ; -   ; -   ; -   ; 21.045,64 ; 22.479,17 ; 22.479,17 ; 23.977,78 ; 26.827,70 ; 26.827,66 ; 26.827,66 ; 26.827,66 ; 49.561,31 ; 246.853,75 
PR;PIRAQUARA;4119509; 486.629,24 ; 535.292,16 ; 583.955,09 ; 632.618,01 ; 828.566,94 ; 885.005,02 ; 885.005,02 ; 944.005,35 ; 951.188,40 ; 951.187,22 ; 951.187,22 ; 951.187,22 ; 1.757.217,99 ; 11.343.044,88 
PR;PLANALTO;4119806; 19.969,89 ; 21.966,88 ; 23.963,87 ; 25.960,86 ; 108.636,10 ; 116.035,88 ; 116.035,88 ; 123.771,60 ; 131.102,12 ; 131.101,96 ; 131.101,96 ; 131.101,96 ; 242.197,05 ; 1.322.946,01 
PR;QUATIGUA;4120705; -   ; -   ; -   ; -   ; 26.459,72 ; 28.262,03 ; 28.262,03 ; 30.146,17 ; 34.410,56 ; 34.410,52 ; 34.410,52 ; 34.410,52 ; 63.569,85 ; 314.341,92 
PR;QUEDAS DO IGUACU;4120903; 105.999,55 ; 116.599,51 ; 127.199,46 ; 137.799,42 ; 300.751,52 ; 321.237,30 ; 321.237,30 ; 342.653,12 ; 351.394,35 ; 351.393,91 ; 351.393,91 ; 351.393,91 ; 649.163,21 ; 3.828.216,47 
PR;QUINTA DO SOL;4121109; -   ; -   ; -   ; -   ; 1.880,90 ; 2.009,01 ; 2.009,01 ; 2.142,95 ; 1.967,00 ; 1.967,00 ; 1.967,00 ; 1.967,00 ; 3.633,84 ; 19.543,71 
PR;QUITANDINHA;4121208; 153.040,03 ; 168.344,03 ; 183.648,04 ; 198.952,04 ; 313.710,97 ; 335.079,49 ; 335.079,49 ; 357.418,12 ; 359.652,06 ; 359.651,61 ; 359.651,61 ; 359.651,61 ; 664.418,45 ; 4.148.297,55 
PR;REALEZA;4121406; 68.951,80 ; 75.846,98 ; 82.742,16 ; 89.637,34 ; 211.656,81 ; 226.073,88 ; 226.073,88 ; 241.145,47 ; 241.538,31 ; 241.538,01 ; 241.538,01 ; 241.538,01 ; 446.216,04 ; 2.634.496,70 
PR;REBOUCAS;4121505; 47.591,73 ; 52.350,91 ; 57.110,08 ; 61.869,26 ; 128.797,90 ; 137.571,01 ; 137.571,01 ; 146.742,41 ; 150.253,64 ; 150.253,45 ; 150.253,45 ; 150.253,45 ; 277.577,44 ; 1.648.195,74 
PR;RESERVA;4121703; 137.892,54 ; 151.681,80 ; 165.471,05 ; 179.260,31 ; 295.813,57 ; 315.963,00 ; 315.963,00 ; 337.027,20 ; 341.617,90 ; 341.617,48 ; 341.617,48 ; 341.617,48 ; 631.102,26 ; 3.896.645,07 
PR;RESERVA DO IGUACU;4121752; -   ; -   ; -   ; -   ; 812,79 ; 868,16 ; 868,16 ; 926,04 ; 2.169,70 ; 2.169,70 ; 2.169,70 ; 2.169,70 ; 4.008,32 ; 16.162,27 
PR;RIBEIRAO DO PINHAL;4121901; 76.758,09 ; 84.433,90 ; 92.109,71 ; 99.785,52 ; 197.149,40 ; 210.578,29 ; 210.578,29 ; 224.616,84 ; 225.127,87 ; 225.127,59 ; 225.127,59 ; 225.127,59 ; 415.899,49 ; 2.512.420,17 
PR;RIO BONITO DO IGUACU;4122156; 9.617,33 ; 10.579,07 ; 11.540,80 ; 12.502,54 ; 123.795,95 ; 132.228,35 ; 132.228,35 ; 141.043,57 ; 141.167,51 ; 141.167,33 ; 141.167,33 ; 141.167,33 ; 260.791,80 ; 1.398.997,26 
PR;RONDON;4122602; 4.123,85 ; 4.536,23 ; 4.948,62 ; 5.361,01 ; 67.331,05 ; 71.917,32 ; 71.917,32 ; 76.711,81 ; 78.690,98 ; 78.690,88 ; 78.690,88 ; 78.690,88 ; 145.373,13 ; 766.983,96 
PR;SABAUDIA;4122701; 59.520,77 ; 65.472,84 ; 71.424,92 ; 77.377,00 ; 126.975,94 ; 135.624,94 ; 135.624,94 ; 144.666,61 ; 144.893,15 ; 144.892,97 ; 144.892,97 ; 144.892,97 ; 267.674,51 ; 1.663.934,53 
PR;SALTO DO ITARARE;4122909; -   ; -   ; -   ; -   ; 68.075,02 ; 72.711,97 ; 72.711,97 ; 77.559,43 ; 77.716,29 ; 77.716,19 ; 77.716,19 ; 77.716,19 ; 143.572,50 ; 745.495,75 
PR;SALTO DO LONTRA;4123006; 37.747,80 ; 41.522,58 ; 45.297,36 ; 49.072,14 ; 119.220,63 ; 127.341,37 ; 127.341,37 ; 135.830,80 ; 135.947,43 ; 135.947,26 ; 135.947,26 ; 135.947,26 ; 251.148,24 ; 1.478.311,50 
PR;SANTA CRUZ DE MONTE CASTELO;4123303; -   ; -   ; -   ; -   ; 51.470,77 ; 54.976,71 ; 54.976,71 ; 58.641,83 ; 58.567,10 ; 58.567,03 ; 58.567,03 ; 58.567,03 ; 108.196,42 ; 562.530,63 
PR;SANTA FE;4123402; -   ; -   ; -   ; -   ; 13.609,49 ; 14.536,51 ; 14.536,51 ; 15.505,61 ; 15.178,74 ; 15.178,72 ; 15.178,72 ; 15.178,72 ; 28.041,10 ; 146.944,12 
PR;SANTA IZABEL DO OESTE;4123808; -   ; -   ; -   ; -   ; 36.506,70 ; 38.993,37 ; 38.993,37 ; 41.592,93 ; 41.314,42 ; 41.314,37 ; 41.314,37 ; 41.314,37 ; 76.323,98 ; 397.667,88 
PR;SANTA MARIA DO OESTE;4123857; -   ; -   ; -   ; -   ; 31.123,43 ; 33.243,41 ; 33.243,41 ; 35.459,64 ; 37.596,54 ; 37.596,49 ; 37.596,49 ; 37.596,49 ; 69.455,57 ; 352.911,47 
PR;SANTA TEREZINHA DE ITAIPU;4124053; -   ; -   ; -   ; -   ; 5.003,72 ; 5.344,55 ; 5.344,55 ; 5.700,85 ; 4.876,41 ; 4.876,41 ; 4.876,41 ; 4.876,41 ; 9.008,68 ; 49.907,99 
PR;SANTO ANTONIO DO SUDOESTE;4124400; 137.586,50 ; 151.345,15 ; 165.103,80 ; 178.862,45 ; 291.671,57 ; 311.538,87 ; 311.538,87 ; 332.308,13 ; 333.049,37 ; 333.048,96 ; 333.048,96 ; 333.048,96 ; 615.272,84 ; 3.827.424,43 
PR;SAO CARLOS DO IVAI;4124608; -   ; -   ; -   ; -   ; 48.747,72 ; 52.068,19 ; 52.068,19 ; 55.539,40 ; 55.502,13 ; 55.502,07 ; 55.502,07 ; 55.502,07 ; 102.534,23 ; 532.966,07 
PR;SAO JOAO;4124806; -   ; -   ; -   ; -   ; 51.099,64 ; 54.580,31 ; 54.580,31 ; 58.218,99 ; 58.002,62 ; 58.002,55 ; 58.002,55 ; 58.002,55 ; 107.153,61 ; 557.643,13 
PR;SAO JOAO DO CAIUA;4124905; 32.550,45 ; 35.805,50 ; 39.060,54 ; 42.315,59 ; 105.253,20 ; 112.422,56 ; 112.422,56 ; 119.917,40 ; 120.197,40 ; 120.197,25 ; 120.197,25 ; 120.197,25 ; 222.051,76 ; 1.302.588,71 
PR;SAO JOAO DO IVAI;4125001; 40.465,74 ; 44.512,31 ; 48.558,89 ; 52.605,46 ; 107.039,39 ; 114.330,41 ; 114.330,41 ; 121.952,43 ; 123.434,39 ; 123.434,23 ; 123.434,23 ; 123.434,23 ; 228.031,76 ; 1.365.563,88 
PR;SAO JOAO DO TRIUNFO;4125100; -   ; -   ; -   ; -   ; 67.322,13 ; 71.907,80 ; 71.907,80 ; 76.701,65 ; 77.312,37 ; 77.312,27 ; 77.312,27 ; 77.312,27 ; 142.826,29 ; 739.914,85 
PR;SAO SEBASTIAO DA AMOREIRA;4126009; -   ; -   ; -   ; -   ; 36.482,91 ; 38.967,95 ; 38.967,95 ; 41.565,82 ; 41.500,32 ; 41.500,27 ; 41.500,27 ; 41.500,27 ; 76.667,42 ; 398.653,18 
PR;SAPOPEMA;4126207; 51.045,44 ; 56.149,98 ; 61.254,53 ; 66.359,07 ; 180.661,95 ; 192.967,79 ; 192.967,79 ; 205.832,31 ; 216.655,62 ; 216.655,35 ; 216.655,35 ; 216.655,35 ; 400.247,92 ; 2.274.108,45 
PR;SARANDI;4126256; 555.977,70 ; 611.575,47 ; 667.173,24 ; 722.771,01 ; 993.982,15 ; 1.061.687,54 ; 1.061.687,54 ; 1.132.466,71 ; 1.134.538,75 ; 1.134.537,35 ; 1.134.537,35 ; 1.134.537,35 ; 2.095.938,01 ; 13.441.410,17 
PR;SIQUEIRA CAMPOS;4126603; 74.468,20 ; 81.915,02 ; 89.361,84 ; 96.808,66 ; 241.194,63 ; 257.623,67 ; 257.623,67 ; 274.798,58 ; 283.672,36 ; 283.672,00 ; 283.672,00 ; 283.672,00 ; 524.054,14 ; 3.032.536,77 
PR;TERRA BOA;4127205; -   ; -   ; -   ; -   ; 12.514,85 ; 13.367,31 ; 13.367,31 ; 14.258,46 ; 14.957,56 ; 14.957,54 ; 14.957,54 ; 14.957,54 ; 27.632,50 ; 140.970,61 
PR;TIJUCAS DO SUL;4127601; 12.088,49 ; 13.297,34 ; 14.506,19 ; 15.715,04 ; 102.319,22 ; 109.288,72 ; 109.288,72 ; 116.574,64 ; 118.637,37 ; 118.637,22 ; 118.637,22 ; 118.637,22 ; 219.169,78 ; 1.186.797,17 
PR;TUNAS DO PARANA;4127882; 8.870,82 ; 9.757,90 ; 10.644,98 ; 11.532,06 ; 47.596,52 ; 50.838,57 ; 50.838,57 ; 54.227,81 ; 54.176,68 ; 54.176,61 ; 54.176,61 ; 54.176,61 ; 100.085,60 ; 561.099,34 
PR;TUNEIRAS DO OESTE;4127908; -   ; -   ; -   ; -   ; 17.611,09 ; 18.810,67 ; 18.810,67 ; 20.064,72 ; 25.189,64 ; 25.189,61 ; 25.189,61 ; 25.189,61 ; 46.535,17 ; 222.590,79 
PR;TURVO;4127965; -   ; -   ; -   ; -   ; -   ; -   ; -   ; -   ; 1.430,33 ; 1.430,33 ; 1.430,33 ; 1.430,33 ; 2.642,42 ; 8.363,74 
PR;VITORINO;4128708; -   ; -   ; -   ; -   ; 19.451,03 ; 20.775,94 ; 20.775,94 ; 22.161,00 ; 27.425,31 ; 27.425,28 ; 27.425,28 ; 27.425,28 ; 50.665,33 ; 243.530,39 
PR;WENCESLAU BRAZ;4128500; -   ; -   ; -   ; -   ; 115.845,90 ; 123.736,78 ; 123.736,78 ; 131.985,89 ; 131.934,41 ; 131.934,24 ; 131.934,24 ; 131.934,24 ; 243.734,64 ; 1.266.777,12 
RJ;BELFORD ROXO;3300456; 2.907.628,28 ; 3.198.391,11 ; 3.489.153,93 ; 3.779.916,76 ; 4.067.240,14 ; 4.344.281,40 ; 4.344.281,40 ; 4.633.900,16 ; 4.643.743,76 ; 4.643.738,01 ; 4.643.738,01 ; 4.643.738,01 ; 8.578.816,02 ; 57.918.566,99 
RJ;ITABORAI;3301900; 668.819,47 ; 735.701,41 ; 802.583,36 ; 869.465,30 ; 947.274,20 ; 1.011.798,07 ; 1.011.798,07 ; 1.079.251,27 ; 1.127.999,82 ; 1.127.998,42 ; 1.127.998,42 ; 1.127.998,42 ; 2.083.858,05 ; 13.722.544,28 
RJ;JAPERI;3302270; 236.315,11 ; 259.946,62 ; 283.578,13 ; 307.209,64 ; 334.831,06 ; 357.638,17 ; 357.638,17 ; 381.480,72 ; 409.627,60 ; 409.627,10 ; 409.627,10 ; 409.627,10 ; 756.742,87 ; 4.913.889,39 
RJ;MAGE;3302502; 2.123.541,28 ; 2.335.895,40 ; 2.548.249,53 ; 2.760.603,66 ; 2.978.439,93 ; 3.181.317,25 ; 3.181.317,25 ; 3.393.405,06 ; 3.404.695,72 ; 3.404.691,51 ; 3.404.691,51 ; 3.404.691,51 ; 6.289.808,30 ; 42.411.347,91 
RJ;MESQUITA;3302858; 365.413,24 ; 401.954,56 ; 438.495,89 ; 475.037,21 ; 511.910,95 ; 546.779,92 ; 546.779,92 ; 583.231,91 ; 653.859,93 ; 653.859,12 ; 653.859,12 ; 653.859,12 ; 1.207.935,72 ; 7.692.976,61 
RJ;NOVA FRIBURGO;3303401; 54.062,38 ; 59.468,62 ; 64.874,86 ; 70.281,10 ; 198.069,08 ; 211.560,61 ; 211.560,61 ; 225.664,65 ; 242.236,06 ; 242.235,76 ; 242.235,76 ; 242.235,76 ; 447.505,02 ; 2.511.990,27 
RJ;NOVA IGUACU;3303500; 3.613.072,69 ; 3.974.379,96 ; 4.335.687,23 ; 4.696.994,50 ; 5.067.977,85 ; 5.413.184,65 ; 5.413.184,65 ; 5.774.063,63 ; 6.064.893,79 ; 6.064.886,28 ; 6.064.886,28 ; 6.064.886,28 ; 11.204.237,51 ; 73.752.335,30 
RJ;PATY DO ALFERES;3303856; 14.388,58 ; 15.827,44 ; 17.266,30 ; 18.705,16 ; 19.832,23 ; 21.183,10 ; 21.183,10 ; 22.595,31 ; 31.625,40 ; 31.625,36 ; 31.625,36 ; 31.625,36 ; 58.424,56 ; 335.907,26 
RJ;QUEIMADOS;3304144; 204.354,31 ; 224.789,74 ; 245.225,18 ; 265.660,61 ; 285.896,50 ; 305.370,43 ; 305.370,43 ; 325.728,46 ; 370.847,90 ; 370.847,44 ; 370.847,44 ; 370.847,44 ; 685.101,54 ; 4.330.887,42 
RJ;SAO JOAO DE MERITI;3305109; 989.814,23 ; 1.088.795,65 ; 1.187.777,08 ; 1.286.758,50 ; 1.387.506,39 ; 1.482.016,80 ; 1.482.016,80 ; 1.580.817,92 ; 1.820.222,21 ; 1.820.219,96 ; 1.820.219,96 ; 1.820.219,96 ; 3.362.664,30 ; 21.129.049,76 
RJ;SAO PEDRO DA ALDEIA;3305208; 749.791,29 ; 824.770,42 ; 899.749,54 ; 974.728,67 ; 1.051.624,39 ; 1.123.256,09 ; 1.123.256,09 ; 1.198.139,83 ; 1.199.664,90 ; 1.199.663,42 ; 1.199.663,42 ; 1.199.663,42 ; 2.216.251,57 ; 14.960.223,05 
RJ;SEROPEDICA;3305554; 182.385,94 ; 200.624,54 ; 218.863,13 ; 237.101,73 ; 255.093,54 ; 272.469,31 ; 272.469,31 ; 290.633,93 ; 333.003,52 ; 333.003,11 ; 333.003,11 ; 333.003,11 ; 615.188,12 ; 3.876.842,40 
RJ;TANGUA;3305752; 205.709,97 ; 226.280,96 ; 246.851,96 ; 267.422,96 ; 288.396,89 ; 308.041,13 ; 308.041,13 ; 328.577,20 ; 330.911,49 ; 330.911,08 ; 330.911,08 ; 330.911,08 ; 611.323,35 ; 4.114.290,28 
RN;ACARI;2400109; 97.792,86 ; 107.572,15 ; 117.351,44 ; 127.130,73 ; 137.193,97 ; 146.538,98 ; 146.538,98 ; 156.308,24 ; 176.571,84 ; 176.571,62 ; 176.571,62 ; 176.571,62 ; 326.197,47 ; 2.068.911,52 
RN;ACU;2400208; 34.142,75 ; 37.557,02 ; 40.971,30 ; 44.385,57 ; 47.492,75 ; 50.727,73 ; 50.727,73 ; 54.109,58 ; 65.971,06 ; 65.970,98 ; 65.970,98 ; 65.970,98 ; 121.874,45 ; 745.872,88 
RN;AGUA NOVA;2400406; 24.657,65 ; 27.123,41 ; 29.589,18 ; 32.054,94 ; 34.575,13 ; 36.930,23 ; 36.930,23 ; 39.392,25 ; 39.585,56 ; 39.585,51 ; 39.585,51 ; 39.585,51 ; 73.130,11 ; 492.725,22 
RN;ALEXANDRIA;2400505; 245.061,08 ; 269.567,18 ; 294.073,29 ; 318.579,40 ; 343.911,11 ; 367.336,71 ; 367.336,71 ; 391.825,83 ; 393.114,74 ; 393.114,25 ; 393.114,25 ; 393.114,25 ; 726.237,14 ; 4.896.385,94 
RN;ANGICOS;2400802; 54.044,40 ; 59.448,84 ; 64.853,28 ; 70.257,72 ; 75.784,63 ; 80.946,73 ; 80.946,73 ; 86.343,17 ; 86.390,92 ; 86.390,81 ; 86.390,81 ; 86.390,81 ; 159.597,94 ; 1.077.786,79 
RN;ANTONIO MARTINS;2400901; 78.086,37 ; 85.895,01 ; 93.703,64 ; 101.512,28 ; 109.566,66 ; 117.029,83 ; 117.029,83 ; 124.831,82 ; 125.173,78 ; 125.173,62 ; 125.173,62 ; 125.173,62 ; 231.245,09 ; 1.559.595,17 
RN;APODI;2401008; 21.372,97 ; 23.510,27 ; 25.647,57 ; 27.784,86 ; 29.777,75 ; 31.806,07 ; 31.806,07 ; 33.926,48 ; 33.180,02 ; 33.179,98 ; 33.179,98 ; 33.179,98 ; 61.296,53 ; 419.648,53 
RN;ARES;2401206; 204.337,54 ; 224.771,29 ; 245.205,04 ; 265.638,80 ; 286.691,33 ; 306.219,40 ; 306.219,40 ; 326.634,03 ; 327.432,47 ; 327.432,07 ; 327.432,07 ; 327.432,07 ; 604.896,21 ; 4.080.341,72 
RN;AUGUSTO SEVERO;2401305; 136.997,59 ; 150.697,35 ; 164.397,10 ; 178.096,86 ; 192.243,85 ; 205.338,59 ; 205.338,59 ; 219.027,83 ; 219.691,58 ; 219.691,31 ; 219.691,31 ; 219.691,31 ; 405.856,52 ; 2.736.759,79 
RN;BAIA FORMOSA;2401404; 172.581,79 ; 189.839,97 ; 207.098,15 ; 224.356,33 ; 242.170,05 ; 258.665,53 ; 258.665,53 ; 275.909,90 ; 276.714,89 ; 276.714,55 ; 276.714,55 ; 276.714,55 ; 511.200,98 ; 3.447.346,77 
RN;BARAUNA;2401453; 526.209,60 ; 578.830,56 ; 631.451,52 ; 684.072,47 ; 738.429,12 ; 788.727,43 ; 788.727,43 ; 841.309,26 ; 843.929,72 ; 843.928,68 ; 843.928,68 ; 843.928,68 ; 1.559.069,16 ; 10.512.542,31 
RN;BARCELONA;2401503; 43.462,92 ; 47.809,21 ; 52.155,50 ; 56.501,79 ; 60.959,56 ; 65.111,83 ; 65.111,83 ; 69.452,62 ; 74.135,24 ; 74.135,15 ; 74.135,15 ; 74.135,15 ; 136.956,89 ; 894.062,84 
RN;BENTO FERNANDES;2401602; 46.415,34 ; 51.056,87 ; 55.698,41 ; 60.339,94 ; 65.094,94 ; 69.528,90 ; 69.528,90 ; 74.164,16 ; 74.443,20 ; 74.443,11 ; 74.443,11 ; 74.443,11 ; 137.525,83 ; 927.125,82 
RN;BOM JESUS;2401701; 238.835,98 ; 262.719,58 ; 286.603,18 ; 310.486,78 ; 335.173,57 ; 358.004,01 ; 358.004,01 ; 381.870,95 ; 383.121,40 ; 383.120,93 ; 383.120,93 ; 383.120,93 ; 707.775,51 ; 4.771.957,76 
RN;BREJINHO;2401800; 145.865,51 ; 160.452,06 ; 175.038,61 ; 189.625,16 ; 204.669,02 ; 218.610,11 ; 218.610,11 ; 233.184,12 ; 250.627,41 ; 250.627,10 ; 250.627,10 ; 250.627,10 ; 463.007,15 ; 3.011.570,56 
RN;CAICARA DO NORTE;2401859; 42.940,73 ; 47.234,81 ; 51.528,88 ; 55.822,95 ; 60.224,65 ; 64.326,87 ; 64.326,87 ; 68.615,33 ; 68.694,18 ; 68.694,10 ; 68.694,10 ; 68.694,10 ; 126.905,12 ; 856.702,69 
RN;CAICO;2402006; 205.666,70 ; 226.233,37 ; 246.800,04 ; 267.366,71 ; 288.350,90 ; 307.992,01 ; 307.992,01 ; 328.524,81 ; 333.164,05 ; 333.163,64 ; 333.163,64 ; 333.163,64 ; 615.484,70 ; 4.127.066,22 
RN;CAMPO REDONDO;2402105; 49.474,64 ; 54.422,10 ; 59.369,57 ; 64.317,03 ; 69.299,23 ; 74.019,57 ; 74.019,57 ; 78.954,20 ; 84.518,18 ; 84.518,07 ; 84.518,07 ; 84.518,07 ; 156.138,25 ; 1.018.086,55 
RN;CANGUARETAMA;2402204; 1.128.666,46 ; 1.241.533,11 ; 1.354.399,75 ; 1.467.266,40 ; 1.584.082,03 ; 1.691.982,24 ; 1.691.982,24 ; 1.804.781,06 ; 1.835.611,51 ; 1.835.609,23 ; 1.835.609,23 ; 1.835.609,23 ; 3.391.094,37 ; 22.698.226,86 
RN;CARAUBAS;2402303; 252.693,52 ; 277.962,87 ; 303.232,22 ; 328.501,57 ; 354.548,78 ; 378.698,98 ; 378.698,98 ; 403.945,57 ; 404.983,11 ; 404.982,61 ; 404.982,61 ; 404.982,61 ; 748.162,65 ; 5.046.376,08 
RN;CARNAUBA DOS DANTAS;2402402; 152.347,87 ; 167.582,66 ; 182.817,45 ; 198.052,23 ; 213.792,45 ; 228.354,98 ; 228.354,98 ; 243.578,65 ; 244.348,88 ; 244.348,58 ; 244.348,58 ; 244.348,58 ; 451.408,23 ; 3.043.684,12 
RN;CEARA MIRIM;2402600; 1.437.671,31 ; 1.581.438,44 ; 1.725.205,57 ; 1.868.972,70 ; 2.017.570,53 ; 2.154.997,94 ; 2.154.997,94 ; 2.298.664,47 ; 2.340.066,92 ; 2.340.064,02 ; 2.340.064,02 ; 2.340.064,02 ; 4.323.021,38 ; 28.922.799,26 
RN;CERRO CORA;2402709; 114.090,47 ; 125.499,51 ; 136.908,56 ; 148.317,61 ; 160.047,40 ; 170.949,07 ; 170.949,07 ; 182.345,68 ; 187.461,07 ; 187.460,83 ; 187.460,83 ; 187.460,83 ; 346.314,15 ; 2.305.265,08 
RN;CORONEL EZEQUIEL;2402808; 133.279,88 ; 146.607,87 ; 159.935,86 ; 173.263,85 ; 187.045,75 ; 199.786,43 ; 199.786,43 ; 213.105,52 ; 213.825,97 ; 213.825,71 ; 213.825,71 ; 213.825,71 ; 395.020,46 ; 2.663.135,15 
RN;CORONEL JOAO PESSOA;2402907; 20.694,25 ; 22.763,67 ; 24.833,10 ; 26.902,52 ; 28.992,39 ; 30.967,21 ; 30.967,21 ; 33.031,69 ; 32.944,96 ; 32.944,92 ; 32.944,92 ; 32.944,92 ; 60.862,30 ; 411.794,06 
RN;CRUZETA;2403004; 128.210,59 ; 141.031,65 ; 153.852,71 ; 166.673,77 ; 179.907,78 ; 192.162,25 ; 192.162,25 ; 204.973,07 ; 205.572,07 ; 205.571,81 ; 205.571,81 ; 205.571,81 ; 379.772,28 ; 2.561.033,85 
RN;CURRAIS NOVOS;2403103; 238.197,28 ; 262.017,01 ; 285.836,74 ; 309.656,47 ; 334.067,21 ; 356.822,30 ; 356.822,30 ; 380.610,45 ; 443.117,42 ; 443.116,87 ; 443.116,87 ; 443.116,87 ; 818.611,72 ; 5.115.109,51 
RN;DOUTOR SEVERIANO;2403202; 245.475,83 ; 270.023,41 ; 294.571,00 ; 319.118,58 ; 344.505,01 ; 367.971,07 ; 367.971,07 ; 392.502,48 ; 402.596,08 ; 402.595,58 ; 402.595,58 ; 402.595,58 ; 743.752,91 ; 4.956.274,18 
RN;ENCANTO;2403301; 100.932,69 ; 111.025,96 ; 121.119,23 ; 131.212,49 ; 141.615,77 ; 151.261,97 ; 151.261,97 ; 161.346,10 ; 174.274,97 ; 174.274,75 ; 174.274,75 ; 174.274,75 ; 321.954,26 ; 2.088.829,66 
RN;EQUADOR;2403400; 39.695,96 ; 43.665,56 ; 47.635,16 ; 51.604,75 ; 55.662,95 ; 59.454,45 ; 59.454,45 ; 63.418,08 ; 63.447,75 ; 63.447,67 ; 63.447,67 ; 63.447,67 ; 117.212,93 ; 791.595,05 
RN;ESPIRITO SANTO;2403509; 85.835,24 ; 94.418,77 ; 103.002,29 ; 111.585,82 ; 120.403,13 ; 128.604,43 ; 128.604,43 ; 137.178,06 ; 137.409,72 ; 137.409,55 ; 137.409,55 ; 137.409,55 ; 253.849,65 ; 1.713.120,19 
RN;EXTREMOZ;2403608; 2.362.713,74 ; 2.598.985,11 ; 2.835.256,48 ; 3.071.527,85 ; 3.316.341,55 ; 3.542.235,13 ; 3.542.235,13 ; 3.778.384,14 ; 3.793.122,62 ; 3.793.117,93 ; 3.793.117,93 ; 3.793.117,93 ; 7.007.385,13 ; 47.227.540,67 
RN;FERNANDO PEDROZA;2403756; 32.261,51 ; 35.487,66 ; 38.713,81 ; 41.939,97 ; 45.254,73 ; 48.337,27 ; 48.337,27 ; 51.559,76 ; 53.431,53 ; 53.431,46 ; 53.431,46 ; 53.431,46 ; 98.709,03 ; 654.326,92 
RN;FLORANIA;2403806; 137.655,94 ; 151.421,53 ; 165.187,12 ; 178.952,72 ; 193.174,45 ; 206.332,59 ; 206.332,59 ; 220.088,10 ; 227.010,11 ; 227.009,83 ; 227.009,83 ; 227.009,83 ; 419.376,73 ; 2.786.561,37 
RN;FRANCISCO DANTAS;2403905; 15.964,56 ; 17.561,02 ; 19.157,47 ; 20.753,93 ; 22.382,28 ; 23.906,86 ; 23.906,86 ; 25.500,65 ; 26.385,42 ; 26.385,39 ; 26.385,39 ; 26.385,39 ; 48.744,24 ; 323.419,46 
RN;FRUTUOSO GOMES;2404002; 23.418,55 ; 25.760,41 ; 28.102,26 ; 30.444,12 ; 32.838,88 ; 35.075,71 ; 35.075,71 ; 37.414,09 ; 37.434,11 ; 37.434,06 ; 37.434,06 ; 37.434,06 ; 69.155,50 ; 467.021,52 
RN;GOIANINHA;2404200; 1.184.506,46 ; 1.302.957,10 ; 1.421.407,75 ; 1.539.858,39 ; 1.662.447,77 ; 1.775.685,89 ; 1.775.685,89 ; 1.894.064,95 ; 1.905.638,57 ; 1.905.636,21 ; 1.905.636,21 ; 1.905.636,21 ; 3.520.461,84 ; 23.699.623,24 
RN;IELMO MARINHO;2404606; 191.258,31 ; 210.384,14 ; 229.509,97 ; 248.635,80 ; 268.304,66 ; 286.580,31 ; 286.580,31 ; 305.685,66 ; 307.084,65 ; 307.084,27 ; 307.084,27 ; 307.084,27 ; 567.305,81 ; 3.822.582,43 
RN;IPANGUACU;2404705; 249.155,02 ; 274.070,52 ; 298.986,02 ; 323.901,53 ; 349.638,71 ; 373.454,45 ; 373.454,45 ; 398.351,42 ; 399.591,57 ; 399.591,07 ; 399.591,07 ; 399.591,07 ; 738.202,37 ; 4.977.579,27 
RN;ITAJA;2404853; 155.224,06 ; 170.746,47 ; 186.268,88 ; 201.791,28 ; 217.814,58 ; 232.651,08 ; 232.651,08 ; 248.161,15 ; 248.890,03 ; 248.889,73 ; 248.889,73 ; 248.889,73 ; 459.797,53 ; 3.100.665,33 
RN;ITAU;2404903; 84.409,12 ; 92.850,03 ; 101.290,95 ; 109.731,86 ; 118.439,32 ; 126.506,85 ; 126.506,85 ; 134.940,64 ; 135.313,88 ; 135.313,71 ; 135.313,71 ; 135.313,71 ; 249.977,82 ; 1.685.908,45 
RN;JACANA;2405009; 254.613,17 ; 280.074,49 ; 305.535,80 ; 330.997,12 ; 357.361,83 ; 381.703,64 ; 381.703,64 ; 407.150,55 ; 426.509,61 ; 426.509,08 ; 426.509,08 ; 426.509,08 ; 787.930,58 ; 5.193.107,67 
RN;JANDAIRA;2405108; 12.668,87 ; 13.935,75 ; 15.202,64 ; 16.469,53 ; 17.683,44 ; 18.887,95 ; 18.887,95 ; 20.147,15 ; 19.834,14 ; 19.834,12 ; 19.834,12 ; 19.834,12 ; 36.641,48 ; 249.861,26 
RN;JANDUIS;2405207; 144.158,31 ; 158.574,15 ; 172.989,98 ; 187.405,81 ; 202.308,42 ; 216.088,71 ; 216.088,71 ; 230.494,63 ; 231.257,25 ; 231.256,96 ; 231.256,96 ; 231.256,96 ; 427.222,88 ; 2.880.359,73 
RN;JANUARIO CICCO;2405306; 311.821,48 ; 343.003,63 ; 374.185,78 ; 405.367,93 ; 437.636,34 ; 467.446,07 ; 467.446,07 ; 498.609,15 ; 501.964,50 ; 501.963,88 ; 501.963,88 ; 501.963,88 ; 927.325,33 ; 6.240.697,92 
RN;JAPI;2405405; 107.103,42 ; 117.813,76 ; 128.524,10 ; 139.234,44 ; 150.298,84 ; 160.536,49 ; 160.536,49 ; 171.238,93 ; 180.112,88 ; 180.112,66 ; 180.112,66 ; 180.112,66 ; 332.739,15 ; 2.188.476,48 
RN;JARDIM DE PIRANHAS;2405603; 326.911,60 ; 359.602,76 ; 392.293,92 ; 424.985,08 ; 458.788,37 ; 490.038,87 ; 490.038,87 ; 522.708,13 ; 532.375,40 ; 532.374,74 ; 532.374,74 ; 532.374,74 ; 983.506,14 ; 6.578.373,36 
RN;JARDIM DO SERIDO;2405702; 75.683,36 ; 83.251,69 ; 90.820,03 ; 98.388,37 ; 106.166,36 ; 113.397,92 ; 113.397,92 ; 120.957,78 ; 121.176,01 ; 121.175,86 ; 121.175,86 ; 121.175,86 ; 223.859,65 ; 1.510.626,67 
RN;JOAO CAMARA;2405801; 429.817,64 ; 472.799,40 ; 515.781,16 ; 558.762,93 ; 603.053,29 ; 644.130,44 ; 644.130,44 ; 687.072,47 ; 688.779,79 ; 688.778,94 ; 688.778,94 ; 688.778,94 ; 1.272.446,37 ; 8.583.110,75 
RN;JOAO DIAS;2405900; 15.995,32 ; 17.594,85 ; 19.194,38 ; 20.793,92 ; 22.422,44 ; 23.949,75 ; 23.949,75 ; 25.546,40 ; 25.531,74 ; 25.531,71 ; 25.531,71 ; 25.531,71 ; 47.167,17 ; 318.740,85 
RN;JOSE DA PENHA;2406007; 125.492,32 ; 138.041,55 ; 150.590,79 ; 163.140,02 ; 176.103,32 ; 188.098,64 ; 188.098,64 ; 200.638,55 ; 201.264,00 ; 201.263,75 ; 201.263,75 ; 201.263,75 ; 371.813,59 ; 2.507.072,67 
RN;JUCURUTU;2406106; 99.885,72 ; 109.874,29 ; 119.862,86 ; 129.851,44 ; 140.073,16 ; 149.614,29 ; 149.614,29 ; 159.588,57 ; 167.587,68 ; 167.587,48 ; 167.587,48 ; 167.587,48 ; 309.600,20 ; 2.038.314,94 
RN;JUNDIA;2406155; 173.045,81 ; 190.350,39 ; 207.654,97 ; 224.959,56 ; 242.876,81 ; 259.420,44 ; 259.420,44 ; 276.715,13 ; 277.743,12 ; 277.742,77 ; 277.742,77 ; 277.742,77 ; 513.100,50 ; 3.458.515,48 
RN;LAGOA DANTA;2406205; 177.527,88 ; 195.280,67 ; 213.033,46 ; 230.786,25 ; 249.147,24 ; 266.117,98 ; 266.117,98 ; 283.859,18 ; 287.061,04 ; 287.060,68 ; 287.060,68 ; 287.060,68 ; 530.314,37 ; 3.560.428,09 
RN;LAGOA DE PEDRAS;2406304; 371.261,49 ; 408.387,64 ; 445.513,79 ; 482.639,93 ; 521.114,59 ; 556.610,47 ; 556.610,47 ; 593.717,83 ; 604.751,14 ; 604.750,39 ; 604.750,39 ; 604.750,39 ; 1.117.212,51 ; 7.472.071,03 
RN;LAGOA DE VELHOS;2406403; 52.611,65 ; 57.872,81 ; 63.133,98 ; 68.395,14 ; 73.807,41 ; 78.834,82 ; 78.834,82 ; 84.090,48 ; 89.614,53 ; 89.614,42 ; 89.614,42 ; 89.614,42 ; 165.553,21 ; 1.081.592,11 
RN;LAGOA NOVA;2406502; 268.487,15 ; 295.335,87 ; 322.184,59 ; 349.033,30 ; 376.722,21 ; 402.382,75 ; 402.382,75 ; 429.208,27 ; 437.876,26 ; 437.875,72 ; 437.875,72 ; 437.875,72 ; 808.929,24 ; 5.406.169,55 
RN;LAGOA SALGADA;2406601; 175.409,02 ; 192.949,93 ; 210.490,83 ; 228.031,73 ; 246.150,03 ; 262.916,61 ; 262.916,61 ; 280.444,38 ; 287.865,08 ; 287.864,72 ; 287.864,72 ; 287.864,72 ; 531.799,72 ; 3.542.568,10 
RN;LAJES PINTADAS;2406809; 35.502,24 ; 39.052,47 ; 42.602,69 ; 46.152,92 ; 49.758,87 ; 53.148,22 ; 53.148,22 ; 56.691,43 ; 56.802,94 ; 56.802,87 ; 56.802,87 ; 56.802,87 ; 104.937,35 ; 708.205,96 
RN;LUCRECIA;2406908; 22.079,42 ; 24.287,37 ; 26.495,31 ; 28.703,25 ; 30.956,63 ; 33.065,25 ; 33.065,25 ; 35.269,60 ; 35.270,83 ; 35.270,79 ; 35.270,79 ; 35.270,79 ; 65.159,07 ; 440.164,35 
RN;LUIS GOMES;2407005; 113.365,18 ; 124.701,70 ; 136.038,22 ; 147.374,73 ; 159.040,35 ; 169.873,43 ; 169.873,43 ; 181.198,33 ; 184.466,31 ; 184.466,09 ; 184.466,09 ; 184.466,09 ; 340.781,65 ; 2.280.111,60 
RN;MACAIBA;2407104; 454.532,21 ; 499.985,43 ; 545.438,66 ; 590.891,88 ; 637.487,77 ; 680.910,44 ; 680.910,44 ; 726.304,47 ; 742.295,33 ; 742.294,41 ; 742.294,41 ; 742.294,41 ; 1.371.310,57 ; 9.156.950,43 
RN;MAJOR SALES;2407252; 61.443,32 ; 67.587,65 ; 73.731,98 ; 79.876,31 ; 86.189,51 ; 92.060,33 ; 92.060,33 ; 98.197,69 ; 98.369,51 ; 98.369,39 ; 98.369,39 ; 98.369,39 ; 181.727,08 ; 1.226.351,88 
RN;MARCELINO VIEIRA;2407302; 100.062,64 ; 110.068,90 ; 120.075,17 ; 130.081,43 ; 140.410,47 ; 149.974,57 ; 149.974,57 ; 159.972,87 ; 160.442,27 ; 160.442,08 ; 160.442,08 ; 160.442,08 ; 296.399,83 ; 1.998.788,96 
RN;MARTINS;2407401; 158.370,17 ; 174.207,19 ; 190.044,20 ; 205.881,22 ; 222.249,96 ; 237.388,58 ; 237.388,58 ; 253.214,49 ; 254.040,24 ; 254.039,92 ; 254.039,92 ; 254.039,92 ; 469.311,99 ; 3.164.216,38 
RN;MAXARANGUAPE;2407500; 236.549,54 ; 260.204,50 ; 283.859,45 ; 307.514,41 ; 331.946,19 ; 354.556,80 ; 354.556,80 ; 378.193,92 ; 381.670,71 ; 381.670,24 ; 381.670,24 ; 381.670,24 ; 705.095,52 ; 4.739.158,56 
RN;MESSIAS TARGINO;2407609; 25.107,73 ; 27.618,50 ; 30.129,28 ; 32.640,05 ; 35.206,08 ; 37.604,16 ; 37.604,16 ; 40.111,10 ; 40.126,76 ; 40.126,71 ; 40.126,71 ; 40.126,71 ; 74.129,92 ; 500.657,87 
RN;MONTANHAS;2407708; 223.330,08 ; 245.663,09 ; 267.996,10 ; 290.329,11 ; 313.398,29 ; 334.745,50 ; 334.745,50 ; 357.061,87 ; 358.172,13 ; 358.171,68 ; 358.171,68 ; 358.171,68 ; 661.684,44 ; 4.461.641,15 
RN;MONTE ALEGRE;2407807; 794.860,98 ; 874.347,08 ; 953.833,18 ; 1.033.319,28 ; 1.115.553,07 ; 1.191.539,30 ; 1.191.539,30 ; 1.270.975,25 ; 1.275.433,13 ; 1.275.431,55 ; 1.275.431,55 ; 1.275.431,55 ; 2.356.225,22 ; 15.883.920,44 
RN;NISIA FLORESTA;2408201; 1.525.082,34 ; 1.677.590,57 ; 1.830.098,80 ; 1.982.607,04 ; 2.140.608,84 ; 2.286.417,04 ; 2.286.417,04 ; 2.438.844,84 ; 2.448.277,58 ; 2.448.274,55 ; 2.448.274,55 ; 2.448.274,55 ; 4.522.928,87 ; 30.483.696,61 
RN;NOVA CRUZ;2408300; 430.299,21 ; 473.329,13 ; 516.359,05 ; 559.388,97 ; 603.783,50 ; 644.910,40 ; 644.910,40 ; 687.904,42 ; 698.387,91 ; 698.387,05 ; 698.387,05 ; 698.387,05 ; 1.290.196,35 ; 8.644.630,49 
RN;OURO BRANCO;2408508; 31.783,92 ; 34.962,31 ; 38.140,70 ; 41.319,09 ; 44.573,80 ; 47.609,96 ; 47.609,96 ; 50.783,96 ; 59.082,25 ; 59.082,17 ; 59.082,17 ; 59.082,17 ; 109.148,12 ; 682.260,58 
RN;PARANA;2408607; 12.723,01 ; 13.995,31 ; 15.267,61 ; 16.539,92 ; 17.811,60 ; 19.024,84 ; 19.024,84 ; 20.293,16 ; 20.365,05 ; 20.365,02 ; 20.365,02 ; 20.365,02 ; 37.622,27 ; 253.762,67 
RN;PARAZINHO;2408805; 23.293,61 ; 25.622,98 ; 27.952,34 ; 30.281,70 ; 32.623,85 ; 34.846,03 ; 34.846,03 ; 37.169,10 ; 38.098,40 ; 38.098,35 ; 38.098,35 ; 38.098,35 ; 70.382,71 ; 469.411,80 
RN;PARELHAS;2408904; 103.752,41 ; 114.127,65 ; 124.502,89 ; 134.878,13 ; 145.503,55 ; 155.414,57 ; 155.414,57 ; 165.775,54 ; 170.892,81 ; 170.892,60 ; 170.892,60 ; 170.892,60 ; 315.706,09 ; 2.098.646,01 
RN;PASSA E FICA;2409100; 535.439,13 ; 588.983,04 ; 642.526,95 ; 696.070,86 ; 751.502,83 ; 802.691,66 ; 802.691,66 ; 856.204,44 ; 861.058,80 ; 861.057,73 ; 861.057,73 ; 861.057,73 ; 1.590.713,28 ; 10.711.055,84 
RN;PASSAGEM;2409209; 82.949,43 ; 91.244,37 ; 99.539,31 ; 107.834,26 ; 116.392,69 ; 124.320,81 ; 124.320,81 ; 132.608,87 ; 132.981,80 ; 132.981,63 ; 132.981,63 ; 132.981,63 ; 245.669,57 ; 1.656.806,81 
RN;PATU;2409308; 20.356,45 ; 22.392,10 ; 24.427,74 ; 26.463,39 ; 28.492,65 ; 30.433,44 ; 30.433,44 ; 32.462,33 ; 35.328,34 ; 35.328,30 ; 35.328,30 ; 35.328,30 ; 65.265,34 ; 422.040,12 
RN;PEDRA GRANDE;2409506; 7.058,56 ; 7.764,41 ; 8.470,27 ; 9.176,12 ; 9.842,58 ; 10.513,01 ; 10.513,01 ; 11.213,87 ; 11.000,24 ; 11.000,23 ; 11.000,23 ; 11.000,23 ; 20.321,80 ; 138.874,56 
RN;PEDRO AVELINO;2409704; 2.171,06 ; 2.388,17 ; 2.605,27 ; 2.822,38 ; 2.969,56 ; 3.171,83 ; 3.171,83 ; 3.383,29 ; 3.088,14 ; 3.088,14 ; 3.088,14 ; 3.088,14 ; 5.705,04 ; 40.740,99 
RN;PEDRO VELHO;2409803; 961.588,98 ; 1.057.747,87 ; 1.153.906,77 ; 1.250.065,67 ; 1.349.740,75 ; 1.441.678,74 ; 1.441.678,74 ; 1.537.790,65 ; 1.545.707,29 ; 1.545.705,38 ; 1.545.705,38 ; 1.545.705,38 ; 2.855.527,59 ; 19.232.549,19 
RN;POCO BRANCO;2410108; 392.513,49 ; 431.764,84 ; 471.016,19 ; 510.267,54 ; 550.906,33 ; 588.431,48 ; 588.431,48 ; 627.660,24 ; 643.942,66 ; 643.941,86 ; 643.941,86 ; 643.941,86 ; 1.189.614,62 ; 7.926.374,45 
RN;PORTALEGRE;2410207; 161.291,12 ; 177.420,23 ; 193.549,34 ; 209.678,45 ; 226.340,37 ; 241.757,61 ; 241.757,61 ; 257.874,79 ; 280.714,49 ; 280.714,14 ; 280.714,14 ; 280.714,14 ; 518.589,78 ; 3.351.116,21 
RN;PRESIDENTE JUSCELINO;2410306; 373.136,97 ; 410.450,67 ; 447.764,37 ; 485.078,06 ; 523.660,79 ; 559.330,10 ; 559.330,10 ; 596.618,77 ; 607.569,71 ; 607.568,96 ; 607.568,96 ; 607.568,96 ; 1.122.419,50 ; 7.508.065,92 
RN;PUREZA;2410405; 458.598,34 ; 504.458,18 ; 550.318,01 ; 596.177,85 ; 643.691,39 ; 687.536,61 ; 687.536,61 ; 733.372,39 ; 740.025,50 ; 740.024,58 ; 740.024,58 ; 740.024,58 ; 1.367.117,31 ; 9.188.905,93 
RN;RIACHO DA CRUZ;2410702; 45.360,86 ; 49.896,94 ; 54.433,03 ; 58.969,12 ; 63.638,57 ; 67.973,33 ; 67.973,33 ; 72.504,89 ; 72.666,29 ; 72.666,20 ; 72.666,20 ; 72.666,20 ; 134.243,14 ; 905.658,10 
RN;RIACHO DE SANTANA;2410801; 16.632,31 ; 18.295,54 ; 19.958,78 ; 21.622,01 ; 23.300,22 ; 24.887,32 ; 24.887,32 ; 26.546,47 ; 26.471,01 ; 26.470,98 ; 26.470,98 ; 26.470,98 ; 48.902,36 ; 330.916,28 
RN;RIACHUELO;2410900; 90.873,12 ; 99.960,43 ; 109.047,74 ; 118.135,06 ; 127.479,92 ; 136.163,25 ; 136.163,25 ; 145.240,80 ; 151.239,32 ; 151.239,14 ; 151.239,14 ; 151.239,14 ; 279.398,37 ; 1.847.418,68 
RN;RIO DO FOGO;2408953; 195.246,23 ; 214.770,86 ; 234.295,48 ; 253.820,10 ; 273.939,91 ; 292.599,41 ; 292.599,41 ; 312.106,04 ; 317.054,79 ; 317.054,40 ; 317.054,40 ; 317.054,40 ; 585.724,58 ; 3.923.320,01 
RN;RODOLFO FERNANDES;2411007; 39.648,85 ; 43.613,73 ; 47.578,62 ; 51.543,50 ; 55.607,64 ; 59.395,37 ; 59.395,37 ; 63.355,06 ; 63.427,38 ; 63.427,31 ; 63.427,31 ; 63.427,31 ; 117.175,28 ; 791.022,73 
RN;SANTA CRUZ;2411205; 289.276,25 ; 318.203,87 ; 347.131,50 ; 376.059,12 ; 405.826,45 ; 433.469,44 ; 433.469,44 ; 462.367,40 ; 463.887,25 ; 463.886,67 ; 463.886,67 ; 463.886,67 ; 856.981,73 ; 5.778.332,46 
RN;SANTA MARIA;2409332; 83.119,56 ; 91.431,51 ; 99.743,47 ; 108.055,42 ; 116.619,67 ; 124.563,25 ; 124.563,25 ; 132.867,47 ; 133.194,58 ; 133.194,41 ; 133.194,41 ; 133.194,41 ; 246.062,65 ; 1.659.804,06 
RN;SANTANA DO MATOS;2411403; 80.453,69 ; 88.499,05 ; 96.544,42 ; 104.589,79 ; 112.842,07 ; 120.528,34 ; 120.528,34 ; 128.563,56 ; 128.732,19 ; 128.732,03 ; 128.732,03 ; 128.732,03 ; 237.818,85 ; 1.605.296,39 
RN;SANTO ANTONIO;2411502; 228.918,41 ; 251.810,25 ; 274.702,09 ; 297.593,93 ; 321.188,55 ; 343.066,41 ; 343.066,41 ; 365.937,50 ; 377.951,24 ; 377.950,78 ; 377.950,78 ; 377.950,78 ; 698.224,21 ; 4.636.311,34 
RN;SAO BENTO DO TRAIRI;2411700; 44.575,54 ; 49.033,09 ; 53.490,65 ; 57.948,20 ; 62.526,63 ; 66.785,65 ; 66.785,65 ; 71.238,02 ; 71.356,19 ; 71.356,10 ; 71.356,10 ; 71.356,10 ; 131.822,89 ; 889.630,81 
RN;SAO FRANCISCO DO OESTE;2411908; 4.094,55 ; 4.504,01 ; 4.913,47 ; 5.322,92 ; 5.685,26 ; 6.072,51 ; 6.072,51 ; 6.477,34 ; 6.257,14 ; 6.257,13 ; 6.257,13 ; 6.257,13 ; 11.559,40 ; 79.730,50 
RN;SAO GONCALO DO AMARANTE;2412005; 1.033.326,24 ; 1.136.658,86 ; 1.239.991,48 ; 1.343.324,10 ; 1.449.704,39 ; 1.548.451,44 ; 1.548.451,44 ; 1.651.681,53 ; 1.659.655,05 ; 1.659.652,99 ; 1.659.652,99 ; 1.659.652,99 ; 3.066.033,79 ; 20.656.237,29 
RN;SAO JOAO DO SABUGI;2412104; 102.798,00 ; 113.077,80 ; 123.357,60 ; 133.637,40 ; 144.258,70 ; 154.084,92 ; 154.084,92 ; 164.357,25 ; 164.878,75 ; 164.878,55 ; 164.878,55 ; 164.878,55 ; 304.595,75 ; 2.053.766,74 
RN;SAO JOSE DE MIPIBU;2412203; 1.485.121,91 ; 1.633.634,10 ; 1.782.146,29 ; 1.930.658,48 ; 2.084.338,15 ; 2.226.313,46 ; 2.226.313,46 ; 2.374.734,36 ; 2.404.096,28 ; 2.404.093,30 ; 2.404.093,30 ; 2.404.093,30 ; 4.441.308,69 ; 29.800.945,08 
RN;SAO JOSE DO SERIDO;2412401; 18.089,04 ; 19.897,94 ; 21.706,84 ; 23.515,75 ; 25.342,02 ; 27.068,19 ; 27.068,19 ; 28.872,74 ; 28.794,95 ; 28.794,91 ; 28.794,91 ; 28.794,91 ; 53.195,59 ; 359.935,98 
RN;SAO MIGUEL;2412500; 371.465,34 ; 408.611,87 ; 445.758,40 ; 482.904,94 ; 521.221,59 ; 556.724,76 ; 556.724,76 ; 593.839,74 ; 595.470,76 ; 595.470,02 ; 595.470,02 ; 595.470,02 ; 1.100.068,01 ; 7.419.200,23 
RN;SAO MIGUEL DO GOSTOSO;2412559; 149.797,55 ; 164.777,30 ; 179.757,06 ; 194.736,81 ; 210.124,35 ; 224.437,03 ; 224.437,03 ; 239.399,50 ; 245.269,43 ; 245.269,13 ; 245.269,13 ; 245.269,13 ; 453.108,86 ; 3.021.652,31 
RN;SAO PAULO DO POTENGI;2412609; 171.291,86 ; 188.421,05 ; 205.550,23 ; 222.679,42 ; 240.281,29 ; 256.648,12 ; 256.648,12 ; 273.757,99 ; 278.297,41 ; 278.297,07 ; 278.297,07 ; 278.297,07 ; 514.124,50 ; 3.442.591,20 
RN;SAO PEDRO;2412708; 135.764,82 ; 149.341,30 ; 162.917,78 ; 176.494,26 ; 190.529,55 ; 203.507,52 ; 203.507,52 ; 217.074,69 ; 217.794,38 ; 217.794,11 ; 217.794,11 ; 217.794,11 ; 402.351,69 ; 2.712.665,84 
RN;SAO RAFAEL;2412807; 98.416,98 ; 108.258,68 ; 118.100,38 ; 127.942,08 ; 138.113,11 ; 147.520,73 ; 147.520,73 ; 157.355,44 ; 157.864,25 ; 157.864,05 ; 157.864,05 ; 157.864,05 ; 291.637,21 ; 1.966.321,74 
RN;SAO TOME;2412906; 46.483,01 ; 51.131,31 ; 55.779,61 ; 60.427,91 ; 65.087,24 ; 69.520,68 ; 69.520,68 ; 74.155,39 ; 89.757,67 ; 89.757,56 ; 89.757,56 ; 89.757,56 ; 165.817,64 ; 1.016.953,82 
RN;SAO VICENTE;2413003; 38.730,13 ; 42.603,15 ; 46.476,16 ; 50.349,18 ; 54.313,96 ; 58.013,57 ; 58.013,57 ; 61.881,15 ; 63.308,80 ; 63.308,72 ; 63.308,72 ; 63.308,72 ; 116.956,19 ; 780.572,02 
RN;SENADOR ELOI DE SOUZA;2413102; 113.607,36 ; 124.968,09 ; 136.328,83 ; 147.689,56 ; 159.420,24 ; 170.279,20 ; 170.279,20 ; 181.631,14 ; 182.177,88 ; 182.177,65 ; 182.177,65 ; 182.177,65 ; 336.554,04 ; 2.269.468,49 
RN;SENADOR GEORGINO AVELINO;2413201; 104.859,00 ; 115.344,91 ; 125.830,81 ; 136.316,71 ; 147.144,57 ; 157.167,37 ; 157.167,37 ; 167.645,19 ; 174.389,68 ; 174.389,47 ; 174.389,47 ; 174.389,47 ; 322.166,17 ; 2.131.200,19 
RN;SERRA DE SAO BENTO;2413300; 47.426,53 ; 52.169,18 ; 56.911,83 ; 61.654,49 ; 66.521,78 ; 71.052,94 ; 71.052,94 ; 75.789,80 ; 75.899,82 ; 75.899,72 ; 75.899,72 ; 75.899,72 ; 140.216,77 ; 946.395,24 
RN;SERRA DO MEL;2413359; 124.107,27 ; 136.518,00 ; 148.928,73 ; 161.339,45 ; 174.003,73 ; 185.856,05 ; 185.856,05 ; 198.246,45 ; 198.246,14 ; 198.245,90 ; 198.245,90 ; 198.245,90 ; 366.238,39 ; 2.474.077,96 
RN;SERRA NEGRA DO NORTE;2413409; 39.961,64 ; 43.957,80 ; 47.953,97 ; 51.950,13 ; 56.029,41 ; 59.845,87 ; 59.845,87 ; 63.835,60 ; 63.841,35 ; 63.841,27 ; 63.841,27 ; 63.841,27 ; 117.940,05 ; 796.685,50 
RN;SERRINHA;2413508; 153.511,44 ; 168.862,59 ; 184.213,73 ; 199.564,87 ; 215.420,64 ; 230.094,08 ; 230.094,08 ; 245.433,69 ; 266.787,76 ; 266.787,43 ; 266.787,43 ; 266.787,43 ; 492.861,66 ; 3.187.206,83 
RN;SERRINHA DOS PINTOS;2413557; 106.434,99 ; 117.078,49 ; 127.721,99 ; 138.365,49 ; 149.360,07 ; 159.533,78 ; 159.533,78 ; 170.169,36 ; 170.699,45 ; 170.699,24 ; 170.699,24 ; 170.699,24 ; 315.348,84 ; 2.126.343,96 
RN;SEVERIANO MELO;2413607; 80.088,70 ; 88.097,57 ; 96.106,44 ; 104.115,31 ; 112.369,93 ; 120.024,04 ; 120.024,04 ; 128.025,65 ; 131.004,37 ; 131.004,21 ; 131.004,21 ; 131.004,21 ; 242.016,46 ; 1.614.885,14 
RN;SITIO NOVO;2413706; 128.019,57 ; 140.821,53 ; 153.623,48 ; 166.425,44 ; 179.646,22 ; 191.882,87 ; 191.882,87 ; 204.675,07 ; 205.911,60 ; 205.911,34 ; 205.911,34 ; 205.911,34 ; 380.399,52 ; 2.561.022,19 
RN;TAIPU;2413904; 185.809,93 ; 204.390,92 ; 222.971,92 ; 241.552,91 ; 260.736,88 ; 278.497,05 ; 278.497,05 ; 297.063,52 ; 311.983,53 ; 311.983,15 ; 311.983,15 ; 311.983,15 ; 576.355,97 ; 3.793.809,13 
RN;TANGARA;2414001; 338.272,15 ; 372.099,36 ; 405.926,59 ; 439.753,80 ; 474.736,98 ; 507.073,83 ; 507.073,83 ; 540.878,76 ; 559.699,00 ; 559.698,31 ; 559.698,31 ; 559.698,31 ; 1.033.983,54 ; 6.858.592,77 
RN;TENENTE ANANIAS;2414100; 267.893,81 ; 294.683,19 ; 321.472,57 ; 348.261,95 ; 375.967,87 ; 401.577,03 ; 401.577,03 ; 428.348,83 ; 429.813,44 ; 429.812,90 ; 429.812,90 ; 429.812,90 ; 794.034,03 ; 5.353.068,45 
RN;TENENTE LAURENTINO CRUZ;2414159; 149.415,77 ; 164.357,34 ; 179.298,92 ; 194.240,50 ; 209.670,43 ; 223.952,20 ; 223.952,20 ; 238.882,34 ; 241.992,35 ; 241.992,05 ; 241.992,05 ; 241.992,05 ; 447.054,82 ; 2.998.793,02 
RN;TIBAU DO SUL;2414209; 45.743,66 ; 50.318,03 ; 54.892,40 ; 59.466,76 ; 64.002,50 ; 68.362,05 ; 68.362,05 ; 72.919,52 ; 97.033,64 ; 97.033,52 ; 97.033,52 ; 97.033,52 ; 179.259,20 ; 1.051.460,37 
RN;TOUROS;2414407; 1.194.351,55 ; 1.313.786,70 ; 1.433.221,86 ; 1.552.657,01 ; 1.676.275,50 ; 1.790.455,50 ; 1.790.455,50 ; 1.909.819,19 ; 1.921.968,78 ; 1.921.966,40 ; 1.921.966,40 ; 1.921.966,40 ; 3.550.630,11 ; 23.899.520,90 
RN;TRIUNFO POTIGUAR;2414456; 29.927,00 ; 32.919,70 ; 35.912,40 ; 38.905,10 ; 41.963,89 ; 44.822,28 ; 44.822,28 ; 47.810,43 ; 47.830,00 ; 47.829,94 ; 47.829,94 ; 47.829,94 ; 88.360,82 ; 596.763,72 
RN;UMARIZAL;2414506; 88.656,51 ; 97.522,16 ; 106.387,81 ; 115.253,46 ; 124.394,43 ; 132.867,60 ; 132.867,60 ; 141.725,44 ; 142.099,04 ; 142.098,86 ; 142.098,86 ; 142.098,86 ; 262.512,68 ; 1.770.583,31 
RN;VARZEA;2414704; 21.389,53 ; 23.528,48 ; 25.667,43 ; 27.806,39 ; 29.979,95 ; 32.022,05 ; 32.022,05 ; 34.156,85 ; 34.120,74 ; 34.120,70 ; 34.120,70 ; 34.120,70 ; 63.034,40 ; 426.089,97 
RN;VENHA-VER;2414753; 64.393,54 ; 70.832,89 ; 77.272,25 ; 83.711,60 ; 90.334,41 ; 96.487,56 ; 96.487,56 ; 102.920,06 ; 103.125,83 ; 103.125,70 ; 103.125,70 ; 103.125,70 ; 190.513,89 ; 1.285.456,69 
RN;VERA CRUZ;2414803; 306.108,45 ; 336.719,30 ; 367.330,14 ; 397.940,99 ; 429.553,11 ; 458.812,24 ; 458.812,24 ; 489.399,74 ; 494.439,53 ; 494.438,91 ; 494.438,91 ; 494.438,91 ; 913.423,77 ; 6.135.856,24 
RN;VILA FLOR;2415008; 9.556,82 ; 10.512,50 ; 11.468,18 ; 12.423,86 ; 13.369,27 ; 14.279,92 ; 14.279,92 ; 15.231,92 ; 15.113,63 ; 15.113,61 ; 15.113,61 ; 15.113,61 ; 27.920,84 ; 189.497,69 
RO;CANDEIAS DO JAMARI;1100809; 168.531,77 ; 185.384,94 ; 202.238,12 ; 219.091,30 ; 236.338,70 ; 252.436,98 ; 252.436,98 ; 269.266,12 ; 269.463,79 ; 269.463,45 ; 269.463,45 ; 269.463,45 ; 497.805,33 ; 3.361.384,38 
RO;SERINGUEIRAS;1101500; 128.051,41 ; 140.856,55 ; 153.661,69 ; 166.466,83 ; 179.662,89 ; 191.900,69 ; 191.900,69 ; 204.694,06 ; 205.206,94 ; 205.206,69 ; 205.206,69 ; 205.206,69 ; 379.097,72 ; 2.557.119,54 
RO;VALE DO PARAISO;1101807; 60.271,00 ; 66.298,09 ; 72.325,19 ; 78.352,29 ;-277.246,57 ; -   ; -   ; -   ; -   ; -   ; -   ; -   ; -   ; -   
RR;ALTO ALEGRE;1400050; 275.975,52 ; 303.573,07 ; 331.170,62 ; 358.768,17 ; 387.258,65 ; 413.636,89 ; 413.636,89 ; 441.212,68 ; 442.518,09 ; 442.517,54 ; 442.517,54 ; 442.517,54 ; 817.504,51 ; 5.512.807,71 
RR;BONFIM;1400159; 61.645,88 ; 67.810,47 ; 73.975,05 ; 80.139,64 ; 86.242,16 ; 92.116,57 ; 92.116,57 ; 98.257,68 ; 97.511,39 ; 97.511,27 ; 97.511,27 ; 97.511,27 ; 180.141,80 ; 1.222.491,02 
RR;NORMANDIA;1400407; 610.581,57 ; 671.639,73 ; 732.697,88 ; 793.756,04 ; 856.837,05 ; 915.200,75 ; 915.200,75 ; 976.214,14 ; 979.289,95 ; 979.288,74 ; 979.288,74 ; 979.288,74 ; 1.809.132,61 ; 12.198.416,69 
RR;PACARAIMA;1400456; 137.754,63 ; 151.530,10 ; 165.305,56 ; 179.081,03 ; 193.004,35 ; 206.150,89 ; 206.150,89 ; 219.894,29 ; 232.565,39 ; 232.565,10 ; 232.565,10 ; 232.565,10 ; 429.639,52 ; 2.818.771,95 
RR;RORAINOPOLIS;1400472; 246.864,06 ; 271.550,46 ; 296.236,87 ; 320.923,28 ; 346.143,73 ; 369.721,41 ; 369.721,41 ; 394.369,51 ; 399.075,38 ; 399.074,89 ; 399.074,89 ; 399.074,89 ; 737.248,79 ; 4.949.079,57 
RR;UIRAMUTA;1400704; 317.973,66 ; 349.771,02 ; 381.568,39 ; 413.365,76 ; 446.187,62 ; 476.579,83 ; 476.579,83 ; 508.351,82 ; 512.282,26 ; 512.281,62 ; 512.281,62 ; 512.281,62 ; 946.386,28 ; 6.365.891,33 
RS;ARARICA;4300877; 39.791,91 ; 43.771,10 ; 47.750,29 ; 51.729,48 ; 55.708,59 ; 59.503,20 ; 59.503,20 ; 63.470,08 ; 63.147,03 ; 63.146,95 ; 63.146,95 ; 63.146,95 ; 116.657,35 ; 790.473,08 
RS;BENJAMIN CONSTANT DO SUL;4302055; 1.788,49 ; 1.967,34 ; 2.146,19 ; 2.325,04 ; 2.481,75 ; 2.650,79 ; 2.650,79 ; 2.827,51 ; 2.725,14 ; 2.725,14 ; 2.725,14 ; 2.725,14 ; 5.034,43 ; 34.772,89 
RS;CARAA;4304713; 37.183,49 ; 40.901,84 ; 44.620,18 ; 48.338,53 ; 52.119,41 ; 55.669,54 ; 55.669,54 ; 59.380,84 ; 60.119,75 ; 60.119,67 ; 60.119,67 ; 60.119,67 ; 111.064,79 ; 745.426,92 
RS;CERRO GRANDE;4305157; 19.677,43 ; 21.645,17 ; 23.612,92 ; 25.580,66 ; 27.590,29 ; 29.469,62 ; 29.469,62 ; 31.434,26 ; 33.368,42 ; 33.368,37 ; 33.368,37 ; 33.368,37 ; 61.644,59 ; 403.598,09 
RS;ERVAL GRANDE;4307203; 58.228,78 ; 64.051,66 ; 69.874,54 ; 75.697,42 ; 81.690,84 ; 87.255,23 ; 87.255,23 ; 93.072,25 ; 93.276,79 ; 93.276,67 ; 93.276,67 ; 93.276,67 ; 172.318,85 ; 1.162.551,60 
RS;HARMONIA;4309555; 4.848,83 ; 5.333,71 ; 5.818,60 ; 6.303,48 ; 6.740,71 ; 7.199,86 ; 7.199,86 ; 7.679,85 ; 7.451,43 ; 7.451,42 ; 7.451,42 ; 7.451,42 ; 13.765,72 ; 94.696,31 
RS;IRAI;4310504; 19.073,25 ; 20.980,57 ; 22.887,90 ; 24.795,22 ; 60.216,38 ; 64.318,03 ; 64.318,03 ; 68.605,90 ; 68.607,58 ; 68.607,49 ; 68.607,49 ; 68.607,49 ; 126.745,15 ; 746.370,48 
RS;LAJEADO DO BUGRE;4311429; 37.101,37 ; 40.811,51 ; 44.521,65 ; 48.231,78 ; 52.048,58 ; 55.593,89 ; 55.593,89 ; 59.300,15 ; 59.422,53 ; 59.422,46 ; 59.422,46 ; 59.422,46 ; 109.776,73 ; 740.669,46 
RS;MATO CASTELHANO;4312138; 28.585,03 ; 31.443,54 ; 34.302,04 ; 37.160,55 ; 40.089,43 ; 42.820,13 ; 42.820,13 ; 45.674,80 ; 45.916,93 ; 45.916,87 ; 45.916,87 ; 45.916,87 ; 84.826,60 ; 571.389,79 
RS;PARECI NOVO;4314035; 3.942,87 ; 4.337,15 ; 4.731,44 ; 5.125,73 ; 5.471,03 ; 5.843,69 ; 5.843,69 ; 6.233,27 ; 7.834,04 ; 7.834,03 ; 7.834,03 ; 7.834,03 ; 14.472,55 ; 87.337,55 
RS;PINHEIRINHO DO VALE;4314498; 37.642,40 ; 41.406,64 ; 45.170,88 ; 48.935,12 ; 52.788,89 ; 56.384,62 ; 56.384,62 ; 60.143,59 ; 60.193,57 ; 60.193,50 ; 60.193,50 ; 60.193,50 ; 111.201,15 ; 750.831,98 
RS;PORTO XAVIER;4315107; 66.420,37 ; 73.062,41 ; 79.704,44 ; 86.346,48 ; 93.147,34 ; 99.492,10 ; 99.492,10 ; 106.124,91 ; 106.216,52 ; 106.216,39 ; 106.216,39 ; 106.216,39 ; 196.223,60 ; 1.324.879,44 
RS;QUARAI;4315305; -   ; -   ; -   ; -   ; -   ; -   ; -   ; -   ; 20.834,16 ; 20.834,13 ; 20.834,13 ; 20.834,13 ; 38.488,88 ; 121.825,43 
RS;SARANDI;4320107; -   ; -   ; -   ; -   ; 44.736,87 ; 47.784,13 ; 47.784,13 ; 50.969,74 ; 56.748,98 ; 56.748,91 ; 56.748,91 ; 56.748,91 ; 104.837,64 ; 523.108,22 
RS;TRES CACHOEIRAS;4321667; 18.305,50 ; 20.136,05 ; 21.966,60 ; 23.797,15 ; 63.810,01 ; 68.156,45 ; 68.156,45 ; 72.700,21 ; 72.609,66 ; 72.609,57 ; 72.609,57 ; 72.609,57 ; 134.138,55 ; 781.605,34 
SC;AGROLANDIA;4200200; 1.966,00 ; 2.162,60 ; 2.359,20 ; 2.555,80 ; 2.623,76 ; 2.802,48 ; 2.802,48 ; 2.989,31 ; 2.462,85 ; 2.462,85 ; 2.462,85 ; 2.462,85 ; 4.549,86 ; 34.662,89 
SC;ANITA GARIBALDI;4201000; 11.713,84 ; 12.885,22 ; 14.056,61 ; 15.227,99 ; 16.364,95 ; 17.479,66 ; 17.479,66 ; 18.644,97 ; 18.928,92 ; 18.928,90 ; 18.928,90 ; 18.928,90 ; 34.969,15 ; 234.537,67 
SC;ARMAZEM;4201505; 47.593,51 ; 52.352,86 ; 57.112,21 ; 61.871,56 ; 66.723,67 ; 71.268,57 ; 71.268,57 ; 76.019,81 ; 76.778,74 ; 76.778,65 ; 76.778,65 ; 76.778,65 ; 141.840,48 ; 953.165,93 
SC;BALNEARIO GAIVOTA;4202073; 79.558,40 ; 87.514,24 ; 95.470,08 ; 103.425,93 ; 111.496,12 ; 119.090,71 ; 119.090,71 ; 127.030,09 ; 126.838,65 ; 126.838,49 ; 126.838,49 ; 126.838,49 ; 234.320,77 ; 1.584.351,17 
SC;BALNEARIO RINCAO;4220000; 38.659,60 ; 42.525,56 ; 46.391,52 ; 50.257,48 ; 64.301,79 ; 68.681,72 ; 68.681,72 ; 73.260,50 ; 86.068,44 ; 86.068,33 ; 86.068,33 ; 86.068,33 ; 159.002,19 ; 956.035,51 
SC;BELA VISTA DO TOLDO;4202131; 11.570,88 ; 12.727,97 ; 13.885,06 ; 15.042,15 ; 16.150,35 ; 17.250,44 ; 17.250,44 ; 18.400,47 ; 22.815,91 ; 22.815,88 ; 22.815,88 ; 22.815,88 ; 42.149,96 ; 255.691,27 
SC;CAMBORIU;4203204; 1.226.338,32 ; 1.348.972,15 ; 1.471.605,98 ; 1.594.239,82 ; 1.720.340,87 ; 1.837.522,40 ; 1.837.522,40 ; 1.960.023,89 ; 2.019.393,23 ; 2.019.390,73 ; 2.019.390,73 ; 2.019.390,73 ; 3.730.611,30 ; 24.804.742,55 
SC;CAMPO ERE;4203501; 71.260,07 ; 78.386,08 ; 85.512,08 ; 92.638,09 ; 99.918,83 ; 106.724,84 ; 106.724,84 ; 113.839,82 ; 117.134,51 ; 117.134,37 ; 117.134,37 ; 117.134,37 ; 216.393,40 ; 1.439.935,67 
SC;FAXINAL DOS GUEDES;4205308; 26.810,39 ; 29.491,43 ; 32.172,47 ; 34.853,51 ; 37.496,14 ; 40.050,20 ; 40.050,20 ; 42.720,21 ; 42.350,35 ; 42.350,30 ; 42.350,30 ; 42.350,30 ; 78.237,75 ; 531.283,55 
SC;FORQUILHINHA;4205456; 20.986,46 ; 23.085,10 ; 25.183,75 ; 27.282,40 ; 29.123,34 ; 31.107,09 ; 31.107,09 ; 33.180,89 ; 31.987,97 ; 31.987,93 ; 31.987,93 ; 31.987,93 ; 59.094,34 ; 408.102,22 
SC;FRAIBURGO;4205506; 186.575,75 ; 205.233,32 ; 223.890,90 ; 242.548,47 ; 261.439,72 ; 279.247,76 ; 279.247,76 ; 297.864,28 ; 297.278,42 ; 297.278,06 ; 297.278,06 ; 297.278,06 ; 549.189,87 ; 3.714.350,43 
SC;GRAVATAL;4206207; 76.883,47 ; 84.571,82 ; 92.260,16 ; 99.948,51 ; 107.842,91 ; 115.188,66 ; 115.188,66 ; 122.867,91 ; 128.129,04 ; 128.128,88 ; 128.128,88 ; 128.128,88 ; 236.704,61 ; 1.563.972,39 
SC;GUABIRUBA;4206306; 199.154,48 ; 219.069,93 ; 238.985,38 ; 258.900,82 ; 279.245,13 ; 298.266,00 ; 298.266,00 ; 318.150,40 ; 318.237,14 ; 318.236,74 ; 318.236,74 ; 318.236,74 ; 587.908,84 ; 3.970.894,34 
SC;ILHOTA;4207106; 316.516,55 ; 348.168,21 ; 379.819,87 ; 411.471,52 ; 444.098,59 ; 474.348,49 ; 474.348,49 ; 505.971,74 ; 518.458,57 ; 518.457,93 ; 518.457,93 ; 518.457,93 ; 957.796,31 ; 6.386.372,13 
SC;IMARUI;4207205; 157.961,03 ; 173.757,13 ; 189.553,24 ; 205.349,34 ; 221.631,11 ; 236.727,58 ; 236.727,58 ; 252.509,42 ; 253.867,48 ; 253.867,16 ; 253.867,16 ; 253.867,16 ; 468.992,84 ; 3.158.678,23 
SC;IMBUIA;4207403; 19.978,23 ; 21.976,05 ; 23.973,87 ; 25.971,70 ; 27.976,24 ; 29.881,85 ; 29.881,85 ; 31.873,97 ; 31.933,34 ; 31.933,30 ; 31.933,30 ; 31.933,30 ; 58.993,46 ; 398.240,46 
SC;IRINEOPOLIS;4207908; 65.571,09 ; 72.128,20 ; 78.685,30 ; 85.242,41 ; 91.888,15 ; 98.147,14 ; 98.147,14 ; 104.690,29 ; 104.510,22 ; 104.510,09 ; 104.510,09 ; 104.510,09 ; 193.071,37 ; 1.305.611,58 
SC;LONTRAS;4209904; 123.718,69 ; 136.090,56 ; 148.462,43 ; 160.834,30 ; 173.527,90 ; 185.347,80 ; 185.347,80 ; 197.704,32 ; 197.977,70 ; 197.977,45 ; 197.977,45 ; 197.977,45 ; 365.742,48 ; 2.468.686,33 
SC;LUIZ ALVES;4210001; 21.546,54 ; 23.701,19 ; 25.855,85 ; 28.010,50 ; 30.100,66 ; 32.150,97 ; 32.150,97 ; 34.294,37 ; 33.863,65 ; 33.863,60 ; 33.863,60 ; 33.863,60 ; 62.559,47 ; 425.824,97 
SC;MONTE CARLO;4211058; 15.489,72 ; 17.038,70 ; 18.587,67 ; 20.136,64 ; 21.614,39 ; 23.086,66 ; 23.086,66 ; 24.625,77 ; 29.485,88 ; 29.485,84 ; 29.485,84 ; 29.485,84 ; 54.472,01 ; 336.081,62 
SC;PERITIBA;4212601; 5.471,30 ; 6.018,43 ; 6.565,56 ; 7.112,69 ; 7.640,41 ; 8.160,84 ; 8.160,84 ; 8.704,90 ; 8.583,49 ; 8.583,48 ; 8.583,48 ; 8.583,48 ; 15.857,09 ; 108.025,99 
SC;PESCARIA BRAVA;4212650; 16.459,47 ; 18.105,42 ; 19.751,37 ; 21.397,32 ; 22.987,89 ; 24.553,71 ; 24.553,71 ; 26.190,63 ; 25.837,36 ; 25.837,33 ; 25.837,33 ; 25.837,33 ; 47.731,76 ; 325.080,63 
SC;PETROLANDIA;4212700; 11.999,23 ; 13.199,16 ; 14.399,08 ; 15.599,00 ; 16.771,76 ; 17.914,17 ; 17.914,17 ; 19.108,45 ; 19.097,79 ; 19.097,77 ; 19.097,77 ; 19.097,77 ; 35.281,15 ; 238.577,27 
SC;PRAIA GRANDE;4213807; -   ; -   ; -   ; -   ; -   ; -   ; -   ; -   ; 6.035,76 ; 6.035,75 ; 6.035,75 ; 6.035,75 ; 11.150,46 ; 35.293,47 
SC;PRESIDENTE GETULIO;4214003; 24.638,25 ; 27.102,07 ; 29.565,90 ; 32.029,72 ; 34.370,63 ; 36.711,79 ; 36.711,79 ; 39.159,25 ; 39.390,91 ; 39.390,87 ; 39.390,87 ; 39.390,87 ; 72.770,49 ; 490.623,41 
SC;RIO DO CAMPO;4214508; 5.111,02 ; 5.622,12 ; 6.133,22 ; 6.644,32 ; 7.109,63 ; 7.593,91 ; 7.593,91 ; 8.100,17 ; 14.792,25 ; 14.792,23 ; 14.792,23 ; 14.792,23 ; 27.327,12 ; 140.404,36 
SC;SANTA ROSA DO SUL;4215653; 62.298,88 ; 68.528,77 ; 74.758,66 ; 80.988,55 ; 87.342,50 ; 93.291,86 ; 93.291,86 ; 99.511,32 ; 99.696,20 ; 99.696,07 ; 99.696,07 ; 99.696,07 ; 184.178,01 ; 1.242.974,82 
SC;SANTA TEREZINHA;4215679; 21.636,07 ; 23.799,68 ; 25.963,28 ; 28.126,89 ; 30.297,04 ; 32.360,74 ; 32.360,74 ; 34.518,12 ; 34.368,62 ; 34.368,58 ; 34.368,58 ; 34.368,58 ; 63.492,36 ; 430.029,28 
SC;SANTO AMARO DA IMPERATRIZ;4215703; 100.215,41 ; 110.236,95 ; 120.258,49 ; 130.280,04 ; 140.384,95 ; 149.947,31 ; 149.947,31 ; 159.943,80 ; 173.992,10 ; 173.991,88 ; 173.991,88 ; 173.991,88 ; 321.431,67 ; 2.078.613,67 
SC;SAO JOAO DO ITAPERIU;4216354; 21.788,63 ; 23.967,49 ; 26.146,36 ; 28.325,22 ; 30.523,33 ; 32.602,43 ; 32.602,43 ; 34.775,93 ; 38.541,16 ; 38.541,12 ; 38.541,12 ; 38.541,12 ; 71.200,67 ; 456.097,01 
SC;SAO JOAO DO SUL;4216404; 185.561,20 ; 204.117,32 ; 222.673,45 ; 241.229,57 ; 260.379,99 ; 278.115,85 ; 278.115,85 ; 296.656,91 ; 297.708,29 ; 297.707,93 ; 297.707,93 ; 297.707,93 ; 549.984,00 ; 3.707.666,22 
SC;SAO LUDGERO;4217006; 4.683,95 ; 5.152,35 ; 5.620,75 ; 6.089,14 ; 6.417,89 ; 6.855,05 ; 6.855,05 ; 7.312,05 ; 9.892,37 ; 9.892,36 ; 9.892,36 ; 9.892,36 ; 18.275,11 ; 106.830,79 
SC;SEARA;4217501; 91.805,94 ; 100.986,54 ; 110.167,13 ; 119.347,73 ; 128.697,26 ; 137.463,51 ; 137.463,51 ; 146.627,74 ; 151.362,99 ; 151.362,80 ; 151.362,80 ; 151.362,80 ; 279.626,83 ; 1.857.637,58 
SC;SOMBRIO;4217709; 19.082,09 ; 20.990,30 ; 22.898,51 ; 24.806,72 ; 26.431,92 ; 28.232,33 ; 28.232,33 ; 30.114,49 ; 38.034,77 ; 38.034,72 ; 38.034,72 ; 38.034,72 ; 70.265,17 ; 423.192,79 
SC;TAIO;4217808; 37.454,07 ; 41.199,47 ; 44.944,88 ; 48.690,29 ; 52.360,84 ; 55.927,41 ; 55.927,41 ; 59.655,90 ; 76.071,15 ; 76.071,06 ; 76.071,06 ; 76.071,06 ; 140.533,29 ; 840.977,89 
SC;TIMBO GRANDE;4218251; 59.438,58 ; 65.382,43 ; 71.326,29 ; 77.270,15 ; 83.337,65 ; 89.014,21 ; 89.014,21 ; 94.948,50 ; 106.005,35 ; 106.005,22 ; 106.005,22 ; 106.005,22 ; 195.833,50 ; 1.249.586,53 
SC;WITMARSUM;4219408; 20.303,43 ; 22.333,77 ; 24.364,12 ; 26.394,46 ; 28.453,79 ; 30.391,93 ; 30.391,93 ; 32.418,06 ; 32.368,42 ; 32.368,38 ; 32.368,38 ; 32.368,38 ; 59.797,22 ; 404.322,27 
SE;AMPARO DE SAO FRANCISCO;2800100; 100.345,88 ; 110.380,47 ; 120.415,06 ; 130.449,65 ; 140.818,06 ; 150.409,92 ; 150.409,92 ; 160.437,25 ; 161.304,36 ; 161.304,16 ; 161.304,16 ; 161.304,16 ; 297.992,43 ; 2.006.875,48 
SE;AQUIDABA;2800209; 268.447,01 ; 295.291,72 ; 322.136,42 ; 348.981,12 ; 376.575,08 ; 402.225,61 ; 402.225,61 ; 429.040,65 ; 458.076,16 ; 458.075,59 ; 458.075,59 ; 458.075,59 ; 846.246,35 ; 5.523.472,50 
SE;ARAUA;2800407; 239.511,69 ; 263.462,85 ; 287.414,02 ; 311.365,19 ; 336.075,20 ; 358.967,06 ; 358.967,06 ; 382.898,19 ; 383.967,16 ; 383.966,68 ; 383.966,68 ; 383.966,68 ; 709.337,97 ; 4.783.866,43 
SE;AREIA BRANCA;2800506; 101.472,48 ; 111.619,73 ; 121.766,98 ; 131.914,23 ; 142.174,64 ; 151.858,90 ; 151.858,90 ; 161.982,83 ; 187.424,95 ; 187.424,71 ; 187.424,71 ; 187.424,71 ; 346.247,42 ; 2.170.595,19 
SE;BOQUIM;2800670; 75.786,53 ; 83.365,18 ; 90.943,84 ; 98.522,49 ; 106.143,19 ; 113.373,17 ; 113.373,17 ; 120.931,38 ; 149.444,99 ; 149.444,81 ; 149.444,81 ; 149.444,81 ; 276.083,54 ; 1.676.301,91 
SE;BREJO GRANDE;2800704; 257.320,56 ; 283.052,61 ; 308.784,67 ; 334.516,73 ; 361.105,00 ; 385.701,77 ; 385.701,77 ; 411.415,22 ; 412.726,20 ; 412.725,69 ; 412.725,69 ; 412.725,69 ; 762.467,20 ; 5.140.968,80 
SE;CAMPO DO BRITO;2801009; 82.087,62 ; 90.296,39 ; 98.505,15 ; 106.713,91 ; 115.073,23 ; 122.911,48 ; 122.911,48 ; 131.105,58 ; 164.148,92 ; 164.148,72 ; 164.148,72 ; 164.148,72 ; 303.247,47 ; 1.829.447,39 
SE;CANHOBA;2801108; 177.345,29 ; 195.079,82 ; 212.814,35 ; 230.548,88 ; 248.891,84 ; 265.845,18 ; 265.845,18 ; 283.568,19 ; 284.751,27 ; 284.750,92 ; 284.750,92 ; 284.750,92 ; 526.047,31 ; 3.544.990,07 
SE;CANINDE DE SAO FRANCISCO;2801207; 897.718,31 ; 987.490,14 ; 1.077.261,97 ; 1.167.033,80 ; 1.259.750,38 ; 1.345.558,65 ; 1.345.558,65 ; 1.435.262,55 ; 1.461.542,30 ; 1.461.540,49 ; 1.461.540,49 ; 1.461.540,49 ; 2.700.041,82 ; 18.061.840,04 
SE;CAPELA;2801306; 933.345,76 ; 1.026.680,33 ; 1.120.014,91 ; 1.213.349,48 ; 1.309.799,19 ; 1.399.016,55 ; 1.399.016,55 ; 1.492.284,32 ; 1.519.685,61 ; 1.519.683,73 ; 1.519.683,73 ; 1.519.683,73 ; 2.807.455,30 ; 18.779.699,19 
SE;CARIRA;2801405; 746.546,95 ; 821.201,65 ; 895.856,34 ; 970.511,04 ; 1.047.754,24 ; 1.119.122,33 ; 1.119.122,33 ; 1.193.730,49 ; 1.211.855,31 ; 1.211.853,81 ; 1.211.853,81 ; 1.211.853,81 ; 2.238.772,02 ; 15.000.034,13 
SE;CRISTINAPOLIS;2801702; 179.871,07 ; 197.858,18 ; 215.845,28 ; 233.832,39 ; 252.235,41 ; 269.416,50 ; 269.416,50 ; 287.377,60 ; 303.883,38 ; 303.883,01 ; 303.883,01 ; 303.883,01 ; 561.391,82 ; 3.682.777,16 
SE;DIVINA PASTORA;2802007; 55.381,42 ; 60.919,56 ; 66.457,70 ; 71.995,84 ; 77.639,17 ; 82.927,58 ; 82.927,58 ; 88.456,09 ; 97.960,74 ; 97.960,61 ; 97.960,61 ; 97.960,61 ; 180.971,94 ; 1.159.519,45 
SE;ESTANCIA;2802106; 25.972,85 ; 28.570,13 ; 31.167,42 ; 33.764,71 ; 35.772,86 ; 38.209,54 ; 38.209,54 ; 40.756,84 ; 74.888,55 ; 74.888,45 ; 74.888,45 ; 74.888,45 ; 138.348,56 ; 710.326,35 
SE;FREI PAULO;2802304; 411.640,45 ; 452.804,49 ; 493.968,54 ; 535.132,58 ; 577.709,15 ; 617.059,98 ; 617.059,98 ; 658.197,31 ; 660.464,45 ; 660.463,64 ; 660.463,64 ; 660.463,64 ; 1.220.136,85 ; 8.225.564,70 
SE;GARARU;2802403; 418.405,92 ; 460.246,51 ; 502.087,10 ; 543.927,69 ; 587.237,03 ; 627.236,85 ; 627.236,85 ; 669.052,64 ; 671.488,06 ; 671.487,22 ; 671.487,22 ; 671.487,22 ; 1.240.501,78 ; 8.361.882,09 
SE;GRACHO CARDOSO;2802601; 355.253,42 ; 390.778,76 ; 426.304,10 ; 461.829,44 ; 498.653,03 ; 532.618,92 ; 532.618,92 ; 568.126,85 ; 570.397,82 ; 570.397,12 ; 570.397,12 ; 570.397,12 ; 1.053.748,45 ; 7.101.521,07 
SE;ILHA DAS FLORES;2802700; 351.626,14 ; 386.788,77 ; 421.951,38 ; 457.114,00 ; 493.445,35 ; 527.056,52 ; 527.056,52 ; 562.193,62 ; 563.980,03 ; 563.979,33 ; 563.979,33 ; 563.979,33 ; 1.041.892,27 ; 7.025.042,59 
SE;INDIAROBA;2802809; 1.050.017,00 ; 1.155.018,70 ; 1.260.020,40 ; 1.365.022,10 ; 1.473.789,87 ; 1.574.177,51 ; 1.574.177,51 ; 1.679.122,67 ; 1.690.560,76 ; 1.690.558,66 ; 1.690.558,66 ; 1.690.558,66 ; 3.123.128,75 ; 21.016.711,25 
SE;ITABAIANA;2802908; 748.960,17 ; 823.856,19 ; 898.752,21 ; 973.648,23 ; 1.050.645,57 ; 1.122.210,60 ; 1.122.210,60 ; 1.197.024,64 ; 1.346.458,54 ; 1.346.456,87 ; 1.346.456,87 ; 1.346.456,87 ; 2.487.436,97 ; 15.810.574,33 
SE;ITABAIANINHA;2803005; 579.006,68 ; 636.907,34 ; 694.808,01 ; 752.708,68 ; 812.297,08 ; 867.626,93 ; 867.626,93 ; 925.468,72 ; 927.470,68 ; 927.469,53 ; 927.469,53 ; 927.469,53 ; 1.713.402,08 ; 11.559.731,72 
SE;ITABI;2803104; 2.582,89 ; 2.841,18 ; 3.099,47 ; 3.357,76 ; 3.569,74 ; 3.812,89 ; 3.812,89 ; 4.067,09 ; 3.862,37 ; 3.862,37 ; 3.862,37 ; 3.862,37 ; 7.135,33 ; 49.728,72 
SE;ITAPORANGA DAJUDA;2803203; 580.760,53 ; 638.836,58 ; 696.912,63 ; 754.988,69 ; 814.823,53 ; 870.325,47 ; 870.325,47 ; 928.347,17 ; 931.604,13 ; 931.602,98 ; 931.602,98 ; 931.602,98 ; 1.721.038,18 ; 11.602.771,32 
SE;JAPARATUBA;2803302; 226.602,18 ; 249.262,39 ; 271.922,61 ; 294.582,83 ; 317.843,78 ; 339.493,80 ; 339.493,80 ; 362.126,72 ; 363.206,67 ; 363.206,22 ; 363.206,22 ; 363.206,22 ; 670.985,22 ; 4.525.138,66 
SE;JAPOATA;2803401; 18.725,08 ; 20.597,58 ; 22.470,09 ; 24.342,60 ; 26.080,19 ; 27.856,65 ; 27.856,65 ; 29.713,76 ; 34.333,62 ; 34.333,58 ; 34.333,58 ; 34.333,58 ; 63.427,67 ; 398.404,63 
SE;LAGARTO;2803500; 557.337,22 ; 613.070,94 ; 668.804,66 ; 724.538,38 ; 781.424,25 ; 834.651,20 ; 834.651,20 ; 890.294,61 ; 1.012.055,97 ; 1.012.054,71 ; 1.012.054,71 ; 1.012.054,71 ; 1.869.664,29 ; 11.822.656,85 
SE;LARANJEIRAS;2803609; 2.079.676,40 ; 2.287.644,04 ; 2.495.611,68 ; 2.703.579,32 ; 2.919.047,97 ; 3.117.879,79 ; 3.117.879,79 ; 3.325.738,44 ; 3.338.639,90 ; 3.338.635,77 ; 3.338.635,77 ; 3.338.635,77 ; 6.167.777,29 ; 41.569.381,93 
SE;MACAMBIRA;2803708; 76.915,79 ; 84.607,37 ; 92.298,95 ; 99.990,53 ; 107.893,19 ; 115.242,37 ; 115.242,37 ; 122.925,19 ; 128.098,61 ; 128.098,45 ; 128.098,45 ; 128.098,45 ; 236.648,38 ; 1.564.158,10 
SE;MALHADA DOS BOIS;2803807; 206.348,95 ; 226.983,85 ; 247.618,74 ; 268.253,64 ; 289.607,62 ; 309.334,33 ; 309.334,33 ; 329.956,62 ; 331.136,79 ; 331.136,38 ; 331.136,38 ; 331.136,38 ; 611.739,55 ; 4.123.723,56 
SE;MALHADOR;2803906; 227.561,99 ; 250.318,19 ; 273.074,39 ; 295.830,58 ; 319.314,76 ; 341.064,98 ; 341.064,98 ; 363.802,64 ; 376.920,96 ; 376.920,49 ; 376.920,49 ; 376.920,49 ; 696.320,87 ; 4.616.035,81 
SE;MARUIM;2804003; 50.987,90 ; 56.086,69 ; 61.185,48 ; 66.284,28 ; 71.373,90 ; 76.235,55 ; 76.235,55 ; 81.317,92 ; 95.510,64 ; 95.510,52 ; 95.510,52 ; 95.510,52 ; 176.445,63 ; 1.098.195,10 
SE;MOITA BONITA;2804102; 189.420,40 ; 208.362,44 ; 227.304,48 ; 246.246,52 ; 265.788,02 ; 283.892,25 ; 283.892,25 ; 302.818,40 ; 304.274,67 ; 304.274,29 ; 304.274,29 ; 304.274,29 ; 562.114,67 ; 3.786.936,97 
SE;MONTE ALEGRE DE SERGIPE;2804201; 371.565,62 ; 408.722,18 ; 445.878,74 ; 483.035,30 ; 521.449,57 ; 556.968,26 ; 556.968,26 ; 594.099,48 ; 602.991,47 ; 602.990,73 ; 602.990,73 ; 602.990,73 ; 1.113.961,72 ; 7.464.612,79 
SE;MURIBECA;2804300; 166.051,87 ; 182.657,06 ; 199.262,24 ; 215.867,43 ; 233.021,07 ; 248.893,37 ; 248.893,37 ; 265.486,26 ; 274.458,05 ; 274.457,71 ; 274.457,71 ; 274.457,71 ; 507.031,72 ; 3.364.995,57 
SE;NEOPOLIS;2804409; 64.144,44 ; 70.558,89 ; 76.973,33 ; 83.387,78 ; 89.864,72 ; 95.985,88 ; 95.985,88 ; 102.384,94 ; 113.460,33 ; 113.460,19 ; 113.460,19 ; 113.460,19 ; 209.605,75 ; 1.342.732,51 
SE;NOSSA SENHORA APARECIDA;2804458; 68.348,76 ; 75.183,64 ; 82.018,52 ; 88.853,39 ; 95.868,85 ; 102.398,99 ; 102.398,99 ; 109.225,59 ; 109.387,89 ; 109.387,76 ; 109.387,76 ; 109.387,76 ; 202.082,36 ; 1.363.930,26 
SE;NOSSA SENHORA DA GLORIA;2804508; 1.032.996,41 ; 1.136.296,05 ; 1.239.595,69 ; 1.342.895,33 ; 1.449.663,99 ; 1.548.408,28 ; 1.548.408,28 ; 1.651.635,50 ; 1.732.877,94 ; 1.732.875,79 ; 1.732.875,79 ; 1.732.875,79 ; 3.201.305,17 ; 21.082.710,01 
SE;NOSSA SENHORA DAS DORES;2804607; 262.568,07 ; 288.824,88 ; 315.081,69 ; 341.338,50 ; 368.296,60 ; 393.383,23 ; 393.383,23 ; 419.608,78 ; 452.070,14 ; 452.069,58 ; 452.069,58 ; 452.069,58 ; 835.150,91 ; 5.425.914,77 
SE;NOSSA SENHORA DE LOURDES;2804706; 147.164,71 ; 161.881,18 ; 176.597,65 ; 191.314,13 ; 206.531,09 ; 220.599,02 ; 220.599,02 ; 235.305,62 ; 236.098,30 ; 236.098,01 ; 236.098,01 ; 236.098,01 ; 436.166,17 ; 2.940.550,92 
SE;NOSSA SENHORA DO SOCORRO;2804805; 483.070,53 ; 531.377,58 ; 579.684,63 ; 627.991,68 ; 676.757,24 ; 722.854,76 ; 722.854,76 ; 771.045,08 ; 962.960,29 ; 962.959,10 ; 962.959,10 ; 962.959,10 ; 1.778.965,32 ; 10.746.439,17 
SE;PACATUBA;2804904; 186.810,31 ; 205.491,34 ; 224.172,37 ; 242.853,40 ; 262.036,68 ; 279.885,38 ; 279.885,38 ; 298.544,41 ; 340.338,54 ; 340.338,12 ; 340.338,12 ; 340.338,12 ; 628.738,80 ; 3.969.770,97 
SE;PEDRA MOLE;2805000; 62.601,71 ; 68.861,88 ; 75.122,05 ; 81.382,22 ; 87.828,48 ; 93.810,94 ; 93.810,94 ; 100.065,00 ; 103.679,90 ; 103.679,77 ; 103.679,77 ; 103.679,77 ; 191.537,47 ; 1.269.739,90 
SE;PEDRINHAS;2805109; 18.593,81 ; 20.453,19 ; 22.312,57 ; 24.171,95 ; 25.967,19 ; 27.735,96 ; 27.735,96 ; 29.585,02 ; 36.783,64 ; 36.783,59 ; 36.783,59 ; 36.783,59 ; 67.953,84 ; 411.643,90 
SE;PIRAMBU;2805307; 253,26 ; 278,59 ; 303,92 ; 329,24 ; 219,94 ; 234,92 ; 234,92 ; 250,58 ; 7.257,25 ; 7.257,24 ; 7.257,24 ; 7.257,24 ; 13.407,00 ; 44.541,34 
SE;POCO REDONDO;2805406; 392.619,92 ; 431.881,91 ; 471.143,90 ; 510.405,89 ; 550.784,22 ; 588.301,05 ; 588.301,05 ; 627.521,12 ; 628.767,12 ; 628.766,34 ; 628.766,34 ; 628.766,34 ; 1.161.579,43 ; 7.837.604,63 
SE;POCO VERDE;2805505; 178.343,91 ; 196.178,30 ; 214.012,70 ; 231.847,09 ; 250.176,19 ; 267.217,01 ; 267.217,01 ; 285.031,48 ; 288.568,40 ; 288.568,04 ; 288.568,04 ; 288.568,04 ; 533.099,06 ; 3.577.395,27 
SE;PORTO DA FOLHA;2805604; 904.910,93 ; 995.402,02 ; 1.085.893,11 ; 1.176.384,20 ; 1.270.057,36 ; 1.356.567,69 ; 1.356.567,69 ; 1.447.005,54 ; 1.477.311,96 ; 1.477.310,13 ; 1.477.310,13 ; 1.477.310,13 ; 2.729.174,55 ; 18.231.205,44 
SE;PROPRIA;2805703; 108.721,92 ; 119.594,11 ; 130.466,31 ; 141.338,50 ; 152.464,62 ; 162.849,79 ; 162.849,79 ; 173.706,45 ; 175.262,80 ; 175.262,58 ; 175.262,58 ; 175.262,58 ; 323.779,18 ; 2.176.821,21 
SE;RIACHAO DO DANTAS;2805802; 321.424,27 ; 353.566,69 ; 385.709,12 ; 417.851,55 ; 450.970,09 ; 481.688,05 ; 481.688,05 ; 513.800,59 ; 529.682,63 ; 529.681,97 ; 529.681,97 ; 529.681,97 ; 978.531,55 ; 6.503.958,50 
SE;RIACHUELO;2805901; 185.518,02 ; 204.069,82 ; 222.621,62 ; 241.173,42 ; 260.298,45 ; 278.028,76 ; 278.028,76 ; 296.564,01 ; 302.312,96 ; 302.312,59 ; 302.312,59 ; 302.312,59 ; 558.490,63 ; 3.734.044,22 
SE;SALGADO;2806206; 174.360,28 ; 191.796,31 ; 209.232,34 ; 226.668,37 ; 244.586,79 ; 261.246,89 ; 261.246,89 ; 278.663,35 ; 315.424,51 ; 315.424,12 ; 315.424,12 ; 315.424,12 ; 582.712,79 ; 3.692.210,88 
SE;SANTA LUZIA DO ITANHY;2806305; 439.353,23 ; 483.288,55 ; 527.223,87 ; 571.159,19 ; 616.501,51 ; 658.494,69 ; 658.494,69 ; 702.394,34 ; 710.155,80 ; 710.154,92 ; 710.154,92 ; 710.154,92 ; 1.311.936,24 ; 8.809.466,87 
SE;SANTANA DO SAO FRANCISCO;2806404; 238.817,06 ; 262.698,77 ; 286.580,48 ; 310.462,18 ; 335.146,23 ; 357.974,82 ; 357.974,82 ; 381.839,81 ; 383.265,77 ; 383.265,30 ; 383.265,30 ; 383.265,30 ; 708.042,21 ; 4.772.598,05 
SE;SAO CRISTOVAO;2806701; 416.315,57 ; 457.947,13 ; 499.578,69 ; 541.210,24 ; 583.785,16 ; 623.549,86 ; 623.549,86 ; 665.119,85 ; 786.362,78 ; 786.361,81 ; 786.361,81 ; 786.361,81 ; 1.452.720,45 ; 9.009.225,02 
SE;SAO DOMINGOS;2806800; 125.031,75 ; 137.534,92 ; 150.038,10 ; 162.541,27 ; 175.399,31 ; 187.346,69 ; 187.346,69 ; 199.836,47 ; 201.025,90 ; 201.025,65 ; 201.025,65 ; 201.025,65 ; 371.373,72 ; 2.500.551,77 
SE;SIMAO DIAS;2807105; 309.283,00 ; 340.211,30 ; 371.139,60 ; 402.067,90 ; 433.820,96 ; 463.370,80 ; 463.370,80 ; 494.262,20 ; 512.622,66 ; 512.622,02 ; 512.622,02 ; 512.622,02 ; 947.015,14 ; 6.275.030,42 
SE;SIRIRI;2807204; 24.104,18 ; 26.514,59 ; 28.925,01 ; 31.335,43 ; 33.727,38 ; 36.024,73 ; 36.024,73 ; 38.426,38 ; 38.157,57 ; 38.157,52 ; 38.157,52 ; 38.157,52 ; 70.492,03 ; 478.204,59 
SE;TELHA;2807303; 15.856,95 ; 17.442,64 ; 19.028,34 ; 20.614,03 ; 22.209,92 ; 23.722,75 ; 23.722,75 ; 25.304,27 ; 25.216,12 ; 25.216,09 ; 25.216,09 ; 25.216,09 ; 46.584,08 ; 315.350,12 
SE;TOBIAS BARRETO;2807402; 1.098.548,05 ; 1.208.402,85 ; 1.318.257,66 ; 1.428.112,46 ; 1.541.683,13 ; 1.646.695,33 ; 1.646.695,33 ; 1.756.475,02 ; 1.897.531,85 ; 1.897.529,50 ; 1.897.529,50 ; 1.897.529,50 ; 3.505.485,51 ; 22.740.475,69 
SE;TOMAR DO GERU;2807501; 291.485,04 ; 320.633,55 ; 349.782,05 ; 378.930,55 ; 409.036,60 ; 436.898,25 ; 436.898,25 ; 466.024,80 ; 482.689,98 ; 482.689,39 ; 482.689,39 ; 482.689,39 ; 891.717,74 ; 5.912.164,98 
SE;UMBAUBA;2807600; 553.102,90 ; 608.413,19 ; 663.723,48 ; 719.033,77 ; 776.165,13 ; 829.033,85 ; 829.033,85 ; 884.302,77 ; 945.792,42 ; 945.791,25 ; 945.791,25 ; 945.791,25 ; 1.747.249,50 ; 11.393.224,61 
SP;ALVARES MACHADO;3501301; 91.141,72 ; 100.255,90 ; 109.370,07 ; 118.484,24 ; 125.370,35 ; 133.909,99 ; 133.909,99 ; 142.837,32 ; 150.523,34 ; 150.523,16 ; 150.523,16 ; 150.523,16 ; 278.075,67 ; 1.835.448,07 
SP;ANGATUBA;3502200; 68.484,66 ; 75.333,13 ; 82.181,60 ; 89.030,06 ; 104.800,04 ; 111.938,53 ; 111.938,53 ; 119.401,10 ; 157.657,26 ; 157.657,06 ; 157.657,06 ; 157.657,06 ; 291.254,83 ; 1.684.990,92 
SP;APIAI;3502705; 65.973,64 ; 72.571,01 ; 79.168,37 ; 85.765,73 ; 92.423,62 ; 98.719,08 ; 98.719,08 ; 105.300,35 ; 105.749,59 ; 105.749,46 ; 105.749,46 ; 105.749,46 ; 195.361,02 ; 1.316.999,87 
SP;AREIOPOLIS;3503604; 76.959,19 ; 84.655,11 ; 92.351,02 ; 100.046,94 ; 107.915,26 ; 115.265,94 ; 115.265,94 ; 122.950,34 ; 126.351,32 ; 126.351,16 ; 126.351,16 ; 126.351,16 ; 233.420,46 ; 1.554.235,00 
SP;BADY BASSITT;3504602; 146.353,17 ; 160.988,48 ; 175.623,80 ; 190.259,12 ; 205.162,57 ; 219.137,28 ; 219.137,28 ; 233.746,43 ; 238.811,86 ; 238.811,57 ; 238.811,57 ; 238.811,57 ; 441.179,19 ; 2.946.833,89 
SP;BARBOSA;3505104; 2.443,83 ; 2.688,22 ; 2.932,60 ; 3.176,99 ; 3.358,21 ; 3.586,96 ; 3.586,96 ; 3.826,09 ; 9.885,83 ; 9.885,82 ; 9.885,82 ; 9.885,82 ; 18.263,03 ; 83.406,18 
SP;BARRA DO CHAPEU;3505351; 82.089,79 ; 90.298,77 ; 98.507,75 ; 106.716,73 ; 115.179,73 ; 123.025,23 ; 123.025,23 ; 131.226,91 ; 132.576,90 ; 132.576,73 ; 132.576,73 ; 132.576,73 ; 244.921,57 ; 1.645.298,80 
SP;BARRINHA;3505609; 38.257,18 ; 42.082,90 ; 45.908,61 ; 49.734,33 ; 53.309,18 ; 56.940,35 ; 56.940,35 ; 60.736,38 ; 65.827,65 ; 65.827,56 ; 65.827,56 ; 65.827,56 ; 121.609,52 ; 788.829,13 
SP;BURI;3508009; 160.056,58 ; 176.062,24 ; 192.067,90 ; 208.073,55 ; 170.104,61 ; 181.691,34 ; 181.691,34 ; 193.804,09 ; 219.618,42 ; 219.618,15 ; 219.618,15 ; 219.618,15 ; 405.721,40 ; 2.747.745,92 
SP;CAJOBI;3509304; 20.864,98 ; 22.951,47 ; 25.037,97 ; 27.124,47 ; 29.189,47 ; 31.177,72 ; 31.177,72 ; 33.256,24 ; 35.537,27 ; 35.537,23 ; 35.537,23 ; 35.537,23 ; 65.651,29 ; 428.580,29 
SP;CANITAR;3510153; 25.284,40 ; 27.812,84 ; 30.341,28 ; 32.869,72 ; 35.414,29 ; 37.826,55 ; 37.826,55 ; 40.348,32 ; 40.207,27 ; 40.207,22 ; 40.207,22 ; 40.207,22 ; 74.278,63 ; 502.831,51 
SP;CAPAO BONITO;3510203; 99.099,32 ; 109.009,25 ; 118.919,18 ; 128.829,11 ; 138.586,91 ; 148.026,80 ; 148.026,80 ; 157.895,25 ; 156.487,77 ; 156.487,58 ; 156.487,58 ; 156.487,58 ; 289.094,32 ; 1.963.437,45 
SP;CAPELA DO ALTO;3510302; 183.088,25 ; 201.397,08 ; 219.705,90 ; 238.014,73 ; 256.754,90 ; 274.243,83 ; 274.243,83 ; 292.526,75 ; 323.020,36 ; 323.019,96 ; 323.019,96 ; 323.019,96 ; 596.745,32 ; 3.828.800,83 
SP;CESARIO LANGE;3511607; 22.664,96 ; 24.931,46 ; 27.197,95 ; 29.464,45 ; 31.559,29 ; 33.708,96 ; 33.708,96 ; 35.956,23 ; 37.253,90 ; 37.253,86 ; 37.253,86 ; 37.253,86 ; 68.822,59 ; 457.030,33 
SP;CHARQUEADA;3511706; 70.955,54 ; 78.051,09 ; 85.146,65 ; 92.242,20 ; 99.428,99 ; 106.201,62 ; 106.201,62 ; 113.281,73 ; 119.477,82 ; 119.477,67 ; 119.477,67 ; 119.477,67 ; 220.722,42 ; 1.450.142,69 
SP;ELDORADO;3514809; 1.848,39 ; 2.033,23 ; 2.218,07 ; 2.402,91 ; 2.456,37 ; 2.623,69 ; 2.623,69 ; 2.798,60 ; 23.762,83 ; 23.762,80 ; 23.762,80 ; 23.762,80 ; 43.899,32 ; 157.955,50 
SP;FERRAZ DE VASCONCELOS;3515707; 703.419,03 ; 773.760,93 ; 844.102,84 ; 914.444,74 ; 1.038.821,44 ; 1.109.581,07 ; 1.109.581,07 ; 1.183.553,14 ; 1.383.881,39 ; 1.383.879,68 ; 1.383.879,68 ; 1.383.879,68 ; 2.556.571,68 ; 15.769.356,37 
SP;FRANCISCO MORATO;3516309; 1.240.818,80 ; 1.364.900,68 ; 1.488.982,56 ; 1.613.064,44 ; 1.697.586,77 ; 1.813.218,40 ; 1.813.218,40 ; 1.934.099,62 ; 2.099.061,42 ; 2.099.058,82 ; 2.099.058,82 ; 2.099.058,82 ; 3.877.789,67 ; 25.239.917,22 
SP;GUAICARA;3517208; 44.612,19 ; 49.073,41 ; 53.534,63 ; 57.995,85 ; 62.527,73 ; 66.786,83 ; 66.786,83 ; 71.239,28 ; 71.157,91 ; 71.157,82 ; 71.157,82 ; 71.157,82 ; 131.456,61 ; 888.644,73 
SP;GUAPIARA;3517604; 65.174,31 ; 71.691,74 ; 78.209,17 ; 84.726,60 ; 32.817,83 ; 35.053,22 ; 35.053,22 ; 37.390,10 ; 36.902,25 ; 36.902,20 ; 36.902,20 ; 36.902,20 ; 68.172,95 ; 655.897,99 
SP;IBITINGA;3519600; 151.067,21 ; 166.173,93 ; 181.280,65 ; 196.387,37 ; 224.444,64 ; 239.732,75 ; 239.732,75 ; 255.714,94 ; 314.530,00 ; 314.529,61 ; 314.529,61 ; 314.529,61 ; 581.060,28 ; 3.493.713,35 
SP;IPERO;3521002; 210.463,64 ; 231.510,01 ; 252.556,37 ; 273.602,73 ; 295.016,39 ; 315.111,52 ; 315.111,52 ; 336.118,95 ; 385.324,75 ; 385.324,27 ; 385.324,27 ; 385.324,27 ; 711.845,95 ; 4.482.634,64 
SP;ITAOCA;3522158; 3.883,89 ; 4.272,28 ; 4.660,67 ; 5.049,06 ; 5.414,19 ; 5.782,98 ; 5.782,98 ; 6.168,51 ; 6.044,70 ; 6.044,69 ; 6.044,69 ; 6.044,69 ; 11.166,96 ; 76.360,29 
SP;ITAPEVI;3522505; 294.659,03 ; 324.124,94 ; 353.590,84 ; 383.056,75 ; 131.699,78 ; 140.670,54 ; 140.670,54 ; 150.048,58 ; 232.196,53 ; 232.196,24 ; 232.196,24 ; 232.196,24 ; 428.958,09 ; 3.276.264,34 
SP;ITAPUI;3522901; 35.892,57 ; 39.481,83 ; 43.071,09 ; 46.660,35 ; 54.067,59 ; 57.750,42 ; 57.750,42 ; 61.600,45 ; 61.242,98 ; 61.242,91 ; 61.242,91 ; 61.242,91 ; 113.139,84 ; 754.386,27 
SP;ITAQUAQUECETUBA;3523107; 3.189.718,45 ; 3.508.690,29 ; 3.827.662,14 ; 4.146.633,98 ; 4.205.998,83 ; 4.492.491,68 ; 4.492.491,68 ; 4.791.991,12 ; 5.364.554,07 ; 5.364.547,43 ; 5.364.547,43 ; 5.364.547,43 ; 9.910.435,35 ; 64.024.309,88 
SP;JULIO MESQUITA;3525805; 6.667,05 ; 7.333,76 ; 8.000,46 ; 8.667,17 ; 9.314,81 ; 9.949,29 ; 9.949,29 ; 10.612,57 ; 10.482,80 ; 10.482,79 ; 10.482,79 ; 10.482,79 ; 19.365,89 ; 131.791,46 
SP;JUQUIA;3526100; 57.194,69 ; 62.914,16 ; 68.633,63 ; 74.353,10 ; 25.541,05 ; 27.280,79 ; 27.280,79 ; 29.099,51 ; 28.604,00 ; 28.603,97 ; 28.603,97 ; 28.603,97 ; 52.842,84 ; 539.556,47 
SP;MENDONCA;3529500; 30.509,29 ; 33.560,22 ; 36.611,15 ; 39.662,08 ; 42.758,12 ; 45.670,60 ; 45.670,60 ; 48.715,31 ; 48.646,87 ; 48.646,81 ; 48.646,81 ; 48.646,81 ; 89.869,90 ; 607.614,57 
SP;MIRACATU;3529906; 136.211,95 ; 149.833,15 ; 163.454,34 ; 177.075,54 ; 191.025,31 ; 204.037,05 ; 204.037,05 ; 217.639,52 ; 234.055,62 ; 234.055,33 ; 234.055,33 ; 234.055,33 ; 432.392,58 ; 2.811.928,10 
SP;MORUNGABA;3532009; 2.370,71 ; 2.607,78 ; 2.844,85 ; 3.081,92 ; 3.179,38 ; 3.395,95 ; 3.395,95 ; 3.622,34 ; 4.419,56 ; 4.419,55 ; 4.419,55 ; 4.419,55 ; 8.164,69 ; 50.341,78 
SP;OURO VERDE;3534807; 5.707,56 ; 6.278,31 ; 6.849,07 ; 7.419,82 ; 7.913,76 ; 8.452,80 ; 8.452,80 ; 9.016,33 ; 14.041,30 ; 14.041,28 ; 14.041,28 ; 14.041,28 ; 25.939,82 ; 142.195,41 
SP;PEDRA BELA;3536802; 11.612,76 ; 12.774,04 ; 13.935,32 ; 15.096,59 ; 16.229,49 ; 17.334,96 ; 17.334,96 ; 18.490,63 ; 22.175,00 ; 22.174,97 ; 22.174,97 ; 22.174,97 ; 40.965,96 ; 252.474,62 
SP;PINHALZINHO;3538204; 16.187,59 ; 17.806,35 ; 19.425,11 ; 21.043,87 ; 22.549,41 ; 24.085,37 ; 24.085,37 ; 25.691,06 ; 34.268,73 ; 34.268,69 ; 34.268,69 ; 34.268,69 ; 63.307,81 ; 371.256,74 
SP;PIRAPORA DO BOM JESUS;3539103; 39.998,46 ; 43.998,31 ; 47.998,15 ; 51.998,00 ; 55.875,04 ; 59.680,98 ; 59.680,98 ; 63.659,71 ; 67.505,38 ; 67.505,30 ; 67.505,30 ; 67.505,30 ; 124.708,94 ; 817.619,85 
SP;POTIM;3540754; 128.617,46 ; 141.479,21 ; 154.340,96 ; 167.202,70 ; 180.353,53 ; 192.638,36 ; 192.638,36 ; 205.480,92 ; 231.500,28 ; 231.500,00 ; 231.500,00 ; 231.500,00 ; 427.671,85 ; 2.716.423,63 
SP;PRATANIA;3541059; 56.765,05 ; 62.441,55 ; 68.118,06 ; 73.794,56 ; 79.625,69 ; 85.049,42 ; 85.049,42 ; 90.719,38 ; 90.872,63 ; 90.872,52 ; 90.872,52 ; 90.872,52 ; 167.877,42 ; 1.132.930,74 
SP;RIBEIRAO BONITO;3542909; 8.147,62 ; 8.962,38 ; 9.777,14 ; 10.591,90 ; 11.310,22 ; 12.080,62 ; 12.080,62 ; 12.886,00 ; 12.437,16 ; 12.437,15 ; 12.437,15 ; 12.437,15 ; 22.976,33 ; 158.561,44 
SP;RIBEIRAO BRANCO;3543006; 163.959,36 ; 180.355,30 ; 196.751,23 ; 213.147,17 ; 229.992,65 ; 245.658,66 ; 245.658,66 ; 262.035,91 ; 289.386,82 ; 289.386,46 ; 289.386,46 ; 289.386,46 ; 534.611,00 ; 3.429.716,14 
SP;RIVERSUL;3543501; 2.281,28 ; 2.509,41 ; 2.737,54 ; 2.965,66 ;-10.493,89 ; -   ; -   ; -   ; -   ; -   ; -   ; -   ; -   ; -   
SP;SALESOPOLIS;3545001; 54.796,72 ; 60.276,39 ; 65.756,06 ; 71.235,73 ; 76.798,41 ; 82.029,55 ; 82.029,55 ; 87.498,19 ; 112.817,16 ; 112.817,02 ; 112.817,02 ; 112.817,02 ; 208.417,58 ; 1.240.106,40 
SP;SALTO GRANDE;3545407; -   ; -   ; -   ; -   ; 10.824,45 ; 11.561,76 ; 11.561,76 ; 12.332,54 ; 14.681,60 ; 14.681,58 ; 14.681,58 ; 14.681,58 ; 27.122,68 ; 132.129,53 
SP;SANTA MARIA DA SERRA;3547007; 73.672,54 ; 81.039,79 ; 88.407,05 ; 95.774,30 ; 103.360,37 ; 110.400,79 ; 110.400,79 ; 117.760,85 ; 118.031,73 ; 118.031,58 ; 118.031,58 ; 118.031,58 ; 218.050,91 ; 1.470.993,86 
SP;SANTO ANTONIO DE POSSE;3548005; 39.364,25 ; 43.300,67 ; 47.237,10 ; 51.173,52 ; 54.938,33 ; 58.680,47 ; 58.680,47 ; 62.592,50 ; 65.226,33 ; 65.226,25 ; 65.226,25 ; 65.226,25 ; 120.498,62 ; 797.371,01 
SP;SANTO ANTONIO DO PINHAL;3548203; 20.005,86 ; 22.006,45 ; 24.007,04 ; 26.007,63 ; 27.985,88 ; 29.892,15 ; 29.892,15 ; 31.884,96 ; 36.772,10 ; 36.772,05 ; 36.772,05 ; 36.772,05 ; 67.932,52 ; 426.702,89 
SP;SERRANA;3551504; 132.818,86 ; 146.100,75 ; 159.382,64 ; 172.664,52 ; 200.118,59 ; 213.749,72 ; 213.749,72 ; 227.999,71 ; 291.843,15 ; 291.842,79 ; 291.842,79 ; 291.842,79 ; 539.148,79 ; 3.173.104,82 
SP;SETE BARRAS;3551801; 58.372,01 ; 64.209,21 ; 70.046,41 ; 75.883,61 ; 81.817,66 ; 87.390,69 ; 87.390,69 ; 93.216,74 ; 102.108,60 ; 102.108,48 ; 102.108,48 ; 102.108,48 ; 188.634,67 ; 1.215.395,73 
SP;SEVERINIA;3551900; 41.216,67 ; 45.338,34 ; 49.460,01 ; 53.581,67 ; 57.687,26 ; 61.616,64 ; 61.616,64 ; 65.724,42 ; 65.498,71 ; 65.498,63 ; 65.498,63 ; 65.498,63 ; 121.001,85 ; 819.238,10 
SP;TABATINGA;3552700; 19.763,04 ; 21.739,35 ; 23.715,65 ; 25.691,96 ; 27.597,38 ; 29.477,18 ; 29.477,18 ; 31.442,33 ; 36.711,88 ; 36.711,83 ; 36.711,83 ; 36.711,83 ; 67.821,26 ; 423.572,70 
SP;TAGUAI;3553005; 68.777,75 ; 75.655,53 ; 82.533,30 ; 89.411,08 ; 96.413,09 ; 102.980,30 ; 102.980,30 ; 109.845,65 ; 113.238,58 ; 113.238,43 ; 113.238,43 ; 113.238,43 ; 209.196,10 ; 1.390.746,97 
SP;TAIACU;3553104; 14.018,65 ; 15.420,52 ; 16.822,39 ; 18.224,25 ; 19.623,33 ; 20.959,98 ; 20.959,98 ; 22.357,31 ; 33.941,57 ; 33.941,53 ; 33.941,53 ; 33.941,53 ; 62.703,42 ; 346.855,99 
SP;TAPIRAI;3553500; 79.743,70 ; 87.718,08 ; 95.692,45 ; 103.666,82 ; 111.862,27 ; 119.481,81 ; 119.481,81 ; 127.447,26 ; 127.677,90 ; 127.677,74 ; 127.677,74 ; 127.677,74 ; 235.871,19 ; 1.591.676,51 
SP;TAPIRATIBA;3553609; 42.488,06 ; 46.736,86 ; 50.985,67 ; 55.234,47 ; 33.960,80 ; 36.274,04 ; 36.274,04 ; 38.692,31 ; 38.289,55 ; 38.289,50 ; 38.289,50 ; 38.289,50 ; 70.735,84 ; 564.540,14 
SP;TAQUARIVAI;3553856; 42.009,18 ; 46.210,10 ; 50.411,02 ; 54.611,94 ; 58.881,38 ; 62.892,10 ; 62.892,10 ; 67.084,91 ; 68.404,95 ; 68.404,87 ; 68.404,87 ; 68.404,87 ; 126.370,81 ; 844.983,10 
SP;TERRA ROXA;3554409; 6.947,98 ; 7.642,78 ; 8.337,58 ; 9.032,38 ; 9.666,66 ; 10.325,11 ; 10.325,11 ; 11.013,45 ; 13.803,57 ; 13.803,55 ; 13.803,55 ; 13.803,55 ; 25.500,63 ; 154.005,90 
SP;TUIUTI;3554953; 43.340,07 ; 47.674,08 ; 52.008,09 ; 56.342,10 ; 60.760,36 ; 64.899,07 ; 64.899,07 ; 69.225,67 ; 72.760,93 ; 72.760,84 ; 72.760,84 ; 72.760,84 ; 134.418,02 ; 884.609,98 
SP;TUPI PAULISTA;3555109; 116.916,99 ; 128.608,69 ; 140.300,39 ; 151.992,09 ; 124.999,85 ; 133.514,25 ; 133.514,25 ; 142.415,20 ; 161.928,29 ; 161.928,08 ; 161.928,08 ; 161.928,08 ; 299.145,09 ; 2.019.119,33 
SP;VARGEM;3556354; 7.746,83 ; 8.521,52 ; 9.296,20 ; 10.070,88 ; 10.756,79 ; 11.489,49 ; 11.489,49 ; 12.255,45 ; 11.840,29 ; 11.840,28 ; 11.840,28 ; 11.840,28 ; 21.873,69 ; 150.861,47 
TO;ANANAS;1701002; 127.675,71 ; 140.443,28 ; 153.210,85 ; 165.978,42 ; 179.124,07 ; 191.325,16 ; 191.325,16 ; 204.080,17 ; 215.827,43 ; 215.827,16 ; 215.827,16 ; 215.827,16 ; 398.717,93 ; 2.615.189,66 
TO;AUGUSTINOPOLIS;1702554; 204.123,70 ; 224.536,07 ; 244.948,45 ; 265.360,82 ; 286.363,03 ; 305.868,73 ; 305.868,73 ; 326.259,98 ; 344.952,30 ; 344.951,87 ; 344.951,87 ; 344.951,87 ; 637.262,22 ; 4.180.399,64 
TO;AXIXA DO TOCANTINS;1702901; 170.892,70 ; 187.981,97 ; 205.071,25 ; 222.160,52 ; 239.706,68 ; 256.034,37 ; 256.034,37 ; 273.103,33 ; 289.509,20 ; 289.508,84 ; 289.508,84 ; 289.508,84 ; 534.837,06 ; 3.503.857,97 
TO;BARRA DO OURO;1703073; 16.961,39 ; 18.657,53 ; 20.353,67 ; 22.049,81 ; 23.750,61 ; 25.368,39 ; 25.368,39 ; 27.059,62 ; 35.949,24 ; 35.949,19 ; 35.949,19 ; 35.949,19 ; 66.412,37 ; 389.778,59 
TO;BURITI DO TOCANTINS;1703800; 92.884,03 ; 102.172,44 ; 111.460,84 ; 120.749,24 ; 130.273,45 ; 139.147,06 ; 139.147,06 ; 148.423,54 ; 153.416,90 ; 153.416,71 ; 153.416,71 ; 153.416,71 ; 283.421,20 ; 1.881.345,89 
TO;CACHOEIRINHA;1703826; 19.321,46 ; 21.253,61 ; 23.185,76 ; 25.117,90 ; 27.094,50 ; 28.940,05 ; 28.940,05 ; 30.869,38 ; 32.850,19 ; 32.850,15 ; 32.850,15 ; 32.850,15 ; 60.687,20 ; 396.810,55 
TO;CASEARA;1703909; 38.093,30 ; 41.902,63 ; 45.711,96 ; 49.521,30 ; 53.409,68 ; 57.047,69 ; 57.047,69 ; 60.850,87 ; 60.855,64 ; 60.855,56 ; 60.855,56 ; 60.855,56 ; 112.424,27 ; 759.431,71 
TO;CHAPADA DA NATIVIDADE;1705102; 15.369,00 ; 16.905,90 ; 18.442,81 ; 19.979,71 ; 21.531,25 ; 22.997,86 ; 22.997,86 ; 24.531,05 ; 24.464,53 ; 24.464,50 ; 24.464,50 ; 24.464,50 ; 45.195,61 ; 305.809,08 
TO;COLINAS DO TOCANTINS;1705508; 207.336,37 ; 228.070,00 ; 248.803,64 ; 269.537,28 ; 255.088,83 ; 272.464,28 ; 272.464,28 ; 290.628,57 ; 290.029,41 ; 290.029,05 ; 290.029,05 ; 290.029,05 ; 535.798,08 ; 3.740.307,89 
TO;COLMEIA;1716703; 67.021,52 ; 73.723,68 ; 80.425,83 ; 87.127,98 ; 94.013,30 ; 100.417,05 ; 100.417,05 ; 107.111,52 ; 107.294,85 ; 107.294,72 ; 107.294,72 ; 107.294,72 ; 198.215,70 ; 1.337.652,64 
TO;COUTO DE MAGALHAES;1706001; 57.304,87 ; 63.035,36 ; 68.765,85 ; 74.496,33 ; 67.120,42 ; 71.692,35 ; 71.692,35 ; 76.471,84 ; 76.444,25 ; 76.444,16 ; 76.444,16 ; 76.444,16 ; 141.222,53 ; 997.578,63 
TO;DARCINOPOLIS;1706506; 32.437,81 ; 35.681,59 ; 38.925,37 ; 42.169,15 ; 45.478,68 ; 48.576,47 ; 48.576,47 ; 51.814,90 ; 52.168,44 ; 52.168,37 ; 52.168,37 ; 52.168,37 ; 96.375,59 ; 648.709,58 
TO;ESPERANTINA;1707405; 12.401,36 ; 13.641,49 ; 14.881,63 ; 16.121,77 ; 17.280,10 ; 18.457,14 ; 18.457,14 ; 19.687,62 ; 21.790,53 ; 21.790,51 ; 21.790,51 ; 21.790,51 ; 40.255,68 ; 258.345,99 
TO;FILADELFIA;1707702; 39.390,84 ; 43.329,93 ; 47.269,01 ; 51.208,10 ; 55.217,16 ; 58.978,29 ; 58.978,29 ; 62.910,17 ; 62.868,38 ; 62.868,31 ; 62.868,31 ; 62.868,31 ; 116.142,58 ; 784.897,68 
TO;LAGOA DA CONFUSAO;1711902; 32.434,44 ; 35.677,88 ; 38.921,33 ; 42.164,77 ; 21.679,23 ; 23.155,92 ; 23.155,92 ; 24.699,65 ; 26.881,93 ; 26.881,89 ; 26.881,89 ; 26.881,89 ; 49.661,50 ; 399.078,24 
TO;LUZINOPOLIS;1712454; 21.757,00 ; 23.932,70 ; 26.108,40 ; 28.284,10 ; 30.505,34 ; 32.583,22 ; 32.583,22 ; 34.755,44 ; 34.759,70 ; 34.759,66 ; 34.759,66 ; 34.759,66 ; 64.214,84 ; 433.762,94 
TO;MARIANOPOLIS DO TOCANTINS;1712504; 82.881,86 ; 91.170,05 ; 99.458,23 ; 107.746,42 ; 116.269,98 ; 124.189,74 ; 124.189,74 ; 132.469,06 ; 134.371,73 ; 134.371,56 ; 134.371,56 ; 134.371,56 ; 248.237,33 ; 1.664.098,82 
TO;MONTE DO CARMO;1713601; 58.328,50 ; 64.161,34 ; 69.994,19 ; 75.827,04 ; 81.800,95 ; 87.372,84 ; 87.372,84 ; 93.197,70 ; 97.880,61 ; 97.880,49 ; 97.880,49 ; 97.880,49 ; 180.823,92 ; 1.190.401,40 
TO;MURICILANDIA;1713957; 10.253,85 ; 11.279,23 ; 12.304,62 ; 13.330,00 ; 14.353,89 ; 15.331,61 ; 15.331,61 ; 16.353,72 ; 16.264,63 ; 16.264,61 ; 16.264,61 ; 16.264,61 ; 30.047,19 ; 203.644,18 
TO;NATIVIDADE;1714203; 37.483,17 ; 41.231,48 ; 44.979,80 ; 48.728,12 ; 48.569,00 ; 51.877,30 ; 51.877,30 ; 55.335,78 ; 55.366,23 ; 55.366,16 ; 55.366,16 ; 55.366,16 ; 102.283,15 ; 703.829,81 
TO;NAZARE;1714302; 47.108,70 ; 51.819,57 ; 56.530,45 ; 61.241,32 ; 43.525,83 ; 46.490,61 ; 46.490,61 ; 49.589,98 ; 49.609,79 ; 49.609,72 ; 49.609,72 ; 49.609,72 ; 91.648,77 ; 692.884,79 
TO;NOVA OLINDA;1714880; 18.800,33 ; 20.680,37 ; 22.560,40 ; 24.440,43 ; 85.766,93 ; 91.608,97 ; 91.608,97 ; 97.716,23 ; 103.548,18 ; 103.548,05 ; 103.548,05 ; 103.548,05 ; 191.294,11 ; 1.058.669,07 
TO;PALMEIROPOLIS;1715754; 97.822,83 ; 107.605,11 ; 117.387,39 ; 127.169,68 ; 137.236,42 ; 146.584,32 ; 146.584,32 ; 156.356,61 ; 157.218,77 ; 157.218,58 ; 157.218,58 ; 157.218,58 ; 290.444,76 ; 1.956.065,95 
TO;PARANA;1716208; 50.718,73 ; 55.790,61 ; 60.862,48 ; 65.934,36 ; 71.053,28 ; 75.893,10 ; 75.893,10 ; 80.952,64 ; 80.728,01 ; 80.727,91 ; 80.727,91 ; 80.727,91 ; 149.136,34 ; 1.009.146,38 
TO;PAU DARCO;1716307; 8.328,77 ; 9.161,65 ; 9.994,52 ; 10.827,40 ; 11.639,12 ; 12.431,92 ; 12.431,92 ; 13.260,72 ; 18.960,60 ; 18.960,58 ; 18.960,58 ; 18.960,58 ; 35.027,68 ; 198.946,04 
TO;PEQUIZEIRO;1716653; 19.797,75 ; 21.777,53 ; 23.757,30 ; 25.737,08 ; 27.713,56 ; 29.601,27 ; 29.601,27 ; 31.574,69 ; 34.055,62 ; 34.055,58 ; 34.055,58 ; 34.055,58 ; 62.914,12 ; 408.696,93 
TO;PIRAQUE;1717206; 26.052,50 ; 28.657,75 ; 31.263,00 ; 33.868,25 ; 36.538,04 ; 39.026,84 ; 39.026,84 ; 41.628,63 ; 41.673,45 ; 41.673,40 ; 41.673,40 ; 41.673,40 ; 76.987,23 ; 519.742,73 
TO;SAMPAIO;1718808; 10.545,88 ; 11.600,47 ; 12.655,06 ; 13.709,65 ; 14.737,00 ; 15.740,81 ; 15.740,81 ; 16.790,20 ; 30.785,91 ; 30.785,87 ; 30.785,87 ; 30.785,87 ; 56.873,68 ; 291.537,08 
TO;SANTA FE DO ARAGUAIA;1718865; 73.728,16 ; 81.100,98 ; 88.473,80 ; 95.846,62 ; 103.423,73 ; 110.468,46 ; 110.468,46 ; 117.833,03 ; 128.219,68 ; 128.219,52 ; 128.219,52 ; 128.219,52 ; 236.872,09 ; 1.531.093,57 
TO;SANTA ROSA DO TOCANTINS;1718907; 65.465,54 ; 72.012,10 ; 78.558,65 ; 85.105,21 ; 91.817,42 ; 98.071,59 ; 98.071,59 ; 104.609,70 ; 104.736,17 ; 104.736,04 ; 104.736,04 ; 104.736,04 ; 193.488,81 ; 1.306.144,90 
TO;SANTA TEREZA DO TOCANTINS;1719004; 195,45 ; 215,00 ; 234,55 ; 254,09 ; 230,44 ; 246,13 ; 246,13 ; 262,54 ; 89,50 ; 89,50 ; 89,50 ; 89,50 ; 165,38 ; 2.407,71 
TO;SAO BENTO DO TOCANTINS;1720101; 239.486,70 ; 263.435,37 ; 287.384,04 ; 311.332,71 ; 336.107,96 ; 359.002,05 ; 359.002,05 ; 382.935,52 ; 386.952,05 ; 386.951,57 ; 386.951,57 ; 386.951,57 ; 714.852,22 ; 4.801.345,38 
TO;SAO MIGUEL DO TOCANTINS;1720200; 260.037,70 ; 286.041,47 ; 312.045,24 ; 338.049,01 ; 364.842,84 ; 389.694,22 ; 389.694,22 ; 415.673,83 ; 429.625,50 ; 429.624,96 ; 429.624,96 ; 429.624,96 ; 793.686,83 ; 5.268.265,74 
TO;SAO SEBASTIAO DO TOCANTINS;1720309; 60.148,80 ; 66.163,68 ; 72.178,56 ; 78.193,44 ; 84.370,27 ; 90.117,18 ; 90.117,18 ; 96.124,99 ; 105.293,18 ; 105.293,05 ; 105.293,05 ; 105.293,05 ; 194.517,85 ; 1.253.104,28 
TO;SITIO NOVO DO TOCANTINS;1720804; 328.011,21 ; 360.812,33 ; 393.613,46 ; 426.414,58 ; 460.284,39 ; 491.636,79 ; 491.636,79 ; 524.412,58 ; 536.724,39 ; 536.723,73 ; 536.723,73 ; 536.723,73 ; 991.540,44 ; 6.615.258,15 
TO;TOCANTINIA;1721109; 55.513,76 ; 61.065,14 ; 66.616,51 ; 72.167,89 ; 77.810,35 ; 83.110,42 ; 83.110,42 ; 88.651,12 ; 88.562,34 ; 88.562,23 ; 88.562,23 ; 88.562,23 ; 163.609,40 ; 1.105.904,04 
TO;WANDERLANDIA;1722081; 21.157,26 ; 23.272,99 ; 25.388,72 ; 27.504,44 ; 29.585,46 ; 31.600,69 ; 31.600,69 ; 33.707,40 ; 41.743,14 ; 41.743,09 ; 41.743,09 ; 41.743,09 ; 77.115,96 ; 467.906,02 
TO;XAMBIOA;1722107; -   ; -   ; -   ; -   ; -   ; -   ; -   ; -   ; 5.544,92 ; 5.544,92 ; 5.544,92 ; 5.544,92 ; 10.243,67 ; 32.423,35 
;TOTAL;; 1.580.484.783,40 ; 1.738.533.261,73 ; 1.896.581.740,07 ; 2.054.630.218,41 ; 2.219.121.987,68 ; 2.372.337.997,83 ; 2.372.337.997,83 ; 2.530.493.864,35 ; 2.591.689.501,14 ; 2.591.689.501,14 ; 2.591.689.501,14 ; 2.591.689.501,14 ; 4.787.872.915,74 ; 31.919.152.771,60 
;;;;;;;;;;;;;;;;
