Anexo VI;;;;;;;;;;;
Portaria Interministerial nº 11, de 28 de Agosto de 2026;;;;;;;;;;;
"Redes de Ensino Beneficiadas e Valores Distribuídos - Complementação da União-VAAR Ano de 2026
(art. 16, inciso VIII, da Lei nº 14.113/2020)";;;;;;;;;;;
;;;;;;;;;;;
UF;Ente Federado;Código IBGE;Coeficientes de distribuição da complementação da União-VAAR;Complementação da União-VAAR (R$);;;;;;;
AC;ASSIS BRASIL;1200054;0,000132051417;1.003.564,13;;;;;;;
AC;EPITACIOLANDIA;1200252;0,00013200623;1.003.220,72;;;;;;;
AC;JORDAO;1200328;0,000237248976;1.803.044,36;;;;;;;
AC;RODRIGUES ALVES;1200427;0,00032467999;2.467.502,43;;;;;;;
AC;SANTA ROSA DO PURUS;1200435;0,000166895841;1.268.374,73;;;;;;;
AC;TARAUACA;1200609;0,000347324097;2.639.593,07;;;;;;;
AC;XAPURI;1200708;0,000180806489;1.374.092,84;;;;;;;
AL;AGUA BRANCA;2700102;0,000455113987;3.458.774,5;;;;;;;
AL;ALAGOAS;27;0,007879806806;59.884.942,2;;;;;;;
AL;ATALAIA;2700409;0,000765409427;5.816.957,25;;;;;;;
AL;BARRA DE SANTO ANTONIO;2700508;0,000133434413;1.014.074,62;;;;;;;
AL;BARRA DE SAO MIGUEL;2700607;0,000185233962;1.407.740,75;;;;;;;
AL;BELEM;2700805;0,000075540735;574.094,35;;;;;;;
AL;BELO MONTE;2700904;0,000192266619;1.461.187,52;;;;;;;
AL;BOCA DA MATA;2701001;0,000466650718;3.546.451,32;;;;;;;
AL;BRANQUINHA;2701100;0,000337038624;2.561.425,55;;;;;;;
AL;CACIMBINHAS;2701209;0,000230833116;1.754.285,12;;;;;;;
AL;CAJUEIRO;2701308;0,000354439528;2.693.668,91;;;;;;;
AL;CAMPESTRE;2701357;0,000077028111;585.398,11;;;;;;;
AL;CAMPO GRANDE;2701506;0,000144887082;1.101.112,6;;;;;;;
AL;CANAPI;2701605;0,000547921664;4.164.094,12;;;;;;;
AL;CAPELA;2701704;0,000164034036;1.246.625,58;;;;;;;
AL;CHA PRETA;2701902;0,000060680210;461.157,36;;;;;;;
AL;COLONIA LEOPOLDINA;2702108;0,000355333805;2.700.465,24;;;;;;;
AL;COQUEIRO SECO;2702207;0,000103393524;785.769,93;;;;;;;
AL;CORURIPE;2702306;0,00152836132;11.615.237,73;;;;;;;
AL;CRAIBAS;2702355;0,000298881024;2.271.435,49;;;;;;;
AL;DOIS RIACHOS;2702504;0,000297094966;2.257.861,81;;;;;;;
AL;ESTRELA DE ALAGOAS;2702553;0,000309874844;2.354.986,31;;;;;;;
AL;FEIRA GRANDE;2702603;0,000203621977;1.547.485,95;;;;;;;
AL;FELIZ DESERTO;2702702;0,000048132180;365.794,86;;;;;;;
AL;FLEXEIRAS;2702801;0,000227863787;1.731.718,82;;;;;;;
AL;GIRAU DO PONCIANO;2702900;0,000447368942;3.399.913,72;;;;;;;
AL;IBATEGUARA;2703007;0,000392708177;2.984.502,93;;;;;;;
AL;IGACI;2703106;0,000390604945;2.968.518,79;;;;;;;
AL;INHAPI;2703304;0,000426856192;3.244.020,95;;;;;;;
AL;JACARE DOS HOMENS;2703403;0,000168081854;1.277.388,18;;;;;;;
AL;JACUIPE;2703502;0,00012806442;973.263,76;;;;;;;
AL;JAPARATINGA;2703601;0,000087123310;662.119,58;;;;;;;
AL;JARAMATAIA;2703700;0,000111172939;844.891,91;;;;;;;
AL;JOAQUIM GOMES;2703809;0,000143742239;1.092.412,02;;;;;;;
AL;JUNDIA;2703908;0,000136905972;1.040.457,77;;;;;;;
AL;LAGOA DA CANOA;2704104;0,000443724685;3.372.218,1;;;;;;;
AL;LIMOEIRO DE ANADIA;2704203;0,000362702471;2.756.465,61;;;;;;;
AL;MAJOR ISIDORO;2704401;0,00036200373;2.751.155,32;;;;;;;
AL;MAR VERMELHO;2704906;0,000062101882;471.961,78;;;;;;;
AL;MARAGOGI;2704500;0,000583236164;4.432.477,2;;;;;;;
AL;MARAVILHA;2704609;0,000288991612;2.196.277,96;;;;;;;
AL;MARIBONDO;2704807;0,000088875173;675.433,39;;;;;;;
AL;MATA GRANDE;2705002;0,000435657415;3.310.908,47;;;;;;;
AL;MONTEIROPOLIS;2705408;0,000201955383;1.534.820,17;;;;;;;
AL;MURICI;2705507;0,000624856053;4.748.779,96;;;;;;;
AL;NOVO LINO;2705606;0,000333616397;2.535.417,32;;;;;;;
AL;OLHO DAGUA DAS FLORES;2705705;0,000392238566;2.980.933,98;;;;;;;
AL;OLHO DAGUA DO CASADO;2705804;0,000084515177;642.298,3;;;;;;;
AL;OLHO DAGUA GRANDE;2705903;0,000144157823;1.095.570,38;;;;;;;
AL;OLIVENCA;2706000;0,000285254185;2.167.874,26;;;;;;;
AL;OURO BRANCO;2706109;0,000280679524;2.133.107,76;;;;;;;
AL;PALESTINA;2706208;0,000104196038;791.868,87;;;;;;;
AL;PAO DE ACUCAR;2706406;0,000420222642;3.193.607,31;;;;;;;
AL;PARICONHA;2706422;0,000167441014;1.272.517,93;;;;;;;
AL;PASSO DE CAMARAGIBE;2706505;0,000281924679;2.142.570,69;;;;;;;
AL;PAULO JACINTO;2706604;0,000108408357;823.881,64;;;;;;;
AL;PENEDO;2706703;0,000969424068;7.367.427,36;;;;;;;
AL;PIACABUCU;2706802;0,000301879357;2.294.222,22;;;;;;;
AL;PILAR;2706901;0,000853826824;6.488.911,63;;;;;;;
AL;PINDOBA;2707008;0,000022101669;167.968,23;;;;;;;
AL;PIRANHAS;2707107;0,000420272874;3.193.989,06;;;;;;;
AL;POCO DAS TRINCHEIRAS;2707206;0,000261161442;1.984.774,28;;;;;;;
AL;PORTO CALVO;2707305;0,000580558172;4.412.125,00;;;;;;;
AL;PORTO DE PEDRAS;2707404;0,000179933861;1.367.461,05;;;;;;;
AL;PORTO REAL DO COLEGIO;2707503;0,000302073475;2.295.697,48;;;;;;;
AL;RIO LARGO;2707701;0,00156354325;11.882.613,3;;;;;;;
AL;ROTEIRO;2707800;0,000152970965;1.162.548,48;;;;;;;
AL;SANTA LUZIA DO NORTE;2707909;0,000130999309;995.568,32;;;;;;;
AL;SANTANA DO IPANEMA;2708006;0,000301099926;2.288.298,7;;;;;;;
AL;SANTANA DO MUNDAU;2708105;0,000430318937;3.270.337,12;;;;;;;
AL;SAO BRAS;2708204;0,000063057243;479.222,33;;;;;;;
AL;SAO JOSE DA LAJE;2708303;0,00047257065;3.591.441,61;;;;;;;
AL;SAO LUIS DO QUITUNDE;2708501;0,00047004387;3.572.238,59;;;;;;;
AL;SAO MIGUEL DOS CAMPOS;2708600;0,000872139662;6.628.085,5;;;;;;;
AL;SAO MIGUEL DOS MILAGRES;2708709;0,000185411571;1.409.090,54;;;;;;;
AL;SAO SEBASTIAO;2708808;0,000609205632;4.629.839,91;;;;;;;
AL;SATUBA;2708907;0,000397794866;3.023.160,74;;;;;;;
AL;SENADOR RUI PALMEIRA;2708956;0,000265759541;2.019.718,9;;;;;;;
AL;TANQUE DARCA;2709004;0,000118394199;899.772,03;;;;;;;
AL;TAQUARANA;2709103;0,000483204618;3.672.257,62;;;;;;;
AL;TEOTONIO VILELA;2709152;0,001181501582;8.979.173,69;;;;;;;
AL;TRAIPU;2709202;0,000303744691;2.308.398,38;;;;;;;
AL;UNIAO DOS PALMARES;2709301;0,001547874718;11.763.535,62;;;;;;;
AL;VICOSA;2709400;0,000381539364;2.899.622,2;;;;;;;
AM;ALVARAES;1300029;0,000172141872;1.308.243,5;;;;;;;
AM;AMAZONAS;13;0,032378646641;246.071.183,02;;;;;;;
AM;ANAMA;1300086;0,000085939883;653.125,77;;;;;;;
AM;AUTAZES;1300300;0,000631834493;4.801.814,69;;;;;;;
AM;BARREIRINHA;1300508;0,000698001381;5.304.669,69;;;;;;;
AM;BENJAMIN CONSTANT;1300607;0,001040091421;7.904.484,99;;;;;;;
AM;BOA VISTA DO RAMOS;1300680;0,000293784866;2.232.705,72;;;;;;;
AM;BOCA DO ACRE;1300706;0,00050265069;3.820.043,85;;;;;;;
AM;BORBA;1300805;0,000268700673;2.042.070,91;;;;;;;
AM;CAAPIRANGA;1300839;0,000180640605;1.372.832,16;;;;;;;
AM;CANUTAMA;1300904;0,000202409273;1.538.269,64;;;;;;;
AM;CARAUARI;1301001;0,000244767531;1.860.183,86;;;;;;;
AM;CAREIRO DA VARZEA;1301159;0,000303092395;2.303.441,06;;;;;;;
AM;COARI;1301209;0,000913319151;6.941.041,31;;;;;;;
AM;FONTE BOA;1301605;0,000526889558;4.004.254,36;;;;;;;
AM;GUAJARA;1301654;0,000212990903;1.618.687,9;;;;;;;
AM;HUMAITA;1301704;0,000834330794;6.340.745,73;;;;;;;
AM;IPIXUNA;1301803;0,000143531145;1.090.807,75;;;;;;;
AM;ITACOATIARA;1301902;0,001381708334;10.500.704,62;;;;;;;
AM;ITAPIRANGA;1302009;0,000171120667;1.300.482,55;;;;;;;
AM;JAPURA;1302108;0,000123937462;941.899,71;;;;;;;
AM;JURUA;1302207;0,000214415771;1.629.516,61;;;;;;;
AM;JUTAI;1302306;0,000641096638;4.872.205,13;;;;;;;
AM;LABREA;1302405;0,000341645662;2.596.438,11;;;;;;;
AM;MANAQUIRI;1302553;0,000313964107;2.386.063,88;;;;;;;
AM;MARAA;1302801;0,000352521855;2.679.094,99;;;;;;;
AM;NHAMUNDA;1303007;0,00029888736;2.271.483,64;;;;;;;
AM;NOVA OLINDA DO NORTE;1303106;0,000523517763;3.978.629,39;;;;;;;
AM;NOVO AIRAO;1303205;0,000142200521;1.080.695,27;;;;;;;
AM;PAUINI;1303502;0,000144673203;1.099.487,16;;;;;;;
AM;RIO PRETO DA EVA;1303569;0,000496167033;3.770.769,36;;;;;;;
AM;SANTA ISABEL DO RIO NEGRO;1303601;0,000159500759;1.212.173,59;;;;;;;
AM;SANTO ANTONIO DO ICA;1303700;0,000682132331;5.184.068,12;;;;;;;
AM;SAO GABRIEL DA CACHOEIRA;1303809;0,000854441806;6.493.585,37;;;;;;;
AM;SAO SEBASTIAO DO UATUMA;1303957;0,000081291860;617.801,74;;;;;;;
AM;SILVES;1304005;0,000096679790;734.746,9;;;;;;;
AM;TABATINGA;1304062;0,001410008938;10.715.783,5;;;;;;;
AM;TAPAUA;1304104;0,000434066406;3.298.817,13;;;;;;;
AM;TONANTINS;1304237;0,000416868024;3.168.112,89;;;;;;;
AM;URUCARA;1304302;0,000123753117;940.498,73;;;;;;;
AM;URUCURITUBA;1304401;0,000307796575;2.339.191,88;;;;;;;
AP;AMAPA;1600105;0,000058688528;446.020,97;;;;;;;
AP;CALCOENE;1600204;0,000163412283;1.241.900,39;;;;;;;
AP;LARANJAL DO JARI;1600279;0,000595622914;4.526.614,00;;;;;;;
AP;MACAPA;1600303;0,003397144456;25.817.612,59;;;;;;;
AP;MAZAGAO;1600402;0,000245309413;1.864.302,05;;;;;;;
AP;PEDRA BRANCA DO AMAPARI;1600154;0,000143306233;1.089.098,46;;;;;;;
AP;SANTANA;1600600;0,00107615207;8.178.538,65;;;;;;;
AP;SERRA DO NAVIO;1600055;0,000048026552;364.992,11;;;;;;;
AP;TARTARUGALZINHO;1600709;0,000233308319;1.773.096,16;;;;;;;
BA;ABAIRA;2900108;0,000044603725;338.979,32;;;;;;;
BA;ABARE;2900207;0,000183640599;1.395.631,52;;;;;;;
BA;ACAJUTIBA;2900306;0,000358622312;2.725.457,24;;;;;;;
BA;ADUSTINA;2900355;0,000276983604;2.105.019,53;;;;;;;
BA;AIQUARA;2900603;0,000037424361;284.417,59;;;;;;;
BA;AMERICA DOURADA;2901155;0,000145580606;1.106.383,24;;;;;;;
BA;ANDORINHA;2901353;0,00032260454;2.451.729,43;;;;;;;
BA;ANGUERA;2901502;0,000284784143;2.164.302,04;;;;;;;
BA;ANTAS;2901601;0,000372552186;2.831.321,46;;;;;;;
BA;ANTONIO GONCALVES;2901809;0,00017509318;1.330.672,85;;;;;;;
BA;APORA;2901908;0,000141245233;1.073.435,28;;;;;;;
BA;APUAREMA;2901957;0,000120225044;913.686,08;;;;;;;
BA;ARACAS;2902054;0,000195124242;1.482.904,88;;;;;;;
BA;ARACATU;2902005;0,000360679166;2.741.088,91;;;;;;;
BA;ARATUIPE;2902302;0,000068663677;521.830,09;;;;;;;
BA;AURELINO LEAL;2902401;0,000221528854;1.683.574,6;;;;;;;
BA;BANZAE;2902658;0,000275211979;2.091.555,52;;;;;;;
BA;BARRA DO CHOCA;2902906;0,000649624566;4.937.015,66;;;;;;;
BA;BARRO ALTO;2903235;0,000224451104;1.705.783,11;;;;;;;
BA;BARROCAS;2903276;0,000337625777;2.565.887,8;;;;;;;
BA;BELMONTE;2903409;0,000348076324;2.645.309,85;;;;;;;
BA;BELO CAMPO;2903508;0,000314247145;2.388.214,91;;;;;;;
BA;BIRITINGA;2903607;0,000356994795;2.713.088,43;;;;;;;
BA;BOA NOVA;2903706;0,000277486776;2.108.843,52;;;;;;;
BA;BOA VISTA DO TUPIM;2903805;0,000145000453;1.101.974,19;;;;;;;
BA;BOM JESUS DA LAPA;2903904;0,001253099062;9.523.300,09;;;;;;;
BA;BOM JESUS DA SERRA;2903953;0,000066013519;501.689,43;;;;;;;
BA;BOQUIRA;2904100;0,000312332777;2.373.666,1;;;;;;;
BA;BURITIRAMA;2904753;0,000336931448;2.560.611,04;;;;;;;
BA;CABACEIRAS DO PARAGUACU;2904852;0,000171443891;1.302.938,99;;;;;;;
BA;CACHOEIRA;2904902;0,00037072743;2.817.453,68;;;;;;;
BA;CAETANOS;2905156;0,00019199332;1.459.110,5;;;;;;;
BA;CAFARNAUM;2905305;0,00028785018;2.187.603,3;;;;;;;
BA;CAIRU;2905404;0,00041411712;3.147.206,58;;;;;;;
BA;CAMPO FORMOSO;2906006;0,001133385442;8.613.500,73;;;;;;;
BA;CANARANA;2906204;0,000433308962;3.293.060,7;;;;;;;
BA;CANDEAL;2906402;0,000107197649;814.680,51;;;;;;;
BA;CANDIDO SALES;2906709;0,000408759653;3.106.490,91;;;;;;;
BA;CANSANCAO;2906808;0,000914712934;6.951.633,78;;;;;;;
BA;CANUDOS;2906824;0,000285627852;2.170.714,06;;;;;;;
BA;CAPIM GROSSO;2906873;0,000552642291;4.199.969,93;;;;;;;
BA;CARAIBAS;2906899;0,000138456236;1.052.239,46;;;;;;;
BA;CARAVELAS;2906907;0,000336806174;2.559.658,98;;;;;;;
BA;CARDEAL DA SILVA;2907004;0,000102335669;777.730,44;;;;;;;
BA;CARINHANHA;2907103;0,00025380907;1.928.897,73;;;;;;;
BA;CASA NOVA;2907202;0,000455058957;3.458.356,28;;;;;;;
BA;CASTRO ALVES;2907301;0,000495461442;3.765.407,01;;;;;;;
BA;CATOLANDIA;2907400;0,000055451962;421.423,73;;;;;;;
BA;CENTRAL;2907608;0,000214685159;1.631.563,9;;;;;;;
BA;CICERO DANTAS;2907806;0,000242830973;1.845.466,41;;;;;;;
BA;CIPO;2907905;0,000526466288;4.001.037,59;;;;;;;
BA;COARACI;2908002;0,000196180865;1.490.935,00;;;;;;;
BA;COCOS;2908101;0,000307408231;2.336.240,54;;;;;;;
BA;CONCEICAO DA FEIRA;2908200;0,000357128037;2.714.101,04;;;;;;;
BA;CONCEICAO DO COITE;2908408;0,000464067675;3.526.820,72;;;;;;;
BA;CORACAO DE MARIA;2908903;0,000505951423;3.845.128,75;;;;;;;
BA;CORDEIROS;2909000;0,000067658509;514.191,02;;;;;;;
BA;CORIBE;2909109;0,000247122946;1.878.084,54;;;;;;;
BA;CORONEL JOAO SA;2909208;0,00058902698;4.476.486,23;;;;;;;
BA;COTEGIPE;2909406;0,000205020904;1.558.117,51;;;;;;;
BA;CRISOPOLIS;2909604;0,000563196188;4.280.177,42;;;;;;;
BA;CRISTOPOLIS;2909703;0,000200396336;1.522.971,73;;;;;;;
BA;DOM BASILIO;2910107;0,000178751784;1.358.477,5;;;;;;;
BA;ELISIO MEDRADO;2910305;0,000147201666;1.118.702,97;;;;;;;
BA;ENTRE RIOS;2910503;0,000495054863;3.762.317,1;;;;;;;
BA;ERICO CARDOSO;2900504;0,000181123112;1.376.499,11;;;;;;;
BA;ESPLANADA;2910602;0,000449596782;3.416.844,85;;;;;;;
BA;FATIMA;2910750;0,000251623145;1.912.285,14;;;;;;;
BA;FILADELFIA;2910859;0,000359104113;2.729.118,82;;;;;;;
BA;FLORESTA AZUL;2911006;0,000064813018;492.565,86;;;;;;;
BA;GAVIAO;2911253;0,000126611269;962.220,1;;;;;;;
BA;GENTIO DO OURO;2911303;0,000089103790;677.170,83;;;;;;;
BA;GLORIA;2911402;0,000244637341;1.859.194,44;;;;;;;
BA;GONGOGI;2911501;0,000105930669;805.051,72;;;;;;;
BA;GOVERNADOR MANGABEIRA;2911600;0,000325883767;2.476.650,89;;;;;;;
BA;GUAJERU;2911659;0,000059895864;455.196,48;;;;;;;
BA;HELIOPOLIS;2911857;0,000215644636;1.638.855,73;;;;;;;
BA;IACU;2911907;0,000290148361;2.205.069,01;;;;;;;
BA;IBICOARA;2912202;0,000388908934;2.955.629,45;;;;;;;
BA;IBIPEBA;2912400;0,000209971193;1.595.738,71;;;;;;;
BA;IBIPITANGA;2912509;0,000286591637;2.178.038,63;;;;;;;
BA;IBIQUERA;2912608;0,000059054314;448.800,87;;;;;;;
BA;IBIRAPITANGA;2912707;0,000452390851;3.438.079,21;;;;;;;
BA;IBIRATAIA;2912905;0,000307783777;2.339.094,62;;;;;;;
BA;IBITIARA;2913002;0,000199432887;1.515.649,71;;;;;;;
BA;IBITITA;2913101;0,000247564792;1.881.442,48;;;;;;;
BA;IBOTIRAMA;2913200;0,000483959423;3.677.993,99;;;;;;;
BA;ICHU;2913309;0,000113826254;865.056,57;;;;;;;
BA;IGAPORA;2913408;0,000098514770;748.692,38;;;;;;;
BA;IGRAPIUNA;2913457;0,000216485725;1.645.247,84;;;;;;;
BA;IPECAETA;2913804;0,000319277655;2.426.445,77;;;;;;;
BA;IPUPIARA;2914109;0,0001565116;1.189.456,59;;;;;;;
BA;IRAJUBA;2914208;0,00011550942;877.848,29;;;;;;;
BA;IRARA;2914505;0,000253636386;1.927.585,37;;;;;;;
BA;IRECE;2914604;0,000930872477;7.074.443,05;;;;;;;
BA;ITAETE;2915007;0,000263662737;2.003.783,61;;;;;;;
BA;ITAGI;2915106;0,000273193057;2.076.212,12;;;;;;;
BA;ITAGUACU DA BAHIA;2915353;0,000240739167;1.829.569,11;;;;;;;
BA;ITAJUIPE;2915502;0,000292042858;2.219.466,81;;;;;;;
BA;ITAMARI;2915700;0,000128603394;977.359,85;;;;;;;
BA;ITAMBE;2915809;0,000338824226;2.574.995,77;;;;;;;
BA;ITANAGRA;2915908;0,000124568176;946.693,01;;;;;;;
BA;ITAPARICA;2916104;0,000174326659;1.324.847,44;;;;;;;
BA;ITAPE;2916203;0,000164629295;1.251.149,43;;;;;;;
BA;ITAPEBI;2916302;0,000120326786;914.459,3;;;;;;;
BA;ITAPETINGA;2916401;0,000929522435;7.064.183,00;;;;;;;
BA;ITAQUARA;2916708;0,000168521624;1.280.730,35;;;;;;;
BA;ITARANTIM;2916807;0,000125391014;952.946,41;;;;;;;
BA;ITATIM;2916856;0,000239560572;1.820.612,02;;;;;;;
BA;ITIRUCU;2916906;0,000172896139;1.313.975,78;;;;;;;
BA;ITIUBA;2917003;0,000648306461;4.926.998,33;;;;;;;
BA;ITORORO;2917102;0,000219792066;1.670.375,36;;;;;;;
BA;IUIU;2917334;0,000159852781;1.214.848,89;;;;;;;
BA;JAGUAQUARA;2917607;0,000744674432;5.659.375,47;;;;;;;
BA;JAGUARARI;2917706;0,000444919852;3.381.301,13;;;;;;;
BA;JAGUARIPE;2917805;0,000304309544;2.312.691,15;;;;;;;
BA;JEREMOABO;2918100;0,000622071554;4.727.618,33;;;;;;;
BA;JITAUNA;2918308;0,000222907456;1.694.051,7;;;;;;;
BA;JOAO DOURADO;2918357;0,000425732707;3.235.482,69;;;;;;;
BA;JUCURUCU;2918456;0,00014568447;1.107.172,58;;;;;;;
BA;JUSSARA;2918506;0,000144954656;1.101.626,15;;;;;;;
BA;JUSSARI;2918555;0,000149784504;1.138.332,02;;;;;;;
BA;LAFAIETE COUTINHO;2918704;0,000088252840;670.703,78;;;;;;;
BA;LAGOA REAL;2918753;0,000111122511;844.508,67;;;;;;;
BA;LAJE;2918803;0,000346600401;2.634.093,13;;;;;;;
BA;LAJEDAO;2918902;0,000054845244;416.812,79;;;;;;;
BA;LAJEDO DO TABOCAL;2919058;0,000079375955;603.241,25;;;;;;;
BA;LAMARAO;2919108;0,000135742877;1.031.618,48;;;;;;;
BA;LENCOIS;2919306;0,000078797628;598.846,08;;;;;;;
BA;LICINIO DE ALMEIDA;2919405;0,000360350165;2.738.588,56;;;;;;;
BA;LIVRAMENTO DE NOSSA SENHORA;2919504;0,000736502314;5.597.269,02;;;;;;;
BA;MACAJUBA;2919603;0,000191855567;1.458.063,61;;;;;;;
BA;MACURURE;2919900;0,000137306392;1.043.500,88;;;;;;;
BA;MAETINGA;2919959;0,000103806823;788.910,91;;;;;;;
BA;MAIRI;2920106;0,000238403866;1.811.821,29;;;;;;;
BA;MALHADA;2920205;0,000285023164;2.166.118,55;;;;;;;
BA;MALHADA DE PEDRAS;2920304;0,000240279567;1.826.076,24;;;;;;;
BA;MANOEL VITORINO;2920403;0,000287834045;2.187.480,68;;;;;;;
BA;MANSIDAO;2920452;0,000202162657;1.536.395,41;;;;;;;
BA;MARACAS;2920502;0,000414921487;3.153.319,6;;;;;;;
BA;MARAGOGIPE;2920601;0,000537976988;4.088.516,59;;;;;;;
BA;MARAU;2920700;0,000413657794;3.143.715,79;;;;;;;
BA;MASCOTE;2920908;0,000212250803;1.613.063,29;;;;;;;
BA;MATA DE SAO JOAO;2921005;0,000975161422;7.411.030,1;;;;;;;
BA;MATINA;2921054;0,000100706379;765.348,17;;;;;;;
BA;MIGUEL CALMON;2921203;0,000351218427;2.669.189,2;;;;;;;
BA;MORPARA;2921609;0,000130634438;992.795,38;;;;;;;
BA;MORTUGABA;2921807;0,000231763388;1.761.355,00;;;;;;;
BA;MUNDO NOVO;2922102;0,000144779355;1.100.293,89;;;;;;;
BA;MUNIZ FERREIRA;2922201;0,000104539263;794.477,31;;;;;;;
BA;MUQUEM DE SAO FRANCISCO;2922250;0,000118700554;902.100,27;;;;;;;
BA;MURITIBA;2922300;0,000205858191;1.564.480,73;;;;;;;
BA;MUTUIPE;2922409;0,000294805599;2.240.463,08;;;;;;;
BA;NILO PECANHA;2922607;0,000303770955;2.308.597,98;;;;;;;
BA;NOVA FATIMA;2922730;0,000076398073;580.609,94;;;;;;;
BA;NOVA IBIA;2922755;0,000129006091;980.420,27;;;;;;;
BA;NOVA REDENCAO;2922854;0,000113810849;864.939,49;;;;;;;
BA;NOVA SOURE;2922904;0,000199135524;1.513.389,81;;;;;;;
BA;NOVO HORIZONTE;2923035;0,000287223373;2.182.839,7;;;;;;;
BA;NOVO TRIUNFO;2923050;0,000278691765;2.118.001,2;;;;;;;
BA;OLINDINA;2923100;0,000444226364;3.376.030,76;;;;;;;
BA;OLIVEIRA DOS BREJINHOS;2923209;0,000196960285;1.496.858,43;;;;;;;
BA;OUROLANDIA;2923357;0,000349298273;2.654.596,41;;;;;;;
BA;PALMEIRAS;2923506;0,000071604394;544.178,95;;;;;;;
BA;PARAMIRIM;2923605;0,00016211971;1.232.077,09;;;;;;;
BA;PARATINGA;2923704;0,000490260105;3.725.877,9;;;;;;;
BA;PARIPIRANGA;2923803;0,000207777532;1.579.067,33;;;;;;;
BA;PAU BRASIL;2923902;0,000168633109;1.281.577,61;;;;;;;
BA;PE DE SERRA;2924058;0,000161112218;1.224.420,36;;;;;;;
BA;PEDRO ALEXANDRE;2924207;0,000289370685;2.199.158,83;;;;;;;
BA;PILAO ARCADO;2924405;0,000528596174;4.017.224,29;;;;;;;
BA;PINDAI;2924504;0,000348647823;2.649.653,13;;;;;;;
BA;PINDOBACU;2924603;0,000536364976;4.076.265,62;;;;;;;
BA;PIRITIBA;2924801;0,000249134354;1.893.370,83;;;;;;;
BA;PLANALTINO;2924900;0,000141297193;1.073.830,16;;;;;;;
BA;PORTO SEGURO;2925303;0,002616309684;19.883.425,83;;;;;;;
BA;POTIRAGUA;2925402;0,000167956277;1.276.433,82;;;;;;;
BA;PRESIDENTE DUTRA;2925600;0,000103758146;788.540,98;;;;;;;
BA;PRESIDENTE JANIO QUADROS;2925709;0,000191983394;1.459.035,07;;;;;;;
BA;QUEIMADAS;2925808;0,000528171211;4.013.994,66;;;;;;;
BA;QUIJINGUE;2925907;0,000280465524;2.131.481,41;;;;;;;
BA;QUIXABEIRA;2925931;0,000446719664;3.394.979,33;;;;;;;
BA;RETIROLANDIA;2926103;0,000107512379;817.072,39;;;;;;;
BA;RIACHAO DAS NEVES;2926202;0,000348178247;2.646.084,44;;;;;;;
BA;RIACHAO DO JACUIPE;2926301;0,000183891588;1.397.538,97;;;;;;;
BA;RIBEIRA DO AMPARO;2926509;0,000373629896;2.839.511,84;;;;;;;
BA;RIBEIRAO DO LARGO;2926657;0,00016790124;1.276.015,55;;;;;;;
BA;RIO DE CONTAS;2926707;0,000177129791;1.346.150,68;;;;;;;
BA;RIO DO ANTONIO;2926806;0,000314397992;2.389.361,32;;;;;;;
BA;RIO DO PIRES;2926905;0,000214336091;1.628.911,06;;;;;;;
BA;RIO REAL;2927002;0,000665031889;5.054.108,21;;;;;;;
BA;RODELAS;2927101;0,000170912773;1.298.902,6;;;;;;;
BA;RUY BARBOSA;2927200;0,000373875275;2.841.376,67;;;;;;;
BA;SALINAS DA MARGARIDA;2927309;0,000300824376;2.286.204,57;;;;;;;
BA;SANTA BARBARA;2927507;0,000348786881;2.650.709,94;;;;;;;
BA;SANTA INES;2927903;0,000215852967;1.640.439,01;;;;;;;
BA;SANTANA;2928208;0,000319897717;2.431.158,12;;;;;;;
BA;SANTANOPOLIS;2928307;0,000132013021;1.003.272,33;;;;;;;
BA;SANTO ESTEVAO;2928802;0,000777499345;5.908.838,18;;;;;;;
BA;SAO FELIPE;2929107;0,000505069517;3.838.426,45;;;;;;;
BA;SAO FELIX;2929008;0,000167713197;1.274.586,47;;;;;;;
BA;SAO FELIX DO CORIBE;2929057;0,000313036295;2.379.012,7;;;;;;;
BA;SAO GABRIEL;2929255;0,000136508997;1.037.440,84;;;;;;;
BA;SAO GONCALO DOS CAMPOS;2929305;0,00019988606;1.519.093,73;;;;;;;
BA;SAO JOSE DO JACUIPE;2929370;0,000100686885;765.200,02;;;;;;;
BA;SAO MIGUEL DAS MATAS;2929404;0,000068946703;523.981,03;;;;;;;
BA;SAO SEBASTIAO DO PASSE;2929503;0,000471159172;3.580.714,66;;;;;;;
BA;SAPEACU;2929602;0,000421994378;3.207.072,15;;;;;;;
BA;SEBASTIAO LARANJEIRAS;2930006;0,000092655039;704.159,61;;;;;;;
BA;SENHOR DO BONFIM;2930105;0,001099564137;8.356.465,64;;;;;;;
BA;SENTO SE;2930204;0,000671478369;5.103.100,15;;;;;;;
BA;SERRA DOURADA;2930303;0,000231574955;1.759.922,94;;;;;;;
BA;SERRA PRETA;2930402;0,000138988407;1.056.283,86;;;;;;;
BA;SERRINHA;2930501;0,000654856052;4.976.773,9;;;;;;;
BA;SITIO DO MATO;2930758;0,000287220616;2.182.818,74;;;;;;;
BA;SITIO DO QUINTO;2930766;0,000253913309;1.929.689,93;;;;;;;
BA;SOUTO SOARES;2930808;0,000334657531;2.543.329,73;;;;;;;
BA;TABOCAS DO BREJO VELHO;2930907;0,000165050689;1.254.351,94;;;;;;;
BA;TANHACU;2931004;0,000411419628;3.126.706,18;;;;;;;
BA;TANQUE NOVO;2931053;0,000170061014;1.292.429,4;;;;;;;
BA;TAPEROA;2931202;0,000302256162;2.297.085,86;;;;;;;
BA;TEOLANDIA;2931608;0,000111170468;844.873,13;;;;;;;
BA;TERRA NOVA;2931707;0,000169143703;1.285.458,02;;;;;;;
BA;TREMEDAL;2931806;0,000269412467;2.047.480,4;;;;;;;
BA;UAUA;2932002;0,000248168304;1.886.029,05;;;;;;;
BA;UBAIRA;2932101;0,000173450776;1.318.190,91;;;;;;;
BA;UBATA;2932309;0,000272190718;2.068.594,55;;;;;;;
BA;UMBURANAS;2932457;0,00023813329;1.809.764,97;;;;;;;
BA;UNA;2932507;0,000389529785;2.960.347,79;;;;;;;
BA;URANDI;2932606;0,000340933305;2.591.024,34;;;;;;;
BA;VALENCA;2932903;0,001097753376;8.342.704,22;;;;;;;
BA;VALENTE;2933000;0,000234986316;1.785.848,6;;;;;;;
BA;VARZEA DA ROCA;2933059;0,000179474574;1.363.970,56;;;;;;;
BA;VARZEDO;2933174;0,000137474902;1.044.781,52;;;;;;;
BA;WANDERLEY;2933455;0,000245664963;1.867.004,16;;;;;;;
BA;WENCESLAU GUIMARAES;2933505;0,000381284195;2.897.682,97;;;;;;;
CE;ABAIARA;2300101;0,000171508528;1.303.430,23;;;;;;;
CE;ACARAPE;2300150;0,000278824319;2.119.008,59;;;;;;;
CE;AIUABA;2300408;0,000114791578;872.392,84;;;;;;;
CE;ALCANTARAS;2300507;0,000215434039;1.637.255,24;;;;;;;
CE;ALTANEIRA;2300606;0,000164261119;1.248.351,37;;;;;;;
CE;ALTO SANTO;2300705;0,000282409689;2.146.256,67;;;;;;;
CE;AMONTADA;2300754;0,000836661579;6.358.459,23;;;;;;;
CE;APUIARES;2300903;0,000201350364;1.530.222,15;;;;;;;
CE;ARACATI;2301109;0,001075193219;8.171.251,58;;;;;;;
CE;ARACOIABA;2301208;0,000512063264;3.891.577,51;;;;;;;
CE;ARARENDA;2301257;0,000408932776;3.107.806,61;;;;;;;
CE;ARNEIROZ;2301505;0,000057737359;438.792,28;;;;;;;
CE;ASSARE;2301604;0,000369847677;2.810.767,74;;;;;;;
CE;AURORA;2301703;0,000263971281;2.006.128,49;;;;;;;
CE;BAIXIO;2301802;0,000089709883;681.777,01;;;;;;;
CE;BANABUIU;2301851;0,000290281935;2.206.084,15;;;;;;;
CE;BARREIRA;2301950;0,000423255057;3.216.653,05;;;;;;;
CE;BARRO;2302008;0,000263721135;2.004.227,43;;;;;;;
CE;BELA CRUZ;2302305;0,000419758601;3.190.080,69;;;;;;;
CE;BOA VIAGEM;2302404;0,000894417038;6.797.389,07;;;;;;;
CE;BREJO SANTO;2302503;0,000866665971;6.586.486,55;;;;;;;
CE;CAMOCIM;2302602;0,000957044539;7.273.345,44;;;;;;;
CE;CANINDE;2302800;0,000636272528;4.835.542,86;;;;;;;
CE;CAPISTRANO;2302909;0,000267104397;2.029.939,54;;;;;;;
CE;CARIDADE;2303006;0,000350770817;2.665.787,45;;;;;;;
CE;CARIRE;2303105;0,000353086661;2.683.387,4;;;;;;;
CE;CARIRIACU;2303204;0,000225588427;1.714.426,54;;;;;;;
CE;CARIUS;2303303;0,000273887488;2.081.489,66;;;;;;;
CE;CARNAUBAL;2303402;0,000180406185;1.371.050,61;;;;;;;
CE;CASCAVEL;2303501;0,001287274695;9.783.028,01;;;;;;;
CE;CATUNDA;2303659;0,000297920145;2.264.133,01;;;;;;;
CE;CAUCAIA;2303709;0,004791115907;36.411.514,42;;;;;;;
CE;CEDRO;2303808;0,000277420418;2.108.339,22;;;;;;;
CE;CHORO;2303931;0,000124041273;942.688,65;;;;;;;
CE;CHOROZINHO;2303956;0,000382362636;2.905.878,9;;;;;;;
CE;COREAU;2304004;0,000583105371;4.431.483,19;;;;;;;
CE;CRATEUS;2304103;0,0012441348;9.455.173,51;;;;;;;
CE;CRATO;2304202;0,001687362134;12.823.611,84;;;;;;;
CE;CROATA;2304236;0,00047127585;3.581.601,39;;;;;;;
CE;CRUZ;2304251;0,000679252191;5.162.179,63;;;;;;;
CE;DEPUTADO IRAPUAN PINHEIRO;2304269;0,000230041766;1.748.271,02;;;;;;;
CE;EUSEBIO;2304285;0,001312197761;9.972.438,29;;;;;;;
CE;FARIAS BRITO;2304301;0,000296610686;2.254.181,38;;;;;;;
CE;FORTIM;2304459;0,000299684387;2.277.540,89;;;;;;;
CE;GRACA;2304657;0,00015445565;1.173.831,78;;;;;;;
CE;GRANJA;2304707;0,000986198792;7.494.911,88;;;;;;;
CE;GRANJEIRO;2304806;0,000104654487;795.352,99;;;;;;;
CE;GROAIRAS;2304905;0,000180006506;1.368.013,13;;;;;;;
CE;GUARACIABA DO NORTE;2305001;0,000864338382;6.568.797,35;;;;;;;
CE;GUARAMIRANGA;2305100;0,00011318879;860.211,97;;;;;;;
CE;HIDROLANDIA;2305209;0,000272639588;2.072.005,87;;;;;;;
CE;IBARETAMA;2305266;0,000113450027;862.197,32;;;;;;;
CE;IBICUITINGA;2305332;0,000136211742;1.035.181,76;;;;;;;
CE;ICO;2305407;0,000847328951;6.439.529,1;;;;;;;
CE;INDEPENDENCIA;2305605;0,000396624378;3.014.265,27;;;;;;;
CE;IPAPORANGA;2305654;0,000260655601;1.980.929,99;;;;;;;
CE;IPAUMIRIM;2305704;0,000192295409;1.461.406,32;;;;;;;
CE;IPU;2305803;0,000700011015;5.319.942,51;;;;;;;
CE;IPUEIRAS;2305902;0,000790327568;6.006.330,09;;;;;;;
CE;IRAUCUBA;2306108;0,000553751285;4.208.398,06;;;;;;;
CE;ITAICABA;2306207;0,000056910890;432.511,28;;;;;;;
CE;ITAITINGA;2306256;0,001024551582;7.786.385,35;;;;;;;
CE;ITAPAJE;2306306;0,000827096851;6.285.769,22;;;;;;;
CE;ITAPIPOCA;2306405;0,002765750411;21.019.145,21;;;;;;;
CE;ITAPIUNA;2306504;0,000256048304;1.945.915,46;;;;;;;
CE;ITAREMA;2306553;0,000640721157;4.869.351,55;;;;;;;
CE;JAGUARETAMA;2306702;0,000153198639;1.164.278,75;;;;;;;
CE;JAGUARIBARA;2306801;0,000124944305;949.551,51;;;;;;;
CE;JAGUARUANA;2307007;0,000251934879;1.914.654,26;;;;;;;
CE;JIJOCA DE JERICOACOARA;2307254;0,00064066794;4.868.947,11;;;;;;;
CE;JUCAS;2307403;0,000419647394;3.189.235,54;;;;;;;
CE;LIMOEIRO DO NORTE;2307601;0,000796403252;6.052.504,06;;;;;;;
CE;MADALENA;2307635;0,000436430072;3.316.780,51;;;;;;;
CE;MARACANAU;2307650;0,002052709095;15.600.175,05;;;;;;;
CE;MARCO;2307809;0,000577225468;4.386.797,12;;;;;;;
CE;MASSAPE;2308005;0,000716537485;5.445.540,35;;;;;;;
CE;MAURITI;2308104;0,000782524201;5.947.026,08;;;;;;;
CE;MERUOCA;2308203;0,00029909846;2.273.087,96;;;;;;;
CE;MILAGRES;2308302;0,000374320542;2.844.760,61;;;;;;;
CE;MILHA;2308351;0,000252935513;1.922.258,88;;;;;;;
CE;MIRAIMA;2308377;0,000221901408;1.686.405,94;;;;;;;
CE;MONSENHOR TABOSA;2308609;0,000361985232;2.751.014,74;;;;;;;
CE;MORAUJO;2308807;0,00018096188;1.375.273,78;;;;;;;
CE;MULUNGU;2309102;0,000110481067;839.633,82;;;;;;;
CE;NOVA OLINDA;2309201;0,000303515568;2.306.657,09;;;;;;;
CE;NOVO ORIENTE;2309409;0,000619028545;4.704.492,07;;;;;;;
CE;OROS;2309508;0,000319914142;2.431.282,95;;;;;;;
CE;PACOTI;2309805;0,00020002974;1.520.185,67;;;;;;;
CE;PALHANO;2310001;0,000071193315;541.054,83;;;;;;;
CE;PALMACIA;2310100;0,000166435676;1.264.877,56;;;;;;;
CE;PARACURU;2310209;0,000762231781;5.792.807,78;;;;;;;
CE;PARAIPABA;2310258;0,000648603689;4.929.257,2;;;;;;;
CE;PARAMBU;2310308;0,000246106663;1.870.360,99;;;;;;;
CE;PARAMOTI;2310407;0,000193534871;1.470.825,98;;;;;;;
CE;PEDRA BRANCA;2310506;0,000685969012;5.213.226,12;;;;;;;
CE;PENAFORTE;2310605;0,000077669036;590.269,01;;;;;;;
CE;PENTECOSTE;2310704;0,000601198719;4.568.988,99;;;;;;;
CE;PEREIRO;2310803;0,00041022602;3.117.635,00;;;;;;;
CE;PINDORETAMA;2310852;0,000412594031;3.135.631,41;;;;;;;
CE;PIQUET CARNEIRO;2310902;0,000273353233;2.077.429,43;;;;;;;
CE;PIRES FERREIRA;2310951;0,000192400104;1.462.201,98;;;;;;;
CE;PORANGA;2311009;0,000299785978;2.278.312,96;;;;;;;
CE;PORTEIRAS;2311108;0,000391887354;2.978.264,84;;;;;;;
CE;POTENGI;2311207;0,000079271897;602.450,43;;;;;;;
CE;POTIRETAMA;2311231;0,000162171247;1.232.468,76;;;;;;;
CE;QUITERIANOPOLIS;2311264;0,000470834328;3.578.245,92;;;;;;;
CE;QUIXADA;2311306;0,001160693824;8.821.038,93;;;;;;;
CE;REDENCAO;2311603;0,000467640553;3.553.973,87;;;;;;;
CE;RERIUTABA;2311702;0,000345326924;2.624.414,96;;;;;;;
CE;SANTA QUITERIA;2312205;0,000653027716;4.962.878,91;;;;;;;
CE;SANTANA DO ACARAU;2312007;0,0004322682;3.285.151,12;;;;;;;
CE;SANTANA DO CARIRI;2312106;0,000287937408;2.188.266,22;;;;;;;
CE;SAO BENEDITO;2312304;0,001020859385;7.758.325,4;;;;;;;
CE;SAO JOAO DO JAGUARIBE;2312502;0,000043461763;330.300,63;;;;;;;
CE;SAO LUIS DO CURU;2312601;0,000189928732;1.443.420,05;;;;;;;
CE;SENADOR POMPEU;2312700;0,000299022013;2.272.506,98;;;;;;;
CE;SENADOR SA;2312809;0,000180049429;1.368.339,34;;;;;;;
CE;SOBRAL;2312908;0,003721870118;28.285.462,12;;;;;;;
CE;SOLONOPOLE;2313005;0,000279143261;2.121.432,47;;;;;;;
CE;TABULEIRO DO NORTE;2313104;0,000178410971;1.355.887,39;;;;;;;
CE;TAMBORIL;2313203;0,000521495996;3.963.264,37;;;;;;;
CE;TAUA;2313302;0,000988995466;7.516.166,04;;;;;;;
CE;TEJUCUOCA;2313351;0,000417386648;3.172.054,33;;;;;;;
CE;TIANGUA;2313401;0,001515158721;11.514.900,64;;;;;;;
CE;TRAIRI;2313500;0,001088139771;8.269.642,76;;;;;;;
CE;UBAJARA;2313609;0,00064926703;4.934.298,46;;;;;;;
CE;UMARI;2313708;0,000098351445;747.451,14;;;;;;;
CE;UMIRIM;2313757;0,000173731255;1.320.322,49;;;;;;;
CE;URUBURETAMA;2313807;0,000410259112;3.117.886,49;;;;;;;
CE;VARJOTA;2313955;0,000380412607;2.891.059,08;;;;;;;
CE;VARZEA ALEGRE;2314003;0,000657821482;4.999.310,57;;;;;;;
ES;AFONSO CLAUDIO;3200102;0,000366277643;2.783.636,2;;;;;;;
ES;AGUA DOCE DO NORTE;3200169;0,000154776044;1.176.266,71;;;;;;;
ES;AGUIA BRANCA;3200136;0,000141357519;1.074.288,63;;;;;;;
ES;ALEGRE;3200201;0,000231939329;1.762.692,11;;;;;;;
ES;ALTO RIO NOVO;3200359;0,000090399953;687.021,41;;;;;;;
ES;ANCHIETA;3200409;0,000601168873;4.568.762,17;;;;;;;
ES;BOM JESUS DO NORTE;3201100;0,000109128255;829.352,72;;;;;;;
ES;BREJETUBA;3201159;0,000086292672;655.806,9;;;;;;;
ES;CACHOEIRO DE ITAPEMIRIM;3201209;0,002333622237;17.735.058,26;;;;;;;
ES;CASTELO;3201407;0,000476044983;3.617.845,84;;;;;;;
ES;CONCEICAO DO CASTELO;3201704;0,000152754808;1.160.905,73;;;;;;;
ES;DIVINO DE SAO LOURENCO;3201803;0,000045026103;342.189,3;;;;;;;
ES;DORES DO RIO PRETO;3202009;0,000089695822;681.670,15;;;;;;;
ES;ECOPORANGA;3202108;0,000205404581;1.561.033,38;;;;;;;
ES;GOVERNADOR LINDENBERG;3202256;0,000140090921;1.064.662,74;;;;;;;
ES;GUARAPARI;3202405;0,002041296616;15.513.442,51;;;;;;;
ES;ICONHA;3202603;0,000157064594;1.193.659,23;;;;;;;
ES;ITAGUACU;3202702;0,000136277413;1.035.680,85;;;;;;;
ES;ITAPEMIRIM;3202801;0,00034349475;2.610.490,81;;;;;;;
ES;ITARANA;3202900;0,000121375815;922.431,71;;;;;;;
ES;IUNA;3203007;0,000300789633;2.285.940,54;;;;;;;
ES;JAGUARE;3203056;0,000548130297;4.165.679,69;;;;;;;
ES;JERONIMO MONTEIRO;3203106;0,000136386933;1.036.513,18;;;;;;;
ES;LINHARES;3203205;0,002554139948;19.410.948,38;;;;;;;
ES;MANTENOPOLIS;3203304;0,000163448445;1.242.175,21;;;;;;;
ES;MONTANHA;3203502;0,000132399955;1.006.212,95;;;;;;;
ES;MUNIZ FREIRE;3203700;0,000247904859;1.884.026,92;;;;;;;
ES;NOVA VENECIA;3203908;0,000732858058;5.569.573,41;;;;;;;
ES;PEDRO CANARIO;3204054;0,000273001709;2.074.757,92;;;;;;;
ES;PINHEIROS;3204104;0,000347860837;2.643.672,19;;;;;;;
ES;PIUMA;3204203;0,000425657003;3.234.907,36;;;;;;;
ES;PONTO BELO;3204252;0,000088978273;676.216,93;;;;;;;
ES;RIO NOVO DO SUL;3204401;0,000124225547;944.089,1;;;;;;;
ES;SANTA LEOPOLDINA;3204500;0,000131821451;1.001.816,44;;;;;;;
ES;SANTA MARIA DE JETIBA;3204559;0,000420811484;3.198.082,39;;;;;;;
ES;SANTA TERESA;3204609;0,000289481709;2.200.002,59;;;;;;;
ES;SAO DOMINGOS DO NORTE;3204658;0,000133036331;1.011.049,28;;;;;;;
ES;SAO GABRIEL DA PALHA;3204708;0,000198089104;1.505.437,23;;;;;;;
ES;SAO ROQUE DO CANAA;3204955;0,000153890751;1.169.538,66;;;;;;;
ES;VENDA NOVA DO IMIGRANTE;3205069;0,000308502888;2.344.559,72;;;;;;;
ES;VILA PAVAO;3205150;0,000065611564;498.634,65;;;;;;;
ES;VITORIA;3205309;0,003793703304;28.831.379,84;;;;;;;
GO;ABADIA DE GOIAS;5200050;0,000322267574;2.449.168,56;;;;;;;
GO;AGUA LIMPA;5200209;0,000010548403;80.165,73;;;;;;;
GO;ALEXANIA;5200308;0,000325166176;2.471.197,34;;;;;;;
GO;ALOANDIA;5200506;0,000005460318;41.497,32;;;;;;;
GO;ALTO PARAISO DE GOIAS;5200605;0,000105175997;799.316,36;;;;;;;
GO;AMARALINA;5200829;0,000027316013;207.596,19;;;;;;;
GO;ANHANGUERA;5201207;0,000004766126;36.221,6;;;;;;;
GO;ANICUNS;5201306;0,000152097962;1.155.913,83;;;;;;;
GO;APARECIDA DE GOIANIA;5201405;0,004594403002;34.916.536,03;;;;;;;
GO;APARECIDA DO RIO DOCE;5201454;0,000026102318;198.372,35;;;;;;;
GO;ARACU;5201603;0,000014681690;111.577,88;;;;;;;
GO;ARAGARCAS;5201702;0,000097867773;743.775,33;;;;;;;
GO;ARAGOIANIA;5201801;0,000132969802;1.010.543,67;;;;;;;
GO;ARUANA;5202502;0,000049121519;373.313,64;;;;;;;
GO;AVELINOPOLIS;5202809;0,000020237743;153.802,76;;;;;;;
GO;BONFINOPOLIS;5203559;0,000118749605;902.473,04;;;;;;;
GO;BRITANIA;5203807;0,000082054320;623.596,28;;;;;;;
GO;BURITI DE GOIAS;5203939;0,000038423950;292.014,27;;;;;;;
GO;CABECEIRAS;5204003;0,000081744519;621.241,85;;;;;;;
GO;CACHOEIRA DOURADA;5204250;0,000081091249;616.277,13;;;;;;;
GO;CACU;5204300;0,000147732019;1.122.733,54;;;;;;;
GO;CALDAS NOVAS;5204508;0,00103110797;7.836.212,58;;;;;;;
GO;CALDAZINHA;5204557;0,000051489421;391.309,21;;;;;;;
GO;CAMPESTRE DE GOIAS;5204607;0,000057254839;435.125,23;;;;;;;
GO;CAMPINACU;5204656;0,000050799876;386.068,81;;;;;;;
GO;CAMPINORTE;5204706;0,000127843497;971.584,79;;;;;;;
GO;CAMPO LIMPO DE GOIAS;5204854;0,000113361722;861.526,22;;;;;;;
GO;CARMO DO RIO VERDE;5205000;0,000076527207;581.591,34;;;;;;;
GO;CASTELANDIA;5205059;0,000037530027;285.220,63;;;;;;;
GO;CATALAO;5205109;0,000859161423;6.529.453,5;;;;;;;
GO;CAVALCANTE;5205307;0,000107063651;813.662,15;;;;;;;
GO;CERES;5205406;0,000084732782;643.952,05;;;;;;;
GO;CEZARINA;5205455;0,000086339235;656.160,77;;;;;;;
GO;COCALZINHO DE GOIAS;5205513;0,000279667379;2.125.415,67;;;;;;;
GO;COLINAS DO SUL;5205521;0,000042079136;319.792,95;;;;;;;
GO;CORREGO DO OURO;5205703;0,000024674522;187.521,39;;;;;;;
GO;CORUMBA DE GOIAS;5205802;0,000034452399;261.831,28;;;;;;;
GO;CORUMBAIBA;5205901;0,000061063677;464.071,63;;;;;;;
GO;CRISTIANOPOLIS;5206305;0,000065571607;498.330,99;;;;;;;
GO;CUMARI;5206602;0,000012604770;95.793,71;;;;;;;
GO;DAMIANOPOLIS;5206701;0,000040506338;307.840,00;;;;;;;
GO;DAMOLANDIA;5206800;0,000037000723;281.198,03;;;;;;;
GO;DOVERLANDIA;5207253;0,000040965625;311.330,49;;;;;;;
GO;EDEALINA;5207352;0,000058101966;441.563,22;;;;;;;
GO;ESTRELA DO NORTE;5207501;0,000048531340;368.828,39;;;;;;;
GO;FAINA;5207535;0,000058531377;444.826,66;;;;;;;
GO;FAZENDA NOVA;5207600;0,000022616607;171.881,65;;;;;;;
GO;FLORES DE GOIAS;5207907;0,000116305082;883.895,16;;;;;;;
GO;FORMOSA;5208004;0,001175699923;8.935.082,25;;;;;;;
GO;GAMELEIRA DE GOIAS;5208152;0,000070565424;536.282,99;;;;;;;
GO;GOIANAPOLIS;5208400;0,000153325683;1.165.244,26;;;;;;;
GO;GOIANESIA;5208608;0,000822935045;6.254.140,34;;;;;;;
GO;GOIANIA;5208707;0,005373018704;40.833.858,3;;;;;;;
GO;GOIANIRA;5208806;0,000868592527;6.601.127,99;;;;;;;
GO;GOIÁS;52;0,047498449511;360.978.634,85;;;;;;;
GO;GOIATUBA;5209101;0,00031144852;2.366.945,93;;;;;;;
GO;GOUVELANDIA;5209150;0,000063723240;484.283,77;;;;;;;
GO;GUAPO;5209200;0,000214811;1.632.520,27;;;;;;;
GO;GUARAITA;5209291;0,000018144744;137.896,39;;;;;;;
GO;GUARANI DE GOIAS;5209408;0,000040410123;307.108,78;;;;;;;
GO;GUARINOS;5209457;0,000014279803;108.523,62;;;;;;;
GO;HEITORAI;5209606;0,000033521261;254.754,82;;;;;;;
GO;HIDROLANDIA;5209705;0,00019245234;1.462.598,96;;;;;;;
GO;INHUMAS;5210000;0,000459276578;3.490.409,35;;;;;;;
GO;IPAMERI;5210109;0,000289602838;2.200.923,15;;;;;;;
GO;IPORA;5210208;0,00035640981;2.708.642,66;;;;;;;
GO;ITAGUARU;5210604;0,000037666571;286.258,34;;;;;;;
GO;ITAPURANGA;5211206;0,000198639499;1.509.620,12;;;;;;;
GO;ITARUMA;5211305;0,000069023573;524.565,23;;;;;;;
GO;ITAUCU;5211404;0,000077430798;588.458,45;;;;;;;
GO;JARAGUA;5211800;0,000213156368;1.619.945,4;;;;;;;
GO;JESUPOLIS;5212055;0,000025670399;195.089,85;;;;;;;
GO;JUSSARA;5212204;0,000175310968;1.332.327,99;;;;;;;
GO;LAGOA SANTA;5212253;0,000020371107;154.816,3;;;;;;;
GO;LEOPOLDO DE BULHOES;5212303;0,000085761744;651.771,95;;;;;;;
GO;MAMBAI;5212709;0,000101934834;774.684,18;;;;;;;
GO;MARA ROSA;5212808;0,000118636966;901.617,01;;;;;;;
GO;MARZAGAO;5212907;0,000015940507;121.144,64;;;;;;;
GO;MATRINCHA;5212956;0,000045170565;343.287,18;;;;;;;
GO;MAURILANDIA;5213004;0,00013202542;1.003.366,56;;;;;;;
GO;MIMOSO DE GOIAS;5213053;0,000026780069;203.523,12;;;;;;;
GO;MINACU;5213087;0,000317871461;2.415.758,98;;;;;;;
GO;MOIPORA;5213400;0,000006274032;47.681,38;;;;;;;
GO;MONTE ALEGRE DE GOIAS;5213509;0,000064237410;488.191,36;;;;;;;
GO;MONTES CLAROS DE GOIAS;5213707;0,000078098136;593.530,08;;;;;;;
GO;MONTIVIDIU;5213756;0,000188472887;1.432.355,92;;;;;;;
GO;MONTIVIDIU DO NORTE;5213772;0,000045371003;344.810,47;;;;;;;
GO;MORRO AGUDO DE GOIAS;5213855;0,000032522000;247.160,64;;;;;;;
GO;MOSSAMEDES;5213905;0,000030739028;233.610,41;;;;;;;
GO;MOZARLANDIA;5214002;0,000091880551;698.273,65;;;;;;;
GO;MUNDO NOVO;5214051;0,000061835845;469.939,95;;;;;;;
GO;MUTUNOPOLIS;5214101;0,000018211236;138.401,72;;;;;;;
GO;NAZARIO;5214408;0,000047762577;362.985,95;;;;;;;
GO;NEROPOLIS;5214507;0,000362042578;2.751.450,56;;;;;;;
GO;NIQUELANDIA;5214606;0,000294106112;2.235.147,12;;;;;;;
GO;NOVA AMERICA;5214705;0,000028341123;215.386,82;;;;;;;
GO;NOVA AURORA;5214804;0,000008760312;66.576,6;;;;;;;
GO;NOVA CRIXAS;5214838;0,000129154592;981.548,85;;;;;;;
GO;NOVA GLORIA;5214861;0,000030979817;235.440,36;;;;;;;
GO;NOVA ROMA;5214903;0,000014924723;113.424,88;;;;;;;
GO;NOVA VENEZA;5215009;0,000096392835;732.566,1;;;;;;;
GO;NOVO PLANALTO;5215256;0,000041260478;313.571,31;;;;;;;
GO;ORIZONA;5215306;0,000174763948;1.328.170,75;;;;;;;
GO;OURO VERDE DE GOIAS;5215405;0,000053631474;407.588,38;;;;;;;
GO;PADRE BERNARDO;5215603;0,0003898227;2.962.573,88;;;;;;;
GO;PALMELO;5215801;0,000007933706;60.294,57;;;;;;;
GO;PARANAIGUARA;5216304;0,000095642824;726.866,17;;;;;;;
GO;PARAUNA;5216403;0,000065233642;495.762,52;;;;;;;
GO;PEROLANDIA;5216452;0,000044138380;335.442,78;;;;;;;
GO;PETROLINA DE GOIAS;5216809;0,000048938573;371.923,28;;;;;;;
GO;PILAR DE GOIAS;5216908;0,000019574726;148.763,97;;;;;;;
GO;PIRACANJUBA;5217104;0,0001049131;797.318,4;;;;;;;
GO;PIRES DO RIO;5217401;0,000213793894;1.624.790,47;;;;;;;
GO;PLANALTINA;5217609;0,00163278006;12.408.799,09;;;;;;;
GO;PONTALINA;5217708;0,000168779376;1.282.689,21;;;;;;;
GO;PORANGATU;5218003;0,000429949522;3.267.529,64;;;;;;;
GO;PORTEIRAO;5218052;0,000025455656;193.457,85;;;;;;;
GO;POSSE;5218300;0,000398665804;3.029.779,69;;;;;;;
GO;QUIRINOPOLIS;5218508;0,000547854475;4.163.583,5;;;;;;;
GO;RIALMA;5218607;0,000113539467;862.877,05;;;;;;;
GO;RIO QUENTE;5218789;0,000076669192;582.670,39;;;;;;;
GO;RIO VERDE;5218805;0,001539611506;11.700.736,87;;;;;;;
GO;RUBIATABA;5218904;0,000208350735;1.583.423,56;;;;;;;
GO;SANCLERLANDIA;5219001;0,000037190268;282.638,53;;;;;;;
GO;SANTA BARBARA DE GOIAS;5219100;0,000072327004;549.670,64;;;;;;;
GO;SANTA CRUZ DE GOIAS;5219209;0,000019075043;144.966,48;;;;;;;
GO;SANTA FE DE GOIAS;5219258;0,000054666781;415.456,51;;;;;;;
GO;SANTA HELENA DE GOIAS;5219308;0,000181487;1.379.264,59;;;;;;;
GO;SANTA ISABEL;5219357;0,000031965126;242.928,51;;;;;;;
GO;SANTA RITA DO ARAGUAIA;5219407;0,000068918098;523.763,64;;;;;;;
GO;SANTA RITA DO NOVO DESTINO;5219456;0,000021999418;167.191,14;;;;;;;
GO;SANTA ROSA DE GOIAS;5219506;0,000014262765;108.394,14;;;;;;;
GO;SANTA TEREZA DE GOIAS;5219605;0,000035307736;268.331,67;;;;;;;
GO;SANTA TEREZINHA DE GOIAS;5219704;0,000119379665;907.261,37;;;;;;;
GO;SANTO ANTONIO DE GOIAS;5219738;0,000045902339;348.848,52;;;;;;;
GO;SANTO ANTONIO DO DESCOBERTO;5219753;0,000421903739;3.206.383,31;;;;;;;
GO;SAO DOMINGOS;5219803;0,000107320362;815.613,1;;;;;;;
GO;SAO FRANCISCO DE GOIAS;5219902;0,000065645471;498.892,34;;;;;;;
GO;SAO JOAO DALIANCA;5220009;0,000169872017;1.290.993,06;;;;;;;
GO;SAO MIGUEL DO ARAGUAIA;5220207;0,000230821878;1.754.199,71;;;;;;;
GO;SAO PATRICIO;5220280;0,000018795544;142.842,34;;;;;;;
GO;SERRANOPOLIS;5220504;0,000086492474;657.325,36;;;;;;;
GO;SILVANIA;5220603;0,000212287109;1.613.339,21;;;;;;;
GO;SIMOLANDIA;5220686;0,000057628342;437.963,77;;;;;;;
GO;TAQUARAL DE GOIAS;5221007;0,000033354855;253.490,17;;;;;;;
GO;TEREZOPOLIS DE GOIAS;5221197;0,000081646794;620.499,16;;;;;;;
GO;TRES RANCHOS;5221304;0,000014124899;107.346,38;;;;;;;
GO;TROMBAS;5221452;0,000035303141;268.296,75;;;;;;;
GO;TURVANIA;5221502;0,000048193374;366.259,92;;;;;;;
GO;TURVELANDIA;5221551;0,000073406941;557.877,94;;;;;;;
GO;UIRAPURU;5221577;0,000031641119;240.466,12;;;;;;;
GO;URUACU;5221601;0,000343874735;2.613.378,62;;;;;;;
GO;URUANA;5221700;0,000130014968;988.087,53;;;;;;;
GO;VARJAO;5221908;0,000036171697;274.897,6;;;;;;;
GO;VICENTINOPOLIS;5222054;0,000069583725;528.822,27;;;;;;;
GO;VILA BOA;5222203;0,000064444081;489.762,02;;;;;;;
GO;VILA PROPICIO;5222302;0,000072837071;553.547,05;;;;;;;
MA;AFONSO CUNHA;2100105;0,000217343289;1.651.765,15;;;;;;;
MA;ALDEIAS ALTAS;2100303;0,000602556979;4.579.311,49;;;;;;;
MA;ALTO ALEGRE DO MARANHAO;2100436;0,000377686626;2.870.342,17;;;;;;;
MA;ALTO ALEGRE DO PINDARE;2100477;0,000632286746;4.805.251,72;;;;;;;
MA;AMAPA DO MARANHAO;2100550;0,000212563011;1.615.436,01;;;;;;;
MA;AMARANTE DO MARANHAO;2100600;0,000653358536;4.965.393,08;;;;;;;
MA;ANAJATUBA;2100709;0,000411915396;3.130.473,92;;;;;;;
MA;APICUM-ACU;2100832;0,000357052828;2.713.529,47;;;;;;;
MA;ARAIOSES;2100907;0,000696257244;5.291.414,6;;;;;;;
MA;ARAME;2100956;0,000408642829;3.105.603,07;;;;;;;
MA;ARARI;2101004;0,000522151969;3.968.249,64;;;;;;;
MA;AXIXA;2101103;0,000220873564;1.678.594,53;;;;;;;
MA;BACABAL;2101202;0,00157498376;11.969.558,87;;;;;;;
MA;BACABEIRA;2101251;0,00033552725;2.549.939,42;;;;;;;
MA;BACURI;2101301;0,000189688855;1.441.597,03;;;;;;;
MA;BACURITUBA;2101350;0,000104251091;792.287,26;;;;;;;
MA;BALSAS;2101400;0,001472902329;11.193.760,58;;;;;;;
MA;BARAO DE GRAJAU;2101509;0,000125907731;956.873,36;;;;;;;
MA;BARRA DO CORDA;2101608;0,000733983127;5.578.123,71;;;;;;;
MA;BARREIRINHAS;2101707;0,001254320694;9.532.584,25;;;;;;;
MA;BELA VISTA DO MARANHAO;2101772;0,000314571232;2.390.677,91;;;;;;;
MA;BELAGUA;2101731;0,00028798707;2.188.643,64;;;;;;;
MA;BEQUIMAO;2101905;0,000230946628;1.755.147,79;;;;;;;
MA;BERNARDO DO MEARIM;2101939;0,000032505182;247.032,83;;;;;;;
MA;BOA VISTA DO GURUPI;2101970;0,000204825713;1.556.634,1;;;;;;;
MA;BOM JARDIM;2102002;0,000709337916;5.390.825,07;;;;;;;
MA;BOM JESUS DAS SELVAS;2102036;0,000628868305;4.779.272,26;;;;;;;
MA;BOM LUGAR;2102077;0,000231679597;1.760.718,2;;;;;;;
MA;BREJO;2102101;0,000660330067;5.018.375,31;;;;;;;
MA;BREJO DE AREIA;2102150;0,000182952781;1.390.404,23;;;;;;;
MA;BURITI BRAVO;2102309;0,000212623087;1.615.892,57;;;;;;;
MA;BURITICUPU;2102325;0,00109065773;8.288.778,74;;;;;;;
MA;BURITIRANA;2102358;0,000208120853;1.581.676,5;;;;;;;
MA;CACHOEIRA GRANDE;2102374;0,000204688834;1.555.593,85;;;;;;;
MA;CAJAPIO;2102408;0,000143974539;1.094.177,45;;;;;;;
MA;CAJARI;2102507;0,000304002226;2.310.355,59;;;;;;;
MA;CANDIDO MENDES;2102606;0,000507559058;3.857.346,46;;;;;;;
MA;CANTANHEDE;2102705;0,000463260731;3.520.688,11;;;;;;;
MA;CAPINZAL DO NORTE;2102754;0,000191979539;1.459.005,77;;;;;;;
MA;CAROLINA;2102804;0,000335930731;2.553.005,79;;;;;;;
MA;CARUTAPERA;2102903;0,000256076607;1.946.130,56;;;;;;;
MA;CAXIAS;2103000;0,002373526664;18.038.323,86;;;;;;;
MA;CENTRAL DO MARANHAO;2103125;0,000166838358;1.267.937,87;;;;;;;
MA;CENTRO DO GUILHERME;2103158;0,000203190034;1.544.203,27;;;;;;;
MA;CENTRO NOVO DO MARANHAO;2103174;0,000499276824;3.794.403,15;;;;;;;
MA;CHAPADINHA;2103208;0,001320894034;10.038.528,21;;;;;;;
MA;CIDELANDIA;2103257;0,000109675562;833.512,15;;;;;;;
MA;COLINAS;2103505;0,000645818126;4.908.087,48;;;;;;;
MA;CONCEICAO DO LAGO-ACU;2103554;0,000385126238;2.926.881,72;;;;;;;
MA;COROATA;2103604;0,001054855184;8.016.686,61;;;;;;;
MA;CURURUPU;2103703;0,000468288361;3.558.897,08;;;;;;;
MA;DOM PEDRO;2103802;0,000166781384;1.267.504,88;;;;;;;
MA;DUQUE BACELAR;2103901;0,000312957394;2.378.413,06;;;;;;;
MA;ESPERANTINOPOLIS;2104008;0,000307826862;2.339.422,06;;;;;;;
MA;FERNANDO FALCAO;2104081;0,000176139221;1.338.622,55;;;;;;;
MA;FORTALEZA DOS NOGUEIRAS;2104107;0,00024436819;1.857.148,95;;;;;;;
MA;FORTUNA;2104206;0,000333454087;2.534.183,8;;;;;;;
MA;GODOFREDO VIANA;2104305;0,000246076713;1.870.133,38;;;;;;;
MA;GONCALVES DIAS;2104404;0,000266704937;2.026.903,72;;;;;;;
MA;GOVERNADOR ARCHER;2104503;0,000171139362;1.300.624,63;;;;;;;
MA;GOVERNADOR EDISON LOBAO;2104552;0,00016583517;1.260.313,84;;;;;;;
MA;GOVERNADOR EUGENIO BARROS;2104602;0,000213483684;1.622.432,93;;;;;;;
MA;GOVERNADOR LUIZ ROCHA;2104628;0,000137704595;1.046.527,14;;;;;;;
MA;GOVERNADOR NUNES FREIRE;2104677;0,000653751526;4.968.379,72;;;;;;;
MA;GRAJAU;2104800;0,001441638033;10.956.158,24;;;;;;;
MA;GUIMARAES;2104909;0,000151517775;1.151.504,53;;;;;;;
MA;HUMBERTO DE CAMPOS;2105005;0,000557013495;4.233.190,2;;;;;;;
MA;ICATU;2105104;0,000422075788;3.207.690,85;;;;;;;
MA;IGARAPE DO MEIO;2105153;0,000380450497;2.891.347,03;;;;;;;
MA;IGARAPE GRANDE;2105203;0,000188218877;1.430.425,5;;;;;;;
MA;IMPERATRIZ;2105302;0,003538445293;26.891.470,45;;;;;;;
MA;ITAIPAVA DO GRAJAU;2105351;0,000253511918;1.926.639,44;;;;;;;
MA;ITAPECURU MIRIM;2105401;0,00122093832;9.278.884,94;;;;;;;
MA;ITINGA DO MARANHAO;2105427;0,000180015957;1.368.084,96;;;;;;;
MA;JATOBA;2105450;0,000182031292;1.383.401,1;;;;;;;
MA;JENIPAPO DOS VIEIRAS;2105476;0,000282046828;2.143.499,00;;;;;;;
MA;JOAO LISBOA;2105500;0,000453622979;3.447.443,14;;;;;;;
MA;JOSELANDIA;2105609;0,000112184186;852.577,18;;;;;;;
MA;JUNCO DO MARANHAO;2105658;0,000146777356;1.115.478,3;;;;;;;
MA;LAGO DA PEDRA;2105708;0,000638965599;4.856.009,66;;;;;;;
MA;LAGO DOS RODRIGUES;2105948;0,000162215343;1.232.803,88;;;;;;;
MA;LAGO VERDE;2105906;0,000245474497;1.865.556,66;;;;;;;
MA;LAGOA DO MATO;2105922;0,000189285897;1.438.534,63;;;;;;;
MA;LAGOA GRANDE DO MARANHAO;2105963;0,000203495962;1.546.528,26;;;;;;;
MA;LAJEADO NOVO;2105989;0,000169528301;1.288.380,89;;;;;;;
MA;LIMA CAMPOS;2106003;0,000223959624;1.702.047,97;;;;;;;
MA;LORETO;2106102;0,000184859424;1.404.894,33;;;;;;;
MA;LUIS DOMINGUES;2106201;0,000140715439;1.069.408,95;;;;;;;
MA;MARACACUME;2106326;0,000417221726;3.170.800,96;;;;;;;
MA;MARAJA DO SENA;2106359;0,000160077485;1.216.556,6;;;;;;;
MA;MARANHÃO;21;0,0308045551;234.108.404,83;;;;;;;
MA;MATA ROMA;2106409;0,000360905408;2.742.808,3;;;;;;;
MA;MATINHA;2106508;0,000192969588;1.466.529,94;;;;;;;
MA;MATOES DO NORTE;2106631;0,000283934708;2.157.846,51;;;;;;;
MA;MILAGRES DO MARANHAO;2106672;0,000230323758;1.750.414,1;;;;;;;
MA;MIRADOR;2106706;0,000318123572;2.417.674,97;;;;;;;
MA;MIRANDA DO NORTE;2106755;0,000323411446;2.457.861,75;;;;;;;
MA;MIRINZAL;2106805;0,000102529053;779.200,12;;;;;;;
MA;MONCAO;2106904;0,00055832169;4.243.132,22;;;;;;;
MA;MONTES ALTOS;2107001;0,000143795979;1.092.820,43;;;;;;;
MA;MORROS;2107100;0,000391657135;2.976.515,22;;;;;;;
MA;NINA RODRIGUES;2107209;0,000267113296;2.030.007,17;;;;;;;
MA;NOVA COLINAS;2107258;0,000047904906;364.067,62;;;;;;;
MA;NOVA IORQUE;2107308;0,000061662085;468.619,41;;;;;;;
MA;NOVA OLINDA DO MARANHAO;2107357;0,000171213333;1.301.186,79;;;;;;;
MA;OLHO DAGUA DAS CUNHAS;2107407;0,000351001847;2.667.543,23;;;;;;;
MA;OLINDA NOVA DO MARANHAO;2107456;0,000228560388;1.737.012,84;;;;;;;
MA;PACO DO LUMIAR;2107506;0,002133983031;16.217.840,57;;;;;;;
MA;PALMEIRANDIA;2107605;0,000131718443;1.001.033,6;;;;;;;
MA;PARAIBANO;2107704;0,000145134452;1.102.992,56;;;;;;;
MA;PARNARAMA;2107803;0,000700886079;5.326.592,82;;;;;;;
MA;PASTOS BONS;2108009;0,000465088341;3.534.577,57;;;;;;;
MA;PAULINO NEVES;2108058;0,000405026945;3.078.123,08;;;;;;;
MA;PAULO RAMOS;2108108;0,000408581907;3.105.140,07;;;;;;;
MA;PEDREIRAS;2108207;0,00046431815;3.528.724,28;;;;;;;
MA;PEDRO DO ROSARIO;2108256;0,00057925356;4.402.210,21;;;;;;;
MA;PENALVA;2108306;0,000654775649;4.976.162,85;;;;;;;
MA;PERI MIRIM;2108405;0,000083776177;636.682,05;;;;;;;
MA;PERITORO;2108454;0,000499991045;3.799.831,08;;;;;;;
MA;PINDARE MIRIM;2108504;0,000705831994;5.364.180,77;;;;;;;
MA;PIO XII;2108702;0,000496224171;3.771.203,6;;;;;;;
MA;POCAO DE PEDRAS;2108900;0,000299754951;2.278.077,16;;;;;;;
MA;PORTO FRANCO;2109007;0,00053711904;4.081.996,36;;;;;;;
MA;PORTO RICO DO MARANHAO;2109056;0,000105180299;799.349,06;;;;;;;
MA;PRESIDENTE DUTRA;2109106;0,000645824153;4.908.133,29;;;;;;;
MA;PRESIDENTE JUSCELINO;2109205;0,000116723178;887.072,61;;;;;;;
MA;PRESIDENTE MEDICI;2109239;0,00012389299;941.561,73;;;;;;;
MA;PRESIDENTE SARNEY;2109270;0,000204412189;1.553.491,4;;;;;;;
MA;PRESIDENTE VARGAS;2109304;0,00025617497;1.946.878,1;;;;;;;
MA;PRIMEIRA CRUZ;2109403;0,000273034181;2.075.004,7;;;;;;;
MA;RAPOSA;2109452;0,000521929617;3.966.559,81;;;;;;;
MA;RIACHAO;2109502;0,000342957463;2.606.407,54;;;;;;;
MA;RIBAMAR FIQUENE;2109551;0,00013227505;1.005.263,7;;;;;;;
MA;SAMBAIBA;2109700;0,000089663754;681.426,44;;;;;;;
MA;SANTA HELENA;2109809;0,000863089669;6.559.307,38;;;;;;;
MA;SANTA INES;2109908;0,001330477384;10.111.359,73;;;;;;;
MA;SANTA LUZIA;2110005;0,00121530223;9.236.051,8;;;;;;;
MA;SANTA LUZIA DO PARUA;2110039;0,000403847296;3.069.157,99;;;;;;;
MA;SANTA QUITERIA DO MARANHAO;2110104;0,000655229602;4.979.612,8;;;;;;;
MA;SANTANA DO MARANHAO;2110237;0,000173307968;1.317.105,6;;;;;;;
MA;SANTO AMARO DO MARANHAO;2110278;0,000238360819;1.811.494,14;;;;;;;
MA;SANTO ANTONIO DOS LOPES;2110302;0,000286412021;2.176.673,58;;;;;;;
MA;SAO BENEDITO DO RIO PRETO;2110401;0,000438992458;3.336.254,13;;;;;;;
MA;SAO BENTO;2110500;0,000645382863;4.904.779,57;;;;;;;
MA;SAO BERNARDO;2110609;0,000330109872;2.508.768,44;;;;;;;
MA;SAO DOMINGOS DO AZEITAO;2110658;0,000140251692;1.065.884,57;;;;;;;
MA;SAO DOMINGOS DO MARANHAO;2110708;0,000599341601;4.554.875,27;;;;;;;
MA;SAO FELIX DE BALSAS;2110807;0,000029163872;221.639,54;;;;;;;
MA;SAO FRANCISCO DO MARANHAO;2110906;0,000213782017;1.624.700,2;;;;;;;
MA;SAO JOAO DO CARU;2111029;0,000260969355;1.983.314,45;;;;;;;
MA;SAO JOAO DO PARAISO;2111052;0,000202986003;1.542.652,68;;;;;;;
MA;SAO JOAO DO SOTER;2111078;0,000372691099;2.832.377,17;;;;;;;
MA;SAO JOAO DOS PATOS;2111102;0,000408555239;3.104.937,4;;;;;;;
MA;SAO JOSE DOS BASILIOS;2111250;0,000114879677;873.062,37;;;;;;;
MA;SAO LUIS GONZAGA DO MARANHAO;2111409;0,000187686692;1.426.381,00;;;;;;;
MA;SAO MATEUS DO MARANHAO;2111508;0,000700926472;5.326.899,8;;;;;;;
MA;SAO PEDRO DA AGUA BRANCA;2111532;0,000099027901;752.592,07;;;;;;;
MA;SAO PEDRO DOS CRENTES;2111573;0,000088719804;674.252,61;;;;;;;
MA;SAO ROBERTO;2111672;0,000100005273;760.019,9;;;;;;;
MA;SAO VICENTE FERRER;2111706;0,000307238569;2.334.951,15;;;;;;;
MA;SATUBINHA;2111722;0,000243880535;1.853.442,87;;;;;;;
MA;SENADOR ALEXANDRE COSTA;2111748;0,000204600378;1.554.921,6;;;;;;;
MA;SENADOR LA ROCQUE;2111763;0,000118632051;901.579,66;;;;;;;
MA;SERRANO DO MARANHAO;2111789;0,000154454179;1.173.820,6;;;;;;;
MA;TASSO FRAGOSO;2112001;0,000187908883;1.428.069,61;;;;;;;
MA;TIMBIRAS;2112100;0,00048588172;3.692.603,06;;;;;;;
MA;TIMON;2112209;0,003056735958;23.230.576,67;;;;;;;
MA;TRIZIDELA DO VALE;2112233;0,00041643064;3.164.788,86;;;;;;;
MA;TUFILANDIA;2112274;0,000115841904;880.375,1;;;;;;;
MA;TUNTUM;2112308;0,000612218233;4.652.735,07;;;;;;;
MA;TURILANDIA;2112456;0,000628475874;4.776.289,87;;;;;;;
MA;TUTOIA;2112506;0,001052019674;7.995.137,31;;;;;;;
MA;URBANO SANTOS;2112605;0,000707528678;5.377.075,23;;;;;;;
MA;VARGEM GRANDE;2112704;0,001415005259;10.753.754,53;;;;;;;
MA;VIANA;2112803;0,000954496781;7.253.982,99;;;;;;;
MA;VITORIA DO MEARIM;2112902;0,000459893969;3.495.101,39;;;;;;;
MA;VITORINO FREIRE;2113009;0,000522026521;3.967.296,26;;;;;;;
MA;ZE DOCA;2114007;0,000584774566;4.444.168,74;;;;;;;
MG;AIMORES;3101102;0,000099096799;753.115,68;;;;;;;
MG;AIURUOCA;3101201;0,000019654289;149.368,63;;;;;;;
MG;ALBERTINA;3101409;0,000024051419;182.785,93;;;;;;;
MG;ALFREDO VASCONCELOS;3101631;0,000028161162;214.019,15;;;;;;;
MG;ALMENARA;3101706;0,000389052727;2.956.722,25;;;;;;;
MG;ALTEROSA;3102001;0,000068505793;520.630,21;;;;;;;
MG;ALTO RIO DOCE;3102100;0,000037684080;286.391,41;;;;;;;
MG;ALVORADA DE MINAS;3102407;0,000017425539;132.430,58;;;;;;;
MG;AMPARO DO SERRA;3102506;0,000037104773;281.988,79;;;;;;;
MG;ANDRADAS;3102605;0,000156402912;1.188.630,58;;;;;;;
MG;ANDRELANDIA;3102803;0,000119021646;904.540,5;;;;;;;
MG;ANTONIO PRADO DE MINAS;3103108;0,000015654308;118.969,58;;;;;;;
MG;ARACAI;3103207;0,000032844897;249.614,59;;;;;;;
MG;ARACITABA;3103306;0,000007312079;55.570,33;;;;;;;
MG;ARACUAI;3103405;0,000178515042;1.356.678,31;;;;;;;
MG;ARAPONGA;3103702;0,000040373130;306.827,64;;;;;;;
MG;ARAPUA;3103801;0,000011015600;83.716,34;;;;;;;
MG;ARAXA;3104007;0,001229808549;9.346.296,89;;;;;;;
MG;ASTOLFO DUTRA;3104601;0,000104453258;793.823,69;;;;;;;
MG;AUGUSTO DE LIMA;3104809;0,000030984955;235.479,41;;;;;;;
MG;BAEPENDI;3104908;0,000150039121;1.140.267,05;;;;;;;
MG;BAMBUI;3105103;0,000159019358;1.208.515,04;;;;;;;
MG;BANDEIRA DO SUL;3105301;0,000037313773;283.577,15;;;;;;;
MG;BARRA LONGA;3105707;0,000011802633;89.697,63;;;;;;;
MG;BARROSO;3105905;0,000187336377;1.423.718,68;;;;;;;
MG;BELA VISTA DE MINAS;3106002;0,000075566216;574.288,00;;;;;;;
MG;BELO ORIENTE;3106309;0,00018194282;1.382.728,73;;;;;;;
MG;BERILO;3106507;0,000019961980;151.707,02;;;;;;;
MG;BERIZAL;3106655;0,000018660046;141.812,59;;;;;;;
MG;BERTOPOLIS;3106606;0,000018827815;143.087,6;;;;;;;
MG;BICAS;3106903;0,000067886457;515.923,38;;;;;;;
MG;BOCAINA DE MINAS;3107208;0,000043875300;333.443,43;;;;;;;
MG;BOCAIUVA;3107307;0,000282970307;2.150.517,25;;;;;;;
MG;BOM JARDIM DE MINAS;3107505;0,000062607852;475.807,05;;;;;;;
MG;BONFINOPOLIS DE MINAS;3108206;0,000032251215;245.102,73;;;;;;;
MG;BOTELHOS;3108404;0,000066512079;505.478,38;;;;;;;
MG;BOTUMIRIM;3108503;0,000029206321;221.962,15;;;;;;;
MG;BRAS PIRES;3108701;0,000038885404;295.521,23;;;;;;;
MG;BRASILIA DE MINAS;3108602;0,000153249391;1.164.664,46;;;;;;;
MG;BUGRE;3109253;0,000034153734;259.561,49;;;;;;;
MG;BURITIS;3109303;0,000317728241;2.414.670,54;;;;;;;
MG;CABECEIRA GRANDE;3109451;0,000098953539;752.026,94;;;;;;;
MG;CACHOEIRA DE MINAS;3109709;0,000059216965;450.036,99;;;;;;;
MG;CACHOEIRA DOURADA;3109808;0,000019657147;149.390,35;;;;;;;
MG;CAJURI;3110202;0,000029519089;224.339,12;;;;;;;
MG;CALDAS;3110301;0,000119268855;906.419,24;;;;;;;
MG;CAMACHO;3110400;0,000026077568;198.184,26;;;;;;;
MG;CAMANDUCAIA;3110509;0,000302501635;2.298.951,41;;;;;;;
MG;CAMBUQUIRA;3110707;0,000106462148;809.090,85;;;;;;;
MG;CAMPO AZUL;3111150;0,000022553490;171.401,97;;;;;;;
MG;CAMPOS GERAIS;3111606;0,000255964441;1.945.278,12;;;;;;;
MG;CANA VERDE;3111903;0,000042055484;319.613,19;;;;;;;
MG;CANAA;3111705;0,000014108526;107.221,95;;;;;;;
MG;CANTAGALO;3112059;0,000033724207;256.297,17;;;;;;;
MG;CAPELA NOVA;3112208;0,000014434234;109.697,27;;;;;;;
MG;CAPELINHA;3112307;0,000341807271;2.597.666,31;;;;;;;
MG;CAPIM BRANCO;3112505;0,000087396290;664.194,17;;;;;;;
MG;CAPITAO ENEAS;3112703;0,000145176584;1.103.312,75;;;;;;;
MG;CAPITOLIO;3112802;0,000080238130;609.793,6;;;;;;;
MG;CAPUTIRA;3112901;0,000050713626;385.413,33;;;;;;;
MG;CARANAIBA;3113107;0,000023039857;175.098,27;;;;;;;
MG;CARANGOLA;3113305;0,000155432452;1.181.255,28;;;;;;;
MG;CAREACU;3113602;0,000061100505;464.351,51;;;;;;;
MG;CARMESIA;3113800;0,000034126568;259.355,03;;;;;;;
MG;CARMO DA MATA;3114006;0,000039088798;297.066,98;;;;;;;
MG;CARMOPOLIS DE MINAS;3114501;0,000186088586;1.414.235,72;;;;;;;
MG;CASA GRANDE;3114907;0,000025286188;192.169,93;;;;;;;
MG;CATAGUASES;3115300;0,000357054195;2.713.539,86;;;;;;;
MG;CATUJI;3115458;0,000076145686;578.691,85;;;;;;;
MG;CATUTI;3115474;0,000053987924;410.297,33;;;;;;;
MG;CAXAMBU;3115508;0,00013971458;1.061.802,62;;;;;;;
MG;CEDRO DO ABAETE;3115607;0,000012395879;94.206,18;;;;;;;
MG;CENTRAL DE MINAS;3115706;0,000057811510;439.355,81;;;;;;;
MG;CENTRALINA;3115805;0,000047437855;360.518,13;;;;;;;
MG;CHALE;3116001;0,000046437263;352.913,83;;;;;;;
MG;CHAPADA GAUCHA;3116159;0,000098683590;749.975,38;;;;;;;
MG;CIPOTANEA;3116308;0,000010493308;79.747,02;;;;;;;
MG;CLARO DOS POCOES;3116506;0,000060270893;458.046,63;;;;;;;
MG;COIMBRA;3116704;0,000060454258;459.440,17;;;;;;;
MG;CONCEICAO DA APARECIDA;3117108;0,000102069175;775.705,14;;;;;;;
MG;CONCEICAO DO MATO DENTRO;3117504;0,000235845801;1.792.380,51;;;;;;;
MG;CONCEICAO DO RIO VERDE;3117702;0,00012259713;931.713,46;;;;;;;
MG;CONEGO MARINHO;3117836;0,000042361913;321.941,99;;;;;;;
MG;CONFINS;3117876;0,000052453713;398.637,64;;;;;;;
MG;CONGONHAL;3117900;0,000100416358;763.144,06;;;;;;;
MG;COQUEIRAL;3118700;0,000035214086;267.619,95;;;;;;;
MG;CORDISBURGO;3118908;0,000037398547;284.221,41;;;;;;;
MG;CORDISLANDIA;3119005;0,000031272383;237.663,8;;;;;;;
MG;CORONEL FABRICIANO;3119401;0,001055087017;8.018.448,5;;;;;;;
MG;CORONEL MURTA;3119500;0,000101238499;769.392,17;;;;;;;
MG;CORONEL XAVIER CHAVES;3119708;0,000028167009;214.063,59;;;;;;;
MG;CORREGO NOVO;3120003;0,000016263216;123.597,16;;;;;;;
MG;COUTO DE MAGALHAES DE MINAS;3120102;0,000022675863;172.331,98;;;;;;;
MG;CRISOLITA;3120151;0,000058679369;445.951,37;;;;;;;
MG;CRISTAIS;3120201;0,000074611472;567.032,14;;;;;;;
MG;CRISTALIA;3120300;0,000052075846;395.765,92;;;;;;;
MG;CRISTINA;3120508;0,000103155642;783.962,07;;;;;;;
MG;CUPARAQUE;3120839;0,000043483354;330.464,72;;;;;;;
MG;CURRAL DE DENTRO;3120870;0,000091146351;692.693,88;;;;;;;
MG;DATAS;3121001;0,000035552304;270.190,34;;;;;;;
MG;DELTA;3121258;0,000089911140;683.306,53;;;;;;;
MG;DESTERRO DO MELO;3121506;0,000021477337;163.223,43;;;;;;;
MG;DIAMANTINA;3121605;0,000296803905;2.255.649,81;;;;;;;
MG;DIOGO DE VASCONCELOS;3121704;0,000034659759;263.407,18;;;;;;;
MG;DIVINESIA;3121902;0,000048066251;365.293,81;;;;;;;
MG;DIVINO DAS LARANJEIRAS;3122108;0,000027855070;211.692,91;;;;;;;
MG;DIVISOPOLIS;3122454;0,000100843342;766.389,06;;;;;;;
MG;DOM BOSCO;3122470;0,000030601234;232.563,21;;;;;;;
MG;DOM JOAQUIM;3122603;0,000014244310;108.253,88;;;;;;;
MG;DOM SILVERIO;3122702;0,000044916260;341.354,52;;;;;;;
MG;DORES DE CAMPOS;3123007;0,000039717671;301.846,29;;;;;;;
MG;DORES DE GUANHAES;3123106;0,000024474439;186.000,8;;;;;;;
MG;DORES DO INDAIA;3123205;0,000055984065;425.467,6;;;;;;;
MG;DORES DO TURVO;3123304;0,000043268422;328.831,28;;;;;;;
MG;DURANDE;3123528;0,000031383278;238.506,58;;;;;;;
MG;ENGENHEIRO CALDAS;3123700;0,000054812854;416.566,63;;;;;;;
MG;ESPINOSA;3124302;0,000216819154;1.647.781,83;;;;;;;
MG;ESPIRITO SANTO DO DOURADO;3124401;0,000081342723;618.188,29;;;;;;;
MG;ESTRELA DO INDAIA;3124708;0,000017786878;135.176,68;;;;;;;
MG;EWBANK DA CAMARA;3125002;0,000028437287;216.117,64;;;;;;;
MG;FAMA;3125200;0,000025346574;192.628,85;;;;;;;
MG;FARIA LEMOS;3125309;0,000016456207;125.063,85;;;;;;;
MG;FELISBURGO;3125606;0,000039744948;302.053,59;;;;;;;
MG;FERROS;3125903;0,000022460626;170.696,23;;;;;;;
MG;FLORESTAL;3126000;0,000039072150;296.940,46;;;;;;;
MG;FORMOSO;3126208;0,000044197299;335.890,56;;;;;;;
MG;FRANCISCO BADARO;3126505;0,000016719344;127.063,64;;;;;;;
MG;FRANCISCO SA;3126703;0,000070024433;532.171,57;;;;;;;
MG;FRANCISCOPOLIS;3126752;0,000037374228;284.036,59;;;;;;;
MG;FRONTEIRA;3127008;0,000068464741;520.318,22;;;;;;;
MG;GAMELEIRAS;3127339;0,000053498415;406.577,16;;;;;;;
MG;GLAUCILANDIA;3127354;0,000026202005;199.129,95;;;;;;;
MG;GOIANA;3127388;0,000015623955;118.738,91;;;;;;;
MG;GONCALVES;3127404;0,000019457362;147.872,03;;;;;;;
MG;GONZAGA;3127503;0,000056121566;426.512,58;;;;;;;
MG;GRAO MOGOL;3127800;0,000146477383;1.113.198,56;;;;;;;
MG;GUANHAES;3128006;0,000118489969;900.499,86;;;;;;;
MG;GUAPE;3128105;0,000067679268;514.348,78;;;;;;;
MG;GUIMARANIA;3128907;0,000042130241;320.181,33;;;;;;;
MG;IAPU;3129301;0,000091802752;697.682,4;;;;;;;
MG;IBERTIOGA;3129400;0,000023213127;176.415,08;;;;;;;
MG;IBIAI;3129608;0,000067304861;511.503,37;;;;;;;
MG;IBIRACATU;3129657;0,000052965618;402.528,01;;;;;;;
MG;IBIRACI;3129707;0,000052814675;401.380,88;;;;;;;
MG;IGUATAMA;3130309;0,000050034814;380.254,49;;;;;;;
MG;IJACI;3130408;0,000033022551;250.964,73;;;;;;;
MG;ILICINEA;3130507;0,000134911529;1.025.300,41;;;;;;;
MG;IMBE DE MINAS;3130556;0,000064384952;489.312,65;;;;;;;
MG;INCONFIDENTES;3130606;0,000056919184;432.574,32;;;;;;;
MG;INDAIABIRA;3130655;0,000072026590;547.387,55;;;;;;;
MG;INHAPIM;3130903;0,000185847139;1.412.400,77;;;;;;;
MG;INHAUMA;3131000;0,000059406445;451.477,00;;;;;;;
MG;INIMUTABA;3131109;0,000062565135;475.482,41;;;;;;;
MG;IPABA;3131158;0,000173847002;1.321.202,15;;;;;;;
MG;IPANEMA;3131208;0,000133695135;1.016.056,06;;;;;;;
MG;IPIACU;3131406;0,000060007053;456.041,5;;;;;;;
MG;ITABIRINHA;3131802;0,000048105629;365.593,08;;;;;;;
MG;ITACARAMBI;3132107;0,000235677214;1.791.099,29;;;;;;;
MG;ITAJUBA;3132404;0,000340906495;2.590.820,59;;;;;;;
MG;ITAMARATI DE MINAS;3132602;0,000054253047;412.312,21;;;;;;;
MG;ITAMBACURI;3132701;0,000160244737;1.217.827,68;;;;;;;
MG;ITAMBE DO MATO DENTRO;3132800;0,000008309181;63.148,1;;;;;;;
MG;ITANHANDU;3133105;0,000102928981;782.239,49;;;;;;;
MG;ITANHOMI;3133204;0,000102192207;776.640,16;;;;;;;
MG;ITAPAGIPE;3133402;0,000116698505;886.885,1;;;;;;;
MG;ITAPECERICA;3133501;0,000038491594;292.528,35;;;;;;;
MG;ITAVERAVA;3133907;0,000013152246;99.954,42;;;;;;;
MG;ITUMIRIM;3134301;0,000031474860;239.202,59;;;;;;;
MG;JACUI;3134806;0,000036932945;280.682,93;;;;;;;
MG;JAGUARACU;3135001;0,000037971172;288.573,25;;;;;;;
MG;JAPONVAR;3135357;0,000095447436;725.381,26;;;;;;;
MG;JECEABA;3135407;0,000042573874;323.552,85;;;;;;;
MG;JENIPAPO DE MINAS;3135456;0,000016881322;128.294,64;;;;;;;
MG;JEQUITIBA;3135704;0,000027595189;209.717,87;;;;;;;
MG;JESUANIA;3135902;0,000046952800;356.831,81;;;;;;;
MG;JOAIMA;3136009;0,000165082023;1.254.590,07;;;;;;;
MG;JOANESIA;3136108;0,000021391299;162.569,56;;;;;;;
MG;JOAQUIM FELICIO;3136405;0,000031141479;236.668,96;;;;;;;
MG;JORDANIA;3136504;0,000042785179;325.158,73;;;;;;;
MG;JOSE GONCALVES DE MINAS;3136520;0,000016576982;125.981,72;;;;;;;
MG;JOSE RAYDAN;3136553;0,000020745992;157.665,35;;;;;;;
MG;JOSENOPOLIS;3136579;0,000033188598;252.226,65;;;;;;;
MG;JUVENILIA;3136959;0,000048722651;370.282,32;;;;;;;
MG;LAGAMAR;3137106;0,000041639924;316.455,02;;;;;;;
MG;LAGOA DA PRATA;3137205;0,000163649378;1.243.702,26;;;;;;;
MG;LAGOA DOS PATOS;3137304;0,000036255675;275.535,82;;;;;;;
MG;LAJINHA;3137700;0,000130099707;988.731,53;;;;;;;
MG;LAMIM;3137908;0,000006837268;51.961,86;;;;;;;
MG;LAVRAS;3138203;0,000454392118;3.453.288,44;;;;;;;
MG;LEANDRO FERREIRA;3138302;0,000007214430;54.828,21;;;;;;;
MG;LIBERDADE;3138500;0,000035639992;270.856,75;;;;;;;
MG;LIMEIRA DO OESTE;3138625;0,000042177023;320.536,87;;;;;;;
MG;LUISLANDIA;3138682;0,000039885361;303.120,7;;;;;;;
MG;LUZ;3138807;0,000130788887;993.969,16;;;;;;;
MG;MACHACALIS;3138906;0,000030951132;235.222,36;;;;;;;
MG;MALACACHETA;3139201;0,000096961229;736.885,78;;;;;;;
MG;MANHUACU;3139409;0,000322361417;2.449.881,74;;;;;;;
MG;MARILAC;3140100;0,000067743135;514.834,16;;;;;;;
MG;MARIPA DE MINAS;3140209;0,000047523450;361.168,63;;;;;;;
MG;MARTINHO CAMPOS;3140506;0,000129980512;987.825,67;;;;;;;
MG;MATA VERDE;3140555;0,000041721011;317.071,27;;;;;;;
MG;MATERLANDIA;3140605;0,000043066751;327.298,62;;;;;;;
MG;MATIAS BARBOSA;3140803;0,000111336886;846.137,87;;;;;;;
MG;MATO VERDE;3141009;0,000082200191;624.704,87;;;;;;;
MG;MEDINA;3141405;0,000161581499;1.227.986,8;;;;;;;
MG;MERCES;3141603;0,000073032508;555.032,33;;;;;;;
MG;MESQUITA;3141702;0,000042443376;322.561,1;;;;;;;
MG;MINAS NOVAS;3141801;0,000263572658;2.003.099,03;;;;;;;
MG;MIRABELA;3142007;0,000115558828;878.223,78;;;;;;;
MG;MIRAVANIA;3142254;0,000039610865;301.034,58;;;;;;;
MG;MONSENHOR PAULO;3142601;0,000050792189;386.010,39;;;;;;;
MG;MONTE SANTO DE MINAS;3143203;0,000087801164;667.271,14;;;;;;;
MG;MONTEZUMA;3143450;0,000066776388;507.487,08;;;;;;;
MG;MORRO DO PILAR;3143708;0,000009116358;69.282,48;;;;;;;
MG;NACIP RAYDAN;3144201;0,000024701339;187.725,19;;;;;;;
MG;NANUQUE;3144300;0,000171662887;1.304.603,31;;;;;;;
MG;NAQUE;3144359;0,000085309551;648.335,38;;;;;;;
MG;NATALANDIA;3144375;0,000021063694;160.079,83;;;;;;;
MG;NAZARENO;3144508;0,000085255843;647.927,21;;;;;;;
MG;NEPOMUCENO;3144607;0,000096275313;731.672,96;;;;;;;
MG;NINHEIRA;3144656;0,000044386386;337.327,58;;;;;;;
MG;NOVA MODICA;3144904;0,000019748660;150.085,83;;;;;;;
MG;NOVA SERRANA;3145208;0,001615088387;12.274.345,94;;;;;;;
MG;NOVO CRUZEIRO;3145307;0,000209996276;1.595.929,34;;;;;;;
MG;NOVO ORIENTE DE MINAS;3145356;0,000044694980;339.672,83;;;;;;;
MG;OLARIA;3145406;0,000025548738;194.165,26;;;;;;;
MG;OURO VERDE DE MINAS;3146206;0,000077159937;586.399,96;;;;;;;
MG;PADRE PARAISO;3146305;0,00017864809;1.357.689,45;;;;;;;
MG;PAI PEDRO;3146552;0,000035154066;267.163,81;;;;;;;
MG;PAIVA;3146602;0,000017795036;135.238,68;;;;;;;
MG;PALMA;3146701;0,000045698457;347.299,05;;;;;;;
MG;PAPAGAIOS;3146909;0,000062600015;475.747,49;;;;;;;
MG;PARACATU;3147006;0,000430938087;3.275.042,53;;;;;;;
MG;PASSA TEMPO;3147709;0,000080970001;615.355,67;;;;;;;
MG;PATIS;3147956;0,000054773199;416.265,26;;;;;;;
MG;PATROCINIO DO MURIAE;3148202;0,000047052637;357.590,55;;;;;;;
MG;PAULA CANDIDO;3148301;0,000029558209;224.636,43;;;;;;;
MG;PECANHA;3148608;0,000044196147;335.881,8;;;;;;;
MG;PEDRA BONITA;3148756;0,000042871847;325.817,39;;;;;;;
MG;PEDRA DO INDAIA;3148905;0,000021709227;164.985,75;;;;;;;
MG;PEDRA DOURADA;3149002;0,000019965849;151.736,42;;;;;;;
MG;PEDRINOPOLIS;3149200;0,000039340702;298.981,4;;;;;;;
MG;PEQUERI;3149507;0,000055422051;421.196,41;;;;;;;
MG;PERDIGAO;3149705;0,000088858842;675.309,27;;;;;;;
MG;PESCADOR;3150000;0,000015858665;120.522,65;;;;;;;
MG;PIAU;3150109;0,000024183063;183.786,4;;;;;;;
MG;PIEDADE DE PONTE NOVA;3150208;0,000055359011;420.717,32;;;;;;;
MG;PIRANGA;3150802;0,000098241246;746.613,65;;;;;;;
MG;PIRAPETINGA;3151107;0,000113929853;865.843,9;;;;;;;
MG;PIRAUBA;3151305;0,000099153441;753.546,15;;;;;;;
MG;PITANGUI;3151404;0,000189075915;1.436.938,81;;;;;;;
MG;POCO FUNDO;3151701;0,000052494503;398.947,63;;;;;;;
MG;POCRANE;3151909;0,000017283096;131.348,04;;;;;;;
MG;PORTO FIRME;3152303;0,000019087375;145.060,2;;;;;;;
MG;PRATINHA;3153004;0,000041252694;313.512,15;;;;;;;
MG;PRESIDENTE BERNARDES;3153103;0,000017750836;134.902,77;;;;;;;
MG;PRESIDENTE JUSCELINO;3153202;0,000027200768;206.720,35;;;;;;;
MG;QUELUZITO;3153806;0,000007986690;60.697,23;;;;;;;
MG;REDUTO;3154150;0,000037988483;288.704,81;;;;;;;
MG;RIACHO DOS MACHADOS;3154507;0,000061860459;470.127,01;;;;;;;
MG;RIBEIRAO DAS NEVES;3154606;0,0028810822;21.895.643,55;;;;;;;
MG;RIBEIRAO VERMELHO;3154705;0,000042125064;320.141,99;;;;;;;
MG;RIO DO PRADO;3155108;0,000025132506;191.001,98;;;;;;;
MG;RIO ESPERA;3155207;0,000008214219;62.426,41;;;;;;;
MG;RIO MANSO;3155306;0,000041866056;318.173,58;;;;;;;
MG;RIO NOVO;3155405;0,000035961937;273.303,47;;;;;;;
MG;RIO PIRACICABA;3155702;0,000157784196;1.199.128,06;;;;;;;
MG;RIO POMBA;3155801;0,000067090699;509.875,78;;;;;;;
MG;RIO VERMELHO;3156007;0,000090387591;686.927,46;;;;;;;
MG;RITAPOLIS;3156106;0,000019059006;144.844,6;;;;;;;
MG;ROMARIA;3156403;0,000034756091;264.139,28;;;;;;;
MG;ROSARIO DA LIMEIRA;3156452;0,000035436952;269.313,69;;;;;;;
MG;RUBELITA;3156502;0,000023207756;176.374,26;;;;;;;
MG;RUBIM;3156601;0,000111740935;849.208,57;;;;;;;
MG;SACRAMENTO;3156908;0,000149057838;1.132.809,5;;;;;;;
MG;SANTA CRUZ DE MINAS;3157336;0,000035215221;267.628,58;;;;;;;
MG;SANTA CRUZ DE SALINAS;3157377;0,000018422641;140.008,36;;;;;;;
MG;SANTA CRUZ DO ESCALVADO;3157401;0,000017107114;130.010,62;;;;;;;
MG;SANTA HELENA DE MINAS;3157658;0,000039072079;296.939,92;;;;;;;
MG;SANTA MARIA DO SALTO;3158102;0,000053308171;405.131,35;;;;;;;
MG;SANTA MARIA DO SUACUI;3158201;0,000087675917;666.319,28;;;;;;;
MG;SANTA RITA DE CALDAS;3159209;0,000058224467;442.494,2;;;;;;;
MG;SANTA RITA DE IBITIPOCA;3159407;0,000013682966;103.987,78;;;;;;;
MG;SANTA RITA DE MINAS;3159357;0,000033819147;257.018,7;;;;;;;
MG;SANTANA DE CATAGUASES;3158409;0,000021097281;160.335,08;;;;;;;
MG;SANTANA DO DESERTO;3158607;0,000024833128;188.726,76;;;;;;;
MG;SANTANA DO GARAMBEU;3158706;0,000026603107;202.178,25;;;;;;;
MG;SANTANA DO JACARE;3158805;0,000018141875;137.874,59;;;;;;;
MG;SANTANA DO MANHUACU;3158904;0,000096847168;736.018,94;;;;;;;
MG;SANTANA DO PARAISO;3158953;0,000334945277;2.545.516,54;;;;;;;
MG;SANTANA DOS MONTES;3159100;0,000041063177;312.071,86;;;;;;;
MG;SANTO ANTONIO DO AVENTUREIRO;3160009;0,000019913289;151.336,98;;;;;;;
MG;SANTO ANTONIO DO JACINTO;3160306;0,000097518797;741.123,19;;;;;;;
MG;SANTO ANTONIO DO MONTE;3160405;0,000127441372;968.528,72;;;;;;;
MG;SANTO ANTONIO DO RIO ABAIXO;3160504;0,000014796233;112.448,39;;;;;;;
MG;SAO FELIX DE MINAS;3161056;0,000036388908;276.548,36;;;;;;;
MG;SAO FRANCISCO DE SALES;3161304;0,000079739195;606.001,8;;;;;;;
MG;SAO FRANCISCO DO GLORIA;3161403;0,000046938516;356.723,25;;;;;;;
MG;SAO GERALDO DA PIEDADE;3161601;0,000031091184;236.286,73;;;;;;;
MG;SAO GONCALO DO ABAETE;3161700;0,000038369736;291.602,25;;;;;;;
MG;SAO GONCALO DO PARA;3161809;0,000053425569;406.023,55;;;;;;;
MG;SAO GONCALO DO RIO ABAIXO;3161908;0,000234429798;1.781.619,18;;;;;;;
MG;SAO GONCALO DO RIO PRETO;3125507;0,000026014564;197.705,44;;;;;;;
MG;SAO JOAO BATISTA DO GLORIA;3162203;0,000076650311;582.526,9;;;;;;;
MG;SAO JOAO DO ORIENTE;3162609;0,000037819721;287.422,25;;;;;;;
MG;SAO JOSE DA BARRA;3162948;0,000034869930;265.004,43;;;;;;;
MG;SAO JOSE DA LAPA;3162955;0,000183475421;1.394.376,19;;;;;;;
MG;SAO JOSE DA SAFIRA;3163003;0,000039629813;301.178,58;;;;;;;
MG;SAO JOSE DO MANTIMENTO;3163607;0,000017662944;134.234,81;;;;;;;
MG;SAO MIGUEL DO ANTA;3163805;0,000027206632;206.764,92;;;;;;;
MG;SAO PEDRO DO SUACUI;3164100;0,000044252600;336.310,83;;;;;;;
MG;SAO ROMAO;3164209;0,000080281146;610.120,52;;;;;;;
MG;SAO ROQUE DE MINAS;3164308;0,000066474326;505.191,47;;;;;;;
MG;SAO SEBASTIAO DA BELA VISTA;3164407;0,000080337150;610.546,13;;;;;;;
MG;SAO SEBASTIAO DA VARGEM ALEGRE;3164431;0,000051683352;392.783,05;;;;;;;
MG;SAO SEBASTIAO DO MARANHAO;3164506;0,000020916101;158.958,15;;;;;;;
MG;SARDOA;3165503;0,000066124693;502.534,33;;;;;;;
MG;SARZEDO;3165537;0,000218785794;1.662.727,9;;;;;;;
MG;SENADOR FIRMINO;3165701;0,000035023023;266.167,91;;;;;;;
MG;SENADOR MODESTINO GONCALVES;3165909;0,000016428437;124.852,81;;;;;;;
MG;SENHORA DE OLIVEIRA;3166006;0,000021698832;164.906,75;;;;;;;
MG;SENHORA DO PORTO;3166105;0,000027471093;208.774,77;;;;;;;
MG;SENHORA DOS REMEDIOS;3166204;0,000050550951;384.177,03;;;;;;;
MG;SERICITA;3166303;0,000041506010;315.437,3;;;;;;;
MG;SERRA AZUL DE MINAS;3166501;0,000025200495;191.518,68;;;;;;;
MG;SERRA DOS AIMORES;3166709;0,000067730374;514.737,18;;;;;;;
MG;SERRANIA;3166907;0,000077974294;592.588,91;;;;;;;
MG;SERRANOPOLIS DE MINAS;3166956;0,000046501749;353.403,91;;;;;;;
MG;SERRO;3167103;0,000044130117;335.379,99;;;;;;;
MG;SETUBINHA;3165552;0,000028050773;213.180,22;;;;;;;
MG;SILVEIRANIA;3167301;0,000026623762;202.335,22;;;;;;;
MG;SILVIANOPOLIS;3167400;0,000024516766;186.322,48;;;;;;;
MG;SIMAO PEREIRA;3167509;0,000018066566;137.302,26;;;;;;;
MG;SIMONESIA;3167608;0,000216876222;1.648.215,54;;;;;;;
MG;TAIOBEIRAS;3168002;0,000174542246;1.326.485,86;;;;;;;
MG;TAPARUBA;3168051;0,000035484087;269.671,9;;;;;;;
MG;TEIXEIRAS;3168507;0,000097801348;743.270,52;;;;;;;
MG;TIRADENTES;3168804;0,000069553497;528.592,55;;;;;;;
MG;TIROS;3168903;0,000035576702;270.375,76;;;;;;;
MG;TOMBOS;3169208;0,000077292584;587.408,05;;;;;;;
MG;TUMIRITINGA;3169505;0,000062520429;475.142,65;;;;;;;
MG;TURMALINA;3169703;0,000079312462;602.758,71;;;;;;;
MG;UBAPORANGA;3170057;0,000101878412;774.255,38;;;;;;;
MG;UMBURATIBA;3170305;0,000013385655;101.728,28;;;;;;;
MG;UNIAO DE MINAS;3170438;0,000028742667;218.438,47;;;;;;;
MG;URUANA DE MINAS;3170479;0,000028156252;213.981,84;;;;;;;
MG;URUCUIA;3170529;0,000137024064;1.041.355,25;;;;;;;
MG;VARGEM ALEGRE;3170578;0,000024106708;183.206,12;;;;;;;
MG;VARGEM BONITA;3170602;0,000022034974;167.461,36;;;;;;;
MG;VARGEM GRANDE DO RIO PARDO;3170651;0,000027523533;209.173,3;;;;;;;
MG;VARZEA DA PALMA;3170800;0,000152102891;1.155.951,29;;;;;;;
MG;VARZELANDIA;3170909;0,000150996174;1.147.540,46;;;;;;;
MG;VERMELHO NOVO;3171154;0,000024690137;187.640,06;;;;;;;
MG;VIEIRAS;3171402;0,000027011046;205.278,5;;;;;;;
MG;VIRGINIA;3171709;0,000076912287;584.517,87;;;;;;;
MG;VIRGINOPOLIS;3171808;0,000107662332;818.212,01;;;;;;;
MG;VIRGOLANDIA;3171907;0,000033110297;251.631,58;;;;;;;
MS;AGUA CLARA;5000203;0,000333877013;2.537.397,95;;;;;;;
MS;ANASTACIO;5000708;0,000234583278;1.782.785,59;;;;;;;
MS;ANGELICA;5000856;0,000066291845;503.804,65;;;;;;;
MS;ANTONIO JOAO;5000906;0,000076951902;584.818,93;;;;;;;
MS;AQUIDAUANA;5001102;0,000575329714;4.372.389,77;;;;;;;
MS;BATAGUASSU;5001904;0,000266055226;2.021.966,05;;;;;;;
MS;BELA VISTA;5002100;0,000281387756;2.138.490,18;;;;;;;
MS;CAMAPUA;5002605;0,000141427973;1.074.824,07;;;;;;;
MS;CASSILANDIA;5002902;0,000236257158;1.795.506,74;;;;;;;
MS;CORGUINHO;5003108;0,000057102298;433.965,95;;;;;;;
MS;COXIM;5003306;0,00016366207;1.243.798,72;;;;;;;
MS;DEODAPOLIS;5003454;0,000067796960;515.243,22;;;;;;;
MS;FIGUEIRAO;5003900;0,000020885575;158.726,16;;;;;;;
MS;GLORIA DE DOURADOS;5004007;0,000103683321;787.972,32;;;;;;;
MS;GUIA LOPES DA LAGUNA;5004106;0,000102301804;777.473,07;;;;;;;
MS;INOCENCIA;5004403;0,000102051886;775.573,75;;;;;;;
MS;ITAPORA;5004502;0,000187065249;1.421.658,16;;;;;;;
MS;ITAQUIRAI;5004601;0,000261088852;1.984.222,61;;;;;;;
MS;JARAGUARI;5004908;0,000059401847;451.442,05;;;;;;;
MS;JATEI;5005103;0,000014851365;112.867,38;;;;;;;
MS;JUTI;5005152;0,000101564959;771.873,2;;;;;;;
MS;LADARIO;5005202;0,000315266081;2.395.958,62;;;;;;;
MS;MARACAJU;5005400;0,000607949761;4.620.295,55;;;;;;;
MS;MUNDO NOVO;5005681;0,000223283019;1.696.905,9;;;;;;;
MS;NIOAQUE;5005806;0,000167637533;1.274.011,43;;;;;;;
MS;NOVO HORIZONTE DO SUL;5006259;0,000076101881;578.358,94;;;;;;;
MS;PARAISO DAS AGUAS;5006275;0,000123214367;936.404,33;;;;;;;
MS;PARANAIBA;5006309;0,000480872704;3.654.535,55;;;;;;;
MS;PEDRO GOMES;5006408;0,000040391501;306.967,26;;;;;;;
MS;RIO NEGRO;5007307;0,000059861807;454.937,66;;;;;;;
MS;ROCHEDO;5007505;0,000072185439;548.594,78;;;;;;;
MS;SELVIRIA;5007802;0,000102430013;778.447,44;;;;;;;
MS;SETE QUEDAS;5007703;0,000109147315;829.497,58;;;;;;;
MS;SONORA;5007935;0,000256095475;1.946.273,95;;;;;;;
MS;TAQUARUSSU;5007976;0,000048369117;367.595,53;;;;;;;
MT;ACORIZAL;5100102;0,000023598073;179.340,6;;;;;;;
MT;AGUA BOA;5100201;0,000379724478;2.885.829,43;;;;;;;
MT;ALTA FLORESTA;5100250;0,000632034977;4.803.338,33;;;;;;;
MT;ALTO BOA VISTA;5100359;0,000049542602;376.513,78;;;;;;;
MT;ALTO GARCAS;5100409;0,000151554819;1.151.786,05;;;;;;;
MT;ALTO PARAGUAI;5100508;0,000080355077;610.682,38;;;;;;;
MT;APIACAS;5100805;0,000059524614;452.375,06;;;;;;;
MT;ARAGUAIANA;5101001;0,000041146600;312.705,86;;;;;;;
MT;ARAPUTANGA;5101258;0,000168586862;1.281.226,14;;;;;;;
MT;ARENAPOLIS;5101308;0,000058506633;444.638,61;;;;;;;
MT;ARIPUANA;5101407;0,000376571118;2.861.864,53;;;;;;;
MT;BARAO DE MELGACO;5101605;0,000032854674;249.688,89;;;;;;;
MT;BARRA DO BUGRES;5101704;0,000362615497;2.755.804,63;;;;;;;
MT;BARRA DO GARCAS;5101803;0,000745952438;5.669.088,05;;;;;;;
MT;BOA ESPERANCA DO NORTE;5101837;0,000116490291;885.302,71;;;;;;;
MT;BRASNORTE;5101902;0,00010764453;818.076,71;;;;;;;
MT;CAMPO NOVO DO PARECIS;5102637;0,000815542092;6.197.955,39;;;;;;;
MT;CAMPOS DE JULIO;5102686;0,00017042853;1.295.222,45;;;;;;;
MT;CANABRAVA DO NORTE;5102694;0,000062582684;475.615,77;;;;;;;
MT;CARLINDA;5102793;0,0001208525;918.454,62;;;;;;;
MT;CASTANHEIRA;5102850;0,000062555887;475.412,12;;;;;;;
MT;CHAPADA DOS GUIMARAES;5103007;0,000209691658;1.593.614,3;;;;;;;
MT;CLAUDIA;5103056;0,000145276424;1.104.071,52;;;;;;;
MT;COCALINHO;5103106;0,000072297261;549.444,6;;;;;;;
MT;COLIDER;5103205;0,000364393763;2.769.319,09;;;;;;;
MT;COLNIZA;5103254;0,000344072797;2.614.883,85;;;;;;;
MT;CONFRESA;5103353;0,00044176278;3.357.308,02;;;;;;;
MT;CONQUISTA DOESTE;5103361;0,000027116165;206.077,38;;;;;;;
MT;COTRIGUACU;5103379;0,000115350559;876.640,98;;;;;;;
MT;CURVELANDIA;5103437;0,000054863171;416.949,03;;;;;;;
MT;DENISE;5103452;0,000043883032;333.502,19;;;;;;;
MT;DOM AQUINO;5103601;0,000069306242;526.713,46;;;;;;;
MT;FELIZ NATAL;5103700;0,000083121302;631.705,13;;;;;;;
MT;FIGUEIROPOLIS DOESTE;5103809;0,000017600604;133.761,04;;;;;;;
MT;GAUCHA DO NORTE;5103858;0,00011744191;892.534,83;;;;;;;
MT;GENERAL CARNEIRO;5103908;0,000042919113;326.176,6;;;;;;;
MT;GUIRATINGA;5104203;0,000097633901;741.997,95;;;;;;;
MT;INDIAVAI;5104500;0,000017713199;134.616,74;;;;;;;
MT;ITANHANGA;5104542;0,000054923632;417.408,52;;;;;;;
MT;ITAUBA;5104559;0,000088533232;672.834,7;;;;;;;
MT;JACIARA;5104807;0,000323433075;2.458.026,13;;;;;;;
MT;JANGADA;5104906;0,000050932277;387.075,03;;;;;;;
MT;JAURU;5105002;0,00010181376;773.764,04;;;;;;;
MT;JUINA;5105150;0,000259051883;1.968.742,05;;;;;;;
MT;JURUENA;5105176;0,000071675529;544.719,56;;;;;;;
MT;LAMBARI DOESTE;5105234;0,000064557785;490.626,14;;;;;;;
MT;MARCELANDIA;5105580;0,000159832315;1.214.693,35;;;;;;;
MT;MATUPA;5105606;0,000300373579;2.282.778,61;;;;;;;
MT;MIRASSOL DOESTE;5105622;0,000276299071;2.099.817,2;;;;;;;
MT;NORTELANDIA;5106000;0,000034051056;258.781,16;;;;;;;
MT;NOSSA SENHORA DO LIVRAMENTO;5106109;0,000159498252;1.212.154,54;;;;;;;
MT;NOVA BANDEIRANTES;5106158;0,000179666619;1.365.430,06;;;;;;;
MT;NOVA BRASILANDIA;5106208;0,000056118429;426.488,74;;;;;;;
MT;NOVA CANAA DO NORTE;5106216;0,000142360296;1.081.909,53;;;;;;;
MT;NOVA GUARITA;5108808;0,000066926651;508.629,05;;;;;;;
MT;NOVA LACERDA;5106182;0,00011956966;908.705,3;;;;;;;
MT;NOVA MARILANDIA;5108857;0,000057682265;438.373,58;;;;;;;
MT;NOVA MONTE VERDE;5108956;0,000146307497;1.111.907,46;;;;;;;
MT;NOVA MUTUM;5106224;0,000925371015;7.032.633,05;;;;;;;
MT;NOVA OLIMPIA;5106232;0,000200778034;1.525.872,56;;;;;;;
MT;NOVA SANTA HELENA;5106190;0,000056186197;427.003,76;;;;;;;
MT;NOVA UBIRATA;5106240;0,000170582849;1.296.395,24;;;;;;;
MT;NOVO HORIZONTE DO NORTE;5106273;0,000049471714;375.975,05;;;;;;;
MT;NOVO MUNDO;5106265;0,000059985881;455.880,6;;;;;;;
MT;NOVO SANTO ANTONIO;5106315;0,000036675803;278.728,7;;;;;;;
MT;NOVO SAO JOAQUIM;5106281;0,000089739095;681.999,02;;;;;;;
MT;PARANAITA;5106299;0,000154213239;1.171.989,51;;;;;;;
MT;PARANATINGA;5106307;0,000152493693;1.158.921,31;;;;;;;
MT;PEDRA PRETA;5106372;0,000217001895;1.649.170,63;;;;;;;
MT;PEIXOTO DE AZEVEDO;5106422;0,000437366109;3.323.894,2;;;;;;;
MT;PONTAL DO ARAGUAIA;5106653;0,000060443083;459.355,24;;;;;;;
MT;PONTES E LACERDA;5106752;0,000613675129;4.663.807,19;;;;;;;
MT;PORTO ALEGRE DO NORTE;5106778;0,000128009927;972.849,62;;;;;;;
MT;PORTO DOS GAUCHOS;5106802;0,000036784626;279.555,74;;;;;;;
MT;PRIMAVERA DO LESTE;5107040;0,001023006259;7.774.641,21;;;;;;;
MT;QUERENCIA;5107065;0,0003727757;2.833.020,12;;;;;;;
MT;RESERVA DO CABACAL;5107156;0,000014244310;108.253,88;;;;;;;
MT;RIBEIRAO CASCALHEIRA;5107180;0,000134820293;1.024.607,03;;;;;;;
MT;RIO BRANCO;5107206;0,000069028403;524.601,94;;;;;;;
MT;RONDOLANDIA;5107578;0,000022139814;168.258,12;;;;;;;
MT;RONDONOPOLIS;5107602;0,001383659398;10.515.532,31;;;;;;;
MT;ROSARIO OESTE;5107701;0,000143755244;1.092.510,86;;;;;;;
MT;SALTO DO CEU;5107750;0,000043842823;333.196,61;;;;;;;
MT;SANTA CRUZ DO XINGU;5107743;0,000041310496;313.951,44;;;;;;;
MT;SANTA RITA DO TRIVELATO;5107768;0,000085038322;646.274,09;;;;;;;
MT;SANTA TEREZINHA;5107776;0,000037747424;286.872,81;;;;;;;
MT;SANTO AFONSO;5107263;0,000035864279;272.561,29;;;;;;;
MT;SANTO ANTONIO DO LEVERGER;5107800;0,000058798737;446.858,54;;;;;;;
MT;SAO FELIX DO ARAGUAIA;5107859;0,000117071902;889.722,84;;;;;;;
MT;SAO JOSE DO POVO;5107297;0,000023301364;177.085,67;;;;;;;
MT;SAO JOSE DO XINGU;5107354;0,000049535190;376.457,45;;;;;;;
MT;SAO JOSE DOS QUATRO MARCOS;5107107;0,000187339067;1.423.739,12;;;;;;;
MT;SAO PEDRO DA CIPA;5107404;0,000057189644;434.629,76;;;;;;;
MT;SAPEZAL;5107875;0,000501127929;3.808.471,17;;;;;;;
MT;SERRA NOVA DOURADA;5107883;0,000012162885;92.435,47;;;;;;;
MT;TABAPORA;5107941;0,000083565260;635.079,12;;;;;;;
MT;TERRA NOVA DO NORTE;5108055;0,000142873101;1.085.806,75;;;;;;;
MT;TESOURO;5108105;0,000014456533;109.866,73;;;;;;;
MT;TORIXOREU;5108204;0,000036217018;275.242,03;;;;;;;
MT;UNIAO DO SUL;5108303;0,000074800320;568.467,34;;;;;;;
MT;VALE DE SAO DOMINGOS;5108352;0,000036779448;279.516,39;;;;;;;
MT;VERA;5108501;0,000152706736;1.160.540,39;;;;;;;
MT;VILA BELA DA SANTISSIMA TRINDADE;5105507;0,000216388475;1.644.508,76;;;;;;;
MT;VILA RICA;5108600;0,000254293558;1.932.579,74;;;;;;;
PA;ABEL FIGUEIREDO;1500131;0,000064321047;488.826,99;;;;;;;
PA;ACARA;1500206;0,001327326617;10.087.414,55;;;;;;;
PA;AGUA AZUL DO NORTE;1500347;0,000261128522;1.984.524,09;;;;;;;
PA;ALENQUER;1500404;0,001005696434;7.643.090,03;;;;;;;
PA;ALMEIRIM;1500503;0,000810605807;6.160.440,62;;;;;;;
PA;ANAJAS;1500701;0,000824275671;6.264.328,83;;;;;;;
PA;ANANINDEUA;1500800;0,003886110206;29.533.653,66;;;;;;;
PA;ANAPU;1500859;0,000678911276;5.159.588,75;;;;;;;
PA;AUGUSTO CORREA;1500909;0,000910927966;6.922.868,79;;;;;;;
PA;AVEIRO;1501006;0,000305357185;2.320.653,01;;;;;;;
PA;BAIAO;1501204;0,000590319705;4.486.310,68;;;;;;;
PA;BARCARENA;1501303;0,002176059694;16.537.614,72;;;;;;;
PA;BELTERRA;1501451;0,000196879178;1.496.242,04;;;;;;;
PA;BOM JESUS DO TOCANTINS;1501576;0,000257611055;1.957.792,05;;;;;;;
PA;BONITO;1501600;0,000163159516;1.239.979,41;;;;;;;
PA;BRAGANCA;1501709;0,001509670275;11.473.189,56;;;;;;;
PA;BREJO GRANDE DO ARAGUAIA;1501758;0,000072760676;552.966,46;;;;;;;
PA;BUJARU;1501907;0,000541740946;4.117.121,91;;;;;;;
PA;CACHOEIRA DO ARARI;1502004;0,000323905026;2.461.612,86;;;;;;;
PA;CACHOEIRA DO PIRIA;1501956;0,000393447424;2.990.121,06;;;;;;;
PA;CANAA DOS CARAJAS;1502152;0,001685761716;12.811.448,99;;;;;;;
PA;CAPANEMA;1502202;0,000351191103;2.668.981,54;;;;;;;
PA;CAPITAO POCO;1502301;0,000747391408;5.680.023,94;;;;;;;
PA;CHAVES;1502509;0,000590695663;4.489.167,88;;;;;;;
PA;COLARES;1502608;0,000156726817;1.191.092,19;;;;;;;
PA;CONCORDIA DO PARA;1502756;0,000811464625;6.166.967,46;;;;;;;
PA;CUMARU DO NORTE;1502764;0,000333809026;2.536.881,26;;;;;;;
PA;CURRALINHO;1502806;0,000802278425;6.097.154,19;;;;;;;
PA;CURUA;1502855;0,000293769762;2.232.590,93;;;;;;;
PA;CURUCA;1502905;0,000613080625;4.659.289,08;;;;;;;
PA;ELDORADO DO CARAJAS;1502954;0,000505812877;3.844.075,83;;;;;;;
PA;FARO;1503002;0,000191571376;1.455.903,81;;;;;;;
PA;FLORESTA DO ARAGUAIA;1503044;0,000380199553;2.889.439,91;;;;;;;
PA;GARRAFAO DO NORTE;1503077;0,000492924991;3.746.130,5;;;;;;;
PA;IGARAPE-MIRI;1503309;0,0012491756;9.493.482,57;;;;;;;
PA;INHANGAPI;1503408;0,000117064899;889.669,62;;;;;;;
PA;IRITUIA;1503507;0,000201661815;1.532.589,11;;;;;;;
PA;ITAITUBA;1503606;0,00238304457;18.110.658,02;;;;;;;
PA;ITUPIRANGA;1503705;0,000840064491;6.384.320,67;;;;;;;
PA;JACAREACANGA;1503754;0,000613380589;4.661.568,74;;;;;;;
PA;JACUNDA;1503804;0,000627713142;4.770.493,26;;;;;;;
PA;JURUTI;1503903;0,001057366423;8.035.771,52;;;;;;;
PA;LIMOEIRO DO AJURU;1504000;0,000529572043;4.024.640,7;;;;;;;
PA;MAE DO RIO;1504059;0,000591584665;4.495.924,12;;;;;;;
PA;MAGALHAES BARATA;1504109;0,000139563462;1.060.654,16;;;;;;;
PA;MARABA;1504208;0,004431299115;33.676.979,39;;;;;;;
PA;MARACANA;1504307;0,000532080511;4.043.704,55;;;;;;;
PA;MARAPANIM;1504406;0,000401371565;3.050.342,93;;;;;;;
PA;MARITUBA;1504422;0,001999126704;15.192.959,68;;;;;;;
PA;MEDICILANDIA;1504455;0,00049195158;3.738.732,77;;;;;;;
PA;MELGACO;1504505;0,000853410555;6.485.748,07;;;;;;;
PA;MOCAJUBA;1504604;0,00032080956;2.438.087,94;;;;;;;
PA;MOJUI DOS CAMPOS;1504752;0,000398117249;3.025.610,78;;;;;;;
PA;MONTE ALEGRE;1504802;0,001173446087;8.917.953,55;;;;;;;
PA;MUANA;1504901;0,000759718032;5.773.703,79;;;;;;;
PA;NOVA IPIXUNA;1504976;0,000223601225;1.699.324,2;;;;;;;
PA;NOVA TIMBOTEUA;1505007;0,000206018554;1.565.699,45;;;;;;;
PA;OEIRAS DO PARA;1505205;0,000790659733;6.008.854,48;;;;;;;
PA;OUREM;1505403;0,00024141019;1.834.668,75;;;;;;;
PA;OURILANDIA DO NORTE;1505437;0,000633978403;4.818.107,98;;;;;;;
PA;PACAJA;1505486;0,000934752178;7.103.927,99;;;;;;;
PA;PARÁ;15;0,019532203736;148.440.808,34;;;;;;;
PA;PEIXE-BOI;1505601;0,000193459541;1.470.253,49;;;;;;;
PA;PICARRA;1505635;0,00035363552;2.687.558,62;;;;;;;
PA;PLACAS;1505650;0,000587968033;4.468.438,45;;;;;;;
PA;PONTA DE PEDRAS;1505700;0,000416111814;3.162.365,85;;;;;;;
PA;PORTO DE MOZ;1505908;0,001453684794;11.047.711,2;;;;;;;
PA;PRAINHA;1506005;0,00084547677;6.425.452,9;;;;;;;
PA;PRIMAVERA;1506104;0,000155493733;1.181.721,00;;;;;;;
PA;REDENCAO;1506138;0,001398773663;10.630.397,68;;;;;;;
PA;RUROPOLIS;1506195;0,000675048816;5.130.234,83;;;;;;;
PA;SANTA BARBARA DO PARA;1506351;0,000257830798;1.959.462,05;;;;;;;
PA;SANTA CRUZ DO ARARI;1506401;0,000156379601;1.188.453,42;;;;;;;
PA;SANTA LUZIA DO PARA;1506559;0,000335222935;2.547.626,68;;;;;;;
PA;SANTA MARIA DAS BARREIRAS;1506583;0,000338269199;2.570.777,68;;;;;;;
PA;SANTA MARIA DO PARA;1506609;0,000289629443;2.201.125,34;;;;;;;
PA;SANTANA DO ARAGUAIA;1506708;0,001157345246;8.795.590,41;;;;;;;
PA;SANTAREM NOVO;1506906;0,000128981143;980.230,67;;;;;;;
PA;SANTO ANTONIO DO TAUA;1507003;0,000478357888;3.635.423,45;;;;;;;
PA;SAO CAETANO DE ODIVELAS;1507102;0,00030976684;2.354.165,5;;;;;;;
PA;SAO DOMINGOS DO ARAGUAIA;1507151;0,000344462651;2.617.846,66;;;;;;;
PA;SAO DOMINGOS DO CAPIM;1507201;0,000656546854;4.989.623,65;;;;;;;
PA;SAO FRANCISCO DO PARA;1507409;0,000245077122;1.862.536,69;;;;;;;
PA;SAO GERALDO DO ARAGUAIA;1507458;0,000504895944;3.837.107,33;;;;;;;
PA;SAO JOAO DA PONTA;1507466;0,000100849213;766.433,68;;;;;;;
PA;SAO JOAO DE PIRABAS;1507474;0,000331828877;2.521.832,53;;;;;;;
PA;SAO JOAO DO ARAGUAIA;1507508;0,000241476019;1.835.169,03;;;;;;;
PA;SAO MIGUEL DO GUAMA;1507607;0,001186614204;9.018.028,59;;;;;;;
PA;SAO SEBASTIAO DA BOA VISTA;1507706;0,000578861887;4.399.233,57;;;;;;;
PA;SAPUCAIA;1507755;0,000143171977;1.088.078,14;;;;;;;
PA;TERRA SANTA;1507979;0,000395960539;3.009.220,22;;;;;;;
PA;TOME-ACU;1508001;0,001573543234;11.958.611,16;;;;;;;
PA;TRACUATEUA;1508035;0,000475212557;3.611.519,57;;;;;;;
PA;TUCUMA;1508084;0,000677841128;5.151.455,84;;;;;;;
PA;ULIANOPOLIS;1508126;0,000282338635;2.145.716,67;;;;;;;
PA;URUARA;1508159;0,001091055596;8.291.802,44;;;;;;;
PA;VISEU;1508308;0,001219839946;9.270.537,52;;;;;;;
PB;ALAGOA NOVA;2500403;0,000324024357;2.462.519,75;;;;;;;
PB;ALAGOINHA;2500502;0,000186056426;1.413.991,31;;;;;;;
PB;ALGODAO DE JANDAIRA;2500577;0,000028280668;214.927,37;;;;;;;
PB;ALHANDRA;2500601;0,000328956991;2.500.006,77;;;;;;;
PB;AMPARO;2500734;0,000036857671;280.110,86;;;;;;;
PB;ARACAGI;2500809;0,000238889293;1.815.510,44;;;;;;;
PB;ARARA;2500908;0,00013597016;1.033.345,79;;;;;;;
PB;AREIA;2501104;0,000148031074;1.125.006,3;;;;;;;
PB;AREIA DE BARAUNAS;2501153;0,000028633486;217.608,72;;;;;;;
PB;AROEIRAS;2501302;0,00029425039;2.236.243,61;;;;;;;
PB;ASSUNCAO;2501351;0,000084572457;642.733,61;;;;;;;
PB;BARAUNA;2501534;0,000091488237;695.292,15;;;;;;;
PB;BARRA DE SANTANA;2501575;0,000057589311;437.667,15;;;;;;;
PB;BARRA DE SAO MIGUEL;2501708;0,000185512435;1.409.857,08;;;;;;;
PB;BELEM;2501906;0,000090916439;690.946,6;;;;;;;
PB;BOA VENTURA;2502102;0,000028294623;215.033,43;;;;;;;
PB;BOA VISTA;2502151;0,000116947006;888.773,65;;;;;;;
PB;BONITO DE SANTA FE;2502409;0,000161321749;1.226.012,75;;;;;;;
PB;BORBOREMA;2502706;0,000062154516;472.361,78;;;;;;;
PB;BREJO DO CRUZ;2502805;0,000267484367;2.032.827,23;;;;;;;
PB;BREJO DOS SANTOS;2502904;0,000078487693;596.490,63;;;;;;;
PB;CAAPORA;2503001;0,000338006324;2.568.779,88;;;;;;;
PB;CABACEIRAS;2503100;0,000062433231;474.479,96;;;;;;;
PB;CABEDELO;2503209;0,000712994503;5.418.614,4;;;;;;;
PB;CACIMBA DE AREIA;2503407;0,000025954355;197.247,86;;;;;;;
PB;CACIMBA DE DENTRO;2503506;0,00021192307;1.610.572,58;;;;;;;
PB;CACIMBAS;2503555;0,00015136355;1.150.332,45;;;;;;;
PB;CAICARA;2503605;0,000101512898;771.477,55;;;;;;;
PB;CALDAS BRANDAO;2503803;0,000099823438;758.637,99;;;;;;;
PB;CAMALAU;2503902;0,000057321944;435.635,21;;;;;;;
PB;CAPIM;2504033;0,000114876013;873.034,53;;;;;;;
PB;CARAUBAS;2504074;0,000061161059;464.811,71;;;;;;;
PB;CARRAPATEIRA;2504108;0,000068046607;517.140,49;;;;;;;
PB;CASSERENGUE;2504157;0,000112624269;855.921,73;;;;;;;
PB;CATINGUEIRA;2504207;0,000073989948;562.308,68;;;;;;;
PB;CATOLE DO ROCHA;2504306;0,000321285833;2.441.707,52;;;;;;;
PB;CONCEICAO;2504405;0,000118677095;901.921,98;;;;;;;
PB;CONDE;2504603;0,000574449328;4.365.699,01;;;;;;;
PB;CONGO;2504702;0,000088433592;672.077,46;;;;;;;
PB;COREMAS;2504801;0,000073400754;557.830,92;;;;;;;
PB;CUBATI;2505006;0,000167256843;1.271.118,27;;;;;;;
PB;CUITE;2505105;0,000268329024;2.039.246,45;;;;;;;
PB;CUITEGI;2505204;0,000108140211;821.843,79;;;;;;;
PB;CURRAL DE CIMA;2505279;0,000103925793;789.815,06;;;;;;;
PB;CURRAL VELHO;2505303;0,000043131453;327.790,34;;;;;;;
PB;DAMIAO;2505352;0,000094787849;720.368,53;;;;;;;
PB;DESTERRO;2505402;0,000101528397;771.595,34;;;;;;;
PB;DIAMANTE;2505600;0,000066390138;504.551,66;;;;;;;
PB;DUAS ESTRADAS;2505808;0,000055160389;419.207,83;;;;;;;
PB;GADO BRAVO;2506251;0,000177391914;1.348.142,76;;;;;;;
PB;GUARABIRA;2506301;0,000572776301;4.352.984,35;;;;;;;
PB;GURINHEM;2506400;0,000270223041;2.053.640,6;;;;;;;
PB;GURJAO;2506509;0,000061098449;464.335,89;;;;;;;
PB;IBIARA;2506608;0,000034969518;265.761,28;;;;;;;
PB;IGARACY;2502607;0,000072874834;553.834,04;;;;;;;
PB;IMACULADA;2506707;0,000061418217;466.766,06;;;;;;;
PB;INGA;2506806;0,000113061311;859.243,16;;;;;;;
PB;ITAPOROROCA;2507101;0,00031259288;2.375.642,83;;;;;;;
PB;JERICO;2507408;0,000111576677;847.960,24;;;;;;;
PB;JOCA CLAUDINO;2513653;0,000094747853;720.064,57;;;;;;;
PB;JUAREZ TAVORA;2507606;0,000117418164;892.354,36;;;;;;;
PB;JUNCO DO SERIDO;2507804;0,000097624490;741.926,43;;;;;;;
PB;JURU;2508000;0,000149081851;1.132.991,99;;;;;;;
PB;LAGOA;2508109;0,000056646047;430.498,53;;;;;;;
PB;LAGOA DE DENTRO;2508208;0,000149815808;1.138.569,92;;;;;;;
PB;LAGOA SECA;2508307;0,000373231927;2.836.487,36;;;;;;;
PB;LASTRO;2508406;0,000054878937;417.068,85;;;;;;;
PB;MAE DAGUA;2508703;0,000053255880;404.733,95;;;;;;;
PB;MAMANGUAPE;2508901;0,000520115161;3.952.770,31;;;;;;;
PB;MANAIRA;2509008;0,000150551816;1.144.163,43;;;;;;;
PB;MARCACAO;2509057;0,000131208281;997.156,47;;;;;;;
PB;MARI;2509107;0,000298230417;2.266.491,01;;;;;;;
PB;MARIZOPOLIS;2509156;0,000127025822;965.370,62;;;;;;;
PB;MATARACA;2509305;0,000205284024;1.560.117,17;;;;;;;
PB;MATINHAS;2509339;0,000078982501;600.251,08;;;;;;;
PB;MATO GROSSO;2509370;0,000036661025;278.616,39;;;;;;;
PB;MATUREIA;2509396;0,000116659513;886.588,77;;;;;;;
PB;MONTE HOREBE;2509602;0,000099099820;753.138,64;;;;;;;
PB;MONTEIRO;2509701;0,000491957357;3.738.776,68;;;;;;;
PB;MULUNGU;2509800;0,000068515119;520.701,08;;;;;;;
PB;NAZAREZINHO;2510006;0,000098439710;748.121,94;;;;;;;
PB;NOVA PALMEIRA;2510303;0,000062676058;476.325,4;;;;;;;
PB;OLHO DAGUA;2510402;0,000081144796;616.684,08;;;;;;;
PB;OLIVEDOS;2510501;0,000064254732;488.323,00;;;;;;;
PB;OURO VELHO;2510600;0,000042033736;319.447,91;;;;;;;
PB;PARARI;2510659;0,000022928198;174.249,68;;;;;;;
PB;PATOS;2510808;0,001075953855;8.177.032,26;;;;;;;
PB;PAULISTA;2510907;0,00023132386;1.758.014,67;;;;;;;
PB;PEDRA BRANCA;2511004;0,000069983263;531.858,68;;;;;;;
PB;PEDRA LAVRADA;2511103;0,000062326053;473.665,43;;;;;;;
PB;PICUI;2511400;0,000143831173;1.093.087,9;;;;;;;
PB;PILAR;2511509;0,000091903531;698.448,3;;;;;;;
PB;PILOES;2511608;0,000131985789;1.003.065,37;;;;;;;
PB;PILOEZINHOS;2511707;0,000044331404;336.909,73;;;;;;;
PB;POCINHOS;2512002;0,000165478069;1.257.599,94;;;;;;;
PB;POCO DANTAS;2512036;0,000119068824;904.899,04;;;;;;;
PB;POCO DE JOSE DE MOURA;2512077;0,000083909617;637.696,16;;;;;;;
PB;PRATA;2512200;0,000058973574;448.187,27;;;;;;;
PB;PRINCESA ISABEL;2512309;0,000248573427;1.889.107,9;;;;;;;
PB;PUXINANA;2512408;0,000142716558;1.084.617,05;;;;;;;
PB;QUEIMADAS;2512507;0,000909644005;6.913.110,94;;;;;;;
PB;RIACHAO;2512747;0,000054514243;414.297,25;;;;;;;
PB;RIACHO DE SANTO ANTONIO;2512788;0,000021969154;166.961,14;;;;;;;
PB;RIO TINTO;2512903;0,00028646518;2.177.077,58;;;;;;;
PB;SALGADO DE SAO FELIX;2513109;0,000156654545;1.190.542,94;;;;;;;
PB;SANTA CECILIA;2513158;0,000121024126;919.758,94;;;;;;;
PB;SANTA CRUZ;2513208;0,000068396560;519.800,06;;;;;;;
PB;SANTA INES;2513356;0,000035579345;270.395,84;;;;;;;
PB;SANTA LUZIA;2513406;0,000169499847;1.288.164,65;;;;;;;
PB;SANTA TERESINHA;2513802;0,000025017051;190.124,54;;;;;;;
PB;SANTANA DE MANGUEIRA;2513505;0,000034254718;260.328,95;;;;;;;
PB;SAO BENTINHO;2513927;0,000073189025;556.221,83;;;;;;;
PB;SAO DOMINGOS;2513968;0,000020719584;157.464,66;;;;;;;
PB;SAO DOMINGOS DO CARIRI;2513943;0,000051408041;390.690,74;;;;;;;
PB;SAO FRANCISCO;2513984;0,000062684526;476.389,75;;;;;;;
PB;SAO JOAO DO CARIRI;2514008;0,000074440904;565.735,85;;;;;;;
PB;SAO JOAO DO RIO DO PEIXE;2500700;0,000332011734;2.523.222,2;;;;;;;
PB;SAO JOAO DO TIGRE;2514107;0,000068351374;519.456,65;;;;;;;
PB;SAO JOSE DA LAGOA TAPADA;2514206;0,000055770764;423.846,56;;;;;;;
PB;SAO JOSE DE ESPINHARAS;2514404;0,000049762923;378.188,18;;;;;;;
PB;SAO JOSE DE PIRANHAS;2514503;0,0001437171;1.092.220,97;;;;;;;
PB;SAO JOSE DO BONFIM;2514602;0,000026737937;203.202,93;;;;;;;
PB;SAO JOSE DO SABUGI;2514701;0,000067020629;509.343,26;;;;;;;
PB;SAO JOSE DOS CORDEIROS;2514800;0,000048267967;366.826,81;;;;;;;
PB;SAO JOSE DOS RAMOS;2514453;0,000122961879;934.485,48;;;;;;;
PB;SAO MIGUEL DE TAIPU;2515005;0,000114869023;872.981,4;;;;;;;
PB;SAO SEBASTIAO DO UMBUZEIRO;2515203;0,000062334715;473.731,26;;;;;;;
PB;SAO VICENTE DO SERIDO;2515401;0,000175402989;1.333.027,33;;;;;;;
PB;SERRA BRANCA;2515500;0,000117748463;894.864,57;;;;;;;
PB;SERRA DA RAIZ;2515609;0,000031984538;243.076,04;;;;;;;
PB;SERRA GRANDE;2515708;0,000058140646;441.857,18;;;;;;;
PB;SERRA REDONDA;2515807;0,000090802902;690.083,74;;;;;;;
PB;SERRARIA;2515906;0,000036091806;274.290,45;;;;;;;
PB;SERTAOZINHO;2515930;0,000105626306;802.738,62;;;;;;;
PB;SOLEDADE;2516102;0,000112315025;853.571,53;;;;;;;
PB;SOUSA;2516201;0,000545672625;4.147.001,88;;;;;;;
PB;SUME;2516300;0,000208504239;1.584.590,16;;;;;;;
PB;TACIMA;2516409;0,000114278343;868.492,35;;;;;;;
PB;TAPEROA;2516508;0,000193848379;1.473.208,58;;;;;;;
PB;TAVARES;2516607;0,000187126898;1.422.126,68;;;;;;;
PB;TEIXEIRA;2516706;0,000222611005;1.691.798,73;;;;;;;
PB;TENORIO;2516755;0,000054501095;414.197,33;;;;;;;
PB;TRIUNFO;2516805;0,000252843368;1.921.558,59;;;;;;;
PB;UIRAUNA;2516904;0,000231692679;1.760.817,62;;;;;;;
PB;UMBUZEIRO;2517001;0,000204843082;1.556.766,1;;;;;;;
PB;VARZEA;2517100;0,000039052758;296.793,08;;;;;;;
PB;VIEIROPOLIS;2517209;0,000079022761;600.557,04;;;;;;;
PB;VISTA SERRANA;2505501;0,000033277700;252.903,81;;;;;;;
PE;AFOGADOS DA INGAZEIRA;2600104;0,000623330915;4.737.189,22;;;;;;;
PE;AFRANIO;2600203;0,00024613643;1.870.587,22;;;;;;;
PE;AGRESTINA;2600302;0,000323921382;2.461.737,16;;;;;;;
PE;AGUA PRETA;2600401;0,000325045573;2.470.280,79;;;;;;;
PE;AGUAS BELAS;2600500;0,000600101596;4.560.651,08;;;;;;;
PE;ALAGOINHA;2600609;0,000203743307;1.548.408,03;;;;;;;
PE;ALTINHO;2600807;0,000107085228;813.826,13;;;;;;;
PE;AMARAJI;2600906;0,000234773377;1.784.230,31;;;;;;;
PE;ANGELIM;2601003;0,000163786513;1.244.744,46;;;;;;;
PE;BARREIROS;2601409;0,000540800074;4.109.971,47;;;;;;;
PE;BELEM DE MARIA;2601508;0,000175132086;1.330.968,53;;;;;;;
PE;BETANIA;2601805;0,000229837793;1.746.720,86;;;;;;;
PE;BOM CONSELHO;2602100;0,000563476641;4.282.308,81;;;;;;;
PE;BOM JARDIM;2602209;0,000450464877;3.423.442,2;;;;;;;
PE;BUENOS AIRES;2602704;0,000080696905;613.280,2;;;;;;;
PE;BUIQUE;2602803;0,000719314887;5.466.648,04;;;;;;;
PE;CABO DE SANTO AGOSTINHO;2602902;0,002475253027;18.811.423,69;;;;;;;
PE;CABROBO;2603009;0,000234955553;1.785.614,81;;;;;;;
PE;CACHOEIRINHA;2603108;0,000222555299;1.691.375,38;;;;;;;
PE;CALUMBI;2603405;0,00011692789;888.628,38;;;;;;;
PE;CAMUTANGA;2603603;0,000094712248;719.793,98;;;;;;;
PE;CANHOTINHO;2603702;0,000349304008;2.654.640,00;;;;;;;
PE;CAPOEIRAS;2603801;0,000280099836;2.128.702,25;;;;;;;
PE;CARNAIBA;2603900;0,000365080087;2.774.535,02;;;;;;;
PE;CARNAUBEIRA DA PENHA;2603926;0,000118123757;897.716,73;;;;;;;
PE;CARPINA;2604007;0,000743666708;5.651.716,97;;;;;;;
PE;CASINHAS;2604155;0,000286979083;2.180.983,14;;;;;;;
PE;CATENDE;2604205;0,000364513844;2.770.231,68;;;;;;;
PE;CEDRO;2604304;0,000143195794;1.088.259,15;;;;;;;
PE;CHA DE ALEGRIA;2604403;0,000191106425;1.452.370,28;;;;;;;
PE;CHA GRANDE;2604502;0,000412271182;3.133.177,82;;;;;;;
PE;CORRENTES;2604700;0,000226227151;1.719.280,71;;;;;;;
PE;CUMARU;2604908;0,000249213109;1.893.969,36;;;;;;;
PE;CUPIRA;2605004;0,00049337248;3.749.531,32;;;;;;;
PE;CUSTODIA;2605103;0,000632082386;4.803.698,63;;;;;;;
PE;ESCADA;2605202;0,000574860857;4.368.826,55;;;;;;;
PE;EXU;2605301;0,000458196178;3.482.198,52;;;;;;;
PE;FERREIROS;2605509;0,000134203134;1.019.916,75;;;;;;;
PE;FLORES;2605608;0,00026165789;1.988.547,18;;;;;;;
PE;GAMELEIRA;2605905;0,000270443815;2.055.318,44;;;;;;;
PE;GOIANA;2606200;0,000905778359;6.883.732,81;;;;;;;
PE;IBIRAJUBA;2606705;0,000104370656;793.195,93;;;;;;;
PE;IGARASSU;2606804;0,001304976436;9.917.557,67;;;;;;;
PE;ILHA DE ITAMARACA;2607604;0,000175450611;1.333.389,25;;;;;;;
PE;INGAZEIRA;2607109;0,000082848592;629.632,59;;;;;;;
PE;IPOJUCA;2607208;0,001877033511;14.265.076,05;;;;;;;
PE;ITAPETIM;2607703;0,000098209613;746.373,25;;;;;;;
PE;JAQUEIRA;2607950;0,000182349421;1.385.818,82;;;;;;;
PE;JATAUBA;2608008;0,000133591741;1.015.270,28;;;;;;;
PE;JOAQUIM NABUCO;2608206;0,000187804579;1.427.276,92;;;;;;;
PE;JUREMA;2608404;0,000256957877;1.952.828,03;;;;;;;
PE;LAGOA DE ITAENGA;2608503;0,00021457585;1.630.733,18;;;;;;;
PE;LAGOA DO CARRO;2608453;0,000232226938;1.764.877,88;;;;;;;
PE;LAGOA DO OURO;2608602;0,000207302806;1.575.459,51;;;;;;;
PE;LAGOA DOS GATOS;2608701;0,000216443171;1.644.924,44;;;;;;;
PE;LAGOA GRANDE;2608750;0,00023965474;1.821.327,68;;;;;;;
PE;LAJEDO;2608800;0,000642764971;4.884.884,12;;;;;;;
PE;LIMOEIRO;2608909;0,000274337737;2.084.911,46;;;;;;;
PE;MANARI;2609154;0,000173304653;1.317.080,4;;;;;;;
PE;MARAIAL;2609204;0,000158622088;1.205.495,87;;;;;;;
PE;MIRANDIBA;2609303;0,000231222815;1.757.246,75;;;;;;;
PE;MOREILANDIA;2614303;0,000146173572;1.110.889,66;;;;;;;
PE;MORENO;2609402;0,000514191587;3.907.752,34;;;;;;;
PE;NAZARE DA MATA;2609501;0,000238850325;1.815.214,29;;;;;;;
PE;OROCO;2609808;0,000241508217;1.835.413,73;;;;;;;
PE;OURICURI;2609907;0,000704170207;5.351.551,53;;;;;;;
PE;PALMEIRINA;2610103;0,000098433629;748.075,72;;;;;;;
PE;PANELAS;2610202;0,000510634187;3.880.716,82;;;;;;;
PE;PARANATAMA;2610301;0,000199943473;1.519.530,06;;;;;;;
PE;PARNAMIRIM;2610400;0,000129987155;987.876,16;;;;;;;
PE;PASSIRA;2610509;0,000343217974;2.608.387,37;;;;;;;
PE;PAUDALHO;2610608;0,00075672569;5.750.962,6;;;;;;;
PE;PERNAMBUCO;26;0,044521700489;338.355.942,75;;;;;;;
PE;PRIMAVERA;2611408;0,000145999749;1.109.568,64;;;;;;;
PE;QUIPAPA;2611507;0,000257599284;1.957.702,6;;;;;;;
PE;QUIXABA;2611533;0,000191121497;1.452.484,82;;;;;;;
PE;RIACHO DAS ALMAS;2611705;0,000350579465;2.664.333,21;;;;;;;
PE;RIBEIRAO;2611804;0,000359633293;2.733.140,48;;;;;;;
PE;RIO FORMOSO;2611903;0,000396081108;3.010.136,52;;;;;;;
PE;SAIRE;2612000;0,000068005873;516.830,92;;;;;;;
PE;SALGADINHO;2612109;0,000079257708;602.342,59;;;;;;;
PE;SALGUEIRO;2612208;0,00039140075;2.974.566,75;;;;;;;
PE;SALOA;2612307;0,000269254549;2.046.280,26;;;;;;;
PE;SANTA CRUZ DA BAIXA VERDE;2612471;0,000175476249;1.333.584,1;;;;;;;
PE;SANTA MARIA DA BOA VISTA;2612604;0,000679600538;5.164.827,00;;;;;;;
PE;SANTA MARIA DO CAMBUCA;2612703;0,000172212565;1.308.780,76;;;;;;;
PE;SANTA TEREZINHA;2612802;0,000142422232;1.082.380,23;;;;;;;
PE;SAO CAITANO;2613107;0,000450934872;3.427.014,06;;;;;;;
PE;SAO JOAO;2613206;0,000364993464;2.773.876,7;;;;;;;
PE;SAO JOAQUIM DO MONTE;2613305;0,000151977387;1.154.997,48;;;;;;;
PE;SAO JOSE DO BELMONTE;2613503;0,000222883999;1.693.873,43;;;;;;;
PE;SAO JOSE DO EGITO;2613602;0,000209096995;1.589.094,98;;;;;;;
PE;SAO LOURENCO DA MATA;2613701;0,001099804335;8.358.291,09;;;;;;;
PE;SAO VICENTE FERRER;2613800;0,000215971049;1.641.336,41;;;;;;;
PE;SERRA TALHADA;2613909;0,001104343028;8.392.784,24;;;;;;;
PE;SERTANIA;2614105;0,000384888624;2.925.075,9;;;;;;;
PE;SIRINHAEM;2614204;0,000533944069;4.057.867,22;;;;;;;
PE;SOLIDAO;2614402;0,000119842298;910.777,29;;;;;;;
PE;SURUBIM;2614501;0,000610620935;4.640.595,93;;;;;;;
PE;TABIRA;2614600;0,000372476342;2.830.745,06;;;;;;;
PE;TACAIMBO;2614709;0,000140309447;1.066.323,49;;;;;;;
PE;TACARATU;2614808;0,000134748825;1.024.063,89;;;;;;;
PE;TERRA NOVA;2615201;0,000160822081;1.222.215,37;;;;;;;
PE;TIMBAUBA;2615300;0,000442820347;3.365.345,31;;;;;;;
PE;TRIUNFO;2615706;0,000233809893;1.776.908,02;;;;;;;
PE;TUPANATINGA;2615805;0,000392922984;2.986.135,42;;;;;;;
PE;TUPARETAMA;2615904;0,000135285156;1.028.139,9;;;;;;;
PE;VENTUROSA;2616001;0,000211680937;1.608.732,42;;;;;;;
PE;VERDEJANTE;2616100;0,000140023237;1.064.148,36;;;;;;;
PE;VERTENTE DO LERIO;2616183;0,000148604274;1.129.362,51;;;;;;;
PE;VERTENTES;2616209;0,000274128744;2.083.323,16;;;;;;;
PE;VITORIA DE SANTO ANTAO;2616407;0,00131937522;10.026.985,53;;;;;;;
PE;XEXEU;2616506;0,000257040825;1.953.458,42;;;;;;;
PI;AGUA BRANCA;2200202;0,00028235149;2.145.814,37;;;;;;;
PI;ALAGOINHA DO PIAUI;2200251;0,000083452806;634.224,49;;;;;;;
PI;ALEGRETE DO PIAUI;2200277;0,000088057659;669.220,45;;;;;;;
PI;ALTO LONGA;2200301;0,000161513573;1.227.470,57;;;;;;;
PI;ALTOS;2200400;0,00079082986;6.010.147,41;;;;;;;
PI;ALVORADA DO GURGUEIA;2200459;0,000081713642;621.007,2;;;;;;;
PI;AMARANTE;2200509;0,000278849704;2.119.201,5;;;;;;;
PI;ANGICAL DO PIAUI;2200608;0,000132570583;1.007.509,69;;;;;;;
PI;ANISIO DE ABREU;2200707;0,00018036432;1.370.732,45;;;;;;;
PI;ANTONIO ALMEIDA;2200806;0,000062742971;476.833,92;;;;;;;
PI;ARRAIAL;2201002;0,00010141148;770.706,79;;;;;;;
PI;BARRA DALCANTARA;2201176;0,000067536110;513.260,81;;;;;;;
PI;BARRAS;2201200;0,000953702885;7.247.949,54;;;;;;;
PI;BATALHA;2201507;0,000378450452;2.876.147,09;;;;;;;
PI;BELA VISTA DO PIAUI;2201556;0,000064781762;492.328,32;;;;;;;
PI;BELEM DO PIAUI;2201572;0,000093865605;713.359,66;;;;;;;
PI;BENEDITINOS;2201606;0,000222338752;1.689.729,66;;;;;;;
PI;BETANIA DO PIAUI;2201739;0,000138607512;1.053.389,13;;;;;;;
PI;BOM JESUS;2201903;0,00058291372;4.430.026,69;;;;;;;
PI;BOM PRINCIPIO DO PIAUI;2201919;0,000095426345;725.220,97;;;;;;;
PI;BONFIM DO PIAUI;2201929;0,000085955694;653.245,94;;;;;;;
PI;BOQUEIRAO DO PIAUI;2201945;0,00011616515;882.831,71;;;;;;;
PI;BRASILEIRA;2201960;0,000069805950;530.511,14;;;;;;;
PI;BREJO DO PIAUI;2201988;0,000072485578;550.875,77;;;;;;;
PI;BURITI DOS LOPES;2202000;0,000370833602;2.818.260,57;;;;;;;
PI;BURITI DOS MONTES;2202026;0,000248565862;1.889.050,41;;;;;;;
PI;CAJAZEIRAS DO PIAUI;2202075;0,000054885454;417.118,38;;;;;;;
PI;CAJUEIRO DA PRAIA;2202083;0,000179163027;1.361.602,86;;;;;;;
PI;CALDEIRAO GRANDE DO PIAUI;2202091;0,0001038169;788.987,5;;;;;;;
PI;CAMPINAS DO PIAUI;2202109;0,000092188670;700.615,3;;;;;;;
PI;CAMPO ALEGRE DO FIDALGO;2202117;0,000091171249;692.883,1;;;;;;;
PI;CAMPO GRANDE DO PIAUI;2202133;0,000104241796;792.216,62;;;;;;;
PI;CAMPO MAIOR;2202208;0,000821653783;6.244.403,01;;;;;;;
PI;CAPITAO GERVASIO OLIVEIRA;2202455;0,000030692670;233.258,1;;;;;;;
PI;CARAUBAS DO PIAUI;2202539;0,000047867304;363.781,85;;;;;;;
PI;CARIDADE DO PIAUI;2202554;0,000149212211;1.133.982,7;;;;;;;
PI;COCAL;2202703;0,000493033202;3.746.952,88;;;;;;;
PI;COCAL DOS ALVES;2202729;0,000113942322;865.938,66;;;;;;;
PI;COLONIA DO GURGUEIA;2202752;0,000107911767;820.107,66;;;;;;;
PI;COLONIA DO PIAUI;2202778;0,000128062474;973.248,97;;;;;;;
PI;CONCEICAO DO CANINDE;2202802;0,000083663216;635.823,56;;;;;;;
PI;CORRENTE;2202901;0,000361435833;2.746.839,42;;;;;;;
PI;CRISTALANDIA DO PIAUI;2203008;0,000133118824;1.011.676,21;;;;;;;
PI;CRISTINO CASTRO;2203107;0,000197467953;1.500.716,61;;;;;;;
PI;CURIMATA;2203206;0,000188379788;1.431.648,39;;;;;;;
PI;CURRAIS;2203230;0,000138313495;1.051.154,66;;;;;;;
PI;CURRAL NOVO DO PIAUI;2203271;0,000134109965;1.019.208,68;;;;;;;
PI;CURRALINHOS;2203255;0,000089681826;681.563,79;;;;;;;
PI;DEMERVAL LOBAO;2203305;0,000337288173;2.563.322,08;;;;;;;
PI;DOM EXPEDITO LOPES;2203404;0,000104365328;793.155,44;;;;;;;
PI;DOM INOCENCIO;2203453;0,000129777866;986.285,6;;;;;;;
PI;DOMINGOS MOURAO;2203420;0,000098044362;745.117,37;;;;;;;
PI;ELESBAO VELOSO;2203503;0,000154598814;1.174.919,8;;;;;;;
PI;ELISEU MARTINS;2203602;0,000062529254;475.209,72;;;;;;;
PI;ESPERANTINA;2203701;0,00065363485;4.967.493,01;;;;;;;
PI;FARTURA DO PIAUI;2203750;0,000104019432;790.526,7;;;;;;;
PI;FLORES DO PIAUI;2203800;0,000065627575;498.756,33;;;;;;;
PI;FLORESTA DO PIAUI;2203859;0,000050396603;383.004,02;;;;;;;
PI;FLORIANO;2203909;0,000695481752;5.285.521,02;;;;;;;
PI;FRANCINOPOLIS;2204006;0,000090025860;684.178,38;;;;;;;
PI;FRANCISCO AYRES;2204105;0,000036926791;280.636,16;;;;;;;
PI;FRANCISCO MACEDO;2204154;0,000063331431;481.306,1;;;;;;;
PI;FRANCISCO SANTOS;2204204;0,000052258176;397.151,6;;;;;;;
PI;FRONTEIRAS;2204303;0,000165737581;1.259.572,18;;;;;;;
PI;GEMINIANO;2204352;0,000054974896;417.798,12;;;;;;;
PI;GILBUES;2204402;0,000183284993;1.392.928,97;;;;;;;
PI;GUADALUPE;2204501;0,000159340079;1.210.952,46;;;;;;;
PI;GUARIBAS;2204550;0,000084205071;639.941,55;;;;;;;
PI;ILHA GRANDE;2204659;0,000072807722;553.324,00;;;;;;;
PI;INHUMA;2204709;0,000181896426;1.382.376,15;;;;;;;
PI;IPIRANGA DO PIAUI;2204808;0,00016437144;1.249.189,79;;;;;;;
PI;ISAIAS COELHO;2204907;0,000072539383;551.284,68;;;;;;;
PI;ITAINOPOLIS;2205003;0,000150033577;1.140.224,92;;;;;;;
PI;ITAUEIRA;2205102;0,000102589297;779.657,96;;;;;;;
PI;JACOBINA DO PIAUI;2205151;0,000184197787;1.399.866,02;;;;;;;
PI;JAICOS;2205201;0,000141416335;1.074.735,62;;;;;;;
PI;JARDIM DO MULATO;2205250;0,000057980095;440.637,03;;;;;;;
PI;JOAO COSTA;2205359;0,000041817499;317.804,56;;;;;;;
PI;JOSE DE FREITAS;2205508;0,000607053554;4.613.484,55;;;;;;;
PI;LAGOA DE SAO FRANCISCO;2205573;0,000153141228;1.163.842,44;;;;;;;
PI;LAGOA DO PIAUI;2205581;0,000040490033;307.716,08;;;;;;;
PI;LAGOA DO SITIO;2205599;0,000060332943;458.518,2;;;;;;;
PI;LANDRI SALES;2205607;0,00012486064;948.915,68;;;;;;;
PI;LUZILANDIA;2205805;0,000477435346;3.628.412,32;;;;;;;
PI;MADEIRO;2205854;0,000161978985;1.231.007,61;;;;;;;
PI;MARCOLANDIA;2205953;0,000088055254;669.202,17;;;;;;;
PI;MATIAS OLIMPIO;2206100;0,000199119243;1.513.266,08;;;;;;;
PI;MIGUEL ALVES;2206209;0,000716255702;5.443.398,85;;;;;;;
PI;MIGUEL LEAO;2206308;0,000012307283;93.532,87;;;;;;;
PI;MILTON BRANDAO;2206357;0,000085768138;651.820,55;;;;;;;
PI;MONTE ALEGRE DO PIAUI;2206605;0,00018134665;1.378.197,96;;;;;;;
PI;MORRO CABECA NO TEMPO;2206654;0,000084398371;641.410,59;;;;;;;
PI;MORRO DO CHAPEU DO PIAUI;2206670;0,000081219326;617.250,49;;;;;;;
PI;NAZARE DO PIAUI;2206704;0,000100997188;767.558,26;;;;;;;
PI;NOSSA SENHORA DE NAZARE;2206753;0,000177454361;1.348.617,35;;;;;;;
PI;NOVO SANTO ANTONIO;2206951;0,000057184857;434.593,38;;;;;;;
PI;OLHO DAGUA DO PIAUI;2207108;0,000052059242;395.639,74;;;;;;;
PI;PADRE MARCOS;2207207;0,000128598208;977.320,44;;;;;;;
PI;PAES LANDIM;2207306;0,000039219119;298.057,39;;;;;;;
PI;PAJEU DO PIAUI;2207355;0,000040742666;309.636,04;;;;;;;
PI;PALMEIRA DO PIAUI;2207405;0,000047872384;363.820,46;;;;;;;
PI;PAQUETA;2207553;0,000113530012;862.805,19;;;;;;;
PI;PARNAGUA;2207603;0,000090405566;687.064,06;;;;;;;
PI;PASSAGEM FRANCA DO PIAUI;2207751;0,000107790212;819.183,87;;;;;;;
PI;PATOS DO PIAUI;2207777;0,000105040105;798.283,61;;;;;;;
PI;PAU DARCO DO PIAUI;2207793;0,000061655037;468.565,84;;;;;;;
PI;PAVUSSU;2207850;0,000055809359;424.139,87;;;;;;;
PI;PEDRO II;2207900;0,000498995532;3.792.265,39;;;;;;;
PI;PEDRO LAURENTINO;2207934;0,000035932461;273.079,46;;;;;;;
PI;PIAUÍ;22;0,011555468521;87.819.229,78;;;;;;;
PI;PICOS;2208007;0,000710379164;5.398.738,35;;;;;;;
PI;PIRACURUCA;2208304;0,000218218574;1.658.417,14;;;;;;;
PI;PIRIPIRI;2208403;0,000984120112;7.479.114,33;;;;;;;
PI;PORTO;2208502;0,000153807363;1.168.904,93;;;;;;;
PI;PORTO ALEGRE DO PIAUI;2208551;0,000046223646;351.290,39;;;;;;;
PI;PRATA DO PIAUI;2208601;0,000057578010;437.581,26;;;;;;;
PI;QUEIMADA NOVA;2208650;0,000130595285;992.497,82;;;;;;;
PI;REDENCAO DO GURGUEIA;2208700;0,00014353242;1.090.817,44;;;;;;;
PI;REGENERACAO;2208809;0,000316330233;2.404.045,96;;;;;;;
PI;RIACHO FRIO;2208858;0,000154930853;1.177.443,23;;;;;;;
PI;RIBEIRA DO PIAUI;2208874;0,000064644898;491.288,18;;;;;;;
PI;RIBEIRO GONCALVES;2208908;0,000110580107;840.386,51;;;;;;;
PI;RIO GRANDE DO PIAUI;2209005;0,000085066944;646.491,61;;;;;;;
PI;SANTA FILOMENA;2209203;0,000106798638;811.648,11;;;;;;;
PI;SANTA ROSA DO PIAUI;2209377;0,000085341492;648.578,12;;;;;;;
PI;SANTANA DO PIAUI;2209351;0,000072497404;550.965,65;;;;;;;
PI;SANTO ANTONIO DOS MILAGRES;2209450;0,000047203967;358.740,63;;;;;;;
PI;SANTO INACIO DO PIAUI;2209500;0,000039590760;300.881,79;;;;;;;
PI;SAO BRAZ DO PIAUI;2209559;0,000070197730;533.488,59;;;;;;;
PI;SAO FRANCISCO DE ASSIS DO PIAUI;2209658;0,000089222837;678.075,56;;;;;;;
PI;SAO FRANCISCO DO PIAUI;2209708;0,000086707008;658.955,77;;;;;;;
PI;SAO GONCALO DO GURGUEIA;2209757;0,000058486624;444.486,54;;;;;;;
PI;SAO GONCALO DO PIAUI;2209807;0,000068164040;518.032,95;;;;;;;
PI;SAO JOAO DA CANABRAVA;2209856;0,000062176963;472.532,38;;;;;;;
PI;SAO JOAO DA SERRA;2209906;0,000085830496;652.294,46;;;;;;;
PI;SAO JOAO DA VARJOTA;2209955;0,000100211284;761.585,54;;;;;;;
PI;SAO JOAO DO ARRAIAL;2209971;0,000198491548;1.508.495,72;;;;;;;
PI;SAO JOAO DO PIAUI;2210003;0,000324761;2.468.118,09;;;;;;;
PI;SAO JOSE DO DIVINO;2210052;0,000092908610;706.086,69;;;;;;;
PI;SAO JOSE DO PEIXE;2210102;0,000050163177;381.230,03;;;;;;;
PI;SAO JOSE DO PIAUI;2210201;0,000082532334;627.229,09;;;;;;;
PI;SAO JULIAO;2210300;0,000130268975;990.017,93;;;;;;;
PI;SAO LOURENCO DO PIAUI;2210359;0,000061835084;469.934,16;;;;;;;
PI;SAO LUIS DO PIAUI;2210375;0,000047019196;357.336,4;;;;;;;
PI;SAO MIGUEL DO FIDALGO;2210391;0,000047968259;364.549,09;;;;;;;
PI;SAO PEDRO DO PIAUI;2210508;0,000239564244;1.820.639,93;;;;;;;
PI;SAO RAIMUNDO NONATO;2210607;0,000246856752;1.876.061,52;;;;;;;
PI;SEBASTIAO BARROS;2210623;0,000069835955;530.739,17;;;;;;;
PI;SEBASTIAO LEAL;2210631;0,000040474072;307.594,78;;;;;;;
PI;SIGEFREDO PACHECO;2210656;0,000128569627;977.103,23;;;;;;;
PI;SIMOES;2210706;0,000290617474;2.208.634,18;;;;;;;
PI;SOCORRO DO PIAUI;2210904;0,000072559418;551.436,94;;;;;;;
PI;SUSSUAPARA;2210938;0,000086344891;656.203,75;;;;;;;
PI;TAMBORIL DO PIAUI;2210953;0,000030654238;232.966,03;;;;;;;
PI;UNIAO;2211100;0,00076086464;5.782.417,78;;;;;;;
PI;URUCUI;2211209;0,000353091941;2.683.427,53;;;;;;;
PI;VALENCA DO PIAUI;2211308;0,000303528467;2.306.755,12;;;;;;;
PI;VARZEA BRANCA;2211357;0,000080771629;613.848,09;;;;;;;
PI;VARZEA GRANDE;2211407;0,000096309470;731.932,54;;;;;;;
PI;VERA MENDES;2211506;0,000079201393;601.914,61;;;;;;;
PI;VILA NOVA DO PIAUI;2211605;0,000111497678;847.359,86;;;;;;;
PI;WALL FERRAZ;2211704;0,000134110224;1.019.210,65;;;;;;;
PR;ADRIANOPOLIS;4100202;0,000073605118;559.384,06;;;;;;;
PR;AGUDOS DO SUL;4100301;0,000060548535;460.156,65;;;;;;;
PR;ALTAMIRA DO PARANA;4100459;0,000044285692;336.562,33;;;;;;;
PR;ALTO PARAISO;4128625;0,000044234987;336.176,98;;;;;;;
PR;ALTO PARANA;4100608;0,000081292950;617.810,02;;;;;;;
PR;ALTO PIQUIRI;4100707;0,000119357809;907.095,27;;;;;;;
PR;ALTONIA;4100509;0,000097405324;740.260,81;;;;;;;
PR;ALVORADA DO SUL;4100806;0,000115668311;879.055,83;;;;;;;
PR;ANDIRA;4101101;0,000098407594;747.877,86;;;;;;;
PR;ANGULO;4101150;0,000043013864;326.896,69;;;;;;;
PR;ANTONIO OLINTO;4101309;0,000075150499;571.128,63;;;;;;;
PR;ARAPONGAS;4101507;0,001185171615;9.007.065,2;;;;;;;
PR;ARARUNA;4101705;0,000072956552;554.455,08;;;;;;;
PR;ASSAI;4101903;0,000148090769;1.125.459,97;;;;;;;
PR;ASSIS CHATEAUBRIAND;4102000;0,000410702587;3.121.256,81;;;;;;;
PR;ASTORGA;4102109;0,000278721518;2.118.227,31;;;;;;;
PR;ATALAIA;4102208;0,000056328122;428.082,36;;;;;;;
PR;BALSA NOVA;4102307;0,000180601987;1.372.538,67;;;;;;;
PR;BARBOSA FERRAZ;4102505;0,000103252828;784.700,66;;;;;;;
PR;BELA VISTA DA CAROBA;4102752;0,000041811521;317.759,13;;;;;;;
PR;BITURUNA;4102901;0,000224586463;1.706.811,81;;;;;;;
PR;BOA ESPERANCA DO IGUACU;4103024;0,000037381548;284.092,22;;;;;;;
PR;BOA VISTA DA APARECIDA;4103057;0,000100905359;766.860,37;;;;;;;
PR;BOM JESUS DO SUL;4103156;0,000053118555;403.690,3;;;;;;;
PR;BOM SUCESSO DO SUL;4103222;0,000048359945;367.525,83;;;;;;;
PR;BRASILANDIA DO SUL;4103370;0,000043947696;333.993,62;;;;;;;
PR;CAFEARA;4103404;0,000033908411;257.697,08;;;;;;;
PR;CAFELANDIA;4103453;0,000287808664;2.187.287,79;;;;;;;
PR;CAFEZAL DO SUL;4103479;0,000048448751;368.200,73;;;;;;;
PR;CAMBIRA;4103800;0,000109727345;833.905,69;;;;;;;
PR;CAMPINA DA LAGOA;4103909;0,000202627496;1.539.928,1;;;;;;;
PR;CAMPINA DO SIMAO;4103958;0,000063616528;483.472,78;;;;;;;
PR;CAMPINA GRANDE DO SUL;4104006;0,000277043977;2.105.478,34;;;;;;;
PR;CAMPO BONITO;4104055;0,000025654386;194.968,16;;;;;;;
PR;CAMPO LARGO;4104204;0,001449339283;11.014.686,19;;;;;;;
PR;CAMPO MOURAO;4104303;0,001043772457;7.932.460,12;;;;;;;
PR;CANDIDO DE ABREU;4104402;0,000159829557;1.214.672,39;;;;;;;
PR;CANDOI;4104428;0,000191179309;1.452.924,18;;;;;;;
PR;CANTAGALO;4104451;0,000075974647;577.391,99;;;;;;;
PR;CAPANEMA;4104501;0,000242836996;1.845.512,18;;;;;;;
PR;CARAMBEI;4104659;0,000134321239;1.020.814,32;;;;;;;
PR;CASCAVEL;4104808;0,003399988162;25.839.224,18;;;;;;;
PR;CASTRO;4104907;0,000898779506;6.830.542,94;;;;;;;
PR;CENTENARIO DO SUL;4105102;0,000057144046;434.283,22;;;;;;;
PR;CERRO AZUL;4105201;0,000076403255;580.649,33;;;;;;;
PR;CHOPINZINHO;4105409;0,000227402813;1.728.215,51;;;;;;;
PR;CIANORTE;4105508;0,000417204986;3.170.673,73;;;;;;;
PR;CIDADE GAUCHA;4105607;0,000070529231;536.007,93;;;;;;;
PR;CLEVELANDIA;4105706;0,000192233994;1.460.939,58;;;;;;;
PR;CONGONHINHAS;4106001;0,000092695956;704.470,57;;;;;;;
PR;CONSELHEIRO MAIRINCK;4106100;0,000051471183;391.170,61;;;;;;;
PR;CONTENDA;4106209;0,000228142551;1.733.837,37;;;;;;;
PR;CORBELIA;4106308;0,000227126688;1.726.117,01;;;;;;;
PR;CORUMBATAI DO SUL;4106555;0,000042996513;326.764,83;;;;;;;
PR;CRUZ MACHADO;4106803;0,000167890337;1.275.932,69;;;;;;;
PR;CRUZEIRO DO IGUACU;4106571;0,000062259125;473.156,79;;;;;;;
PR;CRUZEIRO DO SUL;4106704;0,000055441269;421.342,46;;;;;;;
PR;CURIUVA;4107009;0,000146849749;1.116.028,47;;;;;;;
PR;DIAMANTE DO NORTE;4107108;0,000024714904;187.828,28;;;;;;;
PR;DIAMANTE DO SUL;4107124;0,000038832850;295.121,83;;;;;;;
PR;DOIS VIZINHOS;4107207;0,000574968781;4.369.646,75;;;;;;;
PR;ENGENHEIRO BELTRAO;4107504;0,000133895106;1.017.575,8;;;;;;;
PR;ENTRE RIOS DO OESTE;4107538;0,000064271787;488.452,62;;;;;;;
PR;ESPERANCA NOVA;4107520;0,000018840063;143.180,68;;;;;;;
PR;ESPIGAO ALTO DO IGUACU;4107546;0,000048779787;370.716,54;;;;;;;
PR;FAXINAL;4107603;0,000086420646;656.779,48;;;;;;;
PR;FENIX;4107702;0,000053818816;409.012,15;;;;;;;
PR;FERNANDES PINHEIRO;4107736;0,000034043900;258.726,77;;;;;;;
PR;FIGUEIRA;4107751;0,000079174615;601.711,1;;;;;;;
PR;FLOR DA SERRA DO SUL;4107850;0,000063945357;485.971,81;;;;;;;
PR;FLORIDA;4108106;0,000031807639;241.731,64;;;;;;;
PR;FORMOSA DO OESTE;4108205;0,000081893973;622.377,68;;;;;;;
PR;FOZ DO IGUACU;4108304;0,001443770903;10.972.367,62;;;;;;;
PR;FOZ DO JORDAO;4108452;0,000073274836;556.873,97;;;;;;;
PR;FRANCISCO BELTRAO;4108403;0,001109100288;8.428.938,46;;;;;;;
PR;GENERAL CARNEIRO;4108502;0,000134273609;1.020.452,34;;;;;;;
PR;GODOY MOREIRA;4108551;0,000035498876;269.784,3;;;;;;;
PR;GOIOXIM;4108650;0,000083641350;635.657,39;;;;;;;
PR;GUAIRA;4108809;0,000350106311;2.660.737,34;;;;;;;
PR;GUAIRACA;4108908;0,000042836837;325.551,32;;;;;;;
PR;GUAMIRANGA;4108957;0,000091374822;694.430,21;;;;;;;
PR;HONORIO SERPA;4109658;0,000058748836;446.479,3;;;;;;;
PR;IBAITI;4109708;0,000320745918;2.437.604,28;;;;;;;
PR;IGUARACU;4110003;0,000072949874;554.404,33;;;;;;;
PR;IGUATU;4110052;0,000020695867;157.284,41;;;;;;;
PR;IMBAU;4110078;0,000140392723;1.066.956,37;;;;;;;
PR;IMBITUVA;4110102;0,000366800291;2.787.608,22;;;;;;;
PR;INAJA;4110300;0,000034919894;265.384,15;;;;;;;
PR;INDIANOPOLIS;4110409;0,000026560593;201.855,15;;;;;;;
PR;IPIRANGA;4110508;0,000168629689;1.281.551,62;;;;;;;
PR;IPORA;4110607;0,000132151644;1.004.325,84;;;;;;;
PR;IRACEMA DO OESTE;4110656;0,000026617302;202.286,13;;;;;;;
PR;IRATI;4110706;0,000635783834;4.831.828,89;;;;;;;
PR;IRETAMA;4110805;0,000138398334;1.051.799,42;;;;;;;
PR;ITAMBE;4111100;0,000033860309;257.331,52;;;;;;;
PR;ITAPERUCU;4111258;0,000363271595;2.760.790,84;;;;;;;
PR;ITAUNA DO SUL;4111308;0,000045689871;347.233,8;;;;;;;
PR;IVAI;4111407;0,000153870419;1.169.384,15;;;;;;;
PR;IVAIPORA;4111506;0,000307726507;2.338.659,38;;;;;;;
PR;IVATUBA;4111605;0,000010968119;83.355,49;;;;;;;
PR;JABOTI;4111704;0,000069449434;527.801,69;;;;;;;
PR;JAGUARIAIVA;4112009;0,000376315243;2.859.919,94;;;;;;;
PR;JANIOPOLIS;4112207;0,000030047065;228.351,63;;;;;;;
PR;JAPIRA;4112306;0,000053212060;404.400,92;;;;;;;
PR;JAPURA;4112405;0,000099406430;755.468,82;;;;;;;
PR;JARDIM OLINDA;4112603;0,000007682673;58.386,77;;;;;;;
PR;JATAIZINHO;4112702;0,000128236358;974.570,45;;;;;;;
PR;JESUITAS;4112751;0,000071788077;545.574,9;;;;;;;
PR;JOAQUIM TAVORA;4112801;0,000182893249;1.389.951,8;;;;;;;
PR;JUNDIAI DO SUL;4112900;0,000042268426;321.231,51;;;;;;;
PR;JURANDA;4112959;0,000080632160;612.788,15;;;;;;;
PR;JUSSARA;4113007;0,000073549987;558.965,06;;;;;;;
PR;KALORE;4113106;0,000055267861;420.024,59;;;;;;;
PR;LAPA;4113205;0,000473925981;3.601.741,85;;;;;;;
PR;LARANJAL;4113254;0,000066524616;505.573,66;;;;;;;
PR;LEOPOLIS;4113403;0,000050546398;384.142,43;;;;;;;
PR;LINDOESTE;4113452;0,000079400600;603.428,54;;;;;;;
PR;LOBATO;4113601;0,000024927542;189.444,29;;;;;;;
PR;LUIZIANA;4113734;0,000069863096;530.945,44;;;;;;;
PR;LUNARDELLI;4113759;0,000050206331;381.557,99;;;;;;;
PR;MALLET;4113908;0,00013487566;1.025.027,81;;;;;;;
PR;MAMBORE;4114005;0,000140585253;1.068.419,56;;;;;;;
PR;MANDAGUARI;4114203;0,000195328673;1.484.458,51;;;;;;;
PR;MANGUEIRINHA;4114401;0,000205939002;1.565.094,87;;;;;;;
PR;MARIA HELENA;4114708;0,000031125114;236.544,59;;;;;;;
PR;MARILENA;4115002;0,000043207740;328.370,11;;;;;;;
PR;MARILUZ;4115101;0,000106796544;811.632,19;;;;;;;
PR;MARIPA;4115358;0,000080063737;608.468,25;;;;;;;
PR;MARMELEIRO;4115408;0,000077300834;587.470,75;;;;;;;
PR;MARQUINHO;4115457;0,000055509727;421.862,73;;;;;;;
PR;MARUMBI;4115507;0,000026546303;201.746,55;;;;;;;
PR;MATELANDIA;4115606;0,000275663299;2.094.985,47;;;;;;;
PR;MATINHOS;4115705;0,00023977396;1.822.233,73;;;;;;;
PR;MATO RICO;4115739;0,000021841275;165.989,28;;;;;;;
PR;MAUA DA SERRA;4115754;0,000140843995;1.070.385,95;;;;;;;
PR;MERCEDES;4115853;0,000083752569;636.502,63;;;;;;;
PR;MIRADOR;4115903;0,000027149652;206.331,88;;;;;;;
PR;MIRASELVA;4116000;0,000022090090;167.880,23;;;;;;;
PR;MISSAL;4116059;0,000129155972;981.559,33;;;;;;;
PR;MORRETES;4116208;0,000101559459;771.831,4;;;;;;;
PR;MUNHOZ DE MELO;4116307;0,000054926531;417.430,56;;;;;;;
PR;NOVA CANTU;4116802;0,000041166055;312.853,71;;;;;;;
PR;NOVA ESPERANCA DO SUDOESTE;4116950;0,000033138665;251.847,17;;;;;;;
PR;NOVA LARANJEIRAS;4117057;0,000089547760;680.544,91;;;;;;;
PR;NOVA LONDRINA;4117107;0,000075235825;571.777,09;;;;;;;
PR;NOVA OLIMPIA;4117206;0,000073426360;558.025,52;;;;;;;
PR;NOVA PRATA DO IGUACU;4117255;0,000147648736;1.122.100,61;;;;;;;
PR;NOVA SANTA BARBARA;4117214;0,000053996838;410.365,08;;;;;;;
PR;NOVO ITACOLOMI;4117297;0,000035014556;266.103,56;;;;;;;
PR;ORTIGUEIRA;4117305;0,000248808475;1.890.894,22;;;;;;;
PR;OURIZONA;4117404;0,000036013165;273.692,79;;;;;;;
PR;OURO VERDE DO OESTE;4117453;0,000084059734;638.837,02;;;;;;;
PR;PALMAS;4117602;0,000546654021;4.154.460,29;;;;;;;
PR;PALOTINA;4117909;0,000195134202;1.482.980,57;;;;;;;
PR;PARAISO DO NORTE;4118006;0,000178323193;1.355.220,3;;;;;;;
PR;PARANÁ;41;0,082569442348;627.511.105,85;;;;;;;
PR;PARANACITY;4118105;0,00011773541;894.765,37;;;;;;;
PR;PARANAPOEMA;4118303;0,000014802380;112.495,1;;;;;;;
PR;PARANAVAI;4118402;0,00101941238;7.747.328,45;;;;;;;
PR;PATO BRAGADO;4118451;0,000090742158;689.622,1;;;;;;;
PR;PAULO FRONTIN;4118709;0,000032550490;247.377,16;;;;;;;
PR;PEABIRU;4118808;0,000071785449;545.554,93;;;;;;;
PR;PEROBAL;4118857;0,000043584254;331.231,54;;;;;;;
PR;PEROLA DOESTE;4119004;0,000074194555;563.863,65;;;;;;;
PR;PINHAO;4119301;0,000332695894;2.528.421,68;;;;;;;
PR;PIRAI DO SUL;4119400;0,000282011154;2.143.227,88;;;;;;;
PR;PITANGA;4119608;0,000357579883;2.717.534,98;;;;;;;
PR;PONTA GROSSA;4119905;0,003175294533;24.131.597,93;;;;;;;
PR;PONTAL DO PARANA;4119954;0,000194131849;1.475.362,89;;;;;;;
PR;PORTO AMAZONAS;4120101;0,000053188001;404.218,08;;;;;;;
PR;PORTO BARREIRO;4120150;0,000034067871;258.908,95;;;;;;;
PR;PORTO VITORIA;4120309;0,000047483972;360.868,61;;;;;;;
PR;PRADO FERREIRA;4120333;0,000056143816;426.681,68;;;;;;;
PR;PRIMEIRO DE MAIO;4120507;0,000085430693;649.256,03;;;;;;;
PR;QUATRO BARRAS;4120804;0,000256730404;1.951.099,28;;;;;;;
PR;QUATRO PONTES;4120853;0,000063353987;481.477,52;;;;;;;
PR;QUEDAS DO IGUACU;4120903;0,000363309308;2.761.077,45;;;;;;;
PR;RAMILANDIA;4121257;0,000061114750;464.459,77;;;;;;;
PR;RESERVA DO IGUACU;4121752;0,000103500823;786.585,38;;;;;;;
PR;RIBEIRAO DO PINHAL;4121901;0,000078468193;596.342,44;;;;;;;
PR;RIO AZUL;4122008;0,000149828115;1.138.663,45;;;;;;;
PR;RIO BONITO DO IGUACU;4122156;0,000167556668;1.273.396,88;;;;;;;
PR;RIO BRANCO DO SUL;4122206;0,000203063967;1.543.245,19;;;;;;;
PR;RIO NEGRO;4122305;0,000356732957;2.711.098,51;;;;;;;
PR;RONCADOR;4122503;0,000115184935;875.382,27;;;;;;;
PR;RONDON;4122602;0,000105082801;798.608,09;;;;;;;
PR;SABAUDIA;4122701;0,000135600984;1.030.540,12;;;;;;;
PR;SALTO DO LONTRA;4123006;0,00016693883;1.268.701,43;;;;;;;
PR;SANTA CECILIA DO PAVAO;4123204;0,000022078680;167.793,51;;;;;;;
PR;SANTA CRUZ DE MONTE CASTELO;4123303;0,000119208414;905.959,9;;;;;;;
PR;SANTA INES;4123600;0,000021352397;162.273,91;;;;;;;
PR;SANTA LUCIA;4123824;0,000018978939;144.236,11;;;;;;;
PR;SANTA MARIA DO OESTE;4123857;0,000108095951;821.507,42;;;;;;;
PR;SANTA MARIANA;4123907;0,000048376681;367.653,02;;;;;;;
PR;SANTA TEREZA DO OESTE;4124020;0,000090744419;689.639,28;;;;;;;
PR;SANTA TEREZINHA DE ITAIPU;4124053;0,000295352671;2.244.620,72;;;;;;;
PR;SANTANA DO ITARARE;4124004;0,000070702543;537.325,06;;;;;;;
PR;SANTO ANTONIO DO CAIUA;4124202;0,000032092717;243.898,18;;;;;;;
PR;SANTO ANTONIO DO PARAISO;4124301;0,000025451733;193.428,04;;;;;;;
PR;SANTO ANTONIO DO SUDOESTE;4124400;0,000249926603;1.899.391,77;;;;;;;
PR;SAO CARLOS DO IVAI;4124608;0,000085044586;646.321,7;;;;;;;
PR;SAO JOAO;4124806;0,000152213162;1.156.789,33;;;;;;;
PR;SAO JOAO DO CAIUA;4124905;0,000092230548;700.933,56;;;;;;;
PR;SAO JORGE DO IVAI;4125308;0,000057648526;438.117,17;;;;;;;
PR;SAO JORGE DO PATROCINIO;4125357;0,000035436952;269.313,69;;;;;;;
PR;SAO JORGE DOESTE;4125209;0,000057367299;435.979,9;;;;;;;
PR;SAO JOSE DA BOA VISTA;4125407;0,000031969404;242.961,02;;;;;;;
PR;SAO JOSE DAS PALMEIRAS;4125456;0,000045888180;348.740,91;;;;;;;
PR;SAO MANOEL DO PARANA;4125555;0,000024651059;187.343,08;;;;;;;
PR;SAO MATEUS DO SUL;4125605;0,000504685921;3.835.511,19;;;;;;;
PR;SAO PEDRO DO IGUACU;4125753;0,000037115296;282.068,76;;;;;;;
PR;SAO PEDRO DO PARANA;4125902;0,000034422744;261.605,91;;;;;;;
PR;SAO SEBASTIAO DA AMOREIRA;4126009;0,000082646514;628.096,83;;;;;;;
PR;SAO TOME;4126108;0,000032619469;247.901,38;;;;;;;
PR;SAPOPEMA;4126207;0,000100432344;763.265,56;;;;;;;
PR;SAUDADE DO IGUACU;4126272;0,000088639666;673.643,58;;;;;;;
PR;SENGES;4126306;0,000232588911;1.767.628,81;;;;;;;
PR;SERRANOPOLIS DO IGUACU;4126355;0,000062263017;473.186,37;;;;;;;
PR;SERTANEJA;4126405;0,000028941305;219.948,08;;;;;;;
PR;SERTANOPOLIS;4126504;0,000074021488;562.548,38;;;;;;;
PR;SULINA;4126652;0,000039789173;302.389,69;;;;;;;
PR;TAPEJARA;4126801;0,000184350741;1.401.028,44;;;;;;;
PR;TEIXEIRA SOARES;4127007;0,000113208404;860.361,03;;;;;;;
PR;TERRA BOA;4127205;0,000239872175;1.822.980,14;;;;;;;
PR;TERRA ROXA;4127403;0,000214594896;1.630.877,92;;;;;;;
PR;TUNAS DO PARANA;4127882;0,000091049169;691.955,32;;;;;;;
PR;TUNEIRAS DO OESTE;4127908;0,000098159405;745.991,68;;;;;;;
PR;TUPASSI;4127957;0,000043908766;333.697,76;;;;;;;
PR;TURVO;4127965;0,00018505172;1.406.355,74;;;;;;;
PR;UNIAO DA VITORIA;4128203;0,000591770154;4.497.333,8;;;;;;;
PR;URAI;4128401;0,000080146090;609.094,12;;;;;;;
PR;VENTANIA;4128534;0,000111452505;847.016,56;;;;;;;
PR;VERA CRUZ DO OESTE;4128559;0,000085682405;651.168,99;;;;;;;
PR;VIRMOND;4128658;0,000050497017;383.767,14;;;;;;;
RN;ACARI;2400109;0,000062358322;473.910,68;;;;;;;
RN;ACU;2400208;0,000481086347;3.656.159,2;;;;;;;
RN;AFONSO BEZERRA;2400307;0,000054740100;416.013,72;;;;;;;
RN;ALEXANDRIA;2400505;0,000153872476;1.169.399,78;;;;;;;
RN;ALMINO AFONSO;2400604;0,000032087654;243.859,7;;;;;;;
RN;ALTO DO RODRIGUES;2400703;0,000222581671;1.691.575,8;;;;;;;
RN;ANGICOS;2400802;0,000098143127;745.867,97;;;;;;;
RN;ANTONIO MARTINS;2400901;0,000065202765;495.527,86;;;;;;;
RN;APODI;2401008;0,000256794965;1.951.589,93;;;;;;;
RN;AUGUSTO SEVERO;2401305;0,000093185733;708.192,77;;;;;;;
RN;BAIA FORMOSA;2401404;0,000120968202;919.333,93;;;;;;;
RN;BARAUNA;2401453;0,000344074697;2.614.898,29;;;;;;;
RN;BREJINHO;2401800;0,000122361066;929.919,42;;;;;;;
RN;CAICARA DO NORTE;2401859;0,000060110245;456.825,74;;;;;;;
RN;CAICO;2402006;0,00043605702;3.313.945,39;;;;;;;
RN;CANGUARETAMA;2402204;0,000498460313;3.788.197,83;;;;;;;
RN;CARAUBAS;2402303;0,000228594211;1.737.269,89;;;;;;;
RN;CARNAUBAIS;2402501;0,000116236536;883.374,23;;;;;;;
RN;CEARA MIRIM;2402600;0,000853533667;6.486.683,69;;;;;;;
RN;CERRO CORA;2402709;0,000146805266;1.115.690,41;;;;;;;
RN;CORONEL EZEQUIEL;2402808;0,000081544401;619.721,00;;;;;;;
RN;CRUZETA;2403004;0,000096406739;732.671,77;;;;;;;
RN;CURRAIS NOVOS;2403103;0,000210247263;1.597.836,79;;;;;;;
RN;DOUTOR SEVERIANO;2403202;0,000124233163;944.146,98;;;;;;;
RN;ENCANTO;2403301;0,000048547197;368.948,9;;;;;;;
RN;EQUADOR;2403400;0,000080699759;613.301,89;;;;;;;
RN;EXTREMOZ;2403608;0,000854997334;6.497.807,27;;;;;;;
RN;FELIPE GUERRA;2403707;0,000079165847;601.644,47;;;;;;;
RN;FERNANDO PEDROZA;2403756;0,000041915421;318.548,74;;;;;;;
RN;GALINHOS;2404101;0,000049374001;375.232,45;;;;;;;
RN;GOVERNADOR DIX-SEPT ROSADO;2404309;0,000054766693;416.215,82;;;;;;;
RN;GUAMARE;2404507;0,00026212043;1.992.062,39;;;;;;;
RN;IPANGUACU;2404705;0,000155763068;1.183.767,9;;;;;;;
RN;IPUEIRA;2404804;0,000027336455;207.751,54;;;;;;;
RN;ITAJA;2404853;0,000105317457;800.391,43;;;;;;;
RN;ITAU;2404903;0,000030108796;228.820,78;;;;;;;
RN;JACANA;2405009;0,000115185064;875.383,25;;;;;;;
RN;JANDUIS;2405207;0,000077499407;588.979,86;;;;;;;
RN;JAPI;2405405;0,000039620753;301.109,73;;;;;;;
RN;JARDIM DO SERIDO;2405702;0,000095104335;722.773,76;;;;;;;
RN;JOAO CAMARA;2405801;0,000189664753;1.441.413,86;;;;;;;
RN;JOAO DIAS;2405900;0,000035911453;272.919,8;;;;;;;
RN;JOSE DA PENHA;2406007;0,000069692250;529.647,04;;;;;;;
RN;JUNDIA;2406155;0,000059298096;450.653,57;;;;;;;
RN;LAGOA DE PEDRAS;2406304;0,000061275930;465.684,71;;;;;;;
RN;LAGOA DE VELHOS;2406403;0,000055370415;420.803,98;;;;;;;
RN;LAGOA NOVA;2406502;0,00024253996;1.843.254,77;;;;;;;
RN;LAGOA SALGADA;2406601;0,000119926649;911.418,34;;;;;;;
RN;LUCRECIA;2406908;0,000046657349;354.586,44;;;;;;;
RN;LUIS GOMES;2407005;0,000114901425;873.227,65;;;;;;;
RN;MAJOR SALES;2407252;0,000074733103;567.956,51;;;;;;;
RN;MARCELINO VIEIRA;2407302;0,000069701530;529.717,57;;;;;;;
RN;MARTINS;2407401;0,000097562174;741.452,84;;;;;;;
RN;MESSIAS TARGINO;2407609;0,000024290234;184.600,88;;;;;;;
RN;MONTANHAS;2407708;0,000084925773;645.418,74;;;;;;;
RN;MONTE ALEGRE;2407807;0,000348491711;2.648.466,71;;;;;;;
RN;MONTE DAS GAMELEIRAS;2407906;0,000054218244;412.047,72;;;;;;;
RN;NOVA CRUZ;2408300;0,000160423731;1.219.187,99;;;;;;;
RN;OLHO DAGUA DO BORGES;2408409;0,000035246116;267.863,37;;;;;;;
RN;PARANA;2408607;0,000050319445;382.417,63;;;;;;;
RN;PASSAGEM;2409209;0,000028760157;218.571,39;;;;;;;
RN;PEDRA PRETA;2409605;0,000035527884;270.004,75;;;;;;;
RN;PEDRO AVELINO;2409704;0,000075594204;574.500,7;;;;;;;
RN;PENDENCIAS;2409902;0,00012948762;984.079,79;;;;;;;
RN;POCO BRANCO;2410108;0,000074902742;569.245,73;;;;;;;
RN;PORTALEGRE;2410207;0,000113109809;859.611,73;;;;;;;
RN;PRESIDENTE JUSCELINO;2410306;0,000217320154;1.651.589,33;;;;;;;
RN;RAFAEL GODEIRO;2410603;0,000063567228;483.098,11;;;;;;;
RN;RIACHO DE SANTANA;2410801;0,000050673227;385.106,3;;;;;;;
RN;RIACHUELO;2410900;0,000106423568;808.797,65;;;;;;;
RN;RODOLFO FERNANDES;2411007;0,000062624033;475.930,02;;;;;;;
RN;RUY BARBOSA;2411106;0,000055661492;423.016,11;;;;;;;
RN;SANTANA DO MATOS;2411403;0,000056824110;431.851,77;;;;;;;
RN;SAO BENTO DO NORTE;2411601;0,000073891649;561.561,63;;;;;;;
RN;SAO FRANCISCO DO OESTE;2411908;0,000067875004;515.836,34;;;;;;;
RN;SAO GONCALO DO AMARANTE;2412005;0,001136383567;8.636.285,88;;;;;;;
RN;SAO JOAO DO SABUGI;2412104;0,000075340431;572.572,08;;;;;;;
RN;SAO JOSE DE MIPIBU;2412203;0,000740683538;5.629.045,48;;;;;;;
RN;SAO MIGUEL;2412500;0,000323589005;2.459.211,16;;;;;;;
RN;SAO PEDRO;2412708;0,000038177270;290.139,55;;;;;;;
RN;SAO TOME;2412906;0,000175946969;1.337.161,47;;;;;;;
RN;SENADOR GEORGINO AVELINO;2413201;0,000034654453;263.366,85;;;;;;;
RN;SERRA DE SAO BENTO;2413300;0,000077182436;586.570,94;;;;;;;
RN;SERRA DO MEL;2413359;0,000226649431;1.722.489,96;;;;;;;
RN;SERRINHA;2413508;0,000107984404;820.659,69;;;;;;;
RN;SERRINHA DOS PINTOS;2413557;0,000068334714;519.330,04;;;;;;;
RN;TABOLEIRO GRANDE;2413805;0,000035474068;269.595,76;;;;;;;
RN;TENENTE ANANIAS;2414100;0,000165531815;1.258.008,4;;;;;;;
RN;TENENTE LAURENTINO CRUZ;2414159;0,00011787251;895.807,3;;;;;;;
RN;TIBAU;2411056;0,000029287452;222.578,73;;;;;;;
RN;TIBAU DO SUL;2414209;0,000114294784;868.617,3;;;;;;;
RN;TIMBAUBA DOS BATISTAS;2414308;0,000013543693;102.929,33;;;;;;;
RN;TOUROS;2414407;0,000499059383;3.792.750,64;;;;;;;
RN;UMARIZAL;2414506;0,000082821246;629.424,76;;;;;;;
RN;VARZEA;2414704;0,000025404078;193.065,87;;;;;;;
RN;VENHA-VER;2414753;0,000070753277;537.710,63;;;;;;;
RN;VERA CRUZ;2414803;0,000217454516;1.652.610,46;;;;;;;
RO;ALTA FLORESTA DOESTE;1100015;0,000257450896;1.956.574,88;;;;;;;
RO;ALTO ALEGRE DOS PARECIS;1100379;0,000172740038;1.312.789,44;;;;;;;
RO;ALTO PARAISO;1100403;0,000144780671;1.100.303,89;;;;;;;
RO;ALVORADA DOESTE;1100346;0,000067667347;514.258,19;;;;;;;
RO;ARIQUEMES;1100023;0,001034441874;7.861.549,57;;;;;;;
RO;BURITIS;1100452;0,000149475821;1.135.986,09;;;;;;;
RO;CABIXI;1100031;0,000061974108;470.990,72;;;;;;;
RO;CACAULANDIA;1100601;0,000026573049;201.949,81;;;;;;;
RO;CASTANHEIRAS;1100908;0,000045826944;348.275,53;;;;;;;
RO;CHUPINGUAIA;1100924;0,000125238803;951.789,64;;;;;;;
RO;COLORADO DO OESTE;1100064;0,000170998956;1.299.557,57;;;;;;;
RO;CORUMBIARA;1100072;0,000044419794;337.581,47;;;;;;;
RO;ESPIGAO DOESTE;1100098;0,000297925889;2.264.176,66;;;;;;;
RO;GOVERNADOR JORGE TEIXEIRA;1101005;0,000089904672;683.257,37;;;;;;;
RO;ITAPUA DO OESTE;1101104;0,000063603963;483.377,29;;;;;;;
RO;MACHADINHO DOESTE;1100130;0,000335231818;2.547.694,19;;;;;;;
RO;MONTE NEGRO;1101401;0,000160958759;1.223.254,1;;;;;;;
RO;NOVA MAMORE;1100338;0,000311117501;2.364.430,25;;;;;;;
RO;NOVA UNIAO;1101435;0,000040183643;305.387,58;;;;;;;
RO;NOVO HORIZONTE DO OESTE;1100502;0,000036982841;281.062,13;;;;;;;
RO;PARECIS;1101450;0,000045200191;343.512,33;;;;;;;
RO;PIMENTEIRAS DO OESTE;1101468;0,000030778047;233.906,95;;;;;;;
RO;PRESIDENTE MEDICI;1100254;0,000074408647;565.490,71;;;;;;;
RO;PRIMAVERA DE RONDONIA;1101476;0,000040378085;306.865,3;;;;;;;
RO;RIO CRESPO;1100262;0,000038756252;294.539,7;;;;;;;
RO;ROLIM DE MOURA;1100288;0,000572163436;4.348.326,7;;;;;;;
RO;SAO FELIPE DOESTE;1101484;0,000048752026;370.505,56;;;;;;;
RO;SAO FRANCISCO DO GUAPORE;1101492;0,000241989503;1.839.071,41;;;;;;;
RO;SAO MIGUEL DO GUAPORE;1100320;0,000250667116;1.905.019,52;;;;;;;
RO;SERINGUEIRAS;1101500;0,000120081911;912.598,3;;;;;;;
RO;TEIXEIROPOLIS;1101559;0,000027933610;212.289,8;;;;;;;
RO;VALE DO PARAISO;1101807;0,000077221489;586.867,74;;;;;;;
RR;ALTO ALEGRE;1400050;0,000160517048;1.219.897,19;;;;;;;
RR;AMAJARI;1400027;0,000119367492;907.168,86;;;;;;;
RR;CANTA;1400175;0,000241822846;1.837.804,85;;;;;;;
RR;CARACARAI;1400209;0,000144435705;1.097.682,22;;;;;;;
RR;IRACEMA;1400282;0,000096073280;730.137,55;;;;;;;
RR;MUCAJAI;1400308;0,000142828223;1.085.465,68;;;;;;;
RR;NORMANDIA;1400407;0,000296763088;2.255.339,61;;;;;;;
RS;ACEGUA;4300034;0,000036573504;277.951,26;;;;;;;
RS;AJURICABA;4300208;0,000062448866;474.598,78;;;;;;;
RS;ALECRIM;4300307;0,000018667343;141.868,04;;;;;;;
RS;ALEGRIA;4300455;0,000040182521;305.379,05;;;;;;;
RS;ALPESTRE;4300505;0,000071711886;544.995,87;;;;;;;
RS;ALTO ALEGRE;4300554;0,000006409938;48.714,24;;;;;;;
RS;ALTO FELIZ;4300570;0,000040952161;311.228,16;;;;;;;
RS;ANTA GORDA;4300703;0,000013527869;102.809,08;;;;;;;
RS;ARATIBA;4300901;0,000067818237;515.404,92;;;;;;;
RS;ARROIO DO MEIO;4301008;0,000314544573;2.390.475,3;;;;;;;
RS;ARROIO DO TIGRE;4301206;0,000125154302;951.147,45;;;;;;;
RS;ARROIO GRANDE;4301305;0,000117230498;890.928,14;;;;;;;
RS;BARAO DE COTEGIPE;4301701;0,000029466974;223.943,06;;;;;;;
RS;BARRA DO GUARITA;4301859;0,000044102156;335.167,49;;;;;;;
RS;BARRA DO RIBEIRO;4301909;0,000076522359;581.554,49;;;;;;;
RS;BARRA DO RIO AZUL;4301925;0,000004150681;31.544,34;;;;;;;
RS;BARRACAO;4301800;0,000059116980;449.277,12;;;;;;;
RS;BARROS CASSAL;4302006;0,000073179538;556.149,73;;;;;;;
RS;BENJAMIN CONSTANT DO SUL;4302055;0,000012674385;96.322,77;;;;;;;
RS;BOA VISTA DAS MISSOES;4302154;0,000027935955;212.307,62;;;;;;;
RS;BOA VISTA DO BURICA;4302204;0,000046139383;350.650,00;;;;;;;
RS;BOA VISTA DO CADEADO;4302220;0,000028954687;220.049,78;;;;;;;
RS;BOM PROGRESSO;4302378;0,000013314509;101.187,58;;;;;;;
RS;BOM RETIRO DO SUL;4302402;0,000161480442;1.227.218,79;;;;;;;
RS;BOZANO;4302584;0,000015686482;119.214,1;;;;;;;
RS;BROCHIER;4302659;0,000048574542;369.156,72;;;;;;;
RS;BUTIA;4302709;0,000212353484;1.613.843,64;;;;;;;
RS;CACHOEIRINHA;4303103;0,001345142902;10.222.814,71;;;;;;;
RS;CAIBATE;4303301;0,000041470889;315.170,39;;;;;;;
RS;CAICARA;4303400;0,000004940717;37.548,45;;;;;;;
RS;CAMARGO;4303558;0,000017805387;135.317,35;;;;;;;
RS;CAMPINA DAS MISSOES;4303707;0,000059426419;451.628,8;;;;;;;
RS;CAMPINAS DO SUL;4303806;0,000020066085;152.498,2;;;;;;;
RS;CAMPO BOM;4303905;0,000457053354;3.473.513,29;;;;;;;
RS;CAMPO NOVO;4304002;0,000049365965;375.171,38;;;;;;;
RS;CAMPOS BORGES;4304101;0,000035393970;268.987,03;;;;;;;
RS;CANDELARIA;4304200;0,000250730929;1.905.504,48;;;;;;;
RS;CANDIDO GODOI;4304309;0,000055015068;418.103,42;;;;;;;
RS;CANELA;4304408;0,000255867816;1.944.543,79;;;;;;;
RS;CANGUCU;4304507;0,000461218763;3.505.169,56;;;;;;;
RS;CANUDOS DO VALE;4304614;0,000019537444;148.480,63;;;;;;;
RS;CAPAO BONITO DO SUL;4304622;0,000027424224;208.418,57;;;;;;;
RS;CARAA;4304713;0,000081865492;622.161,23;;;;;;;
RS;CARLOS BARBOSA;4304804;0,00028700476;2.181.178,28;;;;;;;
RS;CARLOS GOMES;4304853;0,000014170228;107.690,87;;;;;;;
RS;CASCA;4304903;0,000039430698;299.665,35;;;;;;;
RS;CENTENARIO;4305116;0,000008594067;65.313,18;;;;;;;
RS;CERRO BRANCO;4305132;0,000017536587;133.274,52;;;;;;;
RS;CERRO GRANDE;4305157;0,000015498048;117.782,04;;;;;;;
RS;CERRO GRANDE DO SUL;4305173;0,000078019711;592.934,07;;;;;;;
RS;CHARQUEADAS;4305355;0,000354433249;2.693.621,2;;;;;;;
RS;CHARRUA;4305371;0,000013288561;100.990,38;;;;;;;
RS;CHIAPETTA;4305405;0,000038340080;291.376,87;;;;;;;
RS;CHUVISCA;4305447;0,000026166134;198.857,34;;;;;;;
RS;CIRIACO;4305504;0,000016070048;122.129,12;;;;;;;
RS;COLINAS;4305587;0,000033677623;255.943,14;;;;;;;
RS;COQUEIRO BAIXO;4305835;0,000008024294;60.983,02;;;;;;;
RS;CORONEL BARROS;4305871;0,000021124896;160.544,95;;;;;;;
RS;CORONEL PILAR;4305934;0,000007774261;59.082,82;;;;;;;
RS;COTIPORA;4305959;0,000041971985;318.978,62;;;;;;;
RS;COXILHA;4305975;0,000051387266;390.532,86;;;;;;;
RS;CRISTAL;4306056;0,000067670641;514.283,22;;;;;;;
RS;CRISTAL DO SUL;4306072;0,000025850117;196.455,67;;;;;;;
RS;CRUZ ALTA;4306106;0,000478122864;3.633.637,32;;;;;;;
RS;DAVID CANABARRO;4306304;0,000010350865;78.664,49;;;;;;;
RS;DERRUBADAS;4306320;0,000039013994;296.498,48;;;;;;;
RS;DEZESSEIS DE NOVEMBRO;4306353;0,000008887228;67.541,14;;;;;;;
RS;DOIS IRMAOS;4306403;0,00042102421;3.199.699,07;;;;;;;
RS;DOIS IRMAOS DAS MISSOES;4306429;0,000014938307;113.528,12;;;;;;;
RS;DOIS LAJEADOS;4306452;0,000014533089;110.448,54;;;;;;;
RS;DOM PEDRITO;4306601;0,000133766362;1.016.597,37;;;;;;;
RS;DOM PEDRO DE ALCANTARA;4306551;0,000031479772;239.239,92;;;;;;;
RS;DONA FRANCISCA;4306700;0,000021986514;167.093,07;;;;;;;
RS;DOUTOR MAURICIO CARDOSO;4306734;0,000052969731;402.559,27;;;;;;;
RS;DOUTOR RICARDO;4306759;0,000008016772;60.925,85;;;;;;;
RS;ELDORADO DO SUL;4306767;0,000236172215;1.794.861,19;;;;;;;
RS;ENGENHO VELHO;4306924;0,000017463315;132.717,67;;;;;;;
RS;ENTRE-IJUIS;4306932;0,000037695204;286.475,95;;;;;;;
RS;EREBANGO;4306973;0,000028893127;219.581,94;;;;;;;
RS;ERECHIM;4307005;0,000677593893;5.149.576,9;;;;;;;
RS;ERVAL GRANDE;4307203;0,000060305754;458.311,57;;;;;;;
RS;ERVAL SECO;4307302;0,000080917384;614.955,8;;;;;;;
RS;ESMERALDA;4307401;0,000035793494;272.023,33;;;;;;;
RS;ESPERANCA DO SUL;4307450;0,000057427139;436.434,67;;;;;;;
RS;ESPUMOSO;4307500;0,000110559933;840.233,19;;;;;;;
RS;ESTEIO;4307708;0,000967684542;7.354.207,32;;;;;;;
RS;ESTRELA VELHA;4307815;0,000035432666;269.281,11;;;;;;;
RS;FAGUNDES VARELA;4307864;0,000025158300;191.198,01;;;;;;;
RS;FAXINAL DO SOTURNO;4308003;0,000042588861;323.666,75;;;;;;;
RS;FAXINALZINHO;4308052;0,000009534146;72.457,59;;;;;;;
RS;FAZENDA VILANOVA;4308078;0,000076967319;584.936,1;;;;;;;
RS;FLORIANO PEIXOTO;4308250;0,000008462567;64.313,8;;;;;;;
RS;FONTOURA XAVIER;4308300;0,000087090085;661.867,08;;;;;;;
RS;FORMIGUEIRO;4308409;0,000023606699;179.406,15;;;;;;;
RS;FORQUETINHA;4308433;0,000033244513;252.651,59;;;;;;;
RS;FORTALEZA DOS VALOS;4308458;0,000053530171;406.818,5;;;;;;;
RS;FREDERICO WESTPHALEN;4308508;0,000242811703;1.845.319,96;;;;;;;
RS;GARIBALDI;4308607;0,000316783683;2.407.492,09;;;;;;;
RS;GARRUCHOS;4308656;0,000020200968;153.523,28;;;;;;;
RS;GENTIL;4308854;0,000018522342;140.766,06;;;;;;;
RS;GETULIO VARGAS;4308904;0,000163760523;1.244.546,94;;;;;;;
RS;GIRUA;4309001;0,000158926108;1.207.806,36;;;;;;;
RS;GLORINHA;4309050;0,000129522797;984.347,13;;;;;;;
RS;GRAMADO;4309100;0,000540144587;4.104.989,9;;;;;;;
RS;HARMONIA;4309555;0,000074549385;566.560,29;;;;;;;
RS;HERVEIRAS;4309571;0,000028113233;213.654,9;;;;;;;
RS;HORIZONTINA;4309605;0,00026102082;1.983.705,58;;;;;;;
RS;HUMAITA;4309704;0,000068084078;517.425,26;;;;;;;
RS;IBIACA;4309803;0,000042414927;322.344,89;;;;;;;
RS;IBIRAPUITA;4309951;0,000039738342;302.003,38;;;;;;;
RS;IBIRUBA;4310009;0,000183926425;1.397.803,73;;;;;;;
RS;ILOPOLIS;4310306;0,000039985210;303.879,53;;;;;;;
RS;IMBE;4310330;0,00045512303;3.458.843,22;;;;;;;
RS;IMIGRANTE;4310363;0,000038825943;295.069,33;;;;;;;
RS;INHACORA;4310413;0,000030303161;230.297,91;;;;;;;
RS;IPIRANGA DO SUL;4310462;0,000026031698;197.835,65;;;;;;;
RS;IRAI;4310504;0,000039295692;298.639,33;;;;;;;
RS;ITACURUBI;4310553;0,000018317026;139.205,7;;;;;;;
RS;ITAPUCA;4310579;0,000015573779;118.357,58;;;;;;;
RS;ITATI;4310652;0,000031955001;242.851,56;;;;;;;
RS;ITATIBA DO SUL;4310702;0,000023089031;175.471,98;;;;;;;
RS;IVORA;4310751;0,000004653140;35.362,93;;;;;;;
RS;JABOTICABA;4310850;0,000019861388;150.942,54;;;;;;;
RS;JACUTINGA;4310900;0,000036276592;275.694,78;;;;;;;
RS;JAGUARI;4311106;0,000076726762;583.107,91;;;;;;;
RS;JARI;4311130;0,000039080700;297.005,44;;;;;;;
RS;JOIA;4311155;0,000048967915;372.146,28;;;;;;;
RS;JULIO DE CASTILHOS;4311205;0,000174314205;1.324.752,8;;;;;;;
RS;LAGOA BONITA DO SUL;4311239;0,000022508069;171.056,78;;;;;;;
RS;LAGOA DOS TRES CANTOS;4311270;0,000009751961;74.112,94;;;;;;;
RS;LAGOA VERMELHA;4311304;0,000199546143;1.516.510,43;;;;;;;
RS;LAGOAO;4311254;0,000054216485;412.034,35;;;;;;;
RS;LINHA NOVA;4311643;0,000006716239;51.042,06;;;;;;;
RS;MAMPITUBA;4311734;0,000039792693;302.416,44;;;;;;;
RS;MARATA;4311791;0,000013785233;104.764,99;;;;;;;
RS;MARIANO MORO;4312005;0,000007013322;53.299,83;;;;;;;
RS;MARQUES DE SOUZA;4312054;0,000021928351;166.651,04;;;;;;;
RS;MATO QUEIMADO;4312179;0,000011727815;89.129,03;;;;;;;
RS;MAXIMILIANO DE ALMEIDA;4312203;0,000035381009;268.888,53;;;;;;;
RS;MONTAURI;4312351;0,000015866253;120.580,32;;;;;;;
RS;MONTE ALEGRE DOS CAMPOS;4312377;0,000052381390;398.088,00;;;;;;;
RS;MONTE BELO DO SUL;4312385;0,000034166716;259.660,15;;;;;;;
RS;MONTENEGRO;4312401;0,000613576671;4.663.058,93;;;;;;;
RS;MORMACO;4312427;0,000015136494;115.034,3;;;;;;;
RS;MORRINHOS DO SUL;4312443;0,000016118279;122.495,67;;;;;;;
RS;MORRO REDONDO;4312450;0,000060395717;458.995,27;;;;;;;
RS;MORRO REUTER;4312476;0,000068669159;521.871,76;;;;;;;
RS;MOSTARDAS;4312500;0,000150673308;1.145.086,75;;;;;;;
RS;MULITERNO;4312625;0,000003038785;23.094,15;;;;;;;
RS;NICOLAU VERGUEIRO;4312674;0,000009686131;73.612,64;;;;;;;
RS;NOVA ALVORADA;4312757;0,000032480175;246.842,78;;;;;;;
RS;NOVA BASSANO;4312906;0,000049621724;377.115,09;;;;;;;
RS;NOVA BOA VISTA;4312955;0,000034488415;262.105,00;;;;;;;
RS;NOVA BRESCIA;4313003;0,000014467925;109.953,31;;;;;;;
RS;NOVA CANDELARIA;4313011;0,000047252278;359.107,78;;;;;;;
RS;NOVA PADUA;4313086;0,000011475281;87.209,82;;;;;;;
RS;NOVA PALMA;4313102;0,000014525565;110.391,36;;;;;;;
RS;NOVA PRATA;4313300;0,000127718221;970.632,72;;;;;;;
RS;NOVA ROMA DO SUL;4313359;0,000035603659;270.580,63;;;;;;;
RS;NOVA SANTA RITA;4313375;0,000446009793;3.389.584,46;;;;;;;
RS;NOVO BARREIRO;4313490;0,000043201158;328.320,09;;;;;;;
RS;NOVO TIRADENTES;4313441;0,000031018351;235.733,21;;;;;;;
RS;PAIM FILHO;4313607;0,000019962754;151.712,9;;;;;;;
RS;PALMITINHO;4313805;0,000037406824;284.284,32;;;;;;;
RS;PANTANO GRANDE;4313953;0,000137324919;1.043.641,68;;;;;;;
RS;PARAISO DO SUL;4314027;0,000028754400;218.527,64;;;;;;;
RS;PASSA SETE;4314068;0,000045233783;343.767,63;;;;;;;
RS;PASSO DO SOBRADO;4314076;0,000056961052;432.892,5;;;;;;;
RS;PAULO BENTO;4314134;0,000021329053;162.096,5;;;;;;;
RS;PEDRO OSORIO;4314209;0,000057269206;435.234,41;;;;;;;
RS;PICADA CAFE;4314423;0,000068841827;523.184,00;;;;;;;
RS;PINHAL;4314456;0,000044574197;338.754,91;;;;;;;
RS;PINHAL DA SERRA;4314464;0,000027313721;207.578,77;;;;;;;
RS;PINHEIRO MACHADO;4314506;0,000058538359;444.879,72;;;;;;;
RS;PIRAPO;4314555;0,000005746398;43.671,47;;;;;;;
RS;PIRATINI;4314605;0,000055637397;422.832,99;;;;;;;
RS;PLANALTO;4314704;0,000057085662;433.839,52;;;;;;;
RS;POCO DAS ANTAS;4314753;0,000023617810;179.490,59;;;;;;;
RS;PONTE PRETA;4314787;0,000007169636;54.487,79;;;;;;;
RS;PORTO LUCENA;4315008;0,000024472477;185.985,89;;;;;;;
RS;PORTO MAUA;4315057;0,000022126309;168.155,49;;;;;;;
RS;PORTO VERA CRUZ;4315073;0,000006932231;52.683,56;;;;;;;
RS;POUSO NOVO;4315131;0,000018486919;140.496,86;;;;;;;
RS;PRESIDENTE LUCENA;4315149;0,000041335885;314.144,39;;;;;;;
RS;PROGRESSO;4315156;0,000046874336;356.235,5;;;;;;;
RS;PROTASIO ALVES;4315172;0,000021614497;164.265,82;;;;;;;
RS;PUTINGA;4315206;0,000029175979;221.731,55;;;;;;;
RS;QUARAI;4315305;0,000194269168;1.476.406,49;;;;;;;
RS;QUINZE DE NOVEMBRO;4315354;0,000056954925;432.845,94;;;;;;;
RS;REDENTORA;4315404;0,000063256139;480.733,9;;;;;;;
RS;RELVADO;4315453;0,000015308732;116.343,28;;;;;;;
RS;RIO DOS INDIOS;4315552;0,000026145145;198.697,83;;;;;;;
RS;RIOZINHO;4315750;0,000045978788;349.429,51;;;;;;;
RS;ROCA SALES;4315800;0,000097599927;741.739,76;;;;;;;
RS;RODEIO BONITO;4315909;0,000075902331;576.842,4;;;;;;;
RS;ROLANTE;4316006;0,000280625541;2.132.697,5;;;;;;;
RS;ROQUE GONZALES;4316303;0,000055897821;424.812,16;;;;;;;
RS;SAGRADA FAMILIA;4316428;0,000013747878;104.481,1;;;;;;;
RS;SALDANHA MARINHO;4316436;0,000028519255;216.740,59;;;;;;;
RS;SALTO DO JACUI;4316451;0,000090522302;687.951,23;;;;;;;
RS;SALVADOR DAS MISSOES;4316477;0,000014293815;108.630,11;;;;;;;
RS;SANANDUVA;4316600;0,000141429127;1.074.832,84;;;;;;;
RS;SANTA BARBARA DO SUL;4316709;0,000085521904;649.949,22;;;;;;;
RS;SANTA CECILIA DO SUL;4316733;0,000027465954;208.735,71;;;;;;;
RS;SANTA CLARA DO SUL;4316758;0,000072298899;549.457,05;;;;;;;
RS;SANTA CRUZ DO SUL;4316808;0,001067196173;8.110.475,64;;;;;;;
RS;SANTANA DA BOA VISTA;4317004;0,000051375111;390.440,48;;;;;;;
RS;SANTANA DO LIVRAMENTO;4317103;0,000469313318;3.566.686,55;;;;;;;
RS;SANTO ANGELO;4317509;0,000488705909;3.714.066,33;;;;;;;
RS;SANTO ANTONIO DA PATRULHA;4317608;0,000349649255;2.657.263,81;;;;;;;
RS;SANTO ANTONIO DAS MISSOES;4317707;0,000101729048;773.120,24;;;;;;;
RS;SANTO ANTONIO DO PALMA;4317558;0,000020102794;152.777,18;;;;;;;
RS;SANTO EXPEDITO DO SUL;4317954;0,000021708561;164.980,68;;;;;;;
RS;SAO DOMINGOS DO SUL;4318051;0,000009163839;69.643,33;;;;;;;
RS;SAO FRANCISCO DE ASSIS;4318101;0,000141304519;1.073.885,84;;;;;;;
RS;SAO JOAO DA URTIGA;4318424;0,000040071446;304.534,91;;;;;;;
RS;SAO JORGE;4318440;0,000028841451;219.189,21;;;;;;;
RS;SAO JOSE DO NORTE;4318507;0,000259782648;1.974.295,72;;;;;;;
RS;SAO JOSE DO OURO;4318606;0,000058732136;446.352,39;;;;;;;
RS;SAO JOSE DO SUL;4318614;0,000015971741;121.382,01;;;;;;;
RS;SAO LOURENCO DO SUL;4318804;0,000197309656;1.499.513,58;;;;;;;
RS;SAO LUIZ GONZAGA;4318903;0,000254214771;1.931.980,98;;;;;;;
RS;SAO MARTINHO;4319109;0,000083362584;633.538,82;;;;;;;
RS;SAO MARTINHO DA SERRA;4319125;0,000011395448;86.603,11;;;;;;;
RS;SAO MIGUEL DAS MISSOES;4319158;0,000077125443;586.137,81;;;;;;;
RS;SAO PAULO DAS MISSOES;4319307;0,000072248422;549.073,43;;;;;;;
RS;SAO PEDRO DA SERRA;4319356;0,000049941802;379.547,62;;;;;;;
RS;SAO PEDRO DAS MISSOES;4319364;0,000010675299;81.130,12;;;;;;;
RS;SAO PEDRO DO BUTIA;4319372;0,000022663581;172.238,64;;;;;;;
RS;SAO SEPE;4319604;0,000098107562;745.597,68;;;;;;;
RS;SAO VALENTIM;4319703;0,000045485662;345.681,86;;;;;;;
RS;SAO VALENTIM DO SUL;4319711;0,000006789787;51.601,01;;;;;;;
RS;SAO VENDELINO;4319752;0,000030962243;235.306,8;;;;;;;
RS;SAO VICENTE DO SUL;4319802;0,000073701218;560.114,39;;;;;;;
RS;SEBERI;4320206;0,000109128167;829.352,06;;;;;;;
RS;SEDE NOVA;4320230;0,000037511558;285.080,27;;;;;;;
RS;SEGREDO;4320263;0,000046686264;354.806,19;;;;;;;
RS;SELBACH;4320305;0,000015100339;114.759,53;;;;;;;
RS;SENADOR SALGADO FILHO;4320321;0,000024488887;186.110,6;;;;;;;
RS;SENTINELA DO SUL;4320354;0,000054314990;412.782,97;;;;;;;
RS;SERIO;4320453;0,000007980982;60.653,85;;;;;;;
RS;SERTAO;4320503;0,000053550140;406.970,26;;;;;;;
RS;SERTAO SANTANA;4320552;0,000067408479;512.290,84;;;;;;;
RS;SEVERIANO DE ALMEIDA;4320602;0,000013294689;101.036,95;;;;;;;
RS;SINIMBU;4320677;0,000091138118;692.631,31;;;;;;;
RS;SOBRADINHO;4320701;0,000077579177;589.586,1;;;;;;;
RS;SOLEDADE;4320800;0,000247623283;1.881.887,00;;;;;;;
RS;TABAI;4320859;0,000051371827;390.415,52;;;;;;;
RS;TAPEJARA;4320909;0,000336514303;2.557.440,82;;;;;;;
RS;TAPERA;4321006;0,000085213869;647.608,21;;;;;;;
RS;TAPES;4321105;0,000141960278;1.078.869,48;;;;;;;
RS;TIO HUGO;4321469;0,000056288186;427.778,86;;;;;;;
RS;TIRADENTES DO SUL;4321477;0,000018742421;142.438,62;;;;;;;
RS;TRAVESSEIRO;4321626;0,000022069613;167.724,61;;;;;;;
RS;TRES CACHOEIRAS;4321667;0,000127694785;970.454,61;;;;;;;
RS;TRES FORQUILHAS;4321832;0,000026365247;200.370,56;;;;;;;
RS;TRES PASSOS;4321907;0,000330732871;2.513.503,1;;;;;;;
RS;TRIUNFO;4322004;0,000389490644;2.960.050,33;;;;;;;
RS;TUCUNDUVA;4322103;0,000015199337;115.511,9;;;;;;;
RS;TUPANCI DO SUL;4322186;0,000018978356;144.231,68;;;;;;;
RS;TUPARENDI;4322301;0,000032560646;247.454,34;;;;;;;
RS;TURUCU;4322327;0,000044778558;340.308,01;;;;;;;
RS;UBIRETAMA;4322343;0,000005270394;40.053,93;;;;;;;
RS;VALE VERDE;4322525;0,000033453329;254.238,55;;;;;;;
RS;VANINI;4322558;0,000018664112;141.843,49;;;;;;;
RS;VENANCIO AIRES;4322608;0,00053788875;4.087.846,00;;;;;;;
RS;VERA CRUZ;4322707;0,000264777241;2.012.253,62;;;;;;;
RS;VIADUTOS;4322905;0,000043334133;329.330,67;;;;;;;
RS;VICENTE DUTRA;4323101;0,000056817343;431.800,35;;;;;;;
RS;VICTOR GRAEFF;4323200;0,000017651632;134.148,84;;;;;;;
RS;VILA FLORES;4323309;0,000050581392;384.408,38;;;;;;;
RS;VILA LANGARO;4323358;0,000014386753;109.336,42;;;;;;;
RS;VILA NOVA DO SUL;4323457;0,000039902789;303.253,15;;;;;;;
RS;VISTA ALEGRE;4323507;0,000012869538;97.805,89;;;;;;;
RS;VISTA ALEGRE DO PRATA;4323606;0,000013876576;105.459,18;;;;;;;
RS;VISTA GAUCHA;4323705;0,000037898798;288.023,22;;;;;;;
RS;VITORIA DAS MISSOES;4323754;0,000012890507;97.965,25;;;;;;;
RS;WESTFALIA;4323770;0,000024707903;187.775,08;;;;;;;
SC;ABDON BATISTA;4200051;0,000030036493;228.271,3;;;;;;;
SC;ABELARDO LUZ;4200101;0,000139909672;1.063.285,29;;;;;;;
SC;AGROLANDIA;4200200;0,000165652435;1.258.925,09;;;;;;;
SC;AGRONOMICA;4200309;0,000067460843;512.688,8;;;;;;;
SC;AGUAS DE CHAPECO;4200507;0,000041735954;317.184,83;;;;;;;
SC;AGUAS FRIAS;4200556;0,000035783487;271.947,28;;;;;;;
SC;ANGELINA;4200903;0,000040029314;304.214,71;;;;;;;
SC;ANITAPOLIS;4201109;0,000036139768;274.654,95;;;;;;;
SC;APIUNA;4201257;0,000082874756;629.831,43;;;;;;;
SC;ASCURRA;4201703;0,000062534946;475.252,97;;;;;;;
SC;ATALANTA;4201802;0,000036369571;276.401,4;;;;;;;
SC;BARRA BONITA;4202099;0,000008214219;62.426,41;;;;;;;
SC;BELA VISTA DO TOLDO;4202131;0,000100547891;764.143,69;;;;;;;
SC;BELMONTE;4202156;0,000036480649;277.245,57;;;;;;;
SC;BENEDITO NOVO;4202206;0,000072780542;553.117,44;;;;;;;
SC;BIGUACU;4202305;0,000275239889;2.091.767,63;;;;;;;
SC;BOCAINA DO SUL;4202438;0,000030800547;234.077,94;;;;;;;
SC;BOM RETIRO;4202602;0,000079383715;603.300,22;;;;;;;
SC;BOTUVERA;4202701;0,000051393580;390.580,84;;;;;;;
SC;BRACO DO NORTE;4202800;0,000389803997;2.962.431,75;;;;;;;
SC;BRACO DO TROMBUDO;4202859;0,000027671608;210.298,64;;;;;;;
SC;BRUNOPOLIS;4202875;0,000013437132;102.119,49;;;;;;;
SC;BRUSQUE;4202909;0,001654771017;12.575.925,93;;;;;;;
SC;CACADOR;4203006;0,000839079593;6.376.835,65;;;;;;;
SC;CAIBI;4203105;0,000030146670;229.108,61;;;;;;;
SC;CALMON;4203154;0,000062226612;472.909,7;;;;;;;
SC;CAMPO BELO DO SUL;4203402;0,000069375205;527.237,56;;;;;;;
SC;CAMPO ERE;4203501;0,000140302608;1.066.271,52;;;;;;;
SC;CANELINHA;4203709;0,000074518858;566.328,29;;;;;;;
SC;CANOINHAS;4203808;0,000295795815;2.247.988,53;;;;;;;
SC;CATANDUVAS;4204004;0,000136233321;1.035.345,76;;;;;;;
SC;CAXAMBU DO SUL;4204103;0,000050398133;383.015,64;;;;;;;
SC;CERRO NEGRO;4204178;0,000040611572;308.639,75;;;;;;;
SC;CHAPADAO DO LAGEADO;4204194;0,000017366726;131.983,61;;;;;;;
SC;COCAL DO SUL;4204251;0,000102713421;780.601,28;;;;;;;
SC;CORDILHEIRA ALTA;4204350;0,000078281741;594.925,44;;;;;;;
SC;CORONEL FREITAS;4204400;0,000104268173;792.417,08;;;;;;;
SC;CORONEL MARTINS;4204459;0,000030856995;234.506,94;;;;;;;
SC;CORREIA PINTO;4204558;0,00018219865;1.384.672,99;;;;;;;
SC;CURITIBANOS;4204806;0,000398736447;3.030.316,56;;;;;;;
SC;DESCANSO;4204905;0,000038371254;291.613,79;;;;;;;
SC;DONA EMMA;4205100;0,000023114361;175.664,48;;;;;;;
SC;DOUTOR PEDRINHO;4205159;0,000037585644;285.643,31;;;;;;;
SC;ENTRE RIOS;4205175;0,000037168989;282.476,82;;;;;;;
SC;ERMO;4205191;0,000035684680;271.196,37;;;;;;;
SC;FAXINAL DOS GUEDES;4205308;0,000180106777;1.368.775,17;;;;;;;
SC;FLOR DO SERTAO;4205357;0,000011941003;90.749,21;;;;;;;
SC;FREI ROGERIO;4205555;0,000030932986;235.084,45;;;;;;;
SC;GALVAO;4205605;0,000044330115;336.899,93;;;;;;;
SC;GASPAR;4205902;0,000935488626;7.109.524,85;;;;;;;
SC;GOVERNADOR CELSO RAMOS;4206009;0,000319870444;2.430.950,85;;;;;;;
SC;GRAVATAL;4206207;0,000088981217;676.239,3;;;;;;;
SC;GUABIRUBA;4206306;0,000456362692;3.468.264,4;;;;;;;
SC;GUARUJA DO SUL;4206603;0,000037059414;281.644,07;;;;;;;
SC;GUATAMBU;4206652;0,000114317724;868.791,64;;;;;;;
SC;HERVAL DOESTE;4206702;0,000239530409;1.820.382,79;;;;;;;
SC;IBIAM;4206751;0,000012328144;93.691,41;;;;;;;
SC;IBICARE;4206801;0,000038989870;296.315,15;;;;;;;
SC;ICARA;4207007;0,000713757758;5.424.414,98;;;;;;;
SC;ILHOTA;4207106;0,000310713846;2.361.362,55;;;;;;;
SC;IMBITUBA;4207304;0,000437444844;3.324.492,57;;;;;;;
SC;IOMERE;4207577;0,000049063960;372.876,2;;;;;;;
SC;IPORA DO OESTE;4207650;0,000110140344;837.044,4;;;;;;;
SC;IPUACU;4207684;0,000066854805;508.083,03;;;;;;;
SC;IPUMIRIM;4207700;0,000101953495;774.826,00;;;;;;;
SC;IRACEMINHA;4207759;0,000030729805;233.540,32;;;;;;;
SC;IRATI;4207858;0,000024385291;185.323,29;;;;;;;
SC;ITAPIRANGA;4208401;0,000213366481;1.621.542,22;;;;;;;
SC;ITAPOA;4208450;0,000581860794;4.422.024,66;;;;;;;
SC;JARDINOPOLIS;4208955;0,000020392412;154.978,22;;;;;;;
SC;JOACABA;4209003;0,000150294251;1.142.205,99;;;;;;;
SC;JOSE BOITEUX;4209151;0,000083105488;631.584,94;;;;;;;
SC;JUPIA;4209177;0,000013152246;99.954,42;;;;;;;
SC;LACERDOPOLIS;4209201;0,000012311750;93.566,82;;;;;;;
SC;LAJEADO GRANDE;4209458;0,000025465353;193.531,55;;;;;;;
SC;LAURENTINO;4209508;0,000089218390;678.041,77;;;;;;;
SC;LAURO MULLER;4209607;0,000180896512;1.374.777,00;;;;;;;
SC;LEOBERTO LEAL;4209805;0,000038984647;296.275,45;;;;;;;
SC;LINDOIA DO SUL;4209854;0,000049872625;379.021,89;;;;;;;
SC;LONTRAS;4209904;0,000175578064;1.334.357,87;;;;;;;
SC;LUIZ ALVES;4210001;0,000179757345;1.366.119,56;;;;;;;
SC;LUZERNA;4210035;0,000048478134;368.424,04;;;;;;;
SC;MACIEIRA;4210050;0,000026079381;198.198,03;;;;;;;
SC;MARAVILHA;4210506;0,000324923606;2.469.353,86;;;;;;;
SC;MAREMA;4210555;0,000011347967;86.242,26;;;;;;;
SC;MATOS COSTA;4210704;0,000016524930;125.586,13;;;;;;;
SC;MODELO;4210902;0,000023930440;181.866,52;;;;;;;
SC;MONDAI;4211009;0,000067175668;510.521,53;;;;;;;
SC;MORRO GRANDE;4211256;0,000030379337;230.876,83;;;;;;;
SC;NOVA ERECHIM;4211405;0,000068032684;517.034,67;;;;;;;
SC;NOVA ITABERABA;4211454;0,000045967437;349.343,25;;;;;;;
SC;NOVA TRENTO;4211504;0,000085125358;646.935,55;;;;;;;
SC;NOVA VENEZA;4211603;0,000170788517;1.297.958,28;;;;;;;
SC;NOVO HORIZONTE;4211652;0,000022789407;173.194,9;;;;;;;
SC;ORLEANS;4211702;0,000189533569;1.440.416,89;;;;;;;
SC;OTACILIO COSTA;4211751;0,000120408395;915.079,51;;;;;;;
SC;PAINEL;4211892;0,000016492501;125.339,68;;;;;;;
SC;PALMITOS;4212106;0,000070449128;535.399,16;;;;;;;
SC;PAPANDUVA;4212205;0,000089522420;680.352,33;;;;;;;
SC;PARAISO;4212239;0,000048099616;365.547,38;;;;;;;
SC;PASSO DE TORRES;4212254;0,000235899551;1.792.789,00;;;;;;;
SC;PASSOS MAIA;4212270;0,000038800606;294.876,78;;;;;;;
SC;PAULO LOPES;4212304;0,000133627265;1.015.540,26;;;;;;;
SC;PEDRAS GRANDES;4212403;0,000044932066;341.474,64;;;;;;;
SC;PERITIBA;4212601;0,000022359510;169.927,77;;;;;;;
SC;PESCARIA BRAVA;4212650;0,000124780172;948.304,14;;;;;;;
SC;PETROLANDIA;4212700;0,000085083182;646.615,02;;;;;;;
SC;PINHEIRO PRETO;4213005;0,000045851358;348.461,07;;;;;;;
SC;PORTO UNIAO;4213609;0,000224300236;1.704.636,55;;;;;;;
SC;POUSO REDONDO;4213708;0,000162111432;1.232.014,18;;;;;;;
SC;PRESIDENTE CASTELLO BRANCO;4213906;0,000023021001;174.954,96;;;;;;;
SC;PRINCESA;4214151;0,000018470122;140.369,2;;;;;;;
SC;QUILOMBO;4214201;0,000125949578;957.191,39;;;;;;;
SC;RIO DO CAMPO;4214508;0,000067313590;511.569,71;;;;;;;
SC;RIO DO OESTE;4214607;0,000082327954;625.675,84;;;;;;;
SC;RIO RUFINO;4215059;0,000027792344;211.216,21;;;;;;;
SC;RIQUEZA;4215075;0,000058712224;446.201,06;;;;;;;
SC;RODEIO;4215109;0,000147433406;1.120.464,15;;;;;;;
SC;ROMELANDIA;4215208;0,000035873349;272.630,22;;;;;;;
SC;SALTO VELOSO;4215406;0,000087010810;661.264,6;;;;;;;
SC;SANGAO;4215455;0,000096906169;736.467,34;;;;;;;
SC;SANTA CECILIA;4215505;0,000191720871;1.457.039,95;;;;;;;
SC;SANTA HELENA;4215554;0,000027903330;212.059,68;;;;;;;
SC;SANTA ROSA DO SUL;4215653;0,000147523135;1.121.146,07;;;;;;;
SC;SANTA TEREZINHA DO PROGRESSO;4215687;0,000014576677;110.779,8;;;;;;;
SC;SANTIAGO DO SUL;4215695;0,000017476247;132.815,95;;;;;;;
SC;SANTO AMARO DA IMPERATRIZ;4215703;0,00037397214;2.842.112,83;;;;;;;
SC;SAO BENTO DO SUL;4215802;0,001055280159;8.019.916,34;;;;;;;
SC;SAO BERNARDINO;4215752;0,000033604742;255.389,26;;;;;;;
SC;SAO CARLOS;4216008;0,000046059916;350.046,07;;;;;;;
SC;SAO CRISTOVAO DO SUL;4216057;0,000064526799;490.390,66;;;;;;;
SC;SAO DOMINGOS;4216107;0,000088798937;674.854,01;;;;;;;
SC;SAO JOAO DO ITAPERIU;4216354;0,000073610010;559.421,23;;;;;;;
SC;SAO JOAO DO OESTE;4216255;0,000070536722;536.064,86;;;;;;;
SC;SAO JOAO DO SUL;4216404;0,000143688881;1.092.006,51;;;;;;;
SC;SAO JOAQUIM;4216503;0,000243105465;1.847.552,49;;;;;;;
SC;SAO JOSE DO CERRITO;4216800;0,000031835423;241.942,79;;;;;;;
SC;SAO MARTINHO;4217105;0,000035044383;266.330,24;;;;;;;
SC;SAO MIGUEL DA BOA VISTA;4217154;0,000021285794;161.767,74;;;;;;;
SC;SAUDADES;4217303;0,000123624115;939.518,34;;;;;;;
SC;SERRA ALTA;4217550;0,000020796692;158.050,66;;;;;;;
SC;TANGARA;4217907;0,000095247404;723.861,06;;;;;;;
SC;TIGRINHOS;4217956;0,000015932385;121.082,91;;;;;;;
SC;TIMBE DO SUL;4218103;0,000060388843;458.943,03;;;;;;;
SC;TIMBO GRANDE;4218251;0,000131010599;995.654,12;;;;;;;
SC;TRES BARRAS;4218301;0,000287871748;2.187.767,22;;;;;;;
SC;TREVISO;4218350;0,000038184893;290.197,48;;;;;;;
SC;TREZE DE MAIO;4218400;0,000093088717;707.455,47;;;;;;;
SC;TUBARAO;4218707;0,000646153568;4.910.636,77;;;;;;;
SC;TUNAPOLIS;4218756;0,000054385610;413.319,67;;;;;;;
SC;UNIAO DO OESTE;4218855;0,000014956525;113.666,57;;;;;;;
SC;URUBICI;4218905;0,000135787328;1.031.956,3;;;;;;;
SC;URUPEMA;4218954;0,000012511328;95.083,57;;;;;;;
SC;VARGEM BONITA;4219176;0,000024458797;185.881,92;;;;;;;
SC;VIDEIRA;4219309;0,000689089251;5.236.939,3;;;;;;;
SC;VITOR MEIRELES;4219358;0,000063666785;483.854,72;;;;;;;
SC;WITMARSUM;4219408;0,000056538491;429.681,13;;;;;;;
SC;XANXERE;4219507;0,000426045049;3.237.856,43;;;;;;;
SE;AQUIDABA;2800209;0,000300531793;2.283.981,00;;;;;;;
SE;ARACAJU;2800308;0,003057109783;23.233.417,67;;;;;;;
SE;ARAUA;2800407;0,000185874169;1.412.606,19;;;;;;;
SE;BARRA DOS COQUEIROS;2800605;0,000387516094;2.945.044,14;;;;;;;
SE;BOQUIM;2800670;0,000124766299;948.198,7;;;;;;;
SE;BREJO GRANDE;2800704;0,000054719678;415.858,51;;;;;;;
SE;CAMPO DO BRITO;2801009;0,000171212667;1.301.181,73;;;;;;;
SE;CANHOBA;2801108;0,000071621782;544.311,1;;;;;;;
SE;CANINDE DE SAO FRANCISCO;2801207;0,000604700376;4.595.600,88;;;;;;;
SE;CAPELA;2801306;0,000478388703;3.635.657,64;;;;;;;
SE;CARIRA;2801405;0,0003215655;2.443.832,93;;;;;;;
SE;CARMOPOLIS;2801504;0,000178649204;1.357.697,91;;;;;;;
SE;CEDRO DE SAO JOAO;2801603;0,000065913217;500.927,15;;;;;;;
SE;CRISTINAPOLIS;2801702;0,00016345419;1.242.218,87;;;;;;;
SE;CUMBE;2801900;0,000036152321;274.750,35;;;;;;;
SE;DIVINA PASTORA;2802007;0,000092581845;703.603,35;;;;;;;
SE;FEIRA NOVA;2802205;0,000069908382;531.289,6;;;;;;;
SE;FREI PAULO;2802304;0,000173760963;1.320.548,27;;;;;;;
SE;GENERAL MAYNARD;2802502;0,000046094832;350.311,42;;;;;;;
SE;ILHA DAS FLORES;2802700;0,000197117917;1.498.056,41;;;;;;;
SE;INDIAROBA;2802809;0,000361266595;2.745.553,25;;;;;;;
SE;ITABI;2803104;0,000055346717;420.623,88;;;;;;;
SE;ITAPORANGA DAJUDA;2803203;0,000478217425;3.634.355,96;;;;;;;
SE;JAPOATA;2803401;0,000219903547;1.671.222,6;;;;;;;
SE;LARANJEIRAS;2803609;0,000673081526;5.115.283,82;;;;;;;
SE;MALHADA DOS BOIS;2803807;0,000042067793;319.706,74;;;;;;;
SE;MALHADOR;2803906;0,000159012023;1.208.459,3;;;;;;;
SE;MONTE ALEGRE DE SERGIPE;2804201;0,000185133392;1.406.976,43;;;;;;;
SE;MURIBECA;2804300;0,000101702276;772.916,78;;;;;;;
SE;NEOPOLIS;2804409;0,000197617591;1.501.853,83;;;;;;;
SE;NOSSA SENHORA APARECIDA;2804458;0,000089544736;680.521,93;;;;;;;
SE;NOSSA SENHORA DA GLORIA;2804508;0,000563447616;4.282.088,22;;;;;;;
SE;NOSSA SENHORA DAS DORES;2804607;0,000303267138;2.304.769,07;;;;;;;
SE;NOSSA SENHORA DE LOURDES;2804706;0,000083212271;632.396,47;;;;;;;
SE;PACATUBA;2804904;0,000235124085;1.786.895,62;;;;;;;
SE;PEDRA MOLE;2805000;0,000055295647;420.235,76;;;;;;;
SE;PINHAO;2805208;0,000036521213;277.553,85;;;;;;;
SE;POCO VERDE;2805505;0,000209242353;1.590.199,67;;;;;;;
SE;PORTO DA FOLHA;2805604;0,000338314245;2.571.120,02;;;;;;;
SE;PROPRIA;2805703;0,000157892587;1.199.951,81;;;;;;;
SE;RIACHAO DO DANTAS;2805802;0,000266152298;2.022.703,78;;;;;;;
SE;ROSARIO DO CATETE;2806107;0,000144194052;1.095.845,71;;;;;;;
SE;SALGADO;2806206;0,000207781134;1.579.094,7;;;;;;;
SE;SANTA LUZIA DO ITANHY;2806305;0,000293298018;2.229.005,77;;;;;;;
SE;SANTA ROSA DE LIMA;2806503;0,000076041993;577.903,81;;;;;;;
SE;SANTANA DO SAO FRANCISCO;2806404;0,000122437747;930.502,18;;;;;;;
SE;SANTO AMARO DAS BROTAS;2806602;0,000130639439;992.833,38;;;;;;;
SE;SAO CRISTOVAO;2806701;0,000842168831;6.400.313,23;;;;;;;
SE;SAO FRANCISCO;2806909;0,000049602248;376.967,08;;;;;;;
SE;SAO MIGUEL DO ALEIXO;2807006;0,000042280941;321.326,62;;;;;;;
SE;SERGIPE;28;0,012332697118;93.726.010,33;;;;;;;
SE;SIMAO DIAS;2807105;0,000406634607;3.090.340,99;;;;;;;
SE;TOBIAS BARRETO;2807402;0,000599936752;4.559.398,3;;;;;;;
SE;UMBAUBA;2807600;0,000396639093;3.014.377,1;;;;;;;
SP;AGUAS DE LINDOIA;3500501;0,000216616991;1.646.245,44;;;;;;;
SP;ALTAIR;3500907;0,000037067729;281.707,26;;;;;;;
SP;ALTINOPOLIS;3501004;0,000194236169;1.476.155,7;;;;;;;
SP;ALTO ALEGRE;3501103;0,000034030632;258.625,94;;;;;;;
SP;ALVARES MACHADO;3501301;0,000346159744;2.630.744,23;;;;;;;
SP;ALVINLANDIA;3501509;0,000039329306;298.894,79;;;;;;;
SP;AMERICO DE CAMPOS;3501806;0,000076033008;577.835,52;;;;;;;
SP;ANHUMAS;3502408;0,000046963369;356.912,13;;;;;;;
SP;APIAI;3502705;0,000224717464;1.707.807,4;;;;;;;
SP;ARANDU;3503109;0,000040477810;307.623,19;;;;;;;
SP;ARAPEI;3503158;0,000033562980;255.071,88;;;;;;;
SP;AREALVA;3503406;0,000081325643;618.058,48;;;;;;;
SP;AREIAS;3503505;0,000027863372;211.756,01;;;;;;;
SP;AREIOPOLIS;3503604;0,000159441492;1.211.723,18;;;;;;;
SP;ASPASIA;3503950;0,000005293198;40.227,24;;;;;;;
SP;AVANHANDAVA;3504404;0,00011769699;894.473,38;;;;;;;
SP;BARIRI;3505203;0,000182545546;1.387.309,33;;;;;;;
SP;BARRA BONITA;3505302;0,000260573827;1.980.308,52;;;;;;;
SP;BARRA DO TURVO;3505401;0,000070564382;536.275,07;;;;;;;
SP;BARRETOS;3505500;0,001350251464;10.261.638,75;;;;;;;
SP;BATATAIS;3505906;0,000492623416;3.743.838,59;;;;;;;
SP;BERNARDINO DE CAMPOS;3506300;0,000052276617;397.291,74;;;;;;;
SP;BRAUNA;3507704;0,000062172410;472.497,77;;;;;;;
SP;BRODOWSKY;3507803;0,000320519325;2.435.882,21;;;;;;;
SP;BURI;3508009;0,000389080669;2.956.934,6;;;;;;;
SP;BURITIZAL;3508207;0,000030062098;228.465,88;;;;;;;
SP;CAIUA;3509106;0,000033831205;257.110,33;;;;;;;
SP;CAJAMAR;3509205;0,001616459644;12.284.767,22;;;;;;;
SP;CAPIVARI;3510401;0,00031049177;2.359.674,82;;;;;;;
SP;CARDOSO;3510708;0,000118718803;902.238,95;;;;;;;
SP;CASA BRANCA;3510807;0,00012423491;944.160,26;;;;;;;
SP;CASTILHO;3511003;0,000109262651;830.374,11;;;;;;;
SP;CATANDUVA;3511102;0,000993280397;7.548.730,65;;;;;;;
SP;CHARQUEADA;3511706;0,000231336292;1.758.109,15;;;;;;;
SP;COLINA;3512001;0,000128466264;976.317,69;;;;;;;
SP;COLOMBIA;3512100;0,000145383723;1.104.886,97;;;;;;;
SP;CORONEL MACEDO;3512605;0,000043626914;331.555,75;;;;;;;
SP;CRUZALIA;3513306;0,000010683232;81.190,41;;;;;;;
SP;DOBRADA;3514007;0,000028156252;213.981,84;;;;;;;
SP;DRACENA;3514403;0,000386659963;2.938.537,72;;;;;;;
SP;ECHAPORA;3514700;0,000035753217;271.717,24;;;;;;;
SP;ELIAS FAUSTO;3514908;0,000283438565;2.154.075,92;;;;;;;
SP;EMBAUBA;3514957;0,000023365807;177.575,42;;;;;;;
SP;EMILIANOPOLIS;3515129;0,000045457254;345.465,96;;;;;;;
SP;ESPIRITO SANTO DO PINHAL;3515186;0,000110395738;838.985,34;;;;;;;
SP;ESPIRITO SANTO DO TURVO;3515194;0,000059798310;454.455,09;;;;;;;
SP;ESTRELA DO NORTE;3515301;0,000030704810;233.350,36;;;;;;;
SP;EUCLIDES DA CUNHA PAULISTA;3515350;0,000035679214;271.154,83;;;;;;;
SP;FERNANDO PRESTES;3515608;0,000083312478;633.158,03;;;;;;;
SP;FERNAO;3515657;0,000019648059;149.321,28;;;;;;;
SP;FLOREAL;3515905;0,000010568052;80.315,06;;;;;;;
SP;FLORINIA;3516101;0,000008119257;61.704,72;;;;;;;
SP;GARCA;3516705;0,000354181371;2.691.706,97;;;;;;;
SP;GASTAO VIDIGAL;3516804;0,000009974409;75.803,5;;;;;;;
SP;GAVIAO PEIXOTO;3516853;0,000047725982;362.707,84;;;;;;;
SP;GUAIMBE;3517307;0,000057692445;438.450,94;;;;;;;
SP;GUARACAI;3517802;0,000055958658;425.274,51;;;;;;;
SP;GUARACI;3517901;0,000153775343;1.168.661,59;;;;;;;
SP;GUARANTA;3518107;0,000059255968;450.333,4;;;;;;;
SP;GUARARAPES;3518206;0,000141029334;1.071.794,49;;;;;;;
SP;GUARAREMA;3518305;0,000403205634;3.064.281,48;;;;;;;
SP;GUAREI;3518503;0,000137306574;1.043.502,26;;;;;;;
SP;GUARIBA;3518602;0,000539364242;4.099.059,44;;;;;;;
SP;HERCULANDIA;3519006;0,000042568168;323.509,49;;;;;;;
SP;IACANGA;3519105;0,000153018852;1.162.912,41;;;;;;;
SP;IACRI;3519204;0,000016143551;122.687,73;;;;;;;
SP;IBIRAREMA;3519501;0,000066857576;508.104,09;;;;;;;
SP;ICEM;3519808;0,000087705926;666.547,35;;;;;;;
SP;IGARACU DO TIETE;3520004;0,000201269213;1.529.605,42;;;;;;;
SP;IGARATA;3520202;0,000165304158;1.256.278,26;;;;;;;
SP;ILHA COMPRIDA;3520426;0,000243997356;1.854.330,69;;;;;;;
SP;IPORANGA;3521200;0,000039287928;298.580,33;;;;;;;
SP;IPUA;3521309;0,000188166434;1.430.026,94;;;;;;;
SP;IRAPUA;3521507;0,000038606062;293.398,28;;;;;;;
SP;ITABERA;3521705;0,000053036313;403.065,28;;;;;;;
SP;ITAOCA;3522158;0,000016855561;128.098,86;;;;;;;
SP;ITAPIRAPUA PAULISTA;3522653;0,000026351973;200.269,68;;;;;;;
SP;ITAPOLIS;3522703;0,000165099913;1.254.726,03;;;;;;;
SP;ITAPURA;3523008;0,000043605073;331.389,76;;;;;;;
SP;ITAQUAQUECETUBA;3523107;0,004089200921;31.077.102,12;;;;;;;
SP;ITU;3523909;0,001581569056;12.019.605,79;;;;;;;
SP;ITUVERAVA;3524105;0,000402484873;3.058.803,85;;;;;;;
SP;JABORANDI;3524204;0,000088677460;673.930,81;;;;;;;
SP;JACI;3524501;0,000089106067;677.188,13;;;;;;;
SP;JERIQUARA;3525409;0,000034376268;261.252,7;;;;;;;
SP;JULIO MESQUITA;3525805;0,000055837217;424.351,59;;;;;;;
SP;JUNDIAI;3525904;0,00161683726;12.287.637,03;;;;;;;
SP;JUNQUEIROPOLIS;3526001;0,000206559774;1.569.812,61;;;;;;;
SP;LUCELIA;3527405;0,000209124061;1.589.300,68;;;;;;;
SP;LUPERCIO;3527801;0,000022126161;168.154,36;;;;;;;
SP;LUTECIA;3527900;0,000032138283;244.244,47;;;;;;;
SP;MACEDONIA;3528205;0,000036901250;280.442,06;;;;;;;
SP;MARABA PAULISTA;3528700;0,000016333475;124.131,12;;;;;;;
SP;MARACAI;3528809;0,000120069706;912.505,55;;;;;;;
SP;MARIAPOLIS;3528908;0,000031653804;240.562,53;;;;;;;
SP;MARINOPOLIS;3529104;0,000009211320;70.004,17;;;;;;;
SP;MENDONCA;3529500;0,000081506117;619.430,05;;;;;;;
SP;MIGUELOPOLIS;3529708;0,000124358343;945.098,32;;;;;;;
SP;MINEIROS DO TIETE;3529807;0,000051605991;392.195,12;;;;;;;
SP;MIRASSOL;3530300;0,000517258837;3.931.062,82;;;;;;;
SP;MIRASSOLANDIA;3530409;0,000056712702;431.005,1;;;;;;;
SP;MONCOES;3531001;0,000009258801;70.365,02;;;;;;;
SP;MONTE ALTO;3531308;0,00042380438;3.220.827,8;;;;;;;
SP;MONTE APRAZIVEL;3531407;0,000241811385;1.837.717,75;;;;;;;
SP;MONTE CASTELO;3531605;0,000020321882;154.442,2;;;;;;;
SP;NHANDEARA;3532603;0,000032517604;247.127,23;;;;;;;
SP;NIPOA;3532702;0,000031644506;240.491,86;;;;;;;
SP;NOVA CAMPINA;3532827;0,000145040816;1.102.280,94;;;;;;;
SP;NOVA CANAA PAULISTA;3532843;0,000018154845;137.973,16;;;;;;;
SP;NOVA CASTILHO;3532868;0,000006267495;47.631,7;;;;;;;
SP;NOVA LUZITANIA;3533304;0,000013563172;103.077,37;;;;;;;
SP;OCAUCU;3533700;0,000054508993;414.257,35;;;;;;;
SP;OLEO;3533809;0,000024960256;189.692,91;;;;;;;
SP;ONDA VERDE;3534005;0,000027555966;209.419,78;;;;;;;
SP;ORIENTE;3534104;0,000026114568;198.465,45;;;;;;;
SP;ORINDIUVA;3534203;0,000050062399;380.464,13;;;;;;;
SP;OURO VERDE;3534807;0,000130021149;988.134,5;;;;;;;
SP;PALESTINA;3535002;0,000080567305;612.295,27;;;;;;;
SP;PALMARES PAULISTA;3535101;0,000109003927;828.407,86;;;;;;;
SP;PALMEIRA DOESTE;3535200;0,000063513636;482.690,82;;;;;;;
SP;PALMITAL;3535309;0,000178548673;1.356.933,9;;;;;;;
SP;PARANAPANEMA;3535804;0,000156590129;1.190.053,39;;;;;;;
SP;PARIQUERA-ACU;3536208;0,000080617975;612.680,35;;;;;;;
SP;PARISI;3536257;0,000036535402;277.661,69;;;;;;;
SP;PAULICEIA;3536406;0,000105797459;804.039,35;;;;;;;
SP;PEDREGULHO;3537008;0,000170371997;1.294.792,81;;;;;;;
SP;PEDRINHAS PAULISTA;3537156;0,000031316326;237.997,76;;;;;;;
SP;PENAPOLIS;3537305;0,000582092799;4.423.787,85;;;;;;;
SP;PEREIRA BARRETO;3537404;0,000112861255;857.722,77;;;;;;;
SP;PIQUETE;3538501;0,000089342309;678.983,53;;;;;;;
SP;PIRAJUI;3538907;0,000083101036;631.551,11;;;;;;;
SP;PIRANGI;3539004;0,000043760923;332.574,19;;;;;;;
SP;PIRAPORA DO BOM JESUS;3539103;0,000321053933;2.439.945,13;;;;;;;
SP;PIRAPOZINHO;3539202;0,000116185399;882.985,6;;;;;;;
SP;PITANGUEIRAS;3539509;0,000184498431;1.402.150,86;;;;;;;
SP;PLATINA;3539707;0,000037246608;283.066,71;;;;;;;
SP;PONTES GESTAL;3540309;0,000029078196;220.988,42;;;;;;;
SP;PRADOPOLIS;3540903;0,000121336218;922.130,78;;;;;;;
SP;PRESIDENTE EPITACIO;3541307;0,000281882321;2.142.248,78;;;;;;;
SP;RIBEIRA;3542800;0,000017615463;133.873,97;;;;;;;
SP;RIBEIRAO BRANCO;3543006;0,000117760435;894.955,55;;;;;;;
SP;RIBEIRAO CORRENTE;3543105;0,000089871335;683.004,02;;;;;;;
SP;RIBEIRAO DOS INDIOS;3543238;0,000007074674;53.766,1;;;;;;;
SP;RIFAINA;3543600;0,000022569046;171.520,2;;;;;;;
SP;RINCAO;3543709;0,000092414555;702.331,98;;;;;;;
SP;RIVERSUL;3543501;0,000031505602;239.436,22;;;;;;;
SP;ROSANA;3544251;0,000064367690;489.181,46;;;;;;;
SP;RUBIACEA;3544400;0,000034630805;263.187,13;;;;;;;
SP;RUBINEIA;3544509;0,000043339828;329.373,95;;;;;;;
SP;SABINO;3544608;0,000043333188;329.323,49;;;;;;;
SP;SAGRES;3544707;0,000027089859;205.877,46;;;;;;;
SP;SALES;3544806;0,000064397789;489.410,21;;;;;;;
SP;SALES OLIVEIRA;3544905;0,000047813400;363.372,2;;;;;;;
SP;SALESOPOLIS;3545001;0,0001738101;1.320.921,7;;;;;;;
SP;SALTINHO;3545159;0,000095890718;728.750,11;;;;;;;
SP;SANTA CRUZ DA ESPERANCA;3546256;0,000036599877;278.151,68;;;;;;;
SP;SANTA LUCIA;3546900;0,000035874254;272.637,09;;;;;;;
SP;SANTA MERCEDES;3547106;0,000036055198;274.012,23;;;;;;;
SP;SANTA RITA DO PASSA QUATRO;3547502;0,000181544655;1.379.702,76;;;;;;;
SP;SANTA SALETE;3547650;0,000004938026;37.528,00;;;;;;;
SP;SANTANA DE PARNAIBA;3547304;0,002482928711;18.869.757,34;;;;;;;
SP;SANTO EXPEDITO;3548302;0,000032471358;246.775,77;;;;;;;
SP;SANTOS;3548500;0,00290586303;22.083.972,85;;;;;;;
SP;SAO BENTO DO SAPUCAI;3548609;0,000086589788;658.064,92;;;;;;;
SP;SAO JOAO DE IRACEMA;3549250;0,000010234707;77.781,71;;;;;;;
SP;SAO JOAQUIM DA BARRA;3549409;0,00030759238;2.337.640,04;;;;;;;
SP;SAO JOSE DA BELA VISTA;3549508;0,000035031992;266.236,07;;;;;;;
SP;SAO JOSE DO RIO PARDO;3549706;0,000339776282;2.582.231,2;;;;;;;
SP;SAO LUIS DO PARAITINGA;3550001;0,000142804794;1.085.287,63;;;;;;;
SP;SAO MIGUEL ARCANJO;3550209;0,000158358506;1.203.492,7;;;;;;;
SP;SAO SEBASTIAO DA GRAMA;3550803;0,000056081801;426.210,37;;;;;;;
SP;SAO SIMAO;3550902;0,000075252920;571.907,01;;;;;;;
SP;SEBASTIANOPOLIS DO SUL;3551306;0,000018123600;137.735,7;;;;;;;
SP;SERRA NEGRA;3551603;0,000075062522;570.460,03;;;;;;;
SP;SEVERINIA;3551900;0,000106999414;813.173,96;;;;;;;
SP;SUZANAPOLIS;3552551;0,000041286791;313.771,28;;;;;;;
SP;TABAPUA;3552601;0,000066185534;502.996,71;;;;;;;
SP;TACIBA;3552908;0,000081760821;621.365,75;;;;;;;
SP;TAMBAU;3553302;0,000187620112;1.425.875,00;;;;;;;
SP;TAQUARAL;3553658;0,000010968119;83.355,49;;;;;;;
SP;TAQUARITINGA;3553708;0,000421379725;3.202.400,91;;;;;;;
SP;TAQUARITUBA;3553807;0,000125647902;954.898,71;;;;;;;
SP;TAQUARIVAI;3553856;0,000060275738;458.083,45;;;;;;;
SP;TARUMA;3553955;0,000111769338;849.424,42;;;;;;;
SP;TEJUPA;3554201;0,000056248125;427.474,4;;;;;;;
SP;TERRA ROXA;3554409;0,000052985805;402.681,43;;;;;;;
SP;TIMBURI;3554607;0,000024812010;188.566,27;;;;;;;
SP;TUPA;3555000;0,000210235787;1.597.749,57;;;;;;;
SP;TUPI PAULISTA;3555109;0,000086838362;659.954,03;;;;;;;
SP;TURIUBA;3555208;0,000008261700;62.787,25;;;;;;;
SP;URUPES;3556008;0,000195213727;1.483.584,95;;;;;;;
SP;VALENTIM GENTIL;3556107;0,000072348544;549.834,34;;;;;;;
SP;VERA CRUZ;3556602;0,000091316417;693.986,35;;;;;;;
SP;VIRADOURO;3556800;0,000203342304;1.545.360,49;;;;;;;
SP;VISTA ALEGRE DO ALTO;3556909;0,000096280200;731.710,1;;;;;;;
SP;VOTUPORANGA;3557105;0,000408630514;3.105.509,48;;;;;;;
SP;ZACARIAS;3557154;0,000028707985;218.174,89;;;;;;;
TO;ABREULANDIA;1700251;0,000047226128;358.909,06;;;;;;;
TO;AGUIARNOPOLIS;1700301;0,000034872928;265.027,22;;;;;;;
TO;ALIANCA DO TOCANTINS;1700350;0,000060251094;457.896,16;;;;;;;
TO;ANANAS;1701002;0,000123855954;941.280,27;;;;;;;
TO;ANGICO;1701051;0,000035188026;267.421,9;;;;;;;
TO;ARAGOMINAS;1701309;0,000048547103;368.948,19;;;;;;;
TO;ARAGUATINS;1702208;0,000141915424;1.078.528,6;;;;;;;
TO;AXIXA DO TOCANTINS;1702901;0,00019735261;1.499.840,03;;;;;;;
TO;BABACULANDIA;1703008;0,000089705610;681.744,54;;;;;;;
TO;BANDEIRANTES DO TOCANTINS;1703057;0,000053616028;407.471,00;;;;;;;
TO;BARRA DO OURO;1703073;0,000060337000;458.549,03;;;;;;;
TO;BERNARDO SAYAO;1703206;0,000038240013;290.616,38;;;;;;;
TO;BREJINHO DE NAZARE;1703701;0,000033349046;253.446,02;;;;;;;
TO;BURITI DO TOCANTINS;1703800;0,000121796482;925.628,69;;;;;;;
TO;CACHOEIRINHA;1703826;0,000018065187;137.291,78;;;;;;;
TO;CAMPOS LINDOS;1703842;0,000179963975;1.367.689,91;;;;;;;
TO;CARIRI DO TOCANTINS;1703867;0,000029707701;225.772,53;;;;;;;
TO;CARRASCO BONITO;1703891;0,000046562777;353.867,71;;;;;;;
TO;CASEARA;1703909;0,000075946729;577.179,82;;;;;;;
TO;CENTENARIO;1704105;0,000025489936;193.718,37;;;;;;;
TO;CHAPADA DA NATIVIDADE;1705102;0,000033052790;251.194,54;;;;;;;
TO;CHAPADA DE AREIA;1704600;0,000024558499;186.639,64;;;;;;;
TO;COLINAS DO TOCANTINS;1705508;0,00050272045;3.820.574,01;;;;;;;
TO;COUTO DE MAGALHAES;1706001;0,000044963297;341.711,99;;;;;;;
TO;CRISTALANDIA;1706100;0,000060599770;460.546,03;;;;;;;
TO;CRIXAS DO TOCANTINS;1706258;0,000024351228;185.064,42;;;;;;;
TO;DIANOPOLIS;1707009;0,000248834467;1.891.091,75;;;;;;;
TO;DUERE;1707306;0,000025956394;197.263,36;;;;;;;
TO;ESPERANTINA;1707405;0,000133170086;1.012.065,79;;;;;;;
TO;FILADELFIA;1707702;0,000079686360;605.600,26;;;;;;;
TO;FORTALEZA DO TABOCAO;1708254;0,000031505602;239.436,22;;;;;;;
TO;GOIATINS;1709005;0,000190288244;1.446.152,27;;;;;;;
TO;IPUEIRAS;1709807;0,000028218537;214.455,19;;;;;;;
TO;ITAGUATINS;1710706;0,000072022453;547.356,11;;;;;;;
TO;ITAPIRATINS;1710904;0,000043584643;331.234,49;;;;;;;
TO;ITAPORA DO TOCANTINS;1711100;0,000028739812;218.416,77;;;;;;;
TO;JAU DO TOCANTINS;1711506;0,000027417806;208.369,79;;;;;;;
TO;JUARINA;1711803;0,000038505449;292.633,65;;;;;;;
TO;LAGOA DO TOCANTINS;1711951;0,000056796544;431.642,28;;;;;;;
TO;MAURILANDIA DO TOCANTINS;1712801;0,000056000347;425.591,34;;;;;;;
TO;MIRACEMA DO TOCANTINS;1713205;0,000149751425;1.138.080,62;;;;;;;
TO;MONTE DO CARMO;1713601;0,000045543919;346.124,6;;;;;;;
TO;MONTE SANTO DO TOCANTINS;1713700;0,000031343321;238.202,92;;;;;;;
TO;MURICILANDIA;1713957;0,000032199449;244.709,32;;;;;;;
TO;NAZARE;1714302;0,000051696217;392.880,82;;;;;;;
TO;NOVA ROSALANDIA;1715002;0,000017026949;129.401,38;;;;;;;
TO;NOVO ACORDO;1715101;0,000055750141;423.689,83;;;;;;;
TO;NOVO ALEGRE;1715150;0,000007262772;55.195,6;;;;;;;
TO;OLIVEIRA DE FATIMA;1715507;0,000022754805;172.931,93;;;;;;;
TO;PALMEIRANTE;1715705;0,000072924053;554.208,09;;;;;;;
TO;PALMEIRAS DO TOCANTINS;1713809;0,000054368107;413.186,65;;;;;;;
TO;PALMEIROPOLIS;1715754;0,000103016948;782.908,02;;;;;;;
TO;PARANA;1716208;0,000129612439;985.028,39;;;;;;;
TO;PEDRO AFONSO;1716505;0,000182095726;1.383.890,79;;;;;;;
TO;PEQUIZEIRO;1716653;0,000038273671;290.872,18;;;;;;;
TO;PINDORAMA DO TOCANTINS;1717008;0,000025670602;195.091,4;;;;;;;
TO;PONTE ALTA DO BOM JESUS;1717800;0,000039145593;297.498,61;;;;;;;
TO;PORTO ALEGRE DO TOCANTINS;1718006;0,000020137229;153.038,88;;;;;;;
TO;PRAIA NORTE;1718303;0,000133391767;1.013.750,52;;;;;;;
TO;PRESIDENTE KENNEDY;1718402;0,000030651409;232.944,53;;;;;;;
TO;RIACHINHO;1718550;0,000034276966;260.498,03;;;;;;;
TO;RIO DOS BOIS;1718709;0,000033766608;256.619,41;;;;;;;
TO;RIO SONO;1718758;0,000065934537;501.089,18;;;;;;;
TO;SAMPAIO;1718808;0,000034904654;265.268,33;;;;;;;
TO;SANTA FE DO ARAGUAIA;1718865;0,000043852283;333.268,5;;;;;;;
TO;SANTA MARIA DO TOCANTINS;1718881;0,000035862689;272.549,2;;;;;;;
TO;SANTA ROSA DO TOCANTINS;1718907;0,000075621734;574.709,92;;;;;;;
TO;SANTA TEREZINHA DO TOCANTINS;1720002;0,000035347657;268.635,06;;;;;;;
TO;SAO BENTO DO TOCANTINS;1720101;0,000109110617;829.218,68;;;;;;;
TO;SAO FELIX DO TOCANTINS;1720150;0,000011180303;84.968,05;;;;;;;
TO;SAO MIGUEL DO TOCANTINS;1720200;0,000223546269;1.698.906,55;;;;;;;
TO;SAO SALVADOR DO TOCANTINS;1720259;0,000031462412;239.107,98;;;;;;;
TO;SAO SEBASTIAO DO TOCANTINS;1720309;0,000071088341;540.257,05;;;;;;;
TO;SAO VALERIO;1720499;0,000034135948;259.426,32;;;;;;;
TO;SITIO NOVO DO TOCANTINS;1720804;0,000198947689;1.511.962,3;;;;;;;
TO;TAIPAS DO TOCANTINS;1720937;0,000024268844;184.438,32;;;;;;;
TO;TALISMA;1720978;0,000019866852;150.984,07;;;;;;;
TO;TOCANTINOPOLIS;1721208;0,000250984247;1.907.429,65;;;;;;;
TO;WANDERLANDIA;1722081;0,000120879814;918.662,2;;;;;;;
TO;XAMBIOA;1722107;0,00015018249;1.141.356,63;;;;;;;
TOTAL;;;; 7.598.794.714,82 ;;;;;;;
;;;;;;;;;;;
