Anexo VII;;;;;;;;;;;;;;;;
Portaria Interministerial MEC/MF nº 11, de 28 de agosto de 2026;;;;;;;;;;;;;;;;
Cronograma de Desembolso da Complementação da União-VAAR ao Fundeb no Ano de 2026 (art. 16, § 2º, da Lei nº 14.113/2020);;;;;;;;;;;;;;;;
;;;;;;;;;;;;;;;;
UF;Ente Federado;"Código 
IBGE";Janeiro;Fevereiro;Março;Abril;Maio;Junho;Julho;Agosto;Setembro;Outubro;Novembro;Dezembro;Janeiro do ano seguinte;Total
AC;ASSIS BRASIL;1200054; 49.783,47 ; 54.761,82 ; 59.740,17 ; 64.718,51 ; 69.436,09 ; 74.610,02 ; 74.610,02 ; 79.584,02 ; 81.330,90 ; 81.484,83 ; 81.484,83 ; 81.484,83 ; 150.534,62 ; 1.003.564,13 
AC;EPITACIOLANDIA;1200252; 49.755,23 ; 54.730,76 ; 59.706,28 ; 64.681,80 ; 69.377,35 ; 74.562,88 ; 74.562,88 ; 79.533,74 ; 81.455,84 ; 81.456,95 ; 81.456,95 ; 81.456,95 ; 150.483,11 ; 1.003.220,72 
AC;JORDAO;1200328; 89.442,67 ; 98.386,93 ; 107.331,20 ; 116.275,47 ; 124.750,60 ; 134.046,74 ; 134.046,74 ; 142.983,19 ; 146.127,22 ; 146.398,98 ; 146.398,98 ; 146.398,98 ; 270.456,66 ; 1.803.044,36 
AC;RODRIGUES ALVES;1200427; 122.404,14 ; 134.644,55 ; 146.884,97 ; 159.125,38 ; 170.723,93 ; 183.445,76 ; 183.445,76 ; 195.675,47 ; 199.977,28 ; 200.349,94 ; 200.349,94 ; 200.349,94 ; 370.125,37 ; 2.467.502,43 
AC;SANTA ROSA DO PURUS;1200435; 62.918,90 ; 69.210,79 ; 75.502,68 ; 81.794,57 ; 87.755,23 ; 94.295,56 ; 94.295,56 ; 100.581,93 ; 102.804,58 ; 102.986,24 ; 102.986,24 ; 102.986,24 ; 190.256,21 ; 1.268.374,73 
AC;TARAUACA;1200609; 130.911,93 ; 144.003,12 ; 157.094,32 ; 170.185,51 ; 182.540,25 ; 196.183,79 ; 196.183,79 ; 209.262,71 ; 214.319,95 ; 214.322,91 ; 214.322,91 ; 214.322,91 ; 395.938,97 ; 2.639.593,07 
AC;XAPURI;1200708; 68.165,10 ; 74.981,61 ; 81.798,12 ; 88.614,63 ; 95.075,72 ; 102.158,80 ; 102.158,80 ; 108.969,39 ; 111.346,53 ; 111.570,07 ; 111.570,07 ; 111.570,07 ; 206.113,93 ; 1.374.092,84 
AL;AGUA BRANCA;2700102; 171.577,65 ; 188.735,41 ; 205.893,17 ; 223.050,94 ; 239.308,96 ; 257.141,54 ; 257.141,54 ; 274.284,31 ; 280.314,67 ; 280.836,71 ; 280.836,71 ; 280.836,71 ; 518.816,18 ; 3.458.774,50 
AL;ALAGOAS;27; 2.971.388,57 ; 3.268.527,43 ; 3.565.666,29 ; 3.862.805,14 ; 4.145.580,98 ; 4.453.492,12 ; 4.453.492,12 ; 4.750.391,59 ; 4.843.704,77 ; 4.862.383,95 ; 4.862.383,95 ; 4.862.383,95 ; 8.982.741,34 ; 59.884.942,20 
AL;ATALAIA;2700409; 288.559,38 ; 317.415,32 ; 346.271,26 ; 375.127,19 ; 402.470,98 ; 432.461,04 ; 432.461,04 ; 461.291,78 ; 471.424,53 ; 472.310,38 ; 472.310,38 ; 472.310,38 ; 872.543,59 ; 5.816.957,25 
AL;BARRA DE SANTO ANTONIO;2700508; 50.316,66 ; 55.348,32 ; 60.379,99 ; 65.411,65 ; 70.200,01 ; 75.414,18 ; 75.414,18 ; 80.441,79 ; 82.021,92 ; 82.338,24 ; 82.338,24 ; 82.338,24 ; 152.111,20 ; 1.014.074,62 
AL;BARRA DE SAO MIGUEL;2700607; 69.832,71 ; 76.815,98 ; 83.799,25 ; 90.782,52 ; 97.398,90 ; 104.657,36 ; 104.657,36 ; 111.634,52 ; 114.094,64 ; 114.302,13 ; 114.302,13 ; 114.302,13 ; 211.161,12 ; 1.407.740,75 
AL;BELEM;2700805; 28.472,49 ; 31.319,74 ; 34.166,99 ; 37.014,24 ; 39.701,41 ; 42.668,69 ; 42.668,69 ; 45.513,27 ; 46.613,16 ; 46.613,84 ; 46.613,84 ; 46.613,84 ; 86.114,15 ; 574.094,35 
AL;BELO MONTE;2700904; 72.485,52 ; 79.734,07 ; 86.982,62 ; 94.231,18 ; 101.101,54 ; 108.633,75 ; 108.633,75 ; 115.876,00 ; 118.405,68 ; 118.641,76 ; 118.641,76 ; 118.641,76 ; 219.178,13 ; 1.461.187,52 
AL;BOCA DA MATA;2701001; 175.926,89 ; 193.519,58 ; 211.112,27 ; 228.704,96 ; 245.374,97 ; 263.659,67 ; 263.659,67 ; 281.236,98 ; 287.421,65 ; 287.955,66 ; 287.955,66 ; 287.955,66 ; 531.967,70 ; 3.546.451,32 
AL;BRANQUINHA;2701100; 127.068,10 ; 139.774,91 ; 152.481,72 ; 165.188,53 ; 177.237,19 ; 190.437,63 ; 190.437,63 ; 203.133,47 ; 207.524,32 ; 207.976,07 ; 207.976,07 ; 207.976,07 ; 384.213,84 ; 2.561.425,55 
AL;CACIMBINHAS;2701209; 87.023,66 ; 95.726,03 ; 104.428,39 ; 113.130,76 ; 121.376,28 ; 130.421,30 ; 130.421,30 ; 139.116,05 ; 142.178,73 ; 142.439,95 ; 142.439,95 ; 142.439,95 ; 263.142,77 ; 1.754.285,12 
AL;CAJUEIRO;2701308; 133.624,22 ; 146.986,64 ; 160.349,06 ; 173.711,48 ; 186.374,52 ; 200.261,49 ; 200.261,49 ; 213.612,25 ; 218.296,56 ; 218.713,62 ; 218.713,62 ; 218.713,62 ; 404.050,34 ; 2.693.668,91 
AL;CAMPESTRE;2701357; 29.046,45 ; 31.951,09 ; 34.855,74 ; 37.760,39 ; 40.524,69 ; 43.534,58 ; 43.534,58 ; 46.436,88 ; 47.349,05 ; 47.531,65 ; 47.531,65 ; 47.531,65 ; 87.809,71 ; 585.398,11 
AL;CAMPO GRANDE;2701506; 54.635,33 ; 60.098,86 ; 65.562,40 ; 71.025,93 ; 76.225,32 ; 81.886,97 ; 81.886,97 ; 87.346,10 ; 89.061,87 ; 89.405,32 ; 89.405,32 ; 89.405,32 ; 165.166,89 ; 1.101.112,60 
AL;CANAPI;2701605; 206.566,19 ; 227.222,81 ; 247.879,42 ; 268.536,04 ; 288.109,63 ; 309.578,54 ; 309.578,54 ; 330.217,11 ; 337.475,40 ; 338.105,44 ; 338.105,44 ; 338.105,44 ; 624.614,12 ; 4.164.094,12 
AL;CAPELA;2701704; 61.855,44 ; 68.040,98 ; 74.226,52 ; 80.412,07 ; 86.298,52 ; 92.708,41 ; 92.708,41 ; 98.888,97 ; 100.831,49 ; 101.220,31 ; 101.220,31 ; 101.220,31 ; 186.993,84 ; 1.246.625,58 
AL;CHA PRETA;2701902; 22.881,84 ; 25.170,02 ; 27.458,20 ; 29.746,39 ; 31.924,02 ; 34.295,10 ; 34.295,10 ; 36.581,45 ; 37.300,03 ; 37.443,87 ; 37.443,87 ; 37.443,87 ; 69.173,60 ; 461.157,36 
AL;COLONIA LEOPOLDINA;2702108; 133.961,24 ; 147.357,36 ; 160.753,49 ; 174.149,61 ; 186.844,38 ; 200.766,53 ; 200.766,53 ; 214.150,96 ; 218.848,97 ; 219.265,46 ; 219.265,46 ; 219.265,46 ; 405.069,79 ; 2.700.465,24 
AL;COQUEIRO SECO;2702207; 38.979,46 ; 42.877,41 ; 46.775,36 ; 50.673,31 ; 54.367,22 ; 58.418,18 ; 58.418,18 ; 62.312,73 ; 63.679,81 ; 63.800,93 ; 63.800,93 ; 63.800,93 ; 117.865,48 ; 785.769,93 
AL;CORURIPE;2702306; 576.217,55 ; 633.839,30 ; 691.461,06 ; 749.082,81 ; 803.728,56 ; 863.582,33 ; 863.582,33 ; 921.154,49 ; 940.990,77 ; 943.104,29 ; 943.104,29 ; 943.104,29 ; 1.742.285,66 ; 11.615.237,73 
AL;CRAIBAS;2702355; 112.704,76 ; 123.975,23 ; 135.245,71 ; 146.516,18 ; 157.241,80 ; 168.920,93 ; 168.920,93 ; 180.182,33 ; 183.721,69 ; 184.430,20 ; 184.430,20 ; 184.430,20 ; 340.715,33 ; 2.271.435,49 
AL;DOIS RIACHOS;2702504; 112.004,25 ; 123.204,68 ; 134.405,10 ; 145.605,53 ; 156.218,02 ; 167.859,41 ; 167.859,41 ; 179.050,03 ; 182.991,86 ; 183.328,08 ; 183.328,08 ; 183.328,08 ; 338.679,28 ; 2.257.861,81 
AL;ESTRELA DE ALAGOAS;2702553; 116.821,86 ; 128.504,05 ; 140.186,23 ; 151.868,42 ; 162.936,72 ; 175.079,33 ; 175.079,33 ; 186.751,29 ; 190.868,71 ; 191.214,14 ; 191.214,14 ; 191.214,14 ; 353.247,95 ; 2.354.986,31 
AL;FEIRA GRANDE;2702603; 76.783,62 ; 84.461,98 ; 92.140,34 ; 99.818,70 ; 107.125,82 ; 115.082,63 ; 115.082,63 ; 122.754,81 ; 125.166,12 ; 125.648,80 ; 125.648,80 ; 125.648,80 ; 232.122,90 ; 1.547.485,95 
AL;FELIZ DESERTO;2702702; 18.150,11 ; 19.965,12 ; 21.780,13 ; 23.595,15 ; 25.322,46 ; 27.203,24 ; 27.203,24 ; 29.016,79 ; 29.586,79 ; 29.700,87 ; 29.700,87 ; 29.700,87 ; 54.869,22 ; 365.794,86 
AL;FLEXEIRAS;2702801; 85.904,52 ; 94.494,97 ; 103.085,42 ; 111.675,87 ; 119.815,88 ; 128.744,18 ; 128.744,18 ; 137.327,12 ; 140.345,84 ; 140.607,67 ; 140.607,67 ; 140.607,67 ; 259.757,83 ; 1.731.718,82 
AL;GIRAU DO PONCIANO;2702900; 168.697,92 ; 185.567,71 ; 202.437,50 ; 219.307,29 ; 235.361,59 ; 252.843,01 ; 252.843,01 ; 269.699,21 ; 274.996,98 ; 276.057,48 ; 276.057,48 ; 276.057,48 ; 509.987,06 ; 3.399.913,72 
AL;IBATEGUARA;2703007; 148.059,84 ; 162.865,82 ; 177.671,81 ; 192.477,79 ; 206.523,06 ; 221.899,60 ; 221.899,60 ; 236.692,91 ; 241.753,00 ; 242.328,02 ; 242.328,02 ; 242.328,02 ; 447.675,44 ; 2.984.502,93 
AL;IGACI;2703106; 147.256,74 ; 161.982,41 ; 176.708,08 ; 191.433,76 ; 205.385,41 ; 220.691,61 ; 220.691,61 ; 235.404,39 ; 240.596,42 ; 241.030,18 ; 241.030,18 ; 241.030,18 ; 445.277,82 ; 2.968.518,79 
AL;INHAPI;2703304; 160.924,07 ; 177.016,47 ; 193.108,88 ; 209.201,28 ; 224.449,10 ; 241.174,96 ; 241.174,96 ; 257.253,29 ; 262.915,69 ; 263.399,70 ; 263.399,70 ; 263.399,70 ; 486.603,15 ; 3.244.020,95 
AL;JACARE DOS HOMENS;2703403; 63.366,46 ; 69.703,10 ; 76.039,75 ; 82.376,39 ; 88.380,24 ; 94.966,49 ; 94.966,49 ; 101.297,59 ; 103.529,17 ; 103.718,09 ; 103.718,09 ; 103.718,09 ; 191.608,23 ; 1.277.388,18 
AL;JACUIPE;2703502; 48.280,18 ; 53.108,20 ; 57.936,22 ; 62.764,24 ; 67.339,02 ; 72.356,97 ; 72.356,97 ; 77.180,77 ; 78.877,88 ; 79.024,58 ; 79.024,58 ; 79.024,58 ; 145.989,57 ; 973.263,76 
AL;JAPARATINGA;2703601; 32.853,24 ; 36.138,56 ; 39.423,89 ; 42.709,21 ; 45.835,77 ; 49.240,16 ; 49.240,16 ; 52.522,84 ; 53.554,58 ; 53.761,08 ; 53.761,08 ; 53.761,08 ; 99.317,93 ; 662.119,58 
AL;JARAMATAIA;2703700; 41.912,28 ; 46.103,51 ; 50.294,74 ; 54.485,96 ; 58.457,77 ; 62.813,55 ; 62.813,55 ; 67.001,12 ; 68.471,57 ; 68.601,36 ; 68.601,36 ; 68.601,36 ; 126.733,78 ; 844.891,91 
AL;JOAQUIM GOMES;2703809; 54.203,62 ; 59.623,99 ; 65.044,35 ; 70.464,71 ; 75.622,98 ; 81.239,93 ; 81.239,93 ; 86.655,93 ; 88.358,16 ; 88.698,87 ; 88.698,87 ; 88.698,87 ; 163.861,81 ; 1.092.412,02 
AL;JUNDIA;2703908; 51.613,37 ; 56.774,71 ; 61.936,05 ; 67.097,38 ; 71.987,88 ; 77.352,36 ; 77.352,36 ; 82.509,18 ; 84.324,52 ; 84.480,43 ; 84.480,43 ; 84.480,43 ; 156.068,67 ; 1.040.457,77 
AL;LAGOA DA CANOA;2704104; 167.283,65 ; 184.012,02 ; 200.740,38 ; 217.468,74 ; 233.319,45 ; 250.706,08 ; 250.706,08 ; 267.419,82 ; 273.303,00 ; 273.808,72 ; 273.808,72 ; 273.808,72 ; 505.832,72 ; 3.372.218,10 
AL;LIMOEIRO DE ANADIA;2704203; 136.771,12 ; 150.448,23 ; 164.125,34 ; 177.802,46 ; 190.818,40 ; 204.991,40 ; 204.991,40 ; 218.657,49 ; 222.952,63 ; 223.812,43 ; 223.812,43 ; 223.812,43 ; 413.469,85 ; 2.756.465,61 
AL;MAJOR ISIDORO;2704401; 136.474,42 ; 150.121,86 ; 163.769,30 ; 177.416,74 ; 190.347,22 ; 204.532,40 ; 204.532,40 ; 218.167,90 ; 222.976,00 ; 223.381,26 ; 223.381,26 ; 223.381,26 ; 412.673,30 ; 2.751.155,32 
AL;MAR VERMELHO;2704906; 23.412,48 ; 25.753,73 ; 28.094,98 ; 30.436,23 ; 32.655,02 ; 35.088,09 ; 35.088,09 ; 37.427,29 ; 38.248,19 ; 38.321,14 ; 38.321,14 ; 38.321,14 ; 70.794,26 ; 471.961,78 
AL;MARAGOGI;2704500; 219.878,55 ; 241.866,40 ; 263.854,25 ; 285.842,11 ; 306.675,11 ; 329.529,12 ; 329.529,12 ; 351.497,72 ; 359.242,48 ; 359.896,92 ; 359.896,92 ; 359.896,92 ; 664.871,58 ; 4.432.477,20 
AL;MARAVILHA;2704609; 108.949,29 ; 119.844,22 ; 130.739,15 ; 141.634,08 ; 151.957,07 ; 163.280,96 ; 163.280,96 ; 174.166,36 ; 178.000,92 ; 178.327,75 ; 178.327,75 ; 178.327,75 ; 329.441,70 ; 2.196.277,96 
AL;MARIBONDO;2704807; 33.513,85 ; 36.865,23 ; 40.216,62 ; 43.568,00 ; 46.757,45 ; 50.230,27 ; 50.230,27 ; 53.578,96 ; 54.631,44 ; 54.842,10 ; 54.842,10 ; 54.842,10 ; 101.315,00 ; 675.433,39 
AL;MATA GRANDE;2705002; 164.241,22 ; 180.665,34 ; 197.089,46 ; 213.513,58 ; 229.074,13 ; 246.145,96 ; 246.145,96 ; 262.555,69 ; 268.348,87 ; 268.830,66 ; 268.830,66 ; 268.830,66 ; 496.636,28 ; 3.310.908,47 
AL;MONTEIROPOLIS;2705408; 76.136,33 ; 83.749,96 ; 91.363,60 ; 98.977,23 ; 106.190,38 ; 114.104,38 ; 114.104,38 ; 121.711,34 ; 124.398,34 ; 124.620,40 ; 124.620,40 ; 124.620,40 ; 230.223,03 ; 1.534.820,17 
AL;MURICI;2705507; 235.572,68 ; 259.129,95 ; 282.687,21 ; 306.244,48 ; 328.570,57 ; 353.051,24 ; 353.051,24 ; 376.587,98 ; 384.829,83 ; 385.579,26 ; 385.579,26 ; 385.579,26 ; 712.317,00 ; 4.748.779,96 
AL;NOVO LINO;2705606; 125.772,82 ; 138.350,11 ; 150.927,39 ; 163.504,67 ; 175.421,83 ; 188.494,22 ; 188.494,22 ; 201.060,50 ; 205.486,00 ; 205.864,32 ; 205.864,32 ; 205.864,32 ; 380.312,60 ; 2.535.417,32 
AL;OLHO DAGUA DAS FLORES;2705705; 147.873,15 ; 162.660,47 ; 177.447,78 ; 192.235,10 ; 206.246,06 ; 221.615,66 ; 221.615,66 ; 236.390,04 ; 241.595,24 ; 242.038,24 ; 242.038,24 ; 242.038,24 ; 447.140,10 ; 2.980.933,98 
AL;OLHO DAGUA DO CASADO;2705804; 31.869,74 ; 35.056,71 ; 38.243,69 ; 41.430,66 ; 44.463,64 ; 47.766,10 ; 47.766,10 ; 50.950,51 ; 51.951,37 ; 52.151,68 ; 52.151,68 ; 52.151,68 ; 96.344,74 ; 642.298,30 
AL;OLHO DAGUA GRANDE;2705903; 54.349,22 ; 59.784,15 ; 65.219,07 ; 70.653,99 ; 75.806,99 ; 81.453,37 ; 81.453,37 ; 86.883,60 ; 88.765,10 ; 88.955,32 ; 88.955,32 ; 88.955,32 ; 164.335,56 ; 1.095.570,38 
AL;OLIVENCA;2706000; 107.540,79 ; 118.294,86 ; 129.048,94 ; 139.803,02 ; 149.993,43 ; 161.170,27 ; 161.170,27 ; 171.914,95 ; 175.692,09 ; 176.021,50 ; 176.021,50 ; 176.021,50 ; 325.181,14 ; 2.167.874,26 
AL;OURO BRANCO;2706109; 105.815,46 ; 116.397,00 ; 126.978,55 ; 137.560,09 ; 147.585,81 ; 158.584,25 ; 158.584,25 ; 169.156,53 ; 172.883,79 ; 173.198,62 ; 173.198,62 ; 173.198,62 ; 319.966,17 ; 2.133.107,76 
AL;PALESTINA;2706208; 39.281,49 ; 43.209,64 ; 47.137,79 ; 51.065,94 ; 54.787,63 ; 58.870,61 ; 58.870,61 ; 62.795,31 ; 64.181,13 ; 64.296,13 ; 64.296,13 ; 64.296,13 ; 118.780,33 ; 791.868,87 
AL;PAO DE ACUCAR;2706406; 158.422,56 ; 174.264,81 ; 190.107,07 ; 205.949,32 ; 220.958,95 ; 237.425,69 ; 237.425,69 ; 253.254,07 ; 258.839,03 ; 259.306,34 ; 259.306,34 ; 259.306,34 ; 479.041,10 ; 3.193.607,31 
AL;PARICONHA;2706422; 63.124,66 ; 69.437,12 ; 75.749,59 ; 82.062,05 ; 88.042,62 ; 94.604,02 ; 94.604,02 ; 100.910,96 ; 103.137,25 ; 103.322,65 ; 103.322,65 ; 103.322,65 ; 190.877,69 ; 1.272.517,93 
AL;PASSO DE CAMARAGIBE;2706505; 106.284,46 ; 116.912,90 ; 127.541,35 ; 138.169,79 ; 148.239,24 ; 159.286,94 ; 159.286,94 ; 169.906,07 ; 173.656,51 ; 173.966,96 ; 173.966,96 ; 173.966,96 ; 321.385,61 ; 2.142.570,69 
AL;PAULO JACINTO;2706604; 40.870,11 ; 44.957,12 ; 49.044,13 ; 53.131,14 ; 57.004,32 ; 61.251,69 ; 61.251,69 ; 65.335,13 ; 66.767,81 ; 66.895,42 ; 66.895,42 ; 66.895,42 ; 123.582,24 ; 823.881,64 
AL;PENEDO;2706703; 365.474,19 ; 402.021,61 ; 438.569,03 ; 475.116,45 ; 509.750,91 ; 547.733,06 ; 547.733,06 ; 584.248,59 ; 597.061,91 ; 598.201,48 ; 598.201,48 ; 598.201,48 ; 1.105.114,11 ; 7.367.427,36 
AL;PIACABUCU;2706802; 113.807,83 ; 125.188,62 ; 136.569,40 ; 147.950,18 ; 158.733,30 ; 170.562,35 ; 170.562,35 ; 181.933,18 ; 185.940,53 ; 186.280,38 ; 186.280,38 ; 186.280,38 ; 344.133,34 ; 2.294.222,22 
AL;PILAR;2706901; 321.894,85 ; 354.084,33 ; 386.273,82 ; 418.463,30 ; 448.969,56 ; 482.421,48 ; 482.421,48 ; 514.582,91 ; 525.853,12 ; 526.870,01 ; 526.870,01 ; 526.870,01 ; 973.336,75 ; 6.488.911,63 
AL;PINDOBA;2707008; 8.330,46 ; 9.163,51 ; 9.996,56 ; 10.829,60 ; 11.615,84 ; 12.483,98 ; 12.483,98 ; 13.316,25 ; 13.638,07 ; 13.638,25 ; 13.638,25 ; 13.638,25 ; 25.195,23 ; 167.968,23 
AL;PIRANHAS;2707107; 158.441,59 ; 174.285,74 ; 190.129,90 ; 205.974,06 ; 220.985,67 ; 237.454,25 ; 237.454,25 ; 253.284,53 ; 258.868,69 ; 259.337,34 ; 259.337,34 ; 259.337,34 ; 479.098,36 ; 3.193.989,06 
AL;POCO DAS TRINCHEIRAS;2707206; 98.457,00 ; 108.302,70 ; 118.148,40 ; 127.994,10 ; 137.322,30 ; 147.556,14 ; 147.556,14 ; 157.393,21 ; 160.864,28 ; 161.154,62 ; 161.154,62 ; 161.154,62 ; 297.716,15 ; 1.984.774,28 
AL;PORTO CALVO;2707305; 218.868,14 ; 240.754,95 ; 262.641,77 ; 284.528,58 ; 305.264,42 ; 328.014,48 ; 328.014,48 ; 349.882,12 ; 357.604,08 ; 358.244,41 ; 358.244,41 ; 358.244,41 ; 661.818,75 ; 4.412.125,00 
AL;PORTO DE PEDRAS;2707404; 67.835,30 ; 74.618,83 ; 81.402,36 ; 88.185,89 ; 94.614,23 ; 101.664,18 ; 101.664,18 ; 108.441,79 ; 110.820,33 ; 111.031,60 ; 111.031,60 ; 111.031,60 ; 205.119,16 ; 1.367.461,05 
AL;PORTO REAL DO COLEGIO;2707503; 113.885,03 ; 125.273,53 ; 136.662,03 ; 148.050,53 ; 158.847,90 ; 170.679,77 ; 170.679,77 ; 182.058,42 ; 186.005,39 ; 186.400,16 ; 186.400,16 ; 186.400,16 ; 344.354,63 ; 2.295.697,48 
AL;RIO LARGO;2707701; 589.455,78 ; 648.401,36 ; 707.346,94 ; 766.292,52 ; 822.149,09 ; 883.411,43 ; 883.411,43 ; 942.305,52 ; 963.005,35 ; 964.813,96 ; 964.813,96 ; 964.813,96 ; 1.782.392,00 ; 11.882.613,30 
AL;ROTEIRO;2707800; 57.670,44 ; 63.437,48 ; 69.204,53 ; 74.971,57 ; 80.437,00 ; 86.430,27 ; 86.430,27 ; 92.192,29 ; 94.211,46 ; 94.393,63 ; 94.393,63 ; 94.393,63 ; 174.382,28 ; 1.162.548,48 
AL;SANTA LUZIA DO NORTE;2707909; 49.386,43 ; 54.325,07 ; 59.263,72 ; 64.202,36 ; 68.881,60 ; 74.014,81 ; 74.014,81 ; 78.949,13 ; 80.688,31 ; 80.835,61 ; 80.835,61 ; 80.835,61 ; 149.335,25 ; 995.568,32 
AL;SANTANA DO IPANEMA;2708006; 113.541,48 ; 124.895,63 ; 136.249,77 ; 147.603,92 ; 158.409,16 ; 170.175,01 ; 170.175,01 ; 181.520,01 ; 185.085,67 ; 185.799,41 ; 185.799,41 ; 185.799,41 ; 343.244,81 ; 2.288.298,70 
AL;SANTANA DO MUNDAU;2708105; 162.239,53 ; 178.463,48 ; 194.687,44 ; 210.911,39 ; 226.301,09 ; 243.150,75 ; 243.150,75 ; 259.360,79 ; 264.911,98 ; 265.536,45 ; 265.536,45 ; 265.536,45 ; 490.550,57 ; 3.270.337,12 
AL;SAO BRAS;2708204; 23.778,19 ; 26.156,01 ; 28.533,83 ; 30.911,65 ; 33.174,60 ; 35.638,55 ; 35.638,55 ; 38.014,45 ; 38.761,18 ; 38.910,66 ; 38.910,66 ; 38.910,66 ; 71.883,34 ; 479.222,33 
AL;SAO JOSE DA LAJE;2708303; 178.167,75 ; 195.984,53 ; 213.801,30 ; 231.618,08 ; 248.515,97 ; 267.021,92 ; 267.021,92 ; 284.823,38 ; 290.944,50 ; 291.608,67 ; 291.608,67 ; 291.608,67 ; 538.716,25 ; 3.591.441,61 
AL;SAO LUIS DO QUITUNDE;2708501; 177.205,65 ; 194.926,21 ; 212.646,78 ; 230.367,34 ; 247.157,67 ; 265.575,93 ; 265.575,93 ; 283.280,99 ; 289.517,89 ; 290.049,47 ; 290.049,47 ; 290.049,47 ; 535.835,79 ; 3.572.238,59 
AL;SAO MIGUEL DOS CAMPOS;2708600; 328.797,60 ; 361.677,36 ; 394.557,12 ; 427.436,88 ; 458.595,17 ; 492.766,06 ; 492.766,06 ; 525.617,13 ; 537.148,42 ; 538.170,29 ; 538.170,29 ; 538.170,29 ; 994.212,83 ; 6.628.085,50 
AL;SAO MIGUEL DOS MILAGRES;2708709; 69.899,63 ; 76.889,60 ; 83.879,56 ; 90.869,52 ; 97.492,19 ; 104.757,65 ; 104.757,65 ; 111.741,49 ; 114.204,50 ; 114.411,72 ; 114.411,72 ; 114.411,72 ; 211.363,59 ; 1.409.090,54 
AL;SAO SEBASTIAO;2708808; 229.669,44 ; 252.636,39 ; 275.603,33 ; 298.570,27 ; 320.331,77 ; 344.202,81 ; 344.202,81 ; 367.149,66 ; 375.231,83 ; 375.921,87 ; 375.921,87 ; 375.921,87 ; 694.475,99 ; 4.629.839,91 
AL;SATUBA;2708907; 149.968,63 ; 164.965,50 ; 179.962,36 ; 194.959,22 ; 209.170,06 ; 224.756,46 ; 224.756,46 ; 239.740,23 ; 245.007,12 ; 245.466,86 ; 245.466,86 ; 245.466,86 ; 453.474,12 ; 3.023.160,74 
AL;SENADOR RUI PALMEIRA;2708956; 100.190,51 ; 110.209,56 ; 120.228,61 ; 130.247,66 ; 139.740,14 ; 150.154,13 ; 150.154,13 ; 160.164,41 ; 163.696,03 ; 163.991,96 ; 163.991,96 ; 163.991,96 ; 302.957,84 ; 2.019.718,90 
AL;TANQUE DARCA;2709004; 44.634,51 ; 49.097,97 ; 53.561,42 ; 58.024,87 ; 62.254,17 ; 66.893,25 ; 66.893,25 ; 71.352,80 ; 72.921,81 ; 73.057,39 ; 73.057,39 ; 73.057,39 ; 134.965,81 ; 899.772,03 
AL;TAQUARANA;2709103; 182.168,74 ; 200.385,61 ; 218.602,48 ; 236.819,36 ; 254.082,59 ; 273.014,70 ; 273.014,70 ; 291.215,68 ; 297.603,43 ; 298.170,56 ; 298.170,56 ; 298.170,56 ; 550.838,65 ; 3.672.257,62 
AL;TEOTONIO VILELA;2709152; 445.441,29 ; 489.985,42 ; 534.529,55 ; 579.073,68 ; 621.309,66 ; 667.584,91 ; 667.584,91 ; 712.090,57 ; 727.493,88 ; 729.067,92 ; 729.067,92 ; 729.067,92 ; 1.346.876,06 ; 8.979.173,69 
AL;TRAIPU;2709202; 114.538,79 ; 125.992,67 ; 137.446,55 ; 148.900,43 ; 159.800,58 ; 171.669,77 ; 171.669,77 ; 183.114,42 ; 186.711,38 ; 187.431,42 ; 187.431,42 ; 187.431,42 ; 346.259,76 ; 2.308.398,38 
AL;UNIAO DOS PALMARES;2709301; 583.578,57 ; 641.936,42 ; 700.294,28 ; 758.652,14 ; 814.003,09 ; 874.616,15 ; 874.616,15 ; 932.923,89 ; 952.948,38 ; 955.145,40 ; 955.145,40 ; 955.145,40 ; 1.764.530,35 ; 11.763.535,62 
AL;VICOSA;2709400; 143.840,43 ; 158.224,47 ; 172.608,52 ; 186.992,56 ; 200.622,93 ; 215.572,24 ; 215.572,24 ; 229.943,72 ; 234.993,48 ; 235.436,09 ; 235.436,09 ; 235.436,09 ; 434.943,34 ; 2.899.622,20 
AM;ALVARAES;1300029; 64.912,81 ; 71.404,09 ; 77.895,38 ; 84.386,66 ; 90.564,09 ; 97.290,77 ; 97.290,77 ; 103.776,83 ; 105.815,34 ; 106.223,41 ; 106.223,41 ; 106.223,41 ; 196.236,53 ; 1.308.243,50 
AM;AMAZONAS;13; 12.209.567,63 ; 13.430.524,40 ; 14.651.481,16 ; 15.872.437,92 ; 17.012.239,16 ; 18.294.062,58 ; 18.294.062,58 ; 19.513.666,75 ; 19.942.892,95 ; 19.979.856,81 ; 19.979.856,81 ; 19.979.856,81 ; 36.910.677,46 ; 246.071.183,02 
AM;ANAMA;1300086; 32.392,09 ; 35.631,30 ; 38.870,51 ; 42.109,72 ; 45.166,78 ; 48.542,59 ; 48.542,59 ; 51.778,76 ; 53.030,08 ; 53.030,83 ; 53.030,83 ; 53.030,83 ; 97.968,86 ; 653.125,77 
AM;AUTAZES;1300300; 238.200,04 ; 262.020,05 ; 285.840,05 ; 309.660,05 ; 332.229,07 ; 356.987,33 ; 356.987,33 ; 380.786,48 ; 389.175,76 ; 389.885,44 ; 389.885,44 ; 389.885,44 ; 720.272,21 ; 4.801.814,69 
AM;BARREIRINHA;1300508; 263.143,87 ; 289.458,26 ; 315.772,65 ; 342.087,04 ; 367.017,83 ; 394.369,93 ; 394.369,93 ; 420.661,26 ; 429.943,55 ; 430.714,97 ; 430.714,97 ; 430.714,97 ; 795.700,46 ; 5.304.669,69 
AM;BENJAMIN CONSTANT;1300607; 392.109,98 ; 431.320,98 ; 470.531,97 ; 509.742,97 ; 546.891,38 ; 587.649,34 ; 587.649,34 ; 626.825,96 ; 640.666,02 ; 641.808,10 ; 641.808,10 ; 641.808,10 ; 1.185.672,75 ; 7.904.484,99 
AM;BOA VISTA DO RAMOS;1300680; 110.755,54 ; 121.831,10 ; 132.906,65 ; 143.982,21 ; 154.475,00 ; 165.987,63 ; 165.987,63 ; 177.053,47 ; 180.964,07 ; 181.285,52 ; 181.285,52 ; 181.285,52 ; 334.905,86 ; 2.232.705,72 
AM;BOCA DO ACRE;1300706; 189.501,95 ; 208.452,15 ; 227.402,34 ; 246.352,54 ; 264.314,20 ; 284.005,80 ; 284.005,80 ; 302.939,52 ; 309.552,58 ; 310.170,13 ; 310.170,13 ; 310.170,13 ; 573.006,58 ; 3.820.043,85 
AM;BORBA;1300805; 101.324,08 ; 111.456,48 ; 121.588,89 ; 131.721,30 ; 141.363,88 ; 151.863,67 ; 151.863,67 ; 161.987,91 ; 165.169,87 ; 165.806,84 ; 165.806,84 ; 165.806,84 ; 306.310,64 ; 2.042.070,91 
AM;CAAPIRANGA;1300839; 68.101,15 ; 74.911,26 ; 81.721,37 ; 88.531,49 ; 94.984,01 ; 102.062,34 ; 102.062,34 ; 108.866,50 ; 111.263,74 ; 111.467,71 ; 111.467,71 ; 111.467,71 ; 205.924,83 ; 1.372.832,16 
AM;CANUTAMA;1300904; 76.308,16 ; 83.938,98 ; 91.569,79 ; 99.200,61 ; 106.431,24 ; 114.362,21 ; 114.362,21 ; 121.986,35 ; 124.668,20 ; 124.900,48 ; 124.900,48 ; 124.900,48 ; 230.740,45 ; 1.538.269,64 
AM;CARAUARI;1301001; 92.256,75 ; 101.482,42 ; 110.708,09 ; 119.933,77 ; 128.640,40 ; 138.255,38 ; 138.255,38 ; 147.472,40 ; 151.036,37 ; 151.038,44 ; 151.038,44 ; 151.038,44 ; 279.027,58 ; 1.860.183,86 
AM;CAREIRO DA VARZEA;1301159; 114.264,26 ; 125.690,69 ; 137.117,11 ; 148.543,54 ; 159.368,39 ; 171.246,01 ; 171.246,01 ; 182.662,42 ; 186.699,77 ; 187.028,90 ; 187.028,90 ; 187.028,90 ; 345.516,16 ; 2.303.441,06 
AM;COARI;1301209; 344.317,92 ; 378.749,71 ; 413.181,51 ; 447.613,30 ; 480.234,81 ; 516.024,34 ; 516.024,34 ; 550.425,96 ; 562.570,58 ; 563.580,88 ; 563.580,88 ; 563.580,88 ; 1.041.156,20 ; 6.941.041,31 
AM;FONTE BOA;1301605; 198.635,41 ; 218.498,95 ; 238.362,49 ; 258.226,03 ; 277.045,23 ; 297.692,05 ; 297.692,05 ; 317.538,18 ; 324.544,27 ; 325.127,18 ; 325.127,18 ; 325.127,18 ; 600.638,16 ; 4.004.254,36 
AM;GUAJARA;1301654; 80.297,02 ; 88.326,72 ; 96.356,43 ; 104.386,13 ; 111.994,04 ; 120.340,10 ; 120.340,10 ; 128.362,77 ; 131.191,19 ; 131.430,07 ; 131.430,07 ; 131.430,07 ; 242.803,19 ; 1.618.687,90 
AM;HUMAITA;1301704; 314.539,94 ; 345.993,93 ; 377.447,92 ; 408.901,91 ; 438.702,76 ; 471.396,63 ; 471.396,63 ; 502.823,08 ; 513.912,24 ; 514.839,61 ; 514.839,61 ; 514.839,61 ; 951.111,86 ; 6.340.745,73 
AM;IPIXUNA;1301803; 54.124,02 ; 59.536,42 ; 64.948,83 ; 70.361,23 ; 75.511,92 ; 81.120,63 ; 81.120,63 ; 86.528,67 ; 88.228,40 ; 88.568,61 ; 88.568,61 ; 88.568,61 ; 163.621,17 ; 1.090.807,75 
AM;ITACOATIARA;1301902; 520.900,97 ; 572.991,07 ; 625.081,17 ; 677.171,27 ; 726.526,35 ; 780.667,72 ; 780.667,72 ; 832.712,23 ; 851.052,55 ; 852.609,29 ; 852.609,29 ; 852.609,29 ; 1.575.105,70 ; 10.500.704,62 
AM;ITAPIRANGA;1302009; 64.512,01 ; 70.963,21 ; 77.414,41 ; 83.865,61 ; 89.977,83 ; 96.683,28 ; 96.683,28 ; 103.128,84 ; 105.401,94 ; 105.593,25 ; 105.593,25 ; 105.593,25 ; 195.072,39 ; 1.300.482,55 
AM;JAPURA;1302108; 46.735,46 ; 51.409,01 ; 56.082,55 ; 60.756,10 ; 65.203,67 ; 70.046,71 ; 70.046,71 ; 74.716,49 ; 76.184,17 ; 76.477,96 ; 76.477,96 ; 76.477,96 ; 141.284,96 ; 941.899,71 
AM;JURUA;1302207; 80.833,48 ; 88.916,83 ; 97.000,18 ; 105.083,53 ; 112.741,00 ; 121.143,78 ; 121.143,78 ; 129.220,03 ; 132.078,54 ; 132.309,32 ; 132.309,32 ; 132.309,32 ; 244.427,50 ; 1.629.516,61 
AM;JUTAI;1302306; 241.690,63 ; 265.859,69 ; 290.028,75 ; 314.197,82 ; 337.095,44 ; 362.218,10 ; 362.218,10 ; 386.365,97 ; 394.897,40 ; 395.600,82 ; 395.600,82 ; 395.600,82 ; 730.830,77 ; 4.872.205,13 
AM;LABREA;1302405; 128.830,83 ; 141.713,91 ; 154.597,00 ; 167.480,08 ; 179.740,38 ; 193.090,56 ; 193.090,56 ; 205.963,26 ; 210.009,02 ; 210.818,93 ; 210.818,93 ; 210.818,93 ; 389.465,72 ; 2.596.438,11 
AM;MANAQUIRI;1302553; 118.362,60 ; 130.198,86 ; 142.035,12 ; 153.871,38 ; 165.084,08 ; 177.388,03 ; 177.388,03 ; 189.213,90 ; 193.399,79 ; 193.737,50 ; 193.737,50 ; 193.737,50 ; 357.909,59 ; 2.386.063,88 
AM;MARAA;1302801; 132.900,65 ; 146.190,71 ; 159.480,78 ; 172.770,84 ; 185.364,21 ; 199.176,82 ; 199.176,82 ; 212.455,27 ; 217.123,77 ; 217.530,29 ; 217.530,29 ; 217.530,29 ; 401.864,25 ; 2.679.094,99 
AM;NHAMUNDA;1303007; 112.679,05 ; 123.946,95 ; 135.214,86 ; 146.482,76 ; 157.157,55 ; 168.870,31 ; 168.870,31 ; 180.128,33 ; 184.108,64 ; 184.434,11 ; 184.434,11 ; 184.434,11 ; 340.722,55 ; 2.271.483,64 
AM;NOVA OLINDA DO NORTE;1303106; 197.364,72 ; 217.101,19 ; 236.837,66 ; 256.574,13 ; 275.273,70 ; 295.787,87 ; 295.787,87 ; 315.507,06 ; 322.461,13 ; 323.046,55 ; 323.046,55 ; 323.046,55 ; 596.794,41 ; 3.978.629,39 
AM;NOVO AIRAO;1303205; 53.622,26 ; 58.984,48 ; 64.346,71 ; 69.708,94 ; 74.811,91 ; 80.368,59 ; 80.368,59 ; 85.726,49 ; 87.410,41 ; 87.747,53 ; 87.747,53 ; 87.747,53 ; 162.104,30 ; 1.080.695,27 
AM;PAUINI;1303502; 54.554,68 ; 60.010,15 ; 65.465,62 ; 70.921,08 ; 76.112,80 ; 81.766,09 ; 81.766,09 ; 87.217,16 ; 88.930,39 ; 89.273,34 ; 89.273,34 ; 89.273,34 ; 164.923,08 ; 1.099.487,16 
AM;RIO PRETO DA EVA;1303569; 187.054,82 ; 205.760,30 ; 224.465,78 ; 243.171,27 ; 260.896,16 ; 280.337,11 ; 280.337,11 ; 299.026,25 ; 305.597,37 ; 306.169,26 ; 306.169,26 ; 306.169,26 ; 565.615,41 ; 3.770.769,36 
AM;SANTA ISABEL DO RIO NEGRO;1303601; 60.118,36 ; 66.130,19 ; 72.142,03 ; 78.153,86 ; 83.827,46 ; 90.092,99 ; 90.092,99 ; 96.099,18 ; 98.421,58 ; 98.422,97 ; 98.422,97 ; 98.422,97 ; 181.826,04 ; 1.212.173,59 
AM;SANTO ANTONIO DO ICA;1303700; 257.161,57 ; 282.877,72 ; 308.593,88 ; 334.310,04 ; 358.674,50 ; 385.404,45 ; 385.404,45 ; 411.098,08 ; 420.165,20 ; 420.922,67 ; 420.922,67 ; 420.922,67 ; 777.610,22 ; 5.184.068,12 
AM;SAO GABRIEL DA CACHOEIRA;1303809; 322.126,72 ; 354.339,40 ; 386.552,07 ; 418.764,74 ; 449.293,05 ; 482.769,00 ; 482.769,00 ; 514.953,60 ; 526.231,51 ; 527.249,49 ; 527.249,49 ; 527.249,49 ; 974.037,81 ; 6.493.585,37 
AM;SAO SEBASTIAO DO UATUMA;1303957; 30.640,18 ; 33.704,20 ; 36.768,22 ; 39.832,23 ; 42.723,94 ; 45.917,18 ; 45.917,18 ; 48.978,33 ; 50.161,98 ; 50.162,68 ; 50.162,68 ; 50.162,68 ; 92.670,26 ; 617.801,74 
AM;SILVES;1304005; 36.456,88 ; 40.102,57 ; 43.748,26 ; 47.393,95 ; 50.863,48 ; 54.641,27 ; 54.641,27 ; 58.284,02 ; 59.428,90 ; 59.658,09 ; 59.658,09 ; 59.658,09 ; 110.212,03 ; 734.746,90 
AM;TABATINGA;1304062; 531.565,96 ; 584.722,55 ; 637.879,15 ; 691.035,74 ; 741.393,91 ; 796.649,35 ; 796.649,35 ; 849.759,31 ; 868.542,52 ; 870.072,71 ; 870.072,71 ; 870.072,71 ; 1.607.367,53 ; 10.715.783,50 
AM;TAPAUA;1304104; 163.643,71 ; 180.008,08 ; 196.372,45 ; 212.736,82 ; 228.244,75 ; 245.251,47 ; 245.251,47 ; 261.601,56 ; 267.337,55 ; 267.848,90 ; 267.848,90 ; 267.848,90 ; 494.822,57 ; 3.298.817,13 
AM;TONANTINS;1304237; 157.156,28 ; 172.871,91 ; 188.587,54 ; 204.303,17 ; 219.190,07 ; 235.527,26 ; 235.527,26 ; 251.229,08 ; 256.794,45 ; 257.236,31 ; 257.236,31 ; 257.236,31 ; 475.216,94 ; 3.168.112,89 
AM;URUCARA;1304302; 46.644,51 ; 51.308,96 ; 55.973,41 ; 60.637,86 ; 65.039,82 ; 69.901,16 ; 69.901,16 ; 74.561,24 ; 76.363,17 ; 76.364,21 ; 76.364,21 ; 76.364,21 ; 141.074,81 ; 940.498,73 
AM;URUCURITUBA;1304401; 116.038,57 ; 127.642,42 ; 139.246,28 ; 150.850,14 ; 161.844,57 ; 173.905,51 ; 173.905,51 ; 185.499,21 ; 189.585,75 ; 189.931,71 ; 189.931,71 ; 189.931,71 ; 350.878,79 ; 2.339.191,88 
AP;AMAPA;1600105; 22.120,63 ; 24.332,69 ; 26.544,75 ; 28.756,82 ; 30.844,53 ; 33.149,83 ; 33.149,83 ; 35.359,82 ; 36.214,35 ; 36.214,86 ; 36.214,86 ; 36.214,86 ; 66.903,14 ; 446.020,97 
AP;CALCOENE;1600204; 61.605,93 ; 67.766,52 ; 73.927,11 ; 80.087,71 ; 85.924,54 ; 92.327,96 ; 92.327,96 ; 98.483,16 ; 100.654,49 ; 100.836,65 ; 100.836,65 ; 100.836,65 ; 186.285,06 ; 1.241.900,39 
AP;LARANJAL DO JARI;1600279; 224.549,30 ; 247.004,23 ; 269.459,16 ; 291.914,09 ; 313.191,32 ; 336.529,53 ; 336.529,53 ; 358.964,83 ; 366.858,71 ; 367.540,40 ; 367.540,40 ; 367.540,40 ; 678.992,10 ; 4.526.614,00 
AP;MACAPA;1600303; 1.280.825,15 ; 1.408.907,67 ; 1.536.990,18 ; 1.665.072,69 ; 1.785.844,44 ; 1.919.410,04 ; 1.919.410,04 ; 2.047.370,71 ; 2.092.322,88 ; 2.096.272,30 ; 2.096.272,30 ; 2.096.272,30 ; 3.872.641,89 ; 25.817.612,59 
AP;MAZAGAO;1600402; 93.292,88 ; 102.622,17 ; 111.951,45 ; 121.280,74 ; 125.098,54 ; 138.561,45 ; 138.561,45 ; 147.798,88 ; 151.370,72 ; 151.372,82 ; 151.372,82 ; 151.372,82 ; 279.645,31 ; 1.864.302,05 
AP;PEDRA BRANCA DO AMAPARI;1600154; 54.920,04 ; 60.412,04 ; 65.904,04 ; 71.396,05 ; 71.241,54 ; 80.968,45 ; 80.968,45 ; 86.366,35 ; 88.267,24 ; 88.429,83 ; 88.429,83 ; 88.429,83 ; 163.364,77 ; 1.089.098,46 
AP;SANTANA;1600600; 402.536,06 ; 442.789,67 ; 483.043,27 ; 523.296,88 ; 580.451,59 ; 608.029,37 ; 608.029,37 ; 648.564,66 ; 662.836,95 ; 664.060,01 ; 664.060,01 ; 664.060,01 ; 1.226.780,80 ; 8.178.538,65 
AP;SERRA DO NAVIO;1600055; 18.105,80 ; 19.916,38 ; 21.726,96 ; 23.537,54 ; 25.252,96 ; 27.134,89 ; 27.134,89 ; 28.943,89 ; 29.582,92 ; 29.635,69 ; 29.635,69 ; 29.635,69 ; 54.748,81 ; 364.992,11 
AP;TARTARUGALZINHO;1600709; 87.956,19 ; 96.751,81 ; 105.547,42 ; 114.343,04 ; 122.675,86 ; 131.818,60 ; 131.818,60 ; 140.606,50 ; 143.711,75 ; 143.967,32 ; 143.967,32 ; 143.967,32 ; 265.964,43 ; 1.773.096,16 
BA;ABAIRA;2900108; 16.811,84 ; 18.493,03 ; 20.174,21 ; 21.855,40 ; 23.442,09 ; 25.194,12 ; 25.194,12 ; 26.873,73 ; 27.523,18 ; 27.523,57 ; 27.523,57 ; 27.523,57 ; 50.846,89 ; 338.979,32 
BA;ABARE;2900207; 69.248,86 ; 76.173,74 ; 83.098,63 ; 90.023,51 ; 96.613,59 ; 103.789,60 ; 103.789,60 ; 110.708,91 ; 112.883,62 ; 113.318,91 ; 113.318,91 ; 113.318,91 ; 209.344,73 ; 1.395.631,52 
BA;ACAJUTIBA;2900306; 135.199,43 ; 148.719,37 ; 162.239,31 ; 175.759,25 ; 188.568,64 ; 202.621,50 ; 202.621,50 ; 216.129,60 ; 220.895,98 ; 221.294,69 ; 221.294,69 ; 221.294,69 ; 408.818,59 ; 2.725.457,24 
BA;ADUSTINA;2900355; 104.424,06 ; 114.866,46 ; 125.308,87 ; 135.751,27 ; 145.648,55 ; 156.499,81 ; 156.499,81 ; 166.933,13 ; 170.580,70 ; 170.917,98 ; 170.917,98 ; 170.917,98 ; 315.752,93 ; 2.105.019,53 
BA;AIQUARA;2900603; 14.112,31 ; 15.523,54 ; 16.934,77 ; 18.346,00 ; 19.689,10 ; 21.151,41 ; 21.151,41 ; 22.561,51 ; 23.004,68 ; 23.093,41 ; 23.093,41 ; 23.093,41 ; 42.662,63 ; 284.417,59 
BA;AMERICA DOURADA;2901155; 54.871,63 ; 60.358,79 ; 65.845,96 ; 71.333,12 ; 76.511,56 ; 82.230,28 ; 82.230,28 ; 87.712,29 ; 89.832,03 ; 89.833,27 ; 89.833,27 ; 89.833,27 ; 165.957,49 ; 1.106.383,24 
BA;ANDORINHA;2901353; 121.621,77 ; 133.783,94 ; 145.946,12 ; 158.108,30 ; 169.632,81 ; 182.273,25 ; 182.273,25 ; 194.424,80 ; 198.698,05 ; 199.069,24 ; 199.069,24 ; 199.069,24 ; 367.759,42 ; 2.451.729,43 
BA;ANGUERA;2901502; 107.364,61 ; 118.101,07 ; 128.837,53 ; 139.573,99 ; 149.749,50 ; 160.906,68 ; 160.906,68 ; 171.633,79 ; 175.388,53 ; 175.731,45 ; 175.731,45 ; 175.731,45 ; 324.645,31 ; 2.164.302,04 
BA;ANTAS;2901601; 140.452,29 ; 154.497,52 ; 168.542,74 ; 182.587,97 ; 195.897,31 ; 210.494,47 ; 210.494,47 ; 224.527,44 ; 229.457,89 ; 229.890,38 ; 229.890,38 ; 229.890,38 ; 424.698,22 ; 2.831.321,46 
BA;ANTONIO GONCALVES;2901809; 67.795,51 ; 74.575,06 ; 81.354,61 ; 88.134,16 ; 83.852,84 ; 98.928,07 ; 98.928,07 ; 105.523,27 ; 107.846,62 ; 108.044,57 ; 108.044,57 ; 108.044,57 ; 199.600,93 ; 1.330.672,85 
BA;APORA;2901908; 53.262,03 ; 58.588,23 ; 63.914,44 ; 69.240,64 ; 74.309,32 ; 79.828,68 ; 79.828,68 ; 85.150,59 ; 86.823,22 ; 87.158,05 ; 87.158,05 ; 87.158,05 ; 161.015,30 ; 1.073.435,28 
BA;APUAREMA;2901957; 45.325,13 ; 49.857,64 ; 54.390,15 ; 58.922,66 ; 63.218,04 ; 67.928,43 ; 67.928,43 ; 72.456,99 ; 74.044,27 ; 74.187,14 ; 74.187,14 ; 74.187,14 ; 137.052,92 ; 913.686,08 
BA;ARACAS;2902054; 73.561,19 ; 80.917,31 ; 88.273,42 ; 95.629,54 ; 102.598,98 ; 110.245,13 ; 110.245,13 ; 117.594,80 ; 120.188,31 ; 120.405,11 ; 120.405,11 ; 120.405,11 ; 222.435,74 ; 1.482.904,88 
BA;ARACATU;2902005; 135.975,49 ; 149.573,04 ; 163.170,59 ; 176.768,14 ; 189.652,11 ; 203.784,86 ; 203.784,86 ; 217.370,52 ; 222.154,23 ; 222.563,91 ; 222.563,91 ; 222.563,91 ; 411.163,34 ; 2.741.088,91 
BA;ARATUIPE;2902302; 25.892,31 ; 28.481,54 ; 31.070,78 ; 33.660,01 ; 36.124,15 ; 38.807,18 ; 38.807,18 ; 41.394,33 ; 42.207,44 ; 42.370,22 ; 42.370,22 ; 42.370,22 ; 78.274,51 ; 521.830,09 
BA;AURELINO LEAL;2902401; 83.515,94 ; 91.867,54 ; 100.219,13 ; 108.570,72 ; 116.483,84 ; 125.164,31 ; 125.164,31 ; 133.508,60 ; 136.448,27 ; 136.698,58 ; 136.698,58 ; 136.698,58 ; 252.536,20 ; 1.683.574,60 
BA;BANZAE;2902658; 103.755,26 ; 114.130,78 ; 124.506,31 ; 134.881,83 ; 144.714,17 ; 155.497,10 ; 155.497,10 ; 165.863,57 ; 169.501,76 ; 169.824,77 ; 169.824,77 ; 169.824,77 ; 313.733,33 ; 2.091.555,52 
BA;BARRA DO CHOCA;2902906; 244.907,51 ; 269.398,26 ; 293.889,01 ; 318.379,76 ; 341.585,43 ; 367.040,00 ; 367.040,00 ; 391.509,33 ; 400.124,59 ; 400.863,14 ; 400.863,14 ; 400.863,14 ; 740.552,35 ; 4.937.015,66 
BA;BARRO ALTO;2903235; 84.617,92 ; 93.079,71 ; 101.541,50 ; 110.003,29 ; 118.021,35 ; 126.815,95 ; 126.815,95 ; 135.270,35 ; 138.244,19 ; 138.501,81 ; 138.501,81 ; 138.501,81 ; 255.867,47 ; 1.705.783,11 
BA;BARROCAS;2903276; 127.284,78 ; 140.013,25 ; 152.741,73 ; 165.470,21 ; 177.531,36 ; 190.760,35 ; 190.760,35 ; 203.477,70 ; 207.949,76 ; 208.338,38 ; 208.338,38 ; 208.338,38 ; 384.883,17 ; 2.565.887,80 
BA;BELMONTE;2903409; 131.224,76 ; 144.347,24 ; 157.469,71 ; 170.592,19 ; 183.026,89 ; 196.665,22 ; 196.665,22 ; 209.776,23 ; 214.384,64 ; 214.787,09 ; 214.787,09 ; 214.787,09 ; 396.796,48 ; 2.645.309,85 
BA;BELO CAMPO;2903508; 118.470,56 ; 130.317,62 ; 142.164,67 ; 154.011,73 ; 165.236,84 ; 177.550,37 ; 177.550,37 ; 189.387,06 ; 193.557,00 ; 193.912,15 ; 193.912,15 ; 193.912,15 ; 358.232,24 ; 2.388.214,91 
BA;BIRITINGA;2903607; 134.586,03 ; 148.044,63 ; 161.503,23 ; 174.961,84 ; 187.713,32 ; 201.702,29 ; 201.702,29 ; 215.149,11 ; 219.891,22 ; 220.290,40 ; 220.290,40 ; 220.290,40 ; 406.963,27 ; 2.713.088,43 
BA;BOA NOVA;2903706; 104.612,04 ; 115.073,24 ; 125.534,44 ; 135.995,65 ; 145.907,75 ; 156.780,79 ; 156.780,79 ; 167.232,85 ; 170.914,03 ; 171.228,47 ; 171.228,47 ; 171.228,47 ; 316.326,53 ; 2.108.843,52 
BA;BOA VISTA DO TUPIM;2903805; 54.652,96 ; 60.118,26 ; 65.583,55 ; 71.048,85 ; 76.206,66 ; 81.902,58 ; 81.902,58 ; 87.362,75 ; 89.474,03 ; 89.475,28 ; 89.475,28 ; 89.475,28 ; 165.296,13 ; 1.101.974,19 
BA;BOM JESUS DA LAPA;2903904; 472.413,35 ; 519.654,69 ; 566.896,02 ; 614.137,36 ; 658.894,39 ; 707.998,98 ; 707.998,98 ; 755.198,91 ; 771.866,89 ; 773.248,50 ; 773.248,50 ; 773.248,50 ; 1.428.495,02 ; 9.523.300,09 
BA;BOM JESUS DA SERRA;2903953; 24.881,53 ; 27.369,68 ; 29.857,84 ; 32.345,99 ; 34.694,24 ; 37.287,31 ; 37.287,31 ; 39.773,13 ; 40.734,32 ; 40.734,89 ; 40.734,89 ; 40.734,89 ; 75.253,41 ; 501.689,43 
BA;BOQUIRA;2904100; 120.744,47 ; 132.818,92 ; 144.893,36 ; 156.967,81 ; 150.453,13 ; 176.469,44 ; 176.469,44 ; 188.234,07 ; 192.372,96 ; 192.730,86 ; 192.730,86 ; 192.730,86 ; 356.049,92 ; 2.373.666,10 
BA;BURITIRAMA;2904753; 127.020,87 ; 139.722,95 ; 152.425,04 ; 165.127,12 ; 177.159,55 ; 190.363,90 ; 190.363,90 ; 203.054,83 ; 207.551,43 ; 207.909,93 ; 207.909,93 ; 207.909,93 ; 384.091,66 ; 2.560.611,04 
BA;CABACEIRAS DO PARAGUACU;2904852; 64.649,61 ; 71.114,57 ; 77.579,53 ; 84.044,49 ; 90.196,92 ; 96.896,29 ; 96.896,29 ; 103.356,04 ; 105.386,30 ; 105.792,70 ; 105.792,70 ; 105.792,70 ; 195.440,85 ; 1.302.938,99 
BA;CACHOEIRA;2904902; 139.762,79 ; 153.739,07 ; 167.715,35 ; 181.691,63 ; 194.932,94 ; 209.460,46 ; 209.460,46 ; 223.424,49 ; 228.355,29 ; 228.764,38 ; 228.764,38 ; 228.764,38 ; 422.618,06 ; 2.817.453,68 
BA;CAETANOS;2905156; 72.381,01 ; 79.619,11 ; 86.857,21 ; 94.095,31 ; 100.953,19 ; 108.476,47 ; 108.476,47 ; 115.708,24 ; 118.257,55 ; 118.473,12 ; 118.473,12 ; 118.473,12 ; 218.866,58 ; 1.459.110,50 
BA;CAFARNAUM;2905305; 108.518,33 ; 119.370,17 ; 130.222,00 ; 141.073,83 ; 151.354,87 ; 162.634,82 ; 162.634,82 ; 173.477,14 ; 177.306,59 ; 177.623,41 ; 177.623,41 ; 177.623,41 ; 328.140,50 ; 2.187.603,30 
BA;CAIRU;2905404; 156.123,61 ; 171.735,97 ; 187.348,33 ; 202.960,69 ; 217.757,39 ; 233.981,51 ; 233.981,51 ; 249.580,27 ; 255.039,88 ; 255.538,81 ; 255.538,81 ; 255.538,81 ; 472.080,99 ; 3.147.206,58 
BA;CAMPO FORMOSO;2906006; 427.282,02 ; 470.010,22 ; 512.738,42 ; 555.466,62 ; 595.948,28 ; 640.361,40 ; 640.361,40 ; 683.052,16 ; 698.124,25 ; 699.376,95 ; 699.376,95 ; 699.376,95 ; 1.292.025,11 ; 8.613.500,73 
BA;CANARANA;2906204; 163.356,87 ; 179.692,55 ; 196.028,24 ; 212.363,92 ; 227.842,44 ; 244.821,02 ; 244.821,02 ; 261.142,42 ; 266.888,61 ; 267.381,50 ; 267.381,50 ; 267.381,50 ; 493.959,11 ; 3.293.060,70 
BA;CANDEAL;2906402; 40.413,12 ; 44.454,43 ; 48.495,74 ; 52.537,05 ; 56.366,01 ; 60.566,56 ; 60.566,56 ; 64.604,33 ; 66.029,65 ; 66.148,33 ; 66.148,33 ; 66.148,33 ; 122.202,07 ; 814.680,51 
BA;CANDIDO SALES;2906709; 154.102,21 ; 169.512,44 ; 184.922,66 ; 200.332,88 ; 214.935,18 ; 230.951,36 ; 230.951,36 ; 246.348,11 ; 251.762,40 ; 252.232,89 ; 252.232,89 ; 252.232,89 ; 465.973,64 ; 3.106.490,91 
BA;CANSANCAO;2906808; 344.847,85 ; 379.332,63 ; 413.817,42 ; 448.302,20 ; 480.981,64 ; 516.820,45 ; 516.820,45 ; 551.275,15 ; 563.368,10 ; 564.440,94 ; 564.440,94 ; 564.440,94 ; 1.042.745,07 ; 6.951.633,78 
BA;CANUDOS;2906824; 107.681,33 ; 118.449,46 ; 129.217,59 ; 139.985,72 ; 150.188,84 ; 161.380,75 ; 161.380,75 ; 172.139,47 ; 175.926,80 ; 176.252,08 ; 176.252,08 ; 176.252,08 ; 325.607,11 ; 2.170.714,06 
BA;CAPIM GROSSO;2906873; 208.346,52 ; 229.181,17 ; 250.015,82 ; 270.850,47 ; 290.593,91 ; 312.246,98 ; 312.246,98 ; 333.063,44 ; 340.373,98 ; 341.018,39 ; 341.018,39 ; 341.018,39 ; 629.995,49 ; 4.199.969,93 
BA;CARAIBAS;2906899; 52.197,80 ; 57.417,58 ; 62.637,36 ; 67.857,14 ; 72.802,99 ; 78.228,23 ; 78.228,23 ; 83.443,44 ; 85.279,62 ; 85.437,05 ; 85.437,05 ; 85.437,05 ; 157.835,92 ; 1.052.239,46 
BA;CARAVELAS;2906907; 126.975,03 ; 139.672,53 ; 152.370,04 ; 165.067,54 ; 177.098,05 ; 190.295,81 ; 190.295,81 ; 202.982,19 ; 207.455,24 ; 207.832,63 ; 207.832,63 ; 207.832,63 ; 383.948,85 ; 2.559.658,98 
BA;CARDEAL DA SILVA;2907004; 38.571,92 ; 42.429,11 ; 46.286,31 ; 50.143,50 ; 53.783,77 ; 57.803,64 ; 57.803,64 ; 61.657,22 ; 63.147,29 ; 63.148,16 ; 63.148,16 ; 63.148,16 ; 116.659,56 ; 777.730,44 
BA;CARINHANHA;2907103; 95.664,64 ; 105.231,11 ; 114.797,57 ; 124.364,04 ; 133.392,33 ; 143.362,43 ; 143.362,43 ; 152.919,92 ; 156.615,50 ; 156.617,70 ; 156.617,70 ; 156.617,70 ; 289.334,66 ; 1.928.897,73 
BA;CASA NOVA;2907202; 171.597,74 ; 188.757,51 ; 205.917,28 ; 223.077,06 ; 239.407,30 ; 257.189,24 ; 257.189,24 ; 274.335,19 ; 279.724,02 ; 280.802,75 ; 280.802,75 ; 280.802,75 ; 518.753,45 ; 3.458.356,28 
BA;CASTRO ALVES;2907301; 186.790,07 ; 205.469,07 ; 224.148,08 ; 242.827,09 ; 260.529,07 ; 279.940,86 ; 279.940,86 ; 298.603,59 ; 305.145,65 ; 305.733,87 ; 305.733,87 ; 305.733,87 ; 564.811,06 ; 3.765.407,01 
BA;CATOLANDIA;2907400; 20.905,07 ; 22.995,58 ; 25.086,09 ; 27.176,60 ; 29.157,10 ; 31.330,09 ; 31.330,09 ; 33.418,76 ; 34.157,76 ; 34.217,68 ; 34.217,68 ; 34.217,68 ; 63.213,55 ; 421.423,73 
BA;CENTRAL;2907608; 80.936,08 ; 89.029,69 ; 97.123,30 ; 105.216,90 ; 112.885,90 ; 121.297,99 ; 121.297,99 ; 129.384,52 ; 132.230,29 ; 132.475,55 ; 132.475,55 ; 132.475,55 ; 244.734,59 ; 1.631.563,90 
BA;CICERO DANTAS;2907806; 91.600,17 ; 100.760,19 ; 109.920,20 ; 119.080,22 ; 127.609,90 ; 137.242,69 ; 137.242,69 ; 146.392,20 ; 149.267,83 ; 149.843,45 ; 149.843,45 ; 149.843,45 ; 276.819,97 ; 1.845.466,41 
BA;CIPO;2907905; 198.478,60 ; 218.326,46 ; 238.174,32 ; 258.022,18 ; 276.831,23 ; 297.458,22 ; 297.458,22 ; 317.288,77 ; 324.245,98 ; 324.865,99 ; 324.865,99 ; 324.865,99 ; 600.155,64 ; 4.001.037,59 
BA;COARACI;2908002; 73.962,47 ; 81.358,72 ; 88.754,96 ; 96.151,21 ; 103.163,74 ; 110.847,79 ; 110.847,79 ; 118.237,64 ; 120.799,06 ; 121.057,12 ; 121.057,12 ; 121.057,12 ; 223.640,26 ; 1.490.935,00 
BA;COCOS;2908101; 115.892,24 ; 127.481,47 ; 139.070,69 ; 150.659,92 ; 161.640,63 ; 173.686,25 ; 173.686,25 ; 185.265,33 ; 189.345,46 ; 189.692,07 ; 189.692,07 ; 189.692,07 ; 350.436,09 ; 2.336.240,54 
BA;CONCEICAO DA FEIRA;2908200; 134.636,30 ; 148.099,93 ; 161.563,55 ; 175.027,18 ; 187.783,52 ; 201.777,64 ; 201.777,64 ; 215.229,48 ; 219.972,78 ; 220.372,62 ; 220.372,62 ; 220.372,62 ; 407.115,16 ; 2.714.101,04 
BA;CONCEICAO DO COITE;2908408; 174.914,43 ; 192.405,87 ; 209.897,31 ; 227.388,75 ; 243.896,20 ; 262.125,65 ; 262.125,65 ; 279.600,70 ; 286.357,80 ; 286.361,75 ; 286.361,75 ; 286.361,75 ; 529.023,11 ; 3.526.820,72 
BA;CORACAO DE MARIA;2908903; 190.742,83 ; 209.817,11 ; 228.891,39 ; 247.965,68 ; 266.038,88 ; 285.863,98 ; 285.863,98 ; 304.921,58 ; 311.633,27 ; 312.206,91 ; 312.206,91 ; 312.206,91 ; 576.769,32 ; 3.845.128,75 
BA;CORDEIROS;2909000; 25.501,55 ; 28.051,71 ; 30.601,86 ; 33.152,02 ; 35.558,82 ; 38.216,47 ; 38.216,47 ; 40.764,23 ; 41.749,36 ; 41.749,96 ; 41.749,96 ; 41.749,96 ; 77.128,65 ; 514.191,02 
BA;CORIBE;2909109; 93.164,50 ; 102.480,95 ; 111.797,40 ; 121.113,85 ; 129.940,55 ; 139.624,33 ; 139.624,33 ; 148.932,62 ; 152.217,62 ; 152.491,90 ; 152.491,90 ; 152.491,90 ; 281.712,69 ; 1.878.084,54 
BA;CORONEL JOAO SA;2909208; 222.061,94 ; 244.268,14 ; 266.474,33 ; 288.680,52 ; 309.720,85 ; 332.801,46 ; 332.801,46 ; 354.988,23 ; 362.805,61 ; 363.470,25 ; 363.470,25 ; 363.470,25 ; 671.472,94 ; 4.476.486,23 
BA;COTEGIPE;2909406; 77.292,48 ; 85.021,73 ; 92.750,97 ; 100.480,22 ; 107.803,66 ; 115.837,28 ; 115.837,28 ; 123.559,77 ; 126.280,40 ; 126.512,03 ; 126.512,03 ; 126.512,03 ; 233.717,63 ; 1.558.117,51 
BA;CRISOPOLIS;2909604; 212.323,97 ; 233.556,37 ; 254.788,77 ; 276.021,16 ; 296.139,13 ; 318.207,37 ; 318.207,37 ; 339.421,19 ; 346.892,86 ; 347.530,87 ; 347.530,87 ; 347.530,87 ; 642.026,62 ; 4.280.177,42 
BA;CRISTOPOLIS;2909703; 75.549,29 ; 83.104,22 ; 90.659,15 ; 98.214,08 ; 105.372,83 ; 113.224,90 ; 113.224,90 ; 120.773,23 ; 123.428,29 ; 123.658,36 ; 123.658,36 ; 123.658,36 ; 228.445,76 ; 1.522.971,73 
BA;DOM BASILIO;2910107; 67.389,97 ; 74.128,96 ; 80.867,96 ; 87.606,95 ; 93.993,67 ; 100.996,89 ; 100.996,89 ; 107.730,02 ; 110.088,02 ; 110.302,18 ; 110.302,18 ; 110.302,18 ; 203.771,63 ; 1.358.477,50 
BA;ELISIO MEDRADO;2910305; 55.494,97 ; 61.044,46 ; 66.593,96 ; 72.143,46 ; 77.401,95 ; 83.169,72 ; 83.169,72 ; 88.714,37 ; 90.664,17 ; 90.833,58 ; 90.833,58 ; 90.833,58 ; 167.805,45 ; 1.118.702,97 
BA;ENTRE RIOS;2910503; 185.337,86 ; 203.871,64 ; 222.405,43 ; 240.939,21 ; 266.284,24 ; 279.709,60 ; 279.709,60 ; 298.356,91 ; 304.906,10 ; 305.482,98 ; 305.482,98 ; 305.482,98 ; 564.347,57 ; 3.762.317,10 
BA;ERICO CARDOSO;2900504; 68.282,68 ; 75.110,94 ; 81.939,21 ; 88.767,48 ; 95.236,58 ; 102.334,24 ; 102.334,24 ; 109.156,52 ; 111.566,00 ; 111.765,45 ; 111.765,45 ; 111.765,45 ; 206.474,87 ; 1.376.499,11 
BA;ESPLANADA;2910602; 169.498,25 ; 186.448,08 ; 203.397,90 ; 220.347,73 ; 236.409,71 ; 254.025,43 ; 254.025,43 ; 270.960,46 ; 276.908,50 ; 277.432,21 ; 277.432,21 ; 277.432,21 ; 512.526,73 ; 3.416.844,85 
BA;FATIMA;2910750; 94.840,73 ; 104.324,81 ; 113.808,88 ; 123.292,95 ; 132.243,46 ; 142.127,72 ; 142.127,72 ; 151.602,91 ; 155.266,69 ; 155.268,83 ; 155.268,83 ; 155.268,83 ; 286.842,78 ; 1.912.285,14 
BA;FILADELFIA;2910859; 135.381,11 ; 148.919,22 ; 162.457,33 ; 175.995,44 ; 188.822,09 ; 202.893,81 ; 202.893,81 ; 216.420,07 ; 221.192,11 ; 221.592,00 ; 221.592,00 ; 221.592,00 ; 409.367,83 ; 2.729.118,82 
BA;FLORESTA AZUL;2911006; 24.429,04 ; 26.871,95 ; 29.314,85 ; 31.757,76 ; 34.063,31 ; 36.609,21 ; 36.609,21 ; 39.049,83 ; 39.993,56 ; 39.994,09 ; 39.994,09 ; 39.994,09 ; 73.884,87 ; 492.565,86 
BA;GAVIAO;2911253; 47.732,44 ; 52.505,68 ; 57.278,92 ; 62.052,17 ; 66.575,15 ; 71.536,11 ; 71.536,11 ; 76.305,19 ; 77.981,64 ; 78.127,89 ; 78.127,89 ; 78.127,89 ; 144.333,02 ; 962.220,10 
BA;GENTIO DO OURO;2911303; 33.600,05 ; 36.960,06 ; 40.320,07 ; 43.680,07 ; 46.877,74 ; 50.359,48 ; 50.359,48 ; 53.716,78 ; 54.771,94 ; 54.983,18 ; 54.983,18 ; 54.983,18 ; 101.575,62 ; 677.170,83 
BA;GLORIA;2911402; 92.227,24 ; 101.449,96 ; 110.672,69 ; 119.895,41 ; 128.632,99 ; 138.219,58 ; 138.219,58 ; 147.434,22 ; 150.689,27 ; 150.958,11 ; 150.958,11 ; 150.958,11 ; 278.879,17 ; 1.859.194,44 
BA;GONGOGI;2911501; 39.935,89 ; 43.929,48 ; 47.923,07 ; 51.916,66 ; 55.701,08 ; 59.851,54 ; 59.851,54 ; 63.841,64 ; 65.243,51 ; 65.366,52 ; 65.366,52 ; 65.366,52 ; 120.757,75 ; 805.051,72 
BA;GOVERNADOR MANGABEIRA;2911600; 122.857,49 ; 135.143,24 ; 147.428,99 ; 159.714,74 ; 171.355,43 ; 184.124,98 ; 184.124,98 ; 196.399,98 ; 200.725,17 ; 201.092,75 ; 201.092,75 ; 201.092,75 ; 371.497,64 ; 2.476.650,89 
BA;GUAJERU;2911659; 22.575,69 ; 24.833,26 ; 27.090,83 ; 29.348,40 ; 31.479,05 ; 33.831,79 ; 33.831,79 ; 36.087,24 ; 36.959,35 ; 36.959,87 ; 36.959,87 ; 36.959,87 ; 68.279,47 ; 455.196,48 
BA;HELIOPOLIS;2911857; 81.298,22 ; 89.428,04 ; 97.557,86 ; 105.687,68 ; 113.391,71 ; 121.840,89 ; 121.840,89 ; 129.963,62 ; 132.815,62 ; 133.067,61 ; 133.067,61 ; 133.067,61 ; 245.828,37 ; 1.638.855,73 
BA;IACU;2911907; 109.361,50 ; 120.297,64 ; 131.233,79 ; 142.169,94 ; 152.490,85 ; 163.888,45 ; 163.888,45 ; 174.814,34 ; 179.039,07 ; 179.041,54 ; 179.041,54 ; 179.041,54 ; 330.760,36 ; 2.205.069,01 
BA;IBICOARA;2912202; 146.618,26 ; 161.280,08 ; 175.941,91 ; 190.603,73 ; 204.496,43 ; 219.735,12 ; 219.735,12 ; 234.384,13 ; 239.539,39 ; 239.983,62 ; 239.983,62 ; 239.983,62 ; 443.344,42 ; 2.955.629,45 
BA;IBIPEBA;2912400; 79.159,24 ; 87.075,16 ; 94.991,08 ; 102.907,00 ; 110.408,20 ; 118.635,18 ; 118.635,18 ; 126.544,20 ; 129.322,56 ; 129.566,70 ; 129.566,70 ; 129.566,70 ; 239.360,81 ; 1.595.738,71 
BA;IBIPITANGA;2912509; 108.044,93 ; 118.849,42 ; 129.653,92 ; 140.458,41 ; 150.696,42 ; 161.925,79 ; 161.925,79 ; 172.720,85 ; 176.516,90 ; 176.846,80 ; 176.846,80 ; 176.846,80 ; 326.705,80 ; 2.178.038,63 
BA;IBIQUERA;2912608; 22.263,13 ; 24.489,45 ; 26.715,76 ; 28.942,07 ; 31.051,19 ; 33.365,39 ; 33.365,39 ; 35.589,75 ; 36.376,87 ; 36.440,58 ; 36.440,58 ; 36.440,58 ; 67.320,13 ; 448.800,87 
BA;IBIRAPITANGA;2912707; 170.552,56 ; 187.607,82 ; 204.663,07 ; 221.718,33 ; 237.881,86 ; 255.605,92 ; 255.605,92 ; 272.646,32 ; 278.616,50 ; 279.156,34 ; 279.156,34 ; 279.156,34 ; 515.711,89 ; 3.438.079,21 
BA;IBIRATAIA;2912905; 116.034,98 ; 127.638,48 ; 139.241,98 ; 150.845,48 ; 161.841,73 ; 173.900,67 ; 173.900,67 ; 185.494,05 ; 189.560,95 ; 189.923,81 ; 189.923,81 ; 189.923,81 ; 350.864,20 ; 2.339.094,62 
BA;IBITIARA;2913002; 75.186,05 ; 82.704,66 ; 90.223,26 ; 97.741,87 ; 104.866,12 ; 112.680,51 ; 112.680,51 ; 120.192,55 ; 122.835,20 ; 123.063,84 ; 123.063,84 ; 123.063,84 ; 227.347,46 ; 1.515.649,71 
BA;IBITITA;2913101; 93.332,00 ; 102.665,20 ; 111.998,40 ; 121.331,60 ; 130.175,79 ; 139.875,76 ; 139.875,76 ; 149.200,82 ; 152.477,12 ; 152.764,55 ; 152.764,55 ; 152.764,55 ; 282.216,38 ; 1.881.442,48 
BA;IBOTIRAMA;2913200; 182.451,08 ; 200.696,19 ; 218.941,30 ; 237.186,41 ; 254.472,58 ; 273.436,90 ; 273.436,90 ; 291.666,02 ; 298.098,52 ; 298.636,33 ; 298.636,33 ; 298.636,33 ; 551.699,10 ; 3.677.993,99 
BA;ICHU;2913309; 42.911,88 ; 47.203,07 ; 51.494,27 ; 55.785,45 ; 59.850,77 ; 64.311,34 ; 64.311,34 ; 68.598,77 ; 70.115,27 ; 70.238,64 ; 70.238,64 ; 70.238,64 ; 129.758,49 ; 865.056,57 
BA;IGAPORA;2913408; 37.131,76 ; 40.844,94 ; 44.558,12 ; 48.271,30 ; 51.775,64 ; 55.645,43 ; 55.645,43 ; 59.355,13 ; 60.789,58 ; 60.790,40 ; 60.790,40 ; 60.790,40 ; 112.303,85 ; 748.692,38 
BA;IGRAPIUNA;2913457; 81.614,65 ; 89.776,11 ; 97.937,57 ; 106.099,04 ; 113.831,93 ; 122.314,84 ; 122.314,84 ; 130.469,16 ; 133.342,66 ; 133.586,62 ; 133.586,62 ; 133.586,62 ; 246.787,18 ; 1.645.247,84 
BA;IPECAETA;2913804; 120.367,56 ; 132.404,31 ; 144.441,07 ; 156.477,83 ; 167.883,57 ; 180.393,59 ; 180.393,59 ; 192.419,83 ; 196.648,56 ; 197.016,33 ; 197.016,33 ; 197.016,33 ; 363.966,87 ; 2.426.445,77 
BA;IPUPIARA;2914109; 59.005,94 ; 64.906,53 ; 70.807,12 ; 76.707,71 ; 82.300,89 ; 88.432,05 ; 88.432,05 ; 94.327,52 ; 96.382,94 ; 96.578,45 ; 96.578,45 ; 96.578,45 ; 178.418,49 ; 1.189.456,59 
BA;IRAJUBA;2914208; 43.546,68 ; 47.901,36 ; 52.256,03 ; 56.610,68 ; 60.736,52 ; 65.262,82 ; 65.262,82 ; 69.613,67 ; 71.148,65 ; 71.277,27 ; 71.277,27 ; 71.277,27 ; 131.677,25 ; 877.848,29 
BA;IRARA;2914505; 97.476,40 ; 107.224,04 ; 116.971,68 ; 126.719,32 ; 124.668,07 ; 143.264,89 ; 143.264,89 ; 152.815,88 ; 156.508,97 ; 156.511,14 ; 156.511,14 ; 156.511,14 ; 289.137,81 ; 1.927.585,37 
BA;IRECE;2914604; 350.939,44 ; 386.033,38 ; 421.127,32 ; 456.221,27 ; 489.477,01 ; 525.949,61 ; 525.949,61 ; 561.012,92 ; 573.328,56 ; 574.412,49 ; 574.412,49 ; 574.412,49 ; 1.061.166,46 ; 7.074.443,05 
BA;ITAETE;2915007; 99.400,09 ; 109.340,09 ; 119.280,10 ; 129.220,11 ; 138.637,86 ; 148.969,57 ; 148.969,57 ; 158.900,88 ; 162.403,52 ; 162.698,09 ; 162.698,09 ; 162.698,09 ; 300.567,55 ; 2.003.783,61 
BA;ITAGI;2915106; 102.993,68 ; 113.293,05 ; 123.592,41 ; 133.891,78 ; 143.651,15 ; 154.355,54 ; 154.355,54 ; 164.645,91 ; 168.264,39 ; 168.578,95 ; 168.578,95 ; 168.578,95 ; 311.431,82 ; 2.076.212,12 
BA;ITAGUACU DA BAHIA;2915353; 90.758,51 ; 99.834,36 ; 108.910,21 ; 117.986,07 ; 126.585,98 ; 136.018,80 ; 136.018,80 ; 145.086,72 ; 148.276,31 ; 148.552,66 ; 148.552,66 ; 148.552,66 ; 274.435,37 ; 1.829.569,11 
BA;ITAJUIPE;2915502; 110.100,16 ; 121.110,17 ; 132.120,19 ; 143.130,21 ; 153.563,22 ; 165.005,99 ; 165.005,99 ; 176.006,39 ; 179.872,72 ; 180.210,58 ; 180.210,58 ; 180.210,58 ; 332.920,03 ; 2.219.466,81 
BA;ITAMARI;2915700; 48.483,85 ; 53.332,24 ; 58.180,62 ; 63.029,01 ; 67.623,88 ; 72.662,42 ; 72.662,42 ; 77.506,58 ; 79.203,37 ; 79.357,16 ; 79.357,16 ; 79.357,16 ; 146.603,98 ; 977.359,85 
BA;ITAMBE;2915809; 127.735,70 ; 140.509,27 ; 153.282,84 ; 166.056,41 ; 178.158,77 ; 191.435,76 ; 191.435,76 ; 204.198,15 ; 208.700,01 ; 209.077,91 ; 209.077,91 ; 209.077,91 ; 386.249,37 ; 2.574.995,77 
BA;ITANAGRA;2915908; 46.961,92 ; 51.658,11 ; 56.354,30 ; 61.050,49 ; 65.500,04 ; 70.381,22 ; 70.381,22 ; 75.073,30 ; 76.726,97 ; 76.867,16 ; 76.867,16 ; 76.867,16 ; 142.003,96 ; 946.693,01 
BA;ITAPARICA;2916104; 65.706,47 ; 72.277,12 ; 78.847,76 ; 85.418,41 ; 91.619,36 ; 98.467,30 ; 98.467,30 ; 105.031,79 ; 107.570,10 ; 107.571,57 ; 107.571,57 ; 107.571,57 ; 198.727,12 ; 1.324.847,44 
BA;ITAPE;2916203; 62.065,74 ; 68.272,31 ; 74.478,89 ; 80.685,46 ; 86.567,57 ; 93.017,51 ; 93.017,51 ; 99.218,68 ; 101.390,45 ; 101.587,63 ; 101.587,63 ; 101.587,63 ; 187.672,42 ; 1.251.149,43 
BA;ITAPEBI;2916302; 45.363,45 ; 49.899,79 ; 54.436,14 ; 58.972,48 ; 63.271,45 ; 67.985,85 ; 67.985,85 ; 72.518,24 ; 74.107,36 ; 74.249,93 ; 74.249,93 ; 74.249,93 ; 137.168,90 ; 914.459,30 
BA;ITAPETINGA;2916401; 350.430,85 ; 385.473,93 ; 420.517,02 ; 455.560,10 ; 488.768,27 ; 525.187,56 ; 525.187,56 ; 560.200,07 ; 572.491,92 ; 573.579,42 ; 573.579,42 ; 573.579,42 ; 1.059.627,46 ; 7.064.183,00 
BA;ITAQUARA;2916708; 63.532,24 ; 69.885,46 ; 76.238,68 ; 82.591,91 ; 88.611,43 ; 95.214,94 ; 95.214,94 ; 101.562,60 ; 103.800,21 ; 103.989,46 ; 103.989,46 ; 103.989,46 ; 192.109,56 ; 1.280.730,35 
BA;ITARANTIM;2916807; 47.261,85 ; 51.988,04 ; 56.714,22 ; 61.440,41 ; 65.900,66 ; 70.826,32 ; 70.826,32 ; 75.548,07 ; 77.373,85 ; 77.374,90 ; 77.374,90 ; 77.374,90 ; 142.941,97 ; 952.946,41 
BA;ITATIM;2916856; 90.335,66 ; 99.369,23 ; 108.402,80 ; 117.436,36 ; 126.033,20 ; 135.394,33 ; 135.394,33 ; 144.420,62 ; 147.257,51 ; 147.825,39 ; 147.825,39 ; 147.825,39 ; 273.091,81 ; 1.820.612,02 
BA;ITIRUCU;2916906; 65.181,51 ; 71.699,66 ; 78.217,81 ; 84.735,96 ; 90.911,89 ; 97.686,72 ; 97.686,72 ; 104.199,16 ; 106.493,46 ; 106.688,84 ; 106.688,84 ; 106.688,84 ; 197.096,37 ; 1.313.975,78 
BA;ITIUBA;2917003; 247.082,99 ; 271.791,29 ; 296.499,59 ; 321.207,89 ; 328.584,45 ; 366.291,57 ; 366.291,57 ; 390.711,01 ; 399.338,88 ; 400.049,78 ; 400.049,78 ; 400.049,78 ; 739.049,75 ; 4.926.998,33 
BA;ITORORO;2917102; 82.861,63 ; 91.147,79 ; 99.433,95 ; 107.720,11 ; 115.572,01 ; 124.183,89 ; 124.183,89 ; 132.462,81 ; 135.372,39 ; 135.626,86 ; 135.626,86 ; 135.626,86 ; 250.556,31 ; 1.670.375,36 
BA;IUIU;2917334; 60.264,37 ; 66.290,81 ; 72.317,24 ; 78.343,68 ; 84.054,00 ; 90.317,55 ; 90.317,55 ; 96.338,72 ; 98.457,06 ; 98.640,19 ; 98.640,19 ; 98.640,19 ; 182.227,34 ; 1.214.848,89 
BA;JAGUAQUARA;2917607; 280.741,32 ; 308.815,45 ; 336.889,59 ; 364.963,72 ; 391.564,99 ; 420.743,79 ; 420.743,79 ; 448.793,37 ; 458.666,75 ; 459.515,46 ; 459.515,46 ; 459.515,46 ; 848.906,32 ; 5.659.375,47 
BA;JAGUARARI;2917706; 167.733,57 ; 184.506,93 ; 201.280,28 ; 218.053,64 ; 233.945,88 ; 251.380,08 ; 251.380,08 ; 268.138,75 ; 274.048,09 ; 274.546,22 ; 274.546,22 ; 274.546,22 ; 507.195,17 ; 3.381.301,13 
BA;JAGUARIPE;2917805; 114.724,17 ; 126.196,58 ; 137.669,00 ; 149.141,42 ; 160.011,67 ; 171.935,72 ; 171.935,72 ; 183.398,10 ; 187.435,18 ; 187.779,97 ; 187.779,97 ; 187.779,97 ; 346.903,68 ; 2.312.691,15 
BA;JEREMOABO;2918100; 234.521,06 ; 257.973,16 ; 281.425,27 ; 304.877,37 ; 327.100,57 ; 351.474,37 ; 351.474,37 ; 374.906,00 ; 383.140,32 ; 383.861,03 ; 383.861,03 ; 383.861,03 ; 709.142,75 ; 4.727.618,33 
BA;JITAUNA;2918308; 84.055,96 ; 92.461,55 ; 100.867,15 ; 109.272,74 ; 117.271,96 ; 125.982,36 ; 125.982,36 ; 134.381,18 ; 137.020,87 ; 137.549,27 ; 137.549,27 ; 137.549,27 ; 254.107,76 ; 1.694.051,70 
BA;JOAO DOURADO;2918357; 160.500,74 ; 176.550,82 ; 192.600,89 ; 208.650,97 ; 223.859,04 ; 240.540,64 ; 240.540,64 ; 256.576,68 ; 262.220,57 ; 262.706,43 ; 262.706,43 ; 262.706,43 ; 485.322,41 ; 3.235.482,69 
BA;JUCURUCU;2918456; 54.922,97 ; 60.415,26 ; 65.907,56 ; 71.399,86 ; 76.604,13 ; 82.312,46 ; 82.312,46 ; 87.799,96 ; 89.729,95 ; 89.897,36 ; 89.897,36 ; 89.897,36 ; 166.075,89 ; 1.107.172,58 
BA;JUSSARA;2918506; 54.660,81 ; 60.126,89 ; 65.592,97 ; 71.059,06 ; 76.260,87 ; 81.925,16 ; 81.925,16 ; 87.386,84 ; 89.103,40 ; 89.447,02 ; 89.447,02 ; 89.447,02 ; 165.243,93 ; 1.101.626,15 
BA;JUSSARI;2918555; 56.468,68 ; 62.115,55 ; 67.762,42 ; 73.409,28 ; 78.760,03 ; 84.629,00 ; 84.629,00 ; 90.270,94 ; 92.255,20 ; 92.427,37 ; 92.427,37 ; 92.427,37 ; 170.749,81 ; 1.138.332,02 
BA;LAFAIETE COUTINHO;2918704; 33.270,99 ; 36.598,09 ; 39.925,19 ; 43.252,29 ; 46.404,53 ; 49.862,75 ; 49.862,75 ; 53.186,94 ; 54.360,45 ; 54.458,08 ; 54.458,08 ; 54.458,08 ; 100.605,56 ; 670.703,78 
BA;LAGOA REAL;2918753; 41.903,07 ; 46.093,38 ; 50.283,69 ; 54.474,00 ; 58.461,81 ; 62.803,97 ; 62.803,97 ; 66.990,91 ; 68.306,85 ; 68.570,24 ; 68.570,24 ; 68.570,24 ; 126.676,30 ; 844.508,67 
BA;LAJE;2918803; 130.667,59 ; 143.734,35 ; 156.801,10 ; 169.867,86 ; 182.248,48 ; 195.829,86 ; 195.829,86 ; 208.885,19 ; 213.485,85 ; 213.876,34 ; 213.876,34 ; 213.876,34 ; 395.113,97 ; 2.634.093,13 
BA;LAJEDAO;2918902; 20.676,57 ; 22.744,22 ; 24.811,88 ; 26.879,54 ; 28.838,75 ; 30.987,73 ; 30.987,73 ; 33.053,58 ; 33.781,01 ; 33.843,29 ; 33.843,29 ; 33.843,29 ; 62.521,91 ; 416.812,79 
BA;LAJEDO DO TABOCAL;2919058; 29.918,04 ; 32.909,85 ; 35.901,65 ; 38.893,46 ; 41.717,06 ; 44.834,99 ; 44.834,99 ; 47.823,99 ; 48.979,75 ; 48.980,43 ; 48.980,43 ; 48.980,43 ; 90.486,18 ; 603.241,25 
BA;LAMARAO;2919108; 51.174,31 ; 56.291,74 ; 61.409,17 ; 66.526,60 ; 71.374,49 ; 76.694,09 ; 76.694,09 ; 81.807,03 ; 83.616,02 ; 83.762,72 ; 83.762,72 ; 83.762,72 ; 154.742,78 ; 1.031.618,48 
BA;LENCOIS;2919306; 29.700,06 ; 32.670,07 ; 35.640,08 ; 38.610,08 ; 41.413,10 ; 44.508,33 ; 44.508,33 ; 47.475,55 ; 48.622,89 ; 48.623,56 ; 48.623,56 ; 48.623,56 ; 89.826,91 ; 598.846,08 
BA;LICINIO DE ALMEIDA;2919405; 138.772,68 ; 152.649,94 ; 166.527,21 ; 180.404,48 ; 176.070,29 ; 203.606,16 ; 203.606,16 ; 217.179,91 ; 221.900,74 ; 222.360,90 ; 222.360,90 ; 222.360,90 ; 410.788,29 ; 2.738.588,56 
BA;LIVRAMENTO DE NOSSA SENHORA;2919504; 277.661,81 ; 305.427,99 ; 333.194,17 ; 360.960,35 ; 387.272,17 ; 416.129,14 ; 416.129,14 ; 443.871,08 ; 453.614,71 ; 454.472,70 ; 454.472,70 ; 454.472,70 ; 839.590,36 ; 5.597.269,02 
BA;MACAJUBA;2919603; 72.328,91 ; 79.561,80 ; 86.794,69 ; 94.027,58 ; 100.880,30 ; 108.398,33 ; 108.398,33 ; 115.624,89 ; 118.174,90 ; 118.388,11 ; 118.388,11 ; 118.388,11 ; 218.709,55 ; 1.458.063,61 
BA;MACURURE;2919900; 51.763,78 ; 56.940,16 ; 62.116,54 ; 67.292,92 ; 72.196,70 ; 77.577,54 ; 77.577,54 ; 82.749,38 ; 84.578,65 ; 84.727,51 ; 84.727,51 ; 84.727,51 ; 156.525,14 ; 1.043.500,88 
BA;MAETINGA;2919959; 39.135,43 ; 43.048,98 ; 46.962,52 ; 50.876,06 ; 54.585,04 ; 58.652,00 ; 58.652,00 ; 62.562,13 ; 63.932,24 ; 64.055,96 ; 64.055,96 ; 64.055,96 ; 118.336,63 ; 788.910,91 
BA;MAIRI;2920106; 89.877,74 ; 98.865,52 ; 107.853,29 ; 116.841,06 ; 125.356,90 ; 134.698,64 ; 134.698,64 ; 143.678,55 ; 146.842,89 ; 147.111,62 ; 147.111,62 ; 147.111,62 ; 271.773,20 ; 1.811.821,29 
BA;MALHADA;2920205; 107.452,59 ; 118.197,84 ; 128.943,10 ; 139.688,36 ; 149.868,49 ; 161.037,61 ; 161.037,61 ; 171.773,45 ; 175.564,89 ; 175.878,94 ; 175.878,94 ; 175.878,94 ; 324.917,79 ; 2.166.118,55 
BA;MALHADA DE PEDRAS;2920304; 90.586,11 ; 99.644,72 ; 108.703,33 ; 117.761,94 ; 126.346,98 ; 135.760,79 ; 135.760,79 ; 144.811,51 ; 147.981,45 ; 148.269,06 ; 148.269,06 ; 148.269,06 ; 273.911,44 ; 1.826.076,24 
BA;MANOEL VITORINO;2920403; 108.513,77 ; 119.365,15 ; 130.216,52 ; 141.067,90 ; 151.351,15 ; 162.628,64 ; 162.628,64 ; 173.470,54 ; 177.275,91 ; 177.613,45 ; 177.613,45 ; 177.613,45 ; 328.122,11 ; 2.187.480,68 
BA;MANSIDAO;2920452; 76.214,47 ; 83.835,91 ; 91.457,36 ; 99.078,81 ; 106.299,29 ; 114.221,48 ; 114.221,48 ; 121.836,25 ; 124.526,14 ; 124.748,30 ; 124.748,30 ; 124.748,30 ; 230.459,32 ; 1.536.395,41 
BA;MARACAS;2920502; 156.424,53 ; 172.066,99 ; 187.709,44 ; 203.351,89 ; 218.173,07 ; 234.431,49 ; 234.431,49 ; 250.060,26 ; 255.567,01 ; 256.035,16 ; 256.035,16 ; 256.035,16 ; 472.997,95 ; 3.153.319,60 
BA;MARAGOGIPE;2920601; 202.816,18 ; 223.097,79 ; 243.379,41 ; 263.661,03 ; 282.877,75 ; 303.958,06 ; 303.958,06 ; 324.221,93 ; 331.362,22 ; 331.968,89 ; 331.968,89 ; 331.968,89 ; 613.277,49 ; 4.088.516,59 
BA;MARAU;2920700; 155.948,49 ; 171.543,34 ; 187.138,19 ; 202.733,03 ; 217.509,75 ; 233.718,21 ; 233.718,21 ; 249.299,42 ; 254.783,64 ; 255.255,38 ; 255.255,38 ; 255.255,38 ; 471.557,37 ; 3.143.715,79 
BA;MASCOTE;2920908; 80.017,66 ; 88.019,42 ; 96.021,19 ; 104.022,95 ; 111.603,77 ; 119.921,26 ; 119.921,26 ; 127.916,02 ; 130.740,12 ; 130.973,38 ; 130.973,38 ; 130.973,38 ; 241.959,50 ; 1.613.063,29 
BA;MATA DE SAO JOAO;2921005; 367.639,22 ; 404.403,14 ; 441.167,06 ; 477.930,98 ; 512.774,07 ; 550.978,63 ; 550.978,63 ; 587.710,54 ; 600.567,85 ; 601.741,82 ; 601.741,82 ; 601.741,82 ; 1.111.654,52 ; 7.411.030,10 
BA;MATINA;2921054; 37.957,82 ; 41.753,60 ; 45.549,38 ; 49.345,16 ; 52.927,49 ; 56.883,35 ; 56.883,35 ; 60.675,57 ; 62.141,92 ; 62.142,77 ; 62.142,77 ; 62.142,77 ; 114.802,22 ; 765.348,17 
BA;MIGUEL CALMON;2921203; 132.409,69 ; 145.650,66 ; 158.891,63 ; 172.132,60 ; 184.680,18 ; 198.441,21 ; 198.441,21 ; 211.670,63 ; 216.315,07 ; 216.725,98 ; 216.725,98 ; 216.725,98 ; 400.378,38 ; 2.669.189,20 
BA;MORPARA;2921609; 49.248,50 ; 54.173,35 ; 59.098,20 ; 64.023,05 ; 68.688,59 ; 73.807,94 ; 73.807,94 ; 78.728,46 ; 80.468,66 ; 80.610,46 ; 80.610,46 ; 80.610,46 ; 148.919,31 ; 992.795,38 
BA;MORTUGABA;2921807; 87.375,72 ; 96.113,29 ; 104.850,86 ; 113.588,44 ; 121.869,66 ; 130.949,51 ; 130.949,51 ; 139.679,47 ; 142.733,32 ; 143.013,99 ; 143.013,99 ; 143.013,99 ; 264.203,25 ; 1.761.355,00 
BA;MUNDO NOVO;2922102; 54.569,63 ; 60.026,59 ; 65.483,55 ; 70.940,51 ; 76.090,43 ; 81.777,70 ; 81.777,70 ; 87.229,54 ; 89.337,60 ; 89.338,85 ; 89.338,85 ; 89.338,85 ; 165.044,09 ; 1.100.293,89 
BA;MUNIZ FERREIRA;2922201; 39.411,04 ; 43.352,14 ; 47.293,24 ; 51.234,35 ; 54.968,52 ; 59.064,81 ; 59.064,81 ; 63.002,47 ; 64.390,55 ; 64.507,93 ; 64.507,93 ; 64.507,93 ; 119.171,59 ; 794.477,31 
BA;MUQUEM DE SAO FRANCISCO;2922250; 44.760,68 ; 49.236,75 ; 53.712,81 ; 58.188,88 ; 62.448,51 ; 67.086,93 ; 67.086,93 ; 71.559,39 ; 72.965,06 ; 73.246,43 ; 73.246,43 ; 73.246,43 ; 135.315,04 ; 902.100,27 
BA;MURITIBA;2922300; 77.626,87 ; 85.389,55 ; 93.152,24 ; 100.914,93 ; 108.302,32 ; 116.346,49 ; 116.346,49 ; 124.102,92 ; 126.540,71 ; 127.028,70 ; 127.028,70 ; 127.028,70 ; 234.672,11 ; 1.564.480,73 
BA;MUTUIPE;2922409; 111.140,58 ; 122.254,64 ; 133.368,69 ; 144.482,75 ; 155.012,38 ; 166.564,77 ; 166.564,77 ; 177.669,09 ; 181.589,80 ; 181.915,38 ; 181.915,38 ; 181.915,38 ; 336.069,47 ; 2.240.463,08 
BA;NILO PECANHA;2922607; 114.521,89 ; 125.974,08 ; 137.426,27 ; 148.878,46 ; 159.730,88 ; 171.632,91 ; 171.632,91 ; 183.075,10 ; 187.092,92 ; 187.447,62 ; 187.447,62 ; 187.447,62 ; 346.289,70 ; 2.308.597,98 
BA;NOVA FATIMA;2922730; 28.808,87 ; 31.689,76 ; 34.570,64 ; 37.451,53 ; 40.193,23 ; 43.178,49 ; 43.178,49 ; 46.057,06 ; 46.961,77 ; 47.142,87 ; 47.142,87 ; 47.142,87 ; 87.091,49 ; 580.609,94 
BA;NOVA IBIA;2922755; 48.635,42 ; 53.498,96 ; 58.362,50 ; 63.226,04 ; 67.834,88 ; 72.889,46 ; 72.889,46 ; 77.748,76 ; 79.454,76 ; 79.605,66 ; 79.605,66 ; 79.605,66 ; 147.063,05 ; 980.420,27 
BA;NOVA REDENCAO;2922854; 42.906,33 ; 47.196,96 ; 51.487,61 ; 55.778,23 ; 59.843,48 ; 64.303,13 ; 64.303,13 ; 68.590,01 ; 70.102,30 ; 70.229,13 ; 70.229,13 ; 70.229,13 ; 129.740,92 ; 864.939,49 
BA;NOVA SOURE;2922904; 75.091,82 ; 82.601,00 ; 90.110,19 ; 97.619,37 ; 104.765,51 ; 112.546,99 ; 112.546,99 ; 120.050,12 ; 122.408,29 ; 122.880,35 ; 122.880,35 ; 122.880,35 ; 227.008,48 ; 1.513.389,81 
BA;NOVO HORIZONTE;2923035; 108.284,20 ; 119.112,62 ; 129.941,04 ; 140.769,46 ; 151.032,06 ; 162.284,86 ; 162.284,86 ; 173.103,85 ; 176.890,93 ; 177.236,62 ; 177.236,62 ; 177.236,62 ; 327.425,96 ; 2.182.839,70 
BA;NOVO TRIUNFO;2923050; 105.066,86 ; 115.573,55 ; 126.080,23 ; 136.586,92 ; 146.543,07 ; 157.462,67 ; 157.462,67 ; 167.960,19 ; 171.648,77 ; 171.972,03 ; 171.972,03 ; 171.972,03 ; 317.700,18 ; 2.118.001,20 
BA;OLINDINA;2923100; 167.472,23 ; 184.219,46 ; 200.966,68 ; 217.713,90 ; 233.581,57 ; 250.988,47 ; 250.988,47 ; 267.721,03 ; 273.619,46 ; 274.118,29 ; 274.118,29 ; 274.118,29 ; 506.404,62 ; 3.376.030,76 
BA;OLIVEIRA DOS BREJINHOS;2923209; 74.237,44 ; 81.661,18 ; 89.084,93 ; 96.508,67 ; 103.514,77 ; 111.251,76 ; 111.251,76 ; 118.668,54 ; 121.536,37 ; 121.538,08 ; 121.538,08 ; 121.538,08 ; 224.528,77 ; 1.496.858,43 
BA;OUROLANDIA;2923357; 131.684,71 ; 144.853,18 ; 158.021,65 ; 171.190,12 ; 183.667,16 ; 197.354,23 ; 197.354,23 ; 210.511,18 ; 215.147,12 ; 215.541,12 ; 215.541,12 ; 215.541,12 ; 398.189,47 ; 2.654.596,41 
BA;PALMEIRAS;2923506; 27.001,23 ; 29.701,35 ; 32.401,47 ; 35.101,59 ; 37.671,26 ; 40.469,21 ; 40.469,21 ; 43.167,16 ; 44.015,11 ; 44.184,84 ; 44.184,84 ; 44.184,84 ; 81.626,84 ; 544.178,95 
BA;PARAMIRIM;2923605; 62.258,75 ; 68.484,62 ; 74.710,50 ; 80.936,37 ; 79.898,85 ; 91.572,28 ; 91.572,28 ; 97.677,10 ; 100.037,65 ; 100.039,04 ; 100.039,04 ; 100.039,04 ; 184.811,57 ; 1.232.077,09 
BA;PARATINGA;2923704; 184.825,85 ; 203.308,43 ; 221.791,01 ; 240.273,60 ; 257.783,75 ; 276.995,68 ; 276.995,68 ; 295.462,05 ; 301.987,32 ; 302.524,28 ; 302.524,28 ; 302.524,28 ; 558.881,69 ; 3.725.877,90 
BA;PARIPIRANGA;2923803; 78.314,63 ; 86.146,09 ; 93.977,56 ; 101.809,02 ; 109.199,89 ; 117.361,81 ; 117.361,81 ; 125.185,93 ; 128.211,31 ; 128.213,06 ; 128.213,06 ; 128.213,06 ; 236.860,10 ; 1.579.067,33 
BA;PAU BRASIL;2923902; 63.575,29 ; 69.932,82 ; 76.290,35 ; 82.647,87 ; 88.673,24 ; 95.279,90 ; 95.279,90 ; 101.631,89 ; 103.854,92 ; 104.058,26 ; 104.058,26 ; 104.058,26 ; 192.236,65 ; 1.281.577,61 
BA;PE DE SERRA;2924058; 60.725,74 ; 66.798,31 ; 72.870,89 ; 78.943,46 ; 84.674,36 ; 91.003,21 ; 91.003,21 ; 97.070,09 ; 99.415,98 ; 99.417,35 ; 99.417,35 ; 99.417,35 ; 183.663,06 ; 1.224.420,36 
BA;PEDRO ALEXANDRE;2924207; 109.092,12 ; 120.001,33 ; 130.910,54 ; 141.819,76 ; 152.156,16 ; 163.494,99 ; 163.494,99 ; 174.394,65 ; 178.235,48 ; 178.561,66 ; 178.561,66 ; 178.561,66 ; 329.873,83 ; 2.199.158,83 
BA;PILAO ARCADO;2924405; 199.281,46 ; 219.209,60 ; 239.137,75 ; 259.065,89 ; 277.950,91 ; 298.661,41 ; 298.661,41 ; 318.572,17 ; 325.559,20 ; 326.180,28 ; 326.180,28 ; 326.180,28 ; 602.583,65 ; 4.017.224,29 
BA;PINDAI;2924504; 131.439,44 ; 144.583,38 ; 157.727,32 ; 170.871,26 ; 183.324,98 ; 196.986,61 ; 196.986,61 ; 210.119,05 ; 214.747,29 ; 215.139,74 ; 215.139,74 ; 215.139,74 ; 397.447,97 ; 2.649.653,13 
BA;PINDOBACU;2924603; 202.207,57 ; 222.428,33 ; 242.649,09 ; 262.869,85 ; 282.027,41 ; 303.045,58 ; 303.045,58 ; 323.248,62 ; 330.381,23 ; 330.974,17 ; 330.974,17 ; 330.974,17 ; 611.439,85 ; 4.076.265,62 
BA;PIRITIBA;2924801; 93.922,94 ; 103.315,23 ; 112.707,53 ; 122.099,82 ; 130.998,67 ; 140.761,05 ; 140.761,05 ; 150.145,12 ; 153.454,58 ; 153.733,07 ; 153.733,07 ; 153.733,07 ; 284.005,63 ; 1.893.370,83 
BA;PLANALTINO;2924900; 53.268,64 ; 58.595,50 ; 63.922,37 ; 69.249,23 ; 74.296,20 ; 79.832,99 ; 79.832,99 ; 85.155,19 ; 87.032,19 ; 87.190,11 ; 87.190,11 ; 87.190,11 ; 161.074,53 ; 1.073.830,16 
BA;PORTO SEGURO;2925303; 986.353,18 ; 1.084.988,49 ; 1.183.623,81 ; 1.282.259,13 ; 1.375.733,18 ; 1.478.239,47 ; 1.478.239,47 ; 1.576.788,77 ; 1.611.356,19 ; 1.614.443,42 ; 1.614.443,42 ; 1.614.443,42 ; 2.982.513,88 ; 19.883.425,83 
BA;POTIRAGUA;2925402; 63.319,04 ; 69.650,95 ; 75.982,85 ; 82.314,75 ; 88.313,98 ; 94.895,40 ; 94.895,40 ; 101.221,76 ; 103.452,81 ; 103.640,60 ; 103.640,60 ; 103.640,60 ; 191.465,08 ; 1.276.433,82 
BA;PRESIDENTE DUTRA;2925600; 39.108,08 ; 43.018,88 ; 46.929,69 ; 50.840,50 ; 54.531,38 ; 58.607,12 ; 58.607,12 ; 62.514,26 ; 64.025,05 ; 64.025,92 ; 64.025,92 ; 64.025,92 ; 118.281,14 ; 788.540,98 
BA;PRESIDENTE JANIO QUADROS;2925709; 72.376,95 ; 79.614,65 ; 86.852,34 ; 94.090,04 ; 100.947,01 ; 108.470,27 ; 108.470,27 ; 115.701,62 ; 118.255,68 ; 118.466,99 ; 118.466,99 ; 118.466,99 ; 218.855,27 ; 1.459.035,07 
BA;QUEIMADAS;2925808; 199.119,55 ; 219.031,50 ; 238.943,46 ; 258.855,41 ; 277.722,10 ; 298.418,03 ; 298.418,03 ; 318.312,56 ; 325.320,67 ; 325.918,05 ; 325.918,05 ; 325.918,05 ; 602.099,20 ; 4.013.994,66 
BA;QUIJINGUE;2925907; 105.760,47 ; 116.336,52 ; 126.912,57 ; 137.488,61 ; 147.553,36 ; 158.512,90 ; 158.512,90 ; 169.080,43 ; 172.401,72 ; 173.066,57 ; 173.066,57 ; 173.066,57 ; 319.722,22 ; 2.131.481,41 
BA;QUIXABEIRA;2925931; 170.768,13 ; 187.844,94 ; 204.921,75 ; 221.998,57 ; 224.073,51 ; 252.401,74 ; 252.401,74 ; 269.228,52 ; 275.123,03 ; 275.656,83 ; 275.656,83 ; 275.656,83 ; 509.246,91 ; 3.394.979,33 
BA;RETIROLANDIA;2926103; 40.523,11 ; 44.575,42 ; 48.627,73 ; 52.680,04 ; 56.504,48 ; 60.727,67 ; 60.727,67 ; 64.776,18 ; 66.341,62 ; 66.342,54 ; 66.342,54 ; 66.342,54 ; 122.560,85 ; 817.072,39 
BA;RIACHAO DAS NEVES;2926202; 131.262,37 ; 144.388,61 ; 157.514,84 ; 170.641,08 ; 183.077,96 ; 196.721,23 ; 196.721,23 ; 209.835,98 ; 214.458,53 ; 214.849,98 ; 214.849,98 ; 214.849,98 ; 396.912,67 ; 2.646.084,44 
BA;RIACHAO DO JACUIPE;2926301; 68.354,08 ; 75.189,49 ; 82.024,89 ; 88.860,30 ; 101.051,16 ; 103.869,99 ; 103.869,99 ; 110.794,65 ; 113.472,20 ; 113.473,79 ; 113.473,79 ; 113.473,79 ; 209.630,85 ; 1.397.538,97 
BA;RIBEIRA DO AMPARO;2926509; 140.858,35 ; 154.944,18 ; 169.030,02 ; 183.115,85 ; 196.463,23 ; 211.102,93 ; 211.102,93 ; 225.176,46 ; 230.124,91 ; 230.555,40 ; 230.555,40 ; 230.555,40 ; 425.926,78 ; 2.839.511,84 
BA;RIBEIRAO DO LARGO;2926657; 63.299,30 ; 69.629,23 ; 75.959,16 ; 82.289,09 ; 88.288,14 ; 94.866,25 ; 94.866,25 ; 101.190,66 ; 103.405,21 ; 103.606,64 ; 103.606,64 ; 103.606,64 ; 191.402,34 ; 1.276.015,55 
BA;RIO DE CONTAS;2926707; 66.778,23 ; 73.456,05 ; 80.133,87 ; 86.811,70 ; 93.140,03 ; 100.079,99 ; 100.079,99 ; 106.751,98 ; 109.092,33 ; 109.301,30 ; 109.301,30 ; 109.301,30 ; 201.922,61 ; 1.346.150,68 
BA;RIO DO ANTONIO;2926806; 118.528,22 ; 130.381,04 ; 142.233,86 ; 154.086,68 ; 165.318,58 ; 177.637,11 ; 177.637,11 ; 189.479,59 ; 193.639,21 ; 194.005,24 ; 194.005,24 ; 194.005,24 ; 358.404,20 ; 2.389.361,32 
BA;RIO DO PIRES;2926905; 80.804,78 ; 88.885,25 ; 96.965,73 ; 105.046,21 ; 112.703,32 ; 121.101,33 ; 121.101,33 ; 129.174,75 ; 132.011,25 ; 132.260,15 ; 132.260,15 ; 132.260,15 ; 244.336,66 ; 1.628.911,06 
BA;RIO REAL;2927002; 250.714,66 ; 275.786,13 ; 300.857,59 ; 325.929,06 ; 349.682,54 ; 375.742,52 ; 375.742,52 ; 400.792,02 ; 409.633,37 ; 410.370,52 ; 410.370,52 ; 410.370,52 ; 758.116,24 ; 5.054.108,21 
BA;RODELAS;2927101; 64.433,80 ; 70.877,18 ; 77.320,56 ; 83.763,94 ; 89.869,08 ; 96.566,15 ; 96.566,15 ; 103.003,89 ; 105.271,55 ; 105.464,97 ; 105.464,97 ; 105.464,97 ; 194.835,39 ; 1.298.902,60 
BA;RUY BARBOSA;2927200; 140.949,83 ; 155.044,81 ; 169.139,79 ; 183.234,77 ; 196.589,09 ; 211.239,58 ; 211.239,58 ; 225.322,22 ; 230.290,03 ; 230.706,82 ; 230.706,82 ; 230.706,82 ; 426.206,51 ; 2.841.376,67 
BA;SALINAS DA MARGARIDA;2927309; 113.410,73 ; 124.751,81 ; 136.092,88 ; 147.433,95 ; 158.180,57 ; 169.967,50 ; 169.967,50 ; 181.298,66 ; 185.282,14 ; 185.629,38 ; 185.629,38 ; 185.629,38 ; 342.930,69 ; 2.286.204,57 
BA;SANTA BARBARA;2927507; 131.491,39 ; 144.640,53 ; 157.789,67 ; 170.938,81 ; 183.396,65 ; 197.064,27 ; 197.064,27 ; 210.201,89 ; 214.839,31 ; 215.225,55 ; 215.225,55 ; 215.225,55 ; 397.606,50 ; 2.650.709,94 
BA;SANTA INES;2927903; 81.376,25 ; 89.513,88 ; 97.651,50 ; 105.789,13 ; 113.499,68 ; 121.957,63 ; 121.957,63 ; 130.088,14 ; 132.950,83 ; 133.196,16 ; 133.196,16 ; 133.196,16 ; 246.065,86 ; 1.640.439,01 
BA;SANTANA;2928208; 120.599,87 ; 132.659,86 ; 144.719,85 ; 156.779,83 ; 168.205,06 ; 180.741,14 ; 180.741,14 ; 192.790,55 ; 197.050,25 ; 197.398,95 ; 197.398,95 ; 197.398,95 ; 364.673,72 ; 2.431.158,12 
BA;SANTANOPOLIS;2928307; 49.768,95 ; 54.745,85 ; 59.722,74 ; 64.699,64 ; 69.415,72 ; 74.588,24 ; 74.588,24 ; 79.560,79 ; 81.307,89 ; 81.461,14 ; 81.461,14 ; 81.461,14 ; 150.490,85 ; 1.003.272,33 
BA;SANTO ESTEVAO;2928802; 293.115,17 ; 322.426,69 ; 351.738,20 ; 381.049,72 ; 408.821,57 ; 439.287,85 ; 439.287,85 ; 468.573,71 ; 478.899,62 ; 479.770,69 ; 479.770,69 ; 479.770,69 ; 886.325,73 ; 5.908.838,18 
BA;SAO FELIPE;2929107; 190.410,19 ; 209.451,20 ; 228.492,22 ; 247.533,24 ; 265.574,64 ; 285.365,38 ; 285.365,38 ; 304.389,74 ; 311.092,36 ; 311.662,71 ; 311.662,71 ; 311.662,71 ; 575.763,97 ; 3.838.426,45 
BA;SAO FELIX;2929008; 63.227,58 ; 69.550,34 ; 75.873,10 ; 82.195,85 ; 88.186,72 ; 94.758,41 ; 94.758,41 ; 101.075,63 ; 103.300,63 ; 103.490,61 ; 103.490,61 ; 103.490,61 ; 191.187,97 ; 1.274.586,47 
BA;SAO FELIX DO CORIBE;2929057; 118.014,06 ; 129.815,47 ; 141.616,88 ; 153.418,28 ; 164.600,11 ; 176.866,22 ; 176.866,22 ; 188.657,30 ; 192.811,31 ; 193.164,98 ; 193.164,98 ; 193.164,98 ; 356.851,91 ; 2.379.012,70 
BA;SAO GABRIEL;2929255; 51.452,40 ; 56.597,64 ; 61.742,88 ; 66.888,12 ; 71.743,84 ; 77.106,24 ; 77.106,24 ; 82.246,65 ; 84.234,29 ; 84.235,47 ; 84.235,47 ; 84.235,47 ; 155.616,13 ; 1.037.440,84 
BA;SAO GONCALO DOS CAMPOS;2929305; 75.340,21 ; 82.874,23 ; 90.408,25 ; 97.942,27 ; 105.052,45 ; 112.904,36 ; 112.904,36 ; 120.431,32 ; 123.341,77 ; 123.343,48 ; 123.343,48 ; 123.343,48 ; 227.864,07 ; 1.519.093,73 
BA;SAO JOSE DO JACUIPE;2929370; 37.950,47 ; 41.745,52 ; 45.540,56 ; 49.335,61 ; 52.917,21 ; 56.872,34 ; 56.872,34 ; 60.663,83 ; 62.129,92 ; 62.130,74 ; 62.130,74 ; 62.130,74 ; 114.780,00 ; 765.200,02 
BA;SAO MIGUEL DAS MATAS;2929404; 25.987,09 ; 28.585,80 ; 31.184,51 ; 33.783,22 ; 36.235,84 ; 38.944,10 ; 38.944,10 ; 41.540,37 ; 42.544,27 ; 42.544,86 ; 42.544,86 ; 42.544,86 ; 78.597,15 ; 523.981,03 
BA;SAO SEBASTIAO DO PASSE;2929503; 177.625,72 ; 195.388,29 ; 213.150,86 ; 230.913,43 ; 247.742,88 ; 266.205,31 ; 266.205,31 ; 283.952,33 ; 290.210,26 ; 290.737,69 ; 290.737,69 ; 290.737,69 ; 537.107,20 ; 3.580.714,66 
BA;SAPEACU;2929602; 159.092,71 ; 175.001,98 ; 190.911,25 ; 206.820,52 ; 221.897,44 ; 238.431,00 ; 238.431,00 ; 254.326,40 ; 259.900,16 ; 260.399,62 ; 260.399,62 ; 260.399,62 ; 481.060,83 ; 3.207.072,15 
BA;SEBASTIAO LARANJEIRAS;2930006; 34.923,14 ; 38.415,45 ; 41.907,77 ; 45.400,08 ; 48.696,02 ; 52.335,60 ; 52.335,60 ; 55.824,64 ; 57.173,75 ; 57.174,54 ; 57.174,54 ; 57.174,54 ; 105.623,94 ; 704.159,61 
BA;SENHOR DO BONFIM;2930105; 414.533,87 ; 455.987,25 ; 497.440,64 ; 538.894,03 ; 578.171,92 ; 621.256,95 ; 621.256,95 ; 662.674,08 ; 677.259,49 ; 678.506,87 ; 678.506,87 ; 678.506,87 ; 1.253.469,85 ; 8.356.465,64 
BA;SENTO SE;2930204; 253.144,81 ; 278.459,29 ; 303.773,77 ; 329.088,25 ; 353.071,70 ; 379.384,47 ; 379.384,47 ; 404.676,77 ; 413.606,27 ; 414.348,44 ; 414.348,44 ; 414.348,44 ; 765.465,03 ; 5.103.100,15 
BA;SERRA DOURADA;2930303; 87.302,76 ; 96.033,04 ; 104.763,32 ; 113.493,59 ; 121.764,60 ; 130.839,34 ; 130.839,34 ; 139.561,96 ; 142.643,41 ; 142.897,71 ; 142.897,71 ; 142.897,71 ; 263.988,45 ; 1.759.922,94 
BA;SERRA PRETA;2930402; 52.386,93 ; 57.625,62 ; 62.864,31 ; 68.103,00 ; 73.046,91 ; 78.506,72 ; 78.506,72 ; 83.740,50 ; 85.764,28 ; 85.765,43 ; 85.765,43 ; 85.765,43 ; 158.442,58 ; 1.056.283,86 
BA;SERRINHA;2930501; 246.939,03 ; 271.632,93 ; 296.326,83 ; 321.020,73 ; 344.520,90 ; 370.110,13 ; 370.110,13 ; 394.784,14 ; 402.539,00 ; 404.091,33 ; 404.091,33 ; 404.091,33 ; 746.516,09 ; 4.976.773,90 
BA;SITIO DO MATO;2930758; 108.280,91 ; 119.109,00 ; 129.937,09 ; 140.765,18 ; 151.023,57 ; 162.278,96 ; 162.278,96 ; 173.097,56 ; 176.919,93 ; 177.234,92 ; 177.234,92 ; 177.234,92 ; 327.422,82 ; 2.182.818,74 
BA;SITIO DO QUINTO;2930766; 95.725,11 ; 105.297,62 ; 114.870,13 ; 124.442,64 ; 133.513,12 ; 143.462,17 ; 143.462,17 ; 153.026,31 ; 156.391,11 ; 156.682,02 ; 156.682,02 ; 156.682,02 ; 289.453,49 ; 1.929.689,93 
BA;SOUTO SOARES;2930808; 126.165,02 ; 138.781,52 ; 151.398,02 ; 164.014,52 ; 175.968,33 ; 189.081,86 ; 189.081,86 ; 201.687,32 ; 206.131,51 ; 206.506,77 ; 206.506,77 ; 206.506,77 ; 381.499,46 ; 2.543.329,73 
BA;TABOCAS DO BREJO VELHO;2930907; 62.223,25 ; 68.445,58 ; 74.667,90 ; 80.890,23 ; 86.784,91 ; 93.252,99 ; 93.252,99 ; 99.469,85 ; 101.668,46 ; 101.847,66 ; 101.847,66 ; 101.847,66 ; 188.152,80 ; 1.254.351,94 
BA;TANHACU;2931004; 155.104,97 ; 170.615,46 ; 186.125,96 ; 201.636,45 ; 216.333,68 ; 232.454,14 ; 232.454,14 ; 247.951,09 ; 253.401,55 ; 253.874,27 ; 253.874,27 ; 253.874,27 ; 469.005,93 ; 3.126.706,18 
BA;TANQUE NOVO;2931053; 65.489,86 ; 72.038,85 ; 78.587,83 ; 85.136,82 ; 82.978,07 ; 96.057,88 ; 96.057,88 ; 102.461,74 ; 104.937,94 ; 104.939,37 ; 104.939,37 ; 104.939,37 ; 193.864,42 ; 1.292.429,40 
BA;TAPEROA;2931202; 113.950,59 ; 125.345,65 ; 136.740,71 ; 148.135,77 ; 158.933,65 ; 170.776,61 ; 170.776,61 ; 182.161,71 ; 186.163,01 ; 186.512,89 ; 186.512,89 ; 186.512,89 ; 344.562,88 ; 2.297.085,86 
BA;TEOLANDIA;2931608; 41.921,16 ; 46.113,27 ; 50.305,39 ; 54.497,51 ; 58.487,03 ; 62.831,08 ; 62.831,08 ; 67.019,82 ; 68.336,31 ; 68.599,84 ; 68.599,84 ; 68.599,84 ; 126.730,96 ; 844.873,13 
BA;TERRA NOVA;2931707; 63.767,16 ; 70.143,88 ; 76.520,60 ; 82.897,31 ; 88.939,80 ; 95.567,20 ; 95.567,20 ; 101.938,34 ; 104.177,83 ; 104.373,33 ; 104.373,33 ; 104.373,33 ; 192.818,71 ; 1.285.458,02 
BA;TREMEDAL;2931806; 101.568,04 ; 111.724,84 ; 121.881,65 ; 132.038,45 ; 141.662,14 ; 152.218,80 ; 152.218,80 ; 162.366,72 ; 165.940,68 ; 166.246,07 ; 166.246,07 ; 166.246,07 ; 307.122,07 ; 2.047.480,40 
BA;UAUA;2932002; 93.581,55 ; 102.939,70 ; 112.297,85 ; 121.656,01 ; 130.561,76 ; 140.259,23 ; 140.259,23 ; 149.609,84 ; 152.548,67 ; 153.136,95 ; 153.136,95 ; 153.136,95 ; 282.904,36 ; 1.886.029,05 
BA;UBAIRA;2932101; 65.376,34 ; 71.913,97 ; 78.451,60 ; 84.989,24 ; 91.159,04 ; 97.972,56 ; 97.972,56 ; 104.504,07 ; 107.029,62 ; 107.031,09 ; 107.031,09 ; 107.031,09 ; 197.728,64 ; 1.318.190,91 
BA;UBATA;2932309; 102.616,94 ; 112.878,63 ; 123.140,33 ; 133.402,02 ; 143.127,65 ; 153.791,42 ; 153.791,42 ; 164.044,18 ; 167.631,45 ; 167.960,44 ; 167.960,44 ; 167.960,44 ; 310.289,19 ; 2.068.594,55 
BA;UMBURANAS;2932457; 89.775,66 ; 98.753,23 ; 107.730,79 ; 116.708,36 ; 125.214,36 ; 134.545,62 ; 134.545,62 ; 143.515,33 ; 146.677,27 ; 146.944,66 ; 146.944,66 ; 146.944,66 ; 271.464,75 ; 1.809.764,97 
BA;UNA;2932507; 146.853,14 ; 161.538,45 ; 176.223,76 ; 190.909,07 ; 204.825,46 ; 220.087,49 ; 220.087,49 ; 234.759,98 ; 239.910,59 ; 240.366,73 ; 240.366,73 ; 240.366,73 ; 444.052,17 ; 2.960.347,79 
BA;URANDI;2932606; 128.530,92 ; 141.384,01 ; 154.237,10 ; 167.090,19 ; 179.268,07 ; 192.627,59 ; 192.627,59 ; 205.469,42 ; 209.997,74 ; 210.379,35 ; 210.379,35 ; 210.379,35 ; 388.653,66 ; 2.591.024,34 
BA;VALENCA;2932903; 413.851,32 ; 455.236,45 ; 496.621,59 ; 538.006,72 ; 577.220,14 ; 620.234,07 ; 620.234,07 ; 661.583,01 ; 676.142,71 ; 677.389,50 ; 677.389,50 ; 677.389,50 ; 1.251.405,64 ; 8.342.704,22 
BA;VALENTE;2933000; 90.407,67 ; 99.448,44 ; 108.489,21 ; 117.529,97 ; 115.046,71 ; 132.730,52 ; 132.730,52 ; 141.579,22 ; 145.000,77 ; 145.002,76 ; 145.002,76 ; 145.002,76 ; 267.877,29 ; 1.785.848,60 
BA;VARZEA DA ROCA;2933059; 67.677,89 ; 74.445,68 ; 81.213,47 ; 87.981,26 ; 94.421,88 ; 101.435,05 ; 101.435,05 ; 108.197,39 ; 110.322,73 ; 110.748,19 ; 110.748,19 ; 110.748,19 ; 204.595,59 ; 1.363.970,56 
BA;VARZEDO;2933174; 51.827,76 ; 57.010,53 ; 62.193,31 ; 67.376,08 ; 72.286,75 ; 77.673,61 ; 77.673,61 ; 82.851,85 ; 84.676,29 ; 84.831,50 ; 84.831,50 ; 84.831,50 ; 156.717,23 ; 1.044.781,52 
BA;WANDERLEY;2933455; 92.615,34 ; 101.876,88 ; 111.138,41 ; 120.399,94 ; 129.175,49 ; 138.801,53 ; 138.801,53 ; 148.054,96 ; 151.312,79 ; 151.592,22 ; 151.592,22 ; 151.592,22 ; 280.050,63 ; 1.867.004,16 
BA;WENCESLAU GUIMARAES;2933505; 143.744,82 ; 158.119,30 ; 172.493,78 ; 186.868,26 ; 200.490,56 ; 215.429,19 ; 215.429,19 ; 229.791,14 ; 234.828,39 ; 235.278,63 ; 235.278,63 ; 235.278,63 ; 434.652,45 ; 2.897.682,97 
CE;ABAIARA;2300101; 64.659,12 ; 71.125,03 ; 77.590,94 ; 84.056,86 ; 90.184,59 ; 96.904,14 ; 96.904,14 ; 103.364,42 ; 105.628,68 ; 105.832,59 ; 105.832,59 ; 105.832,59 ; 195.514,54 ; 1.303.430,23 
CE;ACARAPE;2300150; 105.116,52 ; 115.628,17 ; 126.139,82 ; 136.651,47 ; 146.611,79 ; 157.536,95 ; 157.536,95 ; 168.039,41 ; 171.734,73 ; 172.053,83 ; 172.053,83 ; 172.053,83 ; 317.851,29 ; 2.119.008,59 
CE;AIUABA;2300408; 43.266,75 ; 47.593,44 ; 51.920,11 ; 56.246,78 ; 60.330,10 ; 64.839,28 ; 64.839,28 ; 69.161,90 ; 70.833,34 ; 70.834,31 ; 70.834,31 ; 70.834,31 ; 130.858,93 ; 872.392,84 
CE;ALCANTARAS;2300507; 81.219,67 ; 89.341,64 ; 97.463,61 ; 105.585,58 ; 113.283,64 ; 121.723,55 ; 121.723,55 ; 129.838,46 ; 132.674,27 ; 132.937,66 ; 132.937,66 ; 132.937,66 ; 245.588,29 ; 1.637.255,24 
CE;ALTANEIRA;2300606; 61.927,35 ; 68.120,08 ; 74.312,81 ; 80.505,55 ; 86.375,25 ; 92.810,27 ; 92.810,27 ; 98.997,63 ; 101.158,13 ; 101.360,44 ; 101.360,44 ; 101.360,44 ; 187.252,71 ; 1.248.351,37 
CE;ALTO SANTO;2300705; 106.468,39 ; 117.115,23 ; 127.762,06 ; 138.408,90 ; 148.497,62 ; 159.563,07 ; 159.563,07 ; 170.200,60 ; 173.940,47 ; 174.266,25 ; 174.266,25 ; 174.266,25 ; 321.938,51 ; 2.146.256,67 
CE;AMONTADA;2300754; 315.420,98 ; 346.963,07 ; 378.505,17 ; 410.047,27 ; 439.935,66 ; 472.718,05 ; 472.718,05 ; 504.232,58 ; 515.315,90 ; 516.277,87 ; 516.277,87 ; 516.277,87 ; 953.768,89 ; 6.358.459,23 
CE;APUIARES;2300903; 75.909,22 ; 83.500,14 ; 91.091,06 ; 98.681,98 ; 105.875,24 ; 113.764,43 ; 113.764,43 ; 121.348,72 ; 124.012,42 ; 124.247,06 ; 124.247,06 ; 124.247,06 ; 229.533,33 ; 1.530.222,15 
CE;ARACATI;2301109; 405.349,83 ; 445.884,81 ; 486.419,79 ; 526.954,78 ; 565.368,97 ; 607.494,56 ; 607.494,56 ; 647.994,19 ; 662.197,36 ; 663.468,33 ; 663.468,33 ; 663.468,33 ; 1.225.687,74 ; 8.171.251,58 
CE;ARACOIABA;2301208; 193.046,87 ; 212.351,56 ; 231.656,24 ; 250.960,93 ; 269.252,25 ; 289.316,97 ; 289.316,97 ; 308.604,77 ; 315.399,33 ; 315.978,33 ; 315.978,33 ; 315.978,33 ; 583.736,63 ; 3.891.577,51 
CE;ARARENDA;2301257; 154.174,33 ; 169.591,76 ; 185.009,19 ; 200.426,63 ; 215.047,56 ; 231.062,38 ; 231.062,38 ; 246.466,54 ; 251.775,68 ; 252.339,72 ; 252.339,72 ; 252.339,72 ; 466.171,00 ; 3.107.806,61 
CE;ARNEIROZ;2301505; 21.762,12 ; 23.938,33 ; 26.114,54 ; 28.290,75 ; 30.344,63 ; 32.612,57 ; 32.612,57 ; 34.786,74 ; 35.627,40 ; 35.627,93 ; 35.627,93 ; 35.627,93 ; 65.818,84 ; 438.792,28 
CE;ASSARE;2301604; 139.432,89 ; 153.376,18 ; 167.319,47 ; 181.262,76 ; 194.475,82 ; 208.966,81 ; 208.966,81 ; 222.897,93 ; 227.789,37 ; 228.221,51 ; 228.221,51 ; 228.221,51 ; 421.615,17 ; 2.810.767,74 
CE;AURORA;2301703; 99.516,73 ; 109.468,40 ; 119.420,07 ; 129.371,74 ; 138.801,09 ; 149.144,52 ; 149.144,52 ; 159.087,48 ; 162.589,22 ; 162.888,48 ; 162.888,48 ; 162.888,48 ; 300.919,28 ; 2.006.128,49 
CE;BAIXIO;2301802; 33.820,66 ; 37.202,72 ; 40.584,79 ; 43.966,86 ; 47.171,80 ; 50.686,70 ; 50.686,70 ; 54.065,81 ; 55.252,88 ; 55.357,18 ; 55.357,18 ; 55.357,18 ; 102.266,55 ; 681.777,01 
CE;BANABUIU;2301851; 109.436,21 ; 120.379,83 ; 131.323,45 ; 142.267,07 ; 152.636,96 ; 164.010,91 ; 164.010,91 ; 174.944,97 ; 178.789,30 ; 179.123,97 ; 179.123,97 ; 179.123,97 ; 330.912,63 ; 2.206.084,15 
CE;BARREIRA;2301950; 159.566,98 ; 175.523,67 ; 191.480,37 ; 207.437,07 ; 222.557,19 ; 239.141,34 ; 239.141,34 ; 255.084,09 ; 260.690,39 ; 261.177,55 ; 261.177,55 ; 261.177,55 ; 482.497,96 ; 3.216.653,05 
CE;BARRO;2302008; 99.422,85 ; 109.365,13 ; 119.307,42 ; 129.249,70 ; 138.670,91 ; 149.004,01 ; 149.004,01 ; 158.937,61 ; 162.429,31 ; 162.734,12 ; 162.734,12 ; 162.734,12 ; 300.634,12 ; 2.004.227,43 
CE;BELA CRUZ;2302305; 158.250,24 ; 174.075,27 ; 189.900,29 ; 205.725,32 ; 220.723,14 ; 237.168,58 ; 237.168,58 ; 252.979,82 ; 258.517,34 ; 259.020,00 ; 259.020,00 ; 259.020,00 ; 478.512,11 ; 3.190.080,69 
CE;BOA VIAGEM;2302404; 337.195,93 ; 370.915,52 ; 404.635,11 ; 438.354,70 ; 470.308,40 ; 505.352,43 ; 505.352,43 ; 539.042,60 ; 550.872,68 ; 551.916,97 ; 551.916,97 ; 551.916,97 ; 1.019.608,36 ; 6.797.389,07 
CE;BREJO SANTO;2302503; 326.735,93 ; 359.409,52 ; 392.083,11 ; 424.756,71 ; 455.722,95 ; 489.677,07 ; 489.677,07 ; 522.322,21 ; 533.751,04 ; 534.792,65 ; 534.792,65 ; 534.792,65 ; 987.972,99 ; 6.586.486,55 
CE;CAMOCIM;2302602; 360.809,99 ; 396.890,99 ; 432.971,99 ; 469.052,99 ; 503.250,39 ; 540.744,10 ; 540.744,10 ; 576.793,71 ; 589.398,01 ; 590.562,45 ; 590.562,45 ; 590.562,45 ; 1.091.001,82 ; 7.273.345,44 
CE;CANINDE;2302800; 239.931,38 ; 263.924,52 ; 287.917,66 ; 311.910,80 ; 334.744,11 ; 359.607,13 ; 359.607,13 ; 383.580,94 ; 391.115,73 ; 392.624,01 ; 392.624,01 ; 392.624,01 ; 725.331,43 ; 4.835.542,86 
CE;CAPISTRANO;2302909; 100.698,05 ; 110.767,86 ; 120.837,66 ; 130.907,46 ; 140.448,97 ; 150.915,02 ; 150.915,02 ; 160.976,02 ; 164.517,05 ; 164.821,83 ; 164.821,83 ; 164.821,83 ; 304.490,94 ; 2.029.939,54 
CE;CARIDADE;2303006; 132.240,79 ; 145.464,87 ; 158.688,94 ; 171.913,02 ; 184.444,36 ; 198.188,01 ; 198.188,01 ; 211.400,55 ; 216.041,44 ; 216.449,78 ; 216.449,78 ; 216.449,78 ; 399.868,12 ; 2.665.787,45 
CE;CARIRE;2303105; 133.115,45 ; 146.426,99 ; 159.738,54 ; 173.050,08 ; 185.667,04 ; 199.499,54 ; 199.499,54 ; 212.799,51 ; 217.446,17 ; 217.878,81 ; 217.878,81 ; 217.878,81 ; 402.508,11 ; 2.683.387,40 
CE;CARIRIACU;2303204; 85.027,84 ; 93.530,62 ; 102.033,41 ; 110.536,19 ; 118.560,62 ; 127.422,18 ; 127.422,18 ; 135.916,99 ; 139.201,69 ; 139.203,61 ; 139.203,61 ; 139.203,61 ; 257.163,99 ; 1.714.426,54 
CE;CARIUS;2303303; 103.256,72 ; 113.582,39 ; 123.908,06 ; 134.233,73 ; 144.020,21 ; 154.750,29 ; 154.750,29 ; 165.066,97 ; 168.675,17 ; 169.007,46 ; 169.007,46 ; 169.007,46 ; 312.223,45 ; 2.081.489,66 
CE;CARNAUBAL;2303402; 67.997,94 ; 74.797,73 ; 81.597,53 ; 88.397,32 ; 94.814,55 ; 101.901,28 ; 101.901,28 ; 108.694,70 ; 111.321,50 ; 111.323,06 ; 111.323,06 ; 111.323,06 ; 205.657,60 ; 1.371.050,61 
CE;CASCAVEL;2303501; 485.307,04 ; 533.837,74 ; 582.368,44 ; 630.899,14 ; 676.894,34 ; 727.326,69 ; 727.326,69 ; 775.815,13 ; 792.786,93 ; 794.337,22 ; 794.337,22 ; 794.337,22 ; 1.467.454,21 ; 9.783.028,01 
CE;CATUNDA;2303659; 112.320,00 ; 123.552,00 ; 134.784,00 ; 146.016,00 ; 156.666,40 ; 168.334,62 ; 168.334,62 ; 179.556,93 ; 183.436,67 ; 183.837,27 ; 183.837,27 ; 183.837,27 ; 339.619,96 ; 2.264.133,01 
CE;CAUCAIA;2303709; 1.806.244,28 ; 1.986.868,71 ; 2.167.493,14 ; 2.348.117,57 ; 2.519.265,60 ; 2.706.997,35 ; 2.706.997,35 ; 2.887.463,84 ; 2.950.993,10 ; 2.956.448,77 ; 2.956.448,77 ; 2.956.448,77 ; 5.461.727,17 ; 36.411.514,42 
CE;CEDRO;2303808; 104.588,00 ; 115.046,80 ; 125.505,60 ; 135.964,40 ; 145.875,89 ; 156.745,20 ; 156.745,20 ; 167.194,88 ; 170.859,77 ; 171.187,53 ; 171.187,53 ; 171.187,53 ; 316.250,89 ; 2.108.339,22 
CE;CHORO;2303931; 46.753,12 ; 51.428,43 ; 56.103,74 ; 60.779,05 ; 65.191,30 ; 70.063,92 ; 70.063,92 ; 74.734,85 ; 76.540,96 ; 76.542,02 ; 76.542,02 ; 76.542,02 ; 141.403,30 ; 942.688,65 
CE;CHOROZINHO;2303956; 144.152,96 ; 158.568,26 ; 172.983,56 ; 187.398,85 ; 201.062,55 ; 216.041,56 ; 216.041,56 ; 230.444,33 ; 235.471,10 ; 235.944,11 ; 235.944,11 ; 235.944,11 ; 435.881,84 ; 2.905.878,90 
CE;COREAU;2304004; 219.835,75 ; 241.819,32 ; 263.802,90 ; 285.786,47 ; 306.626,61 ; 329.467,78 ; 329.467,78 ; 351.432,30 ; 359.073,17 ; 359.816,21 ; 359.816,21 ; 359.816,21 ; 664.722,48 ; 4.431.483,19 
CE;CRATEUS;2304103; 469.043,35 ; 515.947,68 ; 562.852,02 ; 609.756,35 ; 654.210,48 ; 702.952,49 ; 702.952,49 ; 749.815,99 ; 766.215,84 ; 767.716,93 ; 767.716,93 ; 767.716,93 ; 1.418.276,03 ; 9.455.173,51 
CE;CRATO;2304202; 636.140,33 ; 699.754,37 ; 763.368,40 ; 826.982,43 ; 887.271,13 ; 953.379,17 ; 953.379,17 ; 1.016.937,78 ; 1.039.201,03 ; 1.041.218,75 ; 1.041.218,75 ; 1.041.218,75 ; 1.923.541,78 ; 12.823.611,84 
CE;CROATA;2304236; 177.674,99 ; 195.442,49 ; 213.209,99 ; 230.977,49 ; 247.820,73 ; 266.281,44 ; 266.281,44 ; 284.033,53 ; 290.210,01 ; 290.809,69 ; 290.809,69 ; 290.809,69 ; 537.240,21 ; 3.581.601,39 
CE;CRUZ;2304251; 256.085,28 ; 281.693,81 ; 307.302,34 ; 332.910,86 ; 357.189,74 ; 383.795,53 ; 383.795,53 ; 409.381,90 ; 418.261,40 ; 419.145,43 ; 419.145,43 ; 419.145,43 ; 774.326,95 ; 5.162.179,63 
CE;DEPUTADO IRAPUAN PINHEIRO;2304269; 86.729,23 ; 95.402,15 ; 104.075,07 ; 112.748,00 ; 120.972,38 ; 129.981,71 ; 129.981,71 ; 138.647,16 ; 141.638,06 ; 141.951,63 ; 141.951,63 ; 141.951,63 ; 262.240,66 ; 1.748.271,02 
CE;EUSEBIO;2304285; 494.705,31 ; 544.175,84 ; 593.646,37 ; 643.116,90 ; 690.006,59 ; 741.412,77 ; 741.412,77 ; 790.840,28 ; 808.106,30 ; 809.716,47 ; 809.716,47 ; 809.716,47 ; 1.495.865,75 ; 9.972.438,29 
CE;FARIAS BRITO;2304301; 111.822,67 ; 123.004,94 ; 134.187,20 ; 145.369,47 ; 155.966,41 ; 167.587,69 ; 167.587,69 ; 178.760,21 ; 182.680,17 ; 183.029,24 ; 183.029,24 ; 183.029,24 ; 338.127,21 ; 2.254.181,38 
CE;FORTIM;2304459; 112.982,55 ; 124.280,80 ; 135.579,05 ; 146.877,31 ; 157.586,08 ; 169.326,46 ; 169.326,46 ; 180.614,89 ; 184.558,36 ; 184.925,93 ; 184.925,93 ; 184.925,93 ; 341.631,14 ; 2.277.540,89 
CE;GRACA;2304657; 58.216,77 ; 64.038,45 ; 69.860,13 ; 75.681,80 ; 81.175,93 ; 87.243,29 ; 87.243,29 ; 93.059,51 ; 95.308,47 ; 95.309,79 ; 95.309,79 ; 95.309,79 ; 176.074,77 ; 1.173.831,78 
CE;GRANJA;2304707; 371.800,58 ; 408.980,64 ; 446.160,70 ; 483.340,75 ; 518.578,65 ; 557.215,35 ; 557.215,35 ; 594.363,04 ; 607.362,11 ; 608.552,64 ; 608.552,64 ; 608.552,64 ; 1.124.236,79 ; 7.494.911,88 
CE;GRANJEIRO;2304806; 39.455,16 ; 43.400,67 ; 47.346,19 ; 51.291,71 ; 55.031,29 ; 59.131,23 ; 59.131,23 ; 63.073,31 ; 64.452,17 ; 64.579,03 ; 64.579,03 ; 64.579,03 ; 119.302,94 ; 795.352,99 
CE;GROAIRAS;2304905; 67.863,32 ; 74.649,65 ; 81.435,98 ; 88.222,32 ; 94.654,46 ; 101.706,45 ; 101.706,45 ; 108.486,87 ; 110.856,36 ; 111.076,43 ; 111.076,43 ; 111.076,43 ; 205.201,98 ; 1.368.013,13 
CE;GUARACIABA DO NORTE;2305001; 325.862,96 ; 358.449,26 ; 391.035,56 ; 423.621,85 ; 454.513,20 ; 488.370,72 ; 488.370,72 ; 520.928,77 ; 532.255,62 ; 533.356,36 ; 533.356,36 ; 533.356,36 ; 985.319,61 ; 6.568.797,35 
CE;GUARAMIRANGA;2305100; 42.672,52 ; 46.939,77 ; 51.207,03 ; 55.474,28 ; 59.518,56 ; 63.953,03 ; 63.953,03 ; 68.216,57 ; 69.709,55 ; 69.845,28 ; 69.845,28 ; 69.845,28 ; 129.031,79 ; 860.211,97 
CE;HIDROLANDIA;2305209; 102.785,79 ; 113.064,37 ; 123.342,95 ; 133.621,53 ; 143.362,56 ; 154.044,31 ; 154.044,31 ; 164.313,93 ; 167.912,97 ; 168.237,42 ; 168.237,42 ; 168.237,42 ; 310.800,89 ; 2.072.005,87 
CE;IBARETAMA;2305266; 42.761,10 ; 47.037,21 ; 51.313,33 ; 55.589,43 ; 59.625,02 ; 64.081,52 ; 64.081,52 ; 68.353,62 ; 70.005,54 ; 70.006,48 ; 70.006,48 ; 70.006,48 ; 129.329,59 ; 862.197,32 
CE;IBICUITINGA;2305332; 51.340,36 ; 56.474,39 ; 61.608,43 ; 66.742,46 ; 71.587,63 ; 76.938,33 ; 76.938,33 ; 82.067,56 ; 84.050,88 ; 84.052,04 ; 84.052,04 ; 84.052,04 ; 155.277,27 ; 1.035.181,76 
CE;ICO;2305407; 319.441,41 ; 351.385,55 ; 383.329,69 ; 415.273,83 ; 445.541,18 ; 478.742,93 ; 478.742,93 ; 510.659,13 ; 521.901,97 ; 522.860,37 ; 522.860,37 ; 522.860,37 ; 965.929,37 ; 6.439.529,10 
CE;INDEPENDENCIA;2305605; 149.531,66 ; 164.484,83 ; 179.437,99 ; 194.391,16 ; 208.568,04 ; 224.103,43 ; 224.103,43 ; 239.043,66 ; 244.227,51 ; 244.744,59 ; 244.744,59 ; 244.744,59 ; 452.139,79 ; 3.014.265,27 
CE;IPAPORANGA;2305654; 98.270,42 ; 108.097,46 ; 117.924,50 ; 127.751,54 ; 137.069,14 ; 147.278,29 ; 147.278,29 ; 157.096,84 ; 160.496,57 ; 160.842,48 ; 160.842,48 ; 160.842,48 ; 297.139,50 ; 1.980.929,99 
CE;IPAUMIRIM;2305704; 72.495,49 ; 79.745,04 ; 86.994,59 ; 94.244,14 ; 101.113,94 ; 108.648,32 ; 108.648,32 ; 115.891,54 ; 118.435,40 ; 118.659,53 ; 118.659,53 ; 118.659,53 ; 219.210,95 ; 1.461.406,32 
CE;IPU;2305803; 263.906,85 ; 290.297,54 ; 316.688,22 ; 343.078,91 ; 368.091,20 ; 395.515,70 ; 395.515,70 ; 421.883,41 ; 431.108,45 ; 431.955,05 ; 431.955,05 ; 431.955,05 ; 797.991,38 ; 5.319.942,51 
CE;IPUEIRAS;2305902; 297.958,23 ; 327.754,05 ; 357.549,87 ; 387.345,69 ; 415.588,22 ; 446.549,03 ; 446.549,03 ; 476.318,96 ; 486.707,72 ; 487.686,59 ; 487.686,59 ; 487.686,59 ; 900.949,52 ; 6.006.330,09 
CE;IRAUCUBA;2306108; 208.765,49 ; 229.642,04 ; 250.518,59 ; 271.395,14 ; 291.179,84 ; 312.875,28 ; 312.875,28 ; 333.733,63 ; 341.044,90 ; 341.702,72 ; 341.702,72 ; 341.702,72 ; 631.259,71 ; 4.208.398,06 
CE;ITAICABA;2306207; 21.450,61 ; 23.595,67 ; 25.740,73 ; 27.885,79 ; 29.910,22 ; 32.145,75 ; 32.145,75 ; 34.288,80 ; 35.117,45 ; 35.117,94 ; 35.117,94 ; 35.117,94 ; 64.876,69 ; 432.511,28 
CE;ITAITINGA;2306256; 386.257,26 ; 424.882,98 ; 463.508,71 ; 502.134,43 ; 538.738,20 ; 578.880,42 ; 578.880,42 ; 617.472,45 ; 631.015,82 ; 632.218,95 ; 632.218,95 ; 632.218,95 ; 1.167.957,81 ; 7.786.385,35 
CE;ITAPAJE;2306306; 311.816,63 ; 342.998,29 ; 374.179,95 ; 405.361,61 ; 434.911,15 ; 467.316,91 ; 467.316,91 ; 498.471,37 ; 509.403,70 ; 510.375,77 ; 510.375,77 ; 510.375,77 ; 942.865,39 ; 6.285.769,22 
CE;ITAPIPOCA;2306405; 1.042.690,36 ; 1.146.959,39 ; 1.251.228,43 ; 1.355.497,46 ; 1.454.306,65 ; 1.562.670,58 ; 1.562.670,58 ; 1.666.848,62 ; 1.703.425,40 ; 1.706.658,65 ; 1.706.658,65 ; 1.706.658,65 ; 3.152.871,79 ; 21.019.145,21 
CE;ITAPIUNA;2306504; 96.531,25 ; 106.184,37 ; 115.837,50 ; 125.490,62 ; 134.639,60 ; 144.670,85 ; 144.670,85 ; 154.315,58 ; 157.689,14 ; 157.999,46 ; 157.999,46 ; 157.999,46 ; 291.887,32 ; 1.945.915,46 
CE;ITAREMA;2306553; 241.552,07 ; 265.707,28 ; 289.862,49 ; 314.017,69 ; 336.907,36 ; 362.011,74 ; 362.011,74 ; 386.145,85 ; 394.625,23 ; 395.369,12 ; 395.369,12 ; 395.369,12 ; 730.402,74 ; 4.869.351,55 
CE;JAGUARETAMA;2306702; 57.742,99 ; 63.517,28 ; 69.291,58 ; 75.065,88 ; 80.515,30 ; 86.533,27 ; 86.533,27 ; 92.302,16 ; 94.532,81 ; 94.534,13 ; 94.534,13 ; 94.534,13 ; 174.641,82 ; 1.164.278,75 
CE;JAGUARIBARA;2306801; 47.093,48 ; 51.802,83 ; 56.512,18 ; 61.221,53 ; 65.665,90 ; 70.573,99 ; 70.573,99 ; 75.278,93 ; 77.098,20 ; 77.099,25 ; 77.099,25 ; 77.099,25 ; 142.432,73 ; 949.551,51 
CE;JAGUARUANA;2307007; 94.958,23 ; 104.454,05 ; 113.949,88 ; 123.445,70 ; 132.407,26 ; 142.303,81 ; 142.303,81 ; 151.790,73 ; 155.459,08 ; 155.461,19 ; 155.461,19 ; 155.461,19 ; 287.198,14 ; 1.914.654,26 
CE;JIJOCA DE JERICOACOARA;2307254; 241.539,81 ; 265.693,79 ; 289.847,77 ; 314.001,75 ; 336.903,68 ; 361.996,71 ; 361.996,71 ; 386.129,83 ; 394.486,15 ; 395.336,28 ; 395.336,28 ; 395.336,28 ; 730.342,07 ; 4.868.947,11 
CE;JUCAS;2307403; 158.208,44 ; 174.029,28 ; 189.850,13 ; 205.670,97 ; 220.665,05 ; 237.105,98 ; 237.105,98 ; 252.913,05 ; 258.447,21 ; 258.951,37 ; 258.951,37 ; 258.951,37 ; 478.385,34 ; 3.189.235,54 
CE;LIMOEIRO DO NORTE;2307601; 300.247,29 ; 330.272,02 ; 360.296,75 ; 390.321,48 ; 418.778,35 ; 449.979,00 ; 449.979,00 ; 479.977,60 ; 490.469,83 ; 491.435,71 ; 491.435,71 ; 491.435,71 ; 907.875,61 ; 6.052.504,06 
CE;MADALENA;2307635; 164.535,70 ; 180.989,27 ; 197.442,84 ; 213.896,41 ; 229.490,39 ; 246.588,66 ; 246.588,66 ; 263.027,90 ; 268.781,28 ; 269.307,44 ; 269.307,44 ; 269.307,44 ; 497.517,08 ; 3.316.780,51 
CE;MARACANAU;2307650; 774.692,36 ; 852.161,60 ; 929.630,84 ; 1.007.100,07 ; 1.074.253,37 ; 1.159.459,57 ; 1.159.459,57 ; 1.236.756,87 ; 1.266.645,51 ; 1.266.663,01 ; 1.266.663,01 ; 1.266.663,01 ; 2.340.026,26 ; 15.600.175,05 
CE;MARCO;2307809; 217.614,97 ; 239.376,46 ; 261.137,96 ; 282.899,46 ; 303.522,16 ; 326.137,77 ; 326.137,77 ; 347.880,29 ; 355.506,98 ; 356.187,91 ; 356.187,91 ; 356.187,91 ; 658.019,57 ; 4.386.797,12 
CE;MASSAPE;2308005; 270.137,76 ; 297.151,53 ; 324.165,31 ; 351.179,08 ; 376.782,58 ; 404.854,07 ; 404.854,07 ; 431.844,34 ; 441.281,49 ; 442.153,02 ; 442.153,02 ; 442.153,02 ; 816.831,06 ; 5.445.540,35 
CE;MAURITI;2308104; 295.010,34 ; 324.511,37 ; 354.012,40 ; 383.513,44 ; 411.466,27 ; 442.128,46 ; 442.128,46 ; 471.603,69 ; 481.983,59 ; 482.871,38 ; 482.871,38 ; 482.871,38 ; 892.053,92 ; 5.947.026,08 
CE;MERUOCA;2308203; 112.761,91 ; 124.038,10 ; 135.314,30 ; 146.590,49 ; 157.278,78 ; 168.995,91 ; 168.995,91 ; 180.262,31 ; 184.193,94 ; 184.564,37 ; 184.564,37 ; 184.564,37 ; 340.963,20 ; 2.273.087,96 
CE;MILAGRES;2308302; 141.118,72 ; 155.230,60 ; 169.342,47 ; 183.454,34 ; 196.826,41 ; 211.493,16 ; 211.493,16 ; 225.592,70 ; 230.550,21 ; 230.981,58 ; 230.981,58 ; 230.981,58 ; 426.714,10 ; 2.844.760,61 
CE;MILHA;2308351; 95.359,92 ; 104.895,91 ; 114.431,90 ; 123.967,89 ; 133.009,66 ; 142.916,33 ; 142.916,33 ; 152.444,08 ; 155.742,07 ; 156.078,65 ; 156.078,65 ; 156.078,65 ; 288.338,84 ; 1.922.258,88 
CE;MIRAIMA;2308377; 83.656,23 ; 92.021,85 ; 100.387,47 ; 108.753,10 ; 116.679,25 ; 125.374,48 ; 125.374,48 ; 133.732,78 ; 136.679,99 ; 136.928,47 ; 136.928,47 ; 136.928,47 ; 252.960,90 ; 1.686.405,94 
CE;MONSENHOR TABOSA;2308609; 136.473,01 ; 150.120,31 ; 163.767,61 ; 177.414,91 ; 190.354,86 ; 204.532,69 ; 204.532,69 ; 218.168,20 ; 222.888,72 ; 223.369,84 ; 223.369,84 ; 223.369,84 ; 412.652,22 ; 2.751.014,74 
CE;MORAUJO;2308807; 68.223,08 ; 75.045,39 ; 81.867,70 ; 88.690,00 ; 95.155,49 ; 102.245,44 ; 102.245,44 ; 109.061,80 ; 111.450,49 ; 111.665,96 ; 111.665,96 ; 111.665,96 ; 206.291,07 ; 1.375.273,78 
CE;MULUNGU;2309102; 41.642,05 ; 45.806,26 ; 49.970,46 ; 54.134,67 ; 58.064,68 ; 62.404,52 ; 62.404,52 ; 66.564,82 ; 68.173,48 ; 68.174,43 ; 68.174,43 ; 68.174,43 ; 125.945,07 ; 839.633,82 
CE;NOVA OLINDA;2309201; 114.429,03 ; 125.871,93 ; 137.314,84 ; 148.757,74 ; 159.607,24 ; 171.495,21 ; 171.495,21 ; 182.928,22 ; 186.889,01 ; 187.290,03 ; 187.290,03 ; 187.290,03 ; 345.998,57 ; 2.306.657,09 
CE;NOVO ORIENTE;2309409; 233.383,07 ; 256.721,38 ; 280.059,68 ; 303.397,99 ; 325.529,22 ; 349.772,86 ; 349.772,86 ; 373.091,05 ; 381.140,27 ; 381.983,29 ; 381.983,29 ; 381.983,29 ; 705.673,82 ; 4.704.492,07 
CE;OROS;2309508; 120.608,21 ; 132.669,03 ; 144.729,85 ; 156.790,67 ; 168.220,39 ; 180.754,56 ; 180.754,56 ; 192.804,86 ; 197.031,13 ; 197.409,08 ; 197.409,08 ; 197.409,08 ; 364.692,45 ; 2.431.282,95 
CE;PACOTI;2309805; 75.411,76 ; 82.952,93 ; 90.494,11 ; 98.035,28 ; 105.182,12 ; 113.019,07 ; 113.019,07 ; 120.553,68 ; 123.193,37 ; 123.432,14 ; 123.432,14 ; 123.432,14 ; 228.027,86 ; 1.520.185,67 
CE;PALHANO;2310001; 26.833,88 ; 29.517,27 ; 32.200,65 ; 34.884,04 ; 37.416,58 ; 40.213,08 ; 40.213,08 ; 42.893,95 ; 43.930,54 ; 43.931,18 ; 43.931,18 ; 43.931,18 ; 81.158,22 ; 541.054,83 
CE;PALMACIA;2310100; 62.746,33 ; 69.020,96 ; 75.295,59 ; 81.570,22 ; 87.516,10 ; 94.037,31 ; 94.037,31 ; 100.306,47 ; 102.508,76 ; 102.702,29 ; 102.702,29 ; 102.702,29 ; 189.731,64 ; 1.264.877,56 
CE;PARACURU;2310209; 287.365,28 ; 316.101,81 ; 344.838,34 ; 373.574,86 ; 400.812,15 ; 430.673,13 ; 430.673,13 ; 459.384,67 ; 469.414,59 ; 470.349,55 ; 470.349,55 ; 470.349,55 ; 868.921,17 ; 5.792.807,78 
CE;PARAIPABA;2310258; 244.525,93 ; 268.978,53 ; 293.431,12 ; 317.883,71 ; 341.058,85 ; 366.469,56 ; 366.469,56 ; 390.900,86 ; 399.450,93 ; 400.233,19 ; 400.233,19 ; 400.233,19 ; 739.388,58 ; 4.929.257,20 
CE;PARAMBU;2310308; 92.761,49 ; 102.037,63 ; 111.313,78 ; 120.589,93 ; 129.344,21 ; 139.011,77 ; 139.011,77 ; 148.279,23 ; 151.862,69 ; 151.864,78 ; 151.864,78 ; 151.864,78 ; 280.554,15 ; 1.870.360,99 
CE;PARAMOTI;2310407; 72.963,00 ; 80.259,30 ; 87.555,60 ; 94.851,90 ; 101.766,41 ; 109.349,07 ; 109.349,07 ; 116.639,01 ; 119.195,64 ; 119.424,36 ; 119.424,36 ; 119.424,36 ; 220.623,90 ; 1.470.825,98 
CE;PEDRA BRANCA;2310506; 258.618,23 ; 284.480,05 ; 310.341,87 ; 336.203,70 ; 360.723,83 ; 387.591,94 ; 387.591,94 ; 413.431,40 ; 422.388,73 ; 423.290,17 ; 423.290,17 ; 423.290,17 ; 781.983,92 ; 5.213.226,12 
CE;PENAFORTE;2310605; 29.274,68 ; 32.202,15 ; 35.129,62 ; 38.057,08 ; 40.819,92 ; 43.870,85 ; 43.870,85 ; 46.795,58 ; 47.926,51 ; 47.927,14 ; 47.927,14 ; 47.927,14 ; 88.540,35 ; 590.269,01 
CE;PENTECOSTE;2310704; 226.654,52 ; 249.319,97 ; 271.985,42 ; 294.650,87 ; 316.132,99 ; 339.685,96 ; 339.685,96 ; 362.331,69 ; 370.250,11 ; 370.981,05 ; 370.981,05 ; 370.981,05 ; 685.348,35 ; 4.568.988,99 
CE;PEREIRO;2310803; 154.657,70 ; 170.123,47 ; 185.589,24 ; 201.055,01 ; 215.714,53 ; 231.785,00 ; 231.785,00 ; 247.237,33 ; 252.629,24 ; 253.137,74 ; 253.137,74 ; 253.137,74 ; 467.645,26 ; 3.117.635,00 
CE;PINDORETAMA;2310852; 155.547,98 ; 171.102,78 ; 186.657,58 ; 202.212,37 ; 216.952,02 ; 233.118,20 ; 233.118,20 ; 248.659,42 ; 254.121,26 ; 254.598,96 ; 254.598,96 ; 254.598,96 ; 470.344,72 ; 3.135.631,41 
CE;PIQUET CARNEIRO;2310902; 103.056,87 ; 113.362,56 ; 123.668,25 ; 133.973,93 ; 143.744,16 ; 154.451,46 ; 154.451,46 ; 164.748,22 ; 168.324,73 ; 168.677,79 ; 168.677,79 ; 168.677,79 ; 311.614,42 ; 2.077.429,43 
CE;PIRES FERREIRA;2310951; 72.537,76 ; 79.791,54 ; 87.045,31 ; 94.299,09 ; 101.177,71 ; 108.712,86 ; 108.712,86 ; 115.960,39 ; 118.461,77 ; 118.724,13 ; 118.724,13 ; 118.724,13 ; 219.330,30 ; 1.462.201,98 
CE;PORANGA;2311009; 113.020,14 ; 124.322,15 ; 135.624,17 ; 146.926,18 ; 157.637,28 ; 169.382,50 ; 169.382,50 ; 180.674,66 ; 184.630,57 ; 184.988,62 ; 184.988,62 ; 184.988,62 ; 341.746,95 ; 2.278.312,96 
CE;PORTEIRAS;2311108; 147.742,24 ; 162.516,46 ; 177.290,69 ; 192.064,91 ; 206.066,08 ; 221.420,11 ; 221.420,11 ; 236.181,45 ; 241.358,53 ; 241.821,51 ; 241.821,51 ; 241.821,51 ; 446.739,73 ; 2.978.264,84 
CE;POTENGI;2311207; 29.878,82 ; 32.866,71 ; 35.854,59 ; 38.842,47 ; 41.662,33 ; 44.776,22 ; 44.776,22 ; 47.761,30 ; 48.915,55 ; 48.916,22 ; 48.916,22 ; 48.916,22 ; 90.367,56 ; 602.450,43 
CE;POTIRETAMA;2311231; 61.139,04 ; 67.252,94 ; 73.366,84 ; 79.480,75 ; 85.274,98 ; 91.628,66 ; 91.628,66 ; 97.737,24 ; 99.876,81 ; 100.070,84 ; 100.070,84 ; 100.070,84 ; 184.870,32 ; 1.232.468,76 
CE;QUITERIANOPOLIS;2311264; 177.505,90 ; 195.256,49 ; 213.007,08 ; 230.757,67 ; 247.580,37 ; 266.026,89 ; 266.026,89 ; 283.762,02 ; 289.974,00 ; 290.537,24 ; 290.537,24 ; 290.537,24 ; 536.736,89 ; 3.578.245,92 
CE;QUIXADA;2311306; 437.579,16 ; 481.337,07 ; 525.094,99 ; 568.852,90 ; 610.313,54 ; 655.794,43 ; 655.794,43 ; 699.514,05 ; 714.918,22 ; 716.228,10 ; 716.228,10 ; 716.228,10 ; 1.323.155,84 ; 8.821.038,93 
CE;REDENCAO;2311603; 176.300,22 ; 193.930,24 ; 211.560,26 ; 229.190,28 ; 245.895,89 ; 264.219,24 ; 264.219,24 ; 281.833,85 ; 288.029,18 ; 288.566,46 ; 288.566,46 ; 288.566,46 ; 533.096,09 ; 3.553.973,87 
CE;RERIUTABA;2311702; 130.189,75 ; 143.208,72 ; 156.227,70 ; 169.246,67 ; 181.585,92 ; 195.114,71 ; 195.114,71 ; 208.122,35 ; 212.670,62 ; 213.090,52 ; 213.090,52 ; 213.090,52 ; 393.662,25 ; 2.624.414,96 
CE;SANTA QUITERIA;2312205; 246.192,87 ; 270.812,16 ; 295.431,45 ; 320.050,73 ; 343.382,27 ; 368.967,39 ; 368.967,39 ; 393.565,21 ; 402.188,24 ; 402.963,12 ; 402.963,12 ; 402.963,12 ; 744.431,84 ; 4.962.878,91 
CE;SANTANA DO ACARAU;2312007; 162.966,23 ; 179.262,86 ; 195.559,48 ; 211.856,10 ; 227.300,62 ; 244.236,33 ; 244.236,33 ; 260.518,75 ; 266.223,91 ; 266.739,28 ; 266.739,28 ; 266.739,28 ; 492.772,67 ; 3.285.151,12 
CE;SANTANA DO CARIRI;2312106; 108.552,66 ; 119.407,93 ; 130.263,19 ; 141.118,46 ; 151.405,27 ; 162.686,89 ; 162.686,89 ; 173.532,68 ; 177.340,62 ; 177.677,23 ; 177.677,23 ; 177.677,23 ; 328.239,94 ; 2.188.266,22 
CE;SAO BENEDITO;2312304; 384.876,95 ; 423.364,64 ; 461.852,34 ; 500.340,03 ; 536.833,11 ; 576.816,78 ; 576.816,78 ; 615.271,23 ; 628.582,90 ; 629.940,61 ; 629.940,61 ; 629.940,61 ; 1.163.748,81 ; 7.758.325,40 
CE;SAO JOAO DO JAGUARIBE;2312502; 16.381,42 ; 18.019,56 ; 19.657,70 ; 21.295,85 ; 22.841,91 ; 24.549,09 ; 24.549,09 ; 26.185,70 ; 26.818,52 ; 26.818,90 ; 26.818,90 ; 26.818,90 ; 49.545,09 ; 330.300,63 
CE;SAO LUIS DO CURU;2312601; 71.602,76 ; 78.763,04 ; 85.923,31 ; 93.083,59 ; 99.867,96 ; 107.310,17 ; 107.310,17 ; 114.464,18 ; 116.984,50 ; 117.199,12 ; 117.199,12 ; 117.199,12 ; 216.513,01 ; 1.443.420,05 
CE;SENADOR POMPEU;2312700; 112.733,57 ; 124.006,93 ; 135.280,28 ; 146.553,64 ; 157.240,09 ; 168.953,64 ; 168.953,64 ; 180.217,21 ; 184.140,33 ; 184.517,20 ; 184.517,20 ; 184.517,20 ; 340.876,05 ; 2.272.506,98 
CE;SENADOR SA;2312809; 67.879,47 ; 74.667,42 ; 81.455,37 ; 88.243,31 ; 94.676,89 ; 101.730,64 ; 101.730,64 ; 108.512,68 ; 110.883,28 ; 111.102,91 ; 111.102,91 ; 111.102,91 ; 205.250,91 ; 1.368.339,34 
CE;SOBRAL;2312908; 1.403.198,42 ; 1.543.518,26 ; 1.683.838,10 ; 1.824.157,94 ; 1.957.216,45 ; 2.102.982,31 ; 2.102.982,31 ; 2.243.181,13 ; 2.291.616,65 ; 2.296.650,41 ; 2.296.650,41 ; 2.296.650,41 ; 4.242.819,32 ; 28.285.462,12 
CE;SOLONOPOLE;2313005; 105.237,73 ; 115.761,50 ; 126.285,27 ; 136.809,04 ; 146.782,48 ; 157.719,02 ; 157.719,02 ; 168.233,63 ; 171.917,98 ; 172.250,64 ; 172.250,64 ; 172.250,64 ; 318.214,88 ; 2.121.432,47 
CE;TABULEIRO DO NORTE;2313104; 67.245,91 ; 73.970,50 ; 80.695,09 ; 87.419,68 ; 93.765,97 ; 100.774,30 ; 100.774,30 ; 107.492,58 ; 110.090,34 ; 110.091,87 ; 110.091,87 ; 110.091,87 ; 203.383,11 ; 1.355.887,39 
CE;TAMBORIL;2313203; 196.612,21 ; 216.273,43 ; 235.934,65 ; 255.595,87 ; 274.240,87 ; 294.664,27 ; 294.664,27 ; 314.308,55 ; 321.083,65 ; 321.798,98 ; 321.798,98 ; 321.798,98 ; 594.489,66 ; 3.963.264,37 
CE;TAUA;2313302; 372.851,00 ; 410.136,10 ; 447.421,20 ; 484.706,30 ; 520.036,98 ; 558.787,91 ; 558.787,91 ; 596.040,43 ; 609.138,16 ; 610.278,38 ; 610.278,38 ; 610.278,38 ; 1.127.424,91 ; 7.516.166,04 
CE;TEJUCUOCA;2313351; 157.354,29 ; 173.089,72 ; 188.825,15 ; 204.560,58 ; 219.470,54 ; 235.825,08 ; 235.825,08 ; 251.546,75 ; 257.079,97 ; 257.556,34 ; 257.556,34 ; 257.556,34 ; 475.808,15 ; 3.172.054,33 
CE;TIANGUA;2313401; 571.215,85 ; 628.337,44 ; 685.459,02 ; 742.580,61 ; 796.710,52 ; 856.075,88 ; 856.075,88 ; 913.147,60 ; 933.190,63 ; 934.957,37 ; 934.957,37 ; 934.957,37 ; 1.727.235,10 ; 11.514.900,64 
CE;TRAIRI;2313500; 410.229,37 ; 451.252,31 ; 492.275,24 ; 533.298,18 ; 572.172,47 ; 614.806,91 ; 614.806,91 ; 655.794,04 ; 670.189,16 ; 671.457,25 ; 671.457,25 ; 671.457,25 ; 1.240.446,42 ; 8.269.642,76 
CE;UBAJARA;2313609; 244.777,57 ; 269.255,33 ; 293.733,08 ; 318.210,84 ; 341.412,56 ; 366.847,35 ; 366.847,35 ; 391.303,84 ; 399.838,21 ; 400.642,52 ; 400.642,52 ; 400.642,52 ; 740.144,77 ; 4.934.298,46 
CE;UMARI;2313708; 37.078,49 ; 40.786,34 ; 44.494,19 ; 48.202,04 ; 51.715,68 ; 55.569,16 ; 55.569,16 ; 59.273,77 ; 60.575,78 ; 60.689,62 ; 60.689,62 ; 60.689,62 ; 112.117,67 ; 747.451,14 
CE;UMIRIM;2313757; 65.482,05 ; 72.030,26 ; 78.578,46 ; 85.126,67 ; 91.306,44 ; 98.130,99 ; 98.130,99 ; 104.673,06 ; 107.202,71 ; 107.204,16 ; 107.204,16 ; 107.204,16 ; 198.048,38 ; 1.320.322,49 
CE;URUBURETAMA;2313807; 154.667,42 ; 170.134,16 ; 185.600,90 ; 201.067,64 ; 215.723,31 ; 231.798,38 ; 231.798,38 ; 247.251,61 ; 252.687,23 ; 253.158,16 ; 253.158,16 ; 253.158,16 ; 467.682,98 ; 3.117.886,49 
CE;VARJOTA;2313955; 143.416,63 ; 157.758,29 ; 172.099,95 ; 186.441,62 ; 200.033,49 ; 214.937,52 ; 214.937,52 ; 229.266,69 ; 234.286,10 ; 234.740,80 ; 234.740,80 ; 234.740,80 ; 433.658,87 ; 2.891.059,08 
CE;VARZEA ALEGRE;2314003; 247.999,07 ; 272.798,97 ; 297.598,88 ; 322.398,78 ; 345.899,68 ; 371.673,85 ; 371.673,85 ; 396.452,11 ; 405.155,19 ; 405.921,20 ; 405.921,20 ; 405.921,20 ; 749.896,59 ; 4.999.310,57 
ES;AFONSO CLAUDIO;3200102; 138.088,21 ; 151.897,03 ; 165.705,85 ; 179.514,67 ; 192.602,44 ; 206.952,07 ; 206.952,07 ; 220.748,88 ; 225.573,86 ; 226.018,56 ; 226.018,56 ; 226.018,56 ; 417.545,44 ; 2.783.636,20 
ES;AGUA DOCE DO NORTE;3200169; 58.351,18 ; 64.186,29 ; 70.021,41 ; 75.856,53 ; 81.386,84 ; 87.450,58 ; 87.450,58 ; 93.280,61 ; 95.320,21 ; 95.507,49 ; 95.507,49 ; 95.507,49 ; 176.440,01 ; 1.176.266,71 
ES;AGUIA BRANCA;3200136; 53.292,28 ; 58.621,50 ; 63.950,73 ; 69.279,96 ; 74.330,68 ; 79.868,80 ; 79.868,80 ; 85.193,39 ; 87.057,17 ; 87.227,34 ; 87.227,34 ; 87.227,34 ; 161.143,30 ; 1.074.288,63 
ES;ALEGRE;3200201; 87.441,39 ; 96.185,53 ; 104.929,67 ; 113.673,81 ; 121.960,10 ; 131.047,64 ; 131.047,64 ; 139.784,15 ; 142.850,68 ; 143.122,56 ; 143.122,56 ; 143.122,56 ; 264.403,82 ; 1.762.692,11 
ES;ALTO RIO NOVO;3200359; 34.081,14 ; 37.489,25 ; 40.897,37 ; 44.305,48 ; 47.535,70 ; 51.077,21 ; 51.077,21 ; 54.482,36 ; 55.673,48 ; 55.783,00 ; 55.783,00 ; 55.783,00 ; 103.053,21 ; 687.021,41 
ES;ANCHIETA;3200409; 230.452,71 ; 253.497,98 ; 276.543,25 ; 299.588,52 ; 298.598,56 ; 339.670,27 ; 339.670,27 ; 362.314,95 ; 370.223,41 ; 370.962,64 ; 370.962,64 ; 370.962,64 ; 685.314,33 ; 4.568.762,17 
ES;BOM JESUS DO NORTE;3201100; 41.141,45 ; 45.255,60 ; 49.369,74 ; 53.483,89 ; 57.382,69 ; 61.658,33 ; 61.658,33 ; 65.768,88 ; 67.211,96 ; 67.339,65 ; 67.339,65 ; 67.339,65 ; 124.402,90 ; 829.352,72 
ES;BREJETUBA;3201159; 32.525,06 ; 35.777,57 ; 39.030,08 ; 42.282,58 ; 45.352,22 ; 48.741,86 ; 48.741,86 ; 51.991,31 ; 53.247,77 ; 53.248,52 ; 53.248,52 ; 53.248,52 ; 98.371,03 ; 655.806,90 
ES;CACHOEIRO DE ITAPEMIRIM;3201209; 879.780,33 ; 967.758,36 ; 1.055.736,40 ; 1.143.714,43 ; 1.227.090,26 ; 1.318.519,96 ; 1.318.519,96 ; 1.406.421,29 ; 1.437.241,19 ; 1.440.005,78 ; 1.440.005,78 ; 1.440.005,78 ; 2.660.258,74 ; 17.735.058,26 
ES;CASTELO;3201407; 179.470,25 ; 197.417,27 ; 215.364,29 ; 233.311,32 ; 250.320,03 ; 268.970,80 ; 268.970,80 ; 286.902,18 ; 293.184,31 ; 293.752,57 ; 293.752,57 ; 293.752,57 ; 542.676,88 ; 3.617.845,84 
ES;CONCEICAO DO CASTELO;3201704; 57.589,64 ; 63.348,61 ; 69.107,57 ; 74.866,54 ; 80.325,49 ; 86.309,48 ; 86.309,48 ; 92.063,45 ; 94.068,86 ; 94.260,25 ; 94.260,25 ; 94.260,25 ; 174.135,86 ; 1.160.905,73 
ES;DIVINO DE SAO LOURENCO;3201803; 16.975,11 ; 18.672,62 ; 20.370,13 ; 22.067,64 ; 23.676,73 ; 25.440,54 ; 25.440,54 ; 27.136,58 ; 27.728,42 ; 27.784,20 ; 27.784,20 ; 27.784,20 ; 51.328,39 ; 342.189,30 
ES;DORES DO RIO PRETO;3202009; 33.815,69 ; 37.197,25 ; 40.578,82 ; 43.960,39 ; 47.165,47 ; 50.679,39 ; 50.679,39 ; 54.058,01 ; 55.239,72 ; 55.348,50 ; 55.348,50 ; 55.348,50 ; 102.250,52 ; 681.670,15 
ES;ECOPORANGA;3202108; 77.438,49 ; 85.182,33 ; 92.926,18 ; 100.670,03 ; 108.009,65 ; 116.056,69 ; 116.056,69 ; 123.793,80 ; 126.498,14 ; 126.748,79 ; 126.748,79 ; 126.748,79 ; 234.155,01 ; 1.561.033,38 
ES;GOVERNADOR LINDENBERG;3202256; 52.815,32 ; 58.096,85 ; 63.378,39 ; 68.659,92 ; 73.666,38 ; 79.154,24 ; 79.154,24 ; 84.431,19 ; 86.269,51 ; 86.445,76 ; 86.445,76 ; 86.445,76 ; 159.699,42 ; 1.064.662,74 
ES;GUARAPARI;3202405; 769.574,00 ; 846.531,40 ; 923.488,80 ; 1.000.446,20 ; 1.073.379,62 ; 1.153.355,02 ; 1.153.355,02 ; 1.230.245,36 ; 1.257.188,55 ; 1.259.620,72 ; 1.259.620,72 ; 1.259.620,72 ; 2.327.016,38 ; 15.513.442,51 
ES;ICONHA;3202603; 59.214,24 ; 65.135,66 ; 71.057,08 ; 76.978,51 ; 82.591,10 ; 88.744,16 ; 88.744,16 ; 94.660,43 ; 96.725,93 ; 96.919,69 ; 96.919,69 ; 96.919,69 ; 179.048,89 ; 1.193.659,23 
ES;ITAGUACU;3202702; 51.377,41 ; 56.515,15 ; 61.652,89 ; 66.790,63 ; 71.660,50 ; 76.999,16 ; 76.999,16 ; 82.132,44 ; 83.923,70 ; 84.092,56 ; 84.092,56 ; 84.092,56 ; 155.352,13 ; 1.035.680,85 
ES;ITAPEMIRIM;3202801; 129.468,59 ; 142.415,45 ; 155.362,31 ; 168.309,17 ; 180.527,67 ; 194.020,81 ; 194.020,81 ; 206.955,53 ; 211.957,02 ; 211.959,94 ; 211.959,94 ; 211.959,94 ; 391.573,63 ; 2.610.490,81 
ES;ITARANA;3202900; 45.760,03 ; 50.336,03 ; 54.912,03 ; 59.488,04 ; 63.826,51 ; 68.580,67 ; 68.580,67 ; 73.152,71 ; 74.738,51 ; 74.897,25 ; 74.897,25 ; 74.897,25 ; 138.364,76 ; 922.431,71 
ES;IUNA;3203007; 113.398,37 ; 124.738,21 ; 136.078,05 ; 147.417,88 ; 158.164,60 ; 169.949,29 ; 169.949,29 ; 181.279,24 ; 185.250,70 ; 185.607,94 ; 185.607,94 ; 185.607,94 ; 342.891,09 ; 2.285.940,54 
ES;JAGUARE;3203056; 206.646,26 ; 227.310,89 ; 247.975,52 ; 268.640,14 ; 288.223,79 ; 309.699,16 ; 309.699,16 ; 330.345,77 ; 337.584,50 ; 338.234,18 ; 338.234,18 ; 338.234,18 ; 624.851,96 ; 4.165.679,69 
ES;JERONIMO MONTEIRO;3203106; 51.418,40 ; 56.560,24 ; 61.702,08 ; 66.843,92 ; 71.717,12 ; 77.060,46 ; 77.060,46 ; 82.197,82 ; 83.995,28 ; 84.160,14 ; 84.160,14 ; 84.160,14 ; 155.476,98 ; 1.036.513,18 
ES;LINHARES;3203205; 962.918,08 ; 1.059.209,89 ; 1.155.501,70 ; 1.251.793,51 ; 1.343.051,87 ; 1.443.118,78 ; 1.443.118,78 ; 1.539.326,70 ; 1.573.025,58 ; 1.576.080,41 ; 1.576.080,41 ; 1.576.080,41 ; 2.911.642,26 ; 19.410.948,38 
ES;MANTENOPOLIS;3203304; 61.621,63 ; 67.783,79 ; 73.945,96 ; 80.108,12 ; 85.949,99 ; 92.352,39 ; 92.352,39 ; 98.509,21 ; 100.648,56 ; 100.858,96 ; 100.858,96 ; 100.858,96 ; 186.326,29 ; 1.242.175,21 
ES;MONTANHA;3203502; 51.674,24 ; 56.841,67 ; 62.009,09 ; 67.176,51 ; 61.439,53 ; 74.785,27 ; 74.785,27 ; 79.770,95 ; 81.698,77 ; 81.699,90 ; 81.699,90 ; 81.699,90 ; 150.931,95 ; 1.006.212,95 
ES;MUNIZ FREIRE;3203700; 93.461,12 ; 102.807,23 ; 112.153,34 ; 121.499,45 ; 130.357,41 ; 140.069,66 ; 140.069,66 ; 149.407,64 ; 152.674,20 ; 152.974,39 ; 152.974,39 ; 152.974,39 ; 282.604,04 ; 1.884.026,92 
ES;NOVA VENECIA;3203908; 276.291,44 ; 303.920,58 ; 331.549,72 ; 359.178,86 ; 385.366,90 ; 414.076,88 ; 414.076,88 ; 441.682,01 ; 451.322,30 ; 452.223,94 ; 452.223,94 ; 452.223,94 ; 835.436,02 ; 5.569.573,41 
ES;PEDRO CANARIO;3204054; 102.922,38 ; 113.214,62 ; 123.506,85 ; 133.799,09 ; 143.553,21 ; 154.249,04 ; 154.249,04 ; 164.532,31 ; 168.135,05 ; 168.460,88 ; 168.460,88 ; 168.460,88 ; 311.213,69 ; 2.074.757,92 
ES;PINHEIROS;3204104; 133.318,48 ; 146.650,33 ; 159.982,17 ; 173.314,02 ; 172.913,04 ; 196.544,52 ; 196.544,52 ; 209.647,49 ; 214.244,43 ; 214.654,12 ; 214.654,12 ; 214.654,12 ; 396.550,83 ; 2.643.672,19 
ES;PIUMA;3204203; 160.474,72 ; 176.522,19 ; 192.569,66 ; 208.617,13 ; 223.827,09 ; 240.502,72 ; 240.502,72 ; 256.536,23 ; 262.139,63 ; 262.659,72 ; 262.659,72 ; 262.659,72 ; 485.236,11 ; 3.234.907,36 
ES;PONTO BELO;3204252; 33.544,92 ; 36.899,41 ; 40.253,90 ; 43.608,39 ; 46.787,38 ; 50.273,48 ; 50.273,48 ; 53.625,04 ; 54.801,24 ; 54.905,72 ; 54.905,72 ; 54.905,72 ; 101.432,53 ; 676.216,93 
ES;RIO NOVO DO SUL;3204401; 49.641,45 ; 54.605,59 ; 59.569,74 ; 64.533,88 ; 52.406,34 ; 70.189,27 ; 70.189,27 ; 74.868,56 ; 76.504,44 ; 76.655,73 ; 76.655,73 ; 76.655,73 ; 141.613,37 ; 944.089,10 
ES;SANTA LEOPOLDINA;3204500; 49.696,62 ; 54.666,29 ; 59.635,95 ; 64.605,61 ; 69.314,66 ; 74.479,80 ; 74.479,80 ; 79.445,12 ; 81.191,33 ; 81.342,93 ; 81.342,93 ; 81.342,93 ; 150.272,47 ; 1.001.816,44 
ES;SANTA MARIA DE JETIBA;3204559; 162.931,99 ; 179.225,18 ; 195.518,38 ; 211.811,58 ; 201.573,71 ; 237.765,22 ; 237.765,22 ; 253.616,24 ; 259.153,41 ; 259.669,70 ; 259.669,70 ; 259.669,70 ; 479.712,36 ; 3.198.082,39 
ES;SANTA TERESA;3204609; 109.136,54 ; 120.050,19 ; 130.963,85 ; 141.877,50 ; 152.222,53 ; 163.562,66 ; 163.562,66 ; 174.466,84 ; 178.268,92 ; 178.630,17 ; 178.630,17 ; 178.630,17 ; 330.000,39 ; 2.200.002,59 
ES;SAO DOMINGOS DO NORTE;3204658; 50.155,05 ; 55.170,55 ; 60.186,05 ; 65.201,56 ; 69.954,77 ; 75.167,01 ; 75.167,01 ; 80.178,14 ; 81.933,97 ; 82.092,59 ; 82.092,59 ; 82.092,59 ; 151.657,40 ; 1.011.049,28 
ES;SAO GABRIEL DA PALHA;3204708; 76.836,38 ; 84.520,01 ; 92.203,65 ; 99.887,29 ; 94.110,06 ; 111.889,36 ; 111.889,36 ; 119.348,66 ; 122.232,95 ; 122.234,64 ; 122.234,64 ; 122.234,64 ; 225.815,59 ; 1.505.437,23 
ES;SAO ROQUE DO CANAA;3204955; 58.018,20 ; 63.820,02 ; 69.621,84 ; 75.423,66 ; 80.923,77 ; 86.951,88 ; 86.951,88 ; 92.748,67 ; 94.764,31 ; 94.961,21 ; 94.961,21 ; 94.961,21 ; 175.430,80 ; 1.169.538,66 
ES;VENDA NOVA DO IMIGRANTE;3205069; 116.306,17 ; 127.936,79 ; 139.567,41 ; 151.198,02 ; 162.220,13 ; 174.307,14 ; 174.307,14 ; 185.927,61 ; 190.002,70 ; 190.367,55 ; 190.367,55 ; 190.367,55 ; 351.683,96 ; 2.344.559,72 
ES;VILA PAVAO;3205150; 24.730,03 ; 27.203,03 ; 29.676,03 ; 32.149,04 ; 34.482,99 ; 37.060,27 ; 37.060,27 ; 39.530,95 ; 40.486,30 ; 40.486,85 ; 40.486,85 ; 40.486,85 ; 74.795,19 ; 498.634,65 
ES;VITORIA;3205309; 1.430.235,32 ; 1.573.258,85 ; 1.716.282,38 ; 1.859.305,92 ; 1.994.850,32 ; 2.143.483,21 ; 2.143.483,21 ; 2.286.382,10 ; 2.336.462,23 ; 2.340.976,44 ; 2.340.976,44 ; 2.340.976,44 ; 4.324.706,98 ; 28.831.379,84 
GO;ABADIA DE GOIAS;5200050; 121.495,29 ; 133.644,81 ; 145.794,34 ; 157.943,87 ; 169.457,40 ; 182.083,93 ; 182.083,93 ; 194.222,86 ; 198.482,91 ; 198.861,31 ; 198.861,31 ; 198.861,31 ; 367.375,29 ; 2.449.168,56 
GO;AGUA LIMPA;5200209; 3.975,85 ; 4.373,44 ; 4.771,03 ; 5.168,61 ; 5.543,88 ; 5.958,19 ; 5.958,19 ; 6.355,41 ; 6.509,00 ; 6.509,09 ; 6.509,09 ; 6.509,09 ; 12.024,86 ; 80.165,73 
GO;ALEXANIA;5200308; 122.587,43 ; 134.846,17 ; 147.104,92 ; 159.363,66 ; 170.979,55 ; 183.720,45 ; 183.720,45 ; 195.968,48 ; 200.276,77 ; 200.649,95 ; 200.649,95 ; 200.649,95 ; 370.679,61 ; 2.471.197,34 
GO;ALOANDIA;5200506; 2.058,07 ; 2.263,88 ; 2.469,69 ; 2.675,50 ; 2.869,78 ; 3.084,22 ; 3.084,22 ; 3.289,84 ; 3.369,36 ; 3.369,39 ; 3.369,39 ; 3.369,39 ; 6.224,59 ; 41.497,32 
GO;ALTO PARAISO DE GOIAS;5200605; 39.651,61 ; 43.616,77 ; 47.581,93 ; 51.547,09 ; 55.304,99 ; 59.425,58 ; 59.425,58 ; 63.387,29 ; 64.775,58 ; 64.900,83 ; 64.900,83 ; 64.900,83 ; 119.897,45 ; 799.316,36 
GO;AMARALINA;5200829; 10.298,22 ; 11.328,04 ; 12.357,86 ; 13.387,68 ; 14.363,74 ; 15.433,87 ; 15.433,87 ; 16.462,80 ; 16.823,11 ; 16.855,86 ; 16.855,86 ; 16.855,86 ; 31.139,42 ; 207.596,19 
GO;ANHANGUERA;5201207; 1.796,42 ; 1.976,07 ; 2.155,71 ; 2.335,35 ; 2.504,94 ; 2.692,11 ; 2.692,11 ; 2.871,59 ; 2.941,01 ; 2.941,02 ; 2.941,02 ; 2.941,02 ; 5.433,23 ; 36.221,60 
GO;ANICUNS;5201306; 57.342,69 ; 63.076,96 ; 68.811,23 ; 74.545,50 ; 79.982,25 ; 85.939,66 ; 85.939,66 ; 91.668,97 ; 93.655,04 ; 93.854,93 ; 93.854,93 ; 93.854,93 ; 173.387,08 ; 1.155.913,83 
GO;APARECIDA DE GOIANIA;5201405; 1.732.530,28 ; 1.905.783,30 ; 2.079.036,33 ; 2.252.289,36 ; 2.413.932,97 ; 2.595.893,08 ; 2.595.893,08 ; 2.768.952,62 ; 2.829.554,58 ; 2.835.063,34 ; 2.835.063,34 ; 2.835.063,34 ; 5.237.480,41 ; 34.916.536,03 
GO;APARECIDA DO RIO DOCE;5201454; 9.842,89 ; 10.827,18 ; 11.811,47 ; 12.795,76 ; 13.732,55 ; 14.752,45 ; 14.752,45 ; 15.735,94 ; 16.045,05 ; 16.106,92 ; 16.106,92 ; 16.106,92 ; 29.755,85 ; 198.372,35 
GO;ARACU;5201603; 5.533,76 ; 6.087,13 ; 6.640,51 ; 7.193,88 ; 7.716,20 ; 8.292,85 ; 8.292,85 ; 8.845,71 ; 9.059,48 ; 9.059,61 ; 9.059,61 ; 9.059,61 ; 16.736,68 ; 111.577,88 
GO;ARAGARCAS;5201702; 37.840,85 ; 41.624,94 ; 45.409,03 ; 49.193,11 ; 47.052,05 ; 55.279,98 ; 55.279,98 ; 58.965,31 ; 60.390,31 ; 60.391,16 ; 60.391,16 ; 60.391,16 ; 111.566,29 ; 743.775,33 
GO;ARAGOIANIA;5201801; 50.130,64 ; 55.143,70 ; 60.156,77 ; 65.169,83 ; 69.921,90 ; 75.130,72 ; 75.130,72 ; 80.139,44 ; 81.883,77 ; 82.051,54 ; 82.051,54 ; 82.051,54 ; 151.581,56 ; 1.010.543,67 
GO;ARUANA;5202502; 18.514,67 ; 20.366,14 ; 22.217,60 ; 24.069,07 ; 25.816,46 ; 27.745,97 ; 27.745,97 ; 29.595,70 ; 30.310,94 ; 30.311,36 ; 30.311,36 ; 30.311,36 ; 55.997,04 ; 373.313,64 
GO;AVELINOPOLIS;5202809; 7.627,92 ; 8.390,71 ; 9.153,50 ; 9.916,30 ; 10.636,27 ; 11.431,15 ; 11.431,15 ; 12.193,23 ; 12.487,88 ; 12.488,08 ; 12.488,08 ; 12.488,08 ; 23.070,41 ; 153.802,76 
GO;BONFINOPOLIS;5203559; 44.769,84 ; 49.246,83 ; 53.723,81 ; 58.200,79 ; 62.445,25 ; 67.096,64 ; 67.096,64 ; 71.569,75 ; 73.122,43 ; 73.276,70 ; 73.276,70 ; 73.276,70 ; 135.370,96 ; 902.473,04 
GO;BRITANIA;5203807; 30.935,36 ; 34.028,90 ; 37.122,44 ; 40.215,97 ; 43.148,99 ; 46.362,90 ; 46.362,90 ; 49.453,76 ; 50.526,11 ; 50.633,17 ; 50.633,17 ; 50.633,17 ; 93.539,44 ; 623.596,28 
GO;BURITI DE GOIAS;5203939; 14.486,18 ; 15.934,80 ; 17.383,42 ; 18.832,04 ; 20.205,42 ; 21.710,46 ; 21.710,46 ; 23.157,82 ; 23.660,87 ; 23.710,22 ; 23.710,22 ; 23.710,22 ; 43.802,14 ; 292.014,27 
GO;CABECEIRAS;5204003; 30.818,10 ; 33.899,91 ; 36.981,72 ; 40.063,53 ; 42.984,65 ; 46.186,96 ; 46.186,96 ; 49.266,09 ; 50.341,66 ; 50.442,00 ; 50.442,00 ; 50.442,00 ; 93.186,27 ; 621.241,85 
GO;CACHOEIRA DOURADA;5204250; 30.571,80 ; 33.628,98 ; 36.686,16 ; 39.743,35 ; 42.641,11 ; 45.817,83 ; 45.817,83 ; 48.872,35 ; 49.939,48 ; 50.038,89 ; 50.038,89 ; 50.038,89 ; 92.441,57 ; 616.277,13 
GO;CACU;5204300; 57.422,93 ; 63.165,23 ; 68.907,52 ; 74.649,81 ; 69.735,79 ; 83.470,33 ; 83.470,33 ; 89.035,02 ; 90.984,02 ; 91.160,84 ; 91.160,84 ; 91.160,84 ; 168.410,04 ; 1.122.733,54 
GO;CALDAS NOVAS;5204508; 388.729,97 ; 427.602,97 ; 466.475,97 ; 505.348,97 ; 542.188,75 ; 582.586,67 ; 582.586,67 ; 621.425,78 ; 635.040,84 ; 636.264,70 ; 636.264,70 ; 636.264,70 ; 1.175.431,89 ; 7.836.212,58 
GO;CALDAZINHA;5204557; 19.412,01 ; 21.353,22 ; 23.294,42 ; 25.235,62 ; 27.076,03 ; 29.092,81 ; 29.092,81 ; 31.032,33 ; 31.706,02 ; 31.772,52 ; 31.772,52 ; 31.772,52 ; 58.696,38 ; 391.309,21 
GO;CAMPESTRE DE GOIAS;5204607; 21.585,72 ; 23.744,29 ; 25.902,86 ; 28.061,44 ; 30.108,08 ; 32.350,58 ; 32.350,58 ; 34.507,29 ; 35.255,07 ; 35.330,18 ; 35.330,18 ; 35.330,18 ; 65.268,78 ; 435.125,23 
GO;CAMPINACU;5204656; 19.151,74 ; 21.066,91 ; 22.982,09 ; 24.897,26 ; 26.712,44 ; 28.702,60 ; 28.702,60 ; 30.616,11 ; 31.285,68 ; 31.347,02 ; 31.347,02 ; 31.347,02 ; 57.910,32 ; 386.068,81 
GO;CAMPINORTE;5204706; 48.197,77 ; 53.017,55 ; 57.837,32 ; 62.657,10 ; 67.225,59 ; 72.233,84 ; 72.233,84 ; 77.049,43 ; 78.729,88 ; 78.888,25 ; 78.888,25 ; 78.888,25 ; 145.737,72 ; 971.584,79 
GO;CAMPO LIMPO DE GOIAS;5204854; 42.738,20 ; 47.012,02 ; 51.285,84 ; 55.559,66 ; 59.611,02 ; 64.051,66 ; 64.051,66 ; 68.321,77 ; 69.809,49 ; 69.951,99 ; 69.951,99 ; 69.951,99 ; 129.228,93 ; 861.526,22 
GO;CARMO DO RIO VERDE;5205000; 28.850,90 ; 31.735,99 ; 34.621,08 ; 37.506,17 ; 40.240,38 ; 43.238,62 ; 43.238,62 ; 46.121,19 ; 47.132,01 ; 47.222,56 ; 47.222,56 ; 47.222,56 ; 87.238,70 ; 581.591,34 
GO;CASTELANDIA;5205059; 14.149,23 ; 15.564,15 ; 16.979,07 ; 18.394,00 ; 19.735,58 ; 21.205,48 ; 21.205,48 ; 22.619,18 ; 23.109,54 ; 23.158,61 ; 23.158,61 ; 23.158,61 ; 42.783,09 ; 285.220,63 
GO;CATALAO;5205109; 323.908,59 ; 356.299,45 ; 388.690,30 ; 421.081,16 ; 451.782,70 ; 485.440,57 ; 485.440,57 ; 517.803,28 ; 529.103,39 ; 530.161,82 ; 530.161,82 ; 530.161,82 ; 979.418,03 ; 6.529.453,50 
GO;CAVALCANTE;5205307; 40.362,58 ; 44.398,83 ; 48.435,09 ; 52.471,35 ; 56.295,46 ; 60.490,81 ; 60.490,81 ; 64.523,53 ; 65.947,42 ; 66.065,65 ; 66.065,65 ; 66.065,65 ; 122.049,32 ; 813.662,15 
GO;CERES;5205406; 32.647,22 ; 35.911,95 ; 39.176,67 ; 42.441,39 ; 41.265,90 ; 47.860,76 ; 47.860,76 ; 51.051,48 ; 52.285,24 ; 52.285,96 ; 52.285,96 ; 52.285,96 ; 96.592,80 ; 643.952,05 
GO;CEZARINA;5205455; 32.550,39 ; 35.805,43 ; 39.060,47 ; 42.315,51 ; 45.400,95 ; 48.783,17 ; 48.783,17 ; 52.035,38 ; 53.170,44 ; 53.277,25 ; 53.277,25 ; 53.277,25 ; 98.424,11 ; 656.160,77 
GO;COCALZINHO DE GOIAS;5205513; 105.436,95 ; 115.980,64 ; 126.524,34 ; 137.068,03 ; 147.063,21 ; 158.018,30 ; 158.018,30 ; 168.552,85 ; 172.218,55 ; 172.574,05 ; 172.574,05 ; 172.574,05 ; 318.812,35 ; 2.125.415,67 
GO;COLINAS DO SUL;5205521; 15.863,83 ; 17.450,21 ; 19.036,59 ; 20.622,98 ; 22.126,27 ; 23.774,96 ; 23.774,96 ; 25.359,96 ; 25.917,09 ; 25.965,72 ; 25.965,72 ; 25.965,72 ; 47.968,94 ; 319.792,95 
GO;CORREGO DO OURO;5205703; 9.302,49 ; 10.232,74 ; 11.162,98 ; 12.093,23 ; 12.975,16 ; 13.941,63 ; 13.941,63 ; 14.871,07 ; 15.194,62 ; 15.225,88 ; 15.225,88 ; 15.225,88 ; 28.128,20 ; 187.521,39 
GO;CORUMBA DE GOIAS;5205802; 12.985,65 ; 14.284,21 ; 15.582,78 ; 16.881,34 ; 18.106,93 ; 19.460,21 ; 19.460,21 ; 20.757,56 ; 21.259,20 ; 21.259,50 ; 21.259,50 ; 21.259,50 ; 39.274,69 ; 261.831,28 
GO;CORUMBAIBA;5205901; 23.026,44 ; 25.329,08 ; 27.631,73 ; 29.934,37 ; 32.125,77 ; 34.511,83 ; 34.511,83 ; 36.812,62 ; 37.535,75 ; 37.680,49 ; 37.680,49 ; 37.680,49 ; 69.610,74 ; 464.071,63 
GO;CRISTIANOPOLIS;5206305; 24.720,47 ; 27.192,52 ; 29.664,56 ; 32.136,61 ; 34.479,13 ; 37.048,31 ; 37.048,31 ; 39.518,20 ; 40.386,64 ; 40.462,20 ; 40.462,20 ; 40.462,20 ; 74.749,64 ; 498.330,99 
GO;CUMARI;5206602; 4.750,93 ; 5.226,03 ; 5.701,12 ; 6.176,21 ; 6.624,63 ; 7.119,72 ; 7.119,72 ; 7.594,37 ; 7.777,90 ; 7.778,01 ; 7.778,01 ; 7.778,01 ; 14.369,05 ; 95.793,71 
GO;DAMIANOPOLIS;5206701; 15.271,12 ; 16.798,24 ; 18.325,35 ; 19.852,46 ; 21.300,04 ; 22.886,78 ; 22.886,78 ; 24.412,57 ; 24.945,07 ; 24.995,20 ; 24.995,20 ; 24.995,20 ; 46.175,99 ; 307.840,00 
GO;DAMOLANDIA;5206800; 13.949,79 ; 15.344,77 ; 16.739,75 ; 18.134,73 ; 19.457,56 ; 20.906,64 ; 20.906,64 ; 22.300,41 ; 22.782,07 ; 22.831,99 ; 22.831,99 ; 22.831,99 ; 42.179,70 ; 281.198,03 
GO;DOVERLANDIA;5207253; 15.440,58 ; 16.984,64 ; 18.528,70 ; 20.072,76 ; 21.530,01 ; 23.139,17 ; 23.139,17 ; 24.681,78 ; 25.278,28 ; 25.278,61 ; 25.278,61 ; 25.278,61 ; 46.699,57 ; 311.330,49 
GO;EDEALINA;5207352; 21.904,82 ; 24.095,30 ; 26.285,79 ; 28.476,27 ; 30.552,69 ; 32.828,70 ; 32.828,70 ; 35.017,29 ; 35.780,45 ; 35.852,91 ; 35.852,91 ; 35.852,91 ; 66.234,48 ; 441.563,22 
GO;ESTRELA DO NORTE;5207501; 18.296,58 ; 20.126,24 ; 21.955,90 ; 23.785,56 ; 25.519,84 ; 27.421,02 ; 27.421,02 ; 29.249,09 ; 29.887,35 ; 29.947,18 ; 29.947,18 ; 29.947,18 ; 55.324,25 ; 368.828,39 
GO;FAINA;5207535; 22.066,25 ; 24.272,88 ; 26.479,51 ; 28.686,13 ; 30.777,08 ; 33.070,45 ; 33.070,45 ; 35.275,14 ; 36.051,11 ; 36.117,89 ; 36.117,89 ; 36.117,89 ; 66.723,99 ; 444.826,66 
GO;FAZENDA NOVA;5207600; 8.524,55 ; 9.377,01 ; 10.229,46 ; 11.081,92 ; 11.886,46 ; 12.774,84 ; 12.774,84 ; 13.626,50 ; 13.955,83 ; 13.956,00 ; 13.956,00 ; 13.956,00 ; 25.782,24 ; 171.881,65 
GO;FLORES DE GOIAS;5207907; 43.847,12 ; 48.231,83 ; 52.616,54 ; 57.001,24 ; 61.156,34 ; 65.713,27 ; 65.713,27 ; 70.094,14 ; 71.632,35 ; 71.768,26 ; 71.768,26 ; 71.768,26 ; 132.584,28 ; 883.895,16 
GO;FORMOSA;5208004; 447.453,98 ; 492.199,38 ; 536.944,78 ; 581.690,18 ; 598.823,00 ; 664.277,84 ; 664.277,84 ; 708.563,03 ; 724.126,18 ; 725.487,90 ; 725.487,90 ; 725.487,90 ; 1.340.262,34 ; 8.935.082,25 
GO;GAMELEIRA DE GOIAS;5208152; 26.603,38 ; 29.263,71 ; 31.924,05 ; 34.584,39 ; 37.105,74 ; 39.870,31 ; 39.870,31 ; 42.528,33 ; 43.459,14 ; 43.543,73 ; 43.543,73 ; 43.543,73 ; 80.442,44 ; 536.282,99 
GO;GOIANAPOLIS;5208400; 57.804,19 ; 63.584,61 ; 69.365,03 ; 75.145,45 ; 80.623,60 ; 86.630,73 ; 86.630,73 ; 92.406,11 ; 94.429,61 ; 94.612,52 ; 94.612,52 ; 94.612,52 ; 174.786,64 ; 1.165.244,26 
GO;GOIANESIA;5208608; 314.366,19 ; 345.802,81 ; 377.239,42 ; 408.676,04 ; 413.825,29 ; 464.977,45 ; 464.977,45 ; 495.975,95 ; 506.755,73 ; 507.807,65 ; 507.807,65 ; 507.807,65 ; 938.121,06 ; 6.254.140,34 
GO;GOIANIA;5208707; 2.028.634,95 ; 2.231.498,45 ; 2.434.361,94 ; 2.637.225,44 ; 2.815.123,40 ; 3.036.711,06 ; 3.036.711,06 ; 3.239.158,46 ; 3.302.786,09 ; 3.315.522,90 ; 3.315.522,90 ; 3.315.522,90 ; 6.125.078,75 ; 40.833.858,30 
GO;GOIANIRA;5208806; 327.464,34 ; 360.210,78 ; 392.957,21 ; 425.703,64 ; 456.742,53 ; 490.769,64 ; 490.769,64 ; 523.487,62 ; 534.908,98 ; 535.981,47 ; 535.981,47 ; 535.981,47 ; 990.169,20 ; 6.601.127,99 
GO;GOIÁS;52; 17.797.856,16 ; 19.577.641,77 ; 21.357.427,39 ; 23.137.213,00 ; 25.477.553,20 ; 26.836.922,89 ; 26.836.922,89 ; 28.626.051,08 ; 29.254.799,13 ; 29.309.817,37 ; 29.309.817,37 ; 29.309.817,37 ; 54.146.795,23 ; 360.978.634,85 
GO;GOIATUBA;5209101; 117.417,32 ; 129.159,05 ; 140.900,78 ; 152.642,51 ; 163.770,98 ; 175.972,67 ; 175.972,67 ; 187.704,19 ; 191.808,24 ; 192.185,21 ; 192.185,21 ; 192.185,21 ; 355.041,89 ; 2.366.945,93 
GO;GOUVELANDIA;5209150; 24.024,01 ; 26.426,41 ; 28.828,82 ; 31.231,22 ; 33.508,43 ; 36.004,70 ; 36.004,70 ; 38.405,01 ; 39.243,02 ; 39.321,63 ; 39.321,63 ; 39.321,63 ; 72.642,56 ; 484.283,77 
GO;GUAPO;5209200; 80.984,80 ; 89.083,28 ; 97.181,75 ; 105.280,23 ; 112.956,07 ; 121.371,55 ; 121.371,55 ; 129.462,98 ; 132.290,41 ; 132.553,20 ; 132.553,20 ; 132.553,20 ; 244.878,05 ; 1.632.520,27 
GO;GUARAITA;5209291; 6.840,71 ; 7.524,79 ; 8.208,86 ; 8.892,93 ; 9.541,46 ; 10.252,18 ; 10.252,18 ; 10.935,66 ; 11.173,52 ; 11.196,55 ; 11.196,55 ; 11.196,55 ; 20.684,45 ; 137.896,39 
GO;GUARANI DE GOIAS;5209408; 15.234,52 ; 16.757,98 ; 18.281,43 ; 19.804,88 ; 21.248,43 ; 22.831,79 ; 22.831,79 ; 24.353,91 ; 24.890,25 ; 24.935,83 ; 24.935,83 ; 24.935,83 ; 46.066,31 ; 307.108,78 
GO;GUARINOS;5209457; 5.383,52 ; 5.921,87 ; 6.460,23 ; 6.998,58 ; 7.508,84 ; 8.068,25 ; 8.068,25 ; 8.606,13 ; 8.794,55 ; 8.811,62 ; 8.811,62 ; 8.811,62 ; 16.278,54 ; 108.523,62 
GO;HEITORAI;5209606; 12.637,62 ; 13.901,38 ; 15.165,14 ; 16.428,91 ; 17.626,73 ; 18.939,92 ; 18.939,92 ; 20.202,58 ; 20.644,64 ; 20.684,92 ; 20.684,92 ; 20.684,92 ; 38.213,22 ; 254.754,82 
GO;HIDROLANDIA;5209705; 72.538,33 ; 79.792,16 ; 87.045,99 ; 94.299,82 ; 101.145,53 ; 108.705,47 ; 108.705,47 ; 115.952,51 ; 118.754,75 ; 118.756,36 ; 118.756,36 ; 118.756,36 ; 219.389,85 ; 1.462.598,96 
GO;INHUMAS;5210000; 173.149,84 ; 190.464,82 ; 207.779,81 ; 225.094,79 ; 241.506,75 ; 259.499,02 ; 259.499,02 ; 276.798,96 ; 282.839,00 ; 283.405,31 ; 283.405,31 ; 283.405,31 ; 523.561,41 ; 3.490.409,35 
GO;IPAMERI;5210109; 110.822,22 ; 121.904,44 ; 132.986,67 ; 144.068,89 ; 144.732,19 ; 163.628,62 ; 163.628,62 ; 174.537,19 ; 178.361,07 ; 178.704,92 ; 178.704,92 ; 178.704,92 ; 330.138,48 ; 2.200.923,15 
GO;IPORA;5210208; 134.369,82 ; 147.806,80 ; 161.243,79 ; 174.680,77 ; 187.419,24 ; 201.380,13 ; 201.380,13 ; 214.805,47 ; 219.471,85 ; 219.929,42 ; 219.929,42 ; 219.929,42 ; 406.296,40 ; 2.708.642,66 
GO;ITAGUARU;5210604; 14.200,55 ; 15.620,61 ; 17.040,66 ; 18.460,72 ; 19.806,88 ; 21.282,34 ; 21.282,34 ; 22.701,16 ; 23.195,72 ; 23.242,87 ; 23.242,87 ; 23.242,87 ; 42.938,75 ; 286.258,34 
GO;ITAPURANGA;5211206; 74.888,35 ; 82.377,18 ; 89.866,01 ; 97.354,85 ; 104.453,36 ; 112.234,94 ; 112.234,94 ; 119.717,27 ; 122.327,39 ; 122.574,27 ; 122.574,27 ; 122.574,27 ; 226.443,02 ; 1.509.620,12 
GO;ITARUMA;5211305; 26.022,62 ; 28.624,89 ; 31.227,15 ; 33.829,41 ; 36.296,64 ; 39.000,16 ; 39.000,16 ; 41.600,18 ; 42.502,34 ; 42.592,30 ; 42.592,30 ; 42.592,30 ; 78.684,78 ; 524.565,23 
GO;ITAUCU;5211404; 29.192,41 ; 32.111,65 ; 35.030,89 ; 37.950,13 ; 40.718,19 ; 43.750,80 ; 43.750,80 ; 46.667,53 ; 47.676,90 ; 47.780,13 ; 47.780,13 ; 47.780,13 ; 88.268,76 ; 588.458,45 
GO;JARAGUA;5211800; 82.193,85 ; 90.413,24 ; 98.632,62 ; 106.852,01 ; 103.508,27 ; 120.400,01 ; 120.400,01 ; 128.426,68 ; 131.530,36 ; 131.532,18 ; 131.532,18 ; 131.532,18 ; 242.991,81 ; 1.619.945,40 
GO;JESUPOLIS;5212055; 9.678,08 ; 10.645,89 ; 11.613,70 ; 12.581,50 ; 13.499,25 ; 14.504,59 ; 14.504,59 ; 15.471,56 ; 15.806,02 ; 15.840,40 ; 15.840,40 ; 15.840,40 ; 29.263,47 ; 195.089,85 
GO;JUSSARA;5212204; 66.093,29 ; 72.702,62 ; 79.311,95 ; 85.921,28 ; 92.185,98 ; 99.053,80 ; 99.053,80 ; 105.657,39 ; 107.961,80 ; 108.178,96 ; 108.178,96 ; 108.178,96 ; 199.849,20 ; 1.332.327,99 
GO;LAGOA SANTA;5212253; 7.680,04 ; 8.448,04 ; 9.216,05 ; 9.984,05 ; 10.712,12 ; 11.510,05 ; 11.510,05 ; 12.277,39 ; 12.544,96 ; 12.570,37 ; 12.570,37 ; 12.570,37 ; 23.222,44 ; 154.816,30 
GO;LEOPOLDO DE BULHOES;5212303; 32.332,56 ; 35.565,81 ; 38.799,07 ; 42.032,33 ; 45.096,86 ; 48.456,65 ; 48.456,65 ; 51.687,09 ; 52.816,44 ; 52.920,90 ; 52.920,90 ; 52.920,90 ; 97.765,79 ; 651.771,95 
GO;MAMBAI;5212709; 38.430,01 ; 42.273,01 ; 46.116,01 ; 49.959,01 ; 53.601,68 ; 57.594,92 ; 57.594,92 ; 61.434,58 ; 62.774,99 ; 62.900,81 ; 62.900,81 ; 62.900,81 ; 116.202,62 ; 774.684,18 
GO;MARA ROSA;5212808; 44.726,23 ; 49.198,85 ; 53.671,47 ; 58.144,10 ; 62.382,43 ; 67.030,79 ; 67.030,79 ; 71.499,50 ; 73.068,72 ; 73.207,19 ; 73.207,19 ; 73.207,19 ; 135.242,56 ; 901.617,01 
GO;MARZAGAO;5212907; 6.008,22 ; 6.609,05 ; 7.209,87 ; 7.810,69 ; 8.377,77 ; 9.003,89 ; 9.003,89 ; 9.604,15 ; 9.836,25 ; 9.836,39 ; 9.836,39 ; 9.836,39 ; 18.171,69 ; 121.144,64 
GO;MATRINCHA;5212956; 17.029,27 ; 18.732,19 ; 20.435,12 ; 22.138,05 ; 23.751,74 ; 25.521,58 ; 25.521,58 ; 27.223,02 ; 27.821,51 ; 27.873,35 ; 27.873,35 ; 27.873,35 ; 51.493,07 ; 343.287,18 
GO;MAURILANDIA;5213004; 49.775,06 ; 54.752,56 ; 59.730,07 ; 64.707,57 ; 69.426,73 ; 74.598,00 ; 74.598,00 ; 79.571,20 ; 81.296,01 ; 81.468,79 ; 81.468,79 ; 81.468,79 ; 150.504,99 ; 1.003.366,56 
GO;MIMOSO DE GOIAS;5213053; 10.096,24 ; 11.105,86 ; 12.115,49 ; 13.125,11 ; 14.082,15 ; 15.131,20 ; 15.131,20 ; 16.139,95 ; 16.492,04 ; 16.525,14 ; 16.525,14 ; 16.525,14 ; 30.528,46 ; 203.523,12 
GO;MINACU;5213087; 119.838,62 ; 131.822,49 ; 143.806,35 ; 155.790,21 ; 167.147,86 ; 179.601,40 ; 179.601,40 ; 191.574,83 ; 195.766,14 ; 196.148,61 ; 196.148,61 ; 196.148,61 ; 362.363,85 ; 2.415.758,98 
GO;MOIPORA;5213400; 2.364,78 ; 2.601,25 ; 2.837,73 ; 3.074,21 ; 3.297,45 ; 3.543,84 ; 3.543,84 ; 3.780,10 ; 3.871,45 ; 3.871,51 ; 3.871,51 ; 3.871,51 ; 7.152,20 ; 47.681,38 
GO;MONTE ALEGRE DE GOIAS;5213509; 24.217,44 ; 26.639,18 ; 29.060,92 ; 31.482,67 ; 33.777,45 ; 36.294,40 ; 36.294,40 ; 38.714,03 ; 39.565,47 ; 39.638,90 ; 39.638,90 ; 39.638,90 ; 73.228,70 ; 488.191,36 
GO;MONTES CLAROS DE GOIAS;5213707; 29.443,44 ; 32.387,79 ; 35.332,13 ; 38.276,48 ; 41.067,38 ; 44.126,79 ; 44.126,79 ; 47.068,58 ; 48.095,40 ; 48.191,93 ; 48.191,93 ; 48.191,93 ; 89.029,51 ; 593.530,08 
GO;MONTIVIDIU;5213756; 71.055,04 ; 78.160,54 ; 85.266,05 ; 92.371,55 ; 99.105,95 ; 106.489,80 ; 106.489,80 ; 113.589,12 ; 116.072,37 ; 116.300,77 ; 116.300,77 ; 116.300,77 ; 214.853,39 ; 1.432.355,92 
GO;MONTIVIDIU DO NORTE;5213772; 17.105,12 ; 18.815,63 ; 20.526,14 ; 22.236,65 ; 23.858,04 ; 25.635,38 ; 25.635,38 ; 27.344,40 ; 27.941,07 ; 27.997,03 ; 27.997,03 ; 27.997,03 ; 51.721,57 ; 344.810,47 
GO;MORRO AGUDO DE GOIAS;5213855; 12.260,83 ; 13.486,92 ; 14.713,00 ; 15.939,09 ; 17.101,05 ; 18.375,21 ; 18.375,21 ; 19.600,23 ; 20.030,08 ; 20.068,31 ; 20.068,31 ; 20.068,31 ; 37.074,09 ; 247.160,64 
GO;MOSSAMEDES;5213905; 11.586,02 ; 12.744,62 ; 13.903,22 ; 15.061,83 ; 16.155,34 ; 17.362,74 ; 17.362,74 ; 18.520,25 ; 18.967,82 ; 18.968,09 ; 18.968,09 ; 18.968,09 ; 35.041,56 ; 233.610,41 
GO;MOZARLANDIA;5214002; 34.631,22 ; 38.094,35 ; 41.557,47 ; 45.020,59 ; 48.288,99 ; 51.898,13 ; 51.898,13 ; 55.358,01 ; 56.695,83 ; 56.696,63 ; 56.696,63 ; 56.696,63 ; 104.741,04 ; 698.273,65 
GO;MUNDO NOVO;5214051; 23.312,38 ; 25.643,61 ; 27.974,85 ; 30.306,09 ; 32.515,70 ; 34.938,14 ; 34.938,14 ; 37.267,35 ; 38.081,79 ; 38.156,97 ; 38.156,97 ; 38.156,97 ; 70.490,99 ; 469.939,95 
GO;MUTUNOPOLIS;5214101; 6.864,10 ; 7.550,51 ; 8.236,92 ; 8.923,33 ; 9.571,20 ; 10.286,49 ; 10.286,49 ; 10.972,26 ; 11.237,43 ; 11.237,58 ; 11.237,58 ; 11.237,58 ; 20.760,25 ; 138.401,72 
GO;NAZARIO;5214408; 18.002,46 ; 19.802,71 ; 21.602,96 ; 23.403,20 ; 25.102,25 ; 26.978,38 ; 26.978,38 ; 28.776,94 ; 29.472,38 ; 29.472,80 ; 29.472,80 ; 29.472,80 ; 54.447,89 ; 362.985,95 
GO;NEROPOLIS;5214507; 136.492,33 ; 150.141,56 ; 163.790,79 ; 177.440,02 ; 190.377,82 ; 204.560,65 ; 204.560,65 ; 218.198,03 ; 222.955,43 ; 223.405,23 ; 223.405,23 ; 223.405,23 ; 412.717,59 ; 2.751.450,56 
GO;NIQUELANDIA;5214606; 110.879,36 ; 121.967,30 ; 133.055,23 ; 144.143,17 ; 154.652,31 ; 166.174,36 ; 166.174,36 ; 177.252,65 ; 181.125,06 ; 181.483,75 ; 181.483,75 ; 181.483,75 ; 335.272,07 ; 2.235.147,12 
GO;NOVA AMERICA;5214705; 10.684,78 ; 11.753,25 ; 12.821,73 ; 13.890,21 ; 14.903,05 ; 16.013,25 ; 16.013,25 ; 17.080,80 ; 17.453,22 ; 17.488,42 ; 17.488,42 ; 17.488,42 ; 32.308,02 ; 215.386,82 
GO;NOVA AURORA;5214804; 3.301,89 ; 3.632,08 ; 3.962,27 ; 4.292,46 ; 4.604,17 ; 4.948,20 ; 4.948,20 ; 5.278,08 ; 5.405,63 ; 5.405,71 ; 5.405,71 ; 5.405,71 ; 9.986,49 ; 66.576,60 
GO;NOVA CRIXAS;5214838; 48.691,82 ; 53.561,00 ; 58.430,18 ; 63.299,36 ; 67.914,26 ; 72.974,17 ; 72.974,17 ; 77.839,11 ; 79.540,58 ; 79.697,29 ; 79.697,29 ; 79.697,29 ; 147.232,33 ; 981.548,85 
GO;NOVA GLORIA;5214861; 11.676,78 ; 12.844,45 ; 14.012,13 ; 15.179,81 ; 16.281,86 ; 17.498,75 ; 17.498,75 ; 18.665,33 ; 19.116,41 ; 19.116,68 ; 19.116,68 ; 19.116,68 ; 35.316,05 ; 235.440,36 
GO;NOVA ROMA;5214903; 5.625,36 ; 6.187,89 ; 6.750,43 ; 7.312,97 ; 7.843,92 ; 8.430,13 ; 8.430,13 ; 8.992,14 ; 9.209,44 ; 9.209,58 ; 9.209,58 ; 9.209,58 ; 17.013,73 ; 113.424,88 
GO;NOVA VENEZA;5215009; 36.340,43 ; 39.974,48 ; 43.608,52 ; 47.242,56 ; 50.686,83 ; 54.463,19 ; 54.463,19 ; 58.094,07 ; 59.364,86 ; 59.481,02 ; 59.481,02 ; 59.481,02 ; 109.884,91 ; 732.566,10 
GO;NOVO PLANALTO;5215256; 15.555,67 ; 17.111,24 ; 18.666,80 ; 20.222,37 ; 21.697,29 ; 23.313,33 ; 23.313,33 ; 24.867,55 ; 25.406,39 ; 25.460,55 ; 25.460,55 ; 25.460,55 ; 47.035,69 ; 313.571,31 
GO;ORIZONA;5215306; 65.886,44 ; 72.475,08 ; 79.063,73 ; 85.652,37 ; 91.896,43 ; 98.743,52 ; 98.743,52 ; 105.326,42 ; 107.633,39 ; 107.841,41 ; 107.841,41 ; 107.841,41 ; 199.225,62 ; 1.328.170,75 
GO;OURO VERDE DE GOIAS;5215405; 20.219,48 ; 22.241,43 ; 24.263,38 ; 26.285,33 ; 28.202,13 ; 30.302,92 ; 30.302,92 ; 32.323,12 ; 33.026,49 ; 33.094,31 ; 33.094,31 ; 33.094,31 ; 61.138,25 ; 407.588,38 
GO;PADRE BERNARDO;5215603; 147.154,90 ; 161.870,39 ; 176.585,88 ; 191.301,37 ; 204.092,73 ; 220.251,33 ; 220.251,33 ; 234.934,75 ; 240.102,67 ; 240.547,48 ; 240.547,48 ; 240.547,48 ; 444.386,09 ; 2.962.573,88 
GO;PALMELO;5215801; 2.990,33 ; 3.289,37 ; 3.588,40 ; 3.887,44 ; 4.169,72 ; 4.481,30 ; 4.481,30 ; 4.780,05 ; 4.895,56 ; 4.895,64 ; 4.895,64 ; 4.895,64 ; 9.044,18 ; 60.294,57 
GO;PARANAIGUARA;5216304; 36.058,66 ; 39.664,53 ; 43.270,40 ; 46.876,26 ; 50.295,50 ; 54.041,33 ; 54.041,33 ; 57.644,08 ; 58.889,53 ; 59.018,21 ; 59.018,21 ; 59.018,21 ; 109.029,92 ; 726.866,17 
GO;PARAUNA;5216403; 24.587,58 ; 27.046,34 ; 29.505,10 ; 31.963,86 ; 34.284,39 ; 36.846,80 ; 36.846,80 ; 39.303,25 ; 40.253,08 ; 40.253,65 ; 40.253,65 ; 40.253,65 ; 74.364,37 ; 495.762,52 
GO;PEROLANDIA;5216452; 16.640,56 ; 18.304,62 ; 19.968,67 ; 21.632,73 ; 23.210,33 ; 24.939,21 ; 24.939,21 ; 26.601,83 ; 27.179,95 ; 27.236,42 ; 27.236,42 ; 27.236,42 ; 50.316,41 ; 335.442,78 
GO;PETROLINA DE GOIAS;5216809; 18.449,93 ; 20.294,92 ; 22.139,91 ; 23.984,91 ; 25.733,45 ; 27.650,76 ; 27.650,76 ; 29.494,14 ; 30.140,60 ; 30.198,47 ; 30.198,47 ; 30.198,47 ; 55.788,49 ; 371.923,28 
GO;PILAR DE GOIAS;5216908; 7.379,76 ; 8.117,74 ; 8.855,72 ; 9.593,70 ; 10.293,23 ; 11.060,02 ; 11.060,02 ; 11.797,36 ; 12.054,98 ; 12.078,95 ; 12.078,95 ; 12.078,95 ; 22.314,59 ; 148.763,97 
GO;PIRACANJUBA;5217104; 39.561,57 ; 43.517,73 ; 47.473,89 ; 51.430,05 ; 55.195,06 ; 59.294,55 ; 59.294,55 ; 63.247,52 ; 64.489,90 ; 64.738,61 ; 64.738,61 ; 64.738,61 ; 119.597,75 ; 797.318,40 
GO;PIRES DO RIO;5217401; 80.601,29 ; 88.661,41 ; 96.721,54 ; 104.781,67 ; 112.421,06 ; 120.796,75 ; 120.796,75 ; 128.849,87 ; 131.664,84 ; 131.925,57 ; 131.925,57 ; 131.925,57 ; 243.718,58 ; 1.624.790,47 
GO;PLANALTINA;5217609; 615.559,07 ; 677.114,97 ; 738.670,88 ; 800.226,78 ; 858.558,62 ; 922.532,59 ; 922.532,59 ; 984.034,76 ; 1.005.635,41 ; 1.007.537,85 ; 1.007.537,85 ; 1.007.537,85 ; 1.861.319,87 ; 12.408.799,09 
GO;PONTALINA;5217708; 63.630,55 ; 69.993,61 ; 76.356,66 ; 82.719,72 ; 88.750,52 ; 95.362,78 ; 95.362,78 ; 101.720,29 ; 103.943,38 ; 104.148,51 ; 104.148,51 ; 104.148,51 ; 192.403,39 ; 1.282.689,21 
GO;PORANGATU;5218003; 164.610,38 ; 181.071,42 ; 197.532,46 ; 213.993,50 ; 214.486,26 ; 242.923,52 ; 242.923,52 ; 259.118,42 ; 264.815,21 ; 265.308,50 ; 265.308,50 ; 265.308,50 ; 490.129,45 ; 3.267.529,64 
GO;PORTEIRAO;5218052; 9.594,63 ; 10.554,10 ; 11.513,56 ; 12.473,02 ; 13.378,60 ; 14.378,46 ; 14.378,46 ; 15.337,02 ; 15.707,66 ; 15.707,89 ; 15.707,89 ; 15.707,89 ; 29.018,67 ; 193.457,85 
GO;POSSE;5218300; 150.298,34 ; 165.328,18 ; 180.358,01 ; 195.387,84 ; 209.632,29 ; 225.251,18 ; 225.251,18 ; 240.267,93 ; 245.524,91 ; 246.004,29 ; 246.004,29 ; 246.004,29 ; 454.466,96 ; 3.029.779,69 
GO;QUIRINOPOLIS;5218508; 209.319,87 ; 230.251,85 ; 251.183,84 ; 272.115,83 ; 275.319,06 ; 309.547,64 ; 309.547,64 ; 330.184,15 ; 337.384,15 ; 338.063,98 ; 338.063,98 ; 338.063,98 ; 624.537,53 ; 4.163.583,50 
GO;RIALMA;5218607; 42.805,17 ; 47.085,69 ; 51.366,22 ; 55.646,72 ; 59.704,36 ; 64.152,02 ; 64.152,02 ; 68.428,83 ; 69.919,46 ; 70.061,67 ; 70.061,67 ; 70.061,67 ; 129.431,55 ; 862.877,05 
GO;RIO QUENTE;5218789; 28.904,93 ; 31.795,42 ; 34.685,91 ; 37.576,41 ; 40.316,59 ; 43.319,80 ; 43.319,80 ; 46.207,79 ; 47.212,68 ; 47.310,17 ; 47.310,17 ; 47.310,17 ; 87.400,55 ; 582.670,39 
GO;RIO VERDE;5218805; 579.602,10 ; 637.562,30 ; 695.522,51 ; 753.482,72 ; 814.447,49 ; 870.154,30 ; 870.154,30 ; 928.164,58 ; 946.396,74 ; 950.046,43 ; 950.046,43 ; 950.046,43 ; 1.755.110,54 ; 11.700.736,87 
GO;RUBIATABA;5218904; 78.550,13 ; 86.405,14 ; 94.260,16 ; 102.115,17 ; 109.561,79 ; 117.723,11 ; 117.723,11 ; 125.571,31 ; 128.299,79 ; 128.566,77 ; 128.566,77 ; 128.566,77 ; 237.513,54 ; 1.583.423,56 
GO;SANCLERLANDIA;5219001; 14.017,59 ; 15.419,35 ; 16.821,11 ; 18.222,87 ; 19.545,88 ; 21.006,68 ; 21.006,68 ; 22.407,12 ; 22.948,62 ; 22.948,95 ; 22.948,95 ; 22.948,95 ; 42.395,78 ; 282.638,53 
GO;SANTA BARBARA DE GOIAS;5219100; 27.267,77 ; 29.994,55 ; 32.721,33 ; 35.448,11 ; 38.032,95 ; 40.866,15 ; 40.866,15 ; 43.590,56 ; 44.540,26 ; 44.630,74 ; 44.630,74 ; 44.630,74 ; 82.450,59 ; 549.670,64 
GO;SANTA CRUZ DE GOIAS;5219209; 7.191,32 ; 7.910,45 ; 8.629,58 ; 9.348,71 ; 10.030,25 ; 10.777,57 ; 10.777,57 ; 11.496,08 ; 11.748,15 ; 11.770,61 ; 11.770,61 ; 11.770,61 ; 21.744,97 ; 144.966,48 
GO;SANTA FE DE GOIAS;5219258; 20.609,84 ; 22.670,82 ; 24.731,81 ; 26.792,79 ; 28.746,65 ; 30.887,96 ; 30.887,96 ; 32.947,16 ; 33.663,54 ; 33.733,17 ; 33.733,17 ; 33.733,17 ; 62.318,47 ; 415.456,51 
GO;SANTA HELENA DE GOIAS;5219308; 68.436,76 ; 75.280,43 ; 82.124,11 ; 88.967,78 ; 95.480,59 ; 102.572,43 ; 102.572,43 ; 109.410,60 ; 111.559,80 ; 111.989,99 ; 111.989,99 ; 111.989,99 ; 206.889,69 ; 1.379.264,59 
GO;SANTA ISABEL;5219357; 12.051,21 ; 13.256,33 ; 14.461,45 ; 15.666,57 ; 16.809,24 ; 18.061,18 ; 18.061,18 ; 19.265,26 ; 19.682,78 ; 19.724,68 ; 19.724,68 ; 19.724,68 ; 36.439,27 ; 242.928,51 
GO;SANTA RITA DO ARAGUAIA;5219407; 25.982,79 ; 28.581,07 ; 31.179,35 ; 33.777,63 ; 36.241,03 ; 38.940,44 ; 38.940,44 ; 41.536,47 ; 42.438,25 ; 42.527,21 ; 42.527,21 ; 42.527,21 ; 78.564,54 ; 523.763,64 
GO;SANTA RITA DO NOVO DESTINO;5219456; 8.293,98 ; 9.123,38 ; 9.952,78 ; 10.782,18 ; 11.568,51 ; 12.430,20 ; 12.430,20 ; 13.258,88 ; 13.546,91 ; 13.575,15 ; 13.575,15 ; 13.575,15 ; 25.078,67 ; 167.191,14 
GO;SANTA ROSA DE GOIAS;5219506; 5.375,86 ; 5.913,44 ; 6.451,03 ; 6.988,61 ; 7.496,00 ; 8.056,23 ; 8.056,23 ; 8.593,31 ; 8.801,01 ; 8.801,10 ; 8.801,10 ; 8.801,10 ; 16.259,12 ; 108.394,14 
GO;SANTA TEREZA DE GOIAS;5219605; 13.311,21 ; 14.642,34 ; 15.973,46 ; 17.304,58 ; 18.566,33 ; 19.949,47 ; 19.949,47 ; 21.279,44 ; 21.743,72 ; 21.787,30 ; 21.787,30 ; 21.787,30 ; 40.249,75 ; 268.331,67 
GO;SANTA TEREZINHA DE GOIAS;5219704; 45.006,84 ; 49.507,52 ; 54.008,20 ; 58.508,88 ; 62.774,86 ; 67.451,59 ; 67.451,59 ; 71.948,36 ; 73.517,85 ; 73.665,49 ; 73.665,49 ; 73.665,49 ; 136.089,21 ; 907.261,37 
GO;SANTO ANTONIO DE GOIAS;5219738; 17.309,26 ; 19.040,19 ; 20.771,12 ; 22.502,04 ; 24.149,37 ; 25.942,98 ; 25.942,98 ; 27.672,51 ; 28.216,10 ; 28.324,90 ; 28.324,90 ; 28.324,90 ; 52.327,27 ; 348.848,52 
GO;SANTO ANTONIO DO DESCOBERTO;5219753; 159.095,27 ; 175.004,80 ; 190.914,32 ; 206.823,85 ; 221.964,31 ; 238.450,64 ; 238.450,64 ; 254.347,35 ; 259.343,56 ; 260.343,69 ; 260.343,69 ; 260.343,69 ; 480.957,50 ; 3.206.383,31 
GO;SAO DOMINGOS;5219803; 40.459,98 ; 44.505,98 ; 48.551,98 ; 52.597,98 ; 56.432,40 ; 60.637,06 ; 60.637,06 ; 64.679,54 ; 66.096,98 ; 66.224,06 ; 66.224,06 ; 66.224,06 ; 122.341,96 ; 815.613,10 
GO;SAO FRANCISCO DE GOIAS;5219902; 24.748,76 ; 27.223,63 ; 29.698,51 ; 32.173,39 ; 34.519,38 ; 37.090,90 ; 37.090,90 ; 39.563,62 ; 40.426,06 ; 40.507,78 ; 40.507,78 ; 40.507,78 ; 74.833,85 ; 498.892,34 
GO;SAO JOAO DALIANCA;5220009; 64.041,90 ; 70.446,09 ; 76.850,28 ; 83.254,46 ; 89.323,26 ; 95.979,00 ; 95.979,00 ; 102.377,60 ; 104.624,26 ; 104.822,75 ; 104.822,75 ; 104.822,75 ; 193.648,96 ; 1.290.993,06 
GO;SAO MIGUEL DO ARAGUAIA;5220207; 90.828,93 ; 99.911,82 ; 108.994,71 ; 118.077,60 ; 103.867,95 ; 130.420,27 ; 130.420,27 ; 139.114,95 ; 142.134,22 ; 142.433,01 ; 142.433,01 ; 142.433,01 ; 263.129,96 ; 1.754.199,71 
GO;SAO PATRICIO;5220280; 7.085,98 ; 7.794,58 ; 8.503,18 ; 9.211,78 ; 9.883,42 ; 10.619,73 ; 10.619,73 ; 11.327,71 ; 11.575,46 ; 11.598,14 ; 11.598,14 ; 11.598,14 ; 21.426,35 ; 142.842,34 
GO;SERRANOPOLIS;5220504; 32.607,98 ; 35.868,78 ; 39.129,58 ; 42.390,38 ; 45.480,93 ; 48.869,40 ; 48.869,40 ; 52.127,36 ; 53.267,32 ; 53.371,81 ; 53.371,81 ; 53.371,81 ; 98.598,80 ; 657.325,36 
GO;SILVANIA;5220603; 80.033,43 ; 88.036,78 ; 96.040,12 ; 104.043,46 ; 111.629,37 ; 119.945,81 ; 119.945,81 ; 127.942,20 ; 130.734,00 ; 130.995,78 ; 130.995,78 ; 130.995,78 ; 242.000,89 ; 1.613.339,21 
GO;SIMOLANDIA;5220686; 21.725,97 ; 23.898,57 ; 26.071,17 ; 28.243,77 ; 30.302,72 ; 32.560,54 ; 32.560,54 ; 34.731,24 ; 35.492,74 ; 35.560,65 ; 35.560,65 ; 35.560,65 ; 65.694,56 ; 437.963,77 
GO;TAQUARAL DE GOIAS;5221007; 12.574,97 ; 13.832,47 ; 15.089,97 ; 16.347,47 ; 17.539,48 ; 18.846,07 ; 18.846,07 ; 20.102,48 ; 20.540,95 ; 20.582,24 ; 20.582,24 ; 20.582,24 ; 38.023,52 ; 253.490,17 
GO;TEREZOPOLIS DE GOIAS;5221197; 30.781,43 ; 33.859,57 ; 36.937,71 ; 40.015,86 ; 42.933,77 ; 46.132,07 ; 46.132,07 ; 49.207,55 ; 50.279,19 ; 50.381,69 ; 50.381,69 ; 50.381,69 ; 93.074,87 ; 620.499,16 
GO;TRES RANCHOS;5221304; 5.323,89 ; 5.856,28 ; 6.388,67 ; 6.921,06 ; 7.423,60 ; 7.978,35 ; 7.978,35 ; 8.510,24 ; 8.715,90 ; 8.716,03 ; 8.716,03 ; 8.716,03 ; 16.101,95 ; 107.346,38 
GO;TROMBAS;5221452; 13.309,64 ; 14.640,61 ; 15.971,57 ; 17.302,54 ; 18.564,47 ; 19.947,19 ; 19.947,19 ; 21.277,00 ; 21.738,62 ; 21.784,47 ; 21.784,47 ; 21.784,47 ; 40.244,51 ; 268.296,75 
GO;TURVANIA;5221502; 18.169,03 ; 19.985,93 ; 21.802,84 ; 23.619,74 ; 25.341,72 ; 27.229,80 ; 27.229,80 ; 29.045,12 ; 29.681,07 ; 29.738,63 ; 29.738,63 ; 29.738,63 ; 54.938,98 ; 366.259,92 
GO;TURVELANDIA;5221551; 27.674,84 ; 30.442,33 ; 33.209,81 ; 35.977,30 ; 38.600,56 ; 41.476,20 ; 41.476,20 ; 44.241,28 ; 45.206,31 ; 45.297,14 ; 45.297,14 ; 45.297,14 ; 83.681,69 ; 557.877,94 
GO;UIRAPURU;5221577; 11.928,73 ; 13.121,61 ; 14.314,48 ; 15.507,36 ; 16.637,85 ; 17.877,49 ; 17.877,49 ; 19.069,33 ; 19.487,62 ; 19.524,75 ; 19.524,75 ; 19.524,75 ; 36.069,91 ; 240.466,12 
GO;URUACU;5221601; 129.642,42 ; 142.606,66 ; 155.570,90 ; 168.535,15 ; 180.822,79 ; 194.294,49 ; 194.294,49 ; 207.247,46 ; 211.774,20 ; 212.194,42 ; 212.194,42 ; 212.194,42 ; 392.006,80 ; 2.613.378,62 
GO;URUANA;5221700; 49.015,97 ; 53.917,57 ; 58.819,17 ; 63.720,76 ; 68.365,97 ; 73.459,88 ; 73.459,88 ; 78.357,21 ; 80.073,39 ; 80.228,20 ; 80.228,20 ; 80.228,20 ; 148.213,13 ; 988.087,53 
GO;VARJAO;5221908; 13.636,98 ; 15.000,68 ; 16.364,38 ; 17.728,07 ; 19.020,81 ; 20.437,71 ; 20.437,71 ; 21.800,23 ; 22.275,10 ; 22.320,43 ; 22.320,43 ; 22.320,43 ; 41.234,64 ; 274.897,60 
GO;VICENTINOPOLIS;5222054; 26.239,25 ; 28.863,18 ; 31.487,10 ; 34.111,03 ; 36.608,18 ; 39.327,17 ; 39.327,17 ; 41.948,99 ; 42.773,01 ; 42.937,95 ; 42.937,95 ; 42.937,95 ; 79.323,34 ; 528.822,27 
GO;VILA BOA;5222203; 24.295,29 ; 26.724,82 ; 29.154,35 ; 31.583,88 ; 33.885,94 ; 36.411,05 ; 36.411,05 ; 38.838,46 ; 39.693,56 ; 39.766,44 ; 39.766,44 ; 39.766,44 ; 73.464,30 ; 489.762,02 
GO;VILA PROPICIO;5222302; 27.459,90 ; 30.205,89 ; 32.951,88 ; 35.697,88 ; 38.300,60 ; 41.154,02 ; 41.154,02 ; 43.897,63 ; 44.856,71 ; 44.945,49 ; 44.945,49 ; 44.945,49 ; 83.032,05 ; 553.547,05 
MA;AFONSO CUNHA;2100105; 81.937,69 ; 90.131,45 ; 98.325,22 ; 106.518,99 ; 114.282,08 ; 122.798,86 ; 122.798,86 ; 130.985,45 ; 133.874,37 ; 134.115,80 ; 134.115,80 ; 134.115,80 ; 247.764,78 ; 1.651.765,15 
MA;ALDEIAS ALTAS;2100303; 227.161,91 ; 249.878,10 ; 272.594,29 ; 295.310,48 ; 316.832,64 ; 340.444,37 ; 340.444,37 ; 363.140,66 ; 371.150,37 ; 371.819,19 ; 371.819,19 ; 371.819,19 ; 686.896,73 ; 4.579.311,49 
MA;ALTO ALEGRE DO MARANHAO;2100436; 142.386,79 ; 156.625,47 ; 170.864,14 ; 185.102,82 ; 198.593,44 ; 213.393,18 ; 213.393,18 ; 227.619,39 ; 232.636,36 ; 233.058,69 ; 233.058,69 ; 233.058,69 ; 430.551,33 ; 2.870.342,17 
MA;ALTO ALEGRE DO PINDARE;2100477; 238.372,43 ; 262.209,67 ; 286.046,91 ; 309.884,16 ; 332.472,75 ; 357.246,49 ; 357.246,49 ; 381.062,93 ; 389.428,60 ; 390.164,51 ; 390.164,51 ; 390.164,51 ; 720.787,76 ; 4.805.251,72 
MA;AMAPA DO MARANHAO;2100550; 80.136,01 ; 88.149,61 ; 96.163,22 ; 104.176,82 ; 111.770,01 ; 120.098,93 ; 120.098,93 ; 128.105,52 ; 130.923,46 ; 131.166,03 ; 131.166,03 ; 131.166,03 ; 242.315,41 ; 1.615.436,01 
MA;AMARANTE DO MARANHAO;2100600; 246.315,06 ; 270.946,57 ; 295.578,07 ; 320.209,58 ; 343.548,35 ; 369.149,42 ; 369.149,42 ; 393.759,38 ; 402.426,48 ; 403.167,26 ; 403.167,26 ; 403.167,26 ; 744.808,97 ; 4.965.393,08 
MA;ANAJATUBA;2100709; 155.290,59 ; 170.819,65 ; 186.348,71 ; 201.877,77 ; 216.590,35 ; 232.731,79 ; 232.731,79 ; 248.247,24 ; 253.724,34 ; 254.180,20 ; 254.180,20 ; 254.180,20 ; 469.571,09 ; 3.130.473,92 
MA;APICUM-ACU;2100832; 134.607,36 ; 148.068,09 ; 161.528,83 ; 174.989,56 ; 187.742,14 ; 201.734,01 ; 201.734,01 ; 215.182,95 ; 219.934,46 ; 220.326,21 ; 220.326,21 ; 220.326,21 ; 407.029,43 ; 2.713.529,47 
MA;ARAIOSES;2100907; 262.487,76 ; 288.736,54 ; 314.985,31 ; 341.234,09 ; 366.105,17 ; 393.387,23 ; 393.387,23 ; 419.613,05 ; 428.849,86 ; 429.638,72 ; 429.638,72 ; 429.638,72 ; 793.712,20 ; 5.291.414,60 
MA;ARAME;2100956; 154.057,13 ; 169.462,84 ; 184.868,55 ; 200.274,26 ; 214.870,50 ; 230.883,33 ; 230.883,33 ; 246.275,56 ; 251.704,70 ; 252.160,80 ; 252.160,80 ; 252.160,80 ; 465.840,47 ; 3.105.603,07 
MA;ARARI;2101004; 196.850,99 ; 216.536,09 ; 236.221,19 ; 255.906,29 ; 274.559,23 ; 295.018,46 ; 295.018,46 ; 314.686,36 ; 321.603,84 ; 322.203,76 ; 322.203,76 ; 322.203,76 ; 595.237,45 ; 3.968.249,64 
MA;AXIXA;2101103; 83.269,42 ; 91.596,37 ; 99.923,31 ; 108.250,25 ; 116.140,92 ; 124.795,08 ; 124.795,08 ; 133.114,75 ; 136.037,51 ; 136.294,22 ; 136.294,22 ; 136.294,22 ; 251.789,18 ; 1.678.594,53 
MA;BACABAL;2101202; 593.764,30 ; 653.140,73 ; 712.517,16 ; 771.893,59 ; 828.150,58 ; 889.866,61 ; 889.866,61 ; 949.191,05 ; 970.113,75 ; 971.873,55 ; 971.873,55 ; 971.873,55 ; 1.795.433,84 ; 11.969.558,87 
MA;BACABEIRA;2101251; 126.492,20 ; 139.141,42 ; 151.790,64 ; 164.439,86 ; 176.423,40 ; 189.571,90 ; 189.571,90 ; 202.210,03 ; 206.676,80 ; 207.043,45 ; 207.043,45 ; 207.043,45 ; 382.490,92 ; 2.549.939,42 
MA;BACURI;2101301; 71.529,59 ; 78.682,55 ; 85.835,50 ; 92.988,46 ; 99.795,57 ; 107.207,94 ; 107.207,94 ; 114.355,14 ; 116.601,48 ; 117.051,10 ; 117.051,10 ; 117.051,10 ; 216.239,56 ; 1.441.597,03 
MA;BACURITUBA;2101350; 39.302,31 ; 43.232,54 ; 47.162,77 ; 51.093,01 ; 54.816,76 ; 58.901,83 ; 58.901,83 ; 62.828,62 ; 64.214,21 ; 64.330,10 ; 64.330,10 ; 64.330,10 ; 118.843,08 ; 792.287,26 
MA;BALSAS;2101400; 554.602,20 ; 610.062,42 ; 665.522,64 ; 720.982,86 ; 777.594,04 ; 832.191,05 ; 832.191,05 ; 887.670,45 ; 907.232,97 ; 908.882,27 ; 908.882,27 ; 908.882,27 ; 1.679.064,09 ; 11.193.760,58 
MA;BARAO DE GRAJAU;2101509; 47.456,61 ; 52.202,27 ; 56.947,93 ; 61.693,60 ; 66.172,25 ; 71.118,18 ; 71.118,18 ; 75.859,39 ; 77.692,69 ; 77.693,75 ; 77.693,75 ; 77.693,75 ; 143.531,01 ; 956.873,36 
MA;BARRA DO CORDA;2101608; 274.732,81 ; 302.206,09 ; 329.679,37 ; 357.152,65 ; 395.552,97 ; 414.831,00 ; 414.831,00 ; 442.486,40 ; 451.178,29 ; 452.918,19 ; 452.918,19 ; 452.918,19 ; 836.718,56 ; 5.578.123,71 
MA;BARREIRINHAS;2101707; 472.873,36 ; 520.160,70 ; 567.448,03 ; 614.735,37 ; 659.535,06 ; 708.688,15 ; 708.688,15 ; 755.934,03 ; 772.626,77 ; 774.002,33 ; 774.002,33 ; 774.002,33 ; 1.429.887,64 ; 9.532.584,25 
MA;BELA VISTA DO MARANHAO;2101772; 118.591,51 ; 130.450,66 ; 142.309,81 ; 154.168,96 ; 165.403,37 ; 177.731,10 ; 177.731,10 ; 189.579,84 ; 193.773,45 ; 194.112,14 ; 194.112,14 ; 194.112,14 ; 358.601,69 ; 2.390.677,91 
MA;BELAGUA;2101731; 108.570,44 ; 119.427,48 ; 130.284,52 ; 141.141,56 ; 151.428,38 ; 162.713,12 ; 162.713,12 ; 173.560,66 ; 177.384,17 ; 177.707,88 ; 177.707,88 ; 177.707,88 ; 328.296,55 ; 2.188.643,64 
MA;BEQUIMAO;2101905; 87.065,42 ; 95.771,97 ; 104.478,51 ; 113.185,05 ; 121.432,75 ; 130.483,44 ; 130.483,44 ; 139.182,34 ; 142.262,73 ; 142.509,99 ; 142.509,99 ; 142.509,99 ; 263.272,17 ; 1.755.147,79 
MA;BERNARDO DO MEARIM;2101939; 12.257,34 ; 13.483,08 ; 14.708,81 ; 15.934,55 ; 17.101,10 ; 18.371,20 ; 18.371,20 ; 19.595,95 ; 19.980,89 ; 20.057,93 ; 20.057,93 ; 20.057,93 ; 37.054,92 ; 247.032,83 
MA;BOA VISTA DO GURUPI;2101970; 77.218,61 ; 84.940,48 ; 92.662,34 ; 100.384,20 ; 107.700,17 ; 115.726,46 ; 115.726,46 ; 123.441,56 ; 126.163,93 ; 126.391,59 ; 126.391,59 ; 126.391,59 ; 233.495,12 ; 1.556.634,10 
MA;BOM JARDIM;2102002; 267.419,35 ; 294.161,29 ; 320.903,22 ; 347.645,16 ; 372.983,87 ; 400.778,24 ; 400.778,24 ; 427.496,78 ; 436.903,98 ; 437.710,39 ; 437.710,39 ; 437.710,39 ; 808.623,77 ; 5.390.825,07 
MA;BOM JESUS DAS SELVAS;2102036; 237.081,39 ; 260.789,53 ; 284.497,67 ; 308.205,81 ; 330.668,13 ; 355.310,65 ; 355.310,65 ; 378.998,02 ; 387.354,27 ; 388.055,10 ; 388.055,10 ; 388.055,10 ; 716.890,84 ; 4.779.272,26 
MA;BOM LUGAR;2102077; 87.342,95 ; 96.077,24 ; 104.811,53 ; 113.545,83 ; 121.821,92 ; 130.899,87 ; 130.899,87 ; 139.626,53 ; 142.697,85 ; 142.962,29 ; 142.962,29 ; 142.962,29 ; 264.107,74 ; 1.760.718,20 
MA;BREJO;2102101; 251.760,62 ; 276.936,68 ; 302.112,75 ; 327.288,81 ; 334.237,45 ; 373.084,09 ; 373.084,09 ; 397.956,36 ; 406.750,65 ; 407.469,17 ; 407.469,17 ; 407.469,17 ; 752.756,30 ; 5.018.375,31 
MA;BREJO DE AREIA;2102150; 68.972,73 ; 75.870,00 ; 82.767,28 ; 89.664,55 ; 96.199,49 ; 103.368,53 ; 103.368,53 ; 110.259,77 ; 112.689,27 ; 112.894,48 ; 112.894,48 ; 112.894,48 ; 208.560,64 ; 1.390.404,23 
MA;BURITI BRAVO;2102309; 80.141,00 ; 88.155,10 ; 96.169,20 ; 104.183,30 ; 111.746,50 ; 120.098,79 ; 120.098,79 ; 128.105,38 ; 131.201,29 ; 131.203,11 ; 131.203,11 ; 131.203,11 ; 242.383,89 ; 1.615.892,57 
MA;BURITICUPU;2102325; 411.171,49 ; 452.288,64 ; 493.405,79 ; 534.522,94 ; 573.474,19 ; 616.215,79 ; 616.215,79 ; 657.296,84 ; 671.837,45 ; 673.011,00 ; 673.011,00 ; 673.011,00 ; 1.243.316,82 ; 8.288.778,74 
MA;BURITIRANA;2102358; 78.461,36 ; 86.307,49 ; 94.153,63 ; 101.999,76 ; 109.434,31 ; 117.589,15 ; 117.589,15 ; 125.428,43 ; 128.186,98 ; 128.424,92 ; 128.424,92 ; 128.424,92 ; 237.251,48 ; 1.581.676,50 
MA;CACHOEIRA GRANDE;2102374; 77.167,53 ; 84.884,28 ; 92.601,03 ; 100.317,78 ; 107.629,80 ; 115.650,12 ; 115.650,12 ; 123.360,13 ; 126.072,62 ; 126.307,12 ; 126.307,12 ; 126.307,12 ; 233.339,08 ; 1.555.593,85 
MA;CAJAPIO;2102408; 54.277,51 ; 59.705,26 ; 65.133,01 ; 70.560,76 ; 75.702,49 ; 81.344,77 ; 81.344,77 ; 86.767,75 ; 88.687,85 ; 88.842,22 ; 88.842,22 ; 88.842,22 ; 164.126,62 ; 1.094.177,45 
MA;CAJARI;2102507; 114.608,24 ; 126.069,06 ; 137.529,88 ; 148.990,71 ; 159.849,82 ; 171.761,95 ; 171.761,95 ; 183.212,75 ; 187.246,90 ; 187.590,33 ; 187.590,33 ; 187.590,33 ; 346.553,34 ; 2.310.355,59 
MA;CANDIDO MENDES;2102606; 191.348,35 ; 210.483,19 ; 229.618,02 ; 248.752,86 ; 266.882,45 ; 286.771,23 ; 286.771,23 ; 305.889,32 ; 312.631,05 ; 313.198,93 ; 313.198,93 ; 313.198,93 ; 578.601,97 ; 3.857.346,46 
MA;CANTANHEDE;2102705; 173.218,63 ; 190.540,49 ; 207.862,36 ; 225.184,22 ; 250.173,59 ; 261.744,83 ; 261.744,83 ; 279.194,49 ; 285.330,02 ; 285.863,81 ; 285.863,81 ; 285.863,81 ; 528.103,22 ; 3.520.688,11 
MA;CAPINZAL DO NORTE;2102754; 72.375,44 ; 79.612,98 ; 86.850,52 ; 94.088,06 ; 100.944,82 ; 108.467,96 ; 108.467,96 ; 115.699,16 ; 118.254,17 ; 118.464,61 ; 118.464,61 ; 118.464,61 ; 218.850,87 ; 1.459.005,77 
MA;CAROLINA;2102804; 126.645,38 ; 139.309,91 ; 151.974,45 ; 164.638,99 ; 176.638,89 ; 189.801,93 ; 189.801,93 ; 202.455,39 ; 206.910,79 ; 207.292,42 ; 207.292,42 ; 207.292,42 ; 382.950,87 ; 2.553.005,79 
MA;CARUTAPERA;2102903; 96.563,68 ; 106.220,05 ; 115.876,41 ; 125.532,78 ; 134.722,33 ; 144.728,83 ; 144.728,83 ; 154.377,41 ; 157.409,89 ; 158.016,92 ; 158.016,92 ; 158.016,92 ; 291.919,59 ; 1.946.130,56 
MA;CAXIAS;2103000; 890.082,95 ; 979.091,24 ; 1.068.099,53 ; 1.157.107,83 ; 1.269.810,65 ; 1.341.048,06 ; 1.341.048,06 ; 1.430.451,26 ; 1.461.947,02 ; 1.464.629,56 ; 1.464.629,56 ; 1.464.629,56 ; 2.705.748,58 ; 18.038.323,86 
MA;CENTRAL DO MARANHAO;2103125; 62.897,20 ; 69.186,92 ; 75.476,64 ; 81.766,36 ; 87.724,94 ; 94.263,03 ; 94.263,03 ; 100.547,24 ; 102.769,52 ; 102.950,77 ; 102.950,77 ; 102.950,77 ; 190.190,68 ; 1.267.937,87 
MA;CENTRO DO GUILHERME;2103158; 76.620,73 ; 84.282,81 ; 91.944,88 ; 99.606,95 ; 106.898,58 ; 114.838,51 ; 114.838,51 ; 122.494,41 ; 124.900,61 ; 125.382,26 ; 125.382,26 ; 125.382,26 ; 231.630,50 ; 1.544.203,27 
MA;CENTRO NOVO DO MARANHAO;2103174; 188.226,46 ; 207.049,10 ; 225.871,75 ; 244.694,39 ; 262.529,04 ; 282.092,70 ; 282.092,70 ; 300.898,88 ; 307.522,99 ; 308.088,22 ; 308.088,22 ; 308.088,22 ; 569.160,48 ; 3.794.403,15 
MA;CHAPADINHA;2103208; 497.969,28 ; 547.766,20 ; 597.563,13 ; 647.360,06 ; 694.533,99 ; 746.298,19 ; 746.298,19 ; 796.051,40 ; 813.660,52 ; 815.082,67 ; 815.082,67 ; 815.082,67 ; 1.505.779,24 ; 10.038.528,21 
MA;CIDELANDIA;2103257; 41.357,44 ; 45.493,19 ; 49.628,93 ; 53.764,68 ; 57.700,61 ; 61.986,19 ; 61.986,19 ; 66.118,60 ; 67.417,36 ; 67.677,38 ; 67.677,38 ; 67.677,38 ; 125.026,82 ; 833.512,15 
MA;COLINAS;2103505; 243.470,44 ; 267.817,48 ; 292.164,53 ; 316.511,57 ; 339.577,55 ; 364.885,40 ; 364.885,40 ; 389.211,09 ; 397.807,99 ; 398.514,30 ; 398.514,30 ; 398.514,30 ; 736.213,13 ; 4.908.087,48 
MA;CONCEICAO DO LAGO-ACU;2103554; 145.190,81 ; 159.709,89 ; 174.228,97 ; 188.748,05 ; 202.503,13 ; 217.595,23 ; 217.595,23 ; 232.101,58 ; 237.228,25 ; 237.649,44 ; 237.649,44 ; 237.649,44 ; 439.032,26 ; 2.926.881,72 
MA;COROATA;2103604; 398.022,69 ; 437.824,96 ; 477.627,23 ; 517.429,50 ; 553.062,42 ; 595.991,71 ; 595.991,71 ; 635.724,49 ; 649.753,82 ; 650.918,36 ; 650.918,36 ; 650.918,36 ; 1.202.503,00 ; 8.016.686,61 
MA;CURURUPU;2103703; 176.542,75 ; 194.197,02 ; 211.851,30 ; 229.505,57 ; 246.231,24 ; 264.581,99 ; 264.581,99 ; 282.220,79 ; 288.451,26 ; 288.966,20 ; 288.966,20 ; 288.966,20 ; 533.834,57 ; 3.558.897,08 
MA;DOM PEDRO;2103802; 62.862,54 ; 69.148,79 ; 75.435,04 ; 81.721,30 ; 87.653,86 ; 94.205,40 ; 94.205,40 ; 100.485,76 ; 102.914,22 ; 102.915,61 ; 102.915,61 ; 102.915,61 ; 190.125,74 ; 1.267.504,88 
MA;DUQUE BACELAR;2103901; 117.986,96 ; 129.785,66 ; 141.584,35 ; 153.383,05 ; 164.566,88 ; 176.826,74 ; 176.826,74 ; 188.615,19 ; 192.726,66 ; 193.116,29 ; 193.116,29 ; 193.116,29 ; 356.761,96 ; 2.378.413,06 
MA;ESPERANTINOPOLIS;2104008; 116.049,67 ; 127.654,63 ; 139.259,60 ; 150.864,57 ; 161.859,48 ; 173.922,01 ; 173.922,01 ; 185.516,81 ; 189.608,77 ; 189.950,40 ; 189.950,40 ; 189.950,40 ; 350.913,31 ; 2.339.422,06 
MA;FERNANDO FALCAO;2104081; 66.403,94 ; 73.044,34 ; 79.684,73 ; 86.325,13 ; 92.616,56 ; 99.518,68 ; 99.518,68 ; 106.153,26 ; 108.493,69 ; 108.690,05 ; 108.690,05 ; 108.690,05 ; 200.793,39 ; 1.338.622,55 
MA;FORTALEZA DOS NOGUEIRAS;2104107; 92.126,32 ; 101.338,95 ; 110.551,58 ; 119.764,21 ; 128.493,18 ; 138.068,57 ; 138.068,57 ; 147.273,14 ; 150.516,02 ; 150.792,02 ; 150.792,02 ; 150.792,02 ; 278.572,35 ; 1.857.148,95 
MA;FORTUNA;2104206; 125.711,14 ; 138.282,25 ; 150.853,37 ; 163.424,48 ; 175.334,96 ; 188.401,56 ; 188.401,56 ; 200.961,66 ; 205.392,77 ; 205.764,16 ; 205.764,16 ; 205.764,16 ; 380.127,57 ; 2.534.183,80 
MA;GODOFREDO VIANA;2104305; 92.770,46 ; 102.047,51 ; 111.324,55 ; 120.601,60 ; 129.391,62 ; 139.033,95 ; 139.033,95 ; 148.302,88 ; 151.567,95 ; 151.846,30 ; 151.846,30 ; 151.846,30 ; 280.520,01 ; 1.870.133,38 
MA;GONCALVES DIAS;2104404; 100.547,04 ; 110.601,74 ; 120.656,45 ; 130.711,15 ; 140.237,64 ; 150.688,52 ; 150.688,52 ; 160.734,42 ; 164.276,69 ; 164.575,33 ; 164.575,33 ; 164.575,33 ; 304.035,56 ; 2.026.903,72 
MA;GOVERNADOR ARCHER;2104503; 64.519,08 ; 70.970,99 ; 77.422,90 ; 83.874,81 ; 89.987,72 ; 96.693,90 ; 96.693,90 ; 103.140,16 ; 105.413,10 ; 105.604,79 ; 105.604,79 ; 105.604,79 ; 195.093,70 ; 1.300.624,63 
MA;GOVERNADOR EDISON LOBAO;2104552; 62.534,63 ; 68.788,09 ; 75.041,55 ; 81.295,01 ; 87.246,12 ; 93.726,37 ; 93.726,37 ; 99.974,79 ; 101.938,61 ; 102.331,74 ; 102.331,74 ; 102.331,74 ; 189.047,08 ; 1.260.313,84 
MA;GOVERNADOR EUGENIO BARROS;2104602; 80.483,19 ; 88.531,51 ; 96.579,83 ; 104.628,15 ; 112.254,34 ; 120.619,28 ; 120.619,28 ; 128.660,56 ; 131.489,39 ; 131.734,15 ; 131.734,15 ; 131.734,15 ; 243.364,95 ; 1.622.432,93 
MA;GOVERNADOR LUIZ ROCHA;2104628; 51.913,98 ; 57.105,38 ; 62.296,78 ; 67.488,17 ; 72.406,34 ; 77.802,68 ; 77.802,68 ; 82.989,52 ; 84.822,84 ; 84.973,23 ; 84.973,23 ; 84.973,23 ; 156.979,08 ; 1.046.527,14 
MA;GOVERNADOR NUNES FREIRE;2104677; 246.461,08 ; 271.107,19 ; 295.753,30 ; 320.399,41 ; 343.748,33 ; 369.367,34 ; 369.367,34 ; 393.991,83 ; 402.697,66 ; 403.409,76 ; 403.409,76 ; 403.409,76 ; 745.256,96 ; 4.968.379,72 
MA;GRAJAU;2104800; 543.492,04 ; 597.841,24 ; 652.190,45 ; 706.539,65 ; 758.031,24 ; 814.523,67 ; 814.523,67 ; 868.825,25 ; 887.997,17 ; 889.590,04 ; 889.590,04 ; 889.590,04 ; 1.643.423,74 ; 10.956.158,24 
MA;GUIMARAES;2104909; 57.121,63 ; 62.833,80 ; 68.545,96 ; 74.258,12 ; 79.669,89 ; 85.607,37 ; 85.607,37 ; 91.314,53 ; 93.329,42 ; 93.496,92 ; 93.496,92 ; 93.496,92 ; 172.725,68 ; 1.151.504,53 
MA;HUMBERTO DE CAMPOS;2105005; 209.991,46 ; 230.990,61 ; 251.989,76 ; 272.988,90 ; 292.883,03 ; 314.710,96 ; 314.710,96 ; 335.691,69 ; 343.107,10 ; 343.715,73 ; 343.715,73 ; 343.715,73 ; 634.978,54 ; 4.233.190,20 
MA;ICATU;2105104; 159.121,04 ; 175.033,14 ; 190.945,24 ; 206.857,35 ; 221.932,88 ; 238.472,43 ; 238.472,43 ; 254.370,59 ; 259.982,54 ; 260.449,86 ; 260.449,86 ; 260.449,86 ; 481.153,63 ; 3.207.690,85 
MA;IGARAPE DO MEIO;2105153; 143.429,46 ; 157.772,40 ; 172.115,35 ; 186.458,29 ; 200.048,90 ; 214.956,11 ; 214.956,11 ; 229.286,52 ; 234.329,26 ; 234.764,19 ; 234.764,19 ; 234.764,19 ; 433.702,06 ; 2.891.347,03 
MA;IGARAPE GRANDE;2105203; 70.958,05 ; 78.053,85 ; 85.149,66 ; 92.245,46 ; 98.968,56 ; 106.343,91 ; 106.343,91 ; 113.433,50 ; 115.932,68 ; 116.144,03 ; 116.144,03 ; 116.144,03 ; 214.563,83 ; 1.430.425,50 
MA;IMPERATRIZ;2105302; 1.333.988,62 ; 1.467.387,48 ; 1.600.786,34 ; 1.734.185,20 ; 1.860.584,46 ; 1.999.233,03 ; 1.999.233,03 ; 2.132.515,23 ; 2.179.442,54 ; 2.183.464,65 ; 2.183.464,65 ; 2.183.464,65 ; 4.033.720,57 ; 26.891.470,45 
MA;ITAIPAVA DO GRAJAU;2105351; 95.573,48 ; 105.130,82 ; 114.688,17 ; 124.245,52 ; 133.301,05 ; 143.234,78 ; 143.234,78 ; 152.783,77 ; 156.148,16 ; 156.434,33 ; 156.434,33 ; 156.434,33 ; 288.995,92 ; 1.926.639,44 
MA;ITAPECURU MIRIM;2105401; 460.352,57 ; 506.387,83 ; 552.423,09 ; 598.458,34 ; 641.690,85 ; 689.828,19 ; 689.828,19 ; 735.816,74 ; 752.057,06 ; 753.403,11 ; 753.403,11 ; 753.403,11 ; 1.391.832,75 ; 9.278.884,94 
MA;ITINGA DO MARANHAO;2105427; 67.882,04 ; 74.670,25 ; 81.458,45 ; 88.246,66 ; 94.706,68 ; 101.741,03 ; 101.741,03 ; 108.523,77 ; 110.655,52 ; 111.082,26 ; 111.082,26 ; 111.082,26 ; 205.212,75 ; 1.368.084,96 
MA;JATOBA;2105450; 68.626,19 ; 75.488,81 ; 82.351,43 ; 89.214,05 ; 95.717,65 ; 102.849,55 ; 102.849,55 ; 109.706,19 ; 112.109,93 ; 112.325,86 ; 112.325,86 ; 112.325,86 ; 207.510,17 ; 1.383.401,10 
MA;JENIPAPO DOS VIEIRAS;2105476; 106.330,98 ; 116.964,08 ; 127.597,18 ; 138.230,28 ; 148.304,96 ; 159.356,88 ; 159.356,88 ; 169.980,67 ; 173.725,22 ; 174.042,34 ; 174.042,34 ; 174.042,34 ; 321.524,85 ; 2.143.499,00 
MA;JOAO LISBOA;2105500; 171.014,82 ; 188.116,30 ; 205.217,78 ; 222.319,26 ; 238.522,67 ; 256.297,73 ; 256.297,73 ; 273.384,24 ; 279.406,18 ; 279.916,65 ; 279.916,65 ; 279.916,65 ; 517.116,48 ; 3.447.443,14 
MA;JOSELANDIA;2105609; 42.303,42 ; 46.533,76 ; 50.764,10 ; 54.994,45 ; 59.020,39 ; 63.404,01 ; 63.404,01 ; 67.630,94 ; 68.959,42 ; 69.225,37 ; 69.225,37 ; 69.225,37 ; 127.886,57 ; 852.577,18 
MA;JUNCO DO MARANHAO;2105658; 55.334,73 ; 60.868,20 ; 66.401,67 ; 71.935,14 ; 77.177,99 ; 82.929,45 ; 82.929,45 ; 88.458,07 ; 90.406,60 ; 90.571,75 ; 90.571,75 ; 90.571,75 ; 167.321,75 ; 1.115.478,30 
MA;LAGO DA PEDRA;2105708; 242.803,58 ; 267.083,93 ; 291.364,29 ; 315.644,65 ; 327.167,33 ; 361.015,96 ; 361.015,96 ; 385.083,69 ; 393.571,36 ; 394.285,82 ; 394.285,82 ; 394.285,82 ; 728.401,45 ; 4.856.009,66 
MA;LAGO DOS RODRIGUES;2105948; 61.154,60 ; 67.270,06 ; 73.385,52 ; 79.500,98 ; 85.294,87 ; 91.651,52 ; 91.651,52 ; 97.761,63 ; 99.918,44 ; 100.098,05 ; 100.098,05 ; 100.098,05 ; 184.920,59 ; 1.232.803,88 
MA;LAGO VERDE;2105906; 92.543,40 ; 101.797,74 ; 111.052,08 ; 120.306,42 ; 129.074,88 ; 138.693,64 ; 138.693,64 ; 147.939,89 ; 151.197,40 ; 151.474,69 ; 151.474,69 ; 151.474,69 ; 279.833,50 ; 1.865.556,66 
MA;LAGOA DO MATO;2105922; 71.360,27 ; 78.496,29 ; 85.632,32 ; 92.768,34 ; 99.529,43 ; 106.946,69 ; 106.946,69 ; 114.076,47 ; 116.590,58 ; 116.802,45 ; 116.802,45 ; 116.802,45 ; 215.780,20 ; 1.438.534,63 
MA;LAGOA GRANDE DO MARANHAO;2105963; 76.717,42 ; 84.389,16 ; 92.060,90 ; 99.732,64 ; 107.001,33 ; 114.975,38 ; 114.975,38 ; 122.640,40 ; 125.343,29 ; 125.571,04 ; 125.571,04 ; 125.571,04 ; 231.979,24 ; 1.546.528,26 
MA;LAJEADO NOVO;2105989; 63.911,57 ; 70.302,72 ; 76.693,88 ; 83.085,03 ; 89.140,18 ; 95.783,36 ; 95.783,36 ; 102.168,91 ; 104.422,79 ; 104.610,65 ; 104.610,65 ; 104.610,65 ; 193.257,14 ; 1.288.380,89 
MA;LIMA CAMPOS;2106003; 84.432,64 ; 92.875,90 ; 101.319,17 ; 109.762,43 ; 117.762,95 ; 126.538,28 ; 126.538,28 ; 134.974,16 ; 137.941,37 ; 138.198,53 ; 138.198,53 ; 138.198,53 ; 255.307,20 ; 1.702.047,97 
MA;LORETO;2106102; 69.691,52 ; 76.660,68 ; 83.629,83 ; 90.598,98 ; 97.202,00 ; 104.445,78 ; 104.445,78 ; 111.408,83 ; 113.863,75 ; 114.071,01 ; 114.071,01 ; 114.071,01 ; 210.734,15 ; 1.404.894,33 
MA;LUIS DOMINGUES;2106201; 53.049,30 ; 58.354,23 ; 63.659,16 ; 68.964,09 ; 73.990,19 ; 79.504,26 ; 79.504,26 ; 84.804,55 ; 86.674,17 ; 86.831,13 ; 86.831,13 ; 86.831,13 ; 160.411,35 ; 1.069.408,95 
MA;MARACACUME;2106326; 157.292,31 ; 173.021,54 ; 188.750,77 ; 204.480,00 ; 219.384,40 ; 235.732,27 ; 235.732,27 ; 251.447,75 ; 256.975,79 ; 257.454,57 ; 257.454,57 ; 257.454,57 ; 475.620,15 ; 3.170.800,96 
MA;MARAJA DO SENA;2106359; 60.349,17 ; 66.384,08 ; 72.419,00 ; 78.453,91 ; 84.172,41 ; 90.444,66 ; 90.444,66 ; 96.474,31 ; 98.594,36 ; 98.778,85 ; 98.778,85 ; 98.778,85 ; 182.483,49 ; 1.216.556,60 
MA;MARANHÃO;21; 11.624.625,28 ; 12.787.087,80 ; 13.949.550,33 ; 15.112.012,86 ; 16.142.770,63 ; 17.404.011,73 ; 17.404.011,73 ; 18.564.279,18 ; 18.978.193,10 ; 19.008.533,82 ; 19.008.533,82 ; 19.008.533,82 ; 35.116.260,73 ; 234.108.404,83 
MA;MATA ROMA;2106409; 136.059,65 ; 149.665,62 ; 163.271,58 ; 176.877,55 ; 189.767,56 ; 203.910,50 ; 203.910,50 ; 217.504,54 ; 222.308,99 ; 222.703,52 ; 222.703,52 ; 222.703,52 ; 411.421,25 ; 2.742.808,30 
MA;MATINHA;2106508; 72.766,72 ; 80.043,39 ; 87.320,06 ; 94.596,73 ; 101.521,57 ; 109.062,14 ; 109.062,14 ; 116.332,95 ; 118.618,12 ; 119.075,54 ; 119.075,54 ; 119.075,54 ; 219.979,50 ; 1.466.529,94 
MA;MATOES DO NORTE;2106631; 107.042,31 ; 117.746,54 ; 128.450,77 ; 139.155,00 ; 149.296,32 ; 160.422,76 ; 160.422,76 ; 171.117,61 ; 174.893,59 ; 175.207,29 ; 175.207,29 ; 175.207,29 ; 323.676,98 ; 2.157.846,51 
MA;MILAGRES DO MARANHAO;2106672; 86.830,42 ; 95.513,46 ; 104.196,50 ; 112.879,54 ; 121.104,66 ; 130.131,17 ; 130.131,17 ; 138.806,58 ; 141.881,56 ; 142.125,64 ; 142.125,64 ; 142.125,64 ; 262.562,12 ; 1.750.414,10 
MA;MIRADOR;2106706; 119.930,93 ; 131.924,02 ; 143.917,11 ; 155.910,21 ; 167.271,88 ; 179.738,56 ; 179.738,56 ; 191.721,13 ; 195.958,78 ; 196.304,18 ; 196.304,18 ; 196.304,18 ; 362.651,25 ; 2.417.674,97 
MA;MIRANDA DO NORTE;2106755; 121.925,11 ; 134.117,62 ; 146.310,13 ; 158.502,64 ; 170.054,42 ; 182.727,50 ; 182.727,50 ; 194.909,33 ; 199.206,75 ; 199.567,16 ; 199.567,16 ; 199.567,16 ; 368.679,27 ; 2.457.861,75 
MA;MIRINZAL;2106805; 38.662,57 ; 42.528,83 ; 46.395,09 ; 50.261,35 ; 53.940,77 ; 57.947,14 ; 57.947,14 ; 61.810,29 ; 63.024,46 ; 63.267,49 ; 63.267,49 ; 63.267,49 ; 116.880,01 ; 779.200,12 
MA;MONCAO;2106904; 210.485,97 ; 231.534,57 ; 252.583,16 ; 273.631,76 ; 293.575,04 ; 315.452,64 ; 315.452,64 ; 336.482,81 ; 343.894,88 ; 344.522,97 ; 344.522,97 ; 344.522,97 ; 636.469,84 ; 4.243.132,22 
MA;MONTES ALTOS;2107001; 54.210,37 ; 59.631,40 ; 65.052,44 ; 70.473,48 ; 75.609,13 ; 81.244,22 ; 81.244,22 ; 86.660,50 ; 88.575,48 ; 88.732,04 ; 88.732,04 ; 88.732,04 ; 163.923,07 ; 1.092.820,43 
MA;MORROS;2107100; 147.654,87 ; 162.420,36 ; 177.185,84 ; 191.951,33 ; 205.943,20 ; 221.288,92 ; 221.288,92 ; 236.041,51 ; 241.224,63 ; 241.679,45 ; 241.679,45 ; 241.679,45 ; 446.477,29 ; 2.976.515,22 
MA;NINA RODRIGUES;2107209; 100.700,55 ; 110.770,60 ; 120.840,66 ; 130.910,71 ; 140.450,99 ; 150.918,39 ; 150.918,39 ; 160.979,61 ; 164.534,23 ; 164.827,32 ; 164.827,32 ; 164.827,32 ; 304.501,08 ; 2.030.007,17 
MA;NOVA COLINAS;2107258; 18.056,11 ; 19.861,72 ; 21.667,33 ; 23.472,94 ; 25.177,08 ; 27.058,77 ; 27.058,77 ; 28.862,69 ; 29.560,21 ; 29.560,62 ; 29.560,62 ; 29.560,62 ; 54.610,14 ; 364.067,62 
MA;NOVA IORQUE;2107308; 23.246,57 ; 25.571,22 ; 27.895,88 ; 30.220,54 ; 32.423,39 ; 34.839,38 ; 34.839,38 ; 37.162,01 ; 37.978,88 ; 38.049,75 ; 38.049,75 ; 38.049,75 ; 70.292,91 ; 468.619,41 
MA;NOVA OLINDA DO MARANHAO;2107357; 64.562,67 ; 71.018,94 ; 77.475,20 ; 83.931,47 ; 90.075,61 ; 96.765,98 ; 96.765,98 ; 103.217,05 ; 105.244,58 ; 105.650,43 ; 105.650,43 ; 105.650,43 ; 195.178,02 ; 1.301.186,79 
MA;OLHO DAGUA DAS CUNHAS;2107407; 132.326,87 ; 145.559,56 ; 158.792,25 ; 172.024,93 ; 184.562,67 ; 198.316,59 ; 198.316,59 ; 211.537,70 ; 216.197,56 ; 216.592,34 ; 216.592,34 ; 216.592,34 ; 400.131,49 ; 2.667.543,23 
MA;OLINDA NOVA DO MARANHAO;2107456; 86.165,99 ; 94.782,59 ; 103.399,19 ; 112.015,79 ; 120.178,59 ; 129.135,55 ; 129.135,55 ; 137.744,59 ; 140.790,51 ; 141.037,52 ; 141.037,52 ; 141.037,52 ; 260.551,93 ; 1.737.012,84 
MA;PACO DO LUMIAR;2107506; 806.496,79 ; 887.146,47 ; 967.796,14 ; 1.048.445,82 ; 1.112.949,59 ; 1.205.708,71 ; 1.205.708,71 ; 1.286.089,29 ; 1.314.379,07 ; 1.316.814,63 ; 1.316.814,63 ; 1.316.814,63 ; 2.432.676,09 ; 16.217.840,57 
MA;PALMEIRANDIA;2107605; 49.669,58 ; 54.636,54 ; 59.603,50 ; 64.570,46 ; 69.297,24 ; 74.444,35 ; 74.444,35 ; 79.407,31 ; 80.967,15 ; 81.279,36 ; 81.279,36 ; 81.279,36 ; 150.155,04 ; 1.001.033,60 
MA;PARAIBANO;2107704; 54.728,61 ; 60.201,47 ; 65.674,33 ; 71.147,19 ; 76.355,47 ; 82.026,78 ; 82.026,78 ; 87.495,23 ; 89.213,90 ; 89.557,97 ; 89.557,97 ; 89.557,97 ; 165.448,89 ; 1.102.992,56 
MA;PARNARAMA;2107803; 264.236,26 ; 290.659,88 ; 317.083,51 ; 343.507,13 ; 368.549,81 ; 396.009,16 ; 396.009,16 ; 422.409,78 ; 431.654,11 ; 432.495,03 ; 432.495,03 ; 432.495,03 ; 798.988,93 ; 5.326.592,82 
MA;PASTOS BONS;2108009; 175.337,21 ; 192.870,93 ; 210.404,65 ; 227.938,37 ; 244.551,30 ; 262.775,63 ; 262.775,63 ; 280.294,00 ; 286.468,50 ; 286.991,57 ; 286.991,57 ; 286.991,57 ; 530.186,64 ; 3.534.577,57 
MA;PAULINO NEVES;2108058; 152.692,97 ; 167.962,27 ; 183.231,57 ; 198.500,87 ; 212.966,14 ; 228.838,48 ; 228.838,48 ; 244.094,38 ; 249.490,80 ; 249.929,55 ; 249.929,55 ; 249.929,55 ; 461.718,47 ; 3.078.123,08 
MA;PAULO RAMOS;2108108; 154.033,65 ; 169.437,02 ; 184.840,38 ; 200.243,75 ; 214.836,88 ; 230.847,94 ; 230.847,94 ; 246.237,80 ; 251.674,09 ; 252.123,20 ; 252.123,20 ; 252.123,20 ; 465.771,02 ; 3.105.140,07 
MA;PEDREIRAS;2108207; 175.047,45 ; 192.552,20 ; 210.056,94 ; 227.561,69 ; 244.148,26 ; 262.341,64 ; 262.341,64 ; 279.831,08 ; 285.985,80 ; 286.516,31 ; 286.516,31 ; 286.516,31 ; 529.308,65 ; 3.528.724,28 
MA;PEDRO DO ROSARIO;2108256; 218.375,25 ; 240.212,77 ; 262.050,30 ; 283.887,82 ; 304.575,16 ; 327.275,34 ; 327.275,34 ; 349.093,69 ; 356.814,86 ; 357.439,38 ; 357.439,38 ; 357.439,38 ; 660.331,54 ; 4.402.210,21 
MA;PENALVA;2108306; 246.848,34 ; 271.533,17 ; 296.218,00 ; 320.902,84 ; 344.290,45 ; 369.948,21 ; 369.948,21 ; 394.611,43 ; 403.312,64 ; 404.041,71 ; 404.041,71 ; 404.041,71 ; 746.424,43 ; 4.976.162,85 
MA;PERI MIRIM;2108405; 31.591,07 ; 34.750,18 ; 37.909,29 ; 41.068,39 ; 44.074,84 ; 47.348,43 ; 47.348,43 ; 50.505,00 ; 51.497,11 ; 51.695,67 ; 51.695,67 ; 51.695,67 ; 95.502,30 ; 636.682,05 
MA;PERITORO;2108454; 188.495,26 ; 207.344,78 ; 226.194,31 ; 245.043,83 ; 262.903,16 ; 282.495,35 ; 282.495,35 ; 301.328,37 ; 307.969,18 ; 308.528,94 ; 308.528,94 ; 308.528,94 ; 569.974,67 ; 3.799.831,08 
MA;PINDARE MIRIM;2108504; 266.095,67 ; 292.705,23 ; 319.314,80 ; 345.924,37 ; 371.134,31 ; 398.793,60 ; 398.793,60 ; 425.379,84 ; 434.771,23 ; 435.547,00 ; 435.547,00 ; 435.547,00 ; 804.627,12 ; 5.364.180,77 
MA;PIO XII;2108702; 187.076,97 ; 205.784,67 ; 224.492,36 ; 243.200,06 ; 260.928,14 ; 280.370,56 ; 280.370,56 ; 299.061,93 ; 305.624,24 ; 306.204,52 ; 306.204,52 ; 306.204,52 ; 565.680,55 ; 3.771.203,60 
MA;POCAO DE PEDRAS;2108900; 113.008,25 ; 124.309,07 ; 135.609,90 ; 146.910,72 ; 157.620,36 ; 169.364,59 ; 169.364,59 ; 180.655,56 ; 184.614,13 ; 184.969,47 ; 184.969,47 ; 184.969,47 ; 341.711,58 ; 2.278.077,16 
MA;PORTO FRANCO;2109007; 202.495,06 ; 222.744,57 ; 242.994,08 ; 263.243,58 ; 282.433,95 ; 303.477,82 ; 303.477,82 ; 323.709,67 ; 330.801,91 ; 331.439,48 ; 331.439,48 ; 331.439,48 ; 612.299,46 ; 4.081.996,36 
MA;PORTO RICO DO MARANHAO;2109056; 39.652,63 ; 43.617,89 ; 47.583,16 ; 51.548,42 ; 55.305,34 ; 59.426,86 ; 59.426,86 ; 63.388,65 ; 64.786,43 ; 64.903,49 ; 64.903,49 ; 64.903,49 ; 119.902,35 ; 799.349,06 
MA;PRESIDENTE DUTRA;2109106; 243.474,70 ; 267.822,17 ; 292.169,64 ; 316.517,11 ; 339.586,91 ; 364.892,64 ; 364.892,64 ; 389.218,82 ; 397.784,60 ; 398.518,02 ; 398.518,02 ; 398.518,02 ; 736.220,00 ; 4.908.133,29 
MA;PRESIDENTE JUSCELINO;2109205; 43.994,81 ; 48.394,29 ; 52.793,77 ; 57.193,25 ; 61.345,25 ; 65.930,34 ; 65.930,34 ; 70.325,69 ; 72.025,22 ; 72.026,25 ; 72.026,25 ; 72.026,25 ; 133.060,90 ; 887.072,61 
MA;PRESIDENTE MEDICI;2109239; 46.707,05 ; 51.377,76 ; 56.048,46 ; 60.719,17 ; 65.144,02 ; 69.999,13 ; 69.999,13 ; 74.665,73 ; 76.315,46 ; 76.450,52 ; 76.450,52 ; 76.450,52 ; 141.234,26 ; 941.561,73 
MA;PRESIDENTE SARNEY;2109270; 77.081,60 ; 84.789,75 ; 92.497,91 ; 100.206,07 ; 107.541,59 ; 115.529,24 ; 115.529,24 ; 123.231,19 ; 125.651,83 ; 126.136,42 ; 126.136,42 ; 126.136,42 ; 233.023,72 ; 1.553.491,40 
MA;PRESIDENTE VARGAS;2109304; 96.576,98 ; 106.234,68 ; 115.892,38 ; 125.550,08 ; 134.699,92 ; 144.738,53 ; 144.738,53 ; 154.387,76 ; 157.794,66 ; 158.077,62 ; 158.077,62 ; 158.077,62 ; 292.031,72 ; 1.946.878,10 
MA;PRIMEIRA CRUZ;2109403; 102.932,64 ; 113.225,91 ; 123.519,17 ; 133.812,44 ; 143.564,08 ; 154.263,58 ; 154.263,58 ; 164.547,82 ; 168.182,04 ; 168.480,91 ; 168.480,91 ; 168.480,91 ; 311.250,71 ; 2.075.004,70 
MA;RAPOSA;2109452; 196.765,80 ; 216.442,38 ; 236.118,95 ; 255.795,53 ; 274.438,06 ; 294.890,19 ; 294.890,19 ; 314.549,54 ; 321.485,54 ; 322.066,55 ; 322.066,55 ; 322.066,55 ; 594.983,98 ; 3.966.559,81 
MA;RIACHAO;2109502; 129.293,32 ; 142.222,65 ; 155.151,98 ; 168.081,31 ; 180.330,17 ; 193.769,87 ; 193.769,87 ; 206.687,87 ; 211.254,16 ; 211.628,40 ; 211.628,40 ; 211.628,40 ; 390.961,14 ; 2.606.407,54 
MA;RIBAMAR FIQUENE;2109551; 49.867,54 ; 54.854,29 ; 59.841,05 ; 64.827,80 ; 69.552,87 ; 74.735,91 ; 74.735,91 ; 79.718,30 ; 81.471,98 ; 81.622,83 ; 81.622,83 ; 81.622,83 ; 150.789,56 ; 1.005.263,70 
MA;SAMBAIBA;2109700; 33.803,04 ; 37.183,35 ; 40.563,65 ; 43.943,96 ; 47.146,89 ; 50.660,20 ; 50.660,20 ; 54.037,55 ; 55.227,51 ; 55.328,71 ; 55.328,71 ; 55.328,71 ; 102.213,96 ; 681.426,44 
MA;SANTA HELENA;2109809; 325.383,80 ; 357.922,17 ; 390.460,55 ; 422.998,93 ; 453.830,38 ; 487.648,98 ; 487.648,98 ; 520.158,91 ; 531.601,11 ; 532.585,82 ; 532.585,82 ; 532.585,82 ; 983.896,11 ; 6.559.307,38 
MA;SANTA INES;2109908; 501.586,25 ; 551.744,88 ; 601.903,50 ; 652.062,13 ; 699.585,84 ; 751.720,66 ; 751.720,66 ; 801.835,37 ; 819.507,70 ; 820.996,26 ; 820.996,26 ; 820.996,26 ; 1.516.703,96 ; 10.111.359,73 
MA;SANTA LUZIA;2110005; 458.165,86 ; 503.982,44 ; 549.799,03 ; 595.615,62 ; 639.025,88 ; 686.647,23 ; 686.647,23 ; 732.423,71 ; 748.561,28 ; 749.925,25 ; 749.925,25 ; 749.925,25 ; 1.385.407,77 ; 9.236.051,80 
MA;SANTA LUZIA DO PARUA;2110039; 152.248,78 ; 167.473,66 ; 182.698,54 ; 197.923,42 ; 212.347,57 ; 228.173,00 ; 228.173,00 ; 243.384,54 ; 248.756,92 ; 249.201,62 ; 249.201,62 ; 249.201,62 ; 460.373,70 ; 3.069.157,99 
MA;SANTA QUITERIA DO MARANHAO;2110104; 247.018,21 ; 271.720,03 ; 296.421,85 ; 321.123,67 ; 344.525,23 ; 370.202,26 ; 370.202,26 ; 394.882,41 ; 403.609,46 ; 404.321,83 ; 404.321,83 ; 404.321,83 ; 746.941,93 ; 4.979.612,80 
MA;SANTANA DO MARANHAO;2110237; 65.336,90 ; 71.870,58 ; 78.404,27 ; 84.937,96 ; 91.128,84 ; 97.919,65 ; 97.919,65 ; 104.447,63 ; 106.745,37 ; 106.942,97 ; 106.942,97 ; 106.942,97 ; 197.565,84 ; 1.317.105,60 
MA;SANTO AMARO DO MARANHAO;2110278; 89.860,97 ; 98.847,07 ; 107.833,17 ; 116.819,26 ; 125.332,56 ; 134.673,28 ; 134.673,28 ; 143.651,50 ; 146.823,74 ; 147.085,06 ; 147.085,06 ; 147.085,06 ; 271.724,13 ; 1.811.494,14 
MA;SANTO ANTONIO DOS LOPES;2110302; 107.977,19 ; 118.774,91 ; 129.572,62 ; 140.370,34 ; 150.601,89 ; 161.824,26 ; 161.824,26 ; 172.612,54 ; 176.406,65 ; 176.735,96 ; 176.735,96 ; 176.735,96 ; 326.501,04 ; 2.176.673,58 
MA;SAO BENEDITO DO RIO PRETO;2110401; 165.497,71 ; 182.047,48 ; 198.597,25 ; 215.147,02 ; 230.825,26 ; 248.028,69 ; 248.028,69 ; 264.563,94 ; 270.414,14 ; 270.888,61 ; 270.888,61 ; 270.888,61 ; 500.438,12 ; 3.336.254,13 
MA;SAO BENTO;2110500; 243.306,29 ; 267.636,92 ; 291.967,55 ; 316.298,17 ; 339.348,47 ; 364.639,37 ; 364.639,37 ; 388.948,66 ; 397.540,67 ; 398.245,72 ; 398.245,72 ; 398.245,72 ; 735.716,94 ; 4.904.779,57 
MA;SAO BERNARDO;2110609; 124.480,81 ; 136.928,89 ; 149.376,97 ; 161.825,05 ; 173.671,34 ; 186.570,79 ; 186.570,79 ; 199.008,84 ; 202.918,04 ; 203.700,55 ; 203.700,55 ; 203.700,55 ; 376.315,27 ; 2.508.768,44 
MA;SAO DOMINGOS DO AZEITAO;2110658; 52.874,47 ; 58.161,92 ; 63.449,36 ; 68.736,81 ; 73.746,41 ; 79.242,25 ; 79.242,25 ; 84.525,07 ; 86.388,43 ; 86.544,97 ; 86.544,97 ; 86.544,97 ; 159.882,69 ; 1.065.884,57 
MA;SAO DOMINGOS DO MARANHAO;2110708; 225.949,52 ; 248.544,47 ; 271.139,42 ; 293.734,38 ; 315.141,31 ; 338.627,29 ; 338.627,29 ; 361.202,45 ; 369.172,60 ; 369.835,08 ; 369.835,08 ; 369.835,08 ; 683.231,30 ; 4.554.875,27 
MA;SAO FELIX DE BALSAS;2110807; 10.997,37 ; 12.097,11 ; 13.196,85 ; 14.296,58 ; 15.343,23 ; 16.482,77 ; 16.482,77 ; 17.581,62 ; 17.926,98 ; 17.996,11 ; 17.996,11 ; 17.996,11 ; 33.245,93 ; 221.639,54 
MA;SAO FRANCISCO DO MARANHAO;2110906; 80.595,03 ; 88.654,54 ; 96.714,04 ; 104.773,54 ; 112.409,29 ; 120.786,62 ; 120.786,62 ; 128.839,06 ; 131.681,67 ; 131.918,25 ; 131.918,25 ; 131.918,25 ; 243.705,04 ; 1.624.700,20 
MA;SAO JOAO DO CARU;2111029; 98.384,86 ; 108.223,34 ; 118.061,83 ; 127.900,31 ; 137.222,12 ; 147.448,13 ; 147.448,13 ; 157.278,01 ; 160.742,28 ; 161.036,09 ; 161.036,09 ; 161.036,09 ; 297.497,17 ; 1.983.314,45 
MA;SAO JOAO DO PARAISO;2111052; 76.524,99 ; 84.177,49 ; 91.829,99 ; 99.482,48 ; 106.732,62 ; 114.686,91 ; 114.686,91 ; 122.332,70 ; 125.031,60 ; 125.256,36 ; 125.256,36 ; 125.256,36 ; 231.397,91 ; 1.542.652,68 
MA;SAO JOAO DO SOTER;2111078; 141.632,88 ; 155.796,17 ; 169.959,45 ; 184.122,74 ; 190.762,58 ; 210.568,46 ; 210.568,46 ; 224.606,36 ; 229.575,19 ; 229.976,10 ; 229.976,10 ; 229.976,10 ; 424.856,58 ; 2.832.377,17 
MA;SAO JOAO DOS PATOS;2111102; 154.025,06 ; 169.427,57 ; 184.830,07 ; 200.232,58 ; 214.827,44 ; 230.835,69 ; 230.835,69 ; 246.224,73 ; 251.637,70 ; 252.106,75 ; 252.106,75 ; 252.106,75 ; 465.740,62 ; 3.104.937,40 
MA;SAO JOSE DOS BASILIOS;2111250; 43.309,51 ; 47.640,47 ; 51.971,43 ; 56.302,37 ; 60.406,17 ; 64.907,48 ; 64.907,48 ; 69.234,65 ; 70.757,44 ; 70.888,67 ; 70.888,67 ; 70.888,67 ; 130.959,36 ; 873.062,37 
MA;SAO LUIS GONZAGA DO MARANHAO;2111409; 70.774,59 ; 77.852,05 ; 84.929,51 ; 92.006,97 ; 98.742,27 ; 106.076,36 ; 106.076,36 ; 113.148,12 ; 115.370,73 ; 115.815,63 ; 115.815,63 ; 115.815,63 ; 213.957,15 ; 1.426.381,00 
MA;SAO MATEUS DO MARANHAO;2111508; 264.247,66 ; 290.672,43 ; 317.097,19 ; 343.521,96 ; 368.559,14 ; 396.024,60 ; 396.024,60 ; 422.426,24 ; 431.731,16 ; 432.519,95 ; 432.519,95 ; 432.519,95 ; 799.034,97 ; 5.326.899,80 
MA;SAO PEDRO DA AGUA BRANCA;2111532; 37.342,33 ; 41.076,56 ; 44.810,80 ; 48.545,03 ; 52.098,83 ; 55.968,37 ; 55.968,37 ; 59.699,59 ; 60.872,26 ; 61.107,04 ; 61.107,04 ; 61.107,04 ; 112.888,81 ; 752.592,07 
MA;SAO PEDRO DOS CRENTES;2111573; 33.447,11 ; 36.791,82 ; 40.136,53 ; 43.481,24 ; 46.650,28 ; 50.126,74 ; 50.126,74 ; 53.468,52 ; 54.647,05 ; 54.746,23 ; 54.746,23 ; 54.746,23 ; 101.137,89 ; 674.252,61 
MA;SAO ROBERTO;2111672; 37.701,44 ; 41.471,59 ; 45.241,73 ; 49.011,87 ; 52.583,61 ; 56.502,54 ; 56.502,54 ; 60.269,37 ; 61.601,81 ; 61.710,14 ; 61.710,14 ; 61.710,14 ; 114.002,98 ; 760.019,90 
MA;SAO VICENTE FERRER;2111706; 115.827,51 ; 127.410,26 ; 138.993,01 ; 150.575,76 ; 161.548,99 ; 173.588,89 ; 173.588,89 ; 185.161,48 ; 189.251,54 ; 189.587,38 ; 189.587,38 ; 189.587,38 ; 350.242,68 ; 2.334.951,15 
MA;SATUBINHA;2111722; 91.942,21 ; 101.136,43 ; 110.330,65 ; 119.524,88 ; 128.235,95 ; 137.792,54 ; 137.792,54 ; 146.978,71 ; 150.219,19 ; 150.491,11 ; 150.491,11 ; 150.491,11 ; 278.016,44 ; 1.853.442,87 
MA;SENADOR ALEXANDRE COSTA;2111748; 77.133,47 ; 84.846,81 ; 92.560,16 ; 100.273,50 ; 107.581,06 ; 115.598,76 ; 115.598,76 ; 123.305,35 ; 126.027,86 ; 126.252,54 ; 126.252,54 ; 126.252,54 ; 233.238,25 ; 1.554.921,60 
MA;SENADOR LA ROCQUE;2111763; 44.734,85 ; 49.208,33 ; 53.681,82 ; 58.155,30 ; 62.412,49 ; 67.048,21 ; 67.048,21 ; 71.518,09 ; 72.922,93 ; 73.204,16 ; 73.204,16 ; 73.204,16 ; 135.236,95 ; 901.579,66 
MA;SERRANO DO MARANHAO;2111789; 58.242,98 ; 64.067,28 ; 69.891,57 ; 75.715,87 ; 81.258,57 ; 87.294,08 ; 87.294,08 ; 93.113,69 ; 94.942,74 ; 95.308,88 ; 95.308,88 ; 95.308,88 ; 176.073,10 ; 1.173.820,60 
MA;TASSO FRAGOSO;2112001; 70.841,13 ; 77.925,24 ; 85.009,35 ; 92.093,47 ; 98.805,39 ; 106.168,66 ; 106.168,66 ; 113.246,57 ; 115.742,47 ; 115.952,74 ; 115.952,74 ; 115.952,74 ; 214.210,45 ; 1.428.069,61 
MA;TIMBIRAS;2112100; 183.176,08 ; 201.493,68 ; 219.811,29 ; 238.128,90 ; 255.484,27 ; 274.523,56 ; 274.523,56 ; 292.825,13 ; 299.278,57 ; 299.822,52 ; 299.822,52 ; 299.822,52 ; 553.890,46 ; 3.692.603,06 
MA;TIMON;2112209; 1.152.400,05 ; 1.267.640,05 ; 1.382.880,05 ; 1.498.120,06 ; 1.607.339,32 ; 1.727.094,90 ; 1.727.094,90 ; 1.842.234,55 ; 1.882.535,91 ; 1.886.216,79 ; 1.886.216,79 ; 1.886.216,79 ; 3.484.586,51 ; 23.230.576,67 
MA;TRIZIDELA DO VALE;2112233; 156.994,11 ; 172.693,52 ; 188.392,93 ; 204.092,34 ; 218.968,51 ; 235.285,38 ; 235.285,38 ; 250.971,07 ; 256.488,06 ; 256.966,41 ; 256.966,41 ; 256.966,41 ; 474.718,33 ; 3.164.788,86 
MA;TUFILANDIA;2112274; 43.671,78 ; 48.038,97 ; 52.406,15 ; 56.773,32 ; 60.910,59 ; 65.450,21 ; 65.450,21 ; 69.813,54 ; 71.356,74 ; 71.482,44 ; 71.482,44 ; 71.482,44 ; 132.056,27 ; 880.375,10 
MA;TUNTUM;2112308; 230.804,10 ; 253.884,51 ; 276.964,92 ; 300.045,33 ; 321.912,44 ; 345.902,85 ; 345.902,85 ; 368.963,04 ; 377.102,21 ; 377.780,85 ; 377.780,85 ; 377.780,85 ; 697.910,27 ; 4.652.735,07 
MA;TURILANDIA;2112456; 239.383,86 ; 263.322,24 ; 287.260,63 ; 311.199,01 ; 319.169,16 ; 355.083,74 ; 355.083,74 ; 378.755,99 ; 387.149,20 ; 387.812,94 ; 387.812,94 ; 387.812,94 ; 716.443,48 ; 4.776.289,87 
MA;TUTOIA;2112506; 396.607,26 ; 436.267,99 ; 475.928,71 ; 515.589,44 ; 553.164,58 ; 594.389,51 ; 594.389,51 ; 634.015,48 ; 648.008,25 ; 649.168,66 ; 649.168,66 ; 649.168,66 ; 1.199.270,60 ; 7.995.137,31 
MA;URBANO SANTOS;2112605; 266.735,03 ; 293.408,53 ; 320.082,03 ; 346.755,54 ; 372.025,57 ; 399.751,68 ; 399.751,68 ; 426.401,79 ; 435.820,18 ; 436.593,97 ; 436.593,97 ; 436.593,97 ; 806.561,29 ; 5.377.075,23 
MA;VARGEM GRANDE;2112704; 533.464,89 ; 586.811,38 ; 640.157,87 ; 693.504,36 ; 744.068,88 ; 799.501,86 ; 799.501,86 ; 852.801,98 ; 871.410,93 ; 873.155,78 ; 873.155,78 ; 873.155,78 ; 1.613.063,18 ; 10.753.754,53 
MA;VIANA;2112803; 359.841,66 ; 395.825,82 ; 431.809,99 ; 467.794,15 ; 501.886,28 ; 539.289,50 ; 539.289,50 ; 575.242,13 ; 587.935,58 ; 588.990,31 ; 588.990,31 ; 588.990,31 ; 1.088.097,45 ; 7.253.982,99 
MA;VITORIA DO MEARIM;2112902; 173.378,47 ; 190.716,31 ; 208.054,16 ; 225.392,01 ; 241.818,53 ; 259.839,89 ; 259.839,89 ; 277.162,55 ; 283.275,53 ; 283.786,28 ; 283.786,28 ; 283.786,28 ; 524.265,21 ; 3.495.101,39 
MA;VITORINO FREIRE;2113009; 196.803,04 ; 216.483,34 ; 236.163,64 ; 255.843,95 ; 274.491,19 ; 294.946,31 ; 294.946,31 ; 314.609,40 ; 321.535,59 ; 322.126,35 ; 322.126,35 ; 322.126,35 ; 595.094,44 ; 3.967.296,26 
MA;ZE DOCA;2114007; 220.512,07 ; 242.563,28 ; 264.614,48 ; 286.665,69 ; 307.650,89 ; 330.501,63 ; 330.501,63 ; 352.535,07 ; 359.460,02 ; 360.846,22 ; 360.846,22 ; 360.846,22 ; 666.625,32 ; 4.444.168,74 
MG;AIMORES;3101102; 37.351,14 ; 41.086,25 ; 44.821,37 ; 48.556,48 ; 52.081,55 ; 55.974,19 ; 55.974,19 ; 59.705,80 ; 61.148,71 ; 61.149,55 ; 61.149,55 ; 61.149,55 ; 112.967,35 ; 753.115,68 
MG;AIURUOCA;3101201; 7.176,51 ; 7.894,16 ; 8.611,81 ; 9.329,46 ; 11.394,51 ; 11.101,59 ; 11.101,59 ; 11.841,70 ; 12.127,86 ; 12.128,05 ; 12.128,05 ; 12.128,05 ; 22.405,29 ; 149.368,63 
MG;ALBERTINA;3101409; 9.065,35 ; 9.971,89 ; 10.878,43 ; 11.784,96 ; 12.640,58 ; 13.585,28 ; 13.585,28 ; 14.490,97 ; 14.841,17 ; 14.841,38 ; 14.841,38 ; 14.841,38 ; 27.417,88 ; 182.785,93 
MG;ALFREDO VASCONCELOS;3101631; 10.614,38 ; 11.675,82 ; 12.737,26 ; 13.798,70 ; 14.800,48 ; 15.906,65 ; 15.906,65 ; 16.967,09 ; 17.377,14 ; 17.377,37 ; 17.377,37 ; 17.377,37 ; 32.102,87 ; 214.019,15 
MG;ALMENARA;3101706; 146.671,88 ; 161.339,07 ; 176.006,25 ; 190.673,44 ; 204.570,25 ; 219.815,23 ; 219.815,23 ; 234.469,58 ; 239.635,93 ; 240.072,35 ; 240.072,35 ; 240.072,35 ; 443.508,34 ; 2.956.722,25 
MG;ALTEROSA;3102001; 25.643,08 ; 28.207,39 ; 30.771,70 ; 33.336,00 ; 36.822,12 ; 38.695,05 ; 38.695,05 ; 41.274,72 ; 42.272,20 ; 42.272,79 ; 42.272,79 ; 42.272,79 ; 78.094,53 ; 520.630,21 
MG;ALTO RIO DOCE;3102100; 14.203,72 ; 15.624,09 ; 17.044,46 ; 18.464,84 ; 19.805,35 ; 21.285,61 ; 21.285,61 ; 22.704,65 ; 23.253,36 ; 23.253,67 ; 23.253,67 ; 23.253,67 ; 42.958,71 ; 286.391,41 
MG;ALVORADA DE MINAS;3102407; 6.567,96 ; 7.224,75 ; 7.881,55 ; 8.538,34 ; 9.158,25 ; 9.842,70 ; 9.842,70 ; 10.498,88 ; 10.752,62 ; 10.752,75 ; 10.752,75 ; 10.752,75 ; 19.864,58 ; 132.430,58 
MG;AMPARO DO SERRA;3102506; 13.988,46 ; 15.387,31 ; 16.786,16 ; 18.185,01 ; 19.510,58 ; 20.964,36 ; 20.964,36 ; 22.361,98 ; 22.853,66 ; 22.896,20 ; 22.896,20 ; 22.896,20 ; 42.298,31 ; 281.988,79 
MG;ANDRADAS;3102605; 58.950,73 ; 64.845,80 ; 70.740,87 ; 76.635,94 ; 82.199,34 ; 88.343,19 ; 88.343,19 ; 94.232,73 ; 96.510,06 ; 96.511,38 ; 96.511,38 ; 96.511,38 ; 178.294,59 ; 1.188.630,58 
MG;ANDRELANDIA;3102803; 44.871,53 ; 49.358,68 ; 53.845,83 ; 58.332,99 ; 62.585,54 ; 67.248,66 ; 67.248,66 ; 71.731,91 ; 73.301,94 ; 73.444,56 ; 73.444,56 ; 73.444,56 ; 135.681,08 ; 904.540,50 
MG;ANTONIO PRADO DE MINAS;3103108; 2.960,20 ; 3.256,22 ; 3.552,24 ; 3.848,26 ; 4.127,72 ; 4.436,14 ; 4.436,14 ; 4.731,88 ; 40.796,01 ; 9.659,78 ; 9.659,78 ; 9.659,78 ; 17.845,43 ; 118.969,58 
MG;ARACAI;3103207; 12.382,56 ; 13.620,82 ; 14.859,07 ; 16.097,33 ; 17.270,82 ; 18.557,64 ; 18.557,64 ; 19.794,81 ; 20.229,04 ; 20.267,56 ; 20.267,56 ; 20.267,56 ; 37.442,18 ; 249.614,59 
MG;ARACITABA;3103306; 2.756,03 ; 3.031,64 ; 3.307,24 ; 3.582,84 ; 3.843,01 ; 4.130,18 ; 4.130,18 ; 4.405,52 ; 4.512,00 ; 4.512,05 ; 4.512,05 ; 4.512,05 ; 8.335,54 ; 55.570,33 
MG;ARACUAI;3103405; 66.694,08 ; 73.363,49 ; 80.032,90 ; 86.702,30 ; 96.652,49 ; 100.861,33 ; 100.861,33 ; 107.585,41 ; 109.954,96 ; 110.156,09 ; 110.156,09 ; 110.156,09 ; 203.501,75 ; 1.356.678,31 
MG;ARAPONGA;3103702; 15.220,92 ; 16.743,01 ; 18.265,10 ; 19.787,20 ; 21.230,04 ; 22.811,55 ; 22.811,55 ; 24.332,32 ; 24.862,81 ; 24.913,00 ; 24.913,00 ; 24.913,00 ; 46.024,14 ; 306.827,64 
MG;ARAPUA;3103801; 4.151,95 ; 4.567,14 ; 4.982,34 ; 5.397,53 ; 5.789,44 ; 6.222,09 ; 6.222,09 ; 6.636,89 ; 6.797,28 ; 6.797,38 ; 6.797,38 ; 6.797,38 ; 12.557,45 ; 83.716,34 
MG;ARAXA;3104007; 463.963,05 ; 510.359,35 ; 556.755,65 ; 603.151,96 ; 645.214,94 ; 694.861,25 ; 694.861,25 ; 741.185,33 ; 757.369,62 ; 758.876,65 ; 758.876,65 ; 758.876,65 ; 1.401.944,54 ; 9.346.296,89 
MG;ASTOLFO DUTRA;3104601; 39.379,31 ; 43.317,24 ; 47.255,17 ; 51.193,10 ; 54.925,49 ; 59.017,57 ; 59.017,57 ; 62.952,07 ; 64.328,04 ; 64.454,86 ; 64.454,86 ; 64.454,86 ; 119.073,55 ; 793.823,69 
MG;AUGUSTO DE LIMA;3104809; 11.678,71 ; 12.846,58 ; 14.014,46 ; 15.182,33 ; 16.284,55 ; 17.501,65 ; 17.501,65 ; 18.668,43 ; 19.119,59 ; 19.119,85 ; 19.119,85 ; 19.119,85 ; 35.321,91 ; 235.479,41 
MG;BAEPENDI;3104908; 56.565,32 ; 62.221,85 ; 67.878,38 ; 73.534,92 ; 78.895,91 ; 84.774,12 ; 84.774,12 ; 90.425,73 ; 92.403,20 ; 92.584,48 ; 92.584,48 ; 92.584,48 ; 171.040,06 ; 1.140.267,05 
MG;BAMBUI;3105103; 59.951,19 ; 65.946,31 ; 71.941,43 ; 77.936,55 ; 83.618,94 ; 89.848,63 ; 89.848,63 ; 95.838,54 ; 97.929,83 ; 98.125,91 ; 98.125,91 ; 98.125,91 ; 181.277,26 ; 1.208.515,04 
MG;BANDEIRA DO SUL;3105301; 14.070,61 ; 15.477,67 ; 16.884,73 ; 18.291,79 ; 19.630,91 ; 21.088,91 ; 21.088,91 ; 22.494,84 ; 22.936,73 ; 23.025,16 ; 23.025,16 ; 23.025,16 ; 42.536,57 ; 283.577,15 
MG;BARRA LONGA;3105707; 4.448,59 ; 4.893,45 ; 5.338,31 ; 5.783,17 ; 6.203,08 ; 6.666,64 ; 6.666,64 ; 7.111,08 ; 7.282,94 ; 7.283,03 ; 7.283,03 ; 7.283,03 ; 13.454,64 ; 89.697,63 
MG;BARROSO;3105905; 70.080,25 ; 77.088,27 ; 84.096,30 ; 91.104,32 ; 101.023,93 ; 105.848,28 ; 105.848,28 ; 112.904,83 ; 115.368,03 ; 115.599,46 ; 115.599,46 ; 115.599,46 ; 213.557,81 ; 1.423.718,68 
MG;BELA VISTA DE MINAS;3106002; 28.488,77 ; 31.337,65 ; 34.186,53 ; 37.035,41 ; 39.735,60 ; 42.695,98 ; 42.695,98 ; 45.542,38 ; 46.537,83 ; 46.629,56 ; 46.629,56 ; 46.629,56 ; 86.143,19 ; 574.288,00 
MG;BELO ORIENTE;3106309; 68.577,12 ; 75.434,83 ; 82.292,54 ; 89.150,26 ; 95.622,16 ; 102.769,24 ; 102.769,24 ; 109.620,52 ; 112.269,70 ; 112.271,27 ; 112.271,27 ; 112.271,27 ; 207.409,31 ; 1.382.728,73 
MG;BERILO;3106507; 7.523,98 ; 8.276,38 ; 9.028,78 ; 9.781,18 ; 10.491,33 ; 11.275,39 ; 11.275,39 ; 12.027,08 ; 12.317,73 ; 12.317,91 ; 12.317,91 ; 12.317,91 ; 22.756,05 ; 151.707,02 
MG;BERIZAL;3106655; 7.033,26 ; 7.736,59 ; 8.439,91 ; 9.143,24 ; 9.807,07 ; 10.540,00 ; 10.540,00 ; 11.242,67 ; 11.514,38 ; 11.514,53 ; 11.514,53 ; 11.514,53 ; 21.271,88 ; 141.812,59 
MG;BERTOPOLIS;3106606; 7.096,50 ; 7.806,15 ; 8.515,80 ; 9.225,45 ; 9.895,21 ; 10.634,77 ; 10.634,77 ; 11.343,75 ; 11.617,92 ; 11.618,05 ; 11.618,05 ; 11.618,05 ; 21.463,13 ; 143.087,60 
MG;BICAS;3106903; 25.587,47 ; 28.146,22 ; 30.704,97 ; 33.263,71 ; 35.678,62 ; 38.345,22 ; 38.345,22 ; 40.901,57 ; 41.890,02 ; 41.890,62 ; 41.890,62 ; 41.890,62 ; 77.388,50 ; 515.923,38 
MG;BOCAINA DE MINAS;3107208; 16.541,20 ; 18.195,32 ; 19.849,44 ; 21.503,56 ; 23.071,43 ; 24.790,22 ; 24.790,22 ; 26.442,91 ; 27.020,38 ; 27.074,08 ; 27.074,08 ; 27.074,08 ; 50.016,51 ; 333.443,43 
MG;BOCAIUVA;3107307; 106.843,28 ; 117.527,61 ; 128.211,94 ; 138.896,26 ; 148.032,15 ; 159.877,82 ; 159.877,82 ; 170.536,34 ; 174.299,87 ; 174.612,19 ; 174.612,19 ; 174.612,19 ; 322.577,59 ; 2.150.517,25 
MG;BOM JARDIM DE MINAS;3107505; 23.603,31 ; 25.963,64 ; 28.323,97 ; 30.684,30 ; 32.921,27 ; 35.374,10 ; 35.374,10 ; 37.732,38 ; 38.558,85 ; 38.633,36 ; 38.633,36 ; 38.633,36 ; 71.371,05 ; 475.807,05 
MG;BONFINOPOLIS DE MINAS;3108206; 12.155,99 ; 13.371,59 ; 14.587,18 ; 15.802,78 ; 16.950,04 ; 18.216,89 ; 18.216,89 ; 19.431,35 ; 19.900,96 ; 19.901,22 ; 19.901,22 ; 19.901,22 ; 36.765,40 ; 245.102,73 
MG;BOTELHOS;3108404; 25.069,45 ; 27.576,39 ; 30.083,34 ; 32.590,28 ; 34.956,25 ; 37.568,92 ; 37.568,92 ; 40.073,51 ; 41.041,98 ; 41.042,53 ; 41.042,53 ; 41.042,53 ; 75.821,75 ; 505.478,38 
MG;BOTUMIRIM;3108503; 11.010,60 ; 12.111,66 ; 13.212,72 ; 14.313,78 ; 15.356,87 ; 16.501,40 ; 16.501,40 ; 17.601,49 ; 17.990,98 ; 18.022,31 ; 18.022,31 ; 18.022,31 ; 33.294,32 ; 221.962,15 
MG;BRAS PIRES;3108701; 14.660,01 ; 16.126,01 ; 17.592,01 ; 19.058,01 ; 20.447,65 ; 21.970,90 ; 21.970,90 ; 23.435,63 ; 23.947,02 ; 23.994,97 ; 23.994,97 ; 23.994,97 ; 44.328,18 ; 295.521,23 
MG;BRASILIA DE MINAS;3108602; 57.774,36 ; 63.551,79 ; 69.329,23 ; 75.106,66 ; 80.580,14 ; 86.585,55 ; 86.585,55 ; 92.357,92 ; 94.397,27 ; 94.565,44 ; 94.565,44 ; 94.565,44 ; 174.699,67 ; 1.164.664,46 
MG;BUGRE;3109253; 12.876,13 ; 14.163,74 ; 15.451,36 ; 16.738,97 ; 17.959,48 ; 19.297,40 ; 19.297,40 ; 20.583,90 ; 21.033,29 ; 21.075,20 ; 21.075,20 ; 21.075,20 ; 38.934,22 ; 259.561,49 
MG;BURITIS;3109303; 120.985,72 ; 133.084,30 ; 145.182,87 ; 157.281,44 ; 161.535,11 ; 179.517,37 ; 179.517,37 ; 191.485,19 ; 195.699,89 ; 196.060,23 ; 196.060,23 ; 196.060,23 ; 362.200,59 ; 2.414.670,54 
MG;CABECEIRA GRANDE;3109451; 37.305,33 ; 41.035,87 ; 44.766,40 ; 48.496,93 ; 52.031,78 ; 55.909,06 ; 55.909,06 ; 59.636,34 ; 60.948,68 ; 61.061,15 ; 61.061,15 ; 61.061,15 ; 112.804,04 ; 752.026,94 
MG;CACHOEIRA DE MINAS;3109709; 22.284,57 ; 24.513,03 ; 26.741,49 ; 28.969,94 ; 31.284,28 ; 33.448,32 ; 33.448,32 ; 35.678,21 ; 36.540,47 ; 36.540,94 ; 36.540,94 ; 36.540,94 ; 67.505,54 ; 450.036,99 
MG;CACHOEIRA DOURADA;3109808; 7.409,08 ; 8.149,99 ; 8.890,90 ; 9.631,81 ; 10.331,13 ; 11.103,21 ; 11.103,21 ; 11.843,42 ; 12.129,62 ; 12.129,81 ; 12.129,81 ; 12.129,81 ; 22.408,55 ; 149.390,35 
MG;CAJURI;3110202; 11.126,20 ; 12.238,83 ; 13.351,45 ; 14.464,07 ; 15.514,17 ; 16.673,66 ; 16.673,66 ; 17.785,24 ; 18.215,05 ; 18.215,31 ; 18.215,31 ; 18.215,31 ; 33.650,86 ; 224.339,12 
MG;CALDAS;3110301; 44.965,08 ; 49.461,59 ; 53.958,10 ; 58.454,61 ; 62.716,64 ; 67.389,03 ; 67.389,03 ; 71.881,63 ; 73.449,31 ; 73.597,11 ; 73.597,11 ; 73.597,11 ; 135.962,89 ; 906.419,24 
MG;CAMACHO;3110400; 9.831,41 ; 10.814,55 ; 11.797,70 ; 12.780,84 ; 13.712,84 ; 14.734,32 ; 14.734,32 ; 15.716,60 ; 16.059,10 ; 16.091,65 ; 16.091,65 ; 16.091,65 ; 29.727,63 ; 198.184,26 
MG;CAMANDUCAIA;3110509; 114.043,30 ; 125.447,63 ; 136.851,96 ; 148.256,29 ; 159.063,23 ; 170.915,62 ; 170.915,62 ; 182.309,99 ; 186.311,97 ; 186.664,36 ; 186.664,36 ; 186.664,36 ; 344.842,72 ; 2.298.951,41 
MG;CAMBUQUIRA;3110707; 38.703,17 ; 42.573,49 ; 46.443,81 ; 50.314,13 ; 62.575,54 ; 60.152,53 ; 60.152,53 ; 64.162,70 ; 65.565,89 ; 65.694,48 ; 65.694,48 ; 65.694,48 ; 121.363,62 ; 809.090,85 
MG;CAMPO AZUL;3111150; 8.500,76 ; 9.350,84 ; 10.200,91 ; 11.050,99 ; 11.853,32 ; 12.739,19 ; 12.739,19 ; 13.588,47 ; 13.916,86 ; 13.917,05 ; 13.917,05 ; 13.917,05 ; 25.710,29 ; 171.401,97 
MG;CAMPOS GERAIS;3111606; 97.046,63 ; 106.751,29 ; 116.455,95 ; 126.160,62 ; 132.076,83 ; 144.622,85 ; 144.622,85 ; 154.264,37 ; 157.641,88 ; 157.947,71 ; 157.947,71 ; 157.947,71 ; 291.791,72 ; 1.945.278,12 
MG;CANA VERDE;3111903; 15.855,01 ; 17.440,51 ; 19.026,01 ; 20.611,51 ; 22.114,17 ; 23.761,79 ; 23.761,79 ; 25.345,91 ; 25.901,13 ; 25.951,13 ; 25.951,13 ; 25.951,13 ; 47.941,97 ; 319.613,19 
MG;CANAA;3111705; 5.317,72 ; 5.849,49 ; 6.381,27 ; 6.913,04 ; 7.414,94 ; 7.969,11 ; 7.969,11 ; 8.500,38 ; 8.705,81 ; 8.705,93 ; 8.705,93 ; 8.705,93 ; 16.083,29 ; 107.221,95 
MG;CANTAGALO;3112059; 12.576,21 ; 13.833,83 ; 15.091,46 ; 16.349,08 ; 18.367,06 ; 19.054,40 ; 19.054,40 ; 20.324,70 ; 20.770,98 ; 20.810,16 ; 20.810,16 ; 20.810,16 ; 38.444,57 ; 256.297,17 
MG;CAPELA NOVA;3112208; 5.440,49 ; 5.984,53 ; 6.528,58 ; 7.072,63 ; 7.586,14 ; 8.153,08 ; 8.153,08 ; 8.696,62 ; 8.906,80 ; 8.906,91 ; 8.906,91 ; 8.906,91 ; 16.454,59 ; 109.697,27 
MG;CAPELINHA;3112307; 128.862,88 ; 141.749,16 ; 154.635,45 ; 167.521,74 ; 179.735,29 ; 193.126,15 ; 193.126,15 ; 206.001,23 ; 210.502,36 ; 210.918,65 ; 210.918,65 ; 210.918,65 ; 389.649,95 ; 2.597.666,31 
MG;CAPIM BRANCO;3112505; 32.948,82 ; 36.243,71 ; 39.538,59 ; 42.833,47 ; 45.956,49 ; 49.380,26 ; 49.380,26 ; 52.672,27 ; 53.822,59 ; 53.929,53 ; 53.929,53 ; 53.929,53 ; 99.629,12 ; 664.194,17 
MG;CAPITAO ENEAS;3112703; 54.731,12 ; 60.204,24 ; 65.677,35 ; 71.150,46 ; 76.335,89 ; 82.024,79 ; 82.024,79 ; 87.493,11 ; 89.422,20 ; 89.583,96 ; 89.583,96 ; 89.583,96 ; 165.496,92 ; 1.103.312,75 
MG;CAPITOLIO;3112802; 30.250,10 ; 33.275,11 ; 36.300,12 ; 39.325,13 ; 42.192,24 ; 45.335,66 ; 45.335,66 ; 48.358,03 ; 49.415,16 ; 49.512,45 ; 49.512,45 ; 49.512,45 ; 91.469,04 ; 609.793,60 
MG;CAPUTIRA;3112901; 19.114,76 ; 21.026,24 ; 22.937,71 ; 24.849,19 ; 26.653,19 ; 28.645,26 ; 28.645,26 ; 30.554,95 ; 31.293,38 ; 31.293,80 ; 31.293,80 ; 31.293,80 ; 57.811,99 ; 385.413,33 
MG;CARANAIBA;3113107; 8.686,19 ; 9.554,81 ; 10.423,43 ; 11.292,05 ; 12.115,50 ; 13.017,98 ; 13.017,98 ; 13.885,85 ; 14.188,24 ; 14.217,17 ; 14.217,17 ; 14.217,17 ; 26.264,73 ; 175.098,27 
MG;CARANGOLA;3113305; 58.597,66 ; 64.457,42 ; 70.317,19 ; 76.176,95 ; 81.728,91 ; 87.819,55 ; 87.819,55 ; 93.674,19 ; 95.737,94 ; 95.912,54 ; 95.912,54 ; 95.912,54 ; 177.188,30 ; 1.181.255,28 
MG;CAREACU;3113602; 23.035,07 ; 25.338,57 ; 27.642,08 ; 29.945,59 ; 32.128,78 ; 34.522,50 ; 34.522,50 ; 36.824,00 ; 37.630,04 ; 37.703,22 ; 37.703,22 ; 37.703,22 ; 69.652,72 ; 464.351,51 
MG;CARMESIA;3113800; 12.865,72 ; 14.152,30 ; 15.438,87 ; 16.725,44 ; 17.944,69 ; 19.281,74 ; 19.281,74 ; 20.567,19 ; 21.018,77 ; 21.058,44 ; 21.058,44 ; 21.058,44 ; 38.903,25 ; 259.355,03 
MG;CARMO DA MATA;3114006; 14.733,18 ; 16.206,50 ; 17.679,82 ; 19.153,13 ; 20.543,64 ; 22.079,05 ; 22.079,05 ; 23.550,99 ; 24.120,14 ; 24.120,48 ; 24.120,48 ; 24.120,48 ; 44.560,04 ; 297.066,98 
MG;CARMOPOLIS DE MINAS;3114501; 69.231,16 ; 76.154,27 ; 83.077,39 ; 90.000,51 ; 102.107,06 ; 105.142,61 ; 105.142,61 ; 112.152,12 ; 114.604,16 ; 114.829,49 ; 114.829,49 ; 114.829,49 ; 212.135,36 ; 1.414.235,72 
MG;CASA GRANDE;3114907; 9.533,02 ; 10.486,33 ; 11.439,63 ; 12.392,93 ; 13.296,55 ; 14.287,11 ; 14.287,11 ; 15.239,58 ; 15.572,23 ; 15.603,32 ; 15.603,32 ; 15.603,32 ; 28.825,48 ; 192.169,93 
MG;CATAGUASES;3115300; 129.905,26 ; 142.895,78 ; 155.886,31 ; 168.876,83 ; 209.380,61 ; 201.736,20 ; 201.736,20 ; 215.185,28 ; 219.925,26 ; 220.327,05 ; 220.327,05 ; 220.327,05 ; 407.030,98 ; 2.713.539,86 
MG;CATUJI;3115458; 28.706,66 ; 31.577,32 ; 34.447,99 ; 37.318,66 ; 40.038,49 ; 43.022,27 ; 43.022,27 ; 45.890,42 ; 46.902,61 ; 46.987,13 ; 46.987,13 ; 46.987,13 ; 86.803,77 ; 578.691,85 
MG;CATUTI;3115474; 20.353,53 ; 22.388,88 ; 24.424,24 ; 26.459,59 ; 28.388,47 ; 30.503,67 ; 30.503,67 ; 32.537,25 ; 33.250,63 ; 33.314,27 ; 33.314,27 ; 33.314,27 ; 61.544,59 ; 410.297,33 
MG;CAXAMBU;3115508; 52.672,92 ; 57.940,21 ; 63.207,50 ; 68.474,80 ; 73.466,90 ; 78.940,60 ; 78.940,60 ; 84.203,30 ; 86.044,80 ; 86.213,53 ; 86.213,53 ; 86.213,53 ; 159.270,40 ; 1.061.802,62 
MG;CEDRO DO ABAETE;3115607; 4.673,23 ; 5.140,55 ; 5.607,88 ; 6.075,20 ; 6.518,09 ; 7.003,72 ; 7.003,72 ; 7.470,64 ; 7.634,90 ; 7.649,11 ; 7.649,11 ; 7.649,11 ; 14.130,92 ; 94.206,18 
MG;CENTRAL DE MINAS;3115706; 21.795,15 ; 23.974,67 ; 26.154,18 ; 28.333,70 ; 30.399,44 ; 32.664,27 ; 32.664,27 ; 34.841,88 ; 35.603,84 ; 35.673,68 ; 35.673,68 ; 35.673,68 ; 65.903,37 ; 439.355,81 
MG;CENTRALINA;3115805; 17.880,07 ; 19.668,08 ; 21.456,09 ; 23.244,09 ; 24.931,61 ; 26.794,96 ; 26.794,96 ; 28.581,29 ; 29.272,01 ; 29.272,42 ; 29.272,42 ; 29.272,42 ; 54.077,71 ; 360.518,13 
MG;CHALE;3116001; 17.506,84 ; 19.257,52 ; 21.008,21 ; 22.758,89 ; 24.417,90 ; 26.237,32 ; 26.237,32 ; 27.986,48 ; 28.601,31 ; 28.654,99 ; 28.654,99 ; 28.654,99 ; 52.937,07 ; 352.913,83 
MG;CHAPADA GAUCHA;3116159; 37.195,40 ; 40.914,94 ; 44.634,48 ; 48.354,02 ; 51.864,37 ; 55.740,79 ; 55.740,79 ; 59.456,84 ; 60.893,74 ; 60.894,57 ; 60.894,57 ; 60.894,57 ; 112.496,30 ; 749.975,38 
MG;CIPOTANEA;3116308; 3.955,09 ; 4.350,60 ; 4.746,11 ; 5.141,62 ; 5.514,95 ; 5.927,07 ; 5.927,07 ; 6.322,21 ; 6.474,98 ; 6.475,09 ; 6.475,09 ; 6.475,09 ; 11.962,05 ; 79.747,02 
MG;CLARO DOS POCOES;3116506; 22.722,30 ; 24.994,53 ; 27.266,76 ; 29.538,99 ; 31.692,52 ; 34.053,76 ; 34.053,76 ; 36.324,01 ; 37.119,14 ; 37.191,29 ; 37.191,29 ; 37.191,29 ; 68.706,99 ; 458.046,63 
MG;COIMBRA;3116704; 22.791,54 ; 25.070,69 ; 27.349,84 ; 29.629,00 ; 31.789,28 ; 34.157,57 ; 34.157,57 ; 36.434,74 ; 37.230,60 ; 37.304,44 ; 37.304,44 ; 37.304,44 ; 68.916,02 ; 459.440,17 
MG;CONCEICAO DA APARECIDA;3117108; 38.480,99 ; 42.329,09 ; 46.177,19 ; 50.025,29 ; 53.673,38 ; 57.671,47 ; 57.671,47 ; 61.516,24 ; 62.853,12 ; 62.983,71 ; 62.983,71 ; 62.983,71 ; 116.355,77 ; 775.705,14 
MG;CONCEICAO DO MATO DENTRO;3117504; 88.844,69 ; 97.729,16 ; 106.613,63 ; 115.498,10 ; 124.333,87 ; 133.254,87 ; 133.254,87 ; 142.138,53 ; 145.256,35 ; 145.533,12 ; 145.533,12 ; 145.533,12 ; 268.857,08 ; 1.792.380,51 
MG;CONCEICAO DO RIO VERDE;3117702; 46.004,41 ; 50.604,85 ; 55.205,29 ; 59.805,73 ; 65.455,50 ; 69.268,96 ; 69.268,96 ; 73.886,89 ; 75.503,21 ; 75.650,88 ; 75.650,88 ; 75.650,88 ; 139.757,02 ; 931.713,46 
MG;CONEGO MARINHO;3117836; 15.970,22 ; 17.567,25 ; 19.164,27 ; 20.761,29 ; 22.274,35 ; 23.934,32 ; 23.934,32 ; 25.529,94 ; 26.094,08 ; 26.140,22 ; 26.140,22 ; 26.140,22 ; 48.291,29 ; 321.941,99 
MG;CONFINS;3117876; 19.770,63 ; 21.747,69 ; 23.724,75 ; 25.701,82 ; 27.567,71 ; 29.628,14 ; 29.628,14 ; 31.603,35 ; 32.367,12 ; 32.367,55 ; 32.367,55 ; 32.367,55 ; 59.795,64 ; 398.637,64 
MG;CONGONHAL;3117900; 37.857,28 ; 41.643,01 ; 45.428,73 ; 49.214,46 ; 52.802,42 ; 56.736,46 ; 56.736,46 ; 60.518,89 ; 61.843,32 ; 61.963,81 ; 61.963,81 ; 61.963,81 ; 114.471,60 ; 763.144,06 
MG;COQUEIRAL;3118700; 13.777,21 ; 15.154,93 ; 16.532,65 ; 17.910,37 ; 16.186,65 ; 19.890,45 ; 19.890,45 ; 21.216,48 ; 21.729,24 ; 21.729,51 ; 21.729,51 ; 21.729,51 ; 40.142,99 ; 267.619,95 
MG;CORDISBURGO;3118908; 14.099,41 ; 15.509,36 ; 16.919,30 ; 18.329,24 ; 19.665,66 ; 21.130,72 ; 21.130,72 ; 22.539,44 ; 23.031,91 ; 23.077,48 ; 23.077,48 ; 23.077,48 ; 42.633,21 ; 284.221,41 
MG;CORDISLANDIA;3119005; 11.789,88 ; 12.968,86 ; 14.147,85 ; 15.326,84 ; 16.444,43 ; 17.669,45 ; 17.669,45 ; 18.847,42 ; 19.258,42 ; 19.297,21 ; 19.297,21 ; 19.297,21 ; 35.649,57 ; 237.663,80 
MG;CORONEL FABRICIANO;3119401; 397.805,02 ; 437.585,52 ; 477.366,02 ; 517.146,52 ; 554.636,23 ; 596.134,84 ; 596.134,84 ; 635.877,16 ; 649.810,81 ; 651.061,42 ; 651.061,42 ; 651.061,42 ; 1.202.767,28 ; 8.018.448,50 
MG;CORONEL MURTA;3119500; 38.166,54 ; 41.983,19 ; 45.799,85 ; 49.616,50 ; 53.232,59 ; 57.199,65 ; 57.199,65 ; 61.012,96 ; 62.359,03 ; 62.471,13 ; 62.471,13 ; 62.471,13 ; 115.408,82 ; 769.392,17 
MG;CORONEL XAVIER CHAVES;3119708; 10.619,26 ; 11.681,18 ; 12.743,11 ; 13.805,03 ; 14.811,92 ; 15.915,10 ; 15.915,10 ; 16.976,11 ; 17.344,31 ; 17.380,98 ; 17.380,98 ; 17.380,98 ; 32.109,53 ; 214.063,59 
MG;CORREGO NOVO;3120003; 6.129,86 ; 6.742,84 ; 7.355,83 ; 7.968,82 ; 8.547,38 ; 9.186,17 ; 9.186,17 ; 9.798,58 ; 10.035,38 ; 10.035,52 ; 10.035,52 ; 10.035,52 ; 18.539,57 ; 123.597,16 
MG;COUTO DE MAGALHAES DE MINAS;3120102; 8.546,89 ; 9.401,57 ; 10.256,26 ; 11.110,95 ; 11.917,63 ; 12.808,31 ; 12.808,31 ; 13.662,20 ; 13.992,36 ; 13.992,57 ; 13.992,57 ; 13.992,57 ; 25.849,79 ; 172.331,98 
MG;CRISOLITA;3120151; 22.121,76 ; 24.333,94 ; 26.546,11 ; 28.758,29 ; 30.854,02 ; 33.153,51 ; 33.153,51 ; 35.363,74 ; 36.146,16 ; 36.209,21 ; 36.209,21 ; 36.209,21 ; 66.892,70 ; 445.951,37 
MG;CRISTAIS;3120201; 26.404,39 ; 29.044,82 ; 31.685,26 ; 34.325,70 ; 47.214,83 ; 42.168,75 ; 42.168,75 ; 44.980,00 ; 45.863,56 ; 46.040,42 ; 46.040,42 ; 46.040,42 ; 85.054,82 ; 567.032,14 
MG;CRISTALIA;3120300; 19.632,63 ; 21.595,89 ; 23.559,15 ; 25.522,42 ; 27.382,93 ; 29.423,24 ; 29.423,24 ; 31.384,79 ; 32.073,61 ; 32.134,38 ; 32.134,38 ; 32.134,38 ; 59.364,88 ; 395.765,92 
MG;CRISTINA;3120508; 37.666,80 ; 41.433,48 ; 45.200,16 ; 48.966,84 ; 59.871,30 ; 58.284,63 ; 58.284,63 ; 62.170,27 ; 63.527,23 ; 63.654,14 ; 63.654,14 ; 63.654,14 ; 117.594,31 ; 783.962,07 
MG;CUPARAQUE;3120839; 16.282,30 ; 17.910,53 ; 19.538,76 ; 21.166,99 ; 23.377,59 ; 24.569,02 ; 24.569,02 ; 26.206,95 ; 26.777,20 ; 26.832,22 ; 26.832,22 ; 26.832,22 ; 49.569,70 ; 330.464,72 
MG;CURRAL DE DENTRO;3120870; 34.362,65 ; 37.798,92 ; 41.235,18 ; 44.671,45 ; 47.928,56 ; 51.499,17 ; 51.499,17 ; 54.932,45 ; 56.131,51 ; 56.243,58 ; 56.243,58 ; 56.243,58 ; 103.904,08 ; 692.693,88 
MG;DATAS;3121001; 13.400,22 ; 14.740,24 ; 16.080,26 ; 17.420,29 ; 18.684,99 ; 20.081,49 ; 20.081,49 ; 21.420,25 ; 21.937,90 ; 21.938,22 ; 21.938,22 ; 21.938,22 ; 40.528,55 ; 270.190,34 
MG;DELTA;3121258; 33.888,92 ; 37.277,81 ; 40.666,71 ; 44.055,60 ; 47.253,91 ; 50.785,73 ; 50.785,73 ; 54.171,44 ; 55.480,60 ; 55.481,37 ; 55.481,37 ; 55.481,37 ; 102.495,97 ; 683.306,53 
MG;DESTERRO DO MELO;3121506; 8.095,14 ; 8.904,66 ; 9.714,17 ; 10.523,69 ; 11.287,71 ; 12.131,33 ; 12.131,33 ; 12.940,09 ; 13.252,83 ; 13.252,99 ; 13.252,99 ; 13.252,99 ; 24.483,51 ; 163.223,43 
MG;DIAMANTINA;3121605; 111.895,57 ; 123.085,13 ; 134.274,68 ; 145.464,24 ; 156.068,25 ; 167.696,97 ; 167.696,97 ; 178.876,77 ; 182.798,34 ; 183.148,47 ; 183.148,47 ; 183.148,47 ; 338.347,48 ; 2.255.649,81 
MG;DIOGO DE VASCONCELOS;3121704; 13.066,88 ; 14.373,56 ; 15.680,25 ; 16.986,94 ; 18.225,51 ; 19.583,26 ; 19.583,26 ; 20.888,81 ; 21.345,26 ; 21.387,46 ; 21.387,46 ; 21.387,46 ; 39.511,07 ; 263.407,18 
MG;DIVINESIA;3121902; 18.121,19 ; 19.933,31 ; 21.745,42 ; 23.557,54 ; 25.275,14 ; 27.158,13 ; 27.158,13 ; 28.968,68 ; 29.601,63 ; 29.660,19 ; 29.660,19 ; 29.660,19 ; 54.794,07 ; 365.293,81 
MG;DIVINO DAS LARANJEIRAS;3122108; 10.501,39 ; 11.551,53 ; 12.601,67 ; 13.651,81 ; 14.647,03 ; 15.738,35 ; 15.738,35 ; 16.787,57 ; 17.155,81 ; 17.188,49 ; 17.188,49 ; 17.188,49 ; 31.753,93 ; 211.692,91 
MG;DIVISOPOLIS;3122454; 38.018,48 ; 41.820,33 ; 45.622,18 ; 49.424,03 ; 53.027,67 ; 56.978,15 ; 56.978,15 ; 60.776,70 ; 62.103,15 ; 62.227,29 ; 62.227,29 ; 62.227,29 ; 114.958,35 ; 766.389,06 
MG;DOM BOSCO;3122470; 11.536,63 ; 12.690,29 ; 13.843,95 ; 14.997,62 ; 16.090,85 ; 17.289,82 ; 17.289,82 ; 18.442,47 ; 18.848,07 ; 18.883,07 ; 18.883,07 ; 18.883,07 ; 34.884,48 ; 232.563,21 
MG;DOM JOAQUIM;3122603; 5.368,90 ; 5.905,79 ; 6.442,68 ; 6.979,57 ; 7.486,33 ; 8.045,80 ; 8.045,80 ; 8.582,19 ; 8.789,58 ; 8.789,72 ; 8.789,72 ; 8.789,72 ; 16.238,08 ; 108.253,88 
MG;DOM SILVERIO;3122702; 16.933,97 ; 18.627,37 ; 20.320,76 ; 22.014,16 ; 23.619,80 ; 25.379,00 ; 25.379,00 ; 27.070,94 ; 27.657,09 ; 27.716,42 ; 27.716,42 ; 27.716,42 ; 51.203,17 ; 341.354,52 
MG;DORES DE CAMPOS;3123007; 14.970,21 ; 16.467,23 ; 17.964,25 ; 19.461,28 ; 20.874,17 ; 22.434,27 ; 22.434,27 ; 23.929,88 ; 24.508,17 ; 24.508,54 ; 24.508,54 ; 24.508,54 ; 45.276,94 ; 301.846,29 
MG;DORES DE GUANHAES;3123106; 9.224,80 ; 10.147,28 ; 11.069,76 ; 11.992,24 ; 12.862,89 ; 13.824,22 ; 13.824,22 ; 14.745,84 ; 15.102,21 ; 15.102,41 ; 15.102,41 ; 15.102,41 ; 27.900,11 ; 186.000,80 
MG;DORES DO INDAIA;3123205; 21.101,27 ; 23.211,40 ; 25.321,53 ; 27.431,65 ; 29.423,18 ; 31.622,23 ; 31.622,23 ; 33.730,38 ; 34.545,53 ; 34.546,02 ; 34.546,02 ; 34.546,02 ; 63.820,14 ; 425.467,60 
MG;DORES DO TURVO;3123304; 16.312,37 ; 17.943,61 ; 19.574,84 ; 21.206,08 ; 22.752,19 ; 24.447,26 ; 24.447,26 ; 26.077,08 ; 26.647,13 ; 26.699,59 ; 26.699,59 ; 26.699,59 ; 49.324,69 ; 328.831,28 
MG;DURANDE;3123528; 11.828,85 ; 13.011,73 ; 14.194,62 ; 15.377,50 ; 16.493,93 ; 17.726,64 ; 17.726,64 ; 18.908,41 ; 19.365,36 ; 19.365,64 ; 19.365,64 ; 19.365,64 ; 35.775,98 ; 238.506,58 
MG;ENGENHEIRO CALDAS;3123700; 20.659,82 ; 22.725,81 ; 24.791,79 ; 26.857,77 ; 28.807,62 ; 30.960,68 ; 30.960,68 ; 33.024,73 ; 33.822,84 ; 33.823,30 ; 33.823,30 ; 33.823,30 ; 62.484,99 ; 416.566,63 
MG;ESPINOSA;3124302; 80.653,18 ; 88.718,49 ; 96.783,81 ; 104.849,13 ; 119.018,03 ; 122.505,67 ; 122.505,67 ; 130.672,71 ; 133.530,75 ; 133.792,37 ; 133.792,37 ; 133.792,37 ; 247.167,28 ; 1.647.781,83 
MG;ESPIRITO SANTO DO DOURADO;3124401; 30.666,40 ; 33.733,04 ; 36.799,68 ; 39.866,32 ; 42.772,66 ; 45.959,50 ; 45.959,50 ; 49.023,47 ; 50.097,30 ; 50.194,06 ; 50.194,06 ; 50.194,06 ; 92.728,24 ; 618.188,29 
MG;ESTRELA DO INDAIA;3124708; 6.705,70 ; 7.376,27 ; 8.046,84 ; 8.717,41 ; 9.353,00 ; 10.049,79 ; 10.049,79 ; 10.719,78 ; 10.954,44 ; 10.975,72 ; 10.975,72 ; 10.975,72 ; 20.276,50 ; 135.176,68 
MG;EWBANK DA CAMARA;3125002; 10.718,46 ; 11.790,30 ; 12.862,15 ; 13.934,00 ; 14.945,59 ; 16.062,61 ; 16.062,61 ; 17.133,46 ; 17.547,54 ; 17.547,76 ; 17.547,76 ; 17.547,76 ; 32.417,64 ; 216.117,64 
MG;FAMA;3125200; 9.555,95 ; 10.511,55 ; 11.467,14 ; 12.422,74 ; 13.328,81 ; 14.321,54 ; 14.321,54 ; 15.276,31 ; 15.607,21 ; 15.640,58 ; 15.640,58 ; 15.640,58 ; 28.894,32 ; 192.628,85 
MG;FARIA LEMOS;3125309; 6.202,60 ; 6.822,86 ; 7.443,12 ; 8.063,38 ; 8.648,79 ; 9.295,18 ; 9.295,18 ; 9.914,86 ; 10.154,48 ; 10.154,61 ; 10.154,61 ; 10.154,61 ; 18.759,57 ; 125.063,85 
MG;FELISBURGO;3125606; 14.980,49 ; 16.478,54 ; 17.976,59 ; 19.474,64 ; 20.888,50 ; 22.449,67 ; 22.449,67 ; 23.946,32 ; 24.525,03 ; 24.525,37 ; 24.525,37 ; 24.525,37 ; 45.308,03 ; 302.053,59 
MG;FERROS;3125903; 8.465,76 ; 9.312,34 ; 10.158,91 ; 11.005,49 ; 11.804,48 ; 12.686,74 ; 12.686,74 ; 13.532,52 ; 13.859,57 ; 13.859,75 ; 13.859,75 ; 13.859,75 ; 25.604,43 ; 170.696,23 
MG;FLORESTAL;3126000; 14.726,90 ; 16.199,59 ; 17.672,29 ; 19.144,98 ; 20.534,88 ; 22.069,65 ; 22.069,65 ; 23.540,96 ; 24.109,90 ; 24.110,20 ; 24.110,20 ; 24.110,20 ; 44.541,06 ; 296.940,46 
MG;FORMOSO;3126208; 16.658,65 ; 18.324,52 ; 19.990,39 ; 21.656,25 ; 23.228,47 ; 24.964,56 ; 24.964,56 ; 26.628,86 ; 27.272,41 ; 27.272,77 ; 27.272,77 ; 27.272,77 ; 50.383,58 ; 335.890,56 
MG;FRANCISCO BADARO;3126505; 6.301,78 ; 6.931,96 ; 7.562,14 ; 8.192,31 ; 8.787,09 ; 9.443,81 ; 9.443,81 ; 10.073,40 ; 10.316,86 ; 10.316,98 ; 10.316,98 ; 10.316,98 ; 19.059,54 ; 127.063,64 
MG;FRANCISCO SA;3126703; 26.405,44 ; 29.045,98 ; 31.686,53 ; 34.327,07 ; 36.840,05 ; 39.576,25 ; 39.576,25 ; 42.214,67 ; 43.043,90 ; 43.209,90 ; 43.209,90 ; 43.209,90 ; 79.825,73 ; 532.171,57 
MG;FRANCISCOPOLIS;3126752; 14.090,03 ; 15.499,04 ; 16.908,04 ; 18.317,04 ; 19.652,19 ; 21.116,57 ; 21.116,57 ; 22.524,35 ; 23.019,87 ; 23.062,47 ; 23.062,47 ; 23.062,47 ; 42.605,48 ; 284.036,59 
MG;FRONTEIRA;3127008; 25.144,20 ; 27.658,62 ; 30.173,04 ; 32.687,47 ; 39.024,20 ; 38.671,86 ; 38.671,86 ; 41.249,99 ; 42.246,87 ; 42.247,46 ; 42.247,46 ; 42.247,46 ; 78.047,73 ; 520.318,22 
MG;GAMELEIRAS;3127339; 20.168,77 ; 22.185,64 ; 24.202,52 ; 26.219,40 ; 28.130,42 ; 30.226,67 ; 30.226,67 ; 32.241,78 ; 32.952,12 ; 33.012,20 ; 33.012,20 ; 33.012,20 ; 60.986,57 ; 406.577,16 
MG;GLAUCILANDIA;3127354; 9.878,29 ; 10.866,12 ; 11.853,95 ; 12.841,77 ; 13.778,14 ; 14.804,55 ; 14.804,55 ; 15.791,52 ; 16.136,25 ; 16.168,44 ; 16.168,44 ; 16.168,44 ; 29.869,49 ; 199.129,95 
MG;GOIANA;3127388; 5.888,91 ; 6.477,80 ; 7.066,69 ; 7.655,58 ; 8.211,43 ; 8.825,09 ; 8.825,09 ; 9.413,42 ; 9.640,92 ; 9.641,05 ; 9.641,05 ; 9.641,05 ; 17.810,83 ; 118.738,91 
MG;GONCALVES;3127404; 7.333,78 ; 8.067,16 ; 8.800,54 ; 9.533,92 ; 10.226,12 ; 10.990,36 ; 10.990,36 ; 11.723,05 ; 12.006,35 ; 12.006,53 ; 12.006,53 ; 12.006,53 ; 22.180,80 ; 147.872,03 
MG;GONZAGA;3127503; 21.158,22 ; 23.274,04 ; 25.389,86 ; 27.505,68 ; 29.511,36 ; 31.709,78 ; 31.709,78 ; 33.823,76 ; 34.560,61 ; 34.630,87 ; 34.630,87 ; 34.630,87 ; 63.976,88 ; 426.512,58 
MG;GRAO MOGOL;3127800; 55.221,72 ; 60.743,89 ; 66.266,06 ; 71.788,23 ; 77.020,50 ; 82.760,11 ; 82.760,11 ; 88.277,45 ; 90.220,75 ; 90.386,65 ; 90.386,65 ; 90.386,65 ; 166.979,79 ; 1.113.198,56 
MG;GUANHAES;3128006; 44.749,89 ; 49.224,87 ; 53.699,86 ; 58.174,85 ; 61.863,70 ; 66.928,30 ; 66.928,30 ; 71.390,19 ; 73.115,48 ; 73.116,48 ; 73.116,48 ; 73.116,48 ; 135.074,98 ; 900.499,86 
MG;GUAPE;3128105; 25.509,38 ; 28.060,32 ; 30.611,25 ; 33.162,19 ; 35.569,70 ; 38.228,20 ; 38.228,20 ; 40.776,74 ; 41.762,18 ; 41.762,77 ; 41.762,77 ; 41.762,77 ; 77.152,31 ; 514.348,78 
MG;GUIMARANIA;3128907; 16.207,14 ; 17.827,85 ; 19.448,57 ; 21.069,28 ; 20.635,18 ; 23.796,99 ; 23.796,99 ; 25.383,46 ; 25.996,90 ; 25.997,26 ; 25.997,26 ; 25.997,26 ; 48.027,19 ; 320.181,33 
MG;IAPU;3129301; 34.609,92 ; 38.070,91 ; 41.531,91 ; 44.992,90 ; 48.273,08 ; 51.869,67 ; 51.869,67 ; 55.327,65 ; 56.538,48 ; 56.648,62 ; 56.648,62 ; 56.648,62 ; 104.652,35 ; 697.682,40 
MG;IBERTIOGA;3129400; 8.749,39 ; 9.624,33 ; 10.499,27 ; 11.374,21 ; 12.199,99 ; 13.111,78 ; 13.111,78 ; 13.985,90 ; 14.323,90 ; 14.324,09 ; 14.324,09 ; 14.324,09 ; 26.462,26 ; 176.415,08 
MG;IBIAI;3129608; 25.374,24 ; 27.911,66 ; 30.449,09 ; 32.986,51 ; 35.391,54 ; 38.028,25 ; 38.028,25 ; 40.563,47 ; 41.449,67 ; 41.531,73 ; 41.531,73 ; 41.531,73 ; 76.725,50 ; 511.503,37 
MG;IBIRACATU;3129657; 19.967,95 ; 21.964,75 ; 23.961,54 ; 25.958,34 ; 27.850,44 ; 29.925,73 ; 29.925,73 ; 31.920,78 ; 32.623,26 ; 32.683,43 ; 32.683,43 ; 32.683,43 ; 60.379,20 ; 402.528,01 
MG;IBIRACI;3129707; 19.906,68 ; 21.897,35 ; 23.888,02 ; 25.878,68 ; 27.757,41 ; 29.832,03 ; 29.832,03 ; 31.820,83 ; 32.589,85 ; 32.590,29 ; 32.590,29 ; 32.590,29 ; 60.207,13 ; 401.380,88 
MG;IGUATAMA;3130309; 18.863,27 ; 20.749,60 ; 22.635,92 ; 24.522,25 ; 26.310,04 ; 28.270,26 ; 28.270,26 ; 30.154,94 ; 30.815,02 ; 30.874,92 ; 30.874,92 ; 30.874,92 ; 57.038,17 ; 380.254,49 
MG;IJACI;3130408; 12.446,71 ; 13.691,39 ; 14.936,06 ; 16.180,73 ; 17.355,44 ; 18.652,57 ; 18.652,57 ; 19.896,08 ; 20.376,91 ; 20.377,19 ; 20.377,19 ; 20.377,19 ; 37.644,70 ; 250.964,73 
MG;ILICINEA;3130507; 50.862,05 ; 55.948,25 ; 61.034,46 ; 66.120,66 ; 70.940,95 ; 76.226,61 ; 76.226,61 ; 81.308,38 ; 83.088,21 ; 83.249,72 ; 83.249,72 ; 83.249,72 ; 153.795,07 ; 1.025.300,41 
MG;IMBE DE MINAS;3130556; 24.273,20 ; 26.700,52 ; 29.127,84 ; 31.555,16 ; 33.855,52 ; 36.378,04 ; 36.378,04 ; 38.803,24 ; 39.654,35 ; 39.729,95 ; 39.729,95 ; 39.729,95 ; 73.396,89 ; 489.312,65 
MG;INCONFIDENTES;3130606; 21.458,90 ; 23.604,79 ; 25.750,68 ; 27.896,57 ; 29.930,71 ; 32.160,39 ; 32.160,39 ; 34.304,42 ; 35.052,18 ; 35.123,05 ; 35.123,05 ; 35.123,05 ; 64.886,14 ; 432.574,32 
MG;INDAIABIRA;3130655; 27.154,11 ; 29.869,52 ; 32.584,93 ; 35.300,34 ; 37.873,69 ; 40.695,63 ; 40.695,63 ; 43.408,67 ; 44.360,79 ; 44.445,37 ; 44.445,37 ; 44.445,37 ; 82.108,13 ; 547.387,55 
MG;INHAPIM;3130903; 70.065,57 ; 77.072,13 ; 84.078,68 ; 91.085,24 ; 97.726,60 ; 105.007,08 ; 105.007,08 ; 112.007,55 ; 114.449,22 ; 114.680,50 ; 114.680,50 ; 114.680,50 ; 211.860,12 ; 1.412.400,77 
MG;INHAUMA;3131000; 22.396,45 ; 24.636,09 ; 26.875,74 ; 29.115,38 ; 31.238,10 ; 33.565,43 ; 33.565,43 ; 35.803,13 ; 36.586,10 ; 36.657,87 ; 36.657,87 ; 36.657,87 ; 67.721,54 ; 451.477,00 
MG;INIMUTABA;3131109; 23.587,24 ; 25.945,97 ; 28.304,69 ; 30.663,42 ; 32.898,89 ; 35.350,05 ; 35.350,05 ; 37.706,72 ; 38.532,02 ; 38.607,00 ; 38.607,00 ; 38.607,00 ; 71.322,36 ; 475.482,41 
MG;IPABA;3131158; 65.541,13 ; 72.095,25 ; 78.649,36 ; 85.203,47 ; 91.415,46 ; 98.226,18 ; 98.226,18 ; 104.774,60 ; 107.063,42 ; 107.275,59 ; 107.275,59 ; 107.275,59 ; 198.180,33 ; 1.321.202,15 
MG;IPANEMA;3131208; 50.391,81 ; 55.430,99 ; 60.470,17 ; 65.509,35 ; 70.265,01 ; 75.516,84 ; 75.516,84 ; 80.551,30 ; 82.497,98 ; 82.499,12 ; 82.499,12 ; 82.499,12 ; 152.408,41 ; 1.016.056,06 
MG;IPIACU;3131406; 22.622,94 ; 24.885,24 ; 27.147,53 ; 29.409,83 ; 31.554,15 ; 33.904,90 ; 33.904,90 ; 36.165,23 ; 36.955,12 ; 37.028,48 ; 37.028,48 ; 37.028,48 ; 68.406,22 ; 456.041,50 
MG;ITABIRINHA;3131802; 18.131,76 ; 19.944,94 ; 21.758,12 ; 23.571,30 ; 25.282,54 ; 27.172,15 ; 27.172,15 ; 28.983,63 ; 29.684,09 ; 29.684,48 ; 29.684,48 ; 29.684,48 ; 54.838,96 ; 365.593,08 
MG;ITACARAMBI;3132107; 88.547,66 ; 97.402,43 ; 106.257,19 ; 115.111,96 ; 125.317,10 ; 133.159,10 ; 133.159,10 ; 142.036,37 ; 145.156,21 ; 145.429,09 ; 145.429,09 ; 145.429,09 ; 268.664,90 ; 1.791.099,29 
MG;ITAJUBA;3132404; 127.756,39 ; 140.532,02 ; 153.307,66 ; 166.083,30 ; 182.555,98 ; 192.558,85 ; 192.558,85 ; 205.396,11 ; 210.359,91 ; 210.362,81 ; 210.362,81 ; 210.362,81 ; 388.623,09 ; 2.590.820,59 
MG;ITAMARATI DE MINAS;3132602; 20.453,37 ; 22.498,71 ; 24.544,05 ; 26.589,38 ; 28.527,60 ; 30.653,25 ; 30.653,25 ; 32.696,80 ; 33.415,39 ; 33.477,86 ; 33.477,86 ; 33.477,86 ; 61.846,83 ; 412.312,21 
MG;ITAMBACURI;3132701; 60.318,36 ; 66.350,20 ; 72.382,03 ; 78.413,87 ; 84.688,36 ; 90.538,22 ; 90.538,22 ; 96.574,10 ; 98.704,01 ; 98.882,05 ; 98.882,05 ; 98.882,05 ; 182.674,16 ; 1.217.827,68 
MG;ITAMBE DO MATO DENTRO;3132800; 3.131,86 ; 3.445,04 ; 3.758,23 ; 4.071,41 ; 4.367,08 ; 4.693,38 ; 4.693,38 ; 5.006,27 ; 5.127,25 ; 5.127,33 ; 5.127,33 ; 5.127,33 ; 9.472,21 ; 63.148,10 
MG;ITANHANDU;3133105; 38.805,10 ; 42.685,61 ; 46.566,12 ; 50.446,64 ; 54.125,37 ; 58.157,20 ; 58.157,20 ; 62.034,35 ; 63.383,17 ; 63.514,27 ; 63.514,27 ; 63.514,27 ; 117.335,92 ; 782.239,49 
MG;ITANHOMI;3133204; 38.527,02 ; 42.379,73 ; 46.232,43 ; 50.085,13 ; 53.737,01 ; 57.740,31 ; 57.740,31 ; 61.589,66 ; 62.933,65 ; 63.059,63 ; 63.059,63 ; 63.059,63 ; 116.496,02 ; 776.640,16 
MG;ITAPAGIPE;3133402; 43.996,52 ; 48.396,17 ; 52.795,82 ; 57.195,47 ; 61.366,56 ; 65.937,64 ; 65.937,64 ; 70.333,47 ; 71.859,95 ; 72.011,03 ; 72.011,03 ; 72.011,03 ; 133.032,77 ; 886.885,10 
MG;ITAPECERICA;3133501; 14.508,08 ; 15.958,89 ; 17.409,70 ; 18.860,51 ; 20.229,81 ; 21.741,72 ; 21.741,72 ; 23.191,17 ; 23.751,62 ; 23.751,96 ; 23.751,96 ; 23.751,96 ; 43.879,25 ; 292.528,35 
MG;ITAVERAVA;3133907; 4.957,28 ; 5.453,01 ; 5.948,74 ; 6.444,47 ; 6.912,38 ; 7.428,96 ; 7.428,96 ; 7.924,22 ; 8.115,72 ; 8.115,84 ; 8.115,84 ; 8.115,84 ; 14.993,16 ; 99.954,42 
MG;ITUMIRIM;3134301; 11.866,14 ; 13.052,75 ; 14.239,36 ; 15.425,98 ; 16.550,68 ; 17.783,71 ; 17.783,71 ; 18.969,29 ; 19.384,14 ; 19.422,15 ; 19.422,15 ; 19.422,15 ; 35.880,38 ; 239.202,59 
MG;JACUI;3134806; 13.920,60 ; 15.312,66 ; 16.704,73 ; 18.096,79 ; 19.410,60 ; 20.861,33 ; 20.861,33 ; 22.252,09 ; 22.789,86 ; 22.790,17 ; 22.790,17 ; 22.790,17 ; 42.102,43 ; 280.682,93 
MG;JAGUARACU;3135001; 14.315,09 ; 15.746,60 ; 17.178,11 ; 18.609,62 ; 19.966,12 ; 21.453,88 ; 21.453,88 ; 22.884,14 ; 23.387,34 ; 23.430,83 ; 23.430,83 ; 23.430,83 ; 43.285,98 ; 288.573,25 
MG;JAPONVAR;3135357; 35.983,59 ; 39.581,95 ; 43.180,30 ; 46.778,66 ; 50.188,34 ; 53.928,20 ; 53.928,20 ; 57.523,42 ; 58.788,50 ; 58.897,64 ; 58.897,64 ; 58.897,64 ; 108.807,18 ; 725.381,26 
MG;JECEABA;3135407; 16.046,76 ; 17.651,44 ; 19.256,11 ; 20.860,79 ; 22.375,26 ; 24.047,57 ; 24.047,57 ; 25.650,75 ; 26.270,65 ; 26.271,01 ; 26.271,01 ; 26.271,01 ; 48.532,92 ; 323.552,85 
MG;JENIPAPO DE MINAS;3135456; 6.362,83 ; 6.999,12 ; 7.635,40 ; 8.271,68 ; 8.872,23 ; 9.535,30 ; 9.535,30 ; 10.170,99 ; 10.416,81 ; 10.416,93 ; 10.416,93 ; 10.416,93 ; 19.244,19 ; 128.294,64 
MG;JEQUITIBA;3135704; 10.401,06 ; 11.441,16 ; 12.481,27 ; 13.521,38 ; 14.503,03 ; 15.586,96 ; 15.586,96 ; 16.626,09 ; 17.027,89 ; 17.028,13 ; 17.028,13 ; 17.028,13 ; 31.457,68 ; 209.717,87 
MG;JESUANIA;3135902; 17.701,58 ; 19.471,74 ; 21.241,90 ; 23.012,05 ; 24.690,17 ; 26.529,34 ; 26.529,34 ; 28.297,97 ; 28.913,62 ; 28.973,11 ; 28.973,11 ; 28.973,11 ; 53.524,77 ; 356.831,81 
MG;JOAIMA;3136009; 62.235,72 ; 68.459,29 ; 74.682,87 ; 80.906,44 ; 86.803,46 ; 93.271,96 ; 93.271,96 ; 99.490,09 ; 101.678,79 ; 101.866,99 ; 101.866,99 ; 101.866,99 ; 188.188,52 ; 1.254.590,07 
MG;JOANESIA;3136108; 8.064,61 ; 8.871,07 ; 9.677,53 ; 10.483,99 ; 11.248,44 ; 12.086,38 ; 12.086,38 ; 12.892,14 ; 13.173,89 ; 13.199,90 ; 13.199,90 ; 13.199,90 ; 24.385,43 ; 162.569,56 
MG;JOAQUIM FELICIO;3136405; 11.737,71 ; 12.911,48 ; 14.085,25 ; 15.259,02 ; 16.366,84 ; 17.590,06 ; 17.590,06 ; 18.762,73 ; 19.216,18 ; 19.216,43 ; 19.216,43 ; 19.216,43 ; 35.500,34 ; 236.668,96 
MG;JORDANIA;3136504; 16.129,70 ; 17.742,67 ; 19.355,64 ; 20.968,61 ; 22.496,63 ; 24.173,29 ; 24.173,29 ; 25.784,84 ; 26.356,06 ; 26.401,40 ; 26.401,40 ; 26.401,40 ; 48.773,80 ; 325.158,73 
MG;JOSE GONCALVES DE MINAS;3136520; 6.248,12 ; 6.872,93 ; 7.497,75 ; 8.122,56 ; 8.712,30 ; 9.363,40 ; 9.363,40 ; 9.987,62 ; 10.228,97 ; 10.229,14 ; 10.229,14 ; 10.229,14 ; 18.897,25 ; 125.981,72 
MG;JOSE RAYDAN;3136553; 7.679,54 ; 8.447,50 ; 9.215,45 ; 9.983,40 ; 11.547,10 ; 11.718,24 ; 11.718,24 ; 12.499,45 ; 12.801,53 ; 12.801,70 ; 12.801,70 ; 12.801,70 ; 23.649,80 ; 157.665,35 
MG;JOSENOPOLIS;3136579; 12.512,15 ; 13.763,37 ; 15.014,58 ; 16.265,80 ; 17.451,59 ; 18.751,86 ; 18.751,86 ; 20.001,99 ; 20.440,51 ; 20.479,65 ; 20.479,65 ; 20.479,65 ; 37.833,99 ; 252.226,65 
MG;JUVENILIA;3136959; 18.368,17 ; 20.204,99 ; 22.041,80 ; 23.878,62 ; 25.618,78 ; 27.528,08 ; 27.528,08 ; 29.363,28 ; 30.012,49 ; 30.065,23 ; 30.065,23 ; 30.065,23 ; 55.542,34 ; 370.282,32 
MG;LAGAMAR;3137106; 15.698,60 ; 17.268,46 ; 18.838,32 ; 20.408,18 ; 21.896,41 ; 23.527,49 ; 23.527,49 ; 25.095,99 ; 25.641,73 ; 25.694,70 ; 25.694,70 ; 25.694,70 ; 47.468,25 ; 316.455,02 
MG;LAGOA DA PRATA;3137205; 61.682,04 ; 67.850,24 ; 74.018,44 ; 80.186,64 ; 86.007,78 ; 92.436,31 ; 92.436,31 ; 98.598,73 ; 100.981,58 ; 100.982,95 ; 100.982,95 ; 100.982,95 ; 186.555,34 ; 1.243.702,26 
MG;LAGOA DOS PATOS;3137304; 13.668,40 ; 15.035,24 ; 16.402,09 ; 17.768,93 ; 19.064,23 ; 20.484,71 ; 20.484,71 ; 21.850,36 ; 22.330,03 ; 22.372,25 ; 22.372,25 ; 22.372,25 ; 41.330,37 ; 275.535,82 
MG;LAJINHA;3137700; 48.534,49 ; 53.387,94 ; 58.241,39 ; 63.094,84 ; 70.685,22 ; 73.485,99 ; 73.485,99 ; 78.385,06 ; 80.279,41 ; 80.280,49 ; 80.280,49 ; 80.280,49 ; 148.309,73 ; 988.731,53 
MG;LAMIM;3137908; 2.577,07 ; 2.834,78 ; 3.092,48 ; 3.350,19 ; 3.593,46 ; 3.861,98 ; 3.861,98 ; 4.119,45 ; 4.219,02 ; 4.219,06 ; 4.219,06 ; 4.219,06 ; 7.794,27 ; 51.961,86 
MG;LAVRAS;3138203; 171.346,28 ; 188.480,91 ; 205.615,54 ; 222.750,16 ; 239.056,47 ; 256.812,36 ; 256.812,36 ; 273.933,18 ; 279.314,13 ; 280.391,26 ; 280.391,26 ; 280.391,26 ; 517.993,27 ; 3.453.288,44 
MG;LEANDRO FERREIRA;3138302; 2.719,23 ; 2.991,15 ; 3.263,07 ; 3.535,00 ; 3.791,68 ; 4.075,02 ; 4.075,02 ; 4.346,69 ; 4.451,72 ; 4.451,80 ; 4.451,80 ; 4.451,80 ; 8.224,23 ; 54.828,21 
MG;LIBERDADE;3138500; 13.436,48 ; 14.780,12 ; 16.123,77 ; 17.467,42 ; 18.741,10 ; 20.137,20 ; 20.137,20 ; 21.479,68 ; 21.948,28 ; 21.992,33 ; 21.992,33 ; 21.992,33 ; 40.628,51 ; 270.856,75 
MG;LIMEIRA DO OESTE;3138625; 15.897,18 ; 17.486,90 ; 19.076,62 ; 20.666,34 ; 22.166,69 ; 23.823,42 ; 23.823,42 ; 25.411,64 ; 26.025,74 ; 26.026,13 ; 26.026,13 ; 26.026,13 ; 48.080,53 ; 320.536,87 
MG;LUISLANDIA;3138682; 15.036,80 ; 16.540,48 ; 18.044,16 ; 19.547,84 ; 20.972,85 ; 22.535,52 ; 22.535,52 ; 24.037,88 ; 24.565,52 ; 24.612,01 ; 24.612,01 ; 24.612,01 ; 45.468,10 ; 303.120,70 
MG;LUZ;3138807; 48.406,48 ; 53.247,13 ; 58.087,78 ; 62.928,43 ; 72.916,06 ; 73.896,48 ; 73.896,48 ; 78.822,91 ; 80.554,75 ; 80.705,76 ; 80.705,76 ; 80.705,76 ; 149.095,38 ; 993.969,16 
MG;MACHACALIS;3138906; 11.665,96 ; 12.832,56 ; 13.999,16 ; 15.165,76 ; 16.266,78 ; 17.482,54 ; 17.482,54 ; 18.648,05 ; 19.098,72 ; 19.098,98 ; 19.098,98 ; 19.098,98 ; 35.283,35 ; 235.222,36 
MG;MALACACHETA;3139201; 36.520,63 ; 40.172,69 ; 43.824,76 ; 47.476,82 ; 51.137,77 ; 54.783,15 ; 54.783,15 ; 58.435,36 ; 59.723,31 ; 59.831,76 ; 59.831,76 ; 59.831,76 ; 110.532,86 ; 736.885,78 
MG;MANHUACU;3139409; 121.503,10 ; 133.653,41 ; 145.803,72 ; 157.954,03 ; 169.420,84 ; 182.083,78 ; 182.083,78 ; 194.222,70 ; 198.916,45 ; 198.919,22 ; 198.919,22 ; 198.919,22 ; 367.482,27 ; 2.449.881,74 
MG;MARILAC;3140100; 25.539,42 ; 28.093,37 ; 30.647,31 ; 33.201,25 ; 35.621,90 ; 38.275,79 ; 38.275,79 ; 40.827,51 ; 41.720,16 ; 41.802,18 ; 41.802,18 ; 41.802,18 ; 77.225,12 ; 514.834,16 
MG;MARIPA DE MINAS;3140209; 17.916,32 ; 19.707,95 ; 21.499,58 ; 23.291,22 ; 24.988,99 ; 26.851,00 ; 26.851,00 ; 28.641,07 ; 29.270,49 ; 29.325,24 ; 29.325,24 ; 29.325,24 ; 54.175,29 ; 361.168,63 
MG;MARTINHO CAMPOS;3140506; 49.003,17 ; 53.903,49 ; 58.803,80 ; 63.704,12 ; 68.348,47 ; 73.440,77 ; 73.440,77 ; 78.336,82 ; 80.049,58 ; 80.206,94 ; 80.206,94 ; 80.206,94 ; 148.173,86 ; 987.825,67 
MG;MATA VERDE;3140555; 15.732,53 ; 17.305,78 ; 18.879,04 ; 20.452,29 ; 21.949,55 ; 23.579,79 ; 23.579,79 ; 25.151,77 ; 25.645,85 ; 25.744,73 ; 25.744,73 ; 25.744,73 ; 47.560,69 ; 317.071,27 
MG;MATERLANDIA;3140605; 16.236,23 ; 17.859,85 ; 19.483,47 ; 21.107,10 ; 22.645,79 ; 24.333,10 ; 24.333,10 ; 25.955,31 ; 26.524,43 ; 26.575,15 ; 26.575,15 ; 26.575,15 ; 49.094,79 ; 327.298,62 
MG;MATIAS BARBOSA;3140803; 41.973,86 ; 46.171,25 ; 50.368,63 ; 54.566,02 ; 58.543,25 ; 62.905,74 ; 62.905,74 ; 67.099,46 ; 68.575,65 ; 68.702,53 ; 68.702,53 ; 68.702,53 ; 126.920,68 ; 846.137,87 
MG;MATO VERDE;3141009; 30.989,45 ; 34.088,40 ; 37.187,35 ; 40.286,29 ; 43.222,87 ; 46.443,58 ; 46.443,58 ; 49.539,82 ; 50.628,26 ; 50.723,18 ; 50.723,18 ; 50.723,18 ; 93.705,73 ; 624.704,87 
MG;MEDINA;3141405; 60.916,28 ; 67.007,91 ; 73.099,53 ; 79.191,16 ; 84.963,61 ; 91.294,63 ; 91.294,63 ; 97.380,94 ; 99.519,30 ; 99.706,93 ; 99.706,93 ; 99.706,93 ; 184.198,02 ; 1.227.986,80 
MG;MERCES;3141603; 27.533,57 ; 30.286,93 ; 33.040,29 ; 35.793,65 ; 38.403,35 ; 41.264,43 ; 41.264,43 ; 44.015,39 ; 44.977,18 ; 45.066,09 ; 45.066,09 ; 45.066,09 ; 83.254,84 ; 555.032,33 
MG;MESQUITA;3141702; 16.001,19 ; 17.601,31 ; 19.201,43 ; 20.801,55 ; 22.317,96 ; 23.980,85 ; 23.980,85 ; 25.579,57 ; 26.140,79 ; 26.190,48 ; 26.190,48 ; 26.190,48 ; 48.384,16 ; 322.561,10 
MG;MINAS NOVAS;3141801; 99.367,67 ; 109.304,44 ; 119.241,20 ; 129.177,97 ; 138.595,26 ; 148.921,66 ; 148.921,66 ; 158.849,77 ; 162.327,04 ; 162.642,50 ; 162.642,50 ; 162.642,50 ; 300.464,86 ; 2.003.099,03 
MG;MIRABELA;3142007; 44.005,30 ; 48.405,83 ; 52.806,36 ; 57.206,89 ; 58.740,61 ; 65.291,26 ; 65.291,26 ; 69.644,00 ; 71.175,39 ; 71.307,77 ; 71.307,77 ; 71.307,77 ; 131.733,57 ; 878.223,78 
MG;MIRAVANIA;3142254; 14.933,11 ; 16.426,42 ; 17.919,73 ; 19.413,04 ; 20.827,85 ; 22.380,02 ; 22.380,02 ; 23.872,02 ; 24.399,30 ; 24.442,63 ; 24.442,63 ; 24.442,63 ; 45.155,18 ; 301.034,58 
MG;MONSENHOR PAULO;3142601; 20.077,81 ; 22.085,60 ; 24.093,38 ; 26.101,16 ; 22.400,65 ; 28.689,64 ; 28.689,64 ; 30.602,28 ; 31.341,84 ; 31.342,28 ; 31.342,28 ; 31.342,28 ; 57.901,55 ; 386.010,39 
MG;MONTE SANTO DE MINAS;3143203; 33.093,64 ; 36.403,00 ; 39.712,37 ; 43.021,73 ; 46.145,01 ; 49.593,92 ; 49.593,92 ; 52.900,18 ; 54.178,59 ; 54.179,37 ; 54.179,37 ; 54.179,37 ; 100.090,67 ; 667.271,14 
MG;MONTEZUMA;3143450; 25.175,05 ; 27.692,56 ; 30.210,06 ; 32.727,57 ; 35.113,85 ; 37.729,75 ; 37.729,75 ; 40.245,07 ; 41.123,47 ; 41.205,63 ; 41.205,63 ; 41.205,63 ; 76.123,06 ; 507.487,08 
MG;MORRO DO PILAR;3143708; 3.436,09 ; 3.779,70 ; 4.123,31 ; 4.466,92 ; 4.791,29 ; 5.149,31 ; 5.149,31 ; 5.492,60 ; 5.625,32 ; 5.625,42 ; 5.625,42 ; 5.625,42 ; 10.392,37 ; 69.282,48 
MG;NACIP RAYDAN;3144201; 9.312,57 ; 10.243,82 ; 11.175,08 ; 12.106,34 ; 12.989,17 ; 13.956,72 ; 13.956,72 ; 14.887,17 ; 15.211,57 ; 15.242,42 ; 15.242,42 ; 15.242,42 ; 28.158,77 ; 187.725,19 
MG;NANUQUE;3144300; 62.081,46 ; 68.289,60 ; 74.497,75 ; 80.705,89 ; 102.384,73 ; 96.989,87 ; 96.989,87 ; 103.455,87 ; 105.734,25 ; 105.927,84 ; 105.927,84 ; 105.927,84 ; 195.690,50 ; 1.304.603,31 
MG;NAQUE;3144359; 32.161,70 ; 35.377,87 ; 38.594,04 ; 41.810,21 ; 44.857,87 ; 48.200,42 ; 48.200,42 ; 51.413,78 ; 52.543,16 ; 52.641,87 ; 52.641,87 ; 52.641,87 ; 97.250,30 ; 648.335,38 
MG;NATALANDIA;3144375; 12.463,37 ; 13.709,70 ; 14.956,04 ; 16.202,38 ;-9.740,70 ; 11.897,69 ; 11.897,69 ; 12.690,87 ; 12.997,57 ; 12.997,75 ; 12.997,75 ; 12.997,75 ; 24.011,97 ; 160.079,83 
MG;NAZARENO;3144508; 32.142,11 ; 35.356,32 ; 38.570,54 ; 41.784,75 ; 44.831,75 ; 48.171,35 ; 48.171,35 ; 51.382,77 ; 52.501,00 ; 52.608,73 ; 52.608,73 ; 52.608,73 ; 97.189,08 ; 647.927,21 
MG;NEPOMUCENO;3144607; 36.147,77 ; 39.762,55 ; 43.377,33 ; 46.992,11 ; 51.242,27 ; 54.380,49 ; 54.380,49 ; 58.005,85 ; 59.407,66 ; 59.408,50 ; 59.408,50 ; 59.408,50 ; 109.750,94 ; 731.672,96 
MG;NINHEIRA;3144656; 16.729,92 ; 18.402,92 ; 20.075,91 ; 21.748,90 ; 23.327,87 ; 25.071,36 ; 25.071,36 ; 26.742,78 ; 27.389,08 ; 27.389,45 ; 27.389,45 ; 27.389,45 ; 50.599,13 ; 337.327,58 
MG;NOVA MODICA;3144904; 7.443,58 ; 8.187,93 ; 8.932,29 ; 9.676,65 ; 10.379,20 ; 11.154,90 ; 11.154,90 ; 11.898,56 ; 12.186,11 ; 12.186,28 ; 12.186,28 ; 12.186,28 ; 22.512,87 ; 150.085,83 
MG;NOVA SERRANA;3145208; 608.578,93 ; 669.436,83 ; 730.294,72 ; 791.152,61 ; 850.692,05 ; 912.538,81 ; 912.538,81 ; 973.374,73 ; 994.723,94 ; 996.620,87 ; 996.620,87 ; 996.620,87 ; 1.841.151,90 ; 12.274.345,94 
MG;NOVO CRUZEIRO;3145307; 79.168,30 ; 87.085,13 ; 95.001,96 ; 102.918,79 ; 110.420,20 ; 118.648,61 ; 118.648,61 ; 126.558,51 ; 129.343,28 ; 129.582,18 ; 129.582,18 ; 129.582,18 ; 239.389,41 ; 1.595.929,34 
MG;NOVO ORIENTE DE MINAS;3145356; 16.846,24 ; 18.530,86 ; 20.215,49 ; 21.900,11 ; 23.490,04 ; 25.245,67 ; 25.245,67 ; 26.928,71 ; 27.579,48 ; 27.579,88 ; 27.579,88 ; 27.579,88 ; 50.950,92 ; 339.672,83 
MG;OLARIA;3145406; 9.631,96 ; 10.595,16 ; 11.558,36 ; 12.521,55 ; 13.434,51 ; 14.435,37 ; 14.435,37 ; 15.397,72 ; 15.734,49 ; 15.765,33 ; 15.765,33 ; 15.765,33 ; 29.124,78 ; 194.165,26 
MG;OURO VERDE DE MINAS;3146206; 29.089,31 ; 31.998,24 ; 34.907,17 ; 37.816,10 ; 40.572,69 ; 43.595,86 ; 43.595,86 ; 46.502,25 ; 47.523,52 ; 47.612,99 ; 47.612,99 ; 47.612,99 ; 87.959,99 ; 586.399,96 
MG;PADRE PARAISO;3146305; 67.349,59 ; 74.084,55 ; 80.819,51 ; 87.554,47 ; 93.935,16 ; 100.935,84 ; 100.935,84 ; 107.664,89 ; 110.041,61 ; 110.238,19 ; 110.238,19 ; 110.238,19 ; 203.653,42 ; 1.357.689,45 
MG;PAI PEDRO;3146552; 13.250,12 ; 14.575,13 ; 15.900,14 ; 17.225,15 ; 18.475,72 ; 19.856,54 ; 19.856,54 ; 21.180,31 ; 21.692,15 ; 21.692,48 ; 21.692,48 ; 21.692,48 ; 40.074,57 ; 267.163,81 
MG;PAIVA;3146602; 6.708,79 ; 7.379,67 ; 8.050,55 ; 8.721,42 ; 9.357,34 ; 10.054,42 ; 10.054,42 ; 10.724,71 ; 10.959,28 ; 10.980,76 ; 10.980,76 ; 10.980,76 ; 20.285,80 ; 135.238,68 
MG;PALMA;3146701; 17.228,48 ; 18.951,33 ; 20.674,18 ; 22.397,03 ; 24.029,92 ; 25.820,23 ; 25.820,23 ; 27.541,58 ; 28.143,95 ; 28.199,09 ; 28.199,09 ; 28.199,09 ; 52.094,85 ; 347.299,05 
MG;PAPAGAIOS;3146909; 23.594,93 ; 25.954,42 ; 28.313,91 ; 30.673,41 ; 32.900,26 ; 35.359,21 ; 35.359,21 ; 37.716,49 ; 38.627,97 ; 38.628,52 ; 38.628,52 ; 38.628,52 ; 71.362,12 ; 475.747,49 
MG;PARACATU;3147006; 162.427,36 ; 178.670,10 ; 194.912,83 ; 211.155,57 ; 226.484,54 ; 243.412,62 ; 243.412,62 ; 259.640,13 ; 265.914,85 ; 265.918,51 ; 265.918,51 ; 265.918,51 ; 491.256,38 ; 3.275.042,53 
MG;PASSA TEMPO;3147709; 30.489,40 ; 33.538,34 ; 36.587,28 ; 39.636,22 ; 42.746,80 ; 45.749,50 ; 45.749,50 ; 48.799,46 ; 49.863,61 ; 49.964,07 ; 49.964,07 ; 49.964,07 ; 92.303,35 ; 615.355,67 
MG;PATIS;3147956; 20.649,53 ; 22.714,48 ; 24.779,43 ; 26.844,38 ; 28.801,28 ; 30.947,25 ; 30.947,25 ; 33.010,40 ; 33.734,99 ; 33.798,83 ; 33.798,83 ; 33.798,83 ; 62.439,78 ; 416.265,26 
MG;PATROCINIO DO MURIAE;3148202; 17.739,08 ; 19.512,98 ; 21.286,89 ; 23.060,80 ; 24.742,23 ; 26.585,48 ; 26.585,48 ; 28.357,84 ; 28.977,03 ; 29.034,72 ; 29.034,72 ; 29.034,72 ; 53.638,58 ; 357.590,55 
MG;PAULA CANDIDO;3148301; 11.140,95 ; 12.255,05 ; 13.369,14 ; 14.483,24 ; 15.534,73 ; 16.695,76 ; 16.695,76 ; 17.808,81 ; 18.239,18 ; 18.239,45 ; 18.239,45 ; 18.239,45 ; 33.695,46 ; 224.636,43 
MG;PECANHA;3148608; 16.658,22 ; 18.324,04 ; 19.989,86 ; 21.655,69 ; 23.227,86 ; 24.963,90 ; 24.963,90 ; 26.628,17 ; 27.271,71 ; 27.272,06 ; 27.272,06 ; 27.272,06 ; 50.382,27 ; 335.881,80 
MG;PEDRA BONITA;3148756; 16.159,07 ; 17.774,98 ; 19.390,88 ; 21.006,79 ; 22.531,85 ; 24.215,88 ; 24.215,88 ; 25.830,28 ; 26.454,54 ; 26.454,88 ; 26.454,88 ; 26.454,88 ; 48.872,60 ; 325.817,39 
MG;PEDRA DO INDAIA;3148905; 8.182,54 ; 9.000,80 ; 9.819,05 ; 10.637,31 ; 11.409,62 ; 12.262,31 ; 12.262,31 ; 13.079,80 ; 13.395,91 ; 13.396,08 ; 13.396,08 ; 13.396,08 ; 24.747,86 ; 164.985,75 
MG;PEDRA DOURADA;3149002; 7.525,44 ; 8.277,98 ; 9.030,53 ; 9.783,07 ; 10.493,31 ; 11.277,58 ; 11.277,58 ; 12.029,42 ; 12.320,15 ; 12.320,30 ; 12.320,30 ; 12.320,30 ; 22.760,46 ; 151.736,42 
MG;PEDRINOPOLIS;3149200; 14.831,73 ; 16.314,90 ; 17.798,07 ; 19.281,25 ; 20.687,24 ; 22.228,29 ; 22.228,29 ; 23.710,17 ; 24.226,50 ; 24.275,92 ; 24.275,92 ; 24.275,92 ; 44.847,20 ; 298.981,40 
MG;PEQUERI;3149507; 20.894,23 ; 22.983,65 ; 25.073,08 ; 27.162,50 ; 29.142,69 ; 31.314,02 ; 31.314,02 ; 33.401,63 ; 34.133,47 ; 34.199,22 ; 34.199,22 ; 34.199,22 ; 63.179,46 ; 421.196,41 
MG;PERDIGAO;3149705; 33.492,29 ; 36.841,52 ; 40.190,75 ; 43.539,98 ; 46.700,90 ; 50.191,34 ; 50.191,34 ; 53.537,43 ; 54.831,24 ; 54.832,03 ; 54.832,03 ; 54.832,03 ; 101.296,39 ; 675.309,27 
MG;PESCADOR;3150000; 5.977,38 ; 6.575,11 ; 7.172,85 ; 7.770,59 ; 8.334,76 ; 8.957,66 ; 8.957,66 ; 9.554,84 ; 9.785,77 ; 9.785,88 ; 9.785,88 ; 9.785,88 ; 18.078,39 ; 120.522,65 
MG;PIAU;3150109; 9.117,15 ; 10.028,86 ; 10.940,58 ; 11.852,29 ; 12.716,53 ; 13.663,84 ; 13.663,84 ; 14.574,76 ; 14.892,76 ; 14.922,61 ; 14.922,61 ; 14.922,61 ; 27.567,96 ; 183.786,40 
MG;PIEDADE DE PONTE NOVA;3150208; 20.870,53 ; 22.957,58 ; 25.044,64 ; 27.131,69 ; 29.109,76 ; 31.278,53 ; 31.278,53 ; 33.363,77 ; 34.093,74 ; 34.160,32 ; 34.160,32 ; 34.160,32 ; 63.107,59 ; 420.717,32 
MG;PIRANGA;3150802; 35.664,22 ; 39.230,64 ; 42.797,06 ; 46.363,48 ; 57.975,04 ; 55.507,60 ; 55.507,60 ; 59.208,11 ; 60.503,00 ; 60.621,62 ; 60.621,62 ; 60.621,62 ; 111.992,04 ; 746.613,65 
MG;PIRAPETINGA;3151107; 42.619,87 ; 46.881,85 ; 51.143,84 ; 55.405,83 ; 61.430,82 ; 64.370,54 ; 64.370,54 ; 68.661,91 ; 70.174,40 ; 70.302,57 ; 70.302,57 ; 70.302,57 ; 129.876,59 ; 865.843,90 
MG;PIRAUBA;3151305; 37.381,43 ; 41.119,58 ; 44.857,72 ; 48.595,87 ; 52.139,22 ; 56.023,44 ; 56.023,44 ; 59.758,33 ; 61.061,70 ; 61.184,50 ; 61.184,50 ; 61.184,50 ; 113.031,92 ; 753.546,15 
MG;PITANGUI;3151404; 71.281,68 ; 78.409,85 ; 85.538,02 ; 92.666,19 ; 99.420,87 ; 106.829,16 ; 106.829,16 ; 113.951,11 ; 116.453,30 ; 116.672,88 ; 116.672,88 ; 116.672,88 ; 215.540,83 ; 1.436.938,81 
MG;POCO FUNDO;3151701; 19.786,00 ; 21.764,60 ; 23.743,20 ; 25.721,80 ; 27.589,19 ; 29.651,18 ; 29.651,18 ; 31.627,92 ; 32.392,26 ; 32.392,72 ; 32.392,72 ; 32.392,72 ; 59.842,14 ; 398.947,63 
MG;POCRANE;3151909; 6.514,27 ; 7.165,69 ; 7.817,12 ; 8.468,55 ; 9.083,38 ; 9.762,24 ; 9.762,24 ; 10.413,06 ; 10.664,71 ; 10.664,86 ; 10.664,86 ; 10.664,86 ; 19.702,20 ; 131.348,04 
MG;PORTO FIRME;3152303; 7.194,33 ; 7.913,76 ; 8.633,19 ; 9.352,63 ; 10.031,62 ; 10.781,38 ; 10.781,38 ; 11.500,14 ; 11.778,09 ; 11.778,22 ; 11.778,22 ; 11.778,22 ; 21.759,02 ; 145.060,20 
MG;PRATINHA;3153004; 15.552,38 ; 17.107,62 ; 18.662,86 ; 20.218,10 ; 21.692,14 ; 23.308,26 ; 23.308,26 ; 24.862,14 ; 25.406,32 ; 25.455,75 ; 25.455,75 ; 25.455,75 ; 47.026,82 ; 313.512,15 
MG;PRESIDENTE BERNARDES;3153103; 6.690,56 ; 7.359,62 ; 8.028,68 ; 8.697,74 ; 9.329,22 ; 10.026,44 ; 10.026,44 ; 10.694,87 ; 10.953,35 ; 10.953,48 ; 10.953,48 ; 10.953,48 ; 20.235,41 ; 134.902,77 
MG;PRESIDENTE JUSCELINO;3153202; 10.254,79 ; 11.280,26 ; 12.305,74 ; 13.331,22 ; 14.303,20 ; 15.368,79 ; 15.368,79 ; 16.393,38 ; 16.751,91 ; 16.784,74 ; 16.784,74 ; 16.784,74 ; 31.008,05 ; 206.720,35 
MG;QUELUZITO;3153806; 3.010,30 ; 3.311,34 ; 3.612,37 ; 3.913,40 ; 4.197,56 ; 4.511,23 ; 4.511,23 ; 4.811,97 ; 4.928,26 ; 4.928,33 ; 4.928,33 ; 4.928,33 ; 9.104,58 ; 60.697,23 
MG;REDUTO;3154150; 14.318,45 ; 15.750,30 ; 17.182,14 ; 18.613,99 ; 19.965,35 ; 21.457,55 ; 21.457,55 ; 22.888,05 ; 23.441,18 ; 23.441,51 ; 23.441,51 ; 23.441,51 ; 43.305,72 ; 288.704,81 
MG;RIACHO DOS MACHADOS;3154507; 23.316,18 ; 25.647,80 ; 27.979,41 ; 30.311,03 ; 32.511,56 ; 34.941,48 ; 34.941,48 ; 37.270,91 ; 38.171,63 ; 38.172,16 ; 38.172,16 ; 38.172,16 ; 70.519,05 ; 470.127,01 
MG;RIBEIRAO DAS NEVES;3154606; 1.086.164,42 ; 1.194.780,86 ; 1.303.397,30 ; 1.412.013,74 ; 1.514.932,12 ; 1.627.822,13 ; 1.627.822,13 ; 1.736.343,61 ; 1.774.541,77 ; 1.777.826,31 ; 1.777.826,31 ; 1.777.826,31 ; 3.284.346,54 ; 21.895.643,55 
MG;RIBEIRAO VERMELHO;3154705; 15.881,47 ; 17.469,62 ; 19.057,76 ; 20.645,91 ; 22.151,46 ; 23.801,54 ; 23.801,54 ; 25.388,31 ; 25.940,91 ; 25.994,06 ; 25.994,06 ; 25.994,06 ; 48.021,29 ; 320.141,99 
MG;RIO DO PRADO;3155108; 9.472,83 ; 10.420,12 ; 11.367,40 ; 12.314,68 ; 13.208,72 ; 14.195,93 ; 14.195,93 ; 15.142,33 ; 15.508,31 ; 15.508,48 ; 15.508,48 ; 15.508,48 ; 28.650,29 ; 191.001,98 
MG;RIO ESPERA;3155207; 3.096,06 ; 3.405,67 ; 3.715,28 ; 4.024,88 ; 4.317,15 ; 4.639,74 ; 4.639,74 ; 4.949,06 ; 5.068,68 ; 5.068,73 ; 5.068,73 ; 5.068,73 ; 9.363,96 ; 62.426,41 
MG;RIO MANSO;3155306; 15.783,77 ; 17.362,15 ; 18.940,53 ; 20.518,90 ; 22.015,10 ; 23.655,10 ; 23.655,10 ; 25.232,10 ; 25.782,08 ; 25.834,24 ; 25.834,24 ; 25.834,24 ; 47.726,03 ; 318.173,58 
MG;RIO NOVO;3155405; 13.554,62 ; 14.910,08 ; 16.265,54 ; 17.621,00 ; 18.900,26 ; 20.312,86 ; 20.312,86 ; 21.667,06 ; 22.190,70 ; 22.190,99 ; 22.190,99 ; 22.190,99 ; 40.995,52 ; 273.303,47 
MG;RIO PIRACICABA;3155702; 59.485,25 ; 65.433,78 ; 71.382,30 ; 77.330,83 ; 82.968,59 ; 89.150,21 ; 89.150,21 ; 95.093,56 ; 97.172,93 ; 97.363,73 ; 97.363,73 ; 97.363,73 ; 179.869,21 ; 1.199.128,06 
MG;RIO POMBA;3155801; 24.106,38 ; 26.517,02 ; 28.927,65 ; 31.338,29 ; 40.693,69 ; 37.895,75 ; 37.895,75 ; 40.422,13 ; 41.399,02 ; 41.399,58 ; 41.399,58 ; 41.399,58 ; 76.481,36 ; 509.875,78 
MG;RIO VERMELHO;3156007; 34.075,91 ; 37.483,50 ; 40.891,09 ; 44.298,68 ; 47.527,39 ; 51.069,13 ; 51.069,13 ; 54.473,74 ; 55.673,67 ; 55.775,37 ; 55.775,37 ; 55.775,37 ; 103.039,11 ; 686.927,46 
MG;RITAPOLIS;3156106; 7.183,63 ; 7.902,00 ; 8.620,36 ; 9.338,73 ; 10.016,77 ; 10.765,35 ; 10.765,35 ; 11.483,04 ; 11.760,52 ; 11.760,72 ; 11.760,72 ; 11.760,72 ; 21.726,69 ; 144.844,60 
MG;ROMARIA;3156403; 13.103,23 ; 14.413,56 ; 15.723,88 ; 17.034,20 ; 18.276,26 ; 19.637,76 ; 19.637,76 ; 20.946,95 ; 21.404,09 ; 21.446,90 ; 21.446,90 ; 21.446,90 ; 39.620,89 ; 264.139,28 
MG;ROSARIO DA LIMEIRA;3156452; 13.356,74 ; 14.692,42 ; 16.028,09 ; 17.363,76 ; 18.624,38 ; 20.016,33 ; 20.016,33 ; 21.350,75 ; 21.866,72 ; 21.867,04 ; 21.867,04 ; 21.867,04 ; 40.397,05 ; 269.313,69 
MG;RUBELITA;3156502; 8.747,36 ; 9.622,10 ; 10.496,84 ; 11.371,57 ; 12.197,19 ; 13.108,75 ; 13.108,75 ; 13.982,66 ; 14.320,57 ; 14.320,78 ; 14.320,78 ; 14.320,78 ; 26.456,13 ; 176.374,26 
MG;RUBIM;3156601; 42.126,03 ; 46.338,63 ; 50.551,23 ; 54.763,84 ; 58.755,26 ; 63.133,73 ; 63.133,73 ; 67.342,64 ; 68.826,65 ; 68.951,85 ; 68.951,85 ; 68.951,85 ; 127.381,28 ; 849.208,57 
MG;SACRAMENTO;3156908; 55.389,74 ; 60.928,71 ; 66.467,69 ; 72.006,66 ; 81.984,60 ; 84.194,37 ; 84.194,37 ; 89.807,33 ; 91.977,69 ; 91.978,97 ; 91.978,97 ; 91.978,97 ; 169.921,43 ; 1.132.809,50 
MG;SANTA CRUZ DE MINAS;3157336; 13.273,17 ; 14.600,48 ; 15.927,80 ; 17.255,12 ; 18.507,82 ; 19.891,09 ; 19.891,09 ; 21.217,16 ; 21.729,94 ; 21.730,21 ; 21.730,21 ; 21.730,21 ; 40.144,28 ; 267.628,58 
MG;SANTA CRUZ DE SALINAS;3157377; 6.943,78 ; 7.638,16 ; 8.332,54 ; 9.026,91 ; 9.682,29 ; 10.405,91 ; 10.405,91 ; 11.099,63 ; 11.367,89 ; 11.368,03 ; 11.368,03 ; 11.368,03 ; 21.001,25 ; 140.008,36 
MG;SANTA CRUZ DO ESCALVADO;3157401; 6.447,94 ; 7.092,73 ; 7.737,52 ; 8.382,32 ; 8.990,90 ; 9.662,84 ; 9.662,84 ; 10.307,03 ; 10.556,13 ; 10.556,26 ; 10.556,26 ; 10.556,26 ; 19.501,59 ; 130.010,62 
MG;SANTA HELENA DE MINAS;3157658; 14.730,23 ; 16.203,25 ; 17.676,27 ; 19.149,30 ; 20.545,27 ; 22.076,07 ; 22.076,07 ; 23.547,81 ; 24.064,19 ; 24.110,16 ; 24.110,16 ; 24.110,16 ; 44.540,98 ; 296.939,92 
MG;SANTA MARIA DO SALTO;3158102; 20.097,43 ; 22.107,17 ; 24.116,91 ; 26.126,66 ; 28.031,57 ; 30.119,92 ; 30.119,92 ; 32.127,92 ; 32.829,72 ; 32.894,81 ; 32.894,81 ; 32.894,81 ; 60.769,70 ; 405.131,35 
MG;SANTA MARIA DO SUACUI;3158201; 33.053,73 ; 36.359,10 ; 39.664,47 ; 42.969,85 ; 46.101,89 ; 49.537,25 ; 49.537,25 ; 52.839,74 ; 54.001,87 ; 54.102,08 ; 54.102,08 ; 54.102,08 ; 99.947,89 ; 666.319,28 
MG;SANTA RITA DE CALDAS;3159209; 21.951,04 ; 24.146,15 ; 26.341,25 ; 28.536,36 ; 30.617,21 ; 32.897,99 ; 32.897,99 ; 35.091,19 ; 35.855,39 ; 35.928,50 ; 35.928,50 ; 35.928,50 ; 66.374,13 ; 442.494,20 
MG;SANTA RITA DE IBITIPOCA;3159407; 5.157,32 ; 5.673,05 ; 6.188,79 ; 6.704,52 ; 7.191,30 ; 7.728,73 ; 7.728,73 ; 8.243,98 ; 8.443,21 ; 8.443,33 ; 8.443,33 ; 8.443,33 ; 15.598,16 ; 103.987,78 
MG;SANTA RITA DE MINAS;3159357; 12.746,96 ; 14.021,66 ; 15.296,36 ; 16.571,06 ; 17.774,10 ; 19.102,52 ; 19.102,52 ; 20.376,03 ; 20.868,47 ; 20.868,74 ; 20.868,74 ; 20.868,74 ; 38.552,80 ; 257.018,70 
MG;SANTANA DE CATAGUASES;3158409; 7.951,89 ; 8.747,08 ; 9.542,27 ; 10.337,46 ; 11.088,01 ; 11.916,66 ; 11.916,66 ; 12.711,10 ; 13.018,28 ; 13.018,47 ; 13.018,47 ; 13.018,47 ; 24.050,26 ; 160.335,08 
MG;SANTANA DO DESERTO;3158607; 9.359,99 ; 10.295,99 ; 11.231,99 ; 12.167,99 ; 13.051,41 ; 14.026,83 ; 14.026,83 ; 14.961,95 ; 15.323,52 ; 15.323,75 ; 15.323,75 ; 15.323,75 ; 28.309,01 ; 188.726,76 
MG;SANTANA DO GARAMBEU;3158706; 10.029,25 ; 11.032,18 ; 12.035,10 ; 13.038,03 ; 13.988,28 ; 15.030,69 ; 15.030,69 ; 16.032,73 ; 16.386,72 ; 16.415,95 ; 16.415,95 ; 16.415,95 ; 30.326,73 ; 202.178,25 
MG;SANTANA DO JACARE;3158805; 6.837,95 ; 7.521,75 ; 8.205,55 ; 8.889,34 ; 9.534,74 ; 10.247,32 ; 10.247,32 ; 10.930,47 ; 11.194,63 ; 11.194,78 ; 11.194,78 ; 11.194,78 ; 20.681,18 ; 137.874,59 
MG;SANTANA DO MANHUACU;3158904; 36.511,46 ; 40.162,60 ; 43.813,75 ; 47.464,90 ; 50.924,91 ; 54.719,39 ; 54.719,39 ; 58.367,35 ; 59.648,24 ; 59.761,37 ; 59.761,37 ; 59.761,37 ; 110.402,84 ; 736.018,94 
MG;SANTANA DO PARAISO;3158953; 126.275,29 ; 138.902,81 ; 151.530,34 ; 164.157,87 ; 176.125,17 ; 189.247,89 ; 189.247,89 ; 201.864,42 ; 206.284,38 ; 206.684,33 ; 206.684,33 ; 206.684,33 ; 381.827,49 ; 2.545.516,54 
MG;SANTANA DOS MONTES;3159100; 15.480,89 ; 17.028,98 ; 18.577,07 ; 20.125,16 ; 21.592,31 ; 23.201,10 ; 23.201,10 ; 24.747,84 ; 25.290,21 ; 25.338,81 ; 25.338,81 ; 25.338,81 ; 46.810,77 ; 312.071,86 
MG;SANTO ANTONIO DO AVENTUREIRO;3160009; 7.505,63 ; 8.256,19 ; 9.006,75 ; 9.757,32 ; 10.465,71 ; 11.247,89 ; 11.247,89 ; 11.997,75 ; 12.287,70 ; 12.287,87 ; 12.287,87 ; 12.287,87 ; 22.700,54 ; 151.336,98 
MG;SANTO ANTONIO DO JACINTO;3160306; 36.764,48 ; 40.440,93 ; 44.117,38 ; 47.793,83 ; 51.277,50 ; 55.098,51 ; 55.098,51 ; 58.771,75 ; 60.064,40 ; 60.175,81 ; 60.175,81 ; 60.175,81 ; 111.168,47 ; 741.123,19 
MG;SANTO ANTONIO DO MONTE;3160405; 48.034,67 ; 52.838,13 ; 57.641,60 ; 62.445,07 ; 66.978,24 ; 71.984,45 ; 71.984,45 ; 76.783,41 ; 78.639,03 ; 78.640,12 ; 78.640,12 ; 78.640,12 ; 145.279,31 ; 968.528,72 
MG;SANTO ANTONIO DO RIO ABAIXO;3160504; 5.578,24 ; 6.136,07 ; 6.693,89 ; 7.251,72 ; 7.780,49 ; 8.360,09 ; 8.360,09 ; 8.917,42 ; 9.112,26 ; 9.130,29 ; 9.130,29 ; 9.130,29 ; 16.867,25 ; 112.448,39 
MG;SAO FELIX DE MINAS;3161056; 13.718,58 ; 15.090,44 ; 16.462,29 ; 17.834,15 ; 19.134,14 ; 20.559,88 ; 20.559,88 ; 21.930,54 ; 22.412,83 ; 22.454,46 ; 22.454,46 ; 22.454,46 ; 41.482,25 ; 276.548,36 
MG;SAO FRANCISCO DE SALES;3161304; 30.061,45 ; 33.067,60 ; 36.073,74 ; 39.079,89 ; 41.928,17 ; 45.052,70 ; 45.052,70 ; 48.056,22 ; 49.115,36 ; 49.204,57 ; 49.204,57 ; 49.204,57 ; 90.900,26 ; 606.001,80 
MG;SAO FRANCISCO DO GLORIA;3161403; 17.695,98 ; 19.465,58 ; 21.235,18 ; 23.004,78 ; 24.682,01 ; 26.520,87 ; 26.520,87 ; 28.288,93 ; 28.907,70 ; 28.964,29 ; 28.964,29 ; 28.964,29 ; 53.508,48 ; 356.723,25 
MG;SAO GERALDO DA PIEDADE;3161601; 11.721,40 ; 12.893,54 ; 14.065,68 ; 15.237,82 ; 16.348,65 ; 17.566,76 ; 17.566,76 ; 18.737,88 ; 19.149,04 ; 19.185,40 ; 19.185,40 ; 19.185,40 ; 35.443,00 ; 236.286,73 
MG;SAO GONCALO DO ABAETE;3161700; 14.462,15 ; 15.908,37 ; 17.354,58 ; 18.800,80 ; 20.165,77 ; 21.672,89 ; 21.672,89 ; 23.117,75 ; 23.676,41 ; 23.676,77 ; 23.676,77 ; 23.676,77 ; 43.740,33 ; 291.602,25 
MG;SAO GONCALO DO PARA;3161809; 20.136,93 ; 22.150,63 ; 24.164,32 ; 26.178,02 ; 28.078,52 ; 30.177,08 ; 30.177,08 ; 32.188,89 ; 32.966,80 ; 32.967,25 ; 32.967,25 ; 32.967,25 ; 60.903,53 ; 406.023,55 
MG;SAO GONCALO DO RIO ABAIXO;3161908; 87.771,09 ; 96.548,19 ; 105.325,30 ; 114.102,41 ; 126.080,21 ; 132.456,81 ; 132.456,81 ; 141.287,26 ; 144.370,17 ; 144.659,35 ; 144.659,35 ; 144.659,35 ; 267.242,88 ; 1.781.619,18 
MG;SAO GONCALO DO RIO PRETO;3125507; 9.807,68 ; 10.788,45 ; 11.769,22 ; 12.749,98 ; 13.679,75 ; 14.698,76 ; 14.698,76 ; 15.678,67 ; 16.020,05 ; 16.052,77 ; 16.052,77 ; 16.052,77 ; 29.655,81 ; 197.705,44 
MG;SAO JOAO BATISTA DO GLORIA;3162203; 28.897,60 ; 31.787,36 ; 34.677,12 ; 37.566,88 ; 40.306,06 ; 43.308,73 ; 43.308,73 ; 46.195,98 ; 47.203,85 ; 47.298,52 ; 47.298,52 ; 47.298,52 ; 87.379,03 ; 582.526,90 
MG;SAO JOAO DO ORIENTE;3162609; 14.254,84 ; 15.680,33 ; 17.105,81 ; 18.531,30 ; 19.876,67 ; 21.362,22 ; 21.362,22 ; 22.786,37 ; 23.337,05 ; 23.337,37 ; 23.337,37 ; 23.337,37 ; 43.113,33 ; 287.422,25 
MG;SAO JOSE DA BARRA;3162948; 13.143,02 ; 14.457,32 ; 15.771,63 ; 17.085,93 ; 18.326,37 ; 19.696,05 ; 19.696,05 ; 21.009,12 ; 21.516,83 ; 21.517,15 ; 21.517,15 ; 21.517,15 ; 39.750,66 ; 265.004,43 
MG;SAO JOSE DA LAPA;3162955; 69.154,78 ; 76.070,26 ; 82.985,74 ; 89.901,22 ; 96.427,65 ; 103.634,92 ; 103.634,92 ; 110.543,91 ; 113.215,39 ; 113.216,99 ; 113.216,99 ; 113.216,99 ; 209.156,43 ; 1.394.376,19 
MG;SAO JOSE DA SAFIRA;3163003; 14.940,44 ; 16.434,48 ; 17.928,52 ; 19.422,57 ; 20.838,42 ; 22.391,08 ; 22.391,08 ; 23.883,82 ; 24.408,43 ; 24.454,32 ; 24.454,32 ; 24.454,32 ; 45.176,78 ; 301.178,58 
MG;SAO JOSE DO MANTIMENTO;3163607; 6.657,44 ; 7.323,18 ; 7.988,93 ; 8.654,67 ; 9.282,99 ; 9.976,80 ; 9.976,80 ; 10.641,92 ; 10.899,11 ; 10.899,25 ; 10.899,25 ; 10.899,25 ; 20.135,22 ; 134.234,81 
MG;SAO MIGUEL DO ANTA;3163805; 10.254,60 ; 11.280,06 ; 12.305,52 ; 13.330,99 ; 14.298,81 ; 15.367,49 ; 15.367,49 ; 16.391,99 ; 16.788,16 ; 16.788,36 ; 16.788,36 ; 16.788,36 ; 31.014,73 ; 206.764,92 
MG;SAO PEDRO DO SUACUI;3164100; 15.923,45 ; 17.515,80 ; 19.108,14 ; 20.700,49 ; 26.765,72 ; 25.003,38 ; 25.003,38 ; 26.670,28 ; 27.252,87 ; 27.306,90 ; 27.306,90 ; 27.306,90 ; 50.446,62 ; 336.310,83 
MG;SAO ROMAO;3164209; 30.266,37 ; 33.293,00 ; 36.319,64 ; 39.346,28 ; 42.215,04 ; 45.360,06 ; 45.360,06 ; 48.384,07 ; 49.440,93 ; 49.539,00 ; 49.539,00 ; 49.539,00 ; 91.518,07 ; 610.120,52 
MG;SAO ROQUE DE MINAS;3164308; 25.061,38 ; 27.567,52 ; 30.073,66 ; 32.579,80 ; 34.955,65 ; 37.559,48 ; 37.559,48 ; 40.063,45 ; 40.934,61 ; 41.019,24 ; 41.019,24 ; 41.019,24 ; 75.778,72 ; 505.191,47 
MG;SAO SEBASTIAO DA BELA VISTA;3164407; 30.287,35 ; 33.316,09 ; 36.344,82 ; 39.373,56 ; 42.244,07 ; 45.391,46 ; 45.391,46 ; 48.417,56 ; 49.477,19 ; 49.573,55 ; 49.573,55 ; 49.573,55 ; 91.581,92 ; 610.546,13 
MG;SAO SEBASTIAO DA VARGEM ALEGRE;3164431; 19.484,76 ; 21.433,23 ; 23.381,71 ; 25.330,18 ; 27.176,84 ; 29.201,67 ; 29.201,67 ; 31.148,45 ; 31.830,52 ; 31.892,19 ; 31.892,19 ; 31.892,19 ; 58.917,45 ; 392.783,05 
MG;SAO SEBASTIAO DO MARANHAO;3164506; 7.883,60 ; 8.671,96 ; 9.460,32 ; 10.248,69 ; 10.992,78 ; 11.814,32 ; 11.814,32 ; 12.601,94 ; 12.906,49 ; 12.906,67 ; 12.906,67 ; 12.906,67 ; 23.843,72 ; 158.958,15 
MG;SARDOA;3165503; 24.929,27 ; 27.422,20 ; 29.915,13 ; 32.408,05 ; 34.770,88 ; 37.361,37 ; 37.361,37 ; 39.852,12 ; 40.723,33 ; 40.803,49 ; 40.803,49 ; 40.803,49 ; 75.380,14 ; 502.534,33 
MG;SARZEDO;3165537; 81.173,11 ; 89.290,42 ; 97.407,73 ; 105.525,04 ; 120.922,65 ; 123.579,76 ; 123.579,76 ; 131.818,41 ; 135.004,07 ; 135.005,92 ; 135.005,92 ; 135.005,92 ; 249.409,19 ; 1.662.727,90 
MG;SENADOR FIRMINO;3165701; 13.307,47 ; 14.638,22 ; 15.968,96 ; 17.299,71 ; 17.915,79 ; 19.782,53 ; 19.782,53 ; 21.101,36 ; 21.611,33 ; 21.611,61 ; 21.611,61 ; 21.611,61 ; 39.925,18 ; 266.167,91 
MG;SENADOR MODESTINO GONCALVES;3165909; 6.192,13 ; 6.811,35 ; 7.430,56 ; 8.049,77 ; 8.634,20 ; 9.279,49 ; 9.279,49 ; 9.898,13 ; 10.137,36 ; 10.137,47 ; 10.137,47 ; 10.137,47 ; 18.727,92 ; 124.852,81 
MG;SENHORA DE OLIVEIRA;3166006; 8.178,63 ; 8.996,49 ; 9.814,35 ; 10.632,22 ; 11.404,12 ; 12.256,44 ; 12.256,44 ; 13.073,54 ; 13.389,50 ; 13.389,67 ; 13.389,67 ; 13.389,67 ; 24.736,01 ; 164.906,75 
MG;SENHORA DO PORTO;3166105; 10.356,65 ; 11.392,31 ; 12.427,98 ; 13.463,64 ; 14.445,21 ; 15.521,43 ; 15.521,43 ; 16.556,19 ; 16.919,07 ; 16.951,55 ; 16.951,55 ; 16.951,55 ; 31.316,21 ; 208.774,77 
MG;SENHORA DOS REMEDIOS;3166204; 19.058,26 ; 20.964,08 ; 22.869,91 ; 24.775,73 ; 26.582,71 ; 28.562,66 ; 28.562,66 ; 30.466,83 ; 31.127,38 ; 31.193,42 ; 31.193,42 ; 31.193,42 ; 57.626,55 ; 384.177,03 
MG;SERICITA;3166303; 15.644,26 ; 17.208,69 ; 18.773,12 ; 20.337,55 ; 21.814,03 ; 23.444,40 ; 23.444,40 ; 25.007,36 ; 25.611,72 ; 25.612,06 ; 25.612,06 ; 25.612,06 ; 47.315,59 ; 315.437,30 
MG;SERRA AZUL DE MINAS;3166501; 4.903,59 ; 5.393,95 ; 5.884,31 ; 6.374,67 ; 6.837,53 ; 7.348,50 ; 7.348,50 ; 7.838,40 ; 64.210,11 ; 15.550,44 ; 15.550,44 ; 15.550,44 ; 28.727,80 ; 191.518,68 
MG;SERRA DOS AIMORES;3166709; 25.534,36 ; 28.087,79 ; 30.641,23 ; 33.194,66 ; 35.614,39 ; 38.268,09 ; 38.268,09 ; 40.819,29 ; 41.715,81 ; 41.794,30 ; 41.794,30 ; 41.794,30 ; 77.210,57 ; 514.737,18 
MG;SERRANIA;3166907; 29.396,59 ; 32.336,25 ; 35.275,91 ; 38.215,57 ; 41.001,76 ; 44.056,51 ; 44.056,51 ; 46.993,61 ; 48.021,34 ; 48.115,51 ; 48.115,51 ; 48.115,51 ; 88.888,33 ; 592.588,91 
MG;SERRANOPOLIS DE MINAS;3166956; 17.531,17 ; 19.284,29 ; 21.037,40 ; 22.790,52 ; 24.451,88 ; 26.273,79 ; 26.273,79 ; 28.025,38 ; 28.640,77 ; 28.694,78 ; 28.694,78 ; 28.694,78 ; 53.010,58 ; 353.403,91 
MG;SERRO;3167103; 16.633,33 ; 18.296,67 ; 19.960,00 ; 21.623,33 ; 23.193,18 ; 24.926,61 ; 24.926,61 ; 26.588,38 ; 27.230,93 ; 27.231,32 ; 27.231,32 ; 27.231,32 ; 50.306,99 ; 335.379,99 
MG;SETUBINHA;3165552; 10.572,77 ; 11.630,05 ; 12.687,33 ; 13.744,61 ; 14.742,49 ; 15.844,29 ; 15.844,29 ; 16.900,58 ; 17.309,00 ; 17.309,26 ; 17.309,26 ; 17.309,26 ; 31.977,03 ; 213.180,22 
MG;SILVEIRANIA;3167301; 10.037,44 ; 11.041,19 ; 12.044,93 ; 13.048,68 ; 14.000,37 ; 15.043,14 ; 15.043,14 ; 16.046,02 ; 16.393,96 ; 16.428,69 ; 16.428,69 ; 16.428,69 ; 30.350,28 ; 202.335,22 
MG;SILVIANOPOLIS;3167400; 9.240,75 ; 10.164,83 ; 11.088,90 ; 12.012,98 ; 12.885,15 ; 13.848,13 ; 13.848,13 ; 14.771,34 ; 15.128,31 ; 15.128,53 ; 15.128,53 ; 15.128,53 ; 27.948,37 ; 186.322,48 
MG;SIMAO PEREIRA;3167509; 6.809,57 ; 7.490,53 ; 8.171,48 ; 8.852,44 ; 9.495,14 ; 10.204,78 ; 10.204,78 ; 10.885,10 ; 11.148,18 ; 11.148,31 ; 11.148,31 ; 11.148,31 ; 20.595,33 ; 137.302,26 
MG;SIMONESIA;3167608; 84.399,00 ; 92.838,89 ; 101.278,79 ; 109.718,69 ; 101.911,81 ; 122.536,81 ; 122.536,81 ; 130.705,93 ; 133.573,73 ; 133.827,58 ; 133.827,58 ; 133.827,58 ; 247.232,34 ; 1.648.215,54 
MG;TAIOBEIRAS;3168002; 65.312,28 ; 71.843,51 ; 78.374,74 ; 84.905,97 ; 93.919,72 ; 98.589,07 ; 98.589,07 ; 105.161,68 ; 107.703,14 ; 107.704,60 ; 107.704,60 ; 107.704,60 ; 198.972,88 ; 1.326.485,86 
MG;TAPARUBA;3168051; 13.377,55 ; 14.715,31 ; 16.053,06 ; 17.390,82 ; 18.658,65 ; 20.048,83 ; 20.048,83 ; 21.385,42 ; 21.854,29 ; 21.896,12 ; 21.896,12 ; 21.896,12 ; 40.450,78 ; 269.671,90 
MG;TEIXEIRAS;3168507; 36.382,77 ; 40.021,04 ; 43.659,32 ; 47.297,60 ; 53.678,78 ; 55.259,86 ; 55.259,86 ; 58.943,85 ; 60.226,36 ; 60.350,17 ; 60.350,17 ; 60.350,17 ; 111.490,57 ; 743.270,52 
MG;TIRADENTES;3168804; 26.221,86 ; 28.844,04 ; 31.466,23 ; 34.088,41 ; 36.573,58 ; 39.298,52 ; 39.298,52 ; 41.918,42 ; 42.836,19 ; 42.919,30 ; 42.919,30 ; 42.919,30 ; 79.288,88 ; 528.592,55 
MG;TIROS;3168903; 13.409,41 ; 14.750,36 ; 16.091,30 ; 17.432,24 ; 18.697,82 ; 20.095,27 ; 20.095,27 ; 21.434,95 ; 21.952,97 ; 21.953,27 ; 21.953,27 ; 21.953,27 ; 40.556,36 ; 270.375,76 
MG;TOMBOS;3169208; 29.140,02 ; 32.054,02 ; 34.968,03 ; 37.882,03 ; 40.644,64 ; 43.672,17 ; 43.672,17 ; 46.583,65 ; 47.595,57 ; 47.694,85 ; 47.694,85 ; 47.694,85 ; 88.111,20 ; 587.408,05 
MG;TUMIRITINGA;3169505; 23.570,22 ; 25.927,24 ; 28.284,26 ; 30.641,28 ; 32.874,88 ; 35.324,45 ; 35.324,45 ; 37.679,42 ; 38.506,83 ; 38.579,41 ; 38.579,41 ; 38.579,41 ; 71.271,39 ; 475.142,65 
MG;TURMALINA;3169703; 29.894,11 ; 32.883,52 ; 35.872,94 ; 38.862,35 ; 41.683,65 ; 44.799,13 ; 44.799,13 ; 47.785,74 ; 48.940,59 ; 48.941,25 ; 48.941,25 ; 48.941,25 ; 90.413,80 ; 602.758,71 
MG;UBAPORANGA;3170057; 38.696,94 ; 42.566,63 ; 46.436,33 ; 50.306,02 ; 52.245,94 ; 57.562,96 ; 57.562,96 ; 61.400,49 ; 62.740,81 ; 62.866,00 ; 62.866,00 ; 62.866,00 ; 116.138,30 ; 774.255,38 
MG;UMBURATIBA;3170305; 5.045,26 ; 5.549,79 ; 6.054,31 ; 6.558,84 ; 7.035,04 ; 7.560,80 ; 7.560,80 ; 8.064,85 ; 8.259,74 ; 8.259,87 ; 8.259,87 ; 8.259,87 ; 15.259,24 ; 101.728,28 
MG;UNIAO DE MINAS;3170438; 10.836,04 ; 11.919,65 ; 13.003,25 ; 14.086,86 ; 15.113,88 ; 16.239,90 ; 16.239,90 ; 17.322,56 ; 17.702,06 ; 17.736,20 ; 17.736,20 ; 17.736,20 ; 32.765,77 ; 218.438,47 
MG;URUANA DE MINAS;3170479; 10.612,53 ; 11.673,78 ; 12.735,04 ; 13.796,29 ; 14.797,93 ; 15.903,87 ; 15.903,87 ; 16.964,13 ; 17.374,11 ; 17.374,34 ; 17.374,34 ; 17.374,34 ; 32.097,27 ; 213.981,84 
MG;URUCUIA;3170529; 51.657,92 ; 56.823,71 ; 61.989,50 ; 67.155,29 ; 72.050,06 ; 77.419,13 ; 77.419,13 ; 82.580,41 ; 84.396,91 ; 84.553,30 ; 84.553,30 ; 84.553,30 ; 156.203,29 ; 1.041.355,25 
MG;VARGEM ALEGRE;3170578; 9.086,19 ; 9.994,81 ; 10.903,43 ; 11.812,05 ; 12.669,67 ; 13.616,51 ; 13.616,51 ; 14.524,28 ; 14.875,26 ; 14.875,50 ; 14.875,50 ; 14.875,50 ; 27.480,91 ; 183.206,12 
MG;VARGEM BONITA;3170602; 8.307,43 ; 9.138,17 ; 9.968,91 ; 10.799,65 ; 11.587,35 ; 12.450,36 ; 12.450,36 ; 13.280,39 ; 13.568,27 ; 13.597,09 ; 13.597,09 ; 13.597,09 ; 25.119,20 ; 167.461,36 
MG;VARGEM GRANDE DO RIO PARDO;3170651; 10.374,05 ; 11.411,45 ; 12.448,86 ; 13.486,26 ; 14.465,37 ; 15.546,49 ; 15.546,49 ; 16.582,92 ; 16.983,69 ; 16.983,91 ; 16.983,91 ; 16.983,91 ; 31.375,99 ; 209.173,30 
MG;VARZEA DA PALMA;3170800; 57.381,51 ; 63.119,66 ; 68.857,81 ; 74.595,96 ; 79.702,39 ; 85.914,35 ; 85.914,35 ; 91.641,97 ; 93.856,68 ; 93.857,97 ; 93.857,97 ; 93.857,97 ; 173.392,70 ; 1.155.951,29 
MG;VARZELANDIA;3170909; 56.924,72 ; 62.617,19 ; 68.309,67 ; 74.002,14 ; 79.394,80 ; 85.312,14 ; 85.312,14 ; 90.999,62 ; 93.011,82 ; 93.175,05 ; 93.175,05 ; 93.175,05 ; 172.131,07 ; 1.147.540,46 
MG;VERMELHO NOVO;3171154; 9.306,10 ; 10.236,71 ; 11.167,32 ; 12.097,93 ; 12.976,23 ; 13.946,06 ; 13.946,06 ; 14.875,80 ; 15.235,32 ; 15.235,51 ; 15.235,51 ; 15.235,51 ; 28.146,00 ; 187.640,06 
MG;VIEIRAS;3171402; 10.180,88 ; 11.198,97 ; 12.217,06 ; 13.235,15 ; 14.196,02 ; 15.257,01 ; 15.257,01 ; 16.274,15 ; 16.667,47 ; 16.667,67 ; 16.667,67 ; 16.667,67 ; 30.791,77 ; 205.278,50 
MG;VIRGINIA;3171709; 28.996,45 ; 31.896,10 ; 34.795,74 ; 37.695,39 ; 40.444,05 ; 43.456,92 ; 43.456,92 ; 46.354,04 ; 47.364,05 ; 47.460,18 ; 47.460,18 ; 47.460,18 ; 87.677,67 ; 584.517,87 
MG;VIRGINOPOLIS;3171808; 40.589,11 ; 44.648,02 ; 48.706,93 ; 52.765,84 ; 56.612,83 ; 60.830,67 ; 60.830,67 ; 64.886,05 ; 66.304,88 ; 66.435,07 ; 66.435,07 ; 66.435,07 ; 122.731,80 ; 818.212,01 
MG;VIRGOLANDIA;3171907; 12.482,73 ; 13.731,00 ; 14.979,27 ; 16.227,54 ; 17.410,72 ; 18.707,80 ; 18.707,80 ; 19.954,99 ; 20.391,01 ; 20.431,33 ; 20.431,33 ; 20.431,33 ; 37.744,73 ; 251.631,58 
MS;AGUA CLARA;5000203; 125.874,51 ; 138.461,96 ; 151.049,41 ; 163.636,86 ; 175.569,53 ; 188.648,09 ; 188.648,09 ; 201.224,63 ; 205.599,75 ; 206.025,14 ; 206.025,14 ; 206.025,14 ; 380.609,70 ; 2.537.397,95 
MS;ANASTACIO;5000708; 88.437,30 ; 97.281,03 ; 106.124,76 ; 114.968,49 ; 123.347,68 ; 132.539,83 ; 132.539,83 ; 141.375,82 ; 144.490,83 ; 144.754,06 ; 144.754,06 ; 144.754,06 ; 267.417,84 ; 1.782.785,59 
MS;ANGELICA;5000856; 25.305,87 ; 27.836,45 ; 30.367,04 ; 32.897,63 ; 33.371,14 ; 37.444,52 ; 37.444,52 ; 39.940,82 ; 40.906,08 ; 40.906,63 ; 40.906,63 ; 40.906,63 ; 75.570,69 ; 503.804,65 
MS;ANTONIO JOAO;5000906; 28.752,31 ; 31.627,54 ; 34.502,77 ; 37.378,00 ; 41.705,45 ; 43.491,50 ; 43.491,50 ; 46.390,94 ; 47.302,23 ; 47.484,62 ; 47.484,62 ; 47.484,62 ; 87.722,83 ; 584.818,93 
MS;AQUIDAUANA;5001102; 212.365,21 ; 233.601,73 ; 254.838,25 ; 276.074,77 ; 323.361,46 ; 325.060,38 ; 325.060,38 ; 346.731,07 ; 354.383,75 ; 355.018,10 ; 355.018,10 ; 355.018,10 ; 655.858,47 ; 4.372.389,77 
MS;BATAGUASSU;5001904; 98.603,44 ; 108.463,79 ; 118.324,13 ; 128.184,47 ; 147.720,62 ; 150.324,14 ; 150.324,14 ; 160.345,75 ; 163.857,40 ; 164.174,42 ; 164.174,42 ; 164.174,42 ; 303.294,91 ; 2.021.966,05 
MS;BELA VISTA;5002100; 104.378,94 ; 114.816,84 ; 125.254,73 ; 135.692,62 ; 155.792,17 ; 158.983,84 ; 158.983,84 ; 169.582,76 ; 173.323,96 ; 173.635,65 ; 173.635,65 ; 173.635,65 ; 320.773,53 ; 2.138.490,18 
MS;CAMAPUA;5002605; 53.318,16 ; 58.649,97 ; 63.981,79 ; 69.313,61 ; 74.365,62 ; 79.907,30 ; 79.907,30 ; 85.234,46 ; 87.109,82 ; 87.270,81 ; 87.270,81 ; 87.270,81 ; 161.223,61 ; 1.074.824,07 
MS;CASSILANDIA;5002902; 90.092,61 ; 99.101,87 ; 108.111,13 ; 117.120,39 ; 119.519,89 ; 133.486,50 ; 133.486,50 ; 142.385,60 ; 145.515,35 ; 145.786,96 ; 145.786,96 ; 145.786,96 ; 269.326,02 ; 1.795.506,74 
MS;CORGUINHO;5003108; 21.527,55 ; 23.680,30 ; 25.833,06 ; 27.985,81 ; 30.025,82 ; 32.263,12 ; 32.263,12 ; 34.413,99 ; 35.170,14 ; 35.236,05 ; 35.236,05 ; 35.236,05 ; 65.094,89 ; 433.965,95 
MS;COXIM;5003306; 61.768,98 ; 67.945,88 ; 74.122,78 ; 80.299,67 ; 85.636,53 ; 92.443,48 ; 92.443,48 ; 98.606,37 ; 100.989,40 ; 100.990,78 ; 100.990,78 ; 100.990,78 ; 186.569,81 ; 1.243.798,72 
MS;DEODAPOLIS;5003454; 25.674,36 ; 28.241,79 ; 30.809,23 ; 33.376,66 ; 35.076,73 ; 38.294,67 ; 38.294,67 ; 40.847,65 ; 41.834,81 ; 41.835,39 ; 41.835,39 ; 41.835,39 ; 77.286,48 ; 515.243,22 
MS;FIGUEIRAO;5003900; 7.872,10 ; 8.659,31 ; 9.446,52 ; 10.233,73 ; 10.976,71 ; 11.797,08 ; 11.797,08 ; 12.583,55 ; 12.887,67 ; 12.887,83 ; 12.887,83 ; 12.887,83 ; 23.808,92 ; 158.726,16 
MS;GLORIA DE DOURADOS;5004007; 39.089,06 ; 42.997,97 ; 46.906,88 ; 50.815,79 ; 54.520,72 ; 58.582,59 ; 58.582,59 ; 62.488,09 ; 63.853,54 ; 63.979,75 ; 63.979,75 ; 63.979,75 ; 118.195,84 ; 787.972,32 
MS;GUIA LOPES DA LAGUNA;5004106; 38.910,17 ; 42.801,19 ; 46.692,21 ; 50.583,22 ; 52.216,86 ; 57.800,90 ; 57.800,90 ; 61.654,30 ; 63.010,58 ; 63.127,26 ; 63.127,26 ; 63.127,26 ; 116.620,96 ; 777.473,07 
MS;INOCENCIA;5004403; 38.473,95 ; 42.321,34 ; 46.168,74 ; 50.016,13 ; 53.662,66 ; 57.660,69 ; 57.660,69 ; 61.504,73 ; 62.849,64 ; 62.973,04 ; 62.973,04 ; 62.973,04 ; 116.336,06 ; 775.573,75 
MS;ITAPORA;5004502; 70.418,96 ; 77.460,85 ; 84.502,75 ; 91.544,64 ; 98.847,49 ; 105.693,69 ; 105.693,69 ; 112.739,93 ; 115.210,95 ; 115.432,16 ; 115.432,16 ; 115.432,16 ; 213.248,73 ; 1.421.658,16 
MS;ITAQUIRAI;5004601; 98.758,12 ; 108.633,93 ; 118.509,74 ; 128.385,55 ; 135.776,05 ; 147.515,86 ; 147.515,86 ; 157.350,25 ; 160.814,39 ; 161.109,82 ; 161.109,82 ; 161.109,82 ; 297.633,40 ; 1.984.222,61 
MS;JARAGUARI;5004908; 22.394,45 ; 24.633,89 ; 26.873,34 ; 29.112,78 ; 31.234,87 ; 33.562,32 ; 33.562,32 ; 35.799,81 ; 36.586,88 ; 36.655,03 ; 36.655,03 ; 36.655,03 ; 67.716,30 ; 451.442,05 
MS;JATEI;5005103; 5.597,71 ; 6.157,48 ; 6.717,25 ; 7.277,02 ; 7.805,38 ; 8.388,69 ; 8.388,69 ; 8.947,94 ; 9.164,19 ; 9.164,31 ; 9.164,31 ; 9.164,31 ; 16.930,10 ; 112.867,38 
MS;JUTI;5005152; 38.289,91 ; 42.118,90 ; 45.947,89 ; 49.776,88 ; 53.405,16 ; 57.384,67 ; 57.384,67 ; 61.210,32 ; 62.556,08 ; 62.672,58 ; 62.672,58 ; 62.672,58 ; 115.780,98 ; 771.873,20 
MS;LADARIO;5005202; 118.854,03 ; 130.739,43 ; 142.624,83 ; 154.510,23 ; 165.770,48 ; 178.124,77 ; 178.124,77 ; 189.999,76 ; 194.193,79 ; 194.540,91 ; 194.540,91 ; 194.540,91 ; 359.393,80 ; 2.395.958,62 
MS;MARACAJU;5005400; 228.054,33 ; 250.859,76 ; 273.665,20 ; 296.470,63 ; 324.942,17 ; 343.498,05 ; 343.498,05 ; 366.397,92 ; 374.424,37 ; 375.146,91 ; 375.146,91 ; 375.146,91 ; 693.044,34 ; 4.620.295,55 
MS;MUNDO NOVO;5005681; 86.941,63 ; 95.635,80 ; 104.329,96 ; 113.024,12 ; 104.705,19 ; 126.159,18 ; 126.159,18 ; 134.569,79 ; 137.502,10 ; 137.781,02 ; 137.781,02 ; 137.781,02 ; 254.535,89 ; 1.696.905,90 
MS;NIOAQUE;5005806; 63.198,96 ; 69.518,85 ; 75.838,75 ; 82.158,64 ; 88.146,60 ; 94.715,46 ; 94.715,46 ; 101.029,83 ; 103.255,40 ; 103.443,92 ; 103.443,92 ; 103.443,92 ; 191.101,72 ; 1.274.011,43 
MS;NOVO HORIZONTE DO SUL;5006259; 29.232,39 ; 32.155,63 ; 35.078,87 ; 38.002,11 ; 37.523,29 ; 42.998,05 ; 42.998,05 ; 45.864,59 ; 46.871,82 ; 46.960,10 ; 46.960,10 ; 46.960,10 ; 86.753,84 ; 578.358,94 
MS;PARAISO DAS AGUAS;5006275; 46.452,18 ; 51.097,39 ; 55.742,61 ; 60.387,83 ; 64.790,17 ; 69.617,56 ; 69.617,56 ; 74.258,73 ; 75.884,36 ; 76.031,76 ; 76.031,76 ; 76.031,76 ; 140.460,66 ; 936.404,33 
MS;PARANAIBA;5006309; 179.191,19 ; 197.110,31 ; 215.029,42 ; 232.948,54 ; 262.502,46 ; 271.695,49 ; 271.695,49 ; 289.808,53 ; 296.178,95 ; 296.731,61 ; 296.731,61 ; 296.731,61 ; 548.180,34 ; 3.654.535,55 
MS;PEDRO GOMES;5006408; 14.802,76 ; 16.283,03 ; 17.763,31 ; 19.243,59 ; 23.166,84 ; 22.814,88 ; 22.814,88 ; 24.335,87 ; 24.924,00 ; 24.924,34 ; 24.924,34 ; 24.924,34 ; 46.045,08 ; 306.967,26 
MS;RIO NEGRO;5007307; 22.830,94 ; 25.114,03 ; 27.397,13 ; 29.680,22 ; 30.265,78 ; 33.822,02 ; 33.822,02 ; 36.076,82 ; 36.871,48 ; 36.938,86 ; 36.938,86 ; 36.938,86 ; 68.240,64 ; 454.937,66 
MS;ROCHEDO;5007505; 27.213,83 ; 29.935,22 ; 32.656,60 ; 35.377,98 ; 37.956,73 ; 40.785,07 ; 40.785,07 ; 43.504,07 ; 44.460,83 ; 44.543,39 ; 44.543,39 ; 44.543,39 ; 82.289,21 ; 548.594,78 
MS;SELVIRIA;5007802; 38.616,11 ; 42.477,73 ; 46.339,34 ; 50.200,95 ; 53.860,25 ; 57.873,59 ; 57.873,59 ; 61.731,83 ; 63.087,83 ; 63.206,37 ; 63.206,37 ; 63.206,37 ; 116.767,11 ; 778.447,44 
MS;SETE QUEDAS;5007703; 41.645,63 ; 45.810,19 ; 49.974,75 ; 54.139,31 ; 55.106,74 ; 61.669,14 ; 61.669,14 ; 65.780,42 ; 67.223,40 ; 67.351,41 ; 67.351,41 ; 67.351,41 ; 124.424,63 ; 829.497,58 
MS;SONORA;5007935; 97.458,47 ; 107.204,32 ; 116.950,16 ; 126.696,01 ; 130.477,85 ; 144.696,72 ; 144.696,72 ; 154.343,16 ; 157.723,73 ; 158.028,57 ; 158.028,57 ; 158.028,57 ; 291.941,10 ; 1.946.273,95 
MS;TAQUARUSSU;5007976; 17.596,31 ; 19.355,94 ; 21.115,57 ; 22.875,20 ; 28.374,99 ; 27.329,49 ; 27.329,49 ; 29.151,46 ; 29.786,55 ; 29.847,07 ; 29.847,07 ; 29.847,07 ; 55.139,32 ; 367.595,53 
MT;ACORIZAL;5100102; 8.894,48 ; 9.783,93 ; 10.673,38 ; 11.562,83 ; 12.402,29 ; 13.329,22 ; 13.329,22 ; 14.217,83 ; 14.561,45 ; 14.561,63 ; 14.561,63 ; 14.561,63 ; 26.901,08 ; 179.340,60 
MT;AGUA BOA;5100201; 143.157,99 ; 157.473,79 ; 171.789,59 ; 186.105,38 ; 199.674,14 ; 214.550,23 ; 214.550,23 ; 228.853,58 ; 233.851,54 ; 234.316,18 ; 234.316,18 ; 234.316,18 ; 432.874,42 ; 2.885.829,43 
MT;ALTA FLORESTA;5100250; 237.963,39 ; 261.759,73 ; 285.556,07 ; 309.352,41 ; 333.796,76 ; 357.107,10 ; 357.107,10 ; 380.914,24 ; 389.253,33 ; 390.009,15 ; 390.009,15 ; 390.009,15 ; 720.500,75 ; 4.803.338,33 
MT;ALTO BOA VISTA;5100359; 18.673,38 ; 20.540,72 ; 22.408,06 ; 24.275,40 ; 26.037,77 ; 27.983,82 ; 27.983,82 ; 29.849,40 ; 30.570,75 ; 30.571,20 ; 30.571,20 ; 30.571,20 ; 56.477,06 ; 376.513,78 
MT;ALTO GARCAS;5100409; 57.136,30 ; 62.849,93 ; 68.563,56 ; 74.277,19 ; 79.691,56 ; 85.629,66 ; 85.629,66 ; 91.338,30 ; 93.342,67 ; 93.519,77 ; 93.519,77 ; 93.519,77 ; 172.767,91 ; 1.151.786,05 
MT;ALTO PARAGUAI;5100508; 30.293,40 ; 33.322,74 ; 36.352,08 ; 39.381,42 ; 42.251,31 ; 45.400,22 ; 45.400,22 ; 48.426,90 ; 49.497,88 ; 49.584,62 ; 49.584,62 ; 49.584,62 ; 91.602,35 ; 610.682,38 
MT;APIACAS;5100805; 22.435,76 ; 24.679,34 ; 26.922,91 ; 29.166,49 ; 31.283,95 ; 33.622,09 ; 33.622,09 ; 35.863,56 ; 36.730,28 ; 36.730,78 ; 36.730,78 ; 36.730,78 ; 67.856,25 ; 452.375,06 
MT;ARAGUAIANA;5101001; 15.512,41 ; 17.063,65 ; 18.614,89 ; 20.166,13 ; 21.636,38 ; 23.248,36 ; 23.248,36 ; 24.798,25 ; 25.340,72 ; 25.390,28 ; 25.390,28 ; 25.390,28 ; 46.905,87 ; 312.705,86 
MT;ARAPUTANGA;5101258; 60.971,53 ; 67.068,68 ; 73.165,83 ; 79.262,98 ; 100.545,37 ; 95.253,60 ; 95.253,60 ; 101.603,84 ; 103.827,62 ; 104.029,72 ; 104.029,72 ; 104.029,72 ; 192.183,93 ; 1.281.226,14 
MT;ARENAPOLIS;5101308; 22.052,07 ; 24.257,27 ; 26.462,48 ; 28.667,69 ; 30.748,92 ; 33.047,09 ; 33.047,09 ; 35.250,23 ; 36.102,12 ; 36.102,62 ; 36.102,62 ; 36.102,62 ; 66.695,79 ; 444.638,61 
MT;ARIPUANA;5101407; 139.850,41 ; 153.835,45 ; 167.820,49 ; 181.805,53 ; 207.751,73 ; 212.765,92 ; 212.765,92 ; 226.950,31 ; 231.928,06 ; 232.370,34 ; 232.370,34 ; 232.370,34 ; 429.279,69 ; 2.861.864,53 
MT;BARAO DE MELGACO;5101605; 12.383,44 ; 13.621,78 ; 14.860,13 ; 16.098,47 ; 17.267,22 ; 18.557,75 ; 18.557,75 ; 19.794,93 ; 20.273,32 ; 20.273,59 ; 20.273,59 ; 20.273,59 ; 37.453,33 ; 249.688,89 
MT;BARRA DO BUGRES;5101704; 132.209,92 ; 145.430,91 ; 158.651,90 ; 171.872,89 ; 211.362,32 ; 204.881,99 ; 204.881,99 ; 218.540,79 ; 223.324,94 ; 223.758,76 ; 223.758,76 ; 223.758,76 ; 413.370,70 ; 2.755.804,63 
MT;BARRA DO GARCAS;5101803; 283.040,67 ; 311.344,74 ; 339.648,80 ; 367.952,87 ; 383.890,67 ; 421.469,45 ; 421.469,45 ; 449.567,41 ; 459.428,54 ; 460.304,08 ; 460.304,08 ; 460.304,08 ; 850.363,21 ; 5.669.088,05 
MT;BOA ESPERANCA DO NORTE;5101837; 43.917,13 ; 48.308,84 ; 52.700,55 ; 57.092,25 ; 61.254,33 ; 65.818,27 ; 65.818,27 ; 70.206,15 ; 71.743,89 ; 71.882,54 ; 71.882,54 ; 71.882,54 ; 132.795,41 ; 885.302,71 
MT;BRASNORTE;5101902; 39.657,87 ; 43.623,65 ; 47.589,44 ; 51.555,23 ; 60.783,11 ; 60.802,32 ; 60.802,32 ; 64.855,81 ; 66.423,19 ; 66.424,09 ; 66.424,09 ; 66.424,09 ; 122.711,50 ; 818.076,71 
MT;CAMPO NOVO DO PARECIS;5102637; 302.951,67 ; 333.246,84 ; 363.542,00 ; 393.837,17 ; 449.593,25 ; 460.792,75 ; 460.792,75 ; 491.512,26 ; 502.256,32 ; 503.245,69 ; 503.245,69 ; 503.245,69 ; 929.693,31 ; 6.197.955,39 
MT;CAMPOS DE JULIO;5102686; 64.252,19 ; 70.677,40 ; 77.102,62 ; 83.527,84 ; 89.617,39 ; 96.294,37 ; 96.294,37 ; 102.713,99 ; 104.960,43 ; 105.166,16 ; 105.166,16 ; 105.166,16 ; 194.283,37 ; 1.295.222,45 
MT;CANABRAVA DO NORTE;5102694; 23.593,62 ; 25.952,99 ; 28.312,35 ; 30.671,71 ; 32.907,45 ; 35.359,51 ; 35.359,51 ; 37.716,81 ; 38.546,00 ; 38.617,82 ; 38.617,82 ; 38.617,82 ; 71.342,36 ; 475.615,77 
MT;CARLINDA;5102793; 44.606,42 ; 49.067,06 ; 53.527,70 ; 57.988,35 ; 67.939,29 ; 68.282,21 ; 68.282,21 ; 72.834,36 ; 74.435,83 ; 74.574,33 ; 74.574,33 ; 74.574,33 ; 137.768,20 ; 918.454,62 
MT;CASTANHEIRA;5102850; 23.583,20 ; 25.941,52 ; 28.299,84 ; 30.658,16 ; 32.892,38 ; 35.343,75 ; 35.343,75 ; 37.700,00 ; 38.533,84 ; 38.601,29 ; 38.601,29 ; 38.601,29 ; 71.311,81 ; 475.412,12 
MT;CHAPADA DOS GUIMARAES;5103007; 79.053,28 ; 86.958,60 ; 94.863,93 ; 102.769,26 ; 110.259,43 ; 118.476,14 ; 118.476,14 ; 126.374,54 ; 129.158,20 ; 129.394,21 ; 129.394,21 ; 129.394,21 ; 239.042,15 ; 1.593.614,30 
MT;CLAUDIA;5103056; 54.177,36 ; 59.595,09 ; 65.012,83 ; 70.430,57 ; 79.112,79 ; 82.082,18 ; 82.082,18 ; 87.554,32 ; 89.476,76 ; 89.645,57 ; 89.645,57 ; 89.645,57 ; 165.610,73 ; 1.104.071,52 
MT;COCALINHO;5103106; 27.255,96 ; 29.981,55 ; 32.707,15 ; 35.432,75 ; 38.015,39 ; 40.848,19 ; 40.848,19 ; 43.571,40 ; 44.530,17 ; 44.612,39 ; 44.612,39 ; 44.612,39 ; 82.416,68 ; 549.444,60 
MT;COLIDER;5103205; 135.346,01 ; 148.880,61 ; 162.415,21 ; 175.949,81 ; 200.957,55 ; 205.887,31 ; 205.887,31 ; 219.613,14 ; 224.416,06 ; 224.856,07 ; 224.856,07 ; 224.856,07 ; 415.397,87 ; 2.769.319,09 
MT;COLNIZA;5103254; 129.715,02 ; 142.686,52 ; 155.658,03 ; 168.629,53 ; 180.920,49 ; 194.402,41 ; 194.402,41 ; 207.362,57 ; 211.924,37 ; 212.316,64 ; 212.316,64 ; 212.316,64 ; 392.232,58 ; 2.614.883,85 
MT;CONFRESA;5103353; 166.543,92 ; 183.198,31 ; 199.852,70 ; 216.507,09 ; 232.287,53 ; 249.597,40 ; 249.597,40 ; 266.237,23 ; 272.095,96 ; 272.598,09 ; 272.598,09 ; 272.598,09 ; 503.596,21 ; 3.357.308,02 
MT;CONQUISTA DOESTE;5103361; 10.220,51 ; 11.242,56 ; 12.264,61 ; 13.286,66 ; 14.251,26 ; 15.316,39 ; 15.316,39 ; 16.337,48 ; 16.732,30 ; 16.732,54 ; 16.732,54 ; 16.732,54 ; 30.911,60 ; 206.077,38 
MT;COTRIGUACU;5103379; 43.487,30 ; 47.836,04 ; 52.184,77 ; 56.533,49 ; 60.654,58 ; 65.174,05 ; 65.174,05 ; 69.518,98 ; 71.043,85 ; 71.179,24 ; 71.179,24 ; 71.179,24 ; 131.496,15 ; 876.640,98 
MT;CURVELANDIA;5103437; 20.683,38 ; 22.751,71 ; 24.820,05 ; 26.888,39 ; 28.848,34 ; 30.997,96 ; 30.997,96 ; 33.064,49 ; 33.791,35 ; 33.854,35 ; 33.854,35 ; 33.854,35 ; 62.542,35 ; 416.949,03 
MT;DENISE;5103452; 16.096,53 ; 17.706,18 ; 19.315,83 ; 20.925,49 ; 25.104,24 ; 24.787,04 ; 24.787,04 ; 26.439,51 ; 27.078,46 ; 27.078,85 ; 27.078,85 ; 27.078,85 ; 50.025,32 ; 333.502,19 
MT;DOM AQUINO;5103601; 27.402,88 ; 30.143,16 ; 32.883,45 ; 35.623,74 ; 30.579,67 ; 39.158,20 ; 39.158,20 ; 41.768,75 ; 42.688,24 ; 42.766,72 ; 42.766,72 ; 42.766,72 ; 79.007,01 ; 526.713,46 
MT;FELIZ NATAL;5103700; 30.524,60 ; 33.577,06 ; 36.629,52 ; 39.681,98 ; 47.389,04 ; 46.950,53 ; 46.950,53 ; 50.080,56 ; 51.290,84 ; 51.291,57 ; 51.291,57 ; 51.291,57 ; 94.755,76 ; 631.705,13 
MT;FIGUEIROPOLIS DOESTE;5103809; 6.633,94 ; 7.297,33 ; 7.960,73 ; 8.624,12 ; 9.250,26 ; 9.941,58 ; 9.941,58 ; 10.604,36 ; 10.860,65 ; 10.860,78 ; 10.860,78 ; 10.860,78 ; 20.064,15 ; 133.761,04 
MT;GAUCHA DO NORTE;5103858; 44.275,87 ; 48.703,45 ; 53.131,04 ; 57.558,63 ; 61.754,60 ; 66.355,91 ; 66.355,91 ; 70.779,63 ; 72.330,28 ; 72.469,76 ; 72.469,76 ; 72.469,76 ; 133.880,23 ; 892.534,83 
MT;GENERAL CARNEIRO;5103908; 16.180,54 ; 17.798,59 ; 19.416,65 ; 21.034,70 ; 22.568,11 ; 24.249,63 ; 24.249,63 ; 25.866,27 ; 26.433,84 ; 26.484,05 ; 26.484,05 ; 26.484,05 ; 48.926,49 ; 326.176,60 
MT;GUIRATINGA;5104203; 36.808,05 ; 40.488,86 ; 44.169,66 ; 47.850,47 ; 51.338,57 ; 55.163,89 ; 55.163,89 ; 58.841,48 ; 60.132,87 ; 60.246,84 ; 60.246,84 ; 60.246,84 ; 111.299,69 ; 741.997,95 
MT;INDIAVAI;5104500; 6.676,38 ; 7.344,02 ; 8.011,66 ; 8.679,29 ; 9.309,46 ; 10.005,18 ; 10.005,18 ; 10.672,19 ; 10.930,09 ; 10.930,26 ; 10.930,26 ; 10.930,26 ; 20.192,51 ; 134.616,74 
MT;ITANHANGA;5104542; 20.701,58 ; 22.771,74 ; 24.841,89 ; 26.912,05 ; 28.865,83 ; 31.023,26 ; 31.023,26 ; 33.091,47 ; 33.891,19 ; 33.891,66 ; 33.891,66 ; 33.891,66 ; 62.611,27 ; 417.408,52 
MT;ITAUBA;5104559; 33.486,68 ; 36.835,34 ; 40.184,01 ; 43.532,68 ; 46.052,12 ; 50.022,69 ; 50.022,69 ; 53.357,54 ; 54.522,45 ; 54.631,10 ; 54.631,10 ; 54.631,10 ; 100.925,20 ; 672.834,70 
MT;JACIARA;5104807; 121.934,67 ; 134.128,14 ; 146.321,61 ; 158.515,08 ; 170.070,17 ; 182.742,44 ; 182.742,44 ; 194.925,27 ; 199.200,86 ; 199.580,51 ; 199.580,51 ; 199.580,51 ; 368.703,92 ; 2.458.026,13 
MT;JANGADA;5104906; 19.201,34 ; 21.121,47 ; 23.041,61 ; 24.961,74 ; 26.781,09 ; 28.776,80 ; 28.776,80 ; 30.695,26 ; 31.371,51 ; 31.428,72 ; 31.428,72 ; 31.428,72 ; 58.061,25 ; 387.075,03 
MT;JAURU;5105002; 37.546,03 ; 41.300,63 ; 45.055,23 ; 48.809,83 ; 57.394,94 ; 57.526,64 ; 57.526,64 ; 61.361,75 ; 62.699,45 ; 62.826,10 ; 62.826,10 ; 62.826,10 ; 116.064,60 ; 773.764,04 
MT;JUINA;5105150; 96.379,51 ; 106.017,46 ; 115.655,41 ; 125.293,36 ; 141.949,40 ; 146.323,80 ; 146.323,80 ; 156.078,72 ; 159.850,67 ; 159.852,87 ; 159.852,87 ; 159.852,87 ; 295.311,31 ; 1.968.742,05 
MT;JURUENA;5105176; 27.015,63 ; 29.717,20 ; 32.418,76 ; 35.120,32 ; 37.669,97 ; 40.485,46 ; 40.485,46 ; 43.184,49 ; 44.228,12 ; 44.228,74 ; 44.228,74 ; 44.228,74 ; 81.707,93 ; 544.719,56 
MT;LAMBARI DOESTE;5105234; 24.338,07 ; 26.771,87 ; 29.205,68 ; 31.639,49 ; 33.945,47 ; 36.475,12 ; 36.475,12 ; 38.906,80 ; 39.764,80 ; 39.836,60 ; 39.836,60 ; 39.836,60 ; 73.593,92 ; 490.626,14 
MT;MARCELANDIA;5105580; 60.080,87 ; 66.088,96 ; 72.097,05 ; 78.105,13 ; 84.855,82 ; 90.306,97 ; 90.306,97 ; 96.327,43 ; 98.437,46 ; 98.627,56 ; 98.627,56 ; 98.627,56 ; 182.204,01 ; 1.214.693,35 
MT;MATUPA;5105606; 110.922,60 ; 122.014,86 ; 133.107,12 ; 144.199,38 ; 168.612,09 ; 169.714,03 ; 169.714,03 ; 181.028,29 ; 184.995,78 ; 185.351,21 ; 185.351,21 ; 185.351,21 ; 342.416,80 ; 2.282.778,61 
MT;MIRASSOL DOESTE;5105622; 104.164,77 ; 114.581,24 ; 124.997,72 ; 135.414,19 ; 145.284,75 ; 156.110,69 ; 156.110,69 ; 166.518,07 ; 170.175,75 ; 170.495,58 ; 170.495,58 ; 170.495,58 ; 314.972,59 ; 2.099.817,20 
MT;NORTELANDIA;5106000; 12.840,27 ; 14.124,30 ; 15.408,33 ; 16.692,36 ; 17.914,39 ; 19.244,90 ; 19.244,90 ; 20.527,89 ; 20.931,13 ; 21.011,84 ; 21.011,84 ; 21.011,84 ; 38.817,17 ; 258.781,16 
MT;NOSSA SENHORA DO LIVRAMENTO;5106109; 60.130,23 ; 66.143,25 ; 72.156,28 ; 78.169,30 ; 83.866,09 ; 90.116,30 ; 90.116,30 ; 96.124,06 ; 98.245,28 ; 98.421,42 ; 98.421,42 ; 98.421,42 ; 181.823,19 ; 1.212.154,54 
MT;NOVA BANDEIRANTES;5106158; 67.734,99 ; 74.508,49 ; 81.281,99 ; 88.055,49 ; 94.475,17 ; 101.514,04 ; 101.514,04 ; 108.281,64 ; 110.649,63 ; 110.866,69 ; 110.866,69 ; 110.866,69 ; 204.814,51 ; 1.365.430,06 
MT;NOVA BRASILANDIA;5106208; 21.156,60 ; 23.272,26 ; 25.387,92 ; 27.503,58 ; 29.508,33 ; 31.707,17 ; 31.707,17 ; 33.820,98 ; 34.564,63 ; 34.628,93 ; 34.628,93 ; 34.628,93 ; 63.973,31 ; 426.488,74 
MT;NOVA CANAA DO NORTE;5106216; 53.669,87 ; 59.036,86 ; 64.403,84 ; 69.770,83 ; 74.856,56 ; 80.434,51 ; 80.434,51 ; 85.796,81 ; 87.680,95 ; 87.846,12 ; 87.846,12 ; 87.846,12 ; 162.286,43 ; 1.081.909,53 
MT;NOVA GUARITA;5108808; 25.872,20 ; 28.459,42 ; 31.046,64 ; 33.633,86 ; 32.245,92 ; 37.814,50 ; 37.814,50 ; 40.335,47 ; 41.217,14 ; 41.298,35 ; 41.298,35 ; 41.298,35 ; 76.294,35 ; 508.629,05 
MT;NOVA LACERDA;5106182; 45.077,76 ; 49.585,53 ; 54.093,31 ; 58.601,09 ; 62.872,53 ; 67.557,58 ; 67.557,58 ; 72.061,42 ; 73.644,51 ; 73.782,73 ; 73.782,73 ; 73.782,73 ; 136.305,80 ; 908.705,30 
MT;NOVA MARILANDIA;5108857; 21.746,35 ; 23.920,98 ; 26.095,62 ; 28.270,25 ; 30.331,27 ; 32.591,09 ; 32.591,09 ; 34.763,83 ; 35.525,28 ; 35.593,93 ; 35.593,93 ; 35.593,93 ; 65.756,03 ; 438.373,58 
MT;NOVA MONTE VERDE;5108956; 55.551,53 ; 61.106,69 ; 66.661,84 ; 72.216,99 ; 75.126,31 ; 82.665,86 ; 82.665,86 ; 88.176,91 ; 90.103,89 ; 90.281,82 ; 90.281,82 ; 90.281,82 ; 166.786,12 ; 1.111.907,46 
MT;NOVA MUTUM;5106224; 348.163,36 ; 382.979,70 ; 417.796,03 ; 452.612,37 ; 489.830,37 ; 522.845,48 ; 522.845,48 ; 557.701,85 ; 569.910,32 ; 571.017,71 ; 571.017,71 ; 571.017,71 ; 1.054.894,96 ; 7.032.633,05 
MT;NOVA OLIMPIA;5106232; 75.693,97 ; 83.263,37 ; 90.832,76 ; 98.402,16 ; 105.575,94 ; 113.442,06 ; 113.442,06 ; 121.004,87 ; 123.652,81 ; 123.893,89 ; 123.893,89 ; 123.893,89 ; 228.880,89 ; 1.525.872,56 
MT;NOVA SANTA HELENA;5106190; 21.182,48 ; 23.300,73 ; 25.418,98 ; 27.537,23 ; 29.545,04 ; 31.746,10 ; 31.746,10 ; 33.862,50 ; 34.601,79 ; 34.670,75 ; 34.670,75 ; 34.670,75 ; 64.050,56 ; 427.003,76 
MT;NOVA UBIRATA;5106240; 64.309,98 ; 70.740,97 ; 77.171,97 ; 83.602,97 ; 89.697,33 ; 96.380,81 ; 96.380,81 ; 102.806,20 ; 105.060,77 ; 105.261,38 ; 105.261,38 ; 105.261,38 ; 194.459,29 ; 1.296.395,24 
MT;NOVO HORIZONTE DO NORTE;5106273; 18.651,19 ; 20.516,31 ; 22.381,43 ; 24.246,55 ; 26.014,63 ; 27.952,51 ; 27.952,51 ; 29.816,01 ; 30.465,31 ; 30.527,45 ; 30.527,45 ; 30.527,45 ; 56.396,25 ; 375.975,05 
MT;NOVO MUNDO;5106265; 22.609,62 ; 24.870,58 ; 27.131,54 ; 29.392,51 ; 31.526,32 ; 33.882,64 ; 33.882,64 ; 36.141,48 ; 37.014,93 ; 37.015,42 ; 37.015,42 ; 37.015,42 ; 68.382,08 ; 455.880,60 
MT;NOVO SANTO ANTONIO;5106315; 13.826,69 ; 15.209,36 ; 16.592,03 ; 17.974,70 ; 19.284,83 ; 20.721,89 ; 20.721,89 ; 22.103,35 ; 22.590,19 ; 22.631,49 ; 22.631,49 ; 22.631,49 ; 41.809,30 ; 278.728,70 
MT;NOVO SAO JOAQUIM;5106281; 33.831,39 ; 37.214,53 ; 40.597,67 ; 43.980,81 ; 47.186,34 ; 50.702,66 ; 50.702,66 ; 54.082,84 ; 55.274,67 ; 55.375,20 ; 55.375,20 ; 55.375,20 ; 102.299,85 ; 681.999,02 
MT;PARANAITA;5106299; 58.138,49 ; 63.952,33 ; 69.766,18 ; 75.580,03 ; 81.089,31 ; 87.131,60 ; 87.131,60 ; 92.940,37 ; 94.980,57 ; 95.160,20 ; 95.160,20 ; 95.160,20 ; 175.798,43 ; 1.171.989,51 
MT;PARANATINGA;5106307; 56.723,77 ; 62.396,14 ; 68.068,52 ; 73.740,90 ; 83.610,96 ; 86.135,09 ; 86.135,09 ; 91.877,43 ; 94.097,85 ; 94.099,12 ; 94.099,12 ; 94.099,12 ; 173.838,20 ; 1.158.921,31 
MT;PEDRA PRETA;5106372; 81.810,05 ; 89.991,06 ; 98.172,06 ; 106.353,07 ; 114.105,86 ; 122.608,04 ; 122.608,04 ; 130.781,91 ; 133.649,55 ; 133.905,13 ; 133.905,13 ; 133.905,13 ; 247.375,60 ; 1.649.170,63 
MT;PEIXOTO DE AZEVEDO;5106422; 162.351,82 ; 178.587,00 ; 194.822,18 ; 211.057,36 ; 241.631,69 ; 247.112,53 ; 247.112,53 ; 263.586,69 ; 269.393,14 ; 269.885,04 ; 269.885,04 ; 269.885,04 ; 498.584,14 ; 3.323.894,20 
MT;PONTAL DO ARAGUAIA;5106653; 22.787,20 ; 25.065,92 ; 27.344,64 ; 29.623,36 ; 31.783,03 ; 34.151,03 ; 34.151,03 ; 36.427,76 ; 37.225,37 ; 37.297,54 ; 37.297,54 ; 37.297,54 ; 68.903,28 ; 459.355,24 
MT;PONTES E LACERDA;5106752; 231.358,59 ; 254.494,45 ; 277.630,31 ; 300.766,17 ; 322.694,88 ; 346.736,10 ; 346.736,10 ; 369.851,84 ; 377.928,09 ; 378.679,86 ; 378.679,86 ; 378.679,86 ; 699.571,08 ; 4.663.807,19 
MT;PORTO ALEGRE DO NORTE;5106778; 48.259,29 ; 53.085,22 ; 57.911,15 ; 62.737,07 ; 67.309,25 ; 72.325,51 ; 72.325,51 ; 77.147,21 ; 78.849,11 ; 78.990,95 ; 78.990,95 ; 78.990,95 ; 145.927,45 ; 972.849,62 
MT;PORTO DOS GAUCHOS;5106802; 13.864,70 ; 15.251,17 ; 16.637,64 ; 18.024,11 ; 19.332,65 ; 20.777,55 ; 20.777,55 ; 22.162,73 ; 22.698,36 ; 22.698,64 ; 22.698,64 ; 22.698,64 ; 41.933,36 ; 279.555,74 
MT;PRIMAVERA DO LESTE;5107040; 385.674,62 ; 424.242,08 ; 462.809,54 ; 501.377,00 ; 537.925,51 ; 578.007,20 ; 578.007,20 ; 616.541,02 ; 630.064,71 ; 631.265,38 ; 631.265,38 ; 631.265,38 ; 1.166.196,19 ; 7.774.641,21 
MT;QUERENCIA;5107065; 140.537,63 ; 154.591,39 ; 168.645,16 ; 182.698,92 ; 196.018,21 ; 210.622,84 ; 210.622,84 ; 224.664,36 ; 229.580,82 ; 230.028,31 ; 230.028,31 ; 230.028,31 ; 424.953,02 ; 2.833.020,12 
MT;RESERVA DO CABACAL;5107156; 5.368,90 ; 5.905,79 ; 6.442,68 ; 6.979,57 ; 7.486,33 ; 8.045,80 ; 8.045,80 ; 8.582,19 ; 8.789,58 ; 8.789,72 ; 8.789,72 ; 8.789,72 ; 16.238,08 ; 108.253,88 
MT;RIBEIRAO CASCALHEIRA;5107180; 50.827,36 ; 55.910,10 ; 60.992,83 ; 66.075,57 ; 70.892,03 ; 76.174,50 ; 76.174,50 ; 81.252,80 ; 83.036,02 ; 83.193,42 ; 83.193,42 ; 83.193,42 ; 153.691,06 ; 1.024.607,03 
MT;RIO BRANCO;5107206; 26.023,72 ; 28.626,10 ; 31.228,47 ; 33.830,84 ; 36.296,94 ; 39.001,50 ; 39.001,50 ; 41.601,60 ; 42.515,14 ; 42.595,28 ; 42.595,28 ; 42.595,28 ; 78.690,29 ; 524.601,94 
MT;RONDOLANDIA;5107578; 8.344,84 ; 9.179,32 ; 10.013,81 ; 10.848,29 ; 11.635,89 ; 12.505,53 ; 12.505,53 ; 13.339,23 ; 13.661,60 ; 13.661,79 ; 13.661,79 ; 13.661,79 ; 25.238,71 ; 168.258,12 
MT;RONDONOPOLIS;5107602; 519.976,07 ; 571.973,68 ; 623.971,29 ; 675.968,89 ; 736.164,51 ; 782.013,62 ; 782.013,62 ; 834.147,86 ; 850.533,23 ; 853.813,23 ; 853.813,23 ; 853.813,23 ; 1.577.329,85 ; 10.515.532,31 
MT;ROSARIO OESTE;5107701; 53.672,73 ; 59.040,01 ; 64.407,28 ; 69.774,55 ; 77.993,31 ; 81.221,98 ; 81.221,98 ; 86.636,78 ; 88.544,91 ; 88.706,90 ; 88.706,90 ; 88.706,90 ; 163.876,63 ; 1.092.510,86 
MT;SALTO DO CEU;5107750; 16.528,81 ; 18.181,69 ; 19.834,57 ; 21.487,45 ; 23.053,90 ; 24.771,59 ; 24.771,59 ; 26.423,03 ; 27.002,37 ; 27.054,04 ; 27.054,04 ; 27.054,04 ; 49.979,49 ; 333.196,61 
MT;SANTA CRUZ DO XINGU;5107743; 15.574,18 ; 17.131,60 ; 18.689,02 ; 20.246,44 ; 21.722,51 ; 23.340,93 ; 23.340,93 ; 24.896,99 ; 25.441,87 ; 25.491,42 ; 25.491,42 ; 25.491,42 ; 47.092,71 ; 313.951,44 
MT;SANTA RITA DO TRIVELATO;5107768; 32.059,47 ; 35.265,42 ; 38.471,37 ; 41.677,32 ; 44.715,40 ; 48.047,23 ; 48.047,23 ; 51.250,37 ; 52.375,67 ; 52.474,50 ; 52.474,50 ; 52.474,50 ; 96.941,11 ; 646.274,09 
MT;SANTA TEREZINHA;5107776; 14.227,59 ; 15.650,35 ; 17.073,11 ; 18.495,87 ; 19.838,68 ; 21.321,39 ; 21.321,39 ; 22.742,81 ; 23.292,42 ; 23.292,76 ; 23.292,76 ; 23.292,76 ; 43.030,92 ; 286.872,81 
MT;SANTO AFONSO;5107263; 13.521,02 ; 14.873,12 ; 16.225,22 ; 17.577,32 ; 18.858,98 ; 20.263,90 ; 20.263,90 ; 21.614,82 ; 22.086,63 ; 22.130,73 ; 22.130,73 ; 22.130,73 ; 40.884,19 ; 272.561,29 
MT;SANTO ANTONIO DO LEVERGER;5107800; 22.162,17 ; 24.378,38 ; 26.594,60 ; 28.810,82 ; 30.902,46 ; 33.212,08 ; 33.212,08 ; 35.426,22 ; 36.282,34 ; 36.282,87 ; 36.282,87 ; 36.282,87 ; 67.028,78 ; 446.858,54 
MT;SAO FELIX DO ARAGUAIA;5107859; 44.135,49 ; 48.549,04 ; 52.962,59 ; 57.376,14 ; 61.557,30 ; 66.145,14 ; 66.145,14 ; 70.554,81 ; 72.114,44 ; 72.241,44 ; 72.241,44 ; 72.241,44 ; 133.458,43 ; 889.722,84 
MT;SAO JOSE DO POVO;5107297; 8.784,68 ; 9.663,15 ; 10.541,62 ; 11.420,09 ; 12.252,70 ; 13.165,54 ; 13.165,54 ; 14.043,25 ; 14.350,64 ; 14.378,54 ; 14.378,54 ; 14.378,54 ; 26.562,84 ; 177.085,67 
MT;SAO JOSE DO XINGU;5107354; 18.670,59 ; 20.537,65 ; 22.404,71 ; 24.271,77 ; 26.033,85 ; 27.979,63 ; 27.979,63 ; 29.844,94 ; 30.566,21 ; 30.566,62 ; 30.566,62 ; 30.566,62 ; 56.468,61 ; 376.457,45 
MT;SAO JOSE DOS QUATRO MARCOS;5107107; 68.668,47 ; 75.535,32 ; 82.402,17 ; 89.269,01 ; 107.520,07 ; 105.848,77 ; 105.848,77 ; 112.905,35 ; 115.376,96 ; 115.601,12 ; 115.601,12 ; 115.601,12 ; 213.560,87 ; 1.423.739,12 
MT;SAO PEDRO DA CIPA;5107404; 21.560,77 ; 23.716,84 ; 25.872,92 ; 28.029,00 ; 30.072,65 ; 32.313,02 ; 32.313,02 ; 34.467,22 ; 35.220,01 ; 35.289,95 ; 35.289,95 ; 35.289,95 ; 65.194,46 ; 434.629,76 
MT;SAPEZAL;5107875; 188.928,58 ; 207.821,44 ; 226.714,30 ; 245.607,15 ; 263.515,70 ; 283.146,80 ; 283.146,80 ; 302.023,25 ; 308.605,03 ; 309.230,48 ; 309.230,48 ; 309.230,48 ; 571.270,68 ; 3.808.471,17 
MT;SERRA NOVA DOURADA;5107883; 4.586,49 ; 5.045,13 ; 5.503,78 ; 5.962,43 ; 6.398,97 ; 6.874,19 ; 6.874,19 ; 7.332,47 ; 7.476,51 ; 7.505,33 ; 7.505,33 ; 7.505,33 ; 13.865,32 ; 92.435,47 
MT;TABAPORA;5107941; 31.497,06 ; 34.646,77 ; 37.796,47 ; 40.946,18 ; 43.918,76 ; 47.201,30 ; 47.201,30 ; 50.348,05 ; 51.564,81 ; 51.565,52 ; 51.565,52 ; 51.565,52 ; 95.261,86 ; 635.079,12 
MT;TERRA NOVA DO NORTE;5108055; 51.675,07 ; 56.842,57 ; 62.010,08 ; 67.177,58 ; 85.193,88 ; 80.724,81 ; 80.724,81 ; 86.106,46 ; 87.992,79 ; 88.162,56 ; 88.162,56 ; 88.162,56 ; 162.871,02 ; 1.085.806,75 
MT;TESOURO;5108105; 5.448,89 ; 5.993,78 ; 6.538,67 ; 7.083,56 ; 7.597,86 ; 8.165,68 ; 8.165,68 ; 8.710,05 ; 8.920,54 ; 8.920,67 ; 8.920,67 ; 8.920,67 ; 16.480,01 ; 109.866,73 
MT;TORIXOREU;5108204; 13.653,89 ; 15.019,28 ; 16.384,66 ; 17.750,05 ; 19.044,08 ; 20.462,98 ; 20.462,98 ; 21.827,18 ; 22.305,46 ; 22.348,39 ; 22.348,39 ; 22.348,39 ; 41.286,30 ; 275.242,03 
MT;UNIAO DO SUL;5108303; 28.200,30 ; 31.020,33 ; 33.840,36 ; 36.660,39 ; 39.333,69 ; 42.263,76 ; 42.263,76 ; 45.081,34 ; 46.062,46 ; 46.156,95 ; 46.156,95 ; 46.156,95 ; 85.270,10 ; 568.467,34 
MT;VALE DE SAO DOMINGOS;5108352; 13.865,68 ; 15.252,25 ; 16.638,82 ; 18.025,39 ; 19.339,09 ; 20.780,29 ; 20.780,29 ; 22.165,64 ; 22.655,14 ; 22.695,45 ; 22.695,45 ; 22.695,45 ; 41.927,45 ; 279.516,39 
MT;VERA;5108501; 57.570,74 ; 63.327,81 ; 69.084,88 ; 74.841,95 ; 80.297,77 ; 86.280,80 ; 86.280,80 ; 92.032,86 ; 94.049,95 ; 94.230,59 ; 94.230,59 ; 94.230,59 ; 174.081,06 ; 1.160.540,39 
MT;VILA BELA DA SANTISSIMA TRINDADE;5105507; 81.578,01 ; 89.735,81 ; 97.893,61 ; 106.051,41 ; 113.780,92 ; 122.259,95 ; 122.259,95 ; 130.410,61 ; 133.282,34 ; 133.526,61 ; 133.526,61 ; 133.526,61 ; 246.676,32 ; 1.644.508,76 
MT;VILA RICA;5108600; 95.868,97 ; 105.455,87 ; 115.042,77 ; 124.629,66 ; 133.714,64 ; 143.677,99 ; 143.677,99 ; 153.256,52 ; 156.618,38 ; 156.916,66 ; 156.916,66 ; 156.916,66 ; 289.886,97 ; 1.932.579,74 
PA;ABEL FIGUEIREDO;1500131; 24.243,61 ; 26.667,97 ; 29.092,33 ; 31.516,70 ; 33.804,77 ; 36.331,33 ; 36.331,33 ; 38.753,41 ; 39.689,97 ; 39.690,51 ; 39.690,51 ; 39.690,51 ; 73.324,04 ; 488.826,99 
PA;ACARA;1500206; 500.397,00 ; 550.436,70 ; 600.476,39 ; 650.516,09 ; 697.924,64 ; 749.937,72 ; 749.937,72 ; 799.933,57 ; 817.586,47 ; 819.052,02 ; 819.052,02 ; 819.052,02 ; 1.513.112,19 ; 10.087.414,55 
PA;AGUA AZUL DO NORTE;1500347; 98.445,66 ; 108.290,23 ; 118.134,79 ; 127.979,36 ; 137.308,35 ; 147.539,61 ; 147.539,61 ; 157.375,58 ; 160.829,38 ; 161.134,30 ; 161.134,30 ; 161.134,30 ; 297.678,62 ; 1.984.524,09 
PA;ALENQUER;1500404; 379.545,24 ; 417.499,77 ; 455.454,29 ; 493.408,81 ; 526.954,27 ; 568.215,61 ; 568.215,61 ; 606.096,65 ; 619.484,18 ; 620.584,03 ; 620.584,03 ; 620.584,03 ; 1.146.463,51 ; 7.643.090,03 
PA;ALMEIRIM;1500503; 305.597,17 ; 336.156,89 ; 366.716,61 ; 397.276,33 ; 426.232,47 ; 457.994,88 ; 457.994,88 ; 488.527,87 ; 499.278,44 ; 500.199,66 ; 500.199,66 ; 500.199,66 ; 924.066,10 ; 6.160.440,62 
PA;ANAJAS;1500701; 310.748,71 ; 341.823,58 ; 372.898,45 ; 403.973,32 ; 433.414,20 ; 465.714,57 ; 465.714,57 ; 496.762,21 ; 507.725,16 ; 508.634,91 ; 508.634,91 ; 508.634,91 ; 939.649,33 ; 6.264.328,83 
PA;ANANINDEUA;1500800; 1.465.071,61 ; 1.611.578,77 ; 1.758.085,93 ; 1.904.593,09 ; 2.043.436,65 ; 2.195.691,53 ; 2.195.691,53 ; 2.342.070,96 ; 2.393.391,93 ; 2.397.997,87 ; 2.397.997,87 ; 2.397.997,87 ; 4.430.048,05 ; 29.533.653,66 
PA;ANAPU;1500859; 255.948,69 ; 281.543,56 ; 307.138,43 ; 332.733,30 ; 356.985,37 ; 383.587,36 ; 383.587,36 ; 409.159,85 ; 418.161,33 ; 418.935,06 ; 418.935,06 ; 418.935,06 ; 773.938,32 ; 5.159.588,75 
PA;AUGUSTO CORREA;1500909; 343.415,35 ; 377.756,88 ; 412.098,42 ; 446.439,95 ; 478.974,06 ; 514.671,18 ; 514.671,18 ; 548.982,60 ; 561.112,80 ; 562.105,35 ; 562.105,35 ; 562.105,35 ; 1.038.430,32 ; 6.922.868,79 
PA;AVEIRO;1501006; 115.118,94 ; 126.630,83 ; 138.142,72 ; 149.654,62 ; 160.561,92 ; 172.527,28 ; 172.527,28 ; 184.029,10 ; 188.083,04 ; 188.426,44 ; 188.426,44 ; 188.426,44 ; 348.097,96 ; 2.320.653,01 
PA;BAIAO;1501204; 222.549,27 ; 244.804,20 ; 267.059,12 ; 289.314,05 ; 310.400,51 ; 333.531,80 ; 333.531,80 ; 355.767,25 ; 363.602,22 ; 364.267,95 ; 364.267,95 ; 364.267,95 ; 672.946,61 ; 4.486.310,68 
PA;BARCARENA;1501303; 820.591,45 ; 902.650,59 ; 984.709,74 ; 1.066.768,88 ; 1.143.173,47 ; 1.229.473,55 ; 1.229.473,55 ; 1.311.438,46 ; 1.340.356,33 ; 1.342.778,83 ; 1.342.778,83 ; 1.342.778,83 ; 2.480.642,21 ; 16.537.614,72 
PA;BELTERRA;1501451; 74.206,87 ; 81.627,56 ; 89.048,24 ; 96.468,93 ; 103.472,09 ; 111.205,95 ; 111.205,95 ; 118.619,68 ; 121.486,37 ; 121.488,03 ; 121.488,03 ; 121.488,03 ; 224.436,31 ; 1.496.242,04 
PA;BOM JESUS DO TOCANTINS;1501576; 97.119,17 ; 106.831,09 ; 116.543,01 ; 126.254,92 ; 135.457,46 ; 145.551,44 ; 145.551,44 ; 155.254,87 ; 158.668,50 ; 158.963,78 ; 158.963,78 ; 158.963,78 ; 293.668,81 ; 1.957.792,05 
PA;BONITO;1501600; 61.510,38 ; 67.661,42 ; 73.812,46 ; 79.963,49 ; 85.790,81 ; 92.184,66 ; 92.184,66 ; 98.330,30 ; 100.502,30 ; 100.680,67 ; 100.680,67 ; 100.680,67 ; 185.996,92 ; 1.239.979,41 
PA;BRAGANCA;1501709; 569.140,23 ; 626.054,25 ; 682.968,27 ; 739.882,29 ; 793.804,38 ; 852.962,36 ; 852.962,36 ; 909.826,52 ; 929.898,60 ; 931.570,62 ; 931.570,62 ; 931.570,62 ; 1.720.978,44 ; 11.473.189,56 
PA;BREJO GRANDE DO ARAGUAIA;1501758; 27.437,25 ; 30.180,97 ; 32.924,70 ; 35.668,42 ; 38.279,57 ; 41.122,72 ; 41.122,72 ; 43.864,23 ; 44.725,87 ; 44.898,35 ; 44.898,35 ; 44.898,35 ; 82.944,96 ; 552.966,46 
PA;BUJARU;1501907; 204.234,20 ; 224.657,62 ; 245.081,04 ; 265.504,46 ; 284.853,87 ; 306.082,82 ; 306.082,82 ; 326.488,34 ; 333.693,92 ; 334.291,51 ; 334.291,51 ; 334.291,51 ; 617.568,29 ; 4.117.121,91 
PA;CACHOEIRA DO ARARI;1502004; 122.110,89 ; 134.321,98 ; 146.533,06 ; 158.744,15 ; 170.313,01 ; 183.005,79 ; 183.005,79 ; 195.206,18 ; 199.514,89 ; 199.871,73 ; 199.871,73 ; 199.871,73 ; 369.241,93 ; 2.461.612,86 
PA;CACHOEIRA DO PIRIA;1501956; 148.329,72 ; 163.162,69 ; 177.995,67 ; 192.828,64 ; 206.884,33 ; 222.300,28 ; 222.300,28 ; 237.120,29 ; 242.328,43 ; 242.784,19 ; 242.784,19 ; 242.784,19 ; 448.518,16 ; 2.990.121,06 
PA;CANAA DOS CARAJAS;1502152; 635.529,14 ; 699.082,05 ; 762.634,97 ; 826.187,88 ; 886.405,17 ; 952.459,81 ; 952.459,81 ; 1.015.957,13 ; 1.038.322,14 ; 1.040.231,18 ; 1.040.231,18 ; 1.040.231,18 ; 1.921.717,35 ; 12.811.448,99 
PA;CAPANEMA;1502202; 132.430,31 ; 145.673,34 ; 158.916,37 ; 172.159,40 ; 184.762,25 ; 198.485,43 ; 198.485,43 ; 211.717,79 ; 215.876,62 ; 216.709,12 ; 216.709,12 ; 216.709,12 ; 400.347,24 ; 2.668.981,54 
PA;CAPITAO POCO;1502301; 281.764,30 ; 309.940,73 ; 338.117,16 ; 366.293,58 ; 392.989,52 ; 422.276,33 ; 422.276,33 ; 450.428,09 ; 460.358,24 ; 461.192,02 ; 461.192,02 ; 461.192,02 ; 852.003,60 ; 5.680.023,94 
PA;CHAVES;1502509; 222.689,70 ; 244.958,67 ; 267.227,64 ; 289.496,61 ; 310.594,16 ; 333.741,71 ; 333.741,71 ; 355.991,15 ; 363.851,49 ; 364.499,95 ; 364.499,95 ; 364.499,95 ; 673.375,19 ; 4.489.167,88 
PA;COLARES;1502608; 59.085,45 ; 64.994,00 ; 70.902,54 ; 76.811,08 ; 82.408,97 ; 88.550,53 ; 88.550,53 ; 94.453,89 ; 96.537,62 ; 96.711,25 ; 96.711,25 ; 96.711,25 ; 178.663,83 ; 1.191.092,19 
PA;CONCORDIA DO PARA;1502756; 305.918,17 ; 336.509,98 ; 367.101,80 ; 397.693,62 ; 426.675,40 ; 458.474,75 ; 458.474,75 ; 489.039,73 ; 499.845,31 ; 500.729,61 ; 500.729,61 ; 500.729,61 ; 925.045,12 ; 6.166.967,46 
PA;CUMARU DO NORTE;1502764; 125.845,29 ; 138.429,82 ; 151.014,35 ; 163.598,88 ; 175.522,67 ; 188.602,76 ; 188.602,76 ; 201.176,28 ; 205.606,72 ; 205.983,18 ; 205.983,18 ; 205.983,18 ; 380.532,19 ; 2.536.881,26 
PA;CURRALINHO;1502806; 302.455,35 ; 332.700,88 ; 362.946,42 ; 393.191,95 ; 421.846,23 ; 453.285,22 ; 453.285,22 ; 483.504,24 ; 494.182,28 ; 495.061,09 ; 495.061,09 ; 495.061,09 ; 914.573,13 ; 6.097.154,19 
PA;CURUA;1502855; 110.750,19 ; 121.825,21 ; 132.900,22 ; 143.975,24 ; 154.468,07 ; 165.979,75 ; 165.979,75 ; 177.045,07 ; 180.950,19 ; 181.276,20 ; 181.276,20 ; 181.276,20 ; 334.888,64 ; 2.232.590,93 
PA;CURUCA;1502905; 231.128,84 ; 254.241,72 ; 277.354,61 ; 300.467,49 ; 322.364,71 ; 346.389,36 ; 346.389,36 ; 369.481,98 ; 377.638,61 ; 378.313,01 ; 378.313,01 ; 378.313,01 ; 698.893,37 ; 4.659.289,08 
PA;ELDORADO DO CARAJAS;1502954; 190.691,24 ; 209.760,37 ; 228.829,49 ; 247.898,62 ; 265.968,01 ; 285.786,95 ; 285.786,95 ; 304.839,42 ; 311.539,14 ; 312.121,42 ; 312.121,42 ; 312.121,42 ; 576.611,38 ; 3.844.075,83 
PA;FARO;1503002; 72.221,47 ; 79.443,61 ; 86.665,76 ; 93.887,91 ; 100.729,86 ; 108.237,18 ; 108.237,18 ; 115.452,99 ; 118.004,02 ; 118.212,75 ; 118.212,75 ; 118.212,75 ; 218.385,58 ; 1.455.903,81 
PA;FLORESTA DO ARAGUAIA;1503044; 143.333,32 ; 157.666,65 ; 171.999,98 ; 186.333,32 ; 199.912,16 ; 214.811,38 ; 214.811,38 ; 229.132,14 ; 234.195,57 ; 234.609,34 ; 234.609,34 ; 234.609,34 ; 433.415,99 ; 2.889.439,91 
PA;GARRAFAO DO NORTE;1503077; 185.831,61 ; 204.414,77 ; 222.997,93 ; 241.581,10 ; 259.188,49 ; 278.503,48 ; 278.503,48 ; 297.070,38 ; 303.613,58 ; 304.168,70 ; 304.168,70 ; 304.168,70 ; 561.919,58 ; 3.746.130,50 
PA;IGARAPE-MIRI;1503309; 470.932,10 ; 518.025,31 ; 565.118,51 ; 612.211,72 ; 656.824,80 ; 705.778,12 ; 705.778,12 ; 752.830,00 ; 769.479,15 ; 770.827,45 ; 770.827,45 ; 770.827,45 ; 1.424.022,39 ; 9.493.482,57 
PA;INHANGAPI;1503408; 44.132,95 ; 48.546,24 ; 52.959,54 ; 57.372,83 ; 61.553,98 ; 66.141,38 ; 66.141,38 ; 70.550,79 ; 72.108,72 ; 72.237,12 ; 72.237,12 ; 72.237,12 ; 133.450,45 ; 889.669,62 
PA;IRITUIA;1503507; 76.009,52 ; 83.610,47 ; 91.211,42 ; 98.812,38 ; 105.985,71 ; 113.907,39 ; 113.907,39 ; 121.501,21 ; 124.437,50 ; 124.439,25 ; 124.439,25 ; 124.439,25 ; 229.888,37 ; 1.532.589,11 
PA;ITAITUBA;1503606; 898.279,41 ; 988.107,35 ; 1.077.935,29 ; 1.167.763,23 ; 1.253.685,36 ; 1.346.442,67 ; 1.346.442,67 ; 1.436.205,52 ; 1.467.689,50 ; 1.470.502,77 ; 1.470.502,77 ; 1.470.502,77 ; 2.716.598,71 ; 18.110.658,02 
PA;ITUPIRANGA;1503705; 316.704,04 ; 348.374,44 ; 380.044,85 ; 411.715,25 ; 441.725,50 ; 474.641,03 ; 474.641,03 ; 506.283,76 ; 517.409,56 ; 518.377,70 ; 518.377,70 ; 518.377,70 ; 957.648,11 ; 6.384.320,67 
PA;JACAREACANGA;1503754; 231.242,52 ; 254.366,77 ; 277.491,02 ; 300.615,27 ; 322.524,31 ; 346.559,99 ; 346.559,99 ; 369.663,98 ; 377.815,24 ; 378.498,11 ; 378.498,11 ; 378.498,11 ; 699.235,32 ; 4.661.568,74 
PA;JACUNDA;1503804; 236.647,94 ; 260.312,74 ; 283.977,53 ; 307.642,32 ; 330.067,09 ; 354.661,92 ; 354.661,92 ; 378.306,05 ; 386.614,92 ; 387.342,28 ; 387.342,28 ; 387.342,28 ; 715.573,99 ; 4.770.493,26 
PA;JURUTI;1503903; 398.621,94 ; 438.484,13 ; 478.346,32 ; 518.208,52 ; 555.972,75 ; 597.408,44 ; 597.408,44 ; 637.235,67 ; 651.315,67 ; 652.467,97 ; 652.467,97 ; 652.467,97 ; 1.205.365,73 ; 8.035.771,52 
PA;LIMOEIRO DO AJURU;1504000; 199.647,72 ; 219.612,49 ; 239.577,26 ; 259.542,03 ; 278.458,90 ; 299.209,61 ; 299.209,61 ; 319.156,92 ; 326.182,67 ; 326.782,46 ; 326.782,46 ; 326.782,46 ; 603.696,11 ; 4.024.640,70 
PA;MAE DO RIO;1504059; 223.026,24 ; 245.328,86 ; 267.631,48 ; 289.934,11 ; 311.065,92 ; 334.246,66 ; 334.246,66 ; 356.529,77 ; 364.380,24 ; 365.048,52 ; 365.048,52 ; 365.048,52 ; 674.388,62 ; 4.495.924,12 
PA;MAGALHAES BARATA;1504109; 52.614,89 ; 57.876,38 ; 63.137,87 ; 68.399,35 ; 73.384,11 ; 78.853,17 ; 78.853,17 ; 84.110,05 ; 85.966,20 ; 86.120,28 ; 86.120,28 ; 86.120,28 ; 159.098,13 ; 1.060.654,16 
PA;MARABA;1504208; 1.670.590,33 ; 1.837.649,36 ; 2.004.708,39 ; 2.171.767,43 ; 2.330.055,76 ; 2.503.692,83 ; 2.503.692,83 ; 2.670.605,68 ; 2.729.418,87 ; 2.734.417,00 ; 2.734.417,00 ; 2.734.417,00 ; 5.051.546,91 ; 33.676.979,39 
PA;MARACANA;1504307; 200.593,05 ; 220.652,35 ; 240.711,66 ; 260.770,96 ; 279.776,77 ; 300.626,22 ; 300.626,22 ; 320.667,97 ; 327.732,58 ; 328.330,36 ; 328.330,36 ; 328.330,36 ; 606.555,69 ; 4.043.704,55 
PA;MARAPANIM;1504406; 151.315,70 ; 166.447,27 ; 181.578,84 ; 196.710,41 ; 211.046,58 ; 226.774,71 ; 226.774,71 ; 241.893,03 ; 247.228,45 ; 247.673,93 ; 247.673,93 ; 247.673,93 ; 457.551,44 ; 3.050.342,93 
PA;MARITUBA;1504422; 753.669,16 ; 829.036,08 ; 904.402,99 ; 979.769,91 ; 1.051.184,55 ; 1.129.515,69 ; 1.129.515,69 ; 1.204.816,73 ; 1.231.307,98 ; 1.233.598,98 ; 1.233.598,98 ; 1.233.598,98 ; 2.278.943,96 ; 15.192.959,68 
PA;MEDICILANDIA;1504455; 185.465,98 ; 204.012,58 ; 222.559,18 ; 241.105,78 ; 258.680,82 ; 277.956,10 ; 277.956,10 ; 296.486,50 ; 302.995,69 ; 303.568,04 ; 303.568,04 ; 303.568,04 ; 560.809,92 ; 3.738.732,77 
PA;MELGACO;1504505; 321.730,79 ; 353.903,87 ; 386.076,94 ; 418.250,02 ; 448.728,47 ; 482.172,54 ; 482.172,54 ; 514.317,37 ; 525.693,89 ; 526.613,14 ; 526.613,14 ; 526.613,14 ; 972.862,22 ; 6.485.748,07 
PA;MOCAJUBA;1504604; 120.918,18 ; 133.010,00 ; 145.101,82 ; 157.193,64 ; 168.605,19 ; 181.207,23 ; 181.207,23 ; 193.287,71 ; 197.958,88 ; 197.961,62 ; 197.961,62 ; 197.961,62 ; 365.713,20 ; 2.438.087,94 
PA;MOJUI DOS CAMPOS;1504752; 150.088,75 ; 165.097,62 ; 180.106,49 ; 195.115,37 ; 209.335,15 ; 224.935,86 ; 224.935,86 ; 239.931,58 ; 245.225,11 ; 245.665,79 ; 245.665,79 ; 245.665,79 ; 453.841,62 ; 3.025.610,78 
PA;MONTE ALEGRE;1504802; 442.385,95 ; 486.624,54 ; 530.863,14 ; 575.101,73 ; 617.016,44 ; 662.997,97 ; 662.997,97 ; 707.197,84 ; 722.783,57 ; 724.097,12 ; 724.097,12 ; 724.097,12 ; 1.337.693,04 ; 8.917.953,55 
PA;MUANA;1504901; 286.409,41 ; 315.050,35 ; 343.691,29 ; 372.332,23 ; 399.464,83 ; 429.237,04 ; 429.237,04 ; 457.852,85 ; 467.977,98 ; 468.798,40 ; 468.798,40 ; 468.798,40 ; 866.055,57 ; 5.773.703,79 
PA;NOVA IPIXUNA;1504976; 84.297,95 ; 92.727,74 ; 101.157,53 ; 109.587,33 ; 117.575,79 ; 126.336,60 ; 126.336,60 ; 134.759,04 ; 137.714,87 ; 137.977,37 ; 137.977,37 ; 137.977,37 ; 254.898,64 ; 1.699.324,20 
PA;NOVA TIMBOTEUA;1505007; 77.667,97 ; 85.434,77 ; 93.201,57 ; 100.968,37 ; 108.326,33 ; 116.399,77 ; 116.399,77 ; 124.159,75 ; 126.903,28 ; 127.127,65 ; 127.127,65 ; 127.127,65 ; 234.854,92 ; 1.565.699,45 
PA;OEIRAS DO PARA;1505205; 298.075,72 ; 327.883,29 ; 357.690,87 ; 387.498,44 ; 415.738,77 ; 446.721,79 ; 446.721,79 ; 476.503,24 ; 487.017,71 ; 487.891,56 ; 487.891,56 ; 487.891,56 ; 901.328,18 ; 6.008.854,48 
PA;OUREM;1505403; 91.012,31 ; 100.113,54 ; 109.214,78 ; 118.316,01 ; 126.941,40 ; 136.399,52 ; 136.399,52 ; 145.492,82 ; 148.678,34 ; 148.966,73 ; 148.966,73 ; 148.966,73 ; 275.200,32 ; 1.834.668,75 
PA;OURILANDIA DO NORTE;1505437; 239.009,83 ; 262.910,82 ; 286.811,80 ; 310.712,78 ; 333.361,19 ; 358.201,62 ; 358.201,62 ; 382.081,72 ; 390.475,26 ; 391.208,38 ; 391.208,38 ; 391.208,38 ; 722.716,20 ; 4.818.107,98 
PA;PACAJA;1505486; 351.392,47 ; 386.531,72 ; 421.670,96 ; 456.810,21 ; 496.147,41 ; 528.138,21 ; 528.138,21 ; 563.347,42 ; 575.742,59 ; 576.806,53 ; 576.806,53 ; 576.806,53 ; 1.065.589,20 ; 7.103.927,99 
PA;PARÁ;15; 7.372.812,84 ; 8.110.094,12 ; 8.847.375,40 ; 9.584.656,69 ; 10.241.735,01 ; 11.039.168,53 ; 11.039.168,53 ; 11.775.113,10 ; 12.006.414,74 ; 12.052.716,04 ; 12.052.716,04 ; 12.052.716,04 ; 22.266.121,26 ; 148.440.808,34 
PA;PEIXE-BOI;1505601; 72.934,07 ; 80.227,47 ; 87.520,88 ; 94.814,29 ; 101.725,12 ; 109.305,47 ; 109.305,47 ; 116.592,50 ; 119.156,55 ; 119.377,88 ; 119.377,88 ; 119.377,88 ; 220.538,03 ; 1.470.253,49 
PA;PICARRA;1505635; 133.318,96 ; 146.650,85 ; 159.982,75 ; 173.314,64 ; 185.945,00 ; 199.803,07 ; 199.803,07 ; 213.123,28 ; 217.830,70 ; 218.217,50 ; 218.217,50 ; 218.217,50 ; 403.133,80 ; 2.687.558,62 
PA;PLACAS;1505650; 221.661,24 ; 243.827,37 ; 265.993,49 ; 288.159,62 ; 309.159,44 ; 332.200,31 ; 332.200,31 ; 354.346,99 ; 362.173,48 ; 362.816,81 ; 362.816,81 ; 362.816,81 ; 670.265,77 ; 4.468.438,45 
PA;PONTA DE PEDRAS;1505700; 156.871,92 ; 172.559,11 ; 188.246,30 ; 203.933,49 ; 218.794,70 ; 235.101,40 ; 235.101,40 ; 250.774,83 ; 256.318,78 ; 256.769,68 ; 256.769,68 ; 256.769,68 ; 474.354,88 ; 3.162.365,85 
PA;PORTO DE MOZ;1505908; 548.053,77 ; 602.859,15 ; 657.664,52 ; 712.469,90 ; 764.428,39 ; 821.368,95 ; 821.368,95 ; 876.126,87 ; 895.142,86 ; 897.023,72 ; 897.023,72 ; 897.023,72 ; 1.657.156,68 ; 11.047.711,20 
PA;PRAINHA;1506005; 318.742,85 ; 350.617,14 ; 382.491,42 ; 414.365,71 ; 444.566,36 ; 477.695,88 ; 477.695,88 ; 509.542,27 ; 520.765,10 ; 521.717,45 ; 521.717,45 ; 521.717,45 ; 963.817,94 ; 6.425.452,90 
PA;PRIMAVERA;1506104; 58.621,70 ; 64.483,87 ; 70.346,04 ; 76.208,20 ; 81.764,05 ; 87.855,98 ; 87.855,98 ; 93.713,05 ; 95.762,89 ; 95.950,36 ; 95.950,36 ; 95.950,36 ; 177.258,16 ; 1.181.721,00 
PA;REDENCAO;1506138; 527.333,70 ; 580.067,07 ; 632.800,44 ; 685.533,81 ; 735.496,90 ; 790.307,99 ; 790.307,99 ; 842.995,19 ; 861.575,62 ; 863.139,77 ; 863.139,77 ; 863.139,77 ; 1.594.559,66 ; 10.630.397,68 
PA;RUROPOLIS;1506195; 254.493,50 ; 279.942,85 ; 305.392,20 ; 330.841,55 ; 354.957,38 ; 381.406,89 ; 381.406,89 ; 406.834,02 ; 415.769,37 ; 416.551,65 ; 416.551,65 ; 416.551,65 ; 769.535,23 ; 5.130.234,83 
PA;SANTA BARBARA DO PARA;1506351; 97.202,43 ; 106.922,67 ; 116.642,91 ; 126.363,15 ; 135.574,35 ; 145.676,38 ; 145.676,38 ; 155.388,14 ; 158.798,19 ; 159.099,38 ; 159.099,38 ; 159.099,38 ; 293.919,31 ; 1.959.462,05 
PA;SANTA CRUZ DO ARARI;1506401; 58.954,66 ; 64.850,13 ; 70.745,60 ; 76.641,06 ; 82.226,74 ; 88.354,57 ; 88.354,57 ; 94.244,87 ; 96.322,20 ; 96.497,00 ; 96.497,00 ; 96.497,00 ; 178.268,02 ; 1.188.453,42 
PA;SANTA LUZIA DO PARA;1506559; 126.378,01 ; 139.015,81 ; 151.653,61 ; 164.291,41 ; 176.265,10 ; 189.401,00 ; 189.401,00 ; 202.027,73 ; 206.482,02 ; 206.855,66 ; 206.855,66 ; 206.855,66 ; 382.144,01 ; 2.547.626,68 
PA;SANTA MARIA DAS BARREIRAS;1506583; 127.526,40 ; 140.279,04 ; 153.031,67 ; 165.784,31 ; 177.866,73 ; 191.122,05 ; 191.122,05 ; 203.863,52 ; 208.358,99 ; 208.735,42 ; 208.735,42 ; 208.735,42 ; 385.616,66 ; 2.570.777,68 
PA;SANTA MARIA DO PARA;1506609; 109.190,12 ; 120.109,13 ; 131.028,14 ; 141.947,16 ; 152.293,64 ; 163.642,05 ; 163.642,05 ; 174.551,52 ; 178.388,70 ; 178.721,34 ; 178.721,34 ; 178.721,34 ; 330.168,81 ; 2.201.125,34 
PA;SANTANA DO ARAGUAIA;1506708; 436.325,00 ; 479.957,50 ; 523.590,00 ; 567.222,50 ; 608.578,53 ; 653.918,39 ; 653.918,39 ; 697.512,95 ; 712.743,18 ; 714.161,80 ; 714.161,80 ; 714.161,80 ; 1.319.338,57 ; 8.795.590,41 
PA;SANTAREM NOVO;1506906; 48.625,57 ; 53.488,12 ; 58.350,68 ; 63.213,23 ; 67.820,36 ; 72.874,50 ; 72.874,50 ; 77.732,80 ; 79.445,52 ; 79.590,26 ; 79.590,26 ; 79.590,26 ; 147.034,61 ; 980.230,67 
PA;SANTO ANTONIO DO TAUA;1507003; 180.340,04 ; 198.374,05 ; 216.408,05 ; 234.442,05 ; 251.529,43 ; 270.273,42 ; 270.273,42 ; 288.291,65 ; 294.638,45 ; 295.179,79 ; 295.179,79 ; 295.179,79 ; 545.313,52 ; 3.635.423,45 
PA;SAO CAETANO DE ODIVELAS;1507102; 116.780,98 ; 128.459,08 ; 140.137,17 ; 151.815,27 ; 162.879,41 ; 175.017,99 ; 175.017,99 ; 186.685,85 ; 190.804,43 ; 191.147,50 ; 191.147,50 ; 191.147,50 ; 353.124,83 ; 2.354.165,50 
PA;SAO DOMINGOS DO ARAGUAIA;1507151; 129.861,93 ; 142.848,12 ; 155.834,31 ; 168.820,51 ; 181.125,25 ; 194.622,55 ; 194.622,55 ; 207.597,39 ; 212.165,45 ; 212.557,20 ; 212.557,20 ; 212.557,20 ; 392.677,00 ; 2.617.846,66 
PA;SAO DOMINGOS DO CAPIM;1507201; 247.515,18 ; 272.266,69 ; 297.018,21 ; 321.769,73 ; 345.218,99 ; 370.947,21 ; 370.947,21 ; 395.677,02 ; 404.415,85 ; 405.134,67 ; 405.134,67 ; 405.134,67 ; 748.443,55 ; 4.989.623,65 
PA;SAO FRANCISCO DO PARA;1507409; 92.393,66 ; 101.633,03 ; 110.872,39 ; 120.111,76 ; 128.866,19 ; 138.469,27 ; 138.469,27 ; 147.700,55 ; 150.951,62 ; 151.229,48 ; 151.229,48 ; 151.229,48 ; 279.380,51 ; 1.862.536,69 
PA;SAO GERALDO DO ARAGUAIA;1507458; 190.344,05 ; 209.378,45 ; 228.412,86 ; 247.447,26 ; 265.481,20 ; 285.265,96 ; 285.265,96 ; 304.283,69 ; 310.995,00 ; 311.555,60 ; 311.555,60 ; 311.555,60 ; 575.566,10 ; 3.837.107,33 
PA;SAO JOAO DA PONTA;1507466; 38.019,41 ; 41.821,36 ; 45.623,30 ; 49.425,24 ; 53.026,73 ; 56.979,00 ; 56.979,00 ; 60.777,60 ; 62.124,26 ; 62.230,91 ; 62.230,91 ; 62.230,91 ; 114.965,05 ; 766.433,68 
PA;SAO JOAO DE PIRABAS;1507474; 125.098,15 ; 137.607,96 ; 150.117,78 ; 162.627,59 ; 174.479,47 ; 187.482,75 ; 187.482,75 ; 199.981,60 ; 204.395,73 ; 204.761,29 ; 204.761,29 ; 204.761,29 ; 378.274,88 ; 2.521.832,53 
PA;SAO JOAO DO ARAGUAIA;1507508; 91.035,78 ; 100.139,36 ; 109.242,94 ; 118.346,51 ; 126.971,77 ; 136.434,11 ; 136.434,11 ; 145.529,72 ; 148.737,32 ; 149.007,35 ; 149.007,35 ; 149.007,35 ; 275.275,36 ; 1.835.169,03 
PA;SAO MIGUEL DO GUAMA;1507607; 447.350,62 ; 492.085,68 ; 536.820,74 ; 581.555,80 ; 623.941,48 ; 670.438,60 ; 670.438,60 ; 715.134,50 ; 730.890,00 ; 732.222,76 ; 732.222,76 ; 732.222,76 ; 1.352.704,29 ; 9.018.028,59 
PA;SAO SEBASTIAO DA BOA VISTA;1507706; 218.229,98 ; 240.052,97 ; 261.875,97 ; 283.698,97 ; 304.376,69 ; 327.058,65 ; 327.058,65 ; 348.862,56 ; 356.541,02 ; 357.197,69 ; 357.197,69 ; 357.197,69 ; 659.885,04 ; 4.399.233,57 
PA;SAPUCAIA;1507755; 53.976,05 ; 59.373,65 ; 64.771,25 ; 70.168,86 ; 75.283,92 ; 80.893,44 ; 80.893,44 ; 86.286,34 ; 88.178,52 ; 88.346,98 ; 88.346,98 ; 88.346,98 ; 163.211,73 ; 1.088.078,14 
PA;TERRA SANTA;1507979; 149.276,69 ; 164.204,35 ; 179.132,02 ; 194.059,69 ; 208.204,28 ; 223.719,27 ; 223.719,27 ; 238.633,89 ; 243.882,87 ; 244.334,95 ; 244.334,95 ; 244.334,95 ; 451.383,04 ; 3.009.220,22 
PA;TOME-ACU;1508001; 593.222,48 ; 652.544,73 ; 711.866,98 ; 771.189,22 ; 827.397,04 ; 889.055,12 ; 889.055,12 ; 948.325,46 ; 969.209,41 ; 970.984,64 ; 970.984,64 ; 970.984,64 ; 1.793.791,68 ; 11.958.611,16 
PA;TRACUATEUA;1508035; 179.153,68 ; 197.069,04 ; 214.984,41 ; 232.899,78 ; 249.873,74 ; 268.495,18 ; 268.495,18 ; 286.394,86 ; 292.709,03 ; 293.238,91 ; 293.238,91 ; 293.238,91 ; 541.727,94 ; 3.611.519,57 
PA;TUCUMA;1508084; 255.545,68 ; 281.100,25 ; 306.654,82 ; 332.209,39 ; 356.424,01 ; 382.983,56 ; 382.983,56 ; 408.515,80 ; 417.496,29 ; 418.274,70 ; 418.274,70 ; 418.274,70 ; 772.718,38 ; 5.151.455,84 
PA;ULIANOPOLIS;1508126; 106.417,89 ; 117.059,67 ; 127.701,46 ; 138.343,25 ; 148.386,38 ; 159.477,17 ; 159.477,17 ; 170.108,98 ; 174.219,99 ; 174.222,40 ; 174.222,40 ; 174.222,40 ; 321.857,51 ; 2.145.716,67 
PA;URUARA;1508159; 411.327,60 ; 452.460,36 ; 493.593,12 ; 534.725,88 ; 573.702,49 ; 616.452,37 ; 616.452,37 ; 657.549,20 ; 671.999,15 ; 673.256,51 ; 673.256,51 ; 673.256,51 ; 1.243.770,37 ; 8.291.802,44 
PA;VISEU;1508308; 459.873,67 ; 505.861,04 ; 551.848,41 ; 597.835,78 ; 641.402,91 ; 689.205,46 ; 689.205,46 ; 735.152,49 ; 751.395,68 ; 752.725,33 ; 752.725,33 ; 752.725,33 ; 1.390.580,63 ; 9.270.537,52 
PB;ALAGOA NOVA;2500403; 122.156,60 ; 134.372,25 ; 146.587,91 ; 158.803,57 ; 170.378,03 ; 183.074,60 ; 183.074,60 ; 195.279,57 ; 199.578,54 ; 199.945,37 ; 199.945,37 ; 199.945,37 ; 369.377,97 ; 2.462.519,75 
PB;ALAGOINHA;2500502; 70.142,55 ; 77.156,81 ; 84.171,06 ; 91.185,32 ; 97.830,68 ; 105.121,62 ; 105.121,62 ; 112.129,73 ; 114.604,30 ; 114.809,64 ; 114.809,64 ; 114.809,64 ; 212.098,70 ; 1.413.991,31 
PB;ALGODAO DE JANDAIRA;2500577; 10.659,42 ; 11.725,37 ; 12.791,31 ; 13.857,25 ; 14.863,32 ; 15.974,15 ; 15.974,15 ; 17.039,09 ; 17.450,85 ; 17.451,12 ; 17.451,12 ; 17.451,12 ; 32.239,10 ; 214.927,37 
PB;ALHANDRA;2500601; 124.016,15 ; 136.417,76 ; 148.819,37 ; 161.220,99 ; 172.971,55 ; 185.861,47 ; 185.861,47 ; 198.252,23 ; 202.617,34 ; 202.989,14 ; 202.989,14 ; 202.989,14 ; 375.001,02 ; 2.500.006,77 
PB;AMPARO;2500734; 13.895,28 ; 15.284,80 ; 16.674,33 ; 18.063,86 ; 19.380,53 ; 20.824,68 ; 20.824,68 ; 22.213,00 ; 22.701,92 ; 22.743,72 ; 22.743,72 ; 22.743,72 ; 42.016,62 ; 280.110,86 
PB;ARACAGI;2500809; 90.060,90 ; 99.066,99 ; 108.073,08 ; 117.079,17 ; 125.612,60 ; 134.973,21 ; 134.973,21 ; 143.971,42 ; 147.139,78 ; 147.411,17 ; 147.411,17 ; 147.411,17 ; 272.326,57 ; 1.815.510,44 
PB;ARARA;2500908; 51.260,67 ; 56.386,73 ; 61.512,80 ; 66.638,87 ; 71.496,11 ; 76.823,80 ; 76.823,80 ; 81.945,39 ; 83.746,84 ; 83.902,97 ; 83.902,97 ; 83.902,97 ; 155.001,87 ; 1.033.345,79 
PB;AREIA;2501104; 55.820,90 ; 61.402,99 ; 66.985,07 ; 72.567,16 ; 77.879,35 ; 83.663,89 ; 83.663,89 ; 89.241,48 ; 90.994,48 ; 91.345,38 ; 91.345,38 ; 91.345,38 ; 168.750,95 ; 1.125.006,30 
PB;AREIA DE BARAUNAS;2501153; 10.794,69 ; 11.874,16 ; 12.953,63 ; 14.033,09 ; 15.055,82 ; 16.177,83 ; 16.177,83 ; 17.256,36 ; 17.637,52 ; 17.668,83 ; 17.668,83 ; 17.668,83 ; 32.641,30 ; 217.608,72 
PB;AROEIRAS;2501302; 110.931,57 ; 122.024,73 ; 133.117,89 ; 144.211,04 ; 154.721,37 ; 166.251,67 ; 166.251,67 ; 177.335,12 ; 181.243,66 ; 181.572,78 ; 181.572,78 ; 181.572,78 ; 335.436,55 ; 2.236.243,61 
PB;ASSUNCAO;2501351; 31.883,65 ; 35.072,02 ; 38.260,38 ; 41.448,75 ; 44.469,81 ; 47.783,64 ; 47.783,64 ; 50.969,22 ; 52.091,37 ; 52.187,03 ; 52.187,03 ; 52.187,03 ; 96.410,04 ; 642.733,61 
PB;BARAUNA;2501534; 34.491,10 ; 37.940,21 ; 41.389,33 ; 44.838,44 ; 48.106,93 ; 51.691,49 ; 51.691,49 ; 55.137,59 ; 56.348,13 ; 56.454,54 ; 56.454,54 ; 56.454,54 ; 104.293,82 ; 695.292,15 
PB;BARRA DE SANTANA;2501575; 21.716,29 ; 23.887,92 ; 26.059,55 ; 28.231,18 ; 30.297,88 ; 32.548,20 ; 32.548,20 ; 34.718,08 ; 35.400,07 ; 35.536,57 ; 35.536,57 ; 35.536,57 ; 65.650,07 ; 437.667,15 
PB;BARRA DE SAO MIGUEL;2501708; 69.938,74 ; 76.932,61 ; 83.926,48 ; 90.920,35 ; 97.548,60 ; 104.816,71 ; 104.816,71 ; 111.804,49 ; 114.251,94 ; 114.473,96 ; 114.473,96 ; 114.473,96 ; 211.478,57 ; 1.409.857,08 
PB;BELEM;2501906; 34.267,83 ; 37.694,62 ; 41.121,40 ; 44.548,19 ; 47.782,29 ; 51.353,56 ; 51.353,56 ; 54.777,13 ; 56.100,94 ; 56.101,70 ; 56.101,70 ; 56.101,70 ; 103.641,98 ; 690.946,60 
PB;BOA VENTURA;2502102; 10.669,59 ; 11.736,55 ; 12.803,50 ; 13.870,46 ; 14.885,91 ; 15.991,49 ; 15.991,49 ; 17.057,59 ; 17.392,65 ; 17.459,73 ; 17.459,73 ; 17.459,73 ; 32.255,01 ; 215.033,43 
PB;BOA VISTA;2502151; 44.088,91 ; 48.497,80 ; 52.906,69 ; 57.315,59 ; 61.493,21 ; 66.075,56 ; 66.075,56 ; 70.480,59 ; 72.030,58 ; 72.164,37 ; 72.164,37 ; 72.164,37 ; 133.316,05 ; 888.773,65 
PB;BONITO DE SANTA FE;2502409; 60.818,01 ; 66.899,81 ; 72.981,61 ; 79.063,41 ; 84.825,91 ; 91.147,21 ; 91.147,21 ; 97.223,69 ; 99.364,05 ; 99.546,64 ; 99.546,64 ; 99.546,64 ; 183.901,92 ; 1.226.012,75 
PB;BORBOREMA;2502706; 23.432,01 ; 25.775,21 ; 28.118,41 ; 30.461,62 ; 32.681,67 ; 35.117,22 ; 35.117,22 ; 37.458,37 ; 38.284,93 ; 38.353,62 ; 38.353,62 ; 38.353,62 ; 70.854,26 ; 472.361,78 
PB;BREJO DO CRUZ;2502805; 100.841,91 ; 110.926,10 ; 121.010,29 ; 131.094,48 ; 140.650,68 ; 151.130,88 ; 151.130,88 ; 161.206,28 ; 164.742,74 ; 165.056,30 ; 165.056,30 ; 165.056,30 ; 304.924,09 ; 2.032.827,23 
PB;BREJO DOS SANTOS;2502904; 29.589,84 ; 32.548,82 ; 35.507,81 ; 38.466,79 ; 41.270,74 ; 44.345,99 ; 44.345,99 ; 47.302,39 ; 48.341,74 ; 48.432,31 ; 48.432,31 ; 48.432,31 ; 89.473,59 ; 596.490,63 
PB;CAAPORA;2503001; 127.427,87 ; 140.170,66 ; 152.913,45 ; 165.656,24 ; 177.730,31 ; 190.974,65 ; 190.974,65 ; 203.706,29 ; 208.189,14 ; 208.573,21 ; 208.573,21 ; 208.573,21 ; 385.316,99 ; 2.568.779,88 
PB;CABACEIRAS;2503100; 23.542,88 ; 25.897,17 ; 28.251,46 ; 30.605,75 ; 32.846,32 ; 35.285,87 ; 35.285,87 ; 37.638,26 ; 38.377,59 ; 38.525,60 ; 38.525,60 ; 38.525,60 ; 71.171,99 ; 474.479,96 
PB;CABEDELO;2503209; 268.800,41 ; 295.680,45 ; 322.560,49 ; 349.440,53 ; 374.914,49 ; 402.849,10 ; 402.849,10 ; 429.705,71 ; 439.121,68 ; 439.966,76 ; 439.966,76 ; 439.966,76 ; 812.792,16 ; 5.418.614,40 
PB;CACIMBA DE AREIA;2503407; 9.782,60 ; 10.760,86 ; 11.739,12 ; 12.717,38 ; 13.640,67 ; 14.660,15 ; 14.660,15 ; 15.637,49 ; 16.015,41 ; 16.015,62 ; 16.015,62 ; 16.015,62 ; 29.587,17 ; 197.247,86 
PB;CACIMBA DE DENTRO;2503506; 79.894,81 ; 87.884,29 ; 95.873,77 ; 103.863,25 ; 111.433,66 ; 119.737,45 ; 119.737,45 ; 127.719,95 ; 130.528,61 ; 130.771,15 ; 130.771,15 ; 130.771,15 ; 241.585,89 ; 1.610.572,58 
PB;CACIMBAS;2503555; 57.062,84 ; 62.769,12 ; 68.475,40 ; 74.181,68 ; 79.586,75 ; 85.518,97 ; 85.518,97 ; 91.220,23 ; 93.243,37 ; 93.401,75 ; 93.401,75 ; 93.401,75 ; 172.549,87 ; 1.150.332,45 
PB;CAICARA;2503605; 38.270,30 ; 42.097,33 ; 45.924,36 ; 49.751,39 ; 53.377,84 ; 57.355,29 ; 57.355,29 ; 61.178,97 ; 62.523,80 ; 62.640,45 ; 62.640,45 ; 62.640,45 ; 115.721,63 ; 771.477,55 
PB;CALDAS BRANDAO;2503803; 37.633,20 ; 41.396,52 ; 45.159,84 ; 48.923,16 ; 52.488,95 ; 56.400,40 ; 56.400,40 ; 60.160,43 ; 61.485,58 ; 61.597,94 ; 61.597,94 ; 61.597,94 ; 113.795,69 ; 758.637,99 
PB;CAMALAU;2503902; 21.605,54 ; 23.766,09 ; 25.926,65 ; 28.087,20 ; 30.126,27 ; 32.377,93 ; 32.377,93 ; 34.536,46 ; 35.371,09 ; 35.371,59 ; 35.371,59 ; 35.371,59 ; 65.345,28 ; 435.635,21 
PB;CAPIM;2504033; 43.308,19 ; 47.639,02 ; 51.969,84 ; 56.300,64 ; 60.404,45 ; 64.905,52 ; 64.905,52 ; 69.232,55 ; 70.754,39 ; 70.886,41 ; 70.886,41 ; 70.886,41 ; 130.955,18 ; 873.034,53 
PB;CARAUBAS;2504074; 23.057,65 ; 25.363,41 ; 27.669,18 ; 29.974,94 ; 32.159,84 ; 34.556,24 ; 34.556,24 ; 36.859,99 ; 37.670,73 ; 37.740,58 ; 37.740,58 ; 37.740,58 ; 69.721,75 ; 464.811,71 
PB;CARRAPATEIRA;2504108; 25.653,93 ; 28.219,32 ; 30.784,72 ; 33.350,11 ; 35.781,74 ; 38.447,44 ; 38.447,44 ; 41.010,61 ; 41.905,79 ; 41.989,44 ; 41.989,44 ; 41.989,44 ; 77.571,07 ; 517.140,49 
PB;CASSERENGUE;2504157; 42.459,45 ; 46.705,40 ; 50.951,34 ; 55.197,29 ; 59.220,98 ; 63.633,60 ; 63.633,60 ; 67.875,84 ; 69.365,19 ; 69.496,93 ; 69.496,93 ; 69.496,93 ; 128.388,25 ; 855.921,73 
PB;CATINGUEIRA;2504207; 27.894,02 ; 30.683,42 ; 33.472,83 ; 36.262,23 ; 38.905,23 ; 41.804,41 ; 41.804,41 ; 44.591,37 ; 45.573,79 ; 45.656,89 ; 45.656,89 ; 45.656,89 ; 84.346,30 ; 562.308,68 
PB;CATOLE DO ROCHA;2504306; 121.124,61 ; 133.237,08 ; 145.349,54 ; 157.462,00 ; 168.939,42 ; 181.528,17 ; 181.528,17 ; 193.630,05 ; 197.885,82 ; 198.255,51 ; 198.255,51 ; 198.255,51 ; 366.256,13 ; 2.441.707,52 
PB;CONCEICAO;2504405; 44.731,27 ; 49.204,40 ; 53.677,53 ; 58.150,65 ; 62.372,11 ; 67.034,00 ; 67.034,00 ; 71.502,93 ; 73.230,94 ; 73.231,95 ; 73.231,95 ; 73.231,95 ; 135.288,30 ; 901.921,98 
PB;CONDE;2504603; 216.568,98 ; 238.225,88 ; 259.882,78 ; 281.539,67 ; 302.064,33 ; 324.570,43 ; 324.570,43 ; 346.208,46 ; 353.788,67 ; 354.474,84 ; 354.474,84 ; 354.474,84 ; 654.854,86 ; 4.365.699,01 
PB;CONGO;2504702; 33.339,53 ; 36.673,49 ; 40.007,44 ; 43.341,39 ; 46.500,84 ; 49.965,65 ; 49.965,65 ; 53.296,70 ; 54.466,30 ; 54.569,62 ; 54.569,62 ; 54.569,62 ; 100.811,61 ; 672.077,46 
PB;COREMAS;2504801; 27.678,61 ; 30.446,47 ; 33.214,34 ; 35.982,20 ; 38.616,32 ; 41.484,47 ; 41.484,47 ; 44.250,11 ; 45.119,34 ; 45.293,32 ; 45.293,32 ; 45.293,32 ; 83.674,63 ; 557.830,92 
PB;CUBATI;2505006; 63.056,29 ; 69.361,92 ; 75.667,55 ; 81.973,18 ; 87.949,08 ; 94.502,02 ; 94.502,02 ; 100.802,16 ; 103.009,27 ; 103.209,01 ; 103.209,01 ; 103.209,01 ; 190.667,75 ; 1.271.118,27 
PB;CUITE;2505105; 101.160,47 ; 111.276,52 ; 121.392,57 ; 131.508,61 ; 141.095,22 ; 151.608,37 ; 151.608,37 ; 161.715,59 ; 165.261,23 ; 165.577,51 ; 165.577,51 ; 165.577,51 ; 305.886,97 ; 2.039.246,45 
PB;CUITEGI;2505204; 40.768,67 ; 44.845,53 ; 48.922,40 ; 52.999,27 ; 56.862,27 ; 61.099,51 ; 61.099,51 ; 65.172,81 ; 66.607,38 ; 66.729,96 ; 66.729,96 ; 66.729,96 ; 123.276,56 ; 821.843,79 
PB;CURRAL DE CIMA;2505279; 39.179,83 ; 43.097,81 ; 47.015,80 ; 50.933,78 ; 54.646,18 ; 58.718,34 ; 58.718,34 ; 62.632,90 ; 64.011,72 ; 64.129,37 ; 64.129,37 ; 64.129,37 ; 118.472,25 ; 789.815,06 
PB;CURRAL VELHO;2505303; 16.260,42 ; 17.886,47 ; 19.512,51 ; 21.138,55 ; 22.679,20 ; 24.369,28 ; 24.369,28 ; 25.993,90 ; 26.566,97 ; 26.615,07 ; 26.615,07 ; 26.615,07 ; 49.168,55 ; 327.790,34 
PB;DAMIAO;2505352; 35.735,03 ; 39.308,53 ; 42.882,03 ; 46.455,53 ; 49.841,87 ; 53.555,73 ; 53.555,73 ; 57.126,11 ; 58.380,81 ; 58.490,63 ; 58.490,63 ; 58.490,63 ; 108.055,27 ; 720.368,53 
PB;DESTERRO;2505402; 38.275,66 ; 42.103,23 ; 45.930,80 ; 49.758,36 ; 53.384,52 ; 57.363,12 ; 57.363,12 ; 61.187,33 ; 62.539,87 ; 62.650,01 ; 62.650,01 ; 62.650,01 ; 115.739,30 ; 771.595,34 
PB;DIAMANTE;2505600; 25.029,20 ; 27.532,12 ; 30.035,04 ; 32.537,96 ; 34.909,95 ; 37.511,06 ; 37.511,06 ; 40.011,80 ; 40.888,86 ; 40.967,29 ; 40.967,29 ; 40.967,29 ; 75.682,74 ; 504.551,66 
PB;DUAS ESTRADAS;2505808; 20.795,49 ; 22.875,04 ; 24.954,59 ; 27.034,14 ; 29.004,86 ; 31.166,01 ; 31.166,01 ; 33.243,74 ; 33.973,50 ; 34.037,76 ; 34.037,76 ; 34.037,76 ; 62.881,17 ; 419.207,83 
PB;GADO BRAVO;2506251; 66.876,09 ; 73.563,69 ; 80.251,30 ; 86.938,91 ; 93.274,86 ; 100.226,23 ; 100.226,23 ; 106.907,97 ; 109.266,94 ; 109.463,04 ; 109.463,04 ; 109.463,04 ; 202.221,42 ; 1.348.142,76 
PB;GUARABIRA;2506301; 215.936,39 ; 237.530,03 ; 259.123,67 ; 280.717,31 ; 301.178,86 ; 323.621,58 ; 323.621,58 ; 345.196,35 ; 352.783,54 ; 353.442,46 ; 353.442,46 ; 353.442,46 ; 652.947,66 ; 4.352.984,35 
PB;GURINHEM;2506400; 101.872,86 ; 112.060,15 ; 122.247,44 ; 132.434,72 ; 142.085,97 ; 152.675,30 ; 152.675,30 ; 162.853,66 ; 166.450,35 ; 166.746,25 ; 166.746,25 ; 166.746,25 ; 308.046,10 ; 2.053.640,60 
PB;GURJAO;2506509; 23.034,06 ; 25.337,47 ; 27.640,87 ; 29.944,28 ; 32.126,96 ; 34.520,89 ; 34.520,89 ; 36.822,29 ; 37.631,95 ; 37.701,95 ; 37.701,95 ; 37.701,95 ; 69.650,38 ; 464.335,89 
PB;IBIARA;2506608; 13.186,62 ; 14.505,28 ; 15.823,94 ; 17.142,60 ; 18.397,59 ; 19.763,99 ; 19.763,99 ; 21.081,59 ; 21.495,69 ; 21.578,60 ; 21.578,60 ; 21.578,60 ; 39.864,19 ; 265.761,28 
PB;IGARACY;2502607; 27.473,69 ; 30.221,06 ; 32.968,43 ; 35.715,80 ; 38.319,06 ; 41.174,50 ; 41.174,50 ; 43.919,47 ; 44.886,06 ; 44.968,79 ; 44.968,79 ; 44.968,79 ; 83.075,10 ; 553.834,04 
PB;IMACULADA;2506707; 23.160,13 ; 25.476,14 ; 27.792,16 ; 30.108,17 ; 32.312,29 ; 34.712,21 ; 34.712,21 ; 37.026,36 ; 37.753,68 ; 37.899,27 ; 37.899,27 ; 37.899,27 ; 70.014,90 ; 466.766,06 
PB;INGA;2506806; 42.634,17 ; 46.897,59 ; 51.161,01 ; 55.424,43 ; 59.481,85 ; 63.899,74 ; 63.899,74 ; 68.159,72 ; 69.498,58 ; 69.766,62 ; 69.766,62 ; 69.766,62 ; 128.886,47 ; 859.243,16 
PB;ITAPOROROCA;2507101; 117.847,45 ; 129.632,19 ; 141.416,94 ; 153.201,68 ; 164.368,71 ; 176.616,75 ; 176.616,75 ; 188.391,20 ; 192.530,65 ; 192.891,36 ; 192.891,36 ; 192.891,36 ; 356.346,43 ; 2.375.642,83 
PB;JERICO;2507408; 42.065,17 ; 46.271,69 ; 50.478,21 ; 54.684,73 ; 58.672,21 ; 63.042,98 ; 63.042,98 ; 67.245,85 ; 68.710,89 ; 68.850,50 ; 68.850,50 ; 68.850,50 ; 127.194,03 ; 847.960,24 
PB;JOCA CLAUDINO;2513653; 35.719,86 ; 39.291,85 ; 42.863,84 ; 46.435,82 ; 49.820,57 ; 53.532,97 ; 53.532,97 ; 57.101,84 ; 58.357,32 ; 58.465,95 ; 58.465,95 ; 58.465,95 ; 108.009,68 ; 720.064,57 
PB;JUAREZ TAVORA;2507606; 44.266,51 ; 48.693,16 ; 53.119,81 ; 57.546,46 ; 61.740,88 ; 66.341,71 ; 66.341,71 ; 70.764,49 ; 72.321,14 ; 72.455,11 ; 72.455,11 ; 72.455,11 ; 133.853,16 ; 892.354,36 
PB;JUNCO DO SERIDO;2507804; 36.804,30 ; 40.484,73 ; 44.165,16 ; 47.845,59 ; 51.332,97 ; 55.158,18 ; 55.158,18 ; 58.835,39 ; 60.129,88 ; 60.241,03 ; 60.241,03 ; 60.241,03 ; 111.288,96 ; 741.926,43 
PB;JURU;2508000; 56.204,48 ; 61.824,93 ; 67.445,38 ; 73.065,83 ; 78.392,74 ; 84.233,36 ; 84.233,36 ; 89.848,91 ; 91.812,86 ; 91.993,78 ; 91.993,78 ; 91.993,78 ; 169.948,80 ; 1.132.991,99 
PB;LAGOA;2508109; 21.355,62 ; 23.491,19 ; 25.626,75 ; 27.762,31 ; 29.786,16 ; 32.005,49 ; 32.005,49 ; 34.139,19 ; 34.888,03 ; 34.954,51 ; 34.954,51 ; 34.954,51 ; 64.574,77 ; 430.498,53 
PB;LAGOA DE DENTRO;2508208; 56.480,03 ; 62.128,03 ; 67.776,03 ; 73.424,04 ; 78.775,06 ; 84.645,82 ; 84.645,82 ; 90.288,87 ; 92.280,66 ; 92.446,69 ; 92.446,69 ; 92.446,69 ; 170.785,49 ; 1.138.569,92 
PB;LAGOA SECA;2508307; 140.707,74 ; 154.778,51 ; 168.849,29 ; 182.920,06 ; 196.252,18 ; 210.876,97 ; 210.876,97 ; 224.935,43 ; 229.887,61 ; 230.309,83 ; 230.309,83 ; 230.309,83 ; 425.473,11 ; 2.836.487,36 
PB;LASTRO;2508406; 20.689,32 ; 22.758,25 ; 24.827,18 ; 26.896,11 ; 28.856,61 ; 31.006,85 ; 31.006,85 ; 33.073,98 ; 33.801,14 ; 33.864,08 ; 33.864,08 ; 33.864,08 ; 62.560,32 ; 417.068,85 
PB;MAE DAGUA;2508703; 20.077,36 ; 22.085,09 ; 24.092,83 ; 26.100,57 ; 28.002,96 ; 30.089,69 ; 30.089,69 ; 32.095,67 ; 32.802,38 ; 32.862,54 ; 32.862,54 ; 32.862,54 ; 60.710,09 ; 404.733,95 
PB;MAMANGUAPE;2508901; 196.085,07 ; 215.693,58 ; 235.302,08 ; 254.910,59 ; 273.494,35 ; 293.871,42 ; 293.871,42 ; 313.462,85 ; 320.322,67 ; 320.946,91 ; 320.946,91 ; 320.946,91 ; 592.915,55 ; 3.952.770,31 
PB;MANAIRA;2509008; 56.757,82 ; 62.433,60 ; 68.109,38 ; 73.785,16 ; 79.163,09 ; 85.062,27 ; 85.062,27 ; 90.733,09 ; 92.729,68 ; 92.900,85 ; 92.900,85 ; 92.900,85 ; 171.624,52 ; 1.144.163,43 
PB;MARCACAO;2509057; 49.466,16 ; 54.412,78 ; 59.359,39 ; 64.306,01 ; 68.994,42 ; 74.134,71 ; 74.134,71 ; 79.077,02 ; 80.804,11 ; 80.964,56 ; 80.964,56 ; 80.964,56 ; 149.573,48 ; 997.156,47 
PB;MARI;2509107; 112.434,40 ; 123.677,84 ; 134.921,28 ; 146.164,72 ; 156.821,57 ; 168.504,97 ; 168.504,97 ; 179.738,63 ; 183.662,78 ; 184.028,73 ; 184.028,73 ; 184.028,73 ; 339.973,66 ; 2.266.491,01 
PB;MARIZOPOLIS;2509156; 47.888,70 ; 52.677,57 ; 57.466,44 ; 62.255,31 ; 66.793,12 ; 71.770,30 ; 71.770,30 ; 76.554,98 ; 78.237,23 ; 78.383,69 ; 78.383,69 ; 78.383,69 ; 144.805,60 ; 965.370,62 
PB;MATARACA;2509305; 77.391,89 ; 85.131,08 ; 92.870,27 ; 100.609,46 ; 107.942,72 ; 115.986,37 ; 115.986,37 ; 123.718,79 ; 126.439,44 ; 126.674,40 ; 126.674,40 ; 126.674,40 ; 234.017,58 ; 1.560.117,17 
PB;MATINHAS;2509339; 29.776,02 ; 32.753,63 ; 35.731,23 ; 38.708,83 ; 41.529,79 ; 44.624,87 ; 44.624,87 ; 47.599,86 ; 48.651,40 ; 48.737,64 ; 48.737,64 ; 48.737,64 ; 90.037,66 ; 600.251,08 
PB;MATO GROSSO;2509370; 13.818,11 ; 15.199,93 ; 16.581,74 ; 17.963,55 ; 19.267,67 ; 20.707,74 ; 20.707,74 ; 22.088,26 ; 22.622,09 ; 22.622,37 ; 22.622,37 ; 22.622,37 ; 41.792,45 ; 278.616,39 
PB;MATUREIA;2509396; 43.980,67 ; 48.378,74 ; 52.776,80 ; 57.174,86 ; 61.342,53 ; 65.913,40 ; 65.913,40 ; 70.307,61 ; 71.851,53 ; 71.986,97 ; 71.986,97 ; 71.986,97 ; 132.988,32 ; 886.588,77 
PB;MONTE HOREBE;2509602; 37.360,41 ; 41.096,45 ; 44.832,49 ; 48.568,53 ; 52.108,50 ; 55.991,57 ; 55.991,57 ; 59.724,34 ; 61.039,76 ; 61.151,41 ; 61.151,41 ; 61.151,41 ; 112.970,79 ; 753.138,64 
PB;MONTEIRO;2509701; 185.468,88 ; 204.015,77 ; 222.562,65 ; 241.109,54 ; 258.686,10 ; 277.960,75 ; 277.960,75 ; 296.491,46 ; 302.989,47 ; 303.571,60 ; 303.571,60 ; 303.571,60 ; 560.816,51 ; 3.738.776,68 
PB;MULUNGU;2509800; 25.836,29 ; 28.419,92 ; 31.003,55 ; 33.587,18 ; 36.046,00 ; 38.723,22 ; 38.723,22 ; 41.304,77 ; 42.116,12 ; 42.278,55 ; 42.278,55 ; 42.278,55 ; 78.105,16 ; 520.701,08 
PB;NAZAREZINHO;2510006; 37.111,78 ; 40.822,96 ; 44.534,14 ; 48.245,32 ; 51.762,11 ; 55.619,06 ; 55.619,06 ; 59.327,00 ; 60.629,98 ; 60.744,08 ; 60.744,08 ; 60.744,08 ; 112.218,29 ; 748.121,94 
PB;NOVA PALMEIRA;2510303; 23.629,05 ; 25.991,95 ; 28.354,86 ; 30.717,76 ; 32.957,22 ; 35.412,69 ; 35.412,69 ; 37.773,54 ; 38.600,52 ; 38.675,44 ; 38.675,44 ; 38.675,44 ; 71.448,80 ; 476.325,40 
PB;OLHO DAGUA;2510402; 30.591,28 ; 33.650,41 ; 36.709,53 ; 39.768,66 ; 42.667,01 ; 45.846,71 ; 45.846,71 ; 48.903,16 ; 49.982,21 ; 50.071,93 ; 50.071,93 ; 50.071,93 ; 92.502,61 ; 616.684,08 
PB;OLIVEDOS;2510501; 24.223,95 ; 26.646,34 ; 29.068,74 ; 31.491,13 ; 33.786,53 ; 36.304,15 ; 36.304,15 ; 38.724,43 ; 39.576,36 ; 39.649,59 ; 39.649,59 ; 39.649,59 ; 73.248,45 ; 488.323,00 
PB;OURO VELHO;2510600; 15.846,54 ; 17.431,19 ; 19.015,85 ; 20.600,50 ; 22.101,87 ; 23.748,97 ; 23.748,97 ; 25.332,24 ; 25.891,47 ; 25.937,71 ; 25.937,71 ; 25.937,71 ; 47.917,18 ; 319.447,91 
PB;PARARI;2510659; 8.643,99 ; 9.508,39 ; 10.372,79 ; 11.237,19 ; 12.056,47 ; 12.954,70 ; 12.954,70 ; 13.818,34 ; 14.120,85 ; 14.148,27 ; 14.148,27 ; 14.148,27 ; 26.137,45 ; 174.249,68 
PB;PATOS;2510808; 405.635,66 ; 446.199,22 ; 486.762,79 ; 527.326,35 ; 565.765,99 ; 607.922,52 ; 607.922,52 ; 648.450,69 ; 662.678,58 ; 663.937,70 ; 663.937,70 ; 663.937,70 ; 1.226.554,84 ; 8.177.032,26 
PB;PAULISTA;2510907; 87.208,91 ; 95.929,81 ; 104.650,70 ; 113.371,59 ; 121.635,07 ; 130.699,04 ; 130.699,04 ; 139.412,31 ; 142.477,68 ; 142.742,77 ; 142.742,77 ; 142.742,77 ; 263.702,21 ; 1.758.014,67 
PB;PEDRA BRANCA;2511004; 26.383,42 ; 29.021,76 ; 31.660,11 ; 34.298,45 ; 36.798,10 ; 39.540,46 ; 39.540,46 ; 42.176,49 ; 43.107,16 ; 43.184,49 ; 43.184,49 ; 43.184,49 ; 79.778,80 ; 531.858,68 
PB;PEDRA LAVRADA;2511103; 23.491,67 ; 25.840,83 ; 28.190,00 ; 30.539,17 ; 32.756,25 ; 35.204,47 ; 35.204,47 ; 37.551,43 ; 38.458,92 ; 38.459,47 ; 38.459,47 ; 38.459,47 ; 71.049,81 ; 473.665,43 
PB;PICUI;2511400; 54.237,16 ; 59.660,88 ; 65.084,59 ; 70.508,31 ; 75.669,78 ; 81.290,20 ; 81.290,20 ; 86.709,54 ; 88.412,80 ; 88.753,75 ; 88.753,75 ; 88.753,75 ; 163.963,19 ; 1.093.087,90 
PB;PILAR;2511509; 34.655,81 ; 38.121,39 ; 41.586,97 ; 45.052,55 ; 48.350,69 ; 51.941,83 ; 51.941,83 ; 55.404,62 ; 56.492,94 ; 56.710,81 ; 56.710,81 ; 56.710,81 ; 104.767,24 ; 698.448,30 
PB;PILOES;2511608; 49.758,58 ; 54.734,44 ; 59.710,30 ; 64.686,16 ; 69.401,08 ; 74.572,66 ; 74.572,66 ; 79.544,17 ; 81.292,52 ; 81.444,33 ; 81.444,33 ; 81.444,33 ; 150.459,81 ; 1.003.065,37 
PB;PILOEZINHOS;2511707; 16.716,88 ; 18.388,57 ; 20.060,26 ; 21.731,95 ; 23.322,91 ; 25.055,12 ; 25.055,12 ; 26.725,46 ; 27.250,42 ; 27.355,53 ; 27.355,53 ; 27.355,53 ; 50.536,45 ; 336.909,73 
PB;POCINHOS;2512002; 62.371,30 ; 68.608,43 ; 74.845,56 ; 81.082,68 ; 86.968,90 ; 93.469,23 ; 93.469,23 ; 99.700,51 ; 102.109,96 ; 102.111,38 ; 102.111,38 ; 102.111,38 ; 188.640,00 ; 1.257.599,94 
PB;POCO DANTAS;2512036; 44.888,91 ; 49.377,80 ; 53.866,69 ; 58.355,58 ; 62.609,06 ; 67.274,53 ; 67.274,53 ; 71.759,50 ; 73.336,54 ; 73.473,68 ; 73.473,68 ; 73.473,68 ; 135.734,86 ; 904.899,04 
PB;POCO DE JOSE DE MOURA;2512077; 31.626,85 ; 34.789,54 ; 37.952,22 ; 41.114,91 ; 44.099,79 ; 47.395,80 ; 47.395,80 ; 50.555,52 ; 51.777,28 ; 51.778,01 ; 51.778,01 ; 51.778,01 ; 95.654,42 ; 637.696,16 
PB;PRATA;2512200; 22.232,89 ; 24.456,18 ; 26.679,47 ; 28.902,76 ; 31.009,37 ; 33.320,15 ; 33.320,15 ; 35.541,49 ; 36.324,45 ; 36.390,76 ; 36.390,76 ; 36.390,76 ; 67.228,08 ; 448.187,27 
PB;PRINCESA ISABEL;2512309; 93.713,30 ; 103.084,63 ; 112.455,96 ; 121.827,28 ; 130.709,35 ; 140.447,65 ; 140.447,65 ; 149.810,83 ; 153.084,24 ; 153.386,94 ; 153.386,94 ; 153.386,94 ; 283.366,19 ; 1.889.107,90 
PB;PUXINANA;2512408; 53.816,85 ; 59.198,54 ; 64.580,22 ; 69.961,90 ; 75.083,39 ; 80.660,24 ; 80.660,24 ; 86.037,59 ; 87.727,64 ; 88.065,96 ; 88.065,96 ; 88.065,96 ; 162.692,56 ; 1.084.617,05 
PB;QUEIMADAS;2512507; 342.942,41 ; 377.236,65 ; 411.530,89 ; 445.825,13 ; 478.333,56 ; 513.967,17 ; 513.967,17 ; 548.231,65 ; 560.170,48 ; 561.313,06 ; 561.313,06 ; 561.313,06 ; 1.036.966,65 ; 6.913.110,94 
PB;RIACHAO;2512747; 20.551,82 ; 22.607,00 ; 24.662,18 ; 26.717,36 ; 28.664,82 ; 30.800,78 ; 30.800,78 ; 32.854,17 ; 33.576,64 ; 33.639,04 ; 33.639,04 ; 33.639,04 ; 62.144,58 ; 414.297,25 
PB;RIACHO DE SANTO ANTONIO;2512788; 8.280,52 ; 9.108,57 ; 9.936,62 ; 10.764,67 ; 11.546,18 ; 12.409,13 ; 12.409,13 ; 13.236,41 ; 13.556,30 ; 13.556,48 ; 13.556,48 ; 13.556,48 ; 25.044,17 ; 166.961,14 
PB;RIO TINTO;2512903; 107.997,65 ; 118.797,41 ; 129.597,17 ; 140.396,94 ; 150.631,12 ; 161.855,10 ; 161.855,10 ; 172.645,44 ; 176.433,70 ; 176.768,77 ; 176.768,77 ; 176.768,77 ; 326.561,64 ; 2.177.077,58 
PB;SALGADO DE SAO FELIX;2513109; 59.058,31 ; 64.964,14 ; 70.869,98 ; 76.775,81 ; 82.371,32 ; 88.509,90 ; 88.509,90 ; 94.410,56 ; 96.491,59 ; 96.666,66 ; 96.666,66 ; 96.666,66 ; 178.581,45 ; 1.190.542,94 
PB;SANTA CECILIA;2513158; 45.625,87 ; 50.188,46 ; 54.751,04 ; 59.313,63 ; 63.636,67 ; 68.378,93 ; 68.378,93 ; 72.937,52 ; 74.543,35 ; 74.680,23 ; 74.680,23 ; 74.680,23 ; 137.963,85 ; 919.758,94 
PB;SANTA CRUZ;2513208; 25.785,77 ; 28.364,35 ; 30.942,93 ; 33.521,50 ; 35.965,47 ; 38.645,00 ; 38.645,00 ; 41.221,33 ; 42.122,54 ; 42.205,39 ; 42.205,39 ; 42.205,39 ; 77.970,00 ; 519.800,06 
PB;SANTA INES;2513356; 13.413,43 ; 14.754,78 ; 16.096,12 ; 17.437,46 ; 18.708,62 ; 20.102,59 ; 20.102,59 ; 21.442,76 ; 21.913,42 ; 21.954,90 ; 21.954,90 ; 21.954,90 ; 40.559,37 ; 270.395,84 
PB;SANTA LUZIA;2513406; 63.900,71 ; 70.290,78 ; 76.680,85 ; 83.070,93 ; 89.124,79 ; 95.767,04 ; 95.767,04 ; 102.151,51 ; 104.407,03 ; 104.593,09 ; 104.593,09 ; 104.593,09 ; 193.224,70 ; 1.288.164,65 
PB;SANTA TERESINHA;2513802; 9.433,65 ; 10.377,02 ; 11.320,38 ; 12.263,75 ; 13.161,58 ; 14.139,08 ; 14.139,08 ; 15.081,68 ; 15.377,92 ; 15.437,24 ; 15.437,24 ; 15.437,24 ; 28.518,68 ; 190.124,54 
PB;SANTANA DE MANGUEIRA;2513505; 12.911,14 ; 14.202,25 ; 15.493,37 ; 16.784,48 ; 18.003,02 ; 19.348,55 ; 19.348,55 ; 20.638,46 ; 21.137,23 ; 21.137,52 ; 21.137,52 ; 21.137,52 ; 39.049,34 ; 260.328,95 
PB;SAO BENTINHO;2513927; 27.592,47 ; 30.351,72 ; 33.110,97 ; 35.870,22 ; 38.485,34 ; 41.352,66 ; 41.352,66 ; 44.109,50 ; 45.075,01 ; 45.162,67 ; 45.162,67 ; 45.162,67 ; 83.433,27 ; 556.221,83 
PB;SAO DOMINGOS;2513968; 7.813,12 ; 8.594,44 ; 9.375,75 ; 10.157,06 ; 10.900,67 ; 11.710,24 ; 11.710,24 ; 12.490,93 ; 12.736,29 ; 12.785,41 ; 12.785,41 ; 12.785,41 ; 23.619,69 ; 157.464,66 
PB;SAO DOMINGOS DO CARIRI;2513943; 19.381,22 ; 21.319,35 ; 23.257,47 ; 25.195,59 ; 27.032,89 ; 29.046,62 ; 29.046,62 ; 30.983,06 ; 31.657,41 ; 31.722,30 ; 31.722,30 ; 31.722,30 ; 58.603,61 ; 390.690,74 
PB;SAO FRANCISCO;2513984; 23.632,10 ; 25.995,31 ; 28.358,53 ; 30.721,74 ; 32.961,26 ; 35.417,22 ; 35.417,22 ; 37.778,36 ; 38.607,54 ; 38.680,67 ; 38.680,67 ; 38.680,67 ; 71.458,46 ; 476.389,75 
PB;SAO JOAO DO CARIRI;2514008; 28.064,11 ; 30.870,52 ; 33.676,94 ; 36.483,35 ; 39.142,58 ; 42.059,36 ; 42.059,36 ; 44.863,32 ; 45.850,46 ; 45.935,16 ; 45.935,16 ; 45.935,16 ; 84.860,37 ; 565.735,85 
PB;SAO JOAO DO RIO DO PEIXE;2500700; 125.168,05 ; 137.684,85 ; 150.201,65 ; 162.718,46 ; 174.578,63 ; 187.587,92 ; 187.587,92 ; 200.093,78 ; 204.495,21 ; 204.874,13 ; 204.874,13 ; 204.874,13 ; 378.483,34 ; 2.523.222,20 
PB;SAO JOAO DO TIGRE;2514107; 25.768,31 ; 28.345,14 ; 30.921,97 ; 33.498,80 ; 35.940,38 ; 38.618,63 ; 38.618,63 ; 41.193,21 ; 42.100,59 ; 42.177,50 ; 42.177,50 ; 42.177,50 ; 77.918,49 ; 519.456,65 
PB;SAO JOSE DA LAGOA TAPADA;2514206; 21.020,87 ; 23.122,96 ; 25.225,05 ; 27.327,14 ; 29.311,06 ; 31.501,75 ; 31.501,75 ; 33.601,87 ; 34.413,93 ; 34.414,40 ; 34.414,40 ; 34.414,40 ; 63.576,98 ; 423.846,56 
PB;SAO JOSE DE ESPINHARAS;2514404; 18.760,54 ; 20.636,60 ; 22.512,65 ; 24.388,71 ; 26.166,39 ; 28.116,21 ; 28.116,21 ; 29.990,62 ; 30.650,58 ; 30.707,15 ; 30.707,15 ; 30.707,15 ; 56.728,22 ; 378.188,18 
PB;SAO JOSE DE PIRANHAS;2514503; 54.169,25 ; 59.586,17 ; 65.003,09 ; 70.420,02 ; 75.532,16 ; 81.177,69 ; 81.177,69 ; 86.589,53 ; 88.682,14 ; 88.683,36 ; 88.683,36 ; 88.683,36 ; 163.833,15 ; 1.092.220,97 
PB;SAO JOSE DO BONFIM;2514602; 10.077,94 ; 11.085,74 ; 12.093,53 ; 13.101,33 ; 14.052,49 ; 15.102,75 ; 15.102,75 ; 16.109,60 ; 16.498,92 ; 16.499,15 ; 16.499,15 ; 16.499,15 ; 30.480,43 ; 203.202,93 
PB;SAO JOSE DO SABUGI;2514701; 25.266,44 ; 27.793,08 ; 30.319,72 ; 32.846,37 ; 35.240,09 ; 37.866,41 ; 37.866,41 ; 40.390,84 ; 41.283,40 ; 41.356,34 ; 41.356,34 ; 41.356,34 ; 76.401,48 ; 509.343,26 
PB;SAO JOSE DOS CORDEIROS;2514800; 18.196,94 ; 20.016,64 ; 21.836,33 ; 23.656,03 ; 25.380,30 ; 27.271,54 ; 27.271,54 ; 29.089,65 ; 29.729,84 ; 29.784,66 ; 29.784,66 ; 29.784,66 ; 55.024,02 ; 366.826,81 
PB;SAO JOSE DOS RAMOS;2514453; 46.356,01 ; 50.991,61 ; 55.627,21 ; 60.262,81 ; 64.654,33 ; 69.473,01 ; 69.473,01 ; 74.104,54 ; 75.742,24 ; 75.875,96 ; 75.875,96 ; 75.875,96 ; 140.172,83 ; 934.485,48 
PB;SAO MIGUEL DE TAIPU;2515005; 43.305,78 ; 47.636,36 ; 51.966,94 ; 56.297,51 ; 60.401,47 ; 64.902,00 ; 64.902,00 ; 69.228,80 ; 70.747,02 ; 70.882,10 ; 70.882,10 ; 70.882,10 ; 130.947,22 ; 872.981,40 
PB;SAO SEBASTIAO DO UMBUZEIRO;2515203; 23.500,13 ; 25.850,14 ; 28.200,15 ; 30.550,16 ; 32.776,97 ; 35.219,38 ; 35.219,38 ; 37.567,34 ; 38.393,50 ; 38.464,81 ; 38.464,81 ; 38.464,81 ; 71.059,68 ; 473.731,26 
PB;SAO VICENTE DO SERIDO;2515401; 66.126,85 ; 72.739,53 ; 79.352,21 ; 85.964,90 ; 92.230,85 ; 99.103,60 ; 99.103,60 ; 105.710,50 ; 108.033,96 ; 108.235,74 ; 108.235,74 ; 108.235,74 ; 199.954,11 ; 1.333.027,33 
PB;SERRA BRANCA;2515500; 44.391,04 ; 48.830,14 ; 53.269,24 ; 57.708,35 ; 61.914,53 ; 66.528,34 ; 66.528,34 ; 70.963,56 ; 72.524,58 ; 72.658,92 ; 72.658,92 ; 72.658,92 ; 134.229,69 ; 894.864,57 
PB;SERRA DA RAIZ;2515609; 12.055,47 ; 13.261,02 ; 14.466,57 ; 15.672,11 ; 16.809,93 ; 18.066,26 ; 18.066,26 ; 19.270,67 ; 19.736,37 ; 19.736,66 ; 19.736,66 ; 19.736,66 ; 36.461,40 ; 243.076,04 
PB;SERRA GRANDE;2515708; 21.919,34 ; 24.111,27 ; 26.303,21 ; 28.495,14 ; 30.572,84 ; 32.850,43 ; 32.850,43 ; 35.040,46 ; 35.805,15 ; 35.876,78 ; 35.876,78 ; 35.876,78 ; 66.278,57 ; 441.857,18 
PB;SERRA REDONDA;2515807; 34.232,62 ; 37.655,89 ; 41.079,15 ; 44.502,41 ; 47.746,23 ; 51.304,06 ; 51.304,06 ; 54.724,33 ; 55.927,51 ; 56.031,64 ; 56.031,64 ; 56.031,64 ; 103.512,56 ; 690.083,74 
PB;SERRARIA;2515906; 13.603,57 ; 14.963,92 ; 16.324,28 ; 17.684,64 ; 18.968,53 ; 20.386,22 ; 20.386,22 ; 21.745,30 ; 22.270,82 ; 22.271,13 ; 22.271,13 ; 22.271,13 ; 41.143,56 ; 274.290,45 
PB;SERTAOZINHO;2515930; 39.820,60 ; 43.802,66 ; 47.784,72 ; 51.766,78 ; 55.539,32 ; 59.678,51 ; 59.678,51 ; 63.657,08 ; 65.063,52 ; 65.178,71 ; 65.178,71 ; 65.178,71 ; 120.410,79 ; 802.738,62 
PB;SOLEDADE;2516102; 42.333,30 ; 46.566,63 ; 50.799,96 ; 55.033,29 ; 59.028,52 ; 63.440,42 ; 63.440,42 ; 67.669,78 ; 69.305,15 ; 69.306,11 ; 69.306,11 ; 69.306,11 ; 128.035,73 ; 853.571,53 
PB;SOUSA;2516201; 205.720,45 ; 226.292,50 ; 246.864,54 ; 267.436,58 ; 286.933,73 ; 308.311,97 ; 308.311,97 ; 328.866,10 ; 336.060,86 ; 336.717,63 ; 336.717,63 ; 336.717,63 ; 622.050,29 ; 4.147.001,88 
PB;SUME;2516300; 78.605,95 ; 86.466,54 ; 94.327,14 ; 102.187,73 ; 109.636,09 ; 117.805,88 ; 117.805,88 ; 125.659,60 ; 128.422,35 ; 128.661,49 ; 128.661,49 ; 128.661,49 ; 237.688,53 ; 1.584.590,16 
PB;TACIMA;2516409; 43.082,53 ; 47.390,80 ; 51.699,05 ; 56.007,30 ; 60.089,16 ; 64.567,19 ; 64.567,19 ; 68.871,67 ; 70.390,77 ; 70.517,61 ; 70.517,61 ; 70.517,61 ; 130.273,86 ; 868.492,35 
PB;TAPEROA;2516508; 73.080,64 ; 80.388,71 ; 87.696,77 ; 95.004,84 ; 101.929,53 ; 109.525,14 ; 109.525,14 ; 116.826,81 ; 119.396,25 ; 119.617,82 ; 119.617,82 ; 119.617,82 ; 220.981,29 ; 1.473.208,58 
PB;TAVARES;2516607; 70.547,17 ; 77.601,89 ; 84.656,60 ; 91.711,32 ; 98.396,82 ; 105.728,47 ; 105.728,47 ; 112.777,04 ; 115.249,29 ; 115.470,20 ; 115.470,20 ; 115.470,20 ; 213.319,01 ; 1.422.126,68 
PB;TEIXEIRA;2516706; 83.923,68 ; 92.316,05 ; 100.708,42 ; 109.100,78 ; 117.052,17 ; 125.775,28 ; 125.775,28 ; 134.160,30 ; 137.117,94 ; 137.366,34 ; 137.366,34 ; 137.366,34 ; 253.769,81 ; 1.691.798,73 
PB;TENORIO;2516755; 20.546,55 ; 22.601,21 ; 24.655,86 ; 26.710,52 ; 28.656,97 ; 30.792,76 ; 30.792,76 ; 32.845,61 ; 33.572,71 ; 33.630,93 ; 33.630,93 ; 33.630,93 ; 62.129,59 ; 414.197,33 
PB;TRIUNFO;2516805; 95.322,35 ; 104.854,59 ; 114.386,82 ; 123.919,06 ; 132.952,41 ; 142.858,82 ; 142.858,82 ; 152.382,74 ; 155.723,82 ; 156.021,79 ; 156.021,79 ; 156.021,79 ; 288.233,79 ; 1.921.558,59 
PB;UIRAUNA;2516904; 87.347,69 ; 96.082,45 ; 104.817,22 ; 113.551,99 ; 121.828,18 ; 130.906,90 ; 130.906,90 ; 139.634,02 ; 142.708,54 ; 142.970,36 ; 142.970,36 ; 142.970,36 ; 264.122,65 ; 1.760.817,62 
PB;UMBUZEIRO;2517001; 77.225,48 ; 84.948,03 ; 92.670,58 ; 100.393,13 ; 107.710,29 ; 115.736,89 ; 115.736,89 ; 123.452,69 ; 126.170,27 ; 126.402,31 ; 126.402,31 ; 126.402,31 ; 233.514,92 ; 1.556.766,10 
PB;VARZEA;2517100; 14.723,00 ; 16.195,31 ; 17.667,61 ; 19.139,91 ; 20.535,34 ; 22.065,27 ; 22.065,27 ; 23.536,29 ; 24.051,40 ; 24.098,24 ; 24.098,24 ; 24.098,24 ; 44.518,96 ; 296.793,08 
PB;VIEIROPOLIS;2517209; 29.791,82 ; 32.771,00 ; 35.750,18 ; 38.729,36 ; 41.552,87 ; 44.648,80 ; 44.648,80 ; 47.625,39 ; 48.667,80 ; 48.762,49 ; 48.762,49 ; 48.762,49 ; 90.083,55 ; 600.557,04 
PB;VISTA SERRANA;2505501; 12.542,88 ; 13.797,17 ; 15.051,46 ; 16.305,75 ; 17.489,58 ; 18.796,69 ; 18.796,69 ; 20.049,80 ; 20.534,33 ; 20.534,63 ; 20.534,63 ; 20.534,63 ; 37.935,57 ; 252.903,81 
PE;AFOGADOS DA INGAZEIRA;2600104; 234.996,85 ; 258.496,53 ; 281.996,21 ; 305.495,90 ; 327.765,93 ; 352.187,87 ; 352.187,87 ; 375.667,06 ; 383.902,16 ; 384.638,15 ; 384.638,15 ; 384.638,15 ; 710.578,39 ; 4.737.189,22 
PE;AFRANIO;2600203; 92.792,92 ; 102.072,21 ; 111.351,51 ; 120.630,80 ; 129.422,87 ; 139.067,59 ; 139.067,59 ; 148.338,77 ; 151.605,42 ; 151.883,15 ; 151.883,15 ; 151.883,15 ; 280.588,09 ; 1.870.587,22 
PE;AGRESTINA;2600302; 122.118,87 ; 134.330,75 ; 146.542,64 ; 158.754,52 ; 170.327,26 ; 183.018,53 ; 183.018,53 ; 195.219,76 ; 199.500,23 ; 199.881,83 ; 199.881,83 ; 199.881,83 ; 369.260,58 ; 2.461.737,16 
PE;AGUA PRETA;2600401; 122.541,05 ; 134.795,15 ; 147.049,26 ; 159.303,36 ; 170.913,27 ; 183.650,55 ; 183.650,55 ; 195.893,92 ; 200.214,97 ; 200.575,53 ; 200.575,53 ; 200.575,53 ; 370.542,12 ; 2.470.280,79 
PE;AGUAS BELAS;2600500; 226.238,89 ; 248.862,78 ; 271.486,67 ; 294.110,56 ; 315.549,83 ; 339.062,20 ; 339.062,20 ; 361.666,35 ; 369.601,78 ; 370.304,05 ; 370.304,05 ; 370.304,05 ; 684.097,67 ; 4.560.651,08 
PE;ALAGOINHA;2600609; 76.810,90 ; 84.491,98 ; 92.173,07 ; 99.854,16 ; 107.132,09 ; 115.115,57 ; 115.115,57 ; 122.789,94 ; 125.492,53 ; 125.723,67 ; 125.723,67 ; 125.723,67 ; 232.261,21 ; 1.548.408,03 
PE;ALTINHO;2600807; 40.362,11 ; 44.398,32 ; 48.434,53 ; 52.470,74 ; 56.279,94 ; 60.486,40 ; 60.486,40 ; 64.518,83 ; 66.078,07 ; 66.078,96 ; 66.078,96 ; 66.078,96 ; 122.073,91 ; 813.826,13 
PE;AMARAJI;2600906; 88.508,76 ; 97.359,64 ; 106.210,51 ; 115.061,39 ; 123.447,02 ; 132.646,84 ; 132.646,84 ; 141.489,96 ; 144.610,72 ; 144.871,36 ; 144.871,36 ; 144.871,36 ; 267.634,55 ; 1.784.230,31 
PE;ANGELIM;2601003; 61.747,18 ; 67.921,89 ; 74.096,61 ; 80.271,33 ; 86.121,80 ; 92.539,72 ; 92.539,72 ; 98.709,04 ; 100.882,79 ; 101.067,57 ; 101.067,57 ; 101.067,57 ; 186.711,67 ; 1.244.744,46 
PE;BARREIROS;2601409; 203.879,63 ; 224.267,60 ; 244.655,56 ; 265.043,52 ; 284.359,58 ; 305.551,49 ; 305.551,49 ; 325.921,59 ; 333.112,49 ; 333.710,93 ; 333.710,93 ; 333.710,93 ; 616.495,73 ; 4.109.971,47 
PE;BELEM DE MARIA;2601508; 66.024,70 ; 72.627,17 ; 79.229,64 ; 85.832,11 ; 92.088,38 ; 98.950,51 ; 98.950,51 ; 105.547,21 ; 107.867,31 ; 108.068,57 ; 108.068,57 ; 108.068,57 ; 199.645,28 ; 1.330.968,53 
PE;BETANIA;2601805; 86.651,01 ; 95.316,12 ; 103.981,22 ; 112.646,32 ; 120.860,96 ; 129.863,93 ; 129.863,93 ; 138.521,53 ; 141.530,40 ; 141.825,77 ; 141.825,77 ; 141.825,77 ; 262.008,13 ; 1.746.720,86 
PE;BOM CONSELHO;2602100; 212.430,43 ; 233.673,47 ; 254.916,51 ; 276.159,56 ; 296.288,87 ; 318.367,22 ; 318.367,22 ; 339.591,71 ; 347.055,70 ; 347.703,93 ; 347.703,93 ; 347.703,93 ; 642.346,33 ; 4.282.308,81 
PE;BOM JARDIM;2602209; 169.824,81 ; 186.807,29 ; 203.789,77 ; 220.772,25 ; 236.863,98 ; 254.514,54 ; 254.514,54 ; 271.482,17 ; 277.452,88 ; 277.967,88 ; 277.967,88 ; 277.967,88 ; 513.516,33 ; 3.423.442,20 
PE;BUENOS AIRES;2602704; 30.429,91 ; 33.472,90 ; 36.515,89 ; 39.558,89 ; 42.454,84 ; 45.608,10 ; 45.608,10 ; 48.648,64 ; 49.604,26 ; 49.795,55 ; 49.795,55 ; 49.795,55 ; 91.992,02 ; 613.280,20 
PE;BUIQUE;2602803; 271.179,82 ; 298.297,80 ; 325.415,78 ; 352.533,76 ; 378.227,34 ; 406.413,64 ; 406.413,64 ; 433.507,89 ; 443.060,55 ; 443.866,87 ; 443.866,87 ; 443.866,87 ; 819.997,21 ; 5.466.648,04 
PE;CABO DE SANTO AGOSTINHO;2602902; 933.163,85 ; 1.026.480,24 ; 1.119.796,62 ; 1.213.113,00 ; 1.301.527,99 ; 1.398.520,44 ; 1.398.520,44 ; 1.491.755,14 ; 1.524.627,19 ; 1.527.401,74 ; 1.527.401,74 ; 1.527.401,74 ; 2.821.713,56 ; 18.811.423,69 
PE;CABROBO;2603009; 88.558,46 ; 97.414,30 ; 106.270,15 ; 115.125,99 ; 123.483,63 ; 132.713,14 ; 132.713,14 ; 141.560,68 ; 144.981,75 ; 144.983,78 ; 144.983,78 ; 144.983,78 ; 267.842,23 ; 1.785.614,81 
PE;CACHOEIRINHA;2603108; 83.903,13 ; 92.293,44 ; 100.683,75 ; 109.074,06 ; 117.024,22 ; 125.744,67 ; 125.744,67 ; 134.127,65 ; 137.077,60 ; 137.331,96 ; 137.331,96 ; 137.331,96 ; 253.706,31 ; 1.691.375,38 
PE;CALUMBI;2603405; 44.081,75 ; 48.489,92 ; 52.898,09 ; 57.306,27 ; 61.483,28 ; 66.064,84 ; 66.064,84 ; 70.469,15 ; 72.018,27 ; 72.152,57 ; 72.152,57 ; 72.152,57 ; 133.294,26 ; 888.628,38 
PE;CAMUTANGA;2603603; 35.706,23 ; 39.276,85 ; 42.847,47 ; 46.418,09 ; 49.801,16 ; 53.512,44 ; 53.512,44 ; 57.079,94 ; 58.338,33 ; 58.443,98 ; 58.443,98 ; 58.443,98 ; 107.969,09 ; 719.793,98 
PE;CANHOTINHO;2603702; 131.687,10 ; 144.855,81 ; 158.024,52 ; 171.193,23 ; 183.670,89 ; 197.357,91 ; 197.357,91 ; 210.515,10 ; 215.147,55 ; 215.544,66 ; 215.544,66 ; 215.544,66 ; 398.196,00 ; 2.654.640,00 
PE;CAPOEIRAS;2603801; 105.596,70 ; 116.156,37 ; 126.716,04 ; 137.275,71 ; 147.280,29 ; 158.256,30 ; 158.256,30 ; 168.806,72 ; 172.529,75 ; 172.840,91 ; 172.840,91 ; 172.840,91 ; 319.305,34 ; 2.128.702,25 
PE;CARNAIBA;2603900; 137.636,86 ; 151.400,55 ; 165.164,23 ; 178.927,92 ; 191.973,14 ; 206.275,69 ; 206.275,69 ; 220.027,41 ; 224.834,53 ; 225.279,58 ; 225.279,58 ; 225.279,58 ; 416.180,26 ; 2.774.535,02 
PE;CARNAUBEIRA DA PENHA;2603926; 44.533,71 ; 48.987,08 ; 53.440,45 ; 57.893,82 ; 62.115,59 ; 66.742,67 ; 66.742,67 ; 71.192,18 ; 72.739,52 ; 72.890,51 ; 72.890,51 ; 72.890,51 ; 134.657,51 ; 897.716,73 
PE;CARPINA;2604007; 280.362,85 ; 308.399,14 ; 336.435,42 ; 364.471,71 ; 391.039,57 ; 420.177,19 ; 420.177,19 ; 448.189,01 ; 458.026,48 ; 458.893,62 ; 458.893,62 ; 458.893,62 ; 847.757,55 ; 5.651.716,97 
PE;CASINHAS;2604155; 108.194,80 ; 119.014,28 ; 129.833,76 ; 140.653,24 ; 150.912,04 ; 162.152,04 ; 162.152,04 ; 172.962,18 ; 176.703,64 ; 177.085,88 ; 177.085,88 ; 177.085,88 ; 327.147,48 ; 2.180.983,14 
PE;CATENDE;2604205; 137.422,00 ; 151.164,20 ; 164.906,40 ; 178.648,60 ; 191.671,08 ; 205.953,09 ; 205.953,09 ; 219.683,30 ; 224.504,65 ; 224.930,17 ; 224.930,17 ; 224.930,17 ; 415.534,76 ; 2.770.231,68 
PE;CEDRO;2604304; 53.984,65 ; 59.383,11 ; 64.781,58 ; 70.180,04 ; 75.295,26 ; 80.906,17 ; 80.906,17 ; 86.299,92 ; 88.198,33 ; 88.361,68 ; 88.361,68 ; 88.361,68 ; 163.238,88 ; 1.088.259,15 
PE;CHA DE ALEGRIA;2604403; 72.046,35 ; 79.250,99 ; 86.455,62 ; 93.660,26 ; 100.485,94 ; 107.974,81 ; 107.974,81 ; 115.173,13 ; 117.715,30 ; 117.925,84 ; 117.925,84 ; 117.925,84 ; 217.855,55 ; 1.452.370,28 
PE;CHA GRANDE;2604502; 155.425,78 ; 170.968,36 ; 186.510,94 ; 202.053,52 ; 216.780,80 ; 232.934,85 ; 232.934,85 ; 248.463,84 ; 253.928,98 ; 254.399,74 ; 254.399,74 ; 254.399,74 ; 469.976,68 ; 3.133.177,82 
PE;CORRENTES;2604700; 85.287,26 ; 93.815,98 ; 102.344,71 ; 110.873,43 ; 118.954,51 ; 127.818,98 ; 127.818,98 ; 136.340,25 ; 139.341,25 ; 139.597,75 ; 139.597,75 ; 139.597,75 ; 257.892,11 ; 1.719.280,71 
PE;CUMARU;2604908; 93.953,25 ; 103.348,57 ; 112.743,90 ; 122.139,22 ; 131.041,98 ; 140.806,74 ; 140.806,74 ; 150.193,86 ; 153.494,68 ; 153.781,67 ; 153.781,67 ; 153.781,67 ; 284.095,41 ; 1.893.969,36 
PE;CUPIRA;2605004; 186.004,92 ; 204.605,41 ; 223.205,91 ; 241.806,40 ; 259.438,13 ; 278.765,20 ; 278.765,20 ; 297.349,55 ; 303.826,41 ; 304.444,83 ; 304.444,83 ; 304.444,83 ; 562.429,70 ; 3.749.531,32 
PE;CUSTODIA;2605103; 238.304,53 ; 262.134,98 ; 285.965,43 ; 309.795,89 ; 332.393,79 ; 357.148,67 ; 357.148,67 ; 380.958,58 ; 389.178,06 ; 390.038,41 ; 390.038,41 ; 390.038,41 ; 720.554,80 ; 4.803.698,63 
PE;ESCADA;2605202; 216.719,44 ; 238.391,38 ; 260.063,32 ; 281.735,26 ; 302.266,11 ; 324.793,89 ; 324.793,89 ; 346.446,82 ; 354.106,11 ; 354.728,78 ; 354.728,78 ; 354.728,78 ; 655.323,99 ; 4.368.826,55 
PE;EXU;2605301; 172.739,86 ; 190.013,84 ; 207.287,83 ; 224.561,82 ; 240.930,37 ; 258.883,44 ; 258.883,44 ; 276.142,33 ; 282.209,92 ; 282.738,63 ; 282.738,63 ; 282.738,63 ; 522.329,78 ; 3.482.198,52 
PE;FERREIROS;2605509; 50.594,41 ; 55.653,85 ; 60.713,29 ; 65.772,73 ; 70.566,65 ; 75.825,25 ; 75.825,25 ; 80.880,27 ; 82.659,76 ; 82.812,59 ; 82.812,59 ; 82.812,59 ; 152.987,52 ; 1.019.916,75 
PE;FLORES;2605608; 98.645,23 ; 108.509,75 ; 118.374,28 ; 128.238,80 ; 137.586,65 ; 147.838,70 ; 147.838,70 ; 157.694,61 ; 161.155,50 ; 161.460,96 ; 161.460,96 ; 161.460,96 ; 298.282,08 ; 1.988.547,18 
PE;GAMELEIRA;2605905; 101.956,41 ; 112.152,06 ; 122.347,70 ; 132.543,34 ; 142.203,05 ; 152.800,66 ; 152.800,66 ; 162.987,37 ; 166.581,98 ; 166.882,48 ; 166.882,48 ; 166.882,48 ; 308.297,77 ; 2.055.318,44 
PE;GOIANA;2606200; 341.475,46 ; 375.623,01 ; 409.770,55 ; 443.918,10 ; 476.271,00 ; 511.764,55 ; 511.764,55 ; 545.882,19 ; 557.920,40 ; 558.927,69 ; 558.927,69 ; 558.927,69 ; 1.032.559,93 ; 6.883.732,81 
PE;IBIRAJUBA;2606705; 39.347,41 ; 43.282,16 ; 47.216,90 ; 51.151,64 ; 54.879,72 ; 58.969,44 ; 58.969,44 ; 62.900,73 ; 64.287,47 ; 64.403,88 ; 64.403,88 ; 64.403,88 ; 118.979,38 ; 793.195,93 
PE;IGARASSU;2606804; 491.975,21 ; 541.172,73 ; 590.370,25 ; 639.567,77 ; 686.185,57 ; 737.317,90 ; 737.317,90 ; 786.472,42 ; 803.763,00 ; 805.260,42 ; 805.260,42 ; 805.260,42 ; 1.487.633,66 ; 9.917.557,67 
PE;ILHA DE ITAMARACA;2607604; 66.145,11 ; 72.759,62 ; 79.374,13 ; 85.988,64 ; 92.256,87 ; 99.131,10 ; 99.131,10 ; 105.739,84 ; 108.059,06 ; 108.265,13 ; 108.265,13 ; 108.265,13 ; 200.008,39 ; 1.333.389,25 
PE;INGAZEIRA;2607109; 31.233,91 ; 34.357,30 ; 37.480,69 ; 40.604,08 ; 43.563,85 ; 46.809,95 ; 46.809,95 ; 49.930,61 ; 51.027,50 ; 51.123,29 ; 51.123,29 ; 51.123,29 ; 94.444,88 ; 629.632,59 
PE;IPOJUCA;2607208; 707.639,64 ; 778.403,61 ; 849.167,57 ; 919.931,54 ; 986.983,75 ; 1.060.531,55 ; 1.060.531,55 ; 1.131.233,65 ; 1.156.114,60 ; 1.158.259,06 ; 1.158.259,06 ; 1.158.259,06 ; 2.139.761,41 ; 14.265.076,05 
PE;ITAPETIM;2607703; 37.016,75 ; 40.718,42 ; 44.420,10 ; 48.121,77 ; 51.615,27 ; 55.473,07 ; 55.473,07 ; 59.171,27 ; 60.601,25 ; 60.602,10 ; 60.602,10 ; 60.602,10 ; 111.955,98 ; 746.373,25 
PE;JAQUEIRA;2607950; 68.745,00 ; 75.619,50 ; 82.494,00 ; 89.368,50 ; 95.881,38 ; 103.027,12 ; 103.027,12 ; 109.895,59 ; 112.321,27 ; 112.522,17 ; 112.522,17 ; 112.522,17 ; 207.872,83 ; 1.385.818,82 
PE;JATAUBA;2608008; 50.352,84 ; 55.388,12 ; 60.423,40 ; 65.458,69 ; 70.210,65 ; 75.458,44 ; 75.458,44 ; 80.489,01 ; 82.434,18 ; 82.435,32 ; 82.435,32 ; 82.435,32 ; 152.290,55 ; 1.015.270,28 
PE;JOAQUIM NABUCO;2608206; 70.802,05 ; 77.882,26 ; 84.962,46 ; 92.042,67 ; 98.751,32 ; 106.110,20 ; 106.110,20 ; 113.184,22 ; 115.674,86 ; 115.888,38 ; 115.888,38 ; 115.888,38 ; 214.091,54 ; 1.427.276,92 
PE;JUREMA;2608404; 96.872,69 ; 106.559,95 ; 116.247,22 ; 125.934,49 ; 135.113,30 ; 145.181,93 ; 145.181,93 ; 154.860,72 ; 158.269,40 ; 158.560,73 ; 158.560,73 ; 158.560,73 ; 292.924,21 ; 1.952.828,03 
PE;LAGOA DE ITAENGA;2608503; 80.894,86 ; 88.984,35 ; 97.073,83 ; 105.163,32 ; 112.828,38 ; 121.236,21 ; 121.236,21 ; 129.318,62 ; 132.163,15 ; 132.408,09 ; 132.408,09 ; 132.408,09 ; 244.609,98 ; 1.630.733,18 
PE;LAGOA DO CARRO;2608453; 87.548,62 ; 96.303,48 ; 105.058,34 ; 113.813,20 ; 122.107,62 ; 131.207,83 ; 131.207,83 ; 139.955,01 ; 143.044,17 ; 143.300,03 ; 143.300,03 ; 143.300,03 ; 264.731,69 ; 1.764.877,88 
PE;LAGOA DO OURO;2608602; 78.153,24 ; 85.968,56 ; 93.783,88 ; 101.599,21 ; 109.005,05 ; 117.127,50 ; 117.127,50 ; 124.936,00 ; 127.679,25 ; 127.920,13 ; 127.920,13 ; 127.920,13 ; 236.318,93 ; 1.575.459,51 
PE;LAGOA DOS GATOS;2608701; 81.598,52 ; 89.758,37 ; 97.918,22 ; 106.078,08 ; 113.809,30 ; 122.290,64 ; 122.290,64 ; 130.443,35 ; 133.317,57 ; 133.560,36 ; 133.560,36 ; 133.560,36 ; 246.738,67 ; 1.644.924,44 
PE;LAGOA GRANDE;2608750; 90.329,65 ; 99.362,62 ; 108.395,58 ; 117.428,55 ; 125.953,35 ; 135.367,45 ; 135.367,45 ; 144.391,94 ; 147.881,43 ; 147.883,50 ; 147.883,50 ; 147.883,50 ; 273.199,16 ; 1.821.327,68 
PE;LAJEDO;2608800; 242.321,49 ; 266.553,64 ; 290.785,79 ; 315.017,94 ; 337.978,64 ; 363.164,39 ; 363.164,39 ; 387.375,35 ; 395.898,97 ; 396.630,30 ; 396.630,30 ; 396.630,30 ; 732.732,62 ; 4.884.884,12 
PE;LIMOEIRO;2608909; 103.449,75 ; 113.794,73 ; 124.139,70 ; 134.484,68 ; 144.329,54 ; 155.049,61 ; 155.049,61 ; 165.386,25 ; 168.634,97 ; 169.285,30 ; 169.285,30 ; 169.285,30 ; 312.736,72 ; 2.084.911,46 
PE;MANARI;2609154; 65.351,29 ; 71.886,41 ; 78.421,54 ; 84.956,67 ; 91.175,83 ; 97.947,95 ; 97.947,95 ; 104.477,82 ; 106.530,11 ; 106.940,92 ; 106.940,92 ; 106.940,92 ; 197.562,07 ; 1.317.080,40 
PE;MARAIAL;2609204; 59.799,86 ; 65.779,85 ; 71.759,83 ; 77.739,82 ; 83.405,19 ; 89.621,16 ; 89.621,16 ; 95.595,90 ; 97.706,40 ; 97.880,77 ; 97.880,77 ; 97.880,77 ; 180.824,39 ; 1.205.495,87 
PE;MIRANDIBA;2609303; 87.170,54 ; 95.887,59 ; 104.604,64 ; 113.321,69 ; 121.581,05 ; 130.641,40 ; 130.641,40 ; 139.350,83 ; 142.419,33 ; 142.680,42 ; 142.680,42 ; 142.680,42 ; 263.587,02 ; 1.757.246,75 
PE;MOREILANDIA;2614303; 55.107,09 ; 60.617,80 ; 66.128,51 ; 71.639,22 ; 76.860,52 ; 82.588,29 ; 82.588,29 ; 88.094,18 ; 90.034,80 ; 90.199,17 ; 90.199,17 ; 90.199,17 ; 166.633,45 ; 1.110.889,66 
PE;MORENO;2609402; 193.848,14 ; 213.232,95 ; 232.617,77 ; 252.002,58 ; 270.367,93 ; 290.517,35 ; 290.517,35 ; 309.885,17 ; 316.725,26 ; 317.291,66 ; 317.291,66 ; 317.291,66 ; 586.162,86 ; 3.907.752,34 
PE;NAZARE DA MATA;2609501; 90.045,83 ; 99.050,41 ; 108.055,00 ; 117.059,58 ; 125.590,93 ; 134.950,46 ; 134.950,46 ; 143.947,16 ; 147.120,95 ; 147.387,12 ; 147.387,12 ; 147.387,12 ; 272.282,15 ; 1.815.214,29 
PE;OROCO;2609808; 91.047,65 ; 100.152,42 ; 109.257,18 ; 118.361,94 ; 126.987,91 ; 136.451,78 ; 136.451,78 ; 145.548,57 ; 148.760,78 ; 149.027,22 ; 149.027,22 ; 149.027,22 ; 275.312,06 ; 1.835.413,73 
PE;OURICURI;2609907; 265.469,19 ; 292.016,11 ; 318.563,03 ; 345.109,95 ; 370.260,51 ; 397.854,72 ; 397.854,72 ; 424.378,37 ; 433.747,52 ; 434.521,56 ; 434.521,56 ; 434.521,56 ; 802.732,73 ; 5.351.551,53 
PE;PALMEIRINA;2610103; 37.108,97 ; 40.819,86 ; 44.530,76 ; 48.241,66 ; 51.757,30 ; 55.614,62 ; 55.614,62 ; 59.322,26 ; 60.633,33 ; 60.740,33 ; 60.740,33 ; 60.740,33 ; 112.211,35 ; 748.075,72 
PE;PANELAS;2610202; 192.514,04 ; 211.765,44 ; 231.016,85 ; 250.268,25 ; 268.519,30 ; 288.520,98 ; 288.520,98 ; 307.755,71 ; 314.438,24 ; 315.096,50 ; 315.096,50 ; 315.096,50 ; 582.107,53 ; 3.880.716,82 
PE;PARANATAMA;2610301; 75.378,22 ; 82.916,05 ; 90.453,87 ; 97.991,69 ; 105.133,62 ; 112.968,38 ; 112.968,38 ; 120.499,61 ; 123.154,00 ; 123.378,91 ; 123.378,91 ; 123.378,91 ; 227.929,51 ; 1.519.530,06 
PE;PARNAMIRIM;2610400; 49.016,73 ; 53.918,41 ; 58.820,08 ; 63.721,75 ; 68.386,42 ; 73.465,86 ; 73.465,86 ; 78.363,59 ; 79.902,91 ; 80.211,04 ; 80.211,04 ; 80.211,04 ; 148.181,43 ; 987.876,16 
PE;PASSIRA;2610509; 129.393,04 ; 142.332,35 ; 155.271,65 ; 168.210,96 ; 180.471,92 ; 193.919,99 ; 193.919,99 ; 206.847,99 ; 211.393,92 ; 211.789,15 ; 211.789,15 ; 211.789,15 ; 391.258,11 ; 2.608.387,37 
PE;PAUDALHO;2610608; 285.284,32 ; 313.812,75 ; 342.341,19 ; 370.869,62 ; 397.900,86 ; 427.552,19 ; 427.552,19 ; 456.055,67 ; 466.093,66 ; 466.951,92 ; 466.951,92 ; 466.951,92 ; 862.644,39 ; 5.750.962,60 
PE;PERNAMBUCO;26; 16.790.611,71 ; 18.469.672,88 ; 20.148.734,05 ; 21.827.795,22 ; 23.381.575,56 ; 25.154.597,37 ; 25.154.597,37 ; 26.831.570,52 ; 27.424.522,53 ; 27.472.958,04 ; 27.472.958,04 ; 27.472.958,04 ; 50.753.391,42 ; 338.355.942,75 
PE;PRIMAVERA;2611408; 55.041,55 ; 60.545,71 ; 66.049,86 ; 71.554,01 ; 76.769,03 ; 82.490,06 ; 82.490,06 ; 87.989,40 ; 89.927,93 ; 90.091,91 ; 90.091,91 ; 90.091,91 ; 166.435,30 ; 1.109.568,64 
PE;QUIPAPA;2611507; 97.114,58 ; 106.826,04 ; 116.537,50 ; 126.248,96 ; 135.450,85 ; 145.544,49 ; 145.544,49 ; 155.247,46 ; 158.663,28 ; 158.956,52 ; 158.956,52 ; 158.956,52 ; 293.655,39 ; 1.957.702,60 
PE;QUIXABA;2611533; 72.054,00 ; 79.259,40 ; 86.464,80 ; 93.670,20 ; 100.499,98 ; 107.987,12 ; 107.987,12 ; 115.186,26 ; 117.697,79 ; 117.935,14 ; 117.935,14 ; 117.935,14 ; 217.872,73 ; 1.452.484,82 
PE;RIACHO DAS ALMAS;2611705; 132.167,53 ; 145.384,29 ; 158.601,04 ; 171.817,79 ; 184.340,26 ; 198.077,75 ; 198.077,75 ; 211.282,93 ; 215.938,78 ; 216.331,70 ; 216.331,70 ; 216.331,70 ; 399.649,99 ; 2.664.333,21 
PE;RIBEIRAO;2611804; 135.581,55 ; 149.139,71 ; 162.697,86 ; 176.256,02 ; 189.103,27 ; 203.194,62 ; 203.194,62 ; 216.740,93 ; 221.505,20 ; 221.918,54 ; 221.918,54 ; 221.918,54 ; 409.971,08 ; 2.733.140,48 
PE;RIO FORMOSO;2611903; 149.322,91 ; 164.255,20 ; 179.187,49 ; 194.119,78 ; 208.270,05 ; 223.788,87 ; 223.788,87 ; 238.708,13 ; 243.946,69 ; 244.409,35 ; 244.409,35 ; 244.409,35 ; 451.520,48 ; 3.010.136,52 
PE;SAIRE;2612000; 25.644,26 ; 28.208,69 ; 30.773,12 ; 33.337,54 ; 35.778,06 ; 38.435,41 ; 38.435,41 ; 40.997,77 ; 41.803,10 ; 41.964,31 ; 41.964,31 ; 41.964,31 ; 77.524,63 ; 516.830,92 
PE;SALGADINHO;2612109; 29.880,38 ; 32.868,42 ; 35.856,46 ; 38.844,50 ; 41.676,42 ; 44.781,53 ; 44.781,53 ; 47.766,96 ; 48.812,63 ; 48.907,46 ; 48.907,46 ; 48.907,46 ; 90.351,38 ; 602.342,59 
PE;SALGUEIRO;2612208; 147.525,12 ; 162.277,63 ; 177.030,14 ; 191.782,65 ; 205.705,22 ; 221.080,21 ; 221.080,21 ; 235.818,89 ; 241.517,91 ; 241.521,25 ; 241.521,25 ; 241.521,25 ; 446.185,02 ; 2.974.566,75 
PE;SALOA;2612307; 101.510,48 ; 111.661,53 ; 121.812,58 ; 131.963,62 ; 141.585,25 ; 152.133,38 ; 152.133,38 ; 162.275,61 ; 165.816,53 ; 166.148,62 ; 166.148,62 ; 166.148,62 ; 306.942,04 ; 2.046.280,26 
PE;SANTA CRUZ DA BAIXA VERDE;2612471; 66.154,61 ; 72.770,07 ; 79.385,54 ; 86.001,00 ; 92.269,83 ; 99.145,28 ; 99.145,28 ; 105.754,96 ; 108.077,06 ; 108.280,95 ; 108.280,95 ; 108.280,95 ; 200.037,62 ; 1.333.584,10 
PE;SANTA MARIA DA BOA VISTA;2612604; 256.206,07 ; 281.826,67 ; 307.447,28 ; 333.067,88 ; 357.340,07 ; 383.972,01 ; 383.972,01 ; 409.570,14 ; 418.619,68 ; 419.360,38 ; 419.360,38 ; 419.360,38 ; 774.724,05 ; 5.164.827,00 
PE;SANTA MARIA DO CAMBUCA;2612703; 64.924,22 ; 71.416,64 ; 77.909,06 ; 84.401,49 ; 90.553,77 ; 97.301,31 ; 97.301,31 ; 103.788,06 ; 106.066,69 ; 106.267,03 ; 106.267,03 ; 106.267,03 ; 196.317,12 ; 1.308.780,76 
PE;SANTA TEREZINHA;2612802; 53.693,11 ; 59.062,42 ; 64.431,73 ; 69.801,05 ; 74.888,83 ; 80.469,29 ; 80.469,29 ; 85.833,91 ; 87.720,54 ; 87.884,34 ; 87.884,34 ; 87.884,34 ; 162.357,04 ; 1.082.380,23 
PE;SAO CAITANO;2613107; 170.000,79 ; 187.000,87 ; 204.000,95 ; 221.001,03 ; 237.107,30 ; 254.777,76 ; 254.777,76 ; 271.762,94 ; 277.758,85 ; 278.257,90 ; 278.257,90 ; 278.257,90 ; 514.052,11 ; 3.427.014,06 
PE;SAO JOAO;2613206; 137.601,83 ; 151.362,01 ; 165.122,19 ; 178.882,37 ; 191.920,19 ; 206.222,16 ; 206.222,16 ; 219.970,30 ; 224.813,59 ; 225.226,13 ; 225.226,13 ; 225.226,13 ; 416.081,51 ; 2.773.876,70 
PE;SAO JOAQUIM DO MONTE;2613305; 57.282,68 ; 63.010,94 ; 68.739,21 ; 74.467,48 ; 79.873,47 ; 85.843,46 ; 85.843,46 ; 91.566,35 ; 93.779,21 ; 93.780,53 ; 93.780,53 ; 93.780,53 ; 173.249,63 ; 1.154.997,48 
PE;SAO JOSE DO BELMONTE;2613503; 84.047,11 ; 92.451,82 ; 100.856,53 ; 109.261,24 ; 117.259,63 ; 125.969,10 ; 125.969,10 ; 134.367,04 ; 137.006,44 ; 137.534,80 ; 137.534,80 ; 137.534,80 ; 254.081,02 ; 1.693.873,43 
PE;SAO JOSE DO EGITO;2613602; 78.811,96 ; 86.693,15 ; 94.574,35 ; 102.455,54 ; 109.893,33 ; 118.107,10 ; 118.107,10 ; 125.980,91 ; 129.025,51 ; 129.027,26 ; 129.027,26 ; 129.027,26 ; 238.364,25 ; 1.589.094,98 
PE;SAO LOURENCO DA MATA;2613701; 414.624,32 ; 456.086,75 ; 497.549,18 ; 539.011,62 ; 578.297,92 ; 621.392,46 ; 621.392,46 ; 662.818,63 ; 677.408,81 ; 678.655,09 ; 678.655,09 ; 678.655,09 ; 1.253.743,67 ; 8.358.291,09 
PE;SAO VICENTE FERRER;2613800; 81.420,51 ; 89.562,56 ; 97.704,61 ; 105.846,66 ; 113.560,98 ; 122.023,85 ; 122.023,85 ; 130.158,77 ; 133.027,06 ; 133.269,03 ; 133.269,03 ; 133.269,03 ; 246.200,47 ; 1.641.336,41 
PE;SERRA TALHADA;2613909; 416.338,57 ; 457.972,43 ; 499.606,29 ; 541.240,14 ; 580.694,35 ; 623.962,96 ; 623.962,96 ; 665.560,49 ; 680.161,10 ; 681.455,77 ; 681.455,77 ; 681.455,77 ; 1.258.917,64 ; 8.392.784,24 
PE;SERTANIA;2614105; 145.102,11 ; 159.612,32 ; 174.122,53 ; 188.632,74 ; 202.380,94 ; 217.462,68 ; 217.462,68 ; 231.960,19 ; 237.069,86 ; 237.502,82 ; 237.502,82 ; 237.502,82 ; 438.761,39 ; 2.925.075,90 
PE;SIRINHAEM;2614204; 201.295,44 ; 221.424,98 ; 241.554,52 ; 261.684,07 ; 280.756,12 ; 301.678,81 ; 301.678,81 ; 321.790,73 ; 328.882,75 ; 329.480,30 ; 329.480,30 ; 329.480,30 ; 608.680,09 ; 4.057.867,22 
PE;SOLIDAO;2614402; 45.180,90 ; 49.698,99 ; 54.217,08 ; 58.735,17 ; 63.017,05 ; 67.712,32 ; 67.712,32 ; 72.226,47 ; 73.807,51 ; 73.950,96 ; 73.950,96 ; 73.950,96 ; 136.616,60 ; 910.777,29 
PE;SURUBIM;2614501; 230.203,68 ; 253.224,04 ; 276.244,41 ; 299.264,78 ; 321.078,02 ; 345.003,75 ; 345.003,75 ; 368.004,00 ; 376.094,48 ; 376.795,21 ; 376.795,21 ; 376.795,21 ; 696.089,39 ; 4.640.595,93 
PE;TABIRA;2614600; 140.423,87 ; 154.466,26 ; 168.508,64 ; 182.551,03 ; 195.857,99 ; 210.451,96 ; 210.451,96 ; 224.482,09 ; 229.408,76 ; 229.843,58 ; 229.843,58 ; 229.843,58 ; 424.611,76 ; 2.830.745,06 
PE;TACAIMBO;2614709; 52.896,16 ; 58.185,78 ; 63.475,39 ; 68.765,01 ; 73.776,49 ; 79.274,72 ; 79.274,72 ; 84.559,71 ; 86.425,15 ; 86.580,61 ; 86.580,61 ; 86.580,61 ; 159.948,53 ; 1.066.323,49 
PE;TACARATU;2614808; 50.788,96 ; 55.867,86 ; 60.946,75 ; 66.025,65 ; 70.818,78 ; 76.112,01 ; 76.112,01 ; 81.186,15 ; 83.148,17 ; 83.149,32 ; 83.149,32 ; 83.149,32 ; 153.609,59 ; 1.024.063,89 
PE;TERRA NOVA;2615201; 60.629,94 ; 66.692,94 ; 72.755,93 ; 78.818,92 ; 84.564,13 ; 90.865,49 ; 90.865,49 ; 96.923,19 ; 99.052,10 ; 99.238,31 ; 99.238,31 ; 99.238,31 ; 183.332,31 ; 1.222.215,37 
PE;TIMBAUBA;2615300; 166.942,64 ; 183.636,91 ; 200.331,17 ; 217.025,44 ; 232.843,73 ; 250.194,98 ; 250.194,98 ; 266.874,65 ; 272.746,97 ; 273.250,68 ; 273.250,68 ; 273.250,68 ; 504.801,80 ; 3.365.345,31 
PE;TRIUNFO;2615706; 88.146,35 ; 96.960,98 ; 105.775,62 ; 114.590,25 ; 122.942,94 ; 132.104,05 ; 132.104,05 ; 140.910,98 ; 144.006,10 ; 144.276,83 ; 144.276,83 ; 144.276,83 ; 266.536,21 ; 1.776.908,02 
PE;TUPANATINGA;2615805; 148.130,79 ; 162.943,87 ; 177.756,94 ; 192.570,02 ; 206.604,77 ; 222.001,61 ; 222.001,61 ; 236.801,71 ; 242.022,07 ; 242.460,57 ; 242.460,57 ; 242.460,57 ; 447.920,32 ; 2.986.135,42 
PE;TUPARETAMA;2615904; 51.003,18 ; 56.103,49 ; 61.203,81 ; 66.304,13 ; 71.138,26 ; 76.438,23 ; 76.438,23 ; 81.534,11 ; 83.314,66 ; 83.480,27 ; 83.480,27 ; 83.480,27 ; 154.220,99 ; 1.028.139,90 
PE;VENTUROSA;2616001; 79.803,33 ; 87.783,67 ; 95.764,00 ; 103.744,33 ; 111.305,77 ; 119.600,28 ; 119.600,28 ; 127.573,63 ; 130.382,07 ; 130.621,73 ; 130.621,73 ; 130.621,73 ; 241.309,87 ; 1.608.732,42 
PE;VERDEJANTE;2616100; 52.788,58 ; 58.067,44 ; 63.346,29 ; 68.625,15 ; 73.626,98 ; 79.113,63 ; 79.113,63 ; 84.387,87 ; 86.244,56 ; 86.403,99 ; 86.403,99 ; 86.403,99 ; 159.622,26 ; 1.064.148,36 
PE;VERTENTE DO LERIO;2616183; 56.023,89 ; 61.626,28 ; 67.228,67 ; 72.831,06 ; 78.139,91 ; 83.962,47 ; 83.962,47 ; 89.559,97 ; 91.526,14 ; 91.699,09 ; 91.699,09 ; 91.699,09 ; 169.404,38 ; 1.129.362,51 
PE;VERTENTES;2616209; 103.347,12 ; 113.681,83 ; 124.016,54 ; 134.351,25 ; 144.145,29 ; 154.885,53 ; 154.885,53 ; 165.211,23 ; 168.831,34 ; 169.156,34 ; 169.156,34 ; 169.156,34 ; 312.498,48 ; 2.083.323,16 
PE;VITORIA DE SANTO ANTAO;2616407; 497.402,36 ; 547.142,60 ; 596.882,83 ; 646.623,07 ; 693.753,09 ; 745.451,00 ; 745.451,00 ; 795.147,73 ; 812.647,64 ; 814.145,46 ; 814.145,46 ; 814.145,46 ; 1.504.047,83 ; 10.026.985,53 
PE;XEXEU;2616506; 96.903,99 ; 106.594,39 ; 116.284,78 ; 125.975,18 ; 135.157,02 ; 145.228,85 ; 145.228,85 ; 154.910,77 ; 158.320,09 ; 158.611,91 ; 158.611,91 ; 158.611,91 ; 293.018,77 ; 1.953.458,42 
PI;AGUA BRANCA;2200202; 106.447,54 ; 117.092,30 ; 127.737,05 ; 138.381,80 ; 148.470,43 ; 159.532,30 ; 159.532,30 ; 170.167,79 ; 173.889,68 ; 174.230,34 ; 174.230,34 ; 174.230,34 ; 321.872,16 ; 2.145.814,37 
PI;ALAGOINHA DO PIAUI;2200251; 31.461,53 ; 34.607,69 ; 37.753,84 ; 40.899,99 ; 43.881,06 ; 47.151,01 ; 47.151,01 ; 50.294,41 ; 51.401,89 ; 51.496,13 ; 51.496,13 ; 51.496,13 ; 95.133,67 ; 634.224,49 
PI;ALEGRETE DO PIAUI;2200277; 33.197,68 ; 36.517,45 ; 39.837,22 ; 43.156,99 ; 46.302,79 ; 49.753,02 ; 49.753,02 ; 53.069,88 ; 54.236,42 ; 54.337,64 ; 54.337,64 ; 54.337,64 ; 100.383,06 ; 669.220,45 
PI;ALTO LONGA;2200301; 60.890,21 ; 66.979,23 ; 73.068,25 ; 79.157,27 ; 84.926,45 ; 91.255,37 ; 91.255,37 ; 97.339,06 ; 99.483,74 ; 99.665,01 ; 99.665,01 ; 99.665,01 ; 184.120,59 ; 1.227.470,57 
PI;ALTOS;2200400; 298.145,24 ; 327.959,76 ; 357.774,28 ; 387.588,81 ; 415.844,99 ; 446.828,28 ; 446.828,28 ; 476.616,84 ; 487.049,19 ; 487.996,54 ; 487.996,54 ; 487.996,54 ; 901.522,12 ; 6.010.147,41 
PI;ALVORADA DO GURGUEIA;2200459; 30.806,04 ; 33.886,65 ; 36.967,25 ; 40.047,86 ; 42.967,12 ; 46.168,71 ; 46.168,71 ; 49.246,62 ; 50.328,35 ; 50.422,94 ; 50.422,94 ; 50.422,94 ; 93.151,07 ; 621.007,20 
PI;AMARANTE;2200509; 105.124,74 ; 115.637,21 ; 126.149,68 ; 136.662,16 ; 146.620,89 ; 157.548,69 ; 157.548,69 ; 168.051,94 ; 171.768,80 ; 172.069,49 ; 172.069,49 ; 172.069,49 ; 317.880,23 ; 2.119.201,50 
PI;ANGICAL DO PIAUI;2200608; 49.979,51 ; 54.977,46 ; 59.975,41 ; 64.973,36 ; 69.710,04 ; 74.903,95 ; 74.903,95 ; 79.897,55 ; 81.646,43 ; 81.805,19 ; 81.805,19 ; 81.805,19 ; 151.126,46 ; 1.007.509,69 
PI;ANISIO DE ABREU;2200707; 67.997,01 ; 74.796,71 ; 81.596,41 ; 88.396,11 ; 94.838,81 ; 101.906,28 ; 101.906,28 ; 108.700,03 ; 111.093,28 ; 111.297,22 ; 111.297,22 ; 111.297,22 ; 205.609,87 ; 1.370.732,45 
PI;ANTONIO ALMEIDA;2200806; 23.654,03 ; 26.019,43 ; 28.384,84 ; 30.750,24 ; 32.991,65 ; 35.450,03 ; 35.450,03 ; 37.813,36 ; 38.645,04 ; 38.716,73 ; 38.716,73 ; 38.716,73 ; 71.525,08 ; 476.833,92 
PI;ARRAIAL;2201002; 38.232,06 ; 42.055,26 ; 45.878,47 ; 49.701,68 ; 53.324,51 ; 57.297,97 ; 57.297,97 ; 61.117,84 ; 62.461,41 ; 62.577,87 ; 62.577,87 ; 62.577,87 ; 115.606,01 ; 770.706,79 
PI;BARRA DALCANTARA;2201176; 25.460,93 ; 28.007,02 ; 30.553,12 ; 33.099,21 ; 35.511,63 ; 38.157,96 ; 38.157,96 ; 40.701,83 ; 41.598,74 ; 41.674,43 ; 41.674,43 ; 41.674,43 ; 76.989,12 ; 513.260,81 
PI;BARRAS;2201200; 359.542,12 ; 395.496,33 ; 431.450,55 ; 467.404,76 ; 501.468,12 ; 538.840,49 ; 538.840,49 ; 574.763,19 ; 587.449,79 ; 588.500,42 ; 588.500,42 ; 588.500,42 ; 1.087.192,44 ; 7.247.949,54 
PI;BATALHA;2201507; 142.674,13 ; 156.941,55 ; 171.208,96 ; 185.476,37 ; 198.993,15 ; 213.823,55 ; 213.823,55 ; 228.078,46 ; 233.115,24 ; 233.530,02 ; 233.530,02 ; 233.530,02 ; 431.422,07 ; 2.876.147,09 
PI;BELA VISTA DO PIAUI;2201556; 24.422,94 ; 26.865,23 ; 29.307,53 ; 31.749,82 ; 34.064,56 ; 36.602,51 ; 36.602,51 ; 39.042,68 ; 39.896,87 ; 39.974,81 ; 39.974,81 ; 39.974,81 ; 73.849,24 ; 492.328,32 
PI;BELEM DO PIAUI;2201572; 35.387,40 ; 38.926,14 ; 42.464,88 ; 46.003,62 ; 49.357,07 ; 53.034,76 ; 53.034,76 ; 56.570,42 ; 57.812,05 ; 57.921,54 ; 57.921,54 ; 57.921,54 ; 107.003,94 ; 713.359,66 
PI;BENEDITINOS;2201606; 83.821,79 ; 92.203,97 ; 100.586,15 ; 108.968,33 ; 116.911,32 ; 125.622,91 ; 125.622,91 ; 133.997,77 ; 136.940,04 ; 137.198,34 ; 137.198,34 ; 137.198,34 ; 253.459,45 ; 1.689.729,66 
PI;BETANIA DO PIAUI;2201739; 52.254,42 ; 57.479,87 ; 62.705,31 ; 67.930,75 ; 72.881,27 ; 78.312,91 ; 78.312,91 ; 83.533,77 ; 85.378,38 ; 85.530,39 ; 85.530,39 ; 85.530,39 ; 158.008,37 ; 1.053.389,13 
PI;BOM JESUS;2201903; 219.764,02 ; 241.740,42 ; 263.716,82 ; 285.693,22 ; 306.527,48 ; 329.360,50 ; 329.360,50 ; 351.317,87 ; 358.948,00 ; 359.697,95 ; 359.697,95 ; 359.697,95 ; 664.504,01 ; 4.430.026,69 
PI;BOM PRINCIPIO DO PIAUI;2201919; 35.975,57 ; 39.573,12 ; 43.170,68 ; 46.768,24 ; 50.177,07 ; 53.916,15 ; 53.916,15 ; 57.510,56 ; 58.776,40 ; 58.884,63 ; 58.884,63 ; 58.884,63 ; 108.783,14 ; 725.220,97 
PI;BONFIM DO PIAUI;2201929; 32.405,10 ; 35.645,61 ; 38.886,12 ; 42.126,64 ; 45.197,09 ; 48.565,12 ; 48.565,12 ; 51.802,80 ; 52.943,71 ; 53.040,58 ; 53.040,58 ; 53.040,58 ; 97.986,89 ; 653.245,94 
PI;BOQUEIRAO DO PIAUI;2201945; 43.794,04 ; 48.173,45 ; 52.552,85 ; 56.932,25 ; 61.081,77 ; 65.633,60 ; 65.633,60 ; 70.009,16 ; 71.550,50 ; 71.681,91 ; 71.681,91 ; 71.681,91 ; 132.424,76 ; 882.831,71 
PI;BRASILEIRA;2201960; 26.323,05 ; 28.955,36 ; 31.587,66 ; 34.219,97 ; 36.725,07 ; 39.452,77 ; 39.452,77 ; 42.082,96 ; 42.909,62 ; 43.075,08 ; 43.075,08 ; 43.075,08 ; 79.576,67 ; 530.511,14 
PI;BREJO DO PIAUI;2201988; 27.326,77 ; 30.059,44 ; 32.792,12 ; 35.524,80 ; 38.113,80 ; 40.954,23 ; 40.954,23 ; 43.684,51 ; 44.648,74 ; 44.728,59 ; 44.728,59 ; 44.728,59 ; 82.631,36 ; 550.875,77 
PI;BURITI DOS LOPES;2202000; 139.803,61 ; 153.783,97 ; 167.764,33 ; 181.744,69 ; 194.991,23 ; 209.521,97 ; 209.521,97 ; 223.490,11 ; 228.409,90 ; 228.829,90 ; 228.829,90 ; 228.829,90 ; 422.739,09 ; 2.818.260,57 
PI;BURITI DOS MONTES;2202026; 93.710,68 ; 103.081,75 ; 112.452,82 ; 121.823,89 ; 130.706,15 ; 140.443,83 ; 140.443,83 ; 149.806,75 ; 153.076,30 ; 153.382,28 ; 153.382,28 ; 153.382,28 ; 283.357,57 ; 1.889.050,41 
PI;CAJAZEIRAS DO PIAUI;2202075; 20.691,51 ; 22.760,66 ; 24.829,81 ; 26.898,96 ; 28.859,23 ; 31.010,03 ; 31.010,03 ; 33.077,36 ; 33.808,74 ; 33.868,10 ; 33.868,10 ; 33.868,10 ; 62.567,75 ; 417.118,38 
PI;CAJUEIRO DA PRAIA;2202083; 67.544,89 ; 74.299,38 ; 81.053,87 ; 87.808,36 ; 94.209,57 ; 101.229,03 ; 101.229,03 ; 107.977,63 ; 110.342,85 ; 110.555,94 ; 110.555,94 ; 110.555,94 ; 204.240,43 ; 1.361.602,86 
PI;CALDEIRAO GRANDE DO PIAUI;2202091; 39.139,45 ; 43.053,40 ; 46.967,34 ; 50.881,29 ; 54.591,01 ; 58.658,12 ; 58.658,12 ; 62.568,66 ; 63.935,45 ; 64.062,18 ; 64.062,18 ; 64.062,18 ; 118.348,12 ; 788.987,50 
PI;CAMPINAS DO PIAUI;2202109; 34.754,96 ; 38.230,46 ; 41.705,96 ; 45.181,45 ; 48.474,64 ; 52.086,85 ; 52.086,85 ; 55.559,30 ; 56.782,26 ; 56.886,76 ; 56.886,76 ; 56.886,76 ; 105.092,29 ; 700.615,30 
PI;CAMPO ALEGRE DO FIDALGO;2202117; 34.371,08 ; 37.808,19 ; 41.245,30 ; 44.682,41 ; 47.938,66 ; 51.511,39 ; 51.511,39 ; 54.945,49 ; 56.159,91 ; 56.258,94 ; 56.258,94 ; 56.258,94 ; 103.932,46 ; 692.883,10 
PI;CAMPO GRANDE DO PIAUI;2202133; 39.299,43 ; 43.229,37 ; 47.159,31 ; 51.089,26 ; 54.813,77 ; 58.897,78 ; 58.897,78 ; 62.824,30 ; 64.200,02 ; 64.324,37 ; 64.324,37 ; 64.324,37 ; 118.832,49 ; 792.216,62 
PI;CAMPO MAIOR;2202208; 309.763,54 ; 340.739,90 ; 371.716,25 ; 402.692,60 ; 432.045,77 ; 464.239,52 ; 464.239,52 ; 495.188,82 ; 506.065,57 ; 507.017,02 ; 507.017,02 ; 507.017,02 ; 936.660,46 ; 6.244.403,01 
PI;CAPITAO GERVASIO OLIVEIRA;2202455; 11.573,86 ; 12.731,25 ; 13.888,64 ; 15.046,02 ; 16.147,52 ; 17.346,81 ; 17.346,81 ; 18.503,27 ; 18.866,74 ; 18.939,49 ; 18.939,49 ; 18.939,49 ; 34.988,71 ; 233.258,10 
PI;CARAUBAS DO PIAUI;2202539; 18.041,94 ; 19.846,13 ; 21.650,32 ; 23.454,52 ; 25.157,26 ; 27.037,54 ; 27.037,54 ; 28.840,04 ; 29.537,03 ; 29.537,42 ; 29.537,42 ; 29.537,42 ; 54.567,27 ; 363.781,85 
PI;CARIDADE DO PIAUI;2202554; 56.252,97 ; 61.878,27 ; 67.503,56 ; 73.128,86 ; 78.459,24 ; 84.305,74 ; 84.305,74 ; 89.926,13 ; 91.902,12 ; 92.074,22 ; 92.074,22 ; 92.074,22 ; 170.097,41 ; 1.133.982,70 
PI;COCAL;2202703; 185.874,60 ; 204.462,05 ; 223.049,51 ; 241.636,97 ; 259.252,19 ; 278.568,84 ; 278.568,84 ; 297.140,10 ; 303.650,43 ; 304.235,47 ; 304.235,47 ; 304.235,47 ; 562.042,94 ; 3.746.952,88 
PI;COCAL DOS ALVES;2202729; 42.956,97 ; 47.252,68 ; 51.548,38 ; 55.844,06 ; 59.915,92 ; 64.379,49 ; 64.379,49 ; 68.671,46 ; 70.168,63 ; 70.310,26 ; 70.310,26 ; 70.310,26 ; 129.890,80 ; 865.938,66 
PI;COLONIA DO GURGUEIA;2202752; 40.682,55 ; 44.750,81 ; 48.819,06 ; 52.887,32 ; 56.742,13 ; 60.970,46 ; 60.970,46 ; 65.035,16 ; 66.466,60 ; 66.588,99 ; 66.588,99 ; 66.588,99 ; 123.016,14 ; 820.107,66 
PI;COLONIA DO PIAUI;2202778; 48.279,43 ; 53.107,38 ; 57.935,32 ; 62.763,26 ; 67.337,95 ; 72.355,84 ; 72.355,84 ; 77.179,56 ; 78.876,90 ; 79.023,38 ; 79.023,38 ; 79.023,38 ; 145.987,35 ; 973.248,97 
PI;CONCEICAO DO CANINDE;2202802; 31.540,89 ; 34.694,98 ; 37.849,07 ; 41.003,16 ; 43.991,81 ; 47.269,95 ; 47.269,95 ; 50.421,28 ; 51.531,03 ; 51.625,97 ; 51.625,97 ; 51.625,97 ; 95.373,53 ; 635.823,56 
PI;CORRENTE;2202901; 136.259,86 ; 149.885,85 ; 163.511,83 ; 177.137,82 ; 190.047,20 ; 204.210,66 ; 204.210,66 ; 217.824,70 ; 222.632,43 ; 223.030,83 ; 223.030,83 ; 223.030,83 ; 412.025,92 ; 2.746.839,42 
PI;CRISTALANDIA DO PIAUI;2203008; 50.185,12 ; 55.203,63 ; 60.222,15 ; 65.240,66 ; 69.994,95 ; 75.211,64 ; 75.211,64 ; 80.225,75 ; 81.998,73 ; 82.143,50 ; 82.143,50 ; 82.143,50 ; 151.751,44 ; 1.011.676,21 
PI;CRISTINO CASTRO;2203107; 74.445,13 ; 81.889,65 ; 89.334,16 ; 96.778,67 ; 103.832,48 ; 111.570,04 ; 111.570,04 ; 119.008,05 ; 121.626,87 ; 121.851,34 ; 121.851,34 ; 121.851,34 ; 225.107,50 ; 1.500.716,61 
PI;CURIMATA;2203206; 70.376,54 ; 77.414,20 ; 84.451,85 ; 91.489,51 ; 102.006,81 ; 106.434,73 ; 106.434,73 ; 113.530,38 ; 116.032,42 ; 116.243,32 ; 116.243,32 ; 116.243,32 ; 214.747,26 ; 1.431.648,39 
PI;CURRAIS;2203230; 52.143,92 ; 57.358,31 ; 62.572,70 ; 67.787,10 ; 72.727,71 ; 78.147,45 ; 78.147,45 ; 83.357,28 ; 85.192,63 ; 85.348,97 ; 85.348,97 ; 85.348,97 ; 157.673,20 ; 1.051.154,66 
PI;CURRAL NOVO DO PIAUI;2203271; 50.558,88 ; 55.614,77 ; 60.670,66 ; 65.726,55 ; 70.516,42 ; 75.771,84 ; 75.771,84 ; 80.823,30 ; 82.607,81 ; 82.755,10 ; 82.755,10 ; 82.755,10 ; 152.881,31 ; 1.019.208,68 
PI;CURRALINHOS;2203255; 33.809,69 ; 37.190,66 ; 40.571,63 ; 43.952,60 ; 47.155,83 ; 50.670,09 ; 50.670,09 ; 54.048,10 ; 55.240,96 ; 55.339,86 ; 55.339,86 ; 55.339,86 ; 102.234,56 ; 681.563,79 
PI;DEMERVAL LOBAO;2203305; 127.160,76 ; 139.876,84 ; 152.592,92 ; 165.308,99 ; 177.364,01 ; 190.575,90 ; 190.575,90 ; 203.280,96 ; 207.697,30 ; 208.130,06 ; 208.130,06 ; 208.130,06 ; 384.498,32 ; 2.563.322,08 
PI;DOM EXPEDITO LOPES;2203404; 39.345,83 ; 43.280,41 ; 47.215,00 ; 51.149,58 ; 54.878,23 ; 58.967,25 ; 58.967,25 ; 62.898,40 ; 64.278,38 ; 64.400,60 ; 64.400,60 ; 64.400,60 ; 118.973,31 ; 793.155,44 
PI;DOM INOCENCIO;2203453; 48.925,62 ; 53.818,18 ; 58.710,75 ; 63.603,31 ; 68.238,31 ; 73.324,06 ; 73.324,06 ; 78.212,33 ; 79.940,46 ; 80.081,89 ; 80.081,89 ; 80.081,89 ; 147.942,85 ; 986.285,60 
PI;DOMINGOS MOURAO;2203420; 36.962,87 ; 40.659,16 ; 44.355,45 ; 48.051,73 ; 51.554,65 ; 55.395,95 ; 55.395,95 ; 59.089,01 ; 60.384,64 ; 60.500,12 ; 60.500,12 ; 60.500,12 ; 111.767,60 ; 745.117,37 
PI;ELESBAO VELOSO;2203503; 59.058,94 ; 64.964,83 ; 70.870,73 ; 76.776,62 ; 77.724,87 ; 87.349,02 ; 87.349,02 ; 93.172,29 ; 95.221,11 ; 95.398,13 ; 95.398,13 ; 95.398,13 ; 176.237,98 ; 1.174.919,80 
PI;ELISEU MARTINS;2203602; 23.573,47 ; 25.930,82 ; 28.288,16 ; 30.645,51 ; 32.879,29 ; 35.329,30 ; 35.329,30 ; 37.684,59 ; 38.513,28 ; 38.584,85 ; 38.584,85 ; 38.584,85 ; 71.281,45 ; 475.209,72 
PI;ESPERANTINA;2203701; 246.418,58 ; 271.060,43 ; 295.702,29 ; 320.344,15 ; 343.691,60 ; 369.304,28 ; 369.304,28 ; 393.924,56 ; 402.605,60 ; 403.337,76 ; 403.337,76 ; 403.337,76 ; 745.123,96 ; 4.967.493,01 
PI;FARTURA DO PIAUI;2203750; 39.215,54 ; 43.137,10 ; 47.058,65 ; 50.980,21 ; 54.696,69 ; 58.772,04 ; 58.772,04 ; 62.690,18 ; 64.063,80 ; 64.187,15 ; 64.187,15 ; 64.187,15 ; 118.579,00 ; 790.526,70 
PI;FLORES DO PIAUI;2203800; 24.741,29 ; 27.215,42 ; 29.689,55 ; 32.163,67 ; 34.507,68 ; 37.079,39 ; 37.079,39 ; 39.551,35 ; 40.424,96 ; 40.496,73 ; 40.496,73 ; 40.496,73 ; 74.813,44 ; 498.756,33 
PI;FLORESTA DO PIAUI;2203859; 18.999,61 ; 20.899,58 ; 22.799,54 ; 24.699,50 ; 26.500,13 ; 28.474,58 ; 28.474,58 ; 30.372,88 ; 31.038,51 ; 31.098,17 ; 31.098,17 ; 31.098,17 ; 57.450,60 ; 383.004,02 
PI;FLORIANO;2203909; 262.197,89 ; 288.417,68 ; 314.637,47 ; 340.857,25 ; 365.705,14 ; 392.953,88 ; 392.953,88 ; 419.150,80 ; 428.338,33 ; 429.160,18 ; 429.160,18 ; 429.160,18 ; 792.828,16 ; 5.285.521,02 
PI;FRANCINOPOLIS;2204006; 33.939,92 ; 37.333,92 ; 40.727,91 ; 44.121,90 ; 47.338,42 ; 50.865,50 ; 50.865,50 ; 54.256,54 ; 55.445,54 ; 55.552,16 ; 55.552,16 ; 55.552,16 ; 102.626,75 ; 684.178,38 
PI;FRANCISCO AYRES;2204105; 13.918,28 ; 15.310,11 ; 16.701,94 ; 18.093,77 ; 19.407,38 ; 20.857,86 ; 20.857,86 ; 22.248,38 ; 22.786,05 ; 22.786,37 ; 22.786,37 ; 22.786,37 ; 42.095,42 ; 280.636,16 
PI;FRANCISCO MACEDO;2204154; 23.875,76 ; 26.263,33 ; 28.650,91 ; 31.038,48 ; 33.300,67 ; 35.782,28 ; 35.782,28 ; 38.167,76 ; 39.009,17 ; 39.079,85 ; 39.079,85 ; 39.079,85 ; 72.195,91 ; 481.306,10 
PI;FRANCISCO SANTOS;2204204; 19.696,93 ; 21.666,62 ; 23.636,31 ; 25.606,00 ; 27.464,95 ; 29.517,69 ; 29.517,69 ; 31.485,54 ; 32.246,47 ; 32.246,89 ; 32.246,89 ; 32.246,89 ; 59.572,73 ; 397.151,60 
PI;FRONTEIRAS;2204303; 62.483,56 ; 68.731,92 ; 74.980,27 ; 81.228,63 ; 87.150,33 ; 93.643,69 ; 93.643,69 ; 99.886,60 ; 102.073,10 ; 102.271,52 ; 102.271,52 ; 102.271,52 ; 188.935,83 ; 1.259.572,18 
PI;GEMINIANO;2204352; 20.730,42 ; 22.803,47 ; 24.876,51 ; 26.949,55 ; 28.922,46 ; 31.070,59 ; 31.070,59 ; 33.141,96 ; 33.792,96 ; 33.923,30 ; 33.923,30 ; 33.923,30 ; 62.669,71 ; 417.798,12 
PI;GILBUES;2204402; 69.098,73 ; 76.008,60 ; 82.918,47 ; 89.828,35 ; 96.376,56 ; 103.557,69 ; 103.557,69 ; 110.461,53 ; 112.883,56 ; 113.099,48 ; 113.099,48 ; 113.099,48 ; 208.939,35 ; 1.392.928,97 
PI;GUADALUPE;2204501; 60.070,72 ; 66.077,80 ; 72.084,87 ; 78.091,94 ; 83.783,31 ; 90.027,18 ; 90.027,18 ; 96.028,99 ; 98.146,14 ; 98.323,82 ; 98.323,82 ; 98.323,82 ; 181.642,87 ; 1.210.952,46 
PI;GUARIBAS;2204550; 31.744,80 ; 34.919,28 ; 38.093,76 ; 41.268,24 ; 44.275,53 ; 47.575,39 ; 47.575,39 ; 50.747,09 ; 51.869,85 ; 51.960,33 ; 51.960,33 ; 51.960,33 ; 95.991,23 ; 639.941,55 
PI;ILHA GRANDE;2204659; 27.454,99 ; 30.200,49 ; 32.945,99 ; 35.691,48 ; 38.304,33 ; 41.149,31 ; 41.149,31 ; 43.892,59 ; 44.754,77 ; 44.927,38 ; 44.927,38 ; 44.927,38 ; 82.998,60 ; 553.324,00 
PI;INHUMA;2204709; 68.574,65 ; 75.432,11 ; 82.289,58 ; 89.147,04 ; 95.644,54 ; 102.772,00 ; 102.772,00 ; 109.623,47 ; 112.036,41 ; 112.242,64 ; 112.242,64 ; 112.242,64 ; 207.356,43 ; 1.382.376,15 
PI;IPIRANGA DO PIAUI;2204808; 61.968,09 ; 68.164,89 ; 74.361,70 ; 80.558,51 ; 86.430,61 ; 92.870,97 ; 92.870,97 ; 99.062,36 ; 101.237,69 ; 101.428,51 ; 101.428,51 ; 101.428,51 ; 187.378,47 ; 1.249.189,79 
PI;ISAIAS COELHO;2204907; 27.341,23 ; 30.075,36 ; 32.809,48 ; 35.543,60 ; 38.123,99 ; 40.973,40 ; 40.973,40 ; 43.704,96 ; 44.761,19 ; 44.761,79 ; 44.761,79 ; 44.761,79 ; 82.692,70 ; 551.284,68 
PI;ITAINOPOLIS;2205003; 56.562,58 ; 62.218,84 ; 67.875,10 ; 73.531,35 ; 78.890,98 ; 84.769,73 ; 84.769,73 ; 90.421,05 ; 92.408,64 ; 92.581,06 ; 92.581,06 ; 92.581,06 ; 171.033,74 ; 1.140.224,92 
PI;ITAUEIRA;2205102; 38.676,23 ; 42.543,85 ; 46.411,47 ; 50.279,09 ; 53.944,21 ; 57.963,70 ; 57.963,70 ; 61.827,95 ; 63.185,09 ; 63.304,66 ; 63.304,66 ; 63.304,66 ; 116.948,69 ; 779.657,96 
PI;JACOBINA DO PIAUI;2205151; 69.442,53 ; 76.386,78 ; 83.331,03 ; 90.275,28 ; 96.855,46 ; 104.072,79 ; 104.072,79 ; 111.010,98 ; 113.450,25 ; 113.662,74 ; 113.662,74 ; 113.662,74 ; 209.979,91 ; 1.399.866,02 
PI;JAICOS;2205201; 53.302,05 ; 58.632,26 ; 63.962,46 ; 69.292,66 ; 74.323,00 ; 79.878,11 ; 79.878,11 ; 85.203,32 ; 87.262,41 ; 87.263,63 ; 87.263,63 ; 87.263,63 ; 161.210,35 ; 1.074.735,62 
PI;JARDIM DO MULATO;2205250; 21.858,15 ; 24.043,97 ; 26.229,78 ; 28.415,60 ; 30.486,35 ; 32.758,45 ; 32.758,45 ; 34.942,35 ; 35.715,25 ; 35.777,71 ; 35.777,71 ; 35.777,71 ; 66.095,55 ; 440.637,03 
PI;JOAO COSTA;2205359; 15.765,04 ; 17.341,54 ; 18.918,05 ; 20.494,55 ; 21.988,27 ; 23.626,84 ; 23.626,84 ; 25.201,96 ; 25.757,98 ; 25.804,27 ; 25.804,27 ; 25.804,27 ; 47.670,68 ; 317.804,56 
PI;JOSE DE FREITAS;2205508; 228.953,39 ; 251.848,72 ; 274.744,06 ; 297.639,40 ; 318.747,35 ; 342.983,26 ; 342.983,26 ; 365.848,81 ; 373.931,94 ; 374.593,89 ; 374.593,89 ; 374.593,89 ; 692.022,69 ; 4.613.484,55 
PI;LAGOA DE SAO FRANCISCO;2205573; 57.734,23 ; 63.507,65 ; 69.281,08 ; 75.054,50 ; 80.525,30 ; 86.525,70 ; 86.525,70 ; 92.294,08 ; 94.321,73 ; 94.498,70 ; 94.498,70 ; 94.498,70 ; 174.576,37 ; 1.163.842,44 
PI;LAGOA DO PIAUI;2205581; 15.268,34 ; 16.795,18 ; 18.322,01 ; 19.848,85 ; 21.301,95 ; 22.884,06 ; 22.884,06 ; 24.409,67 ; 24.889,13 ; 24.985,14 ; 24.985,14 ; 24.985,14 ; 46.157,41 ; 307.716,08 
PI;LAGOA DO SITIO;2205599; 22.745,15 ; 25.019,67 ; 27.294,18 ; 29.568,70 ; 31.723,47 ; 34.087,78 ; 34.087,78 ; 36.360,29 ; 37.164,72 ; 37.229,58 ; 37.229,58 ; 37.229,58 ; 68.777,72 ; 458.518,20 
PI;LANDRI SALES;2205607; 47.072,77 ; 51.780,05 ; 56.487,33 ; 61.194,60 ; 65.655,68 ; 70.547,62 ; 70.547,62 ; 75.250,79 ; 76.898,97 ; 77.047,63 ; 77.047,63 ; 77.047,63 ; 142.337,36 ; 948.915,68 
PI;LUZILANDIA;2205805; 179.992,00 ; 197.991,20 ; 215.990,40 ; 233.989,60 ; 251.043,61 ; 269.751,72 ; 269.751,72 ; 287.735,16 ; 294.073,50 ; 294.610,52 ; 294.610,52 ; 294.610,52 ; 544.261,85 ; 3.628.412,32 
PI;MADEIRO;2205854; 61.065,40 ; 67.171,94 ; 73.278,48 ; 79.385,02 ; 85.170,33 ; 91.517,80 ; 91.517,80 ; 97.618,99 ; 99.774,10 ; 99.952,20 ; 99.952,20 ; 99.952,20 ; 184.651,15 ; 1.231.007,61 
PI;MARCOLANDIA;2205953; 33.204,66 ; 36.525,13 ; 39.845,60 ; 43.166,06 ; 46.326,13 ; 49.766,87 ; 49.766,87 ; 53.084,66 ; 54.127,39 ; 54.336,16 ; 54.336,16 ; 54.336,16 ; 100.380,32 ; 669.202,17 
PI;MATIAS OLIMPIO;2206100; 75.067,15 ; 82.573,87 ; 90.080,58 ; 97.587,30 ; 104.699,16 ; 112.502,03 ; 112.502,03 ; 120.002,17 ; 122.650,97 ; 122.870,30 ; 122.870,30 ; 122.870,30 ; 226.989,92 ; 1.513.266,08 
PI;MIGUEL ALVES;2206209; 270.024,10 ; 297.026,51 ; 324.028,92 ; 351.031,33 ; 376.611,31 ; 404.680,55 ; 404.680,55 ; 431.659,25 ; 441.209,08 ; 441.979,14 ; 441.979,14 ; 441.979,14 ; 816.509,83 ; 5.443.398,85 
PI;MIGUEL LEAO;2206308; 4.640,94 ; 5.105,03 ; 5.569,12 ; 6.033,22 ; 6.474,94 ; 6.955,80 ; 6.955,80 ; 7.419,52 ; 7.565,25 ; 7.594,44 ; 7.594,44 ; 7.594,44 ; 14.029,93 ; 93.532,87 
PI;MILTON BRANDAO;2206357; 32.334,28 ; 35.567,71 ; 38.801,14 ; 42.034,57 ; 45.098,11 ; 48.458,94 ; 48.458,94 ; 51.689,53 ; 52.829,70 ; 52.924,85 ; 52.924,85 ; 52.924,85 ; 97.773,08 ; 651.820,55 
PI;MONTE ALEGRE DO PIAUI;2206605; 68.366,68 ; 75.203,35 ; 82.040,01 ; 88.876,68 ; 95.353,29 ; 102.460,02 ; 102.460,02 ; 109.290,68 ; 111.707,36 ; 111.903,39 ; 111.903,39 ; 111.903,39 ; 206.729,70 ; 1.378.197,96 
PI;MORRO CABECA NO TEMPO;2206654; 31.817,81 ; 34.999,59 ; 38.181,38 ; 41.363,16 ; 44.377,63 ; 47.684,88 ; 47.684,88 ; 50.863,87 ; 51.986,98 ; 52.079,61 ; 52.079,61 ; 52.079,61 ; 96.211,58 ; 641.410,59 
PI;MORRO DO CHAPEU DO PIAUI;2206670; 30.612,84 ; 33.674,12 ; 36.735,41 ; 39.796,69 ; 42.685,86 ; 45.876,21 ; 45.876,21 ; 48.934,62 ; 50.117,20 ; 50.117,92 ; 50.117,92 ; 50.117,92 ; 92.587,57 ; 617.250,49 
PI;NAZARE DO PIAUI;2206704; 38.075,57 ; 41.883,13 ; 45.690,69 ; 49.498,25 ; 53.105,72 ; 57.063,33 ; 57.063,33 ; 60.867,55 ; 62.210,30 ; 62.322,22 ; 62.322,22 ; 62.322,22 ; 115.133,73 ; 767.558,26 
PI;NOSSA SENHORA DE NAZARE;2206753; 66.900,08 ; 73.590,09 ; 80.280,09 ; 86.970,10 ; 93.309,10 ; 100.262,38 ; 100.262,38 ; 106.946,53 ; 109.299,25 ; 109.501,58 ; 109.501,58 ; 109.501,58 ; 202.292,61 ; 1.348.617,35 
PI;NOVO SANTO ANTONIO;2206951; 21.558,57 ; 23.714,43 ; 25.870,29 ; 28.026,14 ; 30.068,89 ; 32.309,57 ; 32.309,57 ; 34.463,54 ; 35.222,41 ; 35.286,99 ; 35.286,99 ; 35.286,99 ; 65.189,00 ; 434.593,38 
PI;OLHO DAGUA DO PIAUI;2207108; 19.626,31 ; 21.588,95 ; 23.551,58 ; 25.514,21 ; 27.374,04 ; 29.413,75 ; 29.413,75 ; 31.374,67 ; 32.064,10 ; 32.124,14 ; 32.124,14 ; 32.124,14 ; 59.345,96 ; 395.639,74 
PI;PADRE MARCOS;2207207; 48.481,61 ; 53.329,77 ; 58.177,93 ; 63.026,09 ; 67.620,26 ; 72.658,93 ; 72.658,93 ; 77.502,86 ; 79.204,11 ; 79.353,96 ; 79.353,96 ; 79.353,96 ; 146.598,07 ; 977.320,44 
PI;PAES LANDIM;2207306; 14.789,09 ; 16.268,00 ; 17.746,91 ; 19.225,82 ; 20.633,32 ; 22.165,77 ; 22.165,77 ; 23.643,49 ; 24.107,95 ; 24.200,89 ; 24.200,89 ; 24.200,89 ; 44.708,60 ; 298.057,39 
PI;PAJEU DO PIAUI;2207355; 15.359,94 ; 16.895,93 ; 18.431,93 ; 19.967,92 ; 21.423,45 ; 23.019,77 ; 23.019,77 ; 24.554,42 ; 25.094,42 ; 25.141,03 ; 25.141,03 ; 25.141,03 ; 46.445,40 ; 309.636,04 
PI;PALMEIRA DO PIAUI;2207405; 18.052,15 ; 19.857,36 ; 21.662,58 ; 23.467,79 ; 25.185,79 ; 27.056,40 ; 27.056,40 ; 28.860,17 ; 29.427,08 ; 29.540,56 ; 29.540,56 ; 29.540,56 ; 54.573,06 ; 363.820,46 
PI;PAQUETA;2207553; 42.800,61 ; 47.080,67 ; 51.360,74 ; 55.640,80 ; 59.696,27 ; 64.144,76 ; 64.144,76 ; 68.421,08 ; 69.927,21 ; 70.055,84 ; 70.055,84 ; 70.055,84 ; 129.420,77 ; 862.805,19 
PI;PARNAGUA;2207603; 34.090,94 ; 37.500,04 ; 40.909,13 ; 44.318,22 ; 47.562,61 ; 51.095,22 ; 51.095,22 ; 54.501,56 ; 55.572,14 ; 55.786,46 ; 55.786,46 ; 55.786,46 ; 103.059,60 ; 687.064,06 
PI;PASSAGEM FRANCA DO PIAUI;2207751; 40.636,55 ; 44.700,20 ; 48.763,86 ; 52.827,51 ; 56.677,70 ; 60.901,43 ; 60.901,43 ; 64.961,53 ; 66.394,11 ; 66.513,99 ; 66.513,99 ; 66.513,99 ; 122.877,58 ; 819.183,87 
PI;PATOS DO PIAUI;2207777; 39.599,71 ; 43.559,68 ; 47.519,65 ; 51.479,62 ; 55.231,42 ; 59.347,51 ; 59.347,51 ; 63.304,01 ; 64.701,02 ; 64.816,98 ; 64.816,98 ; 64.816,98 ; 119.742,54 ; 798.283,61 
PI;PAU DARCO DO PIAUI;2207793; 23.244,01 ; 25.568,41 ; 27.892,81 ; 30.217,21 ; 32.419,97 ; 34.835,59 ; 34.835,59 ; 37.157,97 ; 37.973,21 ; 38.045,40 ; 38.045,40 ; 38.045,40 ; 70.284,87 ; 468.565,84 
PI;PAVUSSU;2207850; 21.039,86 ; 23.143,85 ; 25.247,84 ; 27.351,82 ; 29.345,19 ; 31.532,12 ; 31.532,12 ; 33.634,26 ; 34.377,17 ; 34.438,22 ; 34.438,22 ; 34.438,22 ; 63.620,98 ; 424.139,87 
PI;PEDRO II;2207900; 188.119,75 ; 206.931,73 ; 225.743,70 ; 244.555,68 ; 262.379,10 ; 281.932,50 ; 281.932,50 ; 300.728,00 ; 307.358,70 ; 307.914,64 ; 307.914,64 ; 307.914,64 ; 568.839,81 ; 3.792.265,39 
PI;PEDRO LAURENTINO;2207934; 13.546,45 ; 14.901,10 ; 16.255,74 ; 17.610,39 ; 18.893,96 ; 20.301,90 ; 20.301,90 ; 21.655,36 ; 22.132,35 ; 22.172,80 ; 22.172,80 ; 22.172,80 ; 40.961,91 ; 273.079,46 
PI;PIAUÍ;22; 4.355.509,59 ; 4.791.060,55 ; 5.226.611,51 ; 5.662.162,47 ; 6.087.620,53 ; 6.530.741,18 ; 6.530.741,18 ; 6.966.123,93 ; 7.104.212,60 ; 7.130.520,59 ; 7.130.520,59 ; 7.130.520,59 ; 13.172.884,47 ; 87.819.229,78 
PI;PICOS;2208007; 267.811,86 ; 294.593,04 ; 321.374,23 ; 348.155,42 ; 373.531,25 ; 401.366,46 ; 401.366,46 ; 428.124,23 ; 437.545,91 ; 438.352,91 ; 438.352,91 ; 438.352,91 ; 809.810,76 ; 5.398.738,35 
PI;PIRACURUCA;2208304; 82.250,02 ; 90.475,03 ; 98.700,03 ; 106.925,03 ; 114.687,27 ; 123.259,37 ; 123.259,37 ; 131.476,66 ; 134.654,05 ; 134.655,91 ; 134.655,91 ; 134.655,91 ; 248.762,58 ; 1.658.417,14 
PI;PIRIPIRI;2208403; 371.012,78 ; 408.114,05 ; 445.215,33 ; 482.316,61 ; 517.472,72 ; 556.032,89 ; 556.032,89 ; 593.101,75 ; 606.138,31 ; 607.269,95 ; 607.269,95 ; 607.269,95 ; 1.121.867,15 ; 7.479.114,33 
PI;PORTO;2208502; 57.999,07 ; 63.798,98 ; 69.598,88 ; 75.398,79 ; 80.918,29 ; 86.928,52 ; 86.928,52 ; 92.723,75 ; 94.545,14 ; 94.909,75 ; 94.909,75 ; 94.909,75 ; 175.335,74 ; 1.168.904,93 
PI;PORTO ALEGRE DO PIAUI;2208551; 17.426,29 ; 19.168,92 ; 20.911,55 ; 22.654,18 ; 24.305,56 ; 26.116,60 ; 26.116,60 ; 27.857,71 ; 28.469,92 ; 28.523,17 ; 28.523,17 ; 28.523,17 ; 52.693,55 ; 351.290,39 
PI;PRATA DO PIAUI;2208601; 21.706,96 ; 23.877,66 ; 26.048,36 ; 28.219,05 ; 30.276,15 ; 32.532,03 ; 32.532,03 ; 34.700,84 ; 35.462,20 ; 35.529,60 ; 35.529,60 ; 35.529,60 ; 65.637,18 ; 437.581,26 
PI;QUEIMADA NOVA;2208650; 49.234,06 ; 54.157,47 ; 59.080,87 ; 64.004,28 ; 68.668,98 ; 73.786,43 ; 73.786,43 ; 78.705,53 ; 80.440,19 ; 80.586,30 ; 80.586,30 ; 80.586,30 ; 148.874,68 ; 992.497,82 
PI;REDENCAO DO GURGUEIA;2208700; 54.111,11 ; 59.522,22 ; 64.933,33 ; 70.344,44 ; 75.470,88 ; 81.095,51 ; 81.095,51 ; 86.501,88 ; 88.411,74 ; 88.569,40 ; 88.569,40 ; 88.569,40 ; 163.622,62 ; 1.090.817,44 
PI;REGENERACAO;2208809; 119.254,92 ; 131.180,41 ; 143.105,90 ; 155.031,39 ; 166.329,18 ; 178.725,45 ; 178.725,45 ; 190.640,48 ; 194.853,20 ; 195.197,56 ; 195.197,56 ; 195.197,56 ; 360.606,90 ; 2.404.045,96 
PI;RIACHO FRIO;2208858; 58.408,54 ; 64.249,40 ; 70.090,25 ; 75.931,11 ; 81.465,13 ; 87.536,12 ; 87.536,12 ; 93.371,87 ; 95.429,14 ; 95.603,02 ; 95.603,02 ; 95.603,02 ; 176.616,49 ; 1.177.443,23 
PI;RIBEIRA DO PIAUI;2208874; 24.370,87 ; 26.807,96 ; 29.245,05 ; 31.682,13 ; 33.991,14 ; 36.524,27 ; 36.524,27 ; 38.959,23 ; 39.818,99 ; 39.890,35 ; 39.890,35 ; 39.890,35 ; 73.693,22 ; 491.288,18 
PI;RIBEIRO GONCALVES;2208908; 41.688,77 ; 45.857,65 ; 50.026,53 ; 54.195,40 ; 58.146,02 ; 62.478,58 ; 62.478,58 ; 66.643,81 ; 68.106,58 ; 68.235,54 ; 68.235,54 ; 68.235,54 ; 126.057,97 ; 840.386,51 
PI;RIO GRANDE DO PIAUI;2209005; 32.070,15 ; 35.277,17 ; 38.484,19 ; 41.691,20 ; 44.730,09 ; 48.063,18 ; 48.063,18 ; 51.267,40 ; 52.394,83 ; 52.492,16 ; 52.492,16 ; 52.492,16 ; 96.973,74 ; 646.491,61 
PI;SANTA FILOMENA;2209203; 40.262,69 ; 44.288,96 ; 48.315,23 ; 52.341,50 ; 56.156,18 ; 60.341,13 ; 60.341,13 ; 64.363,87 ; 65.783,85 ; 65.902,12 ; 65.902,12 ; 65.902,12 ; 121.747,21 ; 811.648,11 
PI;SANTA ROSA DO PIAUI;2209377; 32.173,39 ; 35.390,73 ; 38.608,07 ; 41.825,41 ; 44.873,62 ; 48.217,78 ; 48.217,78 ; 51.432,30 ; 52.567,59 ; 52.661,58 ; 52.661,58 ; 52.661,58 ; 97.286,71 ; 648.578,12 
PI;SANTANA DO PIAUI;2209351; 27.331,39 ; 30.064,53 ; 32.797,66 ; 35.530,80 ; 38.120,55 ; 40.961,22 ; 40.961,22 ; 43.691,97 ; 44.653,80 ; 44.735,89 ; 44.735,89 ; 44.735,89 ; 82.644,84 ; 550.965,65 
PI;SANTO ANTONIO DOS MILAGRES;2209450; 17.795,76 ; 19.575,33 ; 21.354,91 ; 23.134,49 ; 24.820,63 ; 26.670,27 ; 26.670,27 ; 28.448,29 ; 29.075,29 ; 29.128,10 ; 29.128,10 ; 29.128,10 ; 53.811,09 ; 358.740,63 
PI;SANTO INACIO DO PIAUI;2209500; 14.922,38 ; 16.414,61 ; 17.906,85 ; 19.399,09 ; 20.807,46 ; 22.362,58 ; 22.362,58 ; 23.853,42 ; 24.429,90 ; 24.430,22 ; 24.430,22 ; 24.430,22 ; 45.132,26 ; 300.881,79 
PI;SAO BRAZ DO PIAUI;2209559; 26.464,56 ; 29.111,02 ; 31.757,47 ; 34.403,93 ; 36.911,81 ; 39.662,18 ; 39.662,18 ; 42.306,33 ; 43.235,34 ; 43.316,83 ; 43.316,83 ; 43.316,83 ; 80.023,28 ; 533.488,59 
PI;SAO FRANCISCO DE ASSIS DO PIAUI;2209658; 33.636,66 ; 37.000,32 ; 40.363,99 ; 43.727,65 ; 46.914,51 ; 50.410,77 ; 50.410,77 ; 53.771,49 ; 54.958,15 ; 55.056,64 ; 55.056,64 ; 55.056,64 ; 101.711,33 ; 678.075,56 
PI;SAO FRANCISCO DO PIAUI;2209708; 32.688,81 ; 35.957,70 ; 39.226,58 ; 42.495,46 ; 45.593,58 ; 48.990,52 ; 48.990,52 ; 52.256,55 ; 53.400,09 ; 53.504,20 ; 53.504,20 ; 53.504,20 ; 98.843,36 ; 658.955,77 
PI;SAO GONCALO DO GURGUEIA;2209757; 22.049,25 ; 24.254,18 ; 26.459,10 ; 28.664,03 ; 30.753,12 ; 33.044,90 ; 33.044,90 ; 35.247,90 ; 36.025,37 ; 36.090,27 ; 36.090,27 ; 36.090,27 ; 66.672,98 ; 444.486,54 
PI;SAO GONCALO DO PIAUI;2209807; 25.697,72 ; 28.267,49 ; 30.837,26 ; 33.407,03 ; 35.842,03 ; 38.512,86 ; 38.512,86 ; 41.080,38 ; 41.984,65 ; 42.061,91 ; 42.061,91 ; 42.061,91 ; 77.704,94 ; 518.032,95 
PI;SAO JOAO DA CANABRAVA;2209856; 23.435,47 ; 25.779,02 ; 28.122,57 ; 30.466,12 ; 32.677,93 ; 35.120,25 ; 35.120,25 ; 37.461,60 ; 38.366,91 ; 38.367,47 ; 38.367,47 ; 38.367,47 ; 70.879,85 ; 472.532,38 
PI;SAO JOAO DA SERRA;2209906; 32.358,00 ; 35.593,80 ; 38.829,60 ; 42.065,40 ; 45.131,58 ; 48.494,57 ; 48.494,57 ; 51.727,54 ; 52.865,25 ; 52.963,33 ; 52.963,33 ; 52.963,33 ; 97.844,16 ; 652.294,46 
PI;SAO JOAO DA VARJOTA;2209955; 37.779,42 ; 41.557,36 ; 45.335,30 ; 49.113,25 ; 52.692,89 ; 56.619,54 ; 56.619,54 ; 60.394,17 ; 61.724,46 ; 61.837,26 ; 61.837,26 ; 61.837,26 ; 114.237,83 ; 761.585,54 
PI;SAO JOAO DO ARRAIAL;2209971; 74.831,23 ; 82.314,36 ; 89.797,48 ; 97.280,60 ; 104.371,38 ; 112.148,77 ; 112.148,77 ; 119.625,36 ; 122.254,50 ; 122.482,97 ; 122.482,97 ; 122.482,97 ; 226.274,36 ; 1.508.495,72 
PI;SAO JOAO DO PIAUI;2210003; 122.434,19 ; 134.677,61 ; 146.921,03 ; 159.164,45 ; 170.764,96 ; 183.490,58 ; 183.490,58 ; 195.723,29 ; 200.033,89 ; 200.399,93 ; 200.399,93 ; 200.399,93 ; 370.217,72 ; 2.468.118,09 
PI;SAO JOSE DO DIVINO;2210052; 35.026,73 ; 38.529,40 ; 42.032,08 ; 45.534,75 ; 48.854,29 ; 52.494,29 ; 52.494,29 ; 55.993,91 ; 57.220,92 ; 57.331,01 ; 57.331,01 ; 57.331,01 ; 105.913,00 ; 706.086,69 
PI;SAO JOSE DO PEIXE;2210102; 18.911,28 ; 20.802,40 ; 22.693,53 ; 24.584,66 ; 26.376,34 ; 28.342,04 ; 28.342,04 ; 30.231,51 ; 30.899,34 ; 30.954,13 ; 30.954,13 ; 30.954,13 ; 57.184,50 ; 381.230,03 
PI;SAO JOSE DO PIAUI;2210201; 31.114,26 ; 34.225,69 ; 37.337,12 ; 40.448,54 ; 43.396,27 ; 46.630,45 ; 46.630,45 ; 49.739,15 ; 50.838,41 ; 50.928,13 ; 50.928,13 ; 50.928,13 ; 94.084,36 ; 627.229,09 
PI;SAO JULIAO;2210300; 49.112,09 ; 54.023,30 ; 58.934,51 ; 63.845,72 ; 68.500,69 ; 73.604,09 ; 73.604,09 ; 78.511,03 ; 80.224,90 ; 80.384,94 ; 80.384,94 ; 80.384,94 ; 148.502,69 ; 990.017,93 
PI;SAO LOURENCO DO PIAUI;2210359; 23.311,40 ; 25.642,54 ; 27.973,68 ; 30.304,82 ; 32.513,14 ; 34.936,38 ; 34.936,38 ; 37.265,48 ; 38.090,72 ; 38.156,50 ; 38.156,50 ; 38.156,50 ; 70.490,12 ; 469.934,16 
PI;SAO LUIS DO PIAUI;2210375; 17.726,10 ; 19.498,71 ; 21.271,32 ; 23.043,93 ; 24.723,52 ; 26.565,87 ; 26.565,87 ; 28.336,93 ; 28.961,45 ; 29.014,08 ; 29.014,08 ; 29.014,08 ; 53.600,46 ; 357.336,40 
PI;SAO MIGUEL DO FIDALGO;2210391; 18.084,07 ; 19.892,48 ; 21.700,89 ; 23.509,29 ; 25.223,05 ; 27.102,44 ; 27.102,44 ; 28.909,27 ; 29.543,64 ; 29.599,72 ; 29.599,72 ; 29.599,72 ; 54.682,36 ; 364.549,09 
PI;SAO PEDRO DO PIAUI;2210508; 90.314,65 ; 99.346,11 ; 108.377,57 ; 117.409,04 ; 125.965,32 ; 135.353,18 ; 135.353,18 ; 144.376,73 ; 147.565,18 ; 147.827,66 ; 147.827,66 ; 147.827,66 ; 273.095,99 ; 1.820.639,93 
PI;SAO RAIMUNDO NONATO;2210607; 93.086,97 ; 102.395,67 ; 111.704,37 ; 121.013,06 ; 129.871,72 ; 139.517,97 ; 139.517,97 ; 148.819,17 ; 151.742,47 ; 152.327,64 ; 152.327,64 ; 152.327,64 ; 281.409,23 ; 1.876.061,52 
PI;SEBASTIAO BARROS;2210623; 26.327,93 ; 28.960,73 ; 31.593,52 ; 34.226,31 ; 36.720,84 ; 39.457,31 ; 39.457,31 ; 42.087,80 ; 43.015,78 ; 43.093,59 ; 43.093,59 ; 43.093,59 ; 79.610,87 ; 530.739,17 
PI;SEBASTIAO LEAL;2210631; 15.255,31 ; 16.780,84 ; 18.306,37 ; 19.831,91 ; 21.271,68 ; 22.861,51 ; 22.861,51 ; 24.385,62 ; 24.974,95 ; 24.975,29 ; 24.975,29 ; 24.975,29 ; 46.139,21 ; 307.594,78 
PI;SIGEFREDO PACHECO;2210656; 48.470,93 ; 53.318,02 ; 58.165,11 ; 63.012,21 ; 67.605,54 ; 72.642,96 ; 72.642,96 ; 77.485,83 ; 79.185,19 ; 79.336,33 ; 79.336,33 ; 79.336,33 ; 146.565,49 ; 977.103,23 
PI;SIMOES;2210706; 109.563,96 ; 120.520,36 ; 131.476,76 ; 142.433,15 ; 152.817,35 ; 164.202,91 ; 164.202,91 ; 175.149,77 ; 178.978,82 ; 179.331,02 ; 179.331,02 ; 179.331,02 ; 331.295,13 ; 2.208.634,18 
PI;SOCORRO DO PIAUI;2210904; 27.354,72 ; 30.090,19 ; 32.825,66 ; 35.561,14 ; 38.153,01 ; 40.996,17 ; 40.996,17 ; 43.729,25 ; 44.692,61 ; 44.774,16 ; 44.774,16 ; 44.774,16 ; 82.715,54 ; 551.436,94 
PI;SUSSUAPARA;2210938; 32.551,89 ; 35.807,08 ; 39.062,27 ; 42.317,46 ; 45.401,87 ; 48.785,13 ; 48.785,13 ; 52.037,48 ; 53.182,66 ; 53.280,74 ; 53.280,74 ; 53.280,74 ; 98.430,56 ; 656.203,75 
PI;TAMBORIL DO PIAUI;2210953; 11.554,06 ; 12.709,47 ; 13.864,87 ; 15.020,28 ; 16.110,74 ; 17.314,85 ; 17.314,85 ; 18.469,17 ; 18.915,53 ; 18.915,77 ; 18.915,77 ; 18.915,77 ; 34.944,90 ; 232.966,03 
PI;UNIAO;2211100; 286.845,06 ; 315.529,56 ; 344.214,07 ; 372.898,57 ; 400.078,27 ; 429.891,40 ; 429.891,40 ; 458.550,83 ; 468.638,16 ; 469.505,93 ; 469.505,93 ; 469.505,93 ; 867.362,67 ; 5.782.417,78 
PI;URUCUI;2211209; 133.114,71 ; 146.426,18 ; 159.737,65 ; 173.049,12 ; 185.661,34 ; 199.497,26 ; 199.497,26 ; 212.797,08 ; 217.486,59 ; 217.882,07 ; 217.882,07 ; 217.882,07 ; 402.514,13 ; 2.683.427,53 
PI;VALENCA DO PIAUI;2211308; 114.429,35 ; 125.872,28 ; 137.315,22 ; 148.758,15 ; 159.599,85 ; 171.493,73 ; 171.493,73 ; 182.926,64 ; 186.958,93 ; 187.297,99 ; 187.297,99 ; 187.297,99 ; 346.013,27 ; 2.306.755,12 
PI;VARZEA BRANCA;2211357; 30.450,59 ; 33.495,65 ; 36.540,71 ; 39.585,77 ; 42.470,83 ; 45.635,87 ; 45.635,87 ; 48.678,26 ; 49.752,35 ; 49.841,66 ; 49.841,66 ; 49.841,66 ; 92.077,21 ; 613.848,09 
PI;VARZEA GRANDE;2211407; 36.308,72 ; 39.939,59 ; 43.570,47 ; 47.201,34 ; 50.642,09 ; 54.415,54 ; 54.415,54 ; 58.043,25 ; 59.317,38 ; 59.429,58 ; 59.429,58 ; 59.429,58 ; 109.789,88 ; 731.932,54 
PI;VERA MENDES;2211506; 29.858,90 ; 32.844,79 ; 35.830,68 ; 38.816,57 ; 41.646,05 ; 44.749,23 ; 44.749,23 ; 47.732,51 ; 48.781,33 ; 48.872,71 ; 48.872,71 ; 48.872,71 ; 90.287,19 ; 601.914,61 
PI;VILA NOVA DO PIAUI;2211605; 42.035,35 ; 46.238,89 ; 50.442,42 ; 54.645,96 ; 58.630,53 ; 62.998,27 ; 62.998,27 ; 67.198,16 ; 68.662,79 ; 68.801,75 ; 68.801,75 ; 68.801,75 ; 127.103,97 ; 847.359,86 
PI;WALL FERRAZ;2211704; 50.559,07 ; 55.614,98 ; 60.670,89 ; 65.726,79 ; 70.516,87 ; 75.772,16 ; 75.772,16 ; 80.823,64 ; 82.606,71 ; 82.755,26 ; 82.755,26 ; 82.755,26 ; 152.881,60 ; 1.019.210,65 
PR;ADRIANOPOLIS;4100202; 25.745,97 ; 28.320,57 ; 30.895,17 ; 33.469,77 ; 47.922,33 ; 41.588,44 ; 41.588,44 ; 44.361,01 ; 45.326,47 ; 45.419,43 ; 45.419,43 ; 45.419,43 ; 83.907,60 ; 559.384,06 
PR;AGUDOS DO SUL;4100301; 21.741,69 ; 23.915,86 ; 26.090,03 ; 28.264,20 ; 36.790,04 ; 34.200,45 ; 34.200,45 ; 36.480,48 ; 37.362,13 ; 37.362,61 ; 37.362,61 ; 37.362,61 ; 69.023,49 ; 460.156,65 
PR;ALTAMIRA DO PARANA;4100459; 15.585,54 ; 17.144,09 ; 18.702,65 ; 20.261,20 ; 28.396,06 ; 25.022,37 ; 25.022,37 ; 26.690,52 ; 27.271,23 ; 27.327,32 ; 27.327,32 ; 27.327,32 ; 50.484,34 ; 336.562,33 
PR;ALTO PARAISO;4128625; 15.776,24 ; 17.353,87 ; 18.931,49 ; 20.509,12 ; 27.402,47 ; 24.993,28 ; 24.993,28 ; 26.659,50 ; 27.243,10 ; 27.296,03 ; 27.296,03 ; 27.296,03 ; 50.426,54 ; 336.176,98 
PR;ALTO PARANA;4100608; 29.007,59 ; 31.908,35 ; 34.809,11 ; 37.709,87 ; 50.236,34 ; 45.917,80 ; 45.917,80 ; 48.978,98 ; 50.162,63 ; 50.163,35 ; 50.163,35 ; 50.163,35 ; 92.671,50 ; 617.810,02 
PR;ALTO PIQUIRI;4100707; 43.271,76 ; 47.598,94 ; 51.926,12 ; 56.253,29 ; 70.704,68 ; 67.438,71 ; 67.438,71 ; 71.934,62 ; 73.508,14 ; 73.652,00 ; 73.652,00 ; 73.652,00 ; 136.064,30 ; 907.095,27 
PR;ALTONIA;4100509; 35.642,71 ; 39.206,98 ; 42.771,25 ; 46.335,52 ; 56.118,64 ; 55.018,77 ; 55.018,77 ; 58.686,69 ; 60.104,99 ; 60.105,79 ; 60.105,79 ; 60.105,79 ; 111.039,12 ; 740.260,81 
PR;ALVORADA DO SUL;4100806; 42.042,29 ; 46.246,51 ; 50.450,74 ; 54.654,97 ; 68.024,41 ; 65.354,74 ; 65.354,74 ; 69.711,71 ; 71.231,35 ; 71.375,33 ; 71.375,33 ; 71.375,33 ; 131.858,38 ; 879.055,83 
PR;ANDIRA;4101101; 36.151,22 ; 39.766,35 ; 43.381,47 ; 46.996,59 ; 56.044,03 ; 55.584,89 ; 55.584,89 ; 59.290,55 ; 60.723,42 ; 60.724,26 ; 60.724,26 ; 60.724,26 ; 112.181,67 ; 747.877,86 
PR;ANGULO;4101150; 16.216,24 ; 17.837,86 ; 19.459,49 ; 21.081,11 ; 22.617,87 ; 24.303,12 ; 24.303,12 ; 25.923,33 ; 26.492,52 ; 26.542,51 ; 26.542,51 ; 26.542,51 ; 49.034,50 ; 326.896,69 
PR;ANTONIO OLINTO;4101309; 27.177,57 ; 29.895,32 ; 32.613,08 ; 35.330,84 ; 44.830,49 ; 42.461,81 ; 42.461,81 ; 45.292,60 ; 46.276,73 ; 46.373,03 ; 46.373,03 ; 46.373,03 ; 85.669,29 ; 571.128,63 
PR;ARAPONGAS;4101507; 438.688,28 ; 482.557,11 ; 526.425,94 ; 570.294,76 ; 660.623,75 ; 669.647,47 ; 669.647,47 ; 714.290,63 ; 729.832,27 ; 731.332,58 ; 731.332,58 ; 731.332,58 ; 1.351.059,78 ; 9.007.065,20 
PR;ARARUNA;4101705; 26.679,21 ; 29.347,14 ; 32.015,06 ; 34.682,98 ; 42.111,82 ; 41.209,04 ; 41.209,04 ; 43.956,30 ; 45.018,57 ; 45.019,22 ; 45.019,22 ; 45.019,22 ; 83.168,26 ; 554.455,08 
PR;ASSAI;4101903; 52.467,96 ; 57.714,76 ; 62.961,55 ; 68.208,35 ; 93.344,32 ; 83.674,26 ; 83.674,26 ; 89.252,54 ; 91.196,31 ; 91.382,22 ; 91.382,22 ; 91.382,22 ; 168.819,00 ; 1.125.459,97 
PR;ASSIS CHATEAUBRIAND;4102000; 149.960,49 ; 164.956,54 ; 179.952,58 ; 194.948,63 ; 238.402,61 ; 232.055,22 ; 232.055,22 ; 247.525,57 ; 252.915,99 ; 253.431,81 ; 253.431,81 ; 253.431,81 ; 468.188,53 ; 3.121.256,81 
PR;ASTORGA;4102109; 101.434,43 ; 111.577,87 ; 121.721,32 ; 131.864,76 ; 163.337,32 ; 157.483,94 ; 157.483,94 ; 167.982,87 ; 171.635,59 ; 171.990,39 ; 171.990,39 ; 171.990,39 ; 317.734,10 ; 2.118.227,31 
PR;ATALAIA;4102208; 20.449,83 ; 22.494,81 ; 24.539,80 ; 26.584,78 ; 33.238,91 ; 31.827,01 ; 31.827,01 ; 33.948,81 ; 34.684,06 ; 34.758,33 ; 34.758,33 ; 34.758,33 ; 64.212,35 ; 428.082,36 
PR;BALSA NOVA;4102307; 68.088,34 ; 74.897,17 ; 81.706,00 ; 88.514,84 ; 94.969,17 ; 102.043,90 ; 102.043,90 ; 108.846,83 ; 111.216,07 ; 111.443,88 ; 111.443,88 ; 111.443,88 ; 205.880,81 ; 1.372.538,67 
PR;BARBOSA FERRAZ;4102505; 36.804,45 ; 40.484,89 ; 44.165,34 ; 47.845,78 ; 64.059,22 ; 58.339,91 ; 58.339,91 ; 62.229,23 ; 63.584,51 ; 63.714,11 ; 63.714,11 ; 63.714,11 ; 117.705,09 ; 784.700,66 
PR;BELA VISTA DA CAROBA;4102752; 14.046,60 ; 15.451,26 ; 16.855,92 ; 18.260,58 ; 29.884,35 ; 23.624,66 ; 23.624,66 ; 25.199,64 ; 25.745,83 ; 25.800,59 ; 25.800,59 ; 25.800,59 ; 47.663,86 ; 317.759,13 
PR;BITURUNA;4102901; 82.333,05 ; 90.566,35 ; 98.799,65 ; 107.032,96 ; 128.850,21 ; 126.895,57 ; 126.895,57 ; 135.355,28 ; 138.305,40 ; 138.585,33 ; 138.585,33 ; 138.585,33 ; 256.021,78 ; 1.706.811,81 
PR;BOA ESPERANCA DO IGUACU;4103024; 12.918,86 ; 14.210,75 ; 15.502,63 ; 16.794,52 ; 25.060,08 ; 21.121,69 ; 21.121,69 ; 22.529,81 ; 23.017,39 ; 23.066,99 ; 23.066,99 ; 23.066,99 ; 42.613,83 ; 284.092,22 
PR;BOA VISTA DA APARECIDA;4103057; 35.754,63 ; 39.330,09 ; 42.905,56 ; 46.481,02 ; 63.576,94 ; 57.012,04 ; 57.012,04 ; 60.812,84 ; 62.149,48 ; 62.265,56 ; 62.265,56 ; 62.265,56 ; 115.029,05 ; 766.860,37 
PR;BOM JESUS DO SUL;4103156; 20.101,99 ; 22.112,19 ; 24.122,39 ; 26.132,59 ; 27.583,56 ; 30.013,16 ; 30.013,16 ; 32.014,04 ; 32.710,28 ; 32.777,80 ; 32.777,80 ; 32.777,80 ; 60.553,54 ; 403.690,30 
PR;BOM SUCESSO DO SUL;4103222; 17.636,40 ; 19.400,04 ; 21.163,68 ; 22.927,32 ; 28.171,32 ; 27.324,68 ; 27.324,68 ; 29.146,33 ; 29.778,28 ; 29.841,41 ; 29.841,41 ; 29.841,41 ; 55.128,87 ; 367.525,83 
PR;BRASILANDIA DO SUL;4103370; 16.568,36 ; 18.225,19 ; 19.882,03 ; 21.538,87 ; 23.109,09 ; 24.830,87 ; 24.830,87 ; 26.486,26 ; 27.066,79 ; 27.118,75 ; 27.118,75 ; 27.118,75 ; 50.099,04 ; 333.993,62 
PR;CAFEARA;4103404; 12.390,55 ; 13.629,61 ; 14.868,66 ; 16.107,72 ; 19.640,73 ; 19.159,30 ; 19.159,30 ; 20.436,58 ; 20.878,61 ; 20.923,82 ; 20.923,82 ; 20.923,82 ; 38.654,56 ; 257.697,08 
PR;CAFELANDIA;4103453; 106.035,59 ; 116.639,15 ; 127.242,71 ; 137.846,27 ; 162.706,42 ; 162.617,55 ; 162.617,55 ; 173.458,72 ; 177.237,29 ; 177.597,79 ; 177.597,79 ; 177.597,79 ; 328.093,17 ; 2.187.287,79 
PR;CAFEZAL DO SUL;4103479; 18.265,42 ; 20.091,97 ; 21.918,51 ; 23.745,05 ; 25.476,35 ; 27.374,32 ; 27.374,32 ; 29.199,27 ; 29.836,78 ; 29.896,21 ; 29.896,21 ; 29.896,21 ; 55.230,11 ; 368.200,73 
PR;CAMBIRA;4103800; 39.833,14 ; 43.816,46 ; 47.799,77 ; 51.783,09 ; 64.760,71 ; 61.998,28 ; 61.998,28 ; 66.131,50 ; 67.570,62 ; 67.709,33 ; 67.709,33 ; 67.709,33 ; 125.085,85 ; 833.905,69 
PR;CAMPINA DA LAGOA;4103909; 73.526,70 ; 80.879,37 ; 88.232,04 ; 95.584,71 ; 119.730,16 ; 114.488,27 ; 114.488,27 ; 122.120,82 ; 124.783,12 ; 125.035,14 ; 125.035,14 ; 125.035,14 ; 230.989,22 ; 1.539.928,10 
PR;CAMPINA DO SIMAO;4103958; 23.360,91 ; 25.697,00 ; 28.033,09 ; 30.369,18 ; 36.322,42 ; 35.945,63 ; 35.945,63 ; 38.342,01 ; 39.168,66 ; 39.255,78 ; 39.255,78 ; 39.255,78 ; 72.520,91 ; 483.472,78 
PR;CAMPINA GRANDE DO SUL;4104006; 102.525,26 ; 112.777,78 ; 123.030,31 ; 133.282,83 ; 154.329,84 ; 156.486,52 ; 156.486,52 ; 166.918,95 ; 170.952,85 ; 170.955,24 ; 170.955,24 ; 170.955,24 ; 315.821,76 ; 2.105.478,34 
PR;CAMPO BONITO;4104055; 9.049,70 ; 9.954,67 ; 10.859,64 ; 11.764,61 ; 16.334,27 ; 14.490,71 ; 14.490,71 ; 15.456,76 ; 15.830,31 ; 15.830,52 ; 15.830,52 ; 15.830,52 ; 29.245,22 ; 194.968,16 
PR;CAMPO LARGO;4104204; 541.645,58 ; 595.810,14 ; 649.974,69 ; 704.139,25 ; 784.050,34 ; 818.905,02 ; 818.905,02 ; 873.498,69 ; 892.527,81 ; 894.342,24 ; 894.342,24 ; 894.342,24 ; 1.652.202,93 ; 11.014.686,19 
PR;CAMPO MOURAO;4104303; 382.396,20 ; 420.635,82 ; 458.875,44 ; 497.115,05 ; 599.993,22 ; 589.753,96 ; 589.753,96 ; 629.070,89 ; 642.757,88 ; 644.079,56 ; 644.079,56 ; 644.079,56 ; 1.189.869,02 ; 7.932.460,12 
PR;CANDIDO DE ABREU;4104402; 56.393,15 ; 62.032,47 ; 67.671,78 ; 73.311,10 ; 101.817,61 ; 90.306,54 ; 90.306,54 ; 96.326,98 ; 98.427,78 ; 98.625,86 ; 98.625,86 ; 98.625,86 ; 182.200,86 ; 1.214.672,39 
PR;CANDOI;4104428; 70.334,43 ; 77.367,87 ; 84.401,31 ; 91.434,75 ; 108.538,83 ; 108.019,32 ; 108.019,32 ; 115.220,61 ; 117.736,65 ; 117.970,82 ; 117.970,82 ; 117.970,82 ; 217.938,63 ; 1.452.924,18 
PR;CANTAGALO;4104451; 27.647,37 ; 30.412,11 ; 33.176,84 ; 35.941,58 ; 44.477,28 ; 42.913,79 ; 42.913,79 ; 45.774,71 ; 46.880,96 ; 46.881,59 ; 46.881,59 ; 46.881,59 ; 86.608,79 ; 577.391,99 
PR;CAPANEMA;4104501; 88.671,48 ; 97.538,63 ; 106.405,78 ; 115.272,92 ; 140.943,03 ; 137.207,97 ; 137.207,97 ; 146.355,17 ; 149.540,89 ; 149.847,17 ; 149.847,17 ; 149.847,17 ; 276.826,83 ; 1.845.512,18 
PR;CARAMBEI;4104659; 49.948,95 ; 54.943,84 ; 59.938,74 ; 64.933,63 ; 73.716,74 ; 75.870,50 ; 75.870,50 ; 80.928,53 ; 82.884,33 ; 82.885,47 ; 82.885,47 ; 82.885,47 ; 153.122,15 ; 1.020.814,32 
PR;CASCAVEL;4104808; 1.271.519,56 ; 1.398.671,52 ; 1.525.823,47 ; 1.652.975,43 ; 1.835.208,08 ; 1.921.049,53 ; 1.921.049,53 ; 2.049.119,49 ; 2.093.842,76 ; 2.098.027,06 ; 2.098.027,06 ; 2.098.027,06 ; 3.875.883,63 ; 25.839.224,18 
PR;CASTRO;4104907; 336.496,67 ; 370.146,33 ; 403.796,00 ; 437.445,66 ; 483.438,79 ; 507.830,87 ; 507.830,87 ; 541.686,26 ; 553.463,31 ; 554.608,91 ; 554.608,91 ; 554.608,91 ; 1.024.581,45 ; 6.830.542,94 
PR;CENTENARIO DO SUL;4105102; 20.408,60 ; 22.449,46 ; 24.490,32 ; 26.531,18 ; 35.230,29 ; 32.277,44 ; 32.277,44 ; 34.429,27 ; 35.261,31 ; 35.261,81 ; 35.261,81 ; 35.261,81 ; 65.142,48 ; 434.283,22 
PR;CERRO AZUL;4105201; 28.810,82 ; 31.691,91 ; 34.572,99 ; 37.454,07 ; 40.195,97 ; 43.181,42 ; 43.181,42 ; 46.060,18 ; 46.964,95 ; 47.146,07 ; 47.146,07 ; 47.146,07 ; 87.097,39 ; 580.649,33 
PR;CHOPINZINHO;4105409; 82.780,85 ; 91.058,93 ; 99.337,01 ; 107.615,10 ; 133.153,00 ; 128.486,24 ; 128.486,24 ; 137.051,98 ; 140.044,17 ; 140.323,22 ; 140.323,22 ; 140.323,22 ; 259.232,33 ; 1.728.215,51 
PR;CIANORTE;4105508; 155.433,21 ; 170.976,53 ; 186.519,85 ; 202.063,17 ; 227.629,41 ; 235.655,57 ; 235.655,57 ; 251.365,94 ; 257.440,69 ; 257.444,24 ; 257.444,24 ; 257.444,24 ; 475.601,07 ; 3.170.673,73 
PR;CIDADE GAUCHA;4105607; 25.871,35 ; 28.458,49 ; 31.045,63 ; 33.632,76 ; 40.343,77 ; 39.837,98 ; 39.837,98 ; 42.493,84 ; 43.520,78 ; 43.521,39 ; 43.521,39 ; 43.521,39 ; 80.401,18 ; 536.007,93 
PR;CLEVELANDIA;4105706; 70.278,91 ; 77.306,80 ; 84.334,69 ; 91.362,58 ; 111.175,86 ; 108.614,72 ; 108.614,72 ; 115.855,70 ; 118.389,77 ; 118.621,63 ; 118.621,63 ; 118.621,63 ; 219.140,94 ; 1.460.939,58 
PR;CONGONHINHAS;4106001; 33.724,95 ; 37.097,44 ; 40.469,94 ; 43.842,43 ; 54.360,43 ; 52.373,78 ; 52.373,78 ; 55.865,37 ; 57.092,50 ; 57.199,79 ; 57.199,79 ; 57.199,79 ; 105.670,58 ; 704.470,57 
PR;CONSELHEIRO MAIRINCK;4106100; 18.184,95 ; 20.003,45 ; 21.821,95 ; 23.640,44 ; 32.679,44 ; 29.082,54 ; 29.082,54 ; 31.021,38 ; 31.694,55 ; 31.761,26 ; 31.761,26 ; 31.761,26 ; 58.675,59 ; 391.170,61 
PR;CONTENDA;4106209; 84.090,71 ; 92.499,79 ; 100.908,86 ; 109.317,93 ; 128.800,83 ; 128.904,55 ; 128.904,55 ; 137.498,19 ; 140.497,31 ; 140.779,68 ; 140.779,68 ; 140.779,68 ; 260.075,61 ; 1.733.837,37 
PR;CORBELIA;4106308; 83.421,77 ; 91.763,95 ; 100.106,13 ; 108.448,30 ; 129.577,75 ; 128.329,48 ; 128.329,48 ; 136.884,78 ; 139.879,32 ; 140.152,83 ; 140.152,83 ; 140.152,83 ; 258.917,56 ; 1.726.117,01 
PR;CORUMBATAI DO SUL;4106555; 16.209,96 ; 17.830,96 ; 19.451,96 ; 21.072,95 ; 22.609,56 ; 24.293,83 ; 24.293,83 ; 25.913,42 ; 26.478,21 ; 26.531,81 ; 26.531,81 ; 26.531,81 ; 49.014,72 ; 326.764,83 
PR;CRUZ MACHADO;4106803; 59.944,82 ; 65.939,30 ; 71.933,78 ; 77.928,26 ; 103.696,85 ; 94.860,77 ; 94.860,77 ; 101.184,82 ; 103.393,65 ; 103.599,92 ; 103.599,92 ; 103.599,92 ; 191.389,91 ; 1.275.932,69 
PR;CRUZEIRO DO IGUACU;4106571; 22.173,30 ; 24.390,63 ; 26.607,97 ; 28.825,30 ; 38.717,69 ; 35.178,71 ; 35.178,71 ; 37.523,96 ; 38.332,50 ; 38.418,17 ; 38.418,17 ; 38.418,17 ; 70.973,51 ; 473.156,79 
PR;CRUZEIRO DO SUL;4106704; 20.901,99 ; 22.992,19 ; 25.082,39 ; 27.172,59 ; 29.154,43 ; 31.325,88 ; 31.325,88 ; 33.414,27 ; 34.138,24 ; 34.211,08 ; 34.211,08 ; 34.211,08 ; 63.201,36 ; 421.342,46 
PR;CURIUVA;4107009; 51.813,64 ; 56.995,01 ; 62.176,37 ; 67.357,74 ; 93.546,33 ; 82.972,29 ; 82.972,29 ; 88.503,78 ; 90.437,48 ; 90.616,42 ; 90.616,42 ; 90.616,42 ; 167.404,28 ; 1.116.028,47 
PR;DIAMANTE DO NORTE;4107108; 8.656,24 ; 9.521,86 ; 10.387,49 ; 11.253,11 ; 16.021,56 ; 13.960,05 ; 13.960,05 ; 14.890,72 ; 15.250,59 ; 15.250,79 ; 15.250,79 ; 15.250,79 ; 28.174,24 ; 187.828,28 
PR;DIAMANTE DO SUL;4107124; 14.640,37 ; 16.104,40 ; 17.568,44 ; 19.032,48 ; 20.420,50 ; 21.941,54 ; 21.941,54 ; 23.404,31 ; 23.912,36 ; 23.962,54 ; 23.962,54 ; 23.962,54 ; 44.268,27 ; 295.121,83 
PR;DOIS VIZINHOS;4107207; 213.102,69 ; 234.412,96 ; 255.723,22 ; 277.033,49 ; 319.209,56 ; 324.870,50 ; 324.870,50 ; 346.528,53 ; 354.062,17 ; 354.795,37 ; 354.795,37 ; 354.795,37 ; 655.447,02 ; 4.369.646,75 
PR;ENGENHEIRO BELTRAO;4107504; 48.841,31 ; 53.725,44 ; 58.609,57 ; 63.493,70 ; 77.940,74 ; 75.652,71 ; 75.652,71 ; 80.696,23 ; 82.459,49 ; 82.622,51 ; 82.622,51 ; 82.622,51 ; 152.636,37 ; 1.017.575,80 
PR;ENTRE RIOS DO OESTE;4107538; 24.230,88 ; 26.653,97 ; 29.077,05 ; 31.500,14 ; 33.797,03 ; 36.314,75 ; 36.314,75 ; 38.735,74 ; 39.580,06 ; 39.660,12 ; 39.660,12 ; 39.660,12 ; 73.267,89 ; 488.452,62 
PR;ESPERANCA NOVA;4107520; 7.102,77 ; 7.813,05 ; 8.523,33 ; 9.233,61 ; 9.906,89 ; 10.644,89 ; 10.644,89 ; 11.354,55 ; 11.602,77 ; 11.625,61 ; 11.625,61 ; 11.625,61 ; 21.477,10 ; 143.180,68 
PR;ESPIGAO ALTO DO IGUACU;4107546; 18.390,23 ; 20.229,26 ; 22.068,28 ; 23.907,31 ; 25.650,46 ; 27.561,37 ; 27.561,37 ; 29.398,80 ; 30.040,51 ; 30.100,49 ; 30.100,49 ; 30.100,49 ; 55.607,48 ; 370.716,54 
PR;FAXINAL;4107603; 31.598,58 ; 34.758,44 ; 37.918,30 ; 41.078,16 ; 49.903,15 ; 48.814,14 ; 48.814,14 ; 52.068,42 ; 53.326,76 ; 53.327,49 ; 53.327,49 ; 53.327,49 ; 98.516,92 ; 656.779,48 
PR;FENIX;4107702; 19.158,62 ; 21.074,48 ; 22.990,35 ; 24.906,21 ; 33.502,75 ; 30.408,09 ; 30.408,09 ; 32.435,29 ; 33.146,72 ; 33.209,91 ; 33.209,91 ; 33.209,91 ; 61.351,82 ; 409.012,15 
PR;FERNANDES PINHEIRO;4107736; 12.384,27 ; 13.622,70 ; 14.861,12 ; 16.099,55 ; 19.950,32 ; 19.229,47 ; 19.229,47 ; 20.511,44 ; 21.007,13 ; 21.007,43 ; 21.007,43 ; 21.007,43 ; 38.809,01 ; 258.726,77 
PR;FIGUEIRA;4107751; 28.158,34 ; 30.974,18 ; 33.790,01 ; 36.605,85 ; 49.411,98 ; 44.735,08 ; 44.735,08 ; 47.717,42 ; 48.757,93 ; 48.856,19 ; 48.856,19 ; 48.856,19 ; 90.256,66 ; 601.711,10 
PR;FLOR DA SERRA DO SUL;4107850; 23.170,30 ; 25.487,33 ; 27.804,36 ; 30.121,39 ; 37.939,80 ; 36.130,78 ; 36.130,78 ; 38.539,50 ; 39.375,73 ; 39.458,69 ; 39.458,69 ; 39.458,69 ; 72.895,77 ; 485.971,81 
PR;FLORIDA;4108106; 11.991,83 ; 13.191,02 ; 14.390,20 ; 15.589,39 ; 16.726,42 ; 17.972,20 ; 17.972,20 ; 19.170,34 ; 19.585,80 ; 19.627,50 ; 19.627,50 ; 19.627,50 ; 36.259,74 ; 241.731,64 
PR;FORMOSA DO OESTE;4108205; 29.689,89 ; 32.658,88 ; 35.627,87 ; 38.596,86 ; 48.512,81 ; 46.271,55 ; 46.271,55 ; 49.356,32 ; 50.432,64 ; 50.534,22 ; 50.534,22 ; 50.534,22 ; 93.356,65 ; 622.377,68 
PR;FOZ DO IGUACU;4108304; 537.485,79 ; 591.234,37 ; 644.982,95 ; 698.731,53 ; 789.584,26 ; 815.504,74 ; 815.504,74 ; 869.871,72 ; 890.893,86 ; 890.906,17 ; 890.906,17 ; 890.906,17 ; 1.645.855,15 ; 10.972.367,62 
PR;FOZ DO JORDAO;4108452; 26.006,75 ; 28.607,43 ; 31.208,10 ; 33.808,78 ; 45.975,81 ; 41.401,70 ; 41.401,70 ; 44.161,82 ; 45.123,93 ; 45.215,62 ; 45.215,62 ; 45.215,62 ; 83.531,09 ; 556.873,97 
PR;FRANCISCO BELTRAO;4108403; 410.860,22 ; 451.946,24 ; 493.032,26 ; 534.118,28 ; 616.689,77 ; 626.661,71 ; 626.661,71 ; 668.439,15 ; 683.014,36 ; 684.391,33 ; 684.391,33 ; 684.391,33 ; 1.264.340,77 ; 8.428.938,46 
PR;GENERAL CARNEIRO;4108502; 48.352,29 ; 53.187,52 ; 58.022,75 ; 62.857,98 ; 81.039,28 ; 75.864,97 ; 75.864,97 ; 80.922,63 ; 82.703,85 ; 82.856,08 ; 82.856,08 ; 82.856,08 ; 153.067,86 ; 1.020.452,34 
PR;GODOY MOREIRA;4108551; 11.558,33 ; 12.714,17 ; 13.870,00 ; 15.025,84 ; 27.062,06 ; 20.057,59 ; 20.057,59 ; 21.394,76 ; 21.860,57 ; 21.905,25 ; 21.905,25 ; 21.905,25 ; 40.467,64 ; 269.784,30 
PR;GOIOXIM;4108650; 30.369,06 ; 33.405,97 ; 36.442,87 ; 39.479,78 ; 49.343,30 ; 47.260,24 ; 47.260,24 ; 50.410,92 ; 51.499,00 ; 51.612,47 ; 51.612,47 ; 51.612,47 ; 95.348,60 ; 635.657,39 
PR;GUAIRA;4108809; 128.806,53 ; 141.687,18 ; 154.567,83 ; 167.448,48 ; 198.744,42 ; 197.813,63 ; 197.813,63 ; 211.001,21 ; 215.624,63 ; 216.039,73 ; 216.039,73 ; 216.039,73 ; 399.110,61 ; 2.660.737,34 
PR;GUAIRACA;4108908; 15.542,62 ; 17.096,88 ; 18.651,15 ; 20.205,41 ; 25.288,43 ; 24.196,11 ; 24.196,11 ; 25.809,18 ; 26.432,90 ; 26.433,28 ; 26.433,28 ; 26.433,28 ; 48.832,69 ; 325.551,32 
PR;GUAMIRANGA;4108957; 33.221,47 ; 36.543,61 ; 39.865,76 ; 43.187,91 ; 53.696,35 ; 51.628,77 ; 51.628,77 ; 55.070,69 ; 56.268,67 ; 56.384,56 ; 56.384,56 ; 56.384,56 ; 104.164,53 ; 694.430,21 
PR;HONORIO SERPA;4109658; 21.401,65 ; 23.541,82 ; 25.681,99 ; 27.822,15 ; 34.328,94 ; 33.194,12 ; 33.194,12 ; 35.407,07 ; 36.179,31 ; 36.252,08 ; 36.252,08 ; 36.252,08 ; 66.971,89 ; 446.479,30 
PR;IBAITI;4109708; 117.677,96 ; 129.445,76 ; 141.213,56 ; 152.981,35 ; 183.594,37 ; 181.228,26 ; 181.228,26 ; 193.310,14 ; 197.516,92 ; 197.922,35 ; 197.922,35 ; 197.922,35 ; 365.640,65 ; 2.437.604,28 
PR;IGUARACU;4110003; 26.001,74 ; 28.601,91 ; 31.202,09 ; 33.802,26 ; 45.264,13 ; 41.218,01 ; 41.218,01 ; 43.965,88 ; 44.924,36 ; 45.015,10 ; 45.015,10 ; 45.015,10 ; 83.160,64 ; 554.404,33 
PR;IGUATU;4110052; 7.802,48 ; 8.582,73 ; 9.362,98 ; 10.143,23 ; 10.882,94 ; 11.693,57 ; 11.693,57 ; 12.473,14 ; 12.744,80 ; 12.770,77 ; 12.770,77 ; 12.770,77 ; 23.592,66 ; 157.284,41 
PR;IMBAU;4110078; 50.921,74 ; 56.013,91 ; 61.106,08 ; 66.198,26 ; 83.054,39 ; 79.323,60 ; 79.323,60 ; 84.611,84 ; 86.463,52 ; 86.631,99 ; 86.631,99 ; 86.631,99 ; 160.043,46 ; 1.066.956,37 
PR;IMBITUVA;4110102; 135.625,85 ; 149.188,43 ; 162.751,02 ; 176.313,60 ; 205.109,97 ; 207.247,23 ; 207.247,23 ; 221.063,71 ; 225.896,73 ; 226.341,07 ; 226.341,07 ; 226.341,07 ; 418.141,24 ; 2.787.608,22 
PR;INAJA;4110300; 13.165,31 ; 14.481,84 ; 15.798,38 ; 17.114,91 ; 18.363,41 ; 19.730,95 ; 19.730,95 ; 21.046,34 ; 21.500,50 ; 21.547,98 ; 21.547,98 ; 21.547,98 ; 39.807,62 ; 265.384,15 
PR;INDIANOPOLIS;4110409; 9.637,02 ; 10.600,72 ; 11.564,43 ; 12.528,13 ; 15.680,04 ; 15.002,58 ; 15.002,58 ; 16.002,75 ; 16.389,50 ; 16.389,71 ; 16.389,71 ; 16.389,71 ; 30.278,27 ; 201.855,15 
PR;IPIRANGA;4110508; 60.681,47 ; 66.749,62 ; 72.817,76 ; 78.885,91 ; 101.982,41 ; 95.279,30 ; 95.279,30 ; 101.631,25 ; 103.843,40 ; 104.056,15 ; 104.056,15 ; 104.056,15 ; 192.232,75 ; 1.281.551,62 
PR;IPORA;4110607; 47.450,85 ; 52.195,94 ; 56.941,02 ; 61.686,11 ; 80.395,45 ; 74.667,36 ; 74.667,36 ; 79.645,19 ; 81.387,64 ; 81.546,68 ; 81.546,68 ; 81.546,68 ; 150.648,88 ; 1.004.325,84 
PR;IRACEMA DO OESTE;4110656; 9.562,16 ; 10.518,38 ; 11.474,60 ; 12.430,81 ; 16.170,63 ; 15.039,12 ; 15.039,12 ; 16.041,73 ; 16.392,54 ; 16.424,71 ; 16.424,71 ; 16.424,71 ; 30.342,91 ; 202.286,13 
PR;IRATI;4110706; 235.827,98 ; 259.410,78 ; 282.993,57 ; 306.576,37 ; 352.114,85 ; 359.230,90 ; 359.230,90 ; 383.179,63 ; 391.522,22 ; 392.322,45 ; 392.322,45 ; 392.322,45 ; 724.774,34 ; 4.831.828,89 
PR;IRETAMA;4110805; 50.420,19 ; 55.462,21 ; 60.504,23 ; 65.546,25 ; 80.859,02 ; 78.198,00 ; 78.198,00 ; 83.411,20 ; 85.226,44 ; 85.401,32 ; 85.401,32 ; 85.401,32 ; 157.769,92 ; 1.051.799,42 
PR;ITAMBE;4111100; 12.316,86 ; 13.548,55 ; 14.780,23 ; 16.011,92 ; 19.845,58 ; 19.125,77 ; 19.125,77 ; 20.400,83 ; 20.893,87 ; 20.894,14 ; 20.894,14 ; 20.894,14 ; 38.599,72 ; 257.331,52 
PR;ITAPERUCU;4111258; 133.142,98 ; 146.457,28 ; 159.771,58 ; 173.085,87 ; 208.550,03 ; 205.251,95 ; 205.251,95 ; 218.935,42 ; 223.734,29 ; 224.163,62 ; 224.163,62 ; 224.163,62 ; 414.118,63 ; 2.760.790,84 
PR;ITAUNA DO SUL;4111308; 15.800,08 ; 17.380,09 ; 18.960,10 ; 20.540,11 ; 30.584,36 ; 25.816,16 ; 25.816,16 ; 27.537,24 ; 28.133,06 ; 28.193,79 ; 28.193,79 ; 28.193,79 ; 52.085,07 ; 347.233,80 
PR;IVAI;4111407; 56.159,08 ; 61.774,99 ; 67.390,89 ; 73.006,80 ; 89.429,33 ; 86.940,29 ; 86.940,29 ; 92.736,30 ; 94.752,57 ; 94.948,66 ; 94.948,66 ; 94.948,66 ; 175.407,63 ; 1.169.384,15 
PR;IVAIPORA;4111506; 110.832,87 ; 121.916,16 ; 132.999,45 ; 144.082,74 ; 185.658,76 ; 173.872,51 ; 173.872,51 ; 185.464,01 ; 189.496,05 ; 189.888,47 ; 189.888,47 ; 189.888,47 ; 350.798,91 ; 2.338.659,38 
PR;IVATUBA;4111605; 4.134,05 ; 4.547,46 ; 4.960,86 ; 5.374,27 ; 5.764,50 ; 6.195,27 ; 6.195,27 ; 6.608,28 ; 6.767,97 ; 6.768,08 ; 6.768,08 ; 6.768,08 ; 12.503,32 ; 83.355,49 
PR;JABOTI;4111704; 25.039,71 ; 27.543,69 ; 30.047,66 ; 32.551,63 ; 41.781,14 ; 39.240,95 ; 39.240,95 ; 41.857,01 ; 42.763,46 ; 42.855,08 ; 42.855,08 ; 42.855,08 ; 79.170,25 ; 527.801,69 
PR;JAGUARIAIVA;4112009; 139.346,61 ; 153.281,27 ; 167.215,93 ; 181.150,59 ; 209.502,70 ; 212.624,29 ; 212.624,29 ; 226.799,25 ; 231.749,66 ; 232.212,45 ; 232.212,45 ; 232.212,45 ; 428.988,00 ; 2.859.919,94 
PR;JANIOPOLIS;4112207; 10.219,02 ; 11.240,93 ; 12.262,83 ; 13.284,73 ; 20.880,07 ; 16.971,89 ; 16.971,89 ; 18.103,35 ; 18.540,85 ; 18.541,11 ; 18.541,11 ; 18.541,11 ; 34.252,74 ; 228.351,63 
PR;JAPIRA;4112306; 18.735,63 ; 20.609,19 ; 22.482,76 ; 24.356,32 ; 34.077,88 ; 30.065,43 ; 30.065,43 ; 32.069,79 ; 32.771,86 ; 32.835,50 ; 32.835,50 ; 32.835,50 ; 60.660,13 ; 404.400,92 
PR;JAPURA;4112405; 36.497,19 ; 40.146,91 ; 43.796,63 ; 47.446,35 ; 56.781,83 ; 56.167,22 ; 56.167,22 ; 59.911,70 ; 61.211,62 ; 61.340,61 ; 61.340,61 ; 61.340,61 ; 113.320,32 ; 755.468,82 
PR;JARDIM OLINDA;4112603; 2.895,72 ; 3.185,29 ; 3.474,86 ; 3.764,43 ; 4.037,80 ; 4.339,50 ; 4.339,50 ; 4.628,80 ; 4.740,67 ; 4.740,73 ; 4.740,73 ; 4.740,73 ; 8.758,01 ; 58.386,77 
PR;JATAIZINHO;4112702; 46.595,91 ; 51.255,50 ; 55.915,10 ; 60.574,69 ; 75.478,99 ; 72.455,06 ; 72.455,06 ; 77.285,40 ; 78.977,13 ; 79.130,68 ; 79.130,68 ; 79.130,68 ; 146.185,57 ; 974.570,45 
PR;JESUITAS;4112751; 25.556,90 ; 28.112,59 ; 30.668,28 ; 33.223,97 ; 44.684,74 ; 40.561,61 ; 40.561,61 ; 43.265,71 ; 44.208,69 ; 44.298,19 ; 44.298,19 ; 44.298,19 ; 81.836,23 ; 545.574,90 
PR;JOAQUIM TAVORA;4112801; 66.365,46 ; 73.002,00 ; 79.638,55 ; 86.275,09 ; 108.080,82 ; 103.340,50 ; 103.340,50 ; 110.229,87 ; 112.612,99 ; 112.857,75 ; 112.857,75 ; 112.857,75 ; 208.492,77 ; 1.389.951,80 
PR;JUNDIAI DO SUL;4112900; 14.510,00 ; 15.961,00 ; 17.412,00 ; 18.863,00 ; 28.783,40 ; 23.882,34 ; 23.882,34 ; 25.474,50 ; 26.030,62 ; 26.082,53 ; 26.082,53 ; 26.082,53 ; 48.184,72 ; 321.231,51 
PR;JURANDA;4112959; 29.669,76 ; 32.636,73 ; 35.603,71 ; 38.570,69 ; 45.753,08 ; 45.558,48 ; 45.558,48 ; 48.595,71 ; 49.656,49 ; 49.755,60 ; 49.755,60 ; 49.755,60 ; 91.918,22 ; 612.788,15 
PR;JUSSARA;4113007; 26.461,63 ; 29.107,80 ; 31.753,96 ; 34.400,12 ; 44.503,33 ; 41.556,70 ; 41.556,70 ; 44.327,15 ; 45.296,69 ; 45.385,41 ; 45.385,41 ; 45.385,41 ; 83.844,75 ; 558.965,06 
PR;KALORE;4113106; 19.391,53 ; 21.330,68 ; 23.269,84 ; 25.208,99 ; 35.708,88 ; 31.227,47 ; 31.227,47 ; 33.309,30 ; 34.034,54 ; 34.104,07 ; 34.104,07 ; 34.104,07 ; 63.003,68 ; 420.024,59 
PR;LAPA;4113205; 174.593,55 ; 192.052,91 ; 209.512,26 ; 226.971,62 ; 267.975,08 ; 267.776,36 ; 267.776,36 ; 285.628,12 ; 291.859,31 ; 292.445,00 ; 292.445,00 ; 292.445,00 ; 540.261,28 ; 3.601.741,85 
PR;LARANJAL;4113254; 24.064,25 ; 26.470,68 ; 28.877,10 ; 31.283,53 ; 39.650,52 ; 37.586,51 ; 37.586,51 ; 40.092,28 ; 40.975,43 ; 41.050,27 ; 41.050,27 ; 41.050,27 ; 75.836,04 ; 505.573,66 
PR;LEOPOLIS;4113403; 19.056,76 ; 20.962,44 ; 22.868,11 ; 24.773,79 ; 26.581,02 ; 28.560,51 ; 28.560,51 ; 30.464,54 ; 31.121,56 ; 31.190,61 ; 31.190,61 ; 31.190,61 ; 57.621,36 ; 384.142,43 
PR;LINDOESTE;4113452; 28.088,97 ; 30.897,87 ; 33.706,77 ; 36.515,67 ; 50.241,77 ; 44.862,75 ; 44.862,75 ; 47.853,60 ; 48.897,19 ; 48.995,64 ; 48.995,64 ; 48.995,64 ; 90.514,28 ; 603.428,54 
PR;LOBATO;4113601; 9.073,44 ; 9.980,79 ; 10.888,13 ; 11.795,48 ; 14.582,86 ; 14.080,16 ; 14.080,16 ; 15.018,83 ; 15.381,77 ; 15.382,01 ; 15.382,01 ; 15.382,01 ; 28.416,64 ; 189.444,29 
PR;LUIZIANA;4113734; 26.338,58 ; 28.972,44 ; 31.606,30 ; 34.240,15 ; 36.736,41 ; 39.473,45 ; 39.473,45 ; 42.105,01 ; 43.026,82 ; 43.110,34 ; 43.110,34 ; 43.110,34 ; 79.641,81 ; 530.945,44 
PR;LUNARDELLI;4113759; 18.928,01 ; 20.820,81 ; 22.713,61 ; 24.606,41 ; 26.400,44 ; 28.367,31 ; 28.367,31 ; 30.258,47 ; 30.919,65 ; 30.980,76 ; 30.980,76 ; 30.980,76 ; 57.233,69 ; 381.557,99 
PR;MALLET;4113908; 49.867,58 ; 54.854,33 ; 59.841,09 ; 64.827,85 ; 75.438,69 ; 76.207,40 ; 76.207,40 ; 81.287,89 ; 83.058,66 ; 83.227,58 ; 83.227,58 ; 83.227,58 ; 153.754,18 ; 1.025.027,81 
PR;MAMBORE;4114005; 51.543,85 ; 56.698,23 ; 61.852,62 ; 67.007,00 ; 80.631,53 ; 79.433,33 ; 79.433,33 ; 84.728,89 ; 86.575,44 ; 86.750,80 ; 86.750,80 ; 86.750,80 ; 160.262,94 ; 1.068.419,56 
PR;MANDAGUARI;4114203; 72.075,32 ; 79.282,85 ; 86.490,39 ; 93.697,92 ; 109.774,06 ; 110.330,15 ; 110.330,15 ; 117.685,50 ; 120.529,61 ; 120.531,26 ; 120.531,26 ; 120.531,26 ; 222.668,78 ; 1.484.458,51 
PR;MANGUEIRINHA;4114401; 75.003,18 ; 82.503,49 ; 90.003,81 ; 97.504,13 ; 120.420,20 ; 116.358,72 ; 116.358,72 ; 124.115,97 ; 126.826,73 ; 127.078,56 ; 127.078,56 ; 127.078,56 ; 234.764,24 ; 1.565.094,87 
PR;MARIA HELENA;4114708; 11.324,56 ; 12.457,02 ; 13.589,48 ; 14.721,94 ; 18.230,32 ; 17.580,82 ; 17.580,82 ; 18.752,87 ; 19.206,06 ; 19.206,34 ; 19.206,34 ; 19.206,34 ; 35.481,68 ; 236.544,59 
PR;MARILENA;4115002; 15.587,72 ; 17.146,49 ; 18.705,26 ; 20.264,03 ; 25.919,01 ; 24.405,61 ; 24.405,61 ; 26.032,65 ; 26.661,77 ; 26.662,15 ; 26.662,15 ; 26.662,15 ; 49.255,51 ; 328.370,11 
PR;MARILUZ;4115101; 40.262,71 ; 44.288,99 ; 48.315,26 ; 52.341,53 ; 56.157,58 ; 60.341,51 ; 60.341,51 ; 64.364,28 ; 65.771,54 ; 65.900,82 ; 65.900,82 ; 65.900,82 ; 121.744,82 ; 811.632,19 
PR;MARIPA;4115358; 30.184,82 ; 33.203,30 ; 36.221,78 ; 39.240,26 ; 42.101,97 ; 45.238,03 ; 45.238,03 ; 48.253,90 ; 49.301,41 ; 49.404,84 ; 49.404,84 ; 49.404,84 ; 91.270,23 ; 608.468,25 
PR;MARMELEIRO;4115408; 28.118,91 ; 30.930,80 ; 33.742,69 ; 36.554,58 ; 45.304,59 ; 43.662,88 ; 43.662,88 ; 46.573,73 ; 47.699,26 ; 47.699,94 ; 47.699,94 ; 47.699,94 ; 88.120,61 ; 587.470,75 
PR;MARQUINHO;4115457; 20.134,28 ; 22.147,71 ; 24.161,14 ; 26.174,57 ; 32.838,77 ; 31.364,11 ; 31.364,11 ; 33.455,05 ; 34.183,63 ; 34.253,32 ; 34.253,32 ; 34.253,32 ; 63.279,40 ; 421.862,73 
PR;MARUMBI;4115507; 9.199,65 ; 10.119,62 ; 11.039,58 ; 11.959,55 ; 17.659,68 ; 14.994,50 ; 14.994,50 ; 15.994,14 ; 16.380,68 ; 16.380,89 ; 16.380,89 ; 16.380,89 ; 30.261,98 ; 201.746,55 
PR;MATELANDIA;4115606; 100.705,49 ; 110.776,03 ; 120.846,58 ; 130.917,13 ; 159.786,05 ; 155.757,84 ; 155.757,84 ; 166.141,70 ; 169.739,21 ; 170.103,26 ; 170.103,26 ; 170.103,26 ; 314.247,82 ; 2.094.985,47 
PR;MATINHOS;4115705; 88.755,73 ; 97.631,30 ; 106.506,88 ; 115.382,45 ; 133.462,75 ; 135.434,79 ; 135.434,79 ; 144.463,77 ; 147.955,00 ; 147.957,07 ; 147.957,07 ; 147.957,07 ; 273.335,06 ; 1.822.233,73 
PR;MATO RICO;4115739; 7.713,32 ; 8.484,65 ; 9.255,99 ; 10.027,32 ; 13.866,38 ; 12.336,90 ; 12.336,90 ; 13.159,36 ; 13.477,36 ; 13.477,57 ; 13.477,57 ; 13.477,57 ; 24.898,39 ; 165.989,28 
PR;MAUA DA SERRA;4115754; 50.610,37 ; 55.671,40 ; 60.732,44 ; 65.793,48 ; 85.512,46 ; 79.580,06 ; 79.580,06 ; 84.885,40 ; 86.731,00 ; 86.910,46 ; 86.910,46 ; 86.910,46 ; 160.557,90 ; 1.070.385,95 
PR;MERCEDES;4115853; 31.575,92 ; 34.733,51 ; 37.891,11 ; 41.048,70 ; 44.042,93 ; 47.323,04 ; 47.323,04 ; 50.477,91 ; 51.567,78 ; 51.681,10 ; 51.681,10 ; 51.681,10 ; 95.475,39 ; 636.502,63 
PR;MIRADOR;4115903; 10.235,61 ; 11.259,17 ; 12.282,74 ; 13.306,30 ; 14.276,61 ; 15.340,10 ; 15.340,10 ; 16.362,77 ; 16.719,10 ; 16.753,20 ; 16.753,20 ; 16.753,20 ; 30.949,78 ; 206.331,88 
PR;MIRASELVA;4116000; 8.328,07 ; 9.160,88 ; 9.993,69 ; 10.826,50 ; 11.615,93 ; 12.481,25 ; 12.481,25 ; 13.313,34 ; 13.603,99 ; 13.631,10 ; 13.631,10 ; 13.631,10 ; 25.182,03 ; 167.880,23 
PR;MISSAL;4116059; 47.291,81 ; 52.020,99 ; 56.750,17 ; 61.479,35 ; 74.360,73 ; 72.975,77 ; 72.975,77 ; 77.840,82 ; 79.535,59 ; 79.698,14 ; 79.698,14 ; 79.698,14 ; 147.233,91 ; 981.559,33 
PR;MORRETES;4116208; 37.459,71 ; 41.205,68 ; 44.951,65 ; 48.697,62 ; 57.146,23 ; 57.365,20 ; 57.365,20 ; 61.189,55 ; 62.668,31 ; 62.669,18 ; 62.669,18 ; 62.669,18 ; 115.774,71 ; 771.831,40 
PR;MUNHOZ DE MELO;4116307; 20.707,78 ; 22.778,56 ; 24.849,34 ; 26.920,12 ; 28.883,28 ; 31.034,76 ; 31.034,76 ; 33.103,74 ; 33.823,29 ; 33.893,45 ; 33.893,45 ; 33.893,45 ; 62.614,58 ; 417.430,56 
PR;NOVA CANTU;4116802; 14.943,45 ; 16.437,79 ; 17.932,14 ; 19.426,48 ; 24.269,68 ; 23.252,38 ; 23.252,38 ; 24.802,54 ; 25.401,95 ; 25.402,29 ; 25.402,29 ; 25.402,29 ; 46.928,05 ; 312.853,71 
PR;NOVA ESPERANCA DO SUDOESTE;4116950; 11.755,75 ; 12.931,32 ; 14.106,90 ; 15.282,47 ; 20.796,22 ; 18.718,16 ; 18.718,16 ; 19.966,04 ; 20.448,56 ; 20.448,84 ; 20.448,84 ; 20.448,84 ; 37.777,07 ; 251.847,17 
PR;NOVA LARANJEIRAS;4117057; 32.141,95 ; 35.356,15 ; 38.570,34 ; 41.784,54 ; 54.529,77 ; 50.595,67 ; 50.595,67 ; 53.968,71 ; 55.148,96 ; 55.257,14 ; 55.257,14 ; 55.257,14 ; 102.081,73 ; 680.544,91 
PR;NOVA LONDRINA;4117107; 27.354,85 ; 30.090,33 ; 32.825,82 ; 35.561,30 ; 44.153,61 ; 42.496,47 ; 42.496,47 ; 45.329,57 ; 46.425,07 ; 46.425,68 ; 46.425,68 ; 46.425,68 ; 85.766,56 ; 571.777,09 
PR;NOVA OLIMPIA;4117206; 26.438,28 ; 29.082,11 ; 31.725,94 ; 34.369,76 ; 44.334,71 ; 41.487,69 ; 41.487,69 ; 44.253,54 ; 45.214,62 ; 45.309,12 ; 45.309,12 ; 45.309,12 ; 83.703,82 ; 558.025,52 
PR;NOVA PRATA DO IGUACU;4117255; 52.465,35 ; 57.711,89 ; 62.958,42 ; 68.204,96 ; 92.359,52 ; 83.425,05 ; 83.425,05 ; 88.986,72 ; 90.920,20 ; 91.109,45 ; 91.109,45 ; 91.109,45 ; 168.315,10 ; 1.122.100,61 
PR;NOVA SANTA BARBARA;4117214; 18.985,70 ; 20.884,27 ; 22.782,85 ; 24.681,42 ; 34.700,67 ; 30.508,71 ; 30.508,71 ; 32.542,63 ; 33.256,05 ; 33.319,77 ; 33.319,77 ; 33.319,77 ; 61.554,76 ; 410.365,08 
PR;NOVO ITACOLOMI;4117297; 13.400,29 ; 14.740,31 ; 16.080,34 ; 17.420,37 ; 17.495,52 ; 19.784,19 ; 19.784,19 ; 21.103,14 ; 21.560,51 ; 21.606,39 ; 21.606,39 ; 21.606,39 ; 39.915,53 ; 266.103,56 
PR;ORTIGUEIRA;4117305; 91.338,04 ; 100.471,85 ; 109.605,65 ; 118.739,46 ; 142.165,48 ; 140.580,13 ; 140.580,13 ; 149.952,14 ; 153.231,26 ; 153.531,98 ; 153.531,98 ; 153.531,98 ; 283.634,14 ; 1.890.894,22 
PR;OURIZONA;4117404; 13.577,28 ; 14.935,00 ; 16.292,73 ; 17.650,46 ; 18.937,65 ; 20.348,27 ; 20.348,27 ; 21.704,82 ; 22.176,60 ; 22.222,60 ; 22.222,60 ; 22.222,60 ; 41.053,91 ; 273.692,79 
PR;OURO VERDE DO OESTE;4117453; 31.691,10 ; 34.860,21 ; 38.029,32 ; 41.198,43 ; 44.202,49 ; 47.495,38 ; 47.495,38 ; 50.661,74 ; 51.765,47 ; 51.870,65 ; 51.870,65 ; 51.870,65 ; 95.825,55 ; 638.837,02 
PR;PALMAS;4117602; 200.916,35 ; 221.007,98 ; 241.099,61 ; 261.191,25 ; 311.234,73 ; 308.862,50 ; 308.862,50 ; 329.453,33 ; 336.693,33 ; 337.323,22 ; 337.323,22 ; 337.323,22 ; 623.169,05 ; 4.154.460,29 
PR;PALOTINA;4117909; 72.039,82 ; 79.243,80 ; 86.447,79 ; 93.651,77 ; 109.497,97 ; 110.220,31 ; 110.220,31 ; 117.568,33 ; 120.409,60 ; 120.411,26 ; 120.411,26 ; 120.411,26 ; 222.447,09 ; 1.482.980,57 
PR;PARAISO DO NORTE;4118006; 63.864,04 ; 70.250,44 ; 76.636,84 ; 83.023,25 ; 109.251,21 ; 100.756,46 ; 100.756,46 ; 107.473,56 ; 109.811,86 ; 110.037,71 ; 110.037,71 ; 110.037,71 ; 203.283,05 ; 1.355.220,30 
PR;PARANÁ;41; 31.033.817,97 ; 34.137.199,76 ; 37.240.581,56 ; 40.343.963,35 ; 43.851.946,59 ; 46.651.877,32 ; 46.651.877,32 ; 49.762.002,48 ; 50.858.061,57 ; 50.951.037,35 ; 50.951.037,35 ; 50.951.037,35 ; 94.126.665,88 ; 627.511.105,85 
PR;PARANACITY;4118105; 41.675,12 ; 45.842,63 ; 50.010,15 ; 54.177,66 ; 74.387,07 ; 66.523,17 ; 66.523,17 ; 70.958,05 ; 72.500,93 ; 72.650,87 ; 72.650,87 ; 72.650,87 ; 134.214,81 ; 894.765,37 
PR;PARANAPOEMA;4118303; 5.579,25 ; 6.137,17 ; 6.695,10 ; 7.253,02 ; 7.779,62 ; 8.361,02 ; 8.361,02 ; 8.918,43 ; 9.133,97 ; 9.134,08 ; 9.134,08 ; 9.134,08 ; 16.874,26 ; 112.495,10 
PR;PARANAVAI;4118402; 378.044,25 ; 415.848,68 ; 453.653,10 ; 491.457,53 ; 564.986,04 ; 575.997,42 ; 575.997,42 ; 614.397,24 ; 627.704,37 ; 629.047,71 ; 629.047,71 ; 629.047,71 ; 1.162.099,27 ; 7.747.328,45 
PR;PATO BRAGADO;4118451; 34.210,60 ; 37.631,66 ; 41.052,72 ; 44.473,78 ; 47.717,05 ; 51.271,43 ; 51.271,43 ; 54.689,53 ; 55.878,11 ; 55.994,16 ; 55.994,16 ; 55.994,16 ; 103.443,31 ; 689.622,10 
PR;PAULO FRONTIN;4118709; 11.597,98 ; 12.757,77 ; 13.917,57 ; 15.077,37 ; 20.193,09 ; 18.385,93 ; 18.385,93 ; 19.611,66 ; 20.085,62 ; 20.085,89 ; 20.085,89 ; 20.085,89 ; 37.106,57 ; 247.377,16 
PR;PEABIRU;4118808; 27.110,57 ; 29.821,63 ; 32.532,68 ; 35.243,74 ; 37.481,58 ; 40.547,55 ; 40.547,55 ; 43.250,72 ; 44.295,97 ; 44.296,57 ; 44.296,57 ; 44.296,57 ; 81.833,23 ; 545.554,93 
PR;PEROBAL;4118857; 16.427,59 ; 18.070,35 ; 19.713,11 ; 21.355,87 ; 22.906,27 ; 24.618,28 ; 24.618,28 ; 26.259,50 ; 26.894,12 ; 26.894,48 ; 26.894,48 ; 26.894,48 ; 49.684,73 ; 331.231,54 
PR;PEROLA DOESTE;4119004; 26.422,31 ; 29.064,54 ; 31.706,77 ; 34.349,01 ; 46.144,08 ; 41.921,65 ; 41.921,65 ; 44.716,43 ; 45.688,22 ; 45.783,15 ; 45.783,15 ; 45.783,15 ; 84.579,54 ; 563.863,65 
PR;PINHAO;4119301; 122.693,71 ; 134.963,08 ; 147.232,45 ; 159.501,82 ; 187.509,39 ; 187.975,12 ; 187.975,12 ; 200.506,80 ; 204.912,03 ; 205.296,30 ; 205.296,30 ; 205.296,30 ; 379.263,26 ; 2.528.421,68 
PR;PIRAI DO SUL;4119400; 103.085,60 ; 113.394,15 ; 123.702,71 ; 134.011,27 ; 163.169,47 ; 159.340,81 ; 159.340,81 ; 169.963,53 ; 173.674,35 ; 174.020,33 ; 174.020,33 ; 174.020,33 ; 321.484,19 ; 2.143.227,88 
PR;PITANGA;4119608; 130.579,33 ; 143.637,26 ; 156.695,19 ; 169.753,12 ; 207.487,76 ; 202.038,18 ; 202.038,18 ; 215.507,39 ; 220.214,00 ; 220.651,44 ; 220.651,44 ; 220.651,44 ; 407.630,25 ; 2.717.534,98 
PR;PONTA GROSSA;4119905; 1.181.524,30 ; 1.299.676,73 ; 1.417.829,15 ; 1.535.981,58 ; 1.741.322,35 ; 1.794.083,53 ; 1.794.083,53 ; 1.913.689,10 ; 1.955.541,17 ; 1.959.375,60 ; 1.959.375,60 ; 1.959.375,60 ; 3.619.739,69 ; 24.131.597,93 
PR;PONTAL DO PARANA;4119954; 73.171,36 ; 80.488,49 ; 87.805,63 ; 95.122,76 ; 102.028,25 ; 109.654,13 ; 109.654,13 ; 116.964,41 ; 119.791,07 ; 119.792,74 ; 119.792,74 ; 119.792,74 ; 221.304,44 ; 1.475.362,89 
PR;PORTO AMAZONAS;4120101; 18.987,07 ; 20.885,78 ; 22.784,49 ; 24.683,20 ; 32.867,53 ; 30.052,01 ; 30.052,01 ; 32.055,48 ; 32.755,82 ; 32.820,66 ; 32.820,66 ; 32.820,66 ; 60.632,71 ; 404.218,08 
PR;PORTO BARREIRO;4120150; 12.843,83 ; 14.128,22 ; 15.412,60 ; 16.696,99 ; 17.914,53 ; 19.249,04 ; 19.249,04 ; 20.532,31 ; 20.979,39 ; 21.022,22 ; 21.022,22 ; 21.022,22 ; 38.836,34 ; 258.908,95 
PR;PORTO VITORIA;4120309; 17.901,94 ; 19.692,13 ; 21.482,32 ; 23.272,52 ; 24.969,78 ; 26.829,66 ; 26.829,66 ; 28.618,31 ; 29.239,36 ; 29.300,88 ; 29.300,88 ; 29.300,88 ; 54.130,29 ; 360.868,61 
PR;PRADO FERREIRA;4120333; 20.337,53 ; 22.371,28 ; 24.405,03 ; 26.438,78 ; 33.338,52 ; 31.722,77 ; 31.722,77 ; 33.837,62 ; 34.571,33 ; 34.644,60 ; 34.644,60 ; 34.644,60 ; 64.002,25 ; 426.681,68 
PR;PRIMEIRO DE MAIO;4120507; 30.698,90 ; 33.768,79 ; 36.838,68 ; 39.908,57 ; 51.861,82 ; 48.269,17 ; 48.269,17 ; 51.487,12 ; 52.615,55 ; 52.716,62 ; 52.716,62 ; 52.716,62 ; 97.388,40 ; 649.256,03 
PR;QUATRO BARRAS;4120804; 96.789,20 ; 106.468,12 ; 116.147,04 ; 125.825,96 ; 135.000,79 ; 145.057,79 ; 145.057,79 ; 154.728,31 ; 158.098,30 ; 158.420,36 ; 158.420,36 ; 158.420,36 ; 292.664,90 ; 1.951.099,28 
PR;QUATRO PONTES;4120853; 23.884,79 ; 26.273,27 ; 28.661,75 ; 31.050,23 ; 33.314,23 ; 35.796,05 ; 35.796,05 ; 38.182,46 ; 39.015,76 ; 39.093,77 ; 39.093,77 ; 39.093,77 ; 72.221,62 ; 481.477,52 
PR;QUEDAS DO IGUACU;4120903; 132.638,92 ; 145.902,81 ; 159.166,70 ; 172.430,60 ; 210.964,83 ; 205.275,98 ; 205.275,98 ; 218.961,05 ; 223.738,29 ; 224.186,89 ; 224.186,89 ; 224.186,89 ; 414.161,62 ; 2.761.077,45 
PR;RAMILANDIA;4121257; 23.040,94 ; 25.345,03 ; 27.649,13 ; 29.953,22 ; 32.137,80 ; 34.531,52 ; 34.531,52 ; 36.833,62 ; 37.632,00 ; 37.712,01 ; 37.712,01 ; 37.712,01 ; 69.668,96 ; 464.459,77 
PR;RESERVA DO IGUACU;4121752; 37.288,69 ; 41.017,56 ; 44.746,43 ; 48.475,30 ; 62.391,66 ; 58.479,90 ; 58.479,90 ; 62.378,56 ; 63.738,16 ; 63.867,14 ; 63.867,14 ; 63.867,14 ; 117.987,80 ; 786.585,38 
PR;RIBEIRAO DO PINHAL;4121901; 28.350,23 ; 31.185,25 ; 34.020,27 ; 36.855,29 ; 46.878,00 ; 44.322,25 ; 44.322,25 ; 47.277,07 ; 48.419,63 ; 48.420,28 ; 48.420,28 ; 48.420,28 ; 89.451,36 ; 596.342,44 
PR;RIO AZUL;4122008; 54.804,05 ; 60.284,46 ; 65.764,86 ; 71.245,27 ; 86.521,38 ; 84.655,01 ; 84.655,01 ; 90.298,68 ; 92.272,37 ; 92.454,28 ; 92.454,28 ; 92.454,28 ; 170.799,52 ; 1.138.663,45 
PR;RIO BONITO DO IGUACU;4122156; 60.385,87 ; 66.424,45 ; 72.463,04 ; 78.501,62 ; 100.915,93 ; 94.672,75 ; 94.672,75 ; 100.984,27 ; 103.184,60 ; 103.394,02 ; 103.394,02 ; 103.394,02 ; 191.009,54 ; 1.273.396,88 
PR;RIO BRANCO DO SUL;4122206; 77.371,88 ; 85.109,07 ; 92.846,25 ; 100.583,44 ; 102.886,84 ; 114.699,38 ; 114.699,38 ; 122.346,01 ; 125.302,75 ; 125.304,47 ; 125.304,47 ; 125.304,47 ; 231.486,78 ; 1.543.245,19 
PR;RIO NEGRO;4122305; 132.803,59 ; 146.083,94 ; 159.364,30 ; 172.644,66 ; 195.352,66 ; 201.562,31 ; 201.562,31 ; 214.999,80 ; 219.673,67 ; 220.128,83 ; 220.128,83 ; 220.128,83 ; 406.664,78 ; 2.711.098,51 
PR;RONCADOR;4122503; 42.064,95 ; 46.271,44 ; 50.477,94 ; 54.684,43 ; 66.828,36 ; 65.081,77 ; 65.081,77 ; 69.420,56 ; 70.932,58 ; 71.077,04 ; 71.077,04 ; 71.077,04 ; 131.307,35 ; 875.382,27 
PR;RONDON;4122602; 37.883,20 ; 41.671,52 ; 45.459,84 ; 49.248,16 ; 63.230,40 ; 59.373,27 ; 59.373,27 ; 63.331,49 ; 64.715,74 ; 64.843,33 ; 64.843,33 ; 64.843,33 ; 119.791,21 ; 798.608,09 
PR;SABAUDIA;4122701; 49.793,08 ; 54.772,39 ; 59.751,70 ; 64.731,01 ; 77.424,16 ; 76.618,11 ; 76.618,11 ; 81.725,98 ; 83.499,08 ; 83.675,16 ; 83.675,16 ; 83.675,16 ; 154.581,02 ; 1.030.540,12 
PR;SALTO DO LONTRA;4123006; 60.949,06 ; 67.043,97 ; 73.138,87 ; 79.233,78 ; 96.931,06 ; 94.324,20 ; 94.324,20 ; 100.612,48 ; 102.800,28 ; 103.012,77 ; 103.012,77 ; 103.012,77 ; 190.305,22 ; 1.268.701,43 
PR;SANTA CECILIA DO PAVAO;4123204; 7.516,46 ; 8.268,11 ; 9.019,76 ; 9.771,40 ; 15.308,28 ; 12.471,00 ; 12.471,00 ; 13.302,40 ; 13.623,90 ; 13.624,06 ; 13.624,06 ; 13.624,06 ; 25.169,02 ; 167.793,51 
PR;SANTA CRUZ DE MONTE CASTELO;4123303; 42.780,22 ; 47.058,24 ; 51.336,27 ; 55.614,28 ; 72.634,52 ; 67.355,90 ; 67.355,90 ; 71.846,30 ; 73.404,85 ; 73.559,81 ; 73.559,81 ; 73.559,81 ; 135.893,99 ; 905.959,90 
PR;SANTA INES;4123600; 8.049,98 ; 8.854,98 ; 9.659,98 ; 10.464,98 ; 11.228,11 ; 12.064,48 ; 12.064,48 ; 12.868,78 ; 13.149,36 ; 13.175,90 ; 13.175,90 ; 13.175,90 ; 24.341,08 ; 162.273,91 
PR;SANTA LUCIA;4123824; 7.153,46 ; 7.868,80 ; 8.584,15 ; 9.299,49 ; 9.974,67 ; 10.720,13 ; 10.720,13 ; 11.434,80 ; 11.711,14 ; 11.711,31 ; 11.711,31 ; 11.711,31 ; 21.635,41 ; 144.236,11 
PR;SANTA MARIA DO OESTE;4123857; 38.887,23 ; 42.775,96 ; 46.664,68 ; 50.553,40 ; 65.418,21 ; 61.074,85 ; 61.074,85 ; 65.146,51 ; 66.577,67 ; 66.702,65 ; 66.702,65 ; 66.702,65 ; 123.226,11 ; 821.507,42 
PR;SANTA MARIANA;4123907; 17.080,10 ; 18.788,11 ; 20.496,13 ; 22.204,14 ; 30.732,59 ; 27.325,25 ; 27.325,25 ; 29.146,94 ; 29.851,34 ; 29.851,74 ; 29.851,74 ; 29.851,74 ; 55.147,95 ; 367.653,02 
PR;SANTA TEREZA DO OESTE;4124020; 33.417,54 ; 36.759,30 ; 40.101,05 ; 43.442,81 ; 51.304,95 ; 51.256,40 ; 51.256,40 ; 54.673,49 ; 55.994,77 ; 55.995,56 ; 55.995,56 ; 55.995,56 ; 103.445,89 ; 689.639,28 
PR;SANTA TEREZINHA DE ITAIPU;4124053; 109.616,40 ; 120.578,04 ; 131.539,68 ; 142.501,32 ; 163.294,83 ; 166.882,58 ; 166.882,58 ; 178.008,09 ; 181.865,21 ; 182.252,96 ; 182.252,96 ; 182.252,96 ; 336.693,11 ; 2.244.620,72 
PR;SANTANA DO ITARARE;4124004; 25.364,45 ; 27.900,89 ; 30.437,34 ; 32.973,79 ; 43.117,67 ; 39.948,52 ; 39.948,52 ; 42.611,76 ; 43.538,35 ; 43.628,34 ; 43.628,34 ; 43.628,34 ; 80.598,75 ; 537.325,06 
PR;SANTO ANTONIO DO CAIUA;4124202; 11.118,10 ; 12.229,91 ; 13.341,73 ; 14.453,54 ; 21.388,35 ; 18.132,89 ; 18.132,89 ; 19.341,75 ; 19.764,07 ; 19.803,41 ; 19.803,41 ; 19.803,41 ; 36.584,72 ; 243.898,18 
PR;SANTO ANTONIO DO PARAISO;4124301; 9.226,37 ; 10.149,01 ; 11.071,65 ; 11.994,28 ; 15.081,28 ; 14.380,62 ; 14.380,62 ; 15.339,33 ; 15.674,27 ; 15.705,47 ; 15.705,47 ; 15.705,47 ; 29.014,20 ; 193.428,04 
PR;SANTO ANTONIO DO SUDOESTE;4124400; 91.440,34 ; 100.584,38 ; 109.728,41 ; 118.872,44 ; 144.222,16 ; 141.211,94 ; 141.211,94 ; 150.626,07 ; 153.919,47 ; 154.221,95 ; 154.221,95 ; 154.221,95 ; 284.908,77 ; 1.899.391,77 
PR;SAO CARLOS DO IVAI;4124608; 30.428,16 ; 33.470,98 ; 36.513,80 ; 39.556,61 ; 52.235,87 ; 48.051,34 ; 48.051,34 ; 51.254,77 ; 52.375,47 ; 52.478,37 ; 52.478,37 ; 52.478,37 ; 96.948,25 ; 646.321,70 
PR;SAO JOAO;4124806; 54.765,01 ; 60.241,51 ; 65.718,01 ; 71.194,51 ; 92.096,75 ; 86.003,96 ; 86.003,96 ; 91.737,56 ; 93.731,60 ; 93.926,02 ; 93.926,02 ; 93.926,02 ; 173.518,40 ; 1.156.789,33 
PR;SAO JOAO DO CAIUA;4124905; 32.931,39 ; 36.224,53 ; 39.517,67 ; 42.810,81 ; 56.967,52 ; 52.112,97 ; 52.112,97 ; 55.587,16 ; 56.790,71 ; 56.912,60 ; 56.912,60 ; 56.912,60 ; 105.140,03 ; 700.933,56 
PR;SAO JORGE DO IVAI;4125308; 21.113,04 ; 23.224,35 ; 25.335,65 ; 27.446,96 ; 33.171,14 ; 32.572,78 ; 32.572,78 ; 34.744,30 ; 35.499,27 ; 35.573,11 ; 35.573,11 ; 35.573,11 ; 65.717,57 ; 438.117,17 
PR;SAO JORGE DO PATROCINIO;4125357; 13.356,74 ; 14.692,42 ; 16.028,09 ; 17.363,76 ; 18.624,38 ; 20.016,33 ; 20.016,33 ; 21.350,75 ; 21.866,72 ; 21.867,04 ; 21.867,04 ; 21.867,04 ; 40.397,05 ; 269.313,69 
PR;SAO JORGE DOESTE;4125209; 20.591,29 ; 22.650,42 ; 24.709,55 ; 26.768,68 ; 34.894,30 ; 32.403,55 ; 32.403,55 ; 34.563,78 ; 35.399,09 ; 35.399,57 ; 35.399,57 ; 35.399,57 ; 65.396,98 ; 435.979,90 
PR;SAO JOSE DA BOA VISTA;4125407; 11.518,94 ; 12.670,83 ; 13.822,73 ; 14.974,62 ; 19.243,74 ; 18.057,71 ; 18.057,71 ; 19.261,56 ; 19.727,07 ; 19.727,32 ; 19.727,32 ; 19.727,32 ; 36.444,15 ; 242.961,02 
PR;SAO JOSE DAS PALMEIRAS;4125456; 17.300,04 ; 19.030,04 ; 20.760,05 ; 22.490,05 ; 24.129,80 ; 25.927,48 ; 25.927,48 ; 27.655,98 ; 28.260,35 ; 28.316,17 ; 28.316,17 ; 28.316,17 ; 52.311,13 ; 348.740,91 
PR;SAO MANOEL DO PARANA;4125555; 9.293,76 ; 10.223,14 ; 11.152,52 ; 12.081,89 ; 12.963,21 ; 13.928,61 ; 13.928,61 ; 14.857,18 ; 15.178,50 ; 15.211,40 ; 15.211,40 ; 15.211,40 ; 28.101,46 ; 187.343,08 
PR;SAO MATEUS DO SUL;4125605; 186.337,06 ; 204.970,76 ; 223.604,47 ; 242.238,18 ; 283.484,39 ; 285.158,74 ; 285.158,74 ; 304.169,32 ; 310.784,82 ; 311.426,01 ; 311.426,01 ; 311.426,01 ; 575.326,68 ; 3.835.511,19 
PR;SAO PEDRO DO IGUACU;4125753; 13.153,89 ; 14.469,27 ; 15.784,66 ; 17.100,05 ; 23.349,54 ; 20.964,33 ; 20.964,33 ; 22.361,95 ; 22.902,36 ; 22.902,69 ; 22.902,69 ; 22.902,69 ; 42.310,31 ; 282.068,76 
PR;SAO PEDRO DO PARANA;4125902; 11.679,84 ; 12.847,82 ; 14.015,81 ; 15.183,79 ; 24.070,80 ; 19.449,50 ; 19.449,50 ; 20.746,14 ; 21.198,23 ; 21.241,20 ; 21.241,20 ; 21.241,20 ; 39.240,88 ; 261.605,91 
PR;SAO SEBASTIAO DA AMOREIRA;4126009; 28.440,76 ; 31.284,83 ; 34.128,91 ; 36.972,98 ; 55.961,76 ; 46.697,29 ; 46.697,29 ; 49.810,44 ; 50.892,28 ; 50.998,59 ; 50.998,59 ; 50.998,59 ; 94.214,52 ; 628.096,83 
PR;SAO TOME;4126108; 11.722,10 ; 12.894,31 ; 14.066,53 ; 15.238,74 ; 19.777,96 ; 18.424,89 ; 18.424,89 ; 19.653,22 ; 20.128,16 ; 20.128,46 ; 20.128,46 ; 20.128,46 ; 37.185,20 ; 247.901,38 
PR;SAPOPEMA;4126207; 35.031,89 ; 38.535,08 ; 42.038,27 ; 45.541,46 ; 65.840,08 ; 56.746,69 ; 56.746,69 ; 60.529,80 ; 61.844,76 ; 61.973,67 ; 61.973,67 ; 61.973,67 ; 114.489,83 ; 763.265,56 
PR;SAUDADE DO IGUACU;4126272; 31.548,59 ; 34.703,45 ; 37.858,31 ; 41.013,17 ; 55.209,78 ; 50.083,31 ; 50.083,31 ; 53.422,19 ; 54.584,60 ; 54.696,78 ; 54.696,78 ; 54.696,78 ; 101.046,53 ; 673.643,58 
PR;SENGES;4126306; 85.152,25 ; 93.667,48 ; 102.182,70 ; 110.697,93 ; 133.974,38 ; 131.418,69 ; 131.418,69 ; 140.179,94 ; 143.222,22 ; 143.523,40 ; 143.523,40 ; 143.523,40 ; 265.144,33 ; 1.767.628,81 
PR;SERRANOPOLIS DO IGUACU;4126355; 23.474,00 ; 25.821,40 ; 28.168,80 ; 30.516,20 ; 32.742,17 ; 35.180,62 ; 35.180,62 ; 37.525,99 ; 38.336,91 ; 38.420,57 ; 38.420,57 ; 38.420,57 ; 70.977,95 ; 473.186,37 
PR;SERTANEJA;4126405; 10.908,43 ; 11.999,27 ; 13.090,12 ; 14.180,96 ; 15.210,46 ; 16.347,31 ; 16.347,31 ; 17.437,13 ; 17.858,54 ; 17.858,78 ; 17.858,78 ; 17.858,78 ; 32.992,21 ; 219.948,08 
PR;SERTANOPOLIS;4126504; 26.917,84 ; 29.609,63 ; 32.301,41 ; 34.993,20 ; 43.420,20 ; 41.810,56 ; 41.810,56 ; 44.597,93 ; 45.675,72 ; 45.676,36 ; 45.676,36 ; 45.676,36 ; 84.382,25 ; 562.548,38 
PR;SULINA;4126652; 13.249,47 ; 14.574,42 ; 15.899,36 ; 17.224,31 ; 28.979,45 ; 22.481,74 ; 22.481,74 ; 23.980,53 ; 24.502,24 ; 24.552,66 ; 24.552,66 ; 24.552,66 ; 45.358,45 ; 302.389,69 
PR;TAPEJARA;4126801; 67.341,58 ; 74.075,74 ; 80.809,90 ; 87.544,06 ; 106.876,90 ; 104.162,06 ; 104.162,06 ; 111.106,20 ; 113.524,31 ; 113.757,12 ; 113.757,12 ; 113.757,12 ; 210.154,27 ; 1.401.028,44 
PR;TEIXEIRA SOARES;4127007; 41.972,01 ; 46.169,21 ; 50.366,41 ; 54.563,61 ; 62.787,76 ; 63.964,74 ; 63.964,74 ; 68.229,06 ; 69.717,20 ; 69.857,38 ; 69.857,38 ; 69.857,38 ; 129.054,15 ; 860.361,03 
PR;TERRA BOA;4127205; 88.268,28 ; 97.095,11 ; 105.921,93 ; 114.748,76 ; 136.108,37 ; 135.535,63 ; 135.535,63 ; 144.571,34 ; 147.695,05 ; 148.017,67 ; 148.017,67 ; 148.017,67 ; 273.447,03 ; 1.822.980,14 
PR;TERRA ROXA;4127403; 78.259,21 ; 86.085,13 ; 93.911,05 ; 101.736,97 ; 125.005,56 ; 121.249,49 ; 121.249,49 ; 129.332,79 ; 132.156,99 ; 132.419,85 ; 132.419,85 ; 132.419,85 ; 244.631,69 ; 1.630.877,92 
PR;TUNAS DO PARANA;4127882; 33.393,15 ; 36.732,47 ; 40.071,78 ; 43.411,10 ; 52.164,89 ; 51.443,34 ; 51.443,34 ; 54.872,89 ; 56.078,24 ; 56.183,61 ; 56.183,61 ; 56.183,61 ; 103.793,29 ; 691.955,32 
PR;TUNEIRAS DO OESTE;4127908; 35.284,55 ; 38.813,01 ; 42.341,47 ; 45.869,92 ; 59.538,00 ; 55.461,73 ; 55.461,73 ; 59.159,18 ; 60.450,01 ; 60.571,11 ; 60.571,11 ; 60.571,11 ; 111.898,75 ; 745.991,68 
PR;TUPASSI;4127957; 16.088,70 ; 17.697,57 ; 19.306,44 ; 20.915,32 ; 25.198,34 ; 24.801,58 ; 24.801,58 ; 26.455,02 ; 27.094,36 ; 27.094,73 ; 27.094,73 ; 27.094,73 ; 50.054,66 ; 333.697,76 
PR;TURVO;4127965; 68.477,55 ; 75.325,31 ; 82.173,06 ; 89.020,82 ; 103.231,70 ; 104.557,12 ; 104.557,12 ; 111.527,59 ; 113.963,09 ; 114.189,67 ; 114.189,67 ; 114.189,67 ; 210.953,37 ; 1.406.355,74 
PR;UNIAO DA VITORIA;4128203; 218.179,94 ; 239.997,94 ; 261.815,93 ; 283.633,93 ; 333.824,27 ; 334.363,02 ; 334.363,02 ; 356.653,89 ; 364.412,85 ; 365.162,98 ; 365.162,98 ; 365.162,98 ; 674.600,07 ; 4.497.333,80 
PR;URAI;4128401; 28.024,22 ; 30.826,64 ; 33.629,06 ; 36.431,48 ; 52.222,28 ; 45.283,40 ; 45.283,40 ; 48.302,29 ; 49.360,26 ; 49.455,66 ; 49.455,66 ; 49.455,66 ; 91.364,11 ; 609.094,12 
PR;VENTANIA;4128534; 42.309,30 ; 46.540,23 ; 50.771,16 ; 55.002,10 ; 57.265,92 ; 62.972,17 ; 62.972,17 ; 67.170,31 ; 68.639,11 ; 68.773,87 ; 68.773,87 ; 68.773,87 ; 127.052,48 ; 847.016,56 
PR;VERA CRUZ DO OESTE;4128559; 30.689,03 ; 33.757,93 ; 36.826,83 ; 39.895,74 ; 52.475,86 ; 48.411,33 ; 48.411,33 ; 51.638,75 ; 52.771,03 ; 52.871,94 ; 52.871,94 ; 52.871,94 ; 97.675,34 ; 651.168,99 
PR;VIRMOND;4128658; 19.037,91 ; 20.941,70 ; 22.845,49 ; 24.749,28 ; 26.554,32 ; 28.532,16 ; 28.532,16 ; 30.434,30 ; 31.094,33 ; 31.160,14 ; 31.160,14 ; 31.160,14 ; 57.565,07 ; 383.767,14 
RN;ACARI;2400109; 23.503,83 ; 25.854,21 ; 28.204,60 ; 30.554,98 ; 32.773,24 ; 35.222,69 ; 35.222,69 ; 37.570,87 ; 38.478,83 ; 38.479,38 ; 38.479,38 ; 38.479,38 ; 71.086,60 ; 473.910,68 
RN;ACU;2400208; 181.367,80 ; 199.504,58 ; 217.641,36 ; 235.778,14 ; 252.961,41 ; 271.813,33 ; 271.813,33 ; 289.934,22 ; 296.330,83 ; 296.863,44 ; 296.863,44 ; 296.863,44 ; 548.423,88 ; 3.656.159,20 
RN;AFONSO BEZERRA;2400307; 20.641,89 ; 22.706,07 ; 24.770,26 ; 26.834,45 ; 28.798,93 ; 30.937,89 ; 30.937,89 ; 33.000,41 ; 33.648,65 ; 33.778,41 ; 33.778,41 ; 33.778,41 ; 62.402,05 ; 416.013,72 
RN;ALEXANDRIA;2400505; 58.010,04 ; 63.811,04 ; 69.612,04 ; 75.413,04 ; 80.910,17 ; 86.939,10 ; 86.939,10 ; 92.735,04 ; 94.770,45 ; 94.949,93 ; 94.949,93 ; 94.949,93 ; 175.409,97 ; 1.169.399,78 
RN;ALMINO AFONSO;2400604; 12.096,89 ; 13.306,58 ; 14.516,27 ; 15.725,96 ; 16.872,11 ; 18.129,43 ; 18.129,43 ; 19.338,06 ; 19.765,15 ; 19.800,29 ; 19.800,29 ; 19.800,29 ; 36.578,95 ; 243.859,70 
RN;ALTO DO RODRIGUES;2400703; 83.913,73 ; 92.305,10 ; 100.696,47 ; 109.087,84 ; 117.040,17 ; 125.760,84 ; 125.760,84 ; 134.144,90 ; 137.084,81 ; 137.348,24 ; 137.348,24 ; 137.348,24 ; 253.736,38 ; 1.691.575,80 
RN;ANGICOS;2400802; 36.999,82 ; 40.699,81 ; 44.399,79 ; 48.099,77 ; 51.605,72 ; 55.451,21 ; 55.451,21 ; 59.147,96 ; 60.449,28 ; 60.561,07 ; 60.561,07 ; 60.561,07 ; 111.880,19 ; 745.867,97 
RN;ANTONIO MARTINS;2400901; 24.581,93 ; 27.040,12 ; 29.498,32 ; 31.956,51 ; 34.286,76 ; 36.840,91 ; 36.840,91 ; 39.296,97 ; 40.152,46 ; 40.234,60 ; 40.234,60 ; 40.234,60 ; 74.329,17 ; 495.527,86 
RN;APODI;2401008; 96.811,22 ; 106.492,34 ; 116.173,47 ; 125.854,59 ; 135.027,51 ; 145.089,79 ; 145.089,79 ; 154.762,44 ; 158.169,69 ; 158.460,20 ; 158.460,20 ; 158.460,20 ; 292.738,49 ; 1.951.589,93 
RN;AUGUSTO SEVERO;2401305; 35.131,10 ; 38.644,21 ; 42.157,32 ; 45.670,43 ; 48.999,67 ; 52.650,66 ; 52.650,66 ; 56.160,71 ; 57.393,04 ; 57.502,02 ; 57.502,02 ; 57.502,02 ; 106.228,91 ; 708.192,77 
RN;BAIA FORMOSA;2401404; 45.604,85 ; 50.165,33 ; 54.725,82 ; 59.286,30 ; 63.607,48 ; 68.347,45 ; 68.347,45 ; 72.903,95 ; 74.508,04 ; 74.645,72 ; 74.645,72 ; 74.645,72 ; 137.900,10 ; 919.333,93 
RN;BARAUNA;2401453; 129.716,71 ; 142.688,38 ; 155.660,05 ; 168.631,72 ; 180.924,49 ; 194.405,36 ; 194.405,36 ; 207.365,72 ; 211.912,32 ; 212.317,81 ; 212.317,81 ; 212.317,81 ; 392.234,75 ; 2.614.898,29 
RN;BREJINHO;2401800; 46.129,58 ; 50.742,54 ; 55.355,50 ; 59.968,46 ; 64.338,67 ; 69.133,70 ; 69.133,70 ; 73.742,62 ; 75.371,07 ; 75.505,22 ; 75.505,22 ; 75.505,22 ; 139.487,92 ; 929.919,42 
RN;CAICARA DO NORTE;2401859; 22.661,57 ; 24.927,73 ; 27.193,88 ; 29.460,04 ; 31.607,55 ; 33.962,67 ; 33.962,67 ; 36.226,85 ; 37.022,44 ; 37.092,16 ; 37.092,16 ; 37.092,16 ; 68.523,86 ; 456.825,74 
RN;CAICO;2402006; 164.392,08 ; 180.831,29 ; 197.270,50 ; 213.709,71 ; 229.284,92 ; 246.372,15 ; 246.372,15 ; 262.796,96 ; 268.592,10 ; 269.077,24 ; 269.077,24 ; 269.077,24 ; 497.091,81 ; 3.313.945,39 
RN;CANGUARETAMA;2402204; 187.918,29 ; 206.710,11 ; 225.501,94 ; 244.293,77 ; 262.098,59 ; 281.630,70 ; 281.630,70 ; 300.406,08 ; 307.024,83 ; 307.584,38 ; 307.584,38 ; 307.584,38 ; 568.229,68 ; 3.788.197,83 
RN;CARAUBAS;2402303; 86.179,34 ; 94.797,27 ; 103.415,20 ; 112.033,14 ; 120.198,22 ; 129.155,80 ; 129.155,80 ; 137.766,19 ; 140.803,27 ; 141.058,39 ; 141.058,39 ; 141.058,39 ; 260.590,49 ; 1.737.269,89 
RN;CARNAUBAIS;2402501; 43.820,90 ; 48.203,00 ; 52.585,09 ; 56.967,17 ; 61.119,19 ; 65.673,84 ; 65.673,84 ; 70.052,09 ; 71.595,09 ; 71.725,96 ; 71.725,96 ; 71.725,96 ; 132.506,14 ; 883.374,23 
RN;CEARA MIRIM;2402600; 321.778,48 ; 353.956,33 ; 386.134,18 ; 418.312,02 ; 448.797,19 ; 482.244,57 ; 482.244,57 ; 514.394,20 ; 525.752,26 ; 526.689,11 ; 526.689,11 ; 526.689,11 ; 973.002,56 ; 6.486.683,69 
RN;CERRO CORA;2402709; 55.345,09 ; 60.879,60 ; 66.414,11 ; 71.948,62 ; 77.192,15 ; 82.944,92 ; 82.944,92 ; 88.474,58 ; 90.425,94 ; 90.588,97 ; 90.588,97 ; 90.588,97 ; 167.353,57 ; 1.115.690,41 
RN;CORONEL EZEQUIEL;2402808; 30.741,81 ; 33.815,99 ; 36.890,17 ; 39.964,35 ; 42.876,73 ; 46.072,25 ; 46.072,25 ; 49.143,74 ; 50.230,04 ; 50.318,51 ; 50.318,51 ; 50.318,51 ; 92.958,14 ; 619.721,00 
RN;CRUZETA;2403004; 36.345,54 ; 39.980,09 ; 43.614,65 ; 47.249,20 ; 50.693,72 ; 54.470,79 ; 54.470,79 ; 58.102,17 ; 59.375,26 ; 59.489,60 ; 59.489,60 ; 59.489,60 ; 109.900,76 ; 732.671,77 
RN;CURRAIS NOVOS;2403103; 79.245,51 ; 87.170,06 ; 95.094,61 ; 103.019,16 ; 110.497,91 ; 118.756,82 ; 118.756,82 ; 126.673,94 ; 129.735,26 ; 129.737,06 ; 129.737,06 ; 129.737,06 ; 239.675,52 ; 1.597.836,79 
RN;DOUTOR SEVERIANO;2403202; 46.835,87 ; 51.519,46 ; 56.203,04 ; 60.886,63 ; 65.324,64 ; 70.192,43 ; 70.192,43 ; 74.871,93 ; 76.517,21 ; 76.660,43 ; 76.660,43 ; 76.660,43 ; 141.622,05 ; 944.146,98 
RN;ENCANTO;2403301; 18.298,20 ; 20.128,02 ; 21.957,84 ; 23.787,66 ; 25.514,62 ; 27.421,57 ; 27.421,57 ; 29.249,67 ; 29.956,54 ; 29.956,96 ; 29.956,96 ; 29.956,96 ; 55.342,33 ; 368.948,90 
RN;EQUADOR;2403400; 30.423,90 ; 33.466,29 ; 36.508,68 ; 39.551,07 ; 42.434,25 ; 45.596,03 ; 45.596,03 ; 48.635,77 ; 49.702,66 ; 49.797,31 ; 49.797,31 ; 49.797,31 ; 91.995,28 ; 613.301,89 
RN;EXTREMOZ;2403608; 322.331,43 ; 354.564,58 ; 386.797,72 ; 419.030,86 ; 449.570,41 ; 483.073,76 ; 483.073,76 ; 515.278,68 ; 526.638,10 ; 527.592,29 ; 527.592,29 ; 527.592,29 ; 974.671,10 ; 6.497.807,27 
RN;FELIPE GUERRA;2403707; 29.845,20 ; 32.829,72 ; 35.814,24 ; 38.798,76 ; 41.626,37 ; 44.728,56 ; 44.728,56 ; 47.710,47 ; 48.763,58 ; 48.850,78 ; 48.850,78 ; 48.850,78 ; 90.246,67 ; 601.644,47 
RN;FERNANDO PEDROZA;2403756; 15.801,95 ; 17.382,15 ; 18.962,34 ; 20.542,54 ; 22.039,69 ; 23.682,16 ; 23.682,16 ; 25.260,97 ; 25.818,37 ; 25.864,70 ; 25.864,70 ; 25.864,70 ; 47.782,31 ; 318.548,74 
RN;GALINHOS;2404101; 18.613,70 ; 20.475,07 ; 22.336,44 ; 24.197,81 ; 25.961,21 ; 27.896,04 ; 27.896,04 ; 29.755,78 ; 30.414,02 ; 30.467,16 ; 30.467,16 ; 30.467,16 ; 56.284,86 ; 375.232,45 
RN;GOVERNADOR DIX-SEPT ROSADO;2404309; 20.651,91 ; 22.717,11 ; 24.782,30 ; 26.847,49 ; 28.812,92 ; 30.952,92 ; 30.952,92 ; 33.016,44 ; 33.664,98 ; 33.794,82 ; 33.794,82 ; 33.794,82 ; 62.432,37 ; 416.215,82 
RN;GUAMARE;2404507; 98.818,40 ; 108.700,24 ; 118.582,08 ; 128.463,92 ; 137.826,17 ; 148.097,71 ; 148.097,71 ; 157.970,89 ; 161.456,77 ; 161.746,38 ; 161.746,38 ; 161.746,38 ; 298.809,36 ; 1.992.062,39 
RN;IPANGUACU;2404705; 58.722,03 ; 64.594,23 ; 70.466,43 ; 76.338,63 ; 81.901,92 ; 88.005,82 ; 88.005,82 ; 93.872,88 ; 95.945,30 ; 96.116,55 ; 96.116,55 ; 96.116,55 ; 177.565,19 ; 1.183.767,90 
RN;IPUEIRA;2404804; 10.305,91 ; 11.336,51 ; 12.367,10 ; 13.397,69 ; 14.374,46 ; 15.445,40 ; 15.445,40 ; 16.475,10 ; 16.835,83 ; 16.868,47 ; 16.868,47 ; 16.868,47 ; 31.162,73 ; 207.751,54 
RN;ITAJA;2404853; 39.704,27 ; 43.674,70 ; 47.645,13 ; 51.615,56 ; 55.377,33 ; 59.504,22 ; 59.504,22 ; 63.471,17 ; 64.871,73 ; 64.988,13 ; 64.988,13 ; 64.988,13 ; 120.058,71 ; 800.391,43 
RN;ITAU;2404903; 11.353,69 ; 12.489,06 ; 13.624,43 ; 14.759,80 ; 15.840,38 ; 17.016,82 ; 17.016,82 ; 18.151,27 ; 18.507,80 ; 18.579,20 ; 18.579,20 ; 18.579,20 ; 34.323,11 ; 228.820,78 
RN;JACANA;2405009; 43.424,66 ; 47.767,13 ; 52.109,60 ; 56.452,05 ; 60.566,81 ; 65.080,05 ; 65.080,05 ; 69.418,72 ; 70.945,33 ; 71.077,12 ; 71.077,12 ; 71.077,12 ; 131.307,49 ; 875.383,25 
RN;JANDUIS;2405207; 29.216,95 ; 32.138,65 ; 35.060,35 ; 37.982,04 ; 40.750,13 ; 43.787,02 ; 43.787,02 ; 46.706,16 ; 47.737,16 ; 47.822,47 ; 47.822,47 ; 47.822,47 ; 88.346,97 ; 588.979,86 
RN;JAPI;2405405; 14.933,68 ; 16.427,05 ; 17.920,42 ; 19.413,79 ; 20.823,23 ; 22.379,52 ; 22.379,52 ; 23.871,49 ; 24.448,39 ; 24.448,73 ; 24.448,73 ; 24.448,73 ; 45.166,45 ; 301.109,73 
RN;JARDIM DO SERIDO;2405702; 35.854,37 ; 39.439,81 ; 43.025,24 ; 46.610,68 ; 50.008,36 ; 53.734,60 ; 53.734,60 ; 57.316,91 ; 58.575,34 ; 58.685,93 ; 58.685,93 ; 58.685,93 ; 108.416,06 ; 722.773,76 
RN;JOAO CAMARA;2405801; 71.520,50 ; 78.672,55 ; 85.824,60 ; 92.976,65 ; 99.782,89 ; 107.194,32 ; 107.194,32 ; 114.340,61 ; 116.586,65 ; 117.036,23 ; 117.036,23 ; 117.036,23 ; 216.212,08 ; 1.441.413,86 
RN;JOAO DIAS;2405900; 13.538,51 ; 14.892,36 ; 16.246,21 ; 17.600,07 ; 18.882,87 ; 20.289,99 ; 20.289,99 ; 21.642,65 ; 22.119,67 ; 22.159,84 ; 22.159,84 ; 22.159,84 ; 40.937,96 ; 272.919,80 
RN;JOSE DA PENHA;2406007; 26.274,20 ; 28.901,62 ; 31.529,04 ; 34.156,46 ; 36.646,67 ; 39.376,98 ; 39.376,98 ; 42.002,11 ; 42.921,17 ; 43.004,92 ; 43.004,92 ; 43.004,92 ; 79.447,05 ; 529.647,04 
RN;JUNDIA;2406155; 22.355,32 ; 24.590,85 ; 26.826,38 ; 29.061,91 ; 31.180,27 ; 33.503,67 ; 33.503,67 ; 35.737,24 ; 36.523,20 ; 36.591,01 ; 36.591,01 ; 36.591,01 ; 67.598,03 ; 450.653,57 
RN;LAGOA DE PEDRAS;2406304; 23.095,86 ; 25.405,45 ; 27.715,03 ; 30.024,62 ; 32.204,36 ; 34.611,31 ; 34.611,31 ; 36.918,73 ; 37.810,93 ; 37.811,47 ; 37.811,47 ; 37.811,47 ; 69.852,70 ; 465.684,71 
RN;LAGOA DE VELHOS;2406403; 20.874,38 ; 22.961,82 ; 25.049,26 ; 27.136,70 ; 29.114,38 ; 31.284,12 ; 31.284,12 ; 33.369,72 ; 34.106,81 ; 34.167,36 ; 34.167,36 ; 34.167,36 ; 63.120,59 ; 420.803,98 
RN;LAGOA NOVA;2406502; 91.436,96 ; 100.580,66 ; 109.724,35 ; 118.868,05 ; 127.531,46 ; 137.035,39 ; 137.035,39 ; 146.171,08 ; 149.391,57 ; 149.663,88 ; 149.663,88 ; 149.663,88 ; 276.488,22 ; 1.843.254,77 
RN;LAGOA SALGADA;2406601; 45.211,99 ; 49.733,19 ; 54.254,38 ; 58.775,58 ; 63.059,17 ; 67.758,59 ; 67.758,59 ; 72.275,83 ; 73.869,23 ; 74.003,01 ; 74.003,01 ; 74.003,01 ; 136.712,76 ; 911.418,34 
RN;LUCRECIA;2406908; 17.589,78 ; 19.348,76 ; 21.107,74 ; 22.866,72 ; 24.533,56 ; 26.361,62 ; 26.361,62 ; 28.119,06 ; 28.737,22 ; 28.790,80 ; 28.790,80 ; 28.790,80 ; 53.187,96 ; 354.586,44 
RN;LUIS GOMES;2407005; 43.317,38 ; 47.649,13 ; 51.980,87 ; 56.312,60 ; 60.416,61 ; 64.919,13 ; 64.919,13 ; 69.247,07 ; 70.775,31 ; 70.902,09 ; 70.902,09 ; 70.902,09 ; 130.984,15 ; 873.227,65 
RN;MAJOR SALES;2407252; 28.174,24 ; 30.991,66 ; 33.809,09 ; 36.626,51 ; 39.296,11 ; 42.224,39 ; 42.224,39 ; 45.039,35 ; 46.030,89 ; 46.115,47 ; 46.115,47 ; 46.115,47 ; 85.193,47 ; 567.956,51 
RN;MARCELINO VIEIRA;2407302; 26.277,29 ; 28.905,02 ; 31.532,75 ; 34.160,48 ; 36.650,24 ; 39.381,43 ; 39.381,43 ; 42.006,86 ; 42.932,52 ; 43.010,64 ; 43.010,64 ; 43.010,64 ; 79.457,63 ; 529.717,57 
RN;MARTINS;2407401; 36.780,98 ; 40.459,08 ; 44.137,18 ; 47.815,28 ; 51.300,80 ; 55.123,31 ; 55.123,31 ; 58.798,20 ; 60.089,04 ; 60.202,58 ; 60.202,58 ; 60.202,58 ; 111.217,92 ; 741.452,84 
RN;MESSIAS TARGINO;2407609; 9.159,58 ; 10.075,53 ; 10.991,49 ; 11.907,45 ; 12.779,17 ; 13.728,30 ; 13.728,30 ; 14.643,52 ; 14.931,19 ; 14.988,74 ; 14.988,74 ; 14.988,74 ; 27.690,13 ; 184.600,88 
RN;MONTANHAS;2407708; 32.009,86 ; 35.210,84 ; 38.411,83 ; 41.612,82 ; 44.633,80 ; 47.969,77 ; 47.969,77 ; 51.167,76 ; 52.404,33 ; 52.405,05 ; 52.405,05 ; 52.405,05 ; 96.812,81 ; 645.418,74 
RN;MONTE ALEGRE;2407807; 131.380,78 ; 144.518,86 ; 157.656,94 ; 170.795,01 ; 183.243,52 ; 196.898,79 ; 196.898,79 ; 210.025,38 ; 214.648,40 ; 215.043,41 ; 215.043,41 ; 215.043,41 ; 397.270,01 ; 2.648.466,71 
RN;MONTE DAS GAMELEIRAS;2407906; 20.439,90 ; 22.483,89 ; 24.527,88 ; 26.571,87 ; 28.508,14 ; 30.632,91 ; 30.632,91 ; 32.675,11 ; 33.398,79 ; 33.456,39 ; 33.456,39 ; 33.456,39 ; 61.807,15 ; 412.047,72 
RN;NOVA CRUZ;2408300; 60.494,03 ; 66.543,43 ; 72.592,84 ; 78.642,24 ; 84.399,17 ; 90.667,94 ; 90.667,94 ; 96.712,47 ; 98.612,23 ; 98.992,50 ; 98.992,50 ; 98.992,50 ; 182.878,20 ; 1.219.187,99 
RN;OLHO DAGUA DO BORGES;2408409; 13.287,67 ; 14.616,43 ; 15.945,20 ; 17.273,97 ; 18.532,98 ; 19.914,05 ; 19.914,05 ; 21.241,65 ; 21.710,03 ; 21.749,28 ; 21.749,28 ; 21.749,28 ; 40.179,50 ; 267.863,37 
RN;PARANA;2408607; 18.970,30 ; 20.867,33 ; 22.764,36 ; 24.661,39 ; 26.458,83 ; 28.430,55 ; 28.430,55 ; 30.325,92 ; 30.994,08 ; 31.050,56 ; 31.050,56 ; 31.050,56 ; 57.362,64 ; 382.417,63 
RN;PASSAGEM;2409209; 10.845,13 ; 11.929,65 ; 13.014,16 ; 14.098,68 ; 15.130,82 ; 16.254,60 ; 16.254,60 ; 17.338,24 ; 17.678,84 ; 17.746,99 ; 17.746,99 ; 17.746,99 ; 32.785,70 ; 218.571,39 
RN;PEDRA PRETA;2409605; 13.393,89 ; 14.733,28 ; 16.072,67 ; 17.412,06 ; 18.681,10 ; 20.073,24 ; 20.073,24 ; 21.411,46 ; 21.883,65 ; 21.923,15 ; 21.923,15 ; 21.923,15 ; 40.500,71 ; 270.004,75 
RN;PEDRO AVELINO;2409704; 28.498,58 ; 31.348,44 ; 34.198,30 ; 37.048,16 ; 39.748,00 ; 42.710,36 ; 42.710,36 ; 45.557,71 ; 46.565,20 ; 46.646,83 ; 46.646,83 ; 46.646,83 ; 86.175,10 ; 574.500,70 
RN;PENDENCIAS;2409902; 48.816,15 ; 53.697,77 ; 58.579,38 ; 63.461,00 ; 68.085,55 ; 73.159,98 ; 73.159,98 ; 78.037,31 ; 79.762,33 ; 79.902,79 ; 79.902,79 ; 79.902,79 ; 147.611,97 ; 984.079,79 
RN;POCO BRANCO;2410108; 28.245,00 ; 31.069,50 ; 33.894,00 ; 36.718,50 ; 39.406,53 ; 42.333,36 ; 42.333,36 ; 45.155,59 ; 46.042,59 ; 46.220,15 ; 46.220,15 ; 46.220,15 ; 85.386,85 ; 569.245,73 
RN;PORTALEGRE;2410207; 42.642,20 ; 46.906,42 ; 51.170,64 ; 55.434,86 ; 59.475,38 ; 63.907,35 ; 63.907,35 ; 68.167,84 ; 69.668,32 ; 69.796,54 ; 69.796,54 ; 69.796,54 ; 128.941,75 ; 859.611,73 
RN;PRESIDENTE JUSCELINO;2410306; 81.928,42 ; 90.121,26 ; 98.314,10 ; 106.506,94 ; 114.268,14 ; 122.784,74 ; 122.784,74 ; 130.970,39 ; 133.867,64 ; 134.101,52 ; 134.101,52 ; 134.101,52 ; 247.738,40 ; 1.651.589,33 
RN;RAFAEL GODEIRO;2410603; 23.964,89 ; 26.361,37 ; 28.757,86 ; 31.154,35 ; 33.425,43 ; 35.915,95 ; 35.915,95 ; 38.310,35 ; 39.151,17 ; 39.225,36 ; 39.225,36 ; 39.225,36 ; 72.464,71 ; 483.098,11 
RN;RIACHO DE SANTANA;2410801; 19.103,90 ; 21.014,29 ; 22.924,68 ; 24.835,07 ; 26.645,58 ; 28.630,87 ; 28.630,87 ; 30.539,60 ; 31.208,89 ; 31.268,87 ; 31.268,87 ; 31.268,87 ; 57.765,94 ; 385.106,30 
RN;RIACHUELO;2410900; 40.121,05 ; 44.133,16 ; 48.145,26 ; 52.157,37 ; 55.958,24 ; 60.128,75 ; 60.128,75 ; 64.137,33 ; 65.556,09 ; 65.670,67 ; 65.670,67 ; 65.670,67 ; 121.319,64 ; 808.797,65 
RN;RODOLFO FERNANDES;2411007; 23.608,98 ; 25.969,88 ; 28.330,78 ; 30.691,68 ; 32.928,46 ; 35.382,43 ; 35.382,43 ; 37.741,26 ; 38.574,60 ; 38.643,34 ; 38.643,34 ; 38.643,34 ; 71.389,50 ; 475.930,02 
RN;RUY BARBOSA;2411106; 20.984,35 ; 23.082,78 ; 25.181,22 ; 27.279,65 ; 29.268,10 ; 31.449,02 ; 31.449,02 ; 33.545,62 ; 34.283,03 ; 34.346,97 ; 34.346,97 ; 34.346,97 ; 63.452,41 ; 423.016,11 
RN;SANTANA DO MATOS;2411403; 21.427,74 ; 23.570,52 ; 25.713,29 ; 27.856,07 ; 29.895,34 ; 32.115,72 ; 32.115,72 ; 34.256,77 ; 34.929,67 ; 35.064,39 ; 35.064,39 ; 35.064,39 ; 64.777,76 ; 431.851,77 
RN;SAO BENTO DO NORTE;2411601; 27.856,77 ; 30.642,45 ; 33.428,13 ; 36.213,80 ; 38.852,91 ; 41.748,50 ; 41.748,50 ; 44.531,74 ; 45.515,87 ; 45.596,24 ; 45.596,24 ; 45.596,24 ; 84.234,24 ; 561.561,63 
RN;SAO FRANCISCO DO OESTE;2411908; 25.588,71 ; 28.147,59 ; 30.706,46 ; 33.265,33 ; 35.689,92 ; 38.349,48 ; 38.349,48 ; 40.906,11 ; 41.807,16 ; 41.883,55 ; 41.883,55 ; 41.883,55 ; 77.375,45 ; 515.836,34 
RN;SAO GONCALO DO AMARANTE;2412005; 428.412,30 ; 471.253,53 ; 514.094,76 ; 556.935,99 ; 597.524,70 ; 642.055,34 ; 642.055,34 ; 684.859,03 ; 699.971,00 ; 701.227,00 ; 701.227,00 ; 701.227,00 ; 1.295.442,89 ; 8.636.285,88 
RN;SAO JOAO DO SABUGI;2412104; 28.403,59 ; 31.243,95 ; 34.084,31 ; 36.924,67 ; 39.616,73 ; 42.568,29 ; 42.568,29 ; 45.406,18 ; 46.399,57 ; 46.490,23 ; 46.490,23 ; 46.490,23 ; 85.885,81 ; 572.572,08 
RN;SAO JOSE DE MIPIBU;2412203; 279.234,67 ; 307.158,13 ; 335.081,60 ; 363.005,07 ; 389.459,95 ; 418.484,88 ; 418.484,88 ; 446.383,87 ; 456.237,20 ; 457.052,80 ; 457.052,80 ; 457.052,80 ; 844.356,83 ; 5.629.045,48 
RN;SAO MIGUEL;2412500; 121.993,03 ; 134.192,33 ; 146.391,63 ; 158.590,94 ; 170.150,82 ; 182.829,71 ; 182.829,71 ; 195.018,36 ; 199.302,76 ; 199.676,73 ; 199.676,73 ; 199.676,73 ; 368.881,68 ; 2.459.211,16 
RN;SAO PEDRO;2412708; 14.389,61 ; 15.828,57 ; 17.267,53 ; 18.706,49 ; 20.064,61 ; 21.564,18 ; 21.564,18 ; 23.001,79 ; 23.557,66 ; 23.558,00 ; 23.558,00 ; 23.558,00 ; 43.520,93 ; 290.139,55 
RN;SAO TOME;2412906; 66.331,11 ; 72.964,22 ; 79.597,34 ; 86.230,45 ; 92.514,37 ; 99.409,38 ; 99.409,38 ; 106.036,67 ; 108.380,09 ; 108.571,41 ; 108.571,41 ; 108.571,41 ; 200.574,23 ; 1.337.161,47 
RN;SENADOR GEORGINO AVELINO;2413201; 13.067,81 ; 14.374,59 ; 15.681,37 ; 16.988,15 ; 18.231,85 ; 19.585,92 ; 19.585,92 ; 20.891,65 ; 21.302,03 ; 21.384,18 ; 21.384,18 ; 21.384,18 ; 39.505,02 ; 263.366,85 
RN;SERRA DE SAO BENTO;2413300; 29.097,97 ; 32.007,76 ; 34.917,56 ; 37.827,36 ; 40.585,08 ; 43.608,91 ; 43.608,91 ; 46.516,17 ; 47.534,94 ; 47.626,88 ; 47.626,88 ; 47.626,88 ; 87.985,64 ; 586.570,94 
RN;SERRA DO MEL;2413359; 85.447,09 ; 93.991,80 ; 102.536,51 ; 111.081,22 ; 119.178,52 ; 128.058,81 ; 128.058,81 ; 136.596,06 ; 139.592,65 ; 139.858,33 ; 139.858,33 ; 139.858,33 ; 258.373,50 ; 1.722.489,96 
RN;SERRINHA;2413508; 40.710,01 ; 44.781,01 ; 48.852,01 ; 52.923,01 ; 56.780,54 ; 61.011,64 ; 61.011,64 ; 65.079,08 ; 66.510,34 ; 66.633,82 ; 66.633,82 ; 66.633,82 ; 123.098,95 ; 820.659,69 
RN;SERRINHA DOS PINTOS;2413557; 25.761,96 ; 28.338,16 ; 30.914,36 ; 33.490,55 ; 35.931,48 ; 38.609,10 ; 38.609,10 ; 41.183,04 ; 42.091,13 ; 42.167,22 ; 42.167,22 ; 42.167,22 ; 77.899,50 ; 519.330,04 
RN;TABOLEIRO GRANDE;2413805; 13.373,66 ; 14.711,03 ; 16.048,40 ; 17.385,76 ; 18.652,99 ; 20.042,95 ; 20.042,95 ; 21.379,15 ; 21.849,69 ; 21.889,94 ; 21.889,94 ; 21.889,94 ; 40.439,36 ; 269.595,76 
RN;TENENTE ANANIAS;2414100; 62.405,58 ; 68.646,14 ; 74.886,70 ; 81.127,26 ; 87.040,86 ; 93.526,65 ; 93.526,65 ; 99.761,76 ; 101.951,91 ; 102.144,54 ; 102.144,54 ; 102.144,54 ; 188.701,27 ; 1.258.008,40 
RN;TENENTE LAURENTINO CRUZ;2414159; 44.437,36 ; 48.881,09 ; 53.324,83 ; 57.768,56 ; 61.978,39 ; 66.597,57 ; 66.597,57 ; 71.037,40 ; 72.607,02 ; 72.735,47 ; 72.735,47 ; 72.735,47 ; 134.371,10 ; 895.807,30 
RN;TIBAU;2411056; 11.043,97 ; 12.148,37 ; 13.252,77 ; 14.357,16 ; 15.408,26 ; 16.552,61 ; 16.552,61 ; 17.656,12 ; 18.002,95 ; 18.072,37 ; 18.072,37 ; 18.072,37 ; 33.386,80 ; 222.578,73 
RN;TIBAU DO SUL;2414209; 43.099,30 ; 47.409,24 ; 51.719,17 ; 56.029,09 ; 60.130,76 ; 64.596,87 ; 64.596,87 ; 68.903,33 ; 70.256,82 ; 70.527,75 ; 70.527,75 ; 70.527,75 ; 130.292,60 ; 868.617,30 
RN;TIMBAUBA DOS BATISTAS;2414308; 5.104,83 ; 5.615,31 ; 6.125,79 ; 6.636,28 ; 7.118,10 ; 7.650,06 ; 7.650,06 ; 8.160,07 ; 8.357,26 ; 8.357,39 ; 8.357,39 ; 8.357,39 ; 15.439,40 ; 102.929,33 
RN;TOUROS;2414407; 188.143,36 ; 206.957,70 ; 225.772,03 ; 244.586,37 ; 262.411,23 ; 281.967,68 ; 281.967,68 ; 300.765,52 ; 307.404,35 ; 307.954,04 ; 307.954,04 ; 307.954,04 ; 568.912,60 ; 3.792.750,64 
RN;UMARIZAL;2414506; 31.223,43 ; 34.345,78 ; 37.468,12 ; 40.590,46 ; 43.548,99 ; 46.794,17 ; 46.794,17 ; 49.913,78 ; 51.012,92 ; 51.106,41 ; 51.106,41 ; 51.106,41 ; 94.413,71 ; 629.424,76 
RN;VARZEA;2414704; 9.579,59 ; 10.537,55 ; 11.495,51 ; 12.453,47 ; 13.365,22 ; 14.357,82 ; 14.357,82 ; 15.315,00 ; 15.615,83 ; 15.676,06 ; 15.676,06 ; 15.676,06 ; 28.959,88 ; 193.065,87 
RN;VENHA-VER;2414753; 26.673,91 ; 29.341,31 ; 32.008,70 ; 34.676,09 ; 37.203,66 ; 39.975,90 ; 39.975,90 ; 42.640,96 ; 43.578,69 ; 43.659,64 ; 43.659,64 ; 43.659,64 ; 80.656,59 ; 537.710,63 
RN;VERA CRUZ;2414803; 81.979,64 ; 90.177,60 ; 98.375,56 ; 106.573,52 ; 114.340,59 ; 122.861,74 ; 122.861,74 ; 131.052,52 ; 133.942,69 ; 134.184,43 ; 134.184,43 ; 134.184,43 ; 247.891,57 ; 1.652.610,46 
RO;ALTA FLORESTA DOESTE;1100015; 97.058,55 ; 106.764,40 ; 116.470,25 ; 126.176,11 ; 135.372,52 ; 145.460,47 ; 145.460,47 ; 155.157,83 ; 158.573,19 ; 158.864,95 ; 158.864,95 ; 158.864,95 ; 293.486,24 ; 1.956.574,88 
RO;ALTO ALEGRE DOS PARECIS;1100379; 65.123,16 ; 71.635,47 ; 78.147,79 ; 84.660,10 ; 90.831,35 ; 97.599,48 ; 97.599,48 ; 104.106,12 ; 106.390,51 ; 106.592,52 ; 106.592,52 ; 106.592,52 ; 196.918,42 ; 1.312.789,44 
RO;ALTO PARAISO;1100403; 54.581,79 ; 60.039,96 ; 65.498,14 ; 70.956,32 ; 76.127,49 ; 81.800,94 ; 81.800,94 ; 87.254,34 ; 89.179,40 ; 89.339,66 ; 89.339,66 ; 89.339,66 ; 165.045,59 ; 1.100.303,89 
RO;ALVORADA DOESTE;1100346; 25.504,88 ; 28.055,37 ; 30.605,86 ; 33.156,35 ; 35.563,45 ; 38.221,46 ; 38.221,46 ; 40.769,56 ; 41.754,85 ; 41.755,41 ; 41.755,41 ; 41.755,41 ; 77.138,72 ; 514.258,19 
RO;ARIQUEMES;1100023; 390.459,30 ; 429.505,23 ; 468.551,16 ; 507.597,09 ; 541.752,57 ; 584.466,35 ; 584.466,35 ; 623.430,78 ; 637.122,48 ; 638.321,94 ; 638.321,94 ; 638.321,94 ; 1.179.232,44 ; 7.861.549,57 
RO;BURITIS;1100452; 56.339,80 ; 61.973,78 ; 67.607,76 ; 73.241,74 ; 78.558,73 ; 84.430,46 ; 84.430,46 ; 90.059,16 ; 92.235,61 ; 92.236,89 ; 92.236,89 ; 92.236,89 ; 170.397,92 ; 1.135.986,09 
RO;CABIXI;1100031; 23.364,52 ; 25.700,97 ; 28.037,43 ; 30.373,88 ; 32.588,43 ; 35.016,30 ; 35.016,30 ; 37.350,72 ; 38.166,70 ; 38.242,29 ; 38.242,29 ; 38.242,29 ; 70.648,60 ; 470.990,72 
RO;CACAULANDIA;1100601; 10.015,80 ; 11.017,38 ; 12.018,96 ; 13.020,54 ; 13.965,84 ; 15.009,61 ; 15.009,61 ; 16.010,25 ; 16.397,15 ; 16.397,40 ; 16.397,40 ; 16.397,40 ; 30.292,47 ; 201.949,81 
RO;CASTANHEIRAS;1100908; 17.276,64 ; 19.004,30 ; 20.731,96 ; 22.459,63 ; 24.096,64 ; 25.892,27 ; 25.892,27 ; 27.618,42 ; 28.226,94 ; 28.278,38 ; 28.278,38 ; 28.278,38 ; 52.241,32 ; 348.275,53 
RO;CHUPINGUAIA;1100924; 47.215,01 ; 51.936,52 ; 56.658,02 ; 61.379,52 ; 65.853,50 ; 70.760,66 ; 70.760,66 ; 75.478,03 ; 77.136,33 ; 77.280,98 ; 77.280,98 ; 77.280,98 ; 142.768,45 ; 951.789,64 
RO;COLORADO DO OESTE;1100064; 64.467,26 ; 70.913,98 ; 77.360,71 ; 83.807,44 ; 89.917,40 ; 96.616,71 ; 96.616,71 ; 103.057,82 ; 105.311,45 ; 105.518,15 ; 105.518,15 ; 105.518,15 ; 194.933,64 ; 1.299.557,57 
RO;CORUMBIARA;1100072; 16.742,52 ; 18.416,77 ; 20.091,02 ; 21.765,27 ; 23.345,42 ; 25.090,23 ; 25.090,23 ; 26.762,91 ; 27.409,67 ; 27.410,07 ; 27.410,07 ; 27.410,07 ; 50.637,22 ; 337.581,47 
RO;ESPIGAO DOESTE;1100098; 112.318,63 ; 123.550,49 ; 134.782,35 ; 146.014,22 ; 156.658,37 ; 168.331,04 ; 168.331,04 ; 179.553,11 ; 183.488,48 ; 183.840,81 ; 183.840,81 ; 183.840,81 ; 339.626,50 ; 2.264.176,66 
RO;GOVERNADOR JORGE TEIXEIRA;1101005; 33.893,75 ; 37.283,13 ; 40.672,50 ; 44.061,88 ; 47.273,21 ; 50.796,10 ; 50.796,10 ; 54.182,50 ; 55.377,49 ; 55.477,37 ; 55.477,37 ; 55.477,37 ; 102.488,60 ; 683.257,37 
RO;ITAPUA DO OESTE;1101104; 23.984,35 ; 26.382,79 ; 28.781,22 ; 31.179,66 ; 33.462,20 ; 35.947,55 ; 35.947,55 ; 38.344,05 ; 39.097,27 ; 39.248,02 ; 39.248,02 ; 39.248,02 ; 72.506,59 ; 483.377,29 
RO;MACHADINHO DOESTE;1100130; 125.784,61 ; 138.363,07 ; 150.941,53 ; 163.519,99 ; 179.017,38 ; 189.406,66 ; 189.406,66 ; 202.033,77 ; 206.482,97 ; 206.861,14 ; 206.861,14 ; 206.861,14 ; 382.154,13 ; 2.547.694,19 
RO;MONTE NEGRO;1101401; 60.681,08 ; 66.749,19 ; 72.817,29 ; 78.885,40 ; 84.634,81 ; 90.941,96 ; 90.941,96 ; 97.004,75 ; 99.141,59 ; 99.322,65 ; 99.322,65 ; 99.322,65 ; 183.488,12 ; 1.223.254,10 
RO;NOVA MAMORE;1100338; 117.290,98 ; 129.020,07 ; 140.749,17 ; 152.478,27 ; 163.592,08 ; 175.782,66 ; 175.782,66 ; 187.501,51 ; 191.625,46 ; 191.980,95 ; 191.980,95 ; 191.980,95 ; 354.664,54 ; 2.364.430,25 
RO;NOVA UNIAO;1101435; 15.145,84 ; 16.660,43 ; 18.175,01 ; 19.689,60 ; 21.119,07 ; 22.697,47 ; 22.697,47 ; 24.210,63 ; 24.795,72 ; 24.796,07 ; 24.796,07 ; 24.796,07 ; 45.808,13 ; 305.387,58 
RO;NOVO HORIZONTE DO OESTE;1100502; 13.939,41 ; 15.333,35 ; 16.727,29 ; 18.121,24 ; 19.436,82 ; 20.889,52 ; 20.889,52 ; 22.282,15 ; 22.820,64 ; 22.820,96 ; 22.820,96 ; 22.820,96 ; 42.159,31 ; 281.062,13 
RO;PARECIS;1101450; 17.040,43 ; 18.744,47 ; 20.448,52 ; 22.152,56 ; 23.767,31 ; 25.538,31 ; 25.538,31 ; 27.240,86 ; 27.839,82 ; 27.891,63 ; 27.891,63 ; 27.891,63 ; 51.526,85 ; 343.512,33 
RO;PIMENTEIRAS DO OESTE;1101468; 11.603,27 ; 12.763,60 ; 13.923,92 ; 15.084,25 ; 16.183,76 ; 17.389,68 ; 17.389,68 ; 18.549,00 ; 18.957,24 ; 18.992,17 ; 18.992,17 ; 18.992,17 ; 35.086,04 ; 233.906,95 
RO;PRESIDENTE MEDICI;1100254; 28.045,79 ; 30.850,37 ; 33.654,95 ; 36.459,52 ; 39.106,41 ; 42.029,24 ; 42.029,24 ; 44.831,19 ; 45.914,62 ; 45.915,26 ; 45.915,26 ; 45.915,26 ; 84.823,60 ; 565.490,71 
RO;PRIMAVERA DE RONDONIA;1101476; 15.222,78 ; 16.745,06 ; 18.267,34 ; 19.789,62 ; 21.232,65 ; 22.814,34 ; 22.814,34 ; 24.335,30 ; 24.865,90 ; 24.916,06 ; 24.916,06 ; 24.916,06 ; 46.029,79 ; 306.865,30 
RO;RIO CRESPO;1100262; 14.611,03 ; 16.072,14 ; 17.533,24 ; 18.994,35 ; 20.378,84 ; 21.897,38 ; 21.897,38 ; 23.357,21 ; 23.871,37 ; 23.915,27 ; 23.915,27 ; 23.915,27 ; 44.180,95 ; 294.539,70 
RO;ROLIM DE MOURA;1100288; 215.706,98 ; 237.277,67 ; 258.848,37 ; 280.419,07 ; 300.861,68 ; 323.278,45 ; 323.278,45 ; 344.830,35 ; 352.383,83 ; 353.064,28 ; 353.064,28 ; 353.064,28 ; 652.249,01 ; 4.348.326,70 
RO;SAO FELIPE DOESTE;1101484; 18.379,48 ; 20.217,43 ; 22.055,38 ; 23.893,33 ; 25.634,96 ; 27.545,14 ; 27.545,14 ; 29.381,48 ; 30.027,31 ; 30.083,36 ; 30.083,36 ; 30.083,36 ; 55.575,83 ; 370.505,56 
RO;SAO FRANCISCO DO GUAPORE;1101492; 91.230,36 ; 100.353,40 ; 109.476,43 ; 118.599,47 ; 127.244,91 ; 136.726,15 ; 136.726,15 ; 145.841,23 ; 149.039,96 ; 149.324,21 ; 149.324,21 ; 149.324,21 ; 275.860,72 ; 1.839.071,41 
RO;SAO MIGUEL DO GUAPORE;1100320; 94.501,22 ; 103.951,34 ; 113.401,46 ; 122.851,58 ; 131.805,92 ; 141.627,90 ; 141.627,90 ; 151.069,76 ; 154.392,84 ; 154.678,89 ; 154.678,89 ; 154.678,89 ; 285.752,93 ; 1.905.019,52 
RO;SERINGUEIRAS;1101500; 45.270,58 ; 49.797,63 ; 54.324,69 ; 58.851,75 ; 63.140,97 ; 67.846,42 ; 67.846,42 ; 72.369,52 ; 73.964,11 ; 74.098,82 ; 74.098,82 ; 74.098,82 ; 136.889,75 ; 912.598,30 
RO;TEIXEIROPOLIS;1101559; 10.528,61 ; 11.581,47 ; 12.634,34 ; 13.687,20 ; 14.680,88 ; 15.778,12 ; 15.778,12 ; 16.829,99 ; 17.236,72 ; 17.236,96 ; 17.236,96 ; 17.236,96 ; 31.843,47 ; 212.289,80 
RO;VALE DO PARAISO;1101807; 32.767,59 ; 36.044,35 ; 39.321,11 ; 42.597,87 ; 23.789,57 ; 43.630,11 ; 43.630,11 ; 46.538,79 ; 47.565,14 ; 47.650,98 ; 47.650,98 ; 47.650,98 ; 88.030,16 ; 586.867,74 
RR;ALTO ALEGRE;1400050; 60.514,27 ; 66.565,70 ; 72.617,12 ; 78.668,55 ; 84.401,63 ; 90.691,84 ; 90.691,84 ; 96.737,96 ; 98.873,43 ; 99.050,09 ; 99.050,09 ; 99.050,09 ; 182.984,58 ; 1.219.897,19 
RR;AMAJARI;1400027; 45.001,26 ; 49.501,39 ; 54.001,51 ; 58.501,64 ; 62.765,37 ; 67.442,81 ; 67.442,81 ; 71.939,00 ; 73.523,80 ; 73.657,98 ; 73.657,98 ; 73.657,98 ; 136.075,33 ; 907.168,86 
RR;CANTA;1400175; 91.165,93 ; 100.282,52 ; 109.399,12 ; 118.515,71 ; 127.152,27 ; 136.628,91 ; 136.628,91 ; 145.737,50 ; 148.959,14 ; 149.221,37 ; 149.221,37 ; 149.221,37 ; 275.670,73 ; 1.837.804,85 
RR;CARACARAI;1400209; 54.440,10 ; 59.884,11 ; 65.328,12 ; 70.772,13 ; 75.909,83 ; 81.583,59 ; 81.583,59 ; 87.022,49 ; 89.125,55 ; 89.126,79 ; 89.126,79 ; 89.126,79 ; 164.652,34 ; 1.097.682,22 
RR;IRACEMA;1400282; 36.219,30 ; 39.841,24 ; 43.463,17 ; 47.085,10 ; 50.516,74 ; 54.281,37 ; 54.281,37 ; 57.900,13 ; 59.177,01 ; 59.283,83 ; 59.283,83 ; 59.283,83 ; 109.520,63 ; 730.137,55 
RR;MUCAJAI;1400308; 53.834,21 ; 59.217,63 ; 64.601,06 ; 69.984,48 ; 75.065,02 ; 80.675,61 ; 80.675,61 ; 86.053,98 ; 88.133,64 ; 88.134,86 ; 88.134,86 ; 88.134,86 ; 162.819,86 ; 1.085.465,68 
RR;NORMANDIA;1400407; 111.879,04 ; 123.066,94 ; 134.254,84 ; 145.442,75 ; 156.043,19 ; 167.671,70 ; 167.671,70 ; 178.849,81 ; 182.788,82 ; 183.123,29 ; 183.123,29 ; 183.123,29 ; 338.300,95 ; 2.255.339,61 
RS;ACEGUA;4300034; 13.785,13 ; 15.163,64 ; 16.542,15 ; 17.920,66 ; 19.221,73 ; 20.658,30 ; 20.658,30 ; 22.035,52 ; 22.568,04 ; 22.568,37 ; 22.568,37 ; 22.568,37 ; 41.692,68 ; 277.951,26 
RS;AJURICABA;4300208; 21.956,76 ; 24.152,44 ; 26.348,11 ; 28.543,79 ; 40.137,45 ; 35.284,63 ; 35.284,63 ; 37.636,94 ; 38.458,47 ; 38.535,25 ; 38.535,25 ; 38.535,25 ; 71.189,81 ; 474.598,78 
RS;ALECRIM;4300307; 7.036,01 ; 7.739,61 ; 8.443,21 ; 9.146,82 ; 9.810,90 ; 10.544,12 ; 10.544,12 ; 11.247,07 ; 11.518,89 ; 11.519,03 ; 11.519,03 ; 11.519,03 ; 21.280,20 ; 141.868,04 
RS;ALEGRIA;4300455; 12.304,20 ; 13.534,62 ; 14.765,04 ; 15.995,46 ; 34.214,97 ; 22.703,56 ; 22.703,56 ; 24.217,13 ; 24.747,52 ; 24.795,38 ; 24.795,38 ; 24.795,38 ; 45.806,85 ; 305.379,05 
RS;ALPESTRE;4300505; 27.035,61 ; 29.739,17 ; 32.442,73 ; 35.146,29 ; 37.708,64 ; 40.518,09 ; 40.518,09 ; 43.219,30 ; 44.165,06 ; 44.251,17 ; 44.251,17 ; 44.251,17 ; 81.749,38 ; 544.995,87 
RS;ALTO ALEGRE;4300554; 2.416,00 ; 2.657,60 ; 2.899,20 ; 3.140,80 ; 3.368,90 ; 3.620,61 ; 3.620,61 ; 3.861,98 ; 3.955,30 ; 3.955,37 ; 3.955,37 ; 3.955,37 ; 7.307,13 ; 48.714,24 
RS;ALTO FELIZ;4300570; 15.439,26 ; 16.983,18 ; 18.527,11 ; 20.071,03 ; 21.534,63 ; 23.138,79 ; 23.138,79 ; 24.681,37 ; 25.218,88 ; 25.270,30 ; 25.270,30 ; 25.270,30 ; 46.684,22 ; 311.228,16 
RS;ANTA GORDA;4300703; 5.098,86 ; 5.608,75 ; 6.118,64 ; 6.628,52 ; 7.109,79 ; 7.641,13 ; 7.641,13 ; 8.150,53 ; 8.347,51 ; 8.347,62 ; 8.347,62 ; 8.347,62 ; 15.421,36 ; 102.809,08 
RS;ARATIBA;4300901; 25.567,88 ; 28.124,67 ; 30.681,46 ; 33.238,25 ; 35.661,83 ; 38.318,50 ; 38.318,50 ; 40.873,07 ; 41.764,47 ; 41.848,52 ; 41.848,52 ; 41.848,52 ; 77.310,73 ; 515.404,92 
RS;ARROIO DO MEIO;4301008; 118.584,76 ; 130.443,24 ; 142.301,71 ; 154.160,19 ; 165.399,72 ; 177.722,41 ; 177.722,41 ; 189.570,57 ; 193.711,92 ; 194.095,69 ; 194.095,69 ; 194.095,69 ; 358.571,30 ; 2.390.475,30 
RS;ARROIO DO TIGRE;4301206; 47.183,03 ; 51.901,33 ; 56.619,63 ; 61.337,93 ; 65.808,63 ; 70.712,66 ; 70.712,66 ; 75.426,84 ; 77.086,10 ; 77.228,84 ; 77.228,84 ; 77.228,84 ; 142.672,12 ; 951.147,45 
RS;ARROIO GRANDE;4301305; 45.203,21 ; 49.723,54 ; 54.243,86 ; 58.764,18 ; 57.008,31 ; 66.235,77 ; 66.235,77 ; 70.651,48 ; 72.204,89 ; 72.339,30 ; 72.339,30 ; 72.339,30 ; 133.639,23 ; 890.928,14 
RS;BARAO DE COTEGIPE;4301701; 11.106,56 ; 12.217,22 ; 13.327,88 ; 14.438,53 ; 15.486,77 ; 16.644,23 ; 16.644,23 ; 17.753,84 ; 18.182,90 ; 18.183,15 ; 18.183,15 ; 18.183,15 ; 33.591,45 ; 223.943,06 
RS;BARRA DO GUARITA;4301859; 16.626,27 ; 18.288,90 ; 19.951,53 ; 21.614,15 ; 23.189,28 ; 24.917,53 ; 24.917,53 ; 26.578,70 ; 27.166,27 ; 27.214,07 ; 27.214,07 ; 27.214,07 ; 50.275,12 ; 335.167,49 
RS;BARRA DO RIBEIRO;4301909; 28.848,87 ; 31.733,76 ; 34.618,65 ; 37.503,54 ; 40.237,24 ; 43.235,50 ; 43.235,50 ; 46.117,86 ; 47.131,69 ; 47.219,57 ; 47.219,57 ; 47.219,57 ; 87.233,17 ; 581.554,49 
RS;BARRA DO RIO AZUL;4301925; -   ; -   ; -   ; -   ; -   ; -   ; -   ; -   ; 19.128,94 ; 2.561,25 ; 2.561,25 ; 2.561,25 ; 4.731,65 ; 31.544,34 
RS;BARRACAO;4301800; 22.287,07 ; 24.515,78 ; 26.744,48 ; 28.973,19 ; 31.085,09 ; 33.401,40 ; 33.401,40 ; 35.628,16 ; 36.411,24 ; 36.479,25 ; 36.479,25 ; 36.479,25 ; 67.391,56 ; 449.277,12 
RS;BARROS CASSAL;4302006; 27.588,36 ; 30.347,20 ; 33.106,04 ; 35.864,88 ; 38.478,65 ; 41.346,27 ; 41.346,27 ; 44.102,69 ; 45.076,49 ; 45.156,81 ; 45.156,81 ; 45.156,81 ; 83.422,45 ; 556.149,73 
RS;BENJAMIN CONSTANT DO SUL;4302055; 4.777,17 ; 5.254,89 ; 5.732,61 ; 6.210,32 ; 6.661,22 ; 7.159,04 ; 7.159,04 ; 7.636,31 ; 7.820,88 ; 7.820,96 ; 7.820,96 ; 7.820,96 ; 14.448,41 ; 96.322,77 
RS;BOA VISTA DAS MISSOES;4302154; 10.531,73 ; 11.584,90 ; 12.638,08 ; 13.691,25 ; 14.689,09 ; 15.783,75 ; 15.783,75 ; 16.836,00 ; 17.207,73 ; 17.238,40 ; 17.238,40 ; 17.238,40 ; 31.846,14 ; 212.307,62 
RS;BOA VISTA DO BURICA;4302204; 16.740,42 ; 18.414,46 ; 20.088,50 ; 21.762,54 ; 27.301,97 ; 26.076,95 ; 26.076,95 ; 27.815,41 ; 28.361,79 ; 28.471,17 ; 28.471,17 ; 28.471,17 ; 52.597,50 ; 350.650,00 
RS;BOA VISTA DO CADEADO;4302220; 10.915,93 ; 12.007,53 ; 13.099,12 ; 14.190,72 ; 15.225,24 ; 16.359,61 ; 16.359,61 ; 17.450,25 ; 17.833,22 ; 17.867,03 ; 17.867,03 ; 17.867,03 ; 33.007,46 ; 220.049,78 
RS;BOM PROGRESSO;4302378; 5.018,44 ; 5.520,29 ; 6.022,13 ; 6.523,98 ; 6.997,68 ; 7.520,61 ; 7.520,61 ; 8.021,98 ; 8.215,85 ; 8.215,96 ; 8.215,96 ; 8.215,96 ; 15.178,13 ; 101.187,58 
RS;BOM RETIRO DO SUL;4302402; 61.747,02 ; 67.921,72 ; 74.096,42 ; 80.271,12 ; 80.918,65 ; 91.238,74 ; 91.238,74 ; 97.321,32 ; 99.448,53 ; 99.644,57 ; 99.644,57 ; 99.644,57 ; 184.082,82 ; 1.227.218,79 
RS;BOZANO;4302584; 3.078,17 ; 3.385,98 ; 3.693,80 ; 4.001,62 ; 4.292,21 ; 4.612,92 ; 4.612,92 ; 4.920,45 ; 39.695,00 ; 9.679,64 ; 9.679,64 ; 9.679,64 ; 17.882,11 ; 119.214,10 
RS;BROCHIER;4302659; 18.312,55 ; 20.143,80 ; 21.975,06 ; 23.806,31 ; 25.541,59 ; 27.444,81 ; 27.444,81 ; 29.274,47 ; 29.918,30 ; 29.973,84 ; 29.973,84 ; 29.973,84 ; 55.373,50 ; 369.156,72 
RS;BUTIA;4302709; 80.056,79 ; 88.062,47 ; 96.068,15 ; 104.073,83 ; 111.659,11 ; 119.980,10 ; 119.980,10 ; 127.978,77 ; 130.797,55 ; 131.036,74 ; 131.036,74 ; 131.036,74 ; 242.076,55 ; 1.613.843,64 
RS;CACHOEIRINHA;4303103; 507.118,46 ; 557.830,31 ; 608.542,15 ; 659.254,00 ; 707.307,58 ; 760.013,15 ; 760.013,15 ; 810.680,69 ; 828.495,34 ; 830.045,89 ; 830.045,89 ; 830.045,89 ; 1.533.422,21 ; 10.222.814,71 
RS;CAIBATE;4303301; 15.634,37 ; 17.197,81 ; 18.761,24 ; 20.324,68 ; 21.805,99 ; 23.431,01 ; 23.431,01 ; 24.993,08 ; 25.544,48 ; 25.590,39 ; 25.590,39 ; 25.590,39 ; 47.275,55 ; 315.170,39 
RS;CAICARA;4303400; 1.862,23 ; 2.048,45 ; 2.234,68 ; 2.420,90 ; 2.596,70 ; 2.790,73 ; 2.790,73 ; 2.976,78 ; 3.048,71 ; 3.048,76 ; 3.048,76 ; 3.048,76 ; 5.632,26 ; 37.548,45 
RS;CAMARGO;4303558; 6.711,13 ; 7.382,24 ; 8.053,35 ; 8.724,47 ; 9.357,88 ; 10.057,25 ; 10.057,25 ; 10.727,74 ; 10.986,99 ; 10.987,15 ; 10.987,15 ; 10.987,15 ; 20.297,60 ; 135.317,35 
RS;CAMPINA DAS MISSOES;4303707; 22.404,33 ; 24.644,77 ; 26.885,20 ; 29.125,64 ; 31.249,71 ; 33.577,40 ; 33.577,40 ; 35.815,90 ; 36.593,57 ; 36.670,19 ; 36.670,19 ; 36.670,19 ; 67.744,31 ; 451.628,80 
RS;CAMPINAS DO SUL;4303806; 7.563,22 ; 8.319,54 ; 9.075,86 ; 9.832,19 ; 10.546,02 ; 11.334,19 ; 11.334,19 ; 12.089,81 ; 12.382,01 ; 12.382,15 ; 12.382,15 ; 12.382,15 ; 22.874,72 ; 152.498,20 
RS;CAMPO BOM;4303905; 172.270,62 ; 189.497,68 ; 206.724,74 ; 223.951,80 ; 240.209,75 ; 258.163,66 ; 258.163,66 ; 275.374,57 ; 282.029,52 ; 282.033,43 ; 282.033,43 ; 282.033,43 ; 521.027,00 ; 3.473.513,29 
RS;CAMPO NOVO;4304002; 17.714,90 ; 19.486,39 ; 21.257,88 ; 23.029,37 ; 30.079,95 ; 27.892,10 ; 27.892,10 ; 29.751,58 ; 30.404,81 ; 30.462,20 ; 30.462,20 ; 30.462,20 ; 56.275,70 ; 375.171,38 
RS;CAMPOS BORGES;4304101; 13.343,44 ; 14.677,78 ; 16.012,13 ; 17.346,47 ; 18.610,82 ; 19.997,65 ; 19.997,65 ; 21.330,82 ; 21.800,69 ; 21.840,51 ; 21.840,51 ; 21.840,51 ; 40.348,05 ; 268.987,03 
RS;CANDELARIA;4304200; 94.525,71 ; 103.978,28 ; 113.430,85 ; 122.883,42 ; 131.840,81 ; 141.664,79 ; 141.664,79 ; 151.109,11 ; 154.426,23 ; 154.718,27 ; 154.718,27 ; 154.718,27 ; 285.825,68 ; 1.905.504,48 
RS;CANDIDO GODOI;4304309; 20.740,71 ; 22.814,78 ; 24.888,85 ; 26.962,92 ; 28.928,40 ; 31.083,91 ; 31.083,91 ; 33.156,17 ; 33.884,02 ; 33.948,08 ; 33.948,08 ; 33.948,08 ; 62.715,51 ; 418.103,42 
RS;CANELA;4304408; 96.484,95 ; 106.133,44 ; 115.781,94 ; 125.430,43 ; 134.612,49 ; 144.610,82 ; 144.610,82 ; 154.251,54 ; 157.281,55 ; 157.888,08 ; 157.888,08 ; 157.888,08 ; 291.681,57 ; 1.944.543,79 
RS;CANGUCU;4304507; 170.868,26 ; 187.955,09 ; 205.041,91 ; 222.128,74 ; 256.381,83 ; 260.593,96 ; 260.593,96 ; 277.966,89 ; 284.052,17 ; 284.603,77 ; 284.603,77 ; 284.603,77 ; 525.775,44 ; 3.505.169,56 
RS;CANUDOS DO VALE;4304614; 7.365,70 ; 8.102,27 ; 8.838,84 ; 9.575,41 ; 10.273,56 ; 11.038,94 ; 11.038,94 ; 11.774,87 ; 12.032,19 ; 12.055,94 ; 12.055,94 ; 12.055,94 ; 22.272,09 ; 148.480,63 
RS;CAPAO BONITO DO SUL;4304622; 10.339,01 ; 11.372,91 ; 12.406,82 ; 13.440,72 ; 14.420,68 ; 15.495,01 ; 15.495,01 ; 16.528,01 ; 16.889,73 ; 16.922,63 ; 16.922,63 ; 16.922,63 ; 31.262,78 ; 208.418,57 
RS;CARAA;4304713; 30.863,39 ; 33.949,73 ; 37.036,07 ; 40.122,41 ; 43.047,26 ; 46.254,70 ; 46.254,70 ; 49.338,35 ; 50.420,49 ; 50.516,65 ; 50.516,65 ; 50.516,65 ; 93.324,18 ; 622.161,23 
RS;CARLOS BARBOSA;4304804; 109.049,55 ; 119.954,50 ; 130.859,46 ; 141.764,41 ; 147.025,05 ; 162.163,26 ; 162.163,26 ; 172.974,15 ; 176.742,73 ; 177.101,72 ; 177.101,72 ; 177.101,72 ; 327.176,75 ; 2.181.178,28 
RS;CARLOS GOMES;4304853; 2.702,34 ; 2.972,58 ; 3.242,81 ; 3.513,05 ; 3.768,14 ; 4.049,72 ; 4.049,72 ; 4.319,70 ; 36.687,18 ; 8.744,00 ; 8.744,00 ; 8.744,00 ; 16.153,63 ; 107.690,87 
RS;CASCA;4304903; 14.985,31 ; 16.483,84 ; 17.982,37 ; 19.480,90 ; 20.156,35 ; 22.272,17 ; 22.272,17 ; 23.756,98 ; 24.331,11 ; 24.331,45 ; 24.331,45 ; 24.331,45 ; 44.949,80 ; 299.665,35 
RS;CENTENARIO;4305116; 3.239,23 ; 3.563,16 ; 3.887,08 ; 4.211,01 ; 4.516,77 ; 4.854,30 ; 4.854,30 ; 5.177,92 ; 5.303,05 ; 5.303,13 ; 5.303,13 ; 5.303,13 ; 9.796,97 ; 65.313,18 
RS;CERRO BRANCO;4305132; 6.609,81 ; 7.270,79 ; 7.931,77 ; 8.592,76 ; 9.216,61 ; 9.905,42 ; 9.905,42 ; 10.565,79 ; 10.821,14 ; 10.821,28 ; 10.821,28 ; 10.821,28 ; 19.991,17 ; 133.274,52 
RS;CERRO GRANDE;4305157; -   ; -   ; -   ; -   ; -   ; -   ; -   ; -   ; 71.424,66 ; 9.563,36 ; 9.563,36 ; 9.563,36 ; 17.667,30 ; 117.782,04 
RS;CERRO GRANDE DO SUL;4305173; 29.412,94 ; 32.354,23 ; 35.295,52 ; 38.236,82 ; 41.023,22 ; 44.080,66 ; 44.080,66 ; 47.019,37 ; 48.059,96 ; 48.143,53 ; 48.143,53 ; 48.143,53 ; 88.940,10 ; 592.934,07 
RS;CHARQUEADAS;4305355; 133.622,47 ; 146.984,72 ; 160.346,97 ; 173.709,21 ; 186.373,14 ; 200.259,14 ; 200.259,14 ; 213.609,75 ; 218.284,23 ; 218.709,75 ; 218.709,75 ; 218.709,75 ; 404.043,18 ; 2.693.621,20 
RS;CHARRUA;4305371; 5.008,66 ; 5.509,53 ; 6.010,40 ; 6.511,26 ; 6.984,03 ; 7.505,95 ; 7.505,95 ; 8.006,35 ; 8.199,85 ; 8.199,95 ; 8.199,95 ; 8.199,95 ; 15.148,55 ; 100.990,38 
RS;CHIAPETTA;4305405; 14.454,23 ; 15.899,65 ; 17.345,07 ; 18.790,49 ; 20.160,31 ; 21.662,41 ; 21.662,41 ; 23.106,57 ; 23.613,79 ; 23.658,47 ; 23.658,47 ; 23.658,47 ; 43.706,53 ; 291.376,87 
RS;CHUVISCA;4305447; 9.862,42 ; 10.848,67 ; 11.834,91 ; 12.821,15 ; 13.751,96 ; 14.779,77 ; 14.779,77 ; 15.765,09 ; 16.146,10 ; 16.146,30 ; 16.146,30 ; 16.146,30 ; 29.828,60 ; 198.857,34 
RS;CIRIACO;4305504; 6.181,39 ; 6.799,53 ; 7.417,67 ; 8.035,81 ; 7.873,88 ; 9.077,06 ; 9.077,06 ; 9.682,20 ; 9.916,20 ; 9.916,32 ; 9.916,32 ; 9.916,32 ; 18.319,36 ; 122.129,12 
RS;COLINAS;4305587; 12.696,63 ; 13.966,30 ; 15.235,96 ; 16.505,62 ; 17.709,12 ; 19.028,39 ; 19.028,39 ; 20.296,95 ; 20.740,08 ; 20.781,41 ; 20.781,41 ; 20.781,41 ; 38.391,47 ; 255.943,14 
RS;COQUEIRO BAIXO;4305835; 3.024,48 ; 3.326,93 ; 3.629,37 ; 3.931,82 ; 4.217,32 ; 4.532,47 ; 4.532,47 ; 4.834,63 ; 4.951,46 ; 4.951,54 ; 4.951,54 ; 4.951,54 ; 9.147,45 ; 60.983,02 
RS;CORONEL BARROS;4305871; 7.962,30 ; 8.758,53 ; 9.554,76 ; 10.350,99 ; 11.102,51 ; 11.932,26 ; 11.932,26 ; 12.727,74 ; 13.035,33 ; 13.035,51 ; 13.035,51 ; 13.035,51 ; 24.081,74 ; 160.544,95 
RS;CORONEL PILAR;4305934; 2.930,24 ; 3.223,26 ; 3.516,28 ; 3.809,31 ; 4.085,88 ; 4.391,24 ; 4.391,24 ; 4.683,99 ; 4.797,21 ; 4.797,25 ; 4.797,25 ; 4.797,25 ; 8.862,42 ; 59.082,82 
RS;COTIPORA;4305959; 15.823,52 ; 17.405,87 ; 18.988,22 ; 20.570,58 ; 22.070,23 ; 23.714,59 ; 23.714,59 ; 25.295,56 ; 25.849,87 ; 25.899,60 ; 25.899,60 ; 25.899,60 ; 47.846,79 ; 318.978,62 
RS;COXILHA;4305975; 19.373,04 ; 21.310,34 ; 23.247,65 ; 25.184,95 ; 27.020,87 ; 29.034,20 ; 29.034,20 ; 30.969,82 ; 31.649,43 ; 31.709,48 ; 31.709,48 ; 31.709,48 ; 58.579,92 ; 390.532,86 
RS;CRISTAL;4306056; 25.511,73 ; 28.062,91 ; 30.614,08 ; 33.165,25 ; 35.582,64 ; 38.234,14 ; 38.234,14 ; 40.783,08 ; 41.680,45 ; 41.757,44 ; 41.757,44 ; 41.757,44 ; 77.142,48 ; 514.283,22 
RS;CRISTAL DO SUL;4306072; 4.903,59 ; 5.393,95 ; 5.884,31 ; 6.374,67 ; 6.837,53 ; 7.348,50 ; 7.348,50 ; 7.838,40 ; 67.203,97 ; 15.951,30 ; 15.951,30 ; 15.951,30 ; 29.468,35 ; 196.455,67 
RS;CRUZ ALTA;4306106; 180.520,62 ; 198.572,68 ; 216.624,74 ; 234.676,80 ; 250.180,33 ; 270.143,80 ; 270.143,80 ; 288.153,39 ; 294.471,25 ; 295.034,77 ; 295.034,77 ; 295.034,77 ; 545.045,60 ; 3.633.637,32 
RS;DAVID CANABARRO;4306304; 4.098,26 ; 4.508,09 ; 4.917,91 ; 5.327,74 ; 4.534,53 ; 5.846,61 ; 5.846,61 ; 6.236,39 ; 6.387,11 ; 6.387,19 ; 6.387,19 ; 6.387,19 ; 11.799,67 ; 78.664,49 
RS;DERRUBADAS;4306320; 14.708,30 ; 16.179,14 ; 17.649,97 ; 19.120,80 ; 20.514,69 ; 22.043,20 ; 22.043,20 ; 23.512,75 ; 24.028,70 ; 24.074,32 ; 24.074,32 ; 24.074,32 ; 44.474,77 ; 296.498,48 
RS;DEZESSEIS DE NOVEMBRO;4306353; 3.349,73 ; 3.684,70 ; 4.019,68 ; 4.354,65 ; 4.670,85 ; 5.019,89 ; 5.019,89 ; 5.354,55 ; 5.483,94 ; 5.484,03 ; 5.484,03 ; 5.484,03 ; 10.131,17 ; 67.541,14 
RS;DOIS IRMAOS;4306403; 158.762,30 ; 174.638,53 ; 190.514,76 ; 206.390,99 ; 221.224,78 ; 237.882,86 ; 237.882,86 ; 253.741,71 ; 259.302,54 ; 259.800,96 ; 259.800,96 ; 259.800,96 ; 479.954,86 ; 3.199.699,07 
RS;DOIS IRMAOS DAS MISSOES;4306429; 5.630,48 ; 6.193,53 ; 6.756,58 ; 7.319,62 ; 7.851,07 ; 8.437,80 ; 8.437,80 ; 9.000,32 ; 9.217,83 ; 9.217,96 ; 9.217,96 ; 9.217,96 ; 17.029,21 ; 113.528,12 
RS;DOIS LAJEADOS;4306452; 5.477,75 ; 6.025,52 ; 6.573,30 ; 7.121,07 ; 7.638,07 ; 8.208,92 ; 8.208,92 ; 8.756,18 ; 8.967,80 ; 8.967,91 ; 8.967,91 ; 8.967,91 ; 16.567,28 ; 110.448,54 
RS;DOM PEDRITO;4306601; 50.418,66 ; 55.460,52 ; 60.502,39 ; 65.544,25 ; 70.302,44 ; 75.557,08 ; 75.557,08 ; 80.594,21 ; 82.541,92 ; 82.543,07 ; 82.543,07 ; 82.543,07 ; 152.489,61 ; 1.016.597,37 
RS;DOM PEDRO DE ALCANTARA;4306551; 6.156,34 ; 6.771,97 ; 7.387,61 ; 8.003,24 ; 8.584,33 ; 9.225,85 ; 9.225,85 ; 9.840,91 ; 79.882,30 ; 19.425,18 ; 19.425,18 ; 19.425,18 ; 35.885,98 ; 239.239,92 
RS;DONA FRANCISCA;4306700; 4.297,23 ; 4.726,96 ; 5.156,68 ; 5.586,41 ; 5.992,03 ; 6.439,81 ; 6.439,81 ; 6.869,13 ; 55.819,48 ; 13.567,19 ; 13.567,19 ; 13.567,19 ; 25.063,96 ; 167.093,07 
RS;DOUTOR MAURICIO CARDOSO;4306734; 19.969,60 ; 21.966,56 ; 23.963,52 ; 25.960,49 ; 27.852,93 ; 29.928,25 ; 29.928,25 ; 31.923,47 ; 32.624,40 ; 32.685,97 ; 32.685,97 ; 32.685,97 ; 60.383,89 ; 402.559,27 
RS;DOUTOR RICARDO;4306759; 3.021,64 ; 3.323,81 ; 3.625,97 ; 3.928,14 ; 4.213,36 ; 4.528,22 ; 4.528,22 ; 4.830,10 ; 4.946,82 ; 4.946,90 ; 4.946,90 ; 4.946,90 ; 9.138,87 ; 60.925,85 
RS;ELDORADO DO SUL;4306767; 89.057,95 ; 97.963,75 ; 106.869,54 ; 115.775,34 ; 124.250,62 ; 133.479,30 ; 133.479,30 ; 142.377,92 ; 145.174,67 ; 145.734,54 ; 145.734,54 ; 145.734,54 ; 269.229,18 ; 1.794.861,19 
RS;ENGENHO VELHO;4306924; 3.409,02 ; 3.749,93 ; 4.090,83 ; 4.431,73 ; 4.753,52 ; 5.108,74 ; 5.108,74 ; 5.449,33 ; 44.380,00 ; 10.776,06 ; 10.776,06 ; 10.776,06 ; 19.907,65 ; 132.717,67 
RS;ENTRE-IJUIS;4306932; 14.207,91 ; 15.628,70 ; 17.049,49 ; 18.470,29 ; 19.811,23 ; 21.291,89 ; 21.291,89 ; 22.711,35 ; 23.260,22 ; 23.260,53 ; 23.260,53 ; 23.260,53 ; 42.971,39 ; 286.475,95 
RS;EREBANGO;4306973; 10.892,92 ; 11.982,21 ; 13.071,50 ; 14.160,79 ; 15.193,42 ; 16.325,20 ; 16.325,20 ; 17.413,54 ; 17.792,72 ; 17.829,05 ; 17.829,05 ; 17.829,05 ; 32.937,29 ; 219.581,94 
RS;ERECHIM;4307005; 254.299,52 ; 279.729,48 ; 305.159,43 ; 330.589,38 ; 361.614,29 ; 382.848,03 ; 382.848,03 ; 408.371,23 ; 417.314,55 ; 418.122,14 ; 418.122,14 ; 418.122,14 ; 772.436,54 ; 5.149.576,90 
RS;ERVAL GRANDE;4307203; 22.735,37 ; 25.008,91 ; 27.282,45 ; 29.555,98 ; 31.710,65 ; 34.073,32 ; 34.073,32 ; 36.344,87 ; 37.141,57 ; 37.212,80 ; 37.212,80 ; 37.212,80 ; 68.746,73 ; 458.311,57 
RS;ERVAL SECO;4307302; 32.091,00 ; 35.300,10 ; 38.509,20 ; 41.718,30 ; 35.259,88 ; 45.719,60 ; 45.719,60 ; 48.767,57 ; 49.832,39 ; 49.931,60 ; 49.931,60 ; 49.931,60 ; 92.243,36 ; 614.955,80 
RS;ESMERALDA;4307401; 13.494,01 ; 14.843,42 ; 16.192,82 ; 17.542,22 ; 18.820,75 ; 20.223,29 ; 20.223,29 ; 21.571,51 ; 22.047,37 ; 22.087,05 ; 22.087,05 ; 22.087,05 ; 40.803,50 ; 272.023,33 
RS;ESPERANCA DO SUL;4307450; 21.650,23 ; 23.815,25 ; 25.980,27 ; 28.145,30 ; 30.197,29 ; 32.447,07 ; 32.447,07 ; 34.610,20 ; 35.367,29 ; 35.436,50 ; 35.436,50 ; 35.436,50 ; 65.465,20 ; 436.434,67 
RS;ESPUMOSO;4307500; 41.220,11 ; 45.342,12 ; 49.464,13 ; 53.586,14 ; 60.255,24 ; 62.466,93 ; 62.466,93 ; 66.631,39 ; 68.095,96 ; 68.223,09 ; 68.223,09 ; 68.223,09 ; 126.034,97 ; 840.233,19 
RS;ESTEIO;4307708; 363.429,87 ; 399.772,86 ; 436.115,85 ; 472.458,83 ; 515.213,69 ; 546.747,80 ; 546.747,80 ; 583.197,65 ; 596.007,66 ; 597.128,07 ; 597.128,07 ; 597.128,07 ; 1.103.131,10 ; 7.354.207,32 
RS;ESTRELA VELHA;4307815; 13.358,13 ; 14.693,94 ; 16.029,76 ; 17.365,57 ; 18.631,49 ; 20.019,71 ; 20.019,71 ; 21.354,35 ; 21.823,12 ; 21.864,39 ; 21.864,39 ; 21.864,39 ; 40.392,16 ; 269.281,11 
RS;FAGUNDES VARELA;4307864; 9.484,98 ; 10.433,48 ; 11.381,98 ; 12.330,47 ; 13.229,86 ; 14.215,18 ; 14.215,18 ; 15.162,85 ; 15.491,13 ; 15.524,40 ; 15.524,40 ; 15.524,40 ; 28.679,70 ; 191.198,01 
RS;FAXINAL DO SOTURNO;4308003; 16.056,17 ; 17.661,78 ; 19.267,40 ; 20.873,02 ; 22.394,82 ; 24.063,29 ; 24.063,29 ; 25.667,51 ; 26.228,68 ; 26.280,26 ; 26.280,26 ; 26.280,26 ; 48.550,01 ; 323.666,75 
RS;FAXINALZINHO;4308052; 3.593,56 ; 3.952,92 ; 4.312,28 ; 4.671,64 ; 5.010,81 ; 5.385,30 ; 5.385,30 ; 5.744,32 ; 5.883,17 ; 5.883,22 ; 5.883,22 ; 5.883,22 ; 10.868,63 ; 72.457,59 
RS;FAZENDA VILANOVA;4308078; 29.016,92 ; 31.918,61 ; 34.820,30 ; 37.721,99 ; 40.472,12 ; 43.487,47 ; 43.487,47 ; 46.386,63 ; 47.401,76 ; 47.494,14 ; 47.494,14 ; 47.494,14 ; 87.740,41 ; 584.936,10 
RS;FLORIANO PEIXOTO;4308250; 3.189,67 ; 3.508,64 ; 3.827,60 ; 4.146,57 ; 4.447,67 ; 4.780,02 ; 4.780,02 ; 5.098,69 ; 5.221,91 ; 5.221,98 ; 5.221,98 ; 5.221,98 ; 9.647,07 ; 64.313,80 
RS;FONTOURA XAVIER;4308300; 32.832,89 ; 36.116,18 ; 39.399,47 ; 42.682,76 ; 45.793,94 ; 49.206,30 ; 49.206,30 ; 52.486,72 ; 53.640,72 ; 53.740,58 ; 53.740,58 ; 53.740,58 ; 99.280,06 ; 661.867,08 
RS;FORMIGUEIRO;4308409; 8.897,73 ; 9.787,51 ; 10.677,28 ; 11.567,05 ; 12.406,82 ; 13.334,09 ; 13.334,09 ; 14.223,03 ; 14.566,75 ; 14.566,96 ; 14.566,96 ; 14.566,96 ; 26.910,92 ; 179.406,15 
RS;FORQUETINHA;4308433; 12.533,19 ; 13.786,51 ; 15.039,83 ; 16.293,15 ; 17.480,87 ; 18.783,38 ; 18.783,38 ; 20.035,60 ; 20.475,50 ; 20.514,15 ; 20.514,15 ; 20.514,15 ; 37.897,73 ; 252.651,59 
RS;FORTALEZA DOS VALOS;4308458; 20.181,25 ; 22.199,37 ; 24.217,50 ; 26.235,63 ; 28.148,69 ; 30.245,60 ; 30.245,60 ; 32.261,98 ; 32.964,71 ; 33.031,80 ; 33.031,80 ; 33.031,80 ; 61.022,77 ; 406.818,50 
RS;FREDERICO WESTPHALEN;4308508; 89.993,39 ; 98.992,73 ; 107.992,07 ; 116.991,41 ; 134.793,46 ; 137.190,77 ; 137.190,77 ; 146.336,82 ; 149.545,86 ; 149.831,56 ; 149.831,56 ; 149.831,56 ; 276.798,00 ; 1.845.319,96 
RS;GARIBALDI;4308607; 118.449,10 ; 130.294,01 ; 142.138,92 ; 153.983,83 ; 171.084,24 ; 178.987,54 ; 178.987,54 ; 190.920,05 ; 195.090,93 ; 195.477,37 ; 195.477,37 ; 195.477,37 ; 361.123,82 ; 2.407.492,09 
RS;GARRUCHOS;4308656; 7.615,70 ; 8.377,27 ; 9.138,84 ; 9.900,41 ; 10.622,03 ; 11.413,54 ; 11.413,54 ; 12.174,44 ; 12.442,88 ; 12.465,38 ; 12.465,38 ; 12.465,38 ; 23.028,49 ; 153.523,28 
RS;GENTIL;4308854; 3.597,16 ; 3.956,88 ; 4.316,59 ; 4.676,31 ; 5.015,83 ; 5.390,69 ; 5.390,69 ; 5.750,07 ; 47.268,26 ; 11.429,56 ; 11.429,56 ; 11.429,56 ; 21.114,90 ; 140.766,06 
RS;GETULIO VARGAS;4308904; 60.413,34 ; 66.454,67 ; 72.496,00 ; 78.537,34 ; 92.208,77 ; 92.527,54 ; 92.527,54 ; 98.696,04 ; 100.849,03 ; 101.051,54 ; 101.051,54 ; 101.051,54 ; 186.682,05 ; 1.244.546,94 
RS;GIRUA;4309001; 58.145,86 ; 63.960,44 ; 69.775,03 ; 75.589,61 ; 91.705,31 ; 89.794,07 ; 89.794,07 ; 95.780,34 ; 97.885,56 ; 98.068,37 ; 98.068,37 ; 98.068,37 ; 181.170,96 ; 1.207.806,36 
RS;GLORINHA;4309050; 48.830,14 ; 53.713,15 ; 58.596,16 ; 63.479,18 ; 68.106,26 ; 73.181,25 ; 73.181,25 ; 78.060,00 ; 79.774,17 ; 79.924,50 ; 79.924,50 ; 79.924,50 ; 147.652,07 ; 984.347,13 
RS;GRAMADO;4309100; 203.635,67 ; 223.999,23 ; 244.362,80 ; 264.726,37 ; 284.024,75 ; 305.187,22 ; 305.187,22 ; 325.533,03 ; 332.665,77 ; 333.306,45 ; 333.306,45 ; 333.306,45 ; 615.748,49 ; 4.104.989,90 
RS;HARMONIA;4309555; 28.105,60 ; 30.916,17 ; 33.726,73 ; 36.537,29 ; 39.201,47 ; 42.121,80 ; 42.121,80 ; 44.929,92 ; 45.909,17 ; 46.002,10 ; 46.002,10 ; 46.002,10 ; 84.984,04 ; 566.560,29 
RS;HERVEIRAS;4309571; 5.534,82 ; 6.088,30 ; 6.641,79 ; 7.195,27 ; 7.717,71 ; 8.294,45 ; 8.294,45 ; 8.847,41 ; 70.949,07 ; 17.347,80 ; 17.347,80 ; 17.347,80 ; 32.048,23 ; 213.654,90 
RS;HORIZONTINA;4309605; 96.949,05 ; 106.643,95 ; 116.338,86 ; 126.033,76 ; 143.953,48 ; 147.479,79 ; 147.479,79 ; 157.311,77 ; 160.755,77 ; 161.067,84 ; 161.067,84 ; 161.067,84 ; 297.555,84 ; 1.983.705,58 
RS;HUMAITA;4309704; 24.038,85 ; 26.442,73 ; 28.846,62 ; 31.250,50 ; 43.295,27 ; 38.468,48 ; 38.468,48 ; 41.033,05 ; 41.929,82 ; 42.012,56 ; 42.012,56 ; 42.012,56 ; 77.613,78 ; 517.425,26 
RS;IBIACA;4309803; 15.990,52 ; 17.589,57 ; 19.188,62 ; 20.787,68 ; 22.303,20 ; 23.964,87 ; 23.964,87 ; 25.562,53 ; 26.122,51 ; 26.172,93 ; 26.172,93 ; 26.172,93 ; 48.351,73 ; 322.344,89 
RS;IBIRAPUITA;4309951; 14.981,11 ; 16.479,22 ; 17.977,33 ; 19.475,44 ; 20.894,68 ; 22.451,93 ; 22.451,93 ; 23.948,73 ; 24.478,64 ; 24.521,29 ; 24.521,29 ; 24.521,29 ; 45.300,50 ; 302.003,38 
RS;IBIRUBA;4310009; 69.341,34 ; 76.275,47 ; 83.209,61 ; 90.143,74 ; 96.716,27 ; 103.921,63 ; 103.921,63 ; 110.849,74 ; 113.267,87 ; 113.495,29 ; 113.495,29 ; 113.495,29 ; 209.670,56 ; 1.397.803,73 
RS;ILOPOLIS;4310306; 15.074,64 ; 16.582,11 ; 18.089,57 ; 19.597,03 ; 21.025,97 ; 22.592,31 ; 22.592,31 ; 24.098,46 ; 24.624,32 ; 24.673,63 ; 24.673,63 ; 24.673,63 ; 45.581,92 ; 303.879,53 
RS;IMBE;4310330; 171.581,53 ; 188.739,69 ; 205.897,84 ; 223.055,99 ; 239.315,19 ; 257.147,58 ; 257.147,58 ; 274.290,75 ; 280.313,71 ; 280.842,29 ; 280.842,29 ; 280.842,29 ; 518.826,49 ; 3.458.843,22 
RS;IMIGRANTE;4310363; 14.637,45 ; 16.101,20 ; 17.564,94 ; 19.028,69 ; 20.415,94 ; 21.937,04 ; 21.937,04 ; 23.399,51 ; 23.912,28 ; 23.958,28 ; 23.958,28 ; 23.958,28 ; 44.260,40 ; 295.069,33 
RS;INHACORA;4310413; 11.424,25 ; 12.566,67 ; 13.709,10 ; 14.851,53 ; 15.934,09 ; 17.121,39 ; 17.121,39 ; 18.262,82 ; 18.664,60 ; 18.699,13 ; 18.699,13 ; 18.699,13 ; 34.544,68 ; 230.297,91 
RS;IPIRANGA DO SUL;4310462; 9.814,22 ; 10.795,64 ; 11.777,06 ; 12.758,48 ; 13.689,02 ; 14.708,59 ; 14.708,59 ; 15.689,16 ; 16.029,50 ; 16.063,35 ; 16.063,35 ; 16.063,35 ; 29.675,34 ; 197.835,65 
RS;IRAI;4310504; 14.363,38 ; 15.799,72 ; 17.236,06 ; 18.672,40 ; 22.712,18 ; 22.195,91 ; 22.195,91 ; 23.675,64 ; 24.247,79 ; 24.248,15 ; 24.248,15 ; 24.248,15 ; 44.795,89 ; 298.639,33 
RS;ITACURUBI;4310553; 6.907,14 ; 7.597,86 ; 8.288,57 ; 8.979,29 ; 9.636,70 ; 10.352,37 ; 10.352,37 ; 11.042,53 ; 11.259,44 ; 11.302,86 ; 11.302,86 ; 11.302,86 ; 20.880,85 ; 139.205,70 
RS;ITAPUCA;4310579; 5.870,00 ; 6.457,00 ; 7.044,00 ; 7.631,00 ; 8.185,07 ; 8.796,74 ; 8.796,74 ; 9.383,19 ; 9.609,94 ; 9.610,09 ; 9.610,09 ; 9.610,09 ; 17.753,63 ; 118.357,58 
RS;ITATI;4310652; 12.047,08 ; 13.251,79 ; 14.456,50 ; 15.661,21 ; 16.802,91 ; 18.054,86 ; 18.054,86 ; 19.258,52 ; 19.680,81 ; 19.718,43 ; 19.718,43 ; 19.718,43 ; 36.427,73 ; 242.851,56 
RS;ITATIBA DO SUL;4310702; 8.704,58 ; 9.575,04 ; 10.445,50 ; 11.315,96 ; 12.140,93 ; 13.045,49 ; 13.045,49 ; 13.915,18 ; 14.220,46 ; 14.247,52 ; 14.247,52 ; 14.247,52 ; 26.320,79 ; 175.471,98 
RS;IVORA;4310751; 1.753,84 ; 1.929,22 ; 2.104,61 ; 2.279,99 ; 2.445,59 ; 2.628,29 ; 2.628,29 ; 2.803,51 ; 2.871,26 ; 2.871,30 ; 2.871,30 ; 2.871,30 ; 5.304,43 ; 35.362,93 
RS;JABOTICABA;4310850; 7.029,17 ; 7.732,09 ; 8.435,00 ; 9.137,92 ; 12.540,16 ; 11.218,57 ; 11.218,57 ; 11.966,48 ; 12.255,68 ; 12.255,84 ; 12.255,84 ; 12.255,84 ; 22.641,38 ; 150.942,54 
RS;JACUTINGA;4310900; 13.676,63 ; 15.044,29 ; 16.411,95 ; 17.779,62 ; 19.076,26 ; 20.497,18 ; 20.497,18 ; 21.863,66 ; 22.338,35 ; 22.385,15 ; 22.385,15 ; 22.385,15 ; 41.354,21 ; 275.694,78 
RS;JAGUARI;4311106; 28.926,01 ; 31.818,61 ; 34.711,22 ; 37.603,82 ; 40.344,97 ; 43.351,14 ; 43.351,14 ; 46.241,21 ; 47.256,51 ; 47.345,70 ; 47.345,70 ; 47.345,70 ; 87.466,18 ; 583.107,91 
RS;JARI;4311130; 14.733,91 ; 16.207,30 ; 17.680,69 ; 19.154,08 ; 20.551,19 ; 22.081,77 ; 22.081,77 ; 23.553,89 ; 24.063,59 ; 24.115,48 ; 24.115,48 ; 24.115,48 ; 44.550,81 ; 297.005,44 
RS;JOIA;4311155; 18.731,30 ; 20.604,43 ; 22.477,57 ; 24.350,70 ; 24.504,08 ; 27.667,01 ; 27.667,01 ; 29.511,47 ; 30.161,06 ; 30.216,57 ; 30.216,57 ; 30.216,57 ; 55.821,94 ; 372.146,28 
RS;JULIO DE CASTILHOS;4311205; 65.153,53 ; 71.668,89 ; 78.184,24 ; 84.699,59 ; 94.244,96 ; 98.487,82 ; 98.487,82 ; 105.053,67 ; 107.367,72 ; 107.563,88 ; 107.563,88 ; 107.563,88 ; 198.712,92 ; 1.324.752,80 
RS;LAGOA BONITA DO SUL;4311239; 8.485,61 ; 9.334,17 ; 10.182,74 ; 11.031,30 ; 11.835,58 ; 12.717,34 ; 12.717,34 ; 13.565,16 ; 13.861,94 ; 13.889,03 ; 13.889,03 ; 13.889,03 ; 25.658,51 ; 171.056,78 
RS;LAGOA DOS TRES CANTOS;4311270; 3.675,66 ; 4.043,23 ; 4.410,80 ; 4.778,36 ; 5.125,32 ; 5.508,33 ; 5.508,33 ; 5.875,55 ; 6.017,53 ; 6.017,63 ; 6.017,63 ; 6.017,63 ; 11.116,94 ; 74.112,94 
RS;LAGOA VERMELHA;4311304; 73.997,17 ; 81.396,89 ; 88.796,61 ; 96.196,32 ; 110.595,37 ; 112.745,60 ; 112.745,60 ; 120.261,97 ; 122.897,14 ; 123.133,73 ; 123.133,73 ; 123.133,73 ; 227.476,57 ; 1.516.510,43 
RS;LAGOAO;4311254; 20.439,30 ; 22.483,23 ; 24.527,16 ; 26.571,09 ; 28.507,44 ; 30.632,03 ; 30.632,03 ; 32.674,17 ; 33.396,85 ; 33.455,30 ; 33.455,30 ; 33.455,30 ; 61.805,15 ; 412.034,35 
RS;LINHA NOVA;4311643; -   ; -   ; -   ; -   ; -   ; -   ; -   ; -   ; 30.952,62 ; 4.144,38 ; 4.144,38 ; 4.144,38 ; 7.656,30 ; 51.042,06 
RS;MAMPITUBA;4311734; 15.001,87 ; 16.502,06 ; 18.002,24 ; 19.502,43 ; 20.924,12 ; 22.483,16 ; 22.483,16 ; 23.982,04 ; 24.508,41 ; 24.554,83 ; 24.554,83 ; 24.554,83 ; 45.362,46 ; 302.416,44 
RS;MARATA;4311791; 5.195,87 ; 5.715,45 ; 6.235,04 ; 6.754,63 ; 7.245,02 ; 7.786,50 ; 7.786,50 ; 8.305,60 ; 8.506,35 ; 8.506,43 ; 8.506,43 ; 8.506,43 ; 15.714,74 ; 104.764,99 
RS;MARIANO MORO;4312005; 2.643,43 ; 2.907,77 ; 3.172,11 ; 3.436,46 ; 3.686,01 ; 3.961,42 ; 3.961,42 ; 4.225,52 ; 4.327,62 ; 4.327,70 ; 4.327,70 ; 4.327,70 ; 7.994,97 ; 53.299,83 
RS;MARQUES DE SOUZA;4312054; 8.265,14 ; 9.091,65 ; 9.918,16 ; 10.744,68 ; 11.524,79 ; 12.386,08 ; 12.386,08 ; 13.211,82 ; 13.531,09 ; 13.531,30 ; 13.531,30 ; 13.531,30 ; 24.997,65 ; 166.651,04 
RS;MATO QUEIMADO;4312179; 4.420,39 ; 4.862,43 ; 5.304,47 ; 5.746,51 ; 6.163,76 ; 6.624,38 ; 6.624,38 ; 7.066,00 ; 7.236,75 ; 7.236,87 ; 7.236,87 ; 7.236,87 ; 13.369,35 ; 89.129,03 
RS;MAXIMILIANO DE ALMEIDA;4312203; 13.338,41 ; 14.672,25 ; 16.006,09 ; 17.339,93 ; 18.603,52 ; 19.990,04 ; 19.990,04 ; 21.322,71 ; 21.794,71 ; 21.832,52 ; 21.832,52 ; 21.832,52 ; 40.333,27 ; 268.888,53 
RS;MONTAURI;4312351; 3.060,27 ; 3.366,30 ; 3.672,33 ; 3.978,35 ; 4.267,19 ; 4.586,11 ; 4.586,11 ; 4.891,85 ; 40.713,06 ; 9.790,57 ; 9.790,57 ; 9.790,57 ; 18.087,04 ; 120.580,32 
RS;MONTE ALEGRE DOS CAMPOS;4312377; 19.747,74 ; 21.722,52 ; 23.697,29 ; 25.672,06 ; 27.543,32 ; 29.595,73 ; 29.595,73 ; 31.568,78 ; 32.262,88 ; 32.322,92 ; 32.322,92 ; 32.322,92 ; 59.713,19 ; 398.088,00 
RS;MONTE BELO DO SUL;4312385; 12.881,01 ; 14.169,12 ; 15.457,22 ; 16.745,32 ; 17.966,28 ; 19.304,72 ; 19.304,72 ; 20.591,70 ; 21.041,41 ; 21.083,21 ; 21.083,21 ; 21.083,21 ; 38.949,02 ; 259.660,15 
RS;MONTENEGRO;4312401; 229.245,24 ; 252.169,77 ; 275.094,29 ; 298.018,82 ; 332.164,93 ; 346.673,29 ; 346.673,29 ; 369.784,84 ; 377.918,32 ; 378.619,10 ; 378.619,10 ; 378.619,10 ; 699.458,84 ; 4.663.058,93 
RS;MORMACO;4312427; 5.705,18 ; 6.275,70 ; 6.846,21 ; 7.416,73 ; 7.955,22 ; 8.549,75 ; 8.549,75 ; 9.119,73 ; 9.340,11 ; 9.340,26 ; 9.340,26 ; 9.340,26 ; 17.255,14 ; 115.034,30 
RS;MORRINHOS DO SUL;4312443; -   ; -   ; -   ; -   ; -   ; -   ; -   ; -   ; 74.283,08 ; 9.946,08 ; 9.946,08 ; 9.946,08 ; 18.374,35 ; 122.495,67 
RS;MORRO REDONDO;4312450; 22.769,45 ; 25.046,39 ; 27.323,34 ; 29.600,28 ; 31.758,42 ; 34.124,46 ; 34.124,46 ; 36.399,42 ; 37.194,81 ; 37.268,32 ; 37.268,32 ; 37.268,32 ; 68.849,28 ; 458.995,27 
RS;MORRO REUTER;4312476; 25.888,26 ; 28.477,08 ; 31.065,91 ; 33.654,74 ; 36.107,96 ; 38.798,47 ; 38.798,47 ; 41.385,03 ; 42.294,28 ; 42.373,60 ; 42.373,60 ; 42.373,60 ; 78.280,76 ; 521.871,76 
RS;MOSTARDAS;4312500; 56.803,70 ; 62.484,07 ; 68.164,44 ; 73.844,81 ; 79.227,21 ; 85.131,08 ; 85.131,08 ; 90.806,48 ; 92.803,40 ; 92.975,82 ; 92.975,82 ; 92.975,82 ; 171.763,02 ; 1.145.086,75 
RS;MULITERNO;4312625; 1.145,36 ; 1.259,90 ; 1.374,43 ; 1.488,97 ; 1.597,17 ; 1.716,43 ; 1.716,43 ; 1.830,86 ; 1.875,09 ; 1.875,13 ; 1.875,13 ; 1.875,13 ; 3.464,12 ; 23.094,15 
RS;NICOLAU VERGUEIRO;4312674; 3.650,85 ; 4.015,94 ; 4.381,02 ; 4.746,11 ; 5.090,71 ; 5.471,14 ; 5.471,14 ; 5.835,89 ; 5.976,92 ; 5.977,01 ; 5.977,01 ; 5.977,01 ; 11.041,89 ; 73.612,64 
RS;NOVA ALVORADA;4312757; 6.093,39 ; 6.702,73 ; 7.312,07 ; 7.921,41 ; 8.496,51 ; 9.131,52 ; 9.131,52 ; 9.740,29 ; 85.159,43 ; 20.042,50 ; 20.042,50 ; 20.042,50 ; 37.026,41 ; 246.842,78 
RS;NOVA BASSANO;4312906; 18.527,75 ; 20.380,53 ; 22.233,30 ; 24.086,08 ; 26.886,40 ; 28.028,51 ; 28.028,51 ; 29.897,08 ; 30.619,61 ; 30.620,02 ; 30.620,02 ; 30.620,02 ; 56.567,26 ; 377.115,09 
RS;NOVA BOA VISTA;4312955; 13.002,46 ; 14.302,71 ; 15.602,96 ; 16.903,21 ; 18.135,97 ; 19.486,81 ; 19.486,81 ; 20.785,93 ; 21.237,24 ; 21.281,72 ; 21.281,72 ; 21.281,72 ; 39.315,74 ; 262.105,00 
RS;NOVA BRESCIA;4313003; 5.453,18 ; 5.998,50 ; 6.543,82 ; 7.089,14 ; 7.603,85 ; 8.172,11 ; 8.172,11 ; 8.716,92 ; 8.927,59 ; 8.927,70 ; 8.927,70 ; 8.927,70 ; 16.492,99 ; 109.953,31 
RS;NOVA CANDELARIA;4313011; 17.814,58 ; 19.596,04 ; 21.377,50 ; 23.158,96 ; 24.847,96 ; 26.698,75 ; 26.698,75 ; 28.478,66 ; 29.096,69 ; 29.157,91 ; 29.157,91 ; 29.157,91 ; 53.866,16 ; 359.107,78 
RS;NOVA PADUA;4313086; 4.325,21 ; 4.757,73 ; 5.190,25 ; 5.622,77 ; 6.031,05 ; 6.481,73 ; 6.481,73 ; 6.913,85 ; 7.080,94 ; 7.081,03 ; 7.081,03 ; 7.081,03 ; 13.081,47 ; 87.209,82 
RS;NOVA PALMA;4313102; 5.477,43 ; 6.025,17 ; 6.572,91 ; 7.120,66 ; 7.642,00 ; 8.209,52 ; 8.209,52 ; 8.756,82 ; 8.928,82 ; 8.963,27 ; 8.963,27 ; 8.963,27 ; 16.558,70 ; 110.391,36 
RS;NOVA PRATA;4313300; 48.209,39 ; 53.030,33 ; 57.851,27 ; 62.672,21 ; 66.800,05 ; 72.140,82 ; 72.140,82 ; 76.950,21 ; 78.809,86 ; 78.810,95 ; 78.810,95 ; 78.810,95 ; 145.594,91 ; 970.632,72 
RS;NOVA ROMA DO SUL;4313359; 13.423,14 ; 14.765,46 ; 16.107,77 ; 17.450,09 ; 18.723,10 ; 20.117,38 ; 20.117,38 ; 21.458,54 ; 21.920,95 ; 21.969,91 ; 21.969,91 ; 21.969,91 ; 40.587,09 ; 270.580,63 
RS;NOVA SANTA RITA;4313375; 168.146,78 ; 184.961,46 ; 201.776,14 ; 218.590,82 ; 234.526,13 ; 252.000,35 ; 252.000,35 ; 268.800,38 ; 274.688,01 ; 275.218,79 ; 275.218,79 ; 275.218,79 ; 508.437,67 ; 3.389.584,46 
RS;NOVO BARREIRO;4313490; 16.286,80 ; 17.915,48 ; 19.544,16 ; 21.172,84 ; 22.716,16 ; 24.408,85 ; 24.408,85 ; 26.036,10 ; 26.608,57 ; 26.658,09 ; 26.658,09 ; 26.658,09 ; 49.248,01 ; 328.320,09 
RS;NOVO TIRADENTES;4313441; 11.694,02 ; 12.863,42 ; 14.032,82 ; 15.202,23 ; 16.310,58 ; 17.525,76 ; 17.525,76 ; 18.694,14 ; 19.103,12 ; 19.140,46 ; 19.140,46 ; 19.140,46 ; 35.359,98 ; 235.733,21 
RS;PAIM FILHO;4313607; 7.524,27 ; 8.276,70 ; 9.029,13 ; 9.781,55 ; 10.491,73 ; 11.275,83 ; 11.275,83 ; 12.027,55 ; 12.318,21 ; 12.318,39 ; 12.318,39 ; 12.318,39 ; 22.756,93 ; 151.712,90 
RS;PALMITINHO;4313805; 13.279,09 ; 14.607,00 ; 15.934,91 ; 17.262,82 ; 23.432,24 ; 21.129,00 ; 21.129,00 ; 22.537,60 ; 23.082,28 ; 23.082,58 ; 23.082,58 ; 23.082,58 ; 42.642,64 ; 284.284,32 
RS;PANTANO GRANDE;4313953; 51.771,17 ; 56.948,28 ; 62.125,40 ; 67.302,52 ; 72.207,67 ; 77.588,78 ; 77.588,78 ; 82.761,37 ; 84.584,60 ; 84.738,95 ; 84.738,95 ; 84.738,95 ; 156.546,26 ; 1.043.641,68 
RS;PARAISO DO SUL;4314027; 10.837,98 ; 11.921,78 ; 13.005,58 ; 14.089,38 ; 15.112,26 ; 16.241,73 ; 16.241,73 ; 17.324,52 ; 17.743,22 ; 17.743,44 ; 17.743,44 ; 17.743,44 ; 32.779,14 ; 218.527,64 
RS;PASSA SETE;4314068; 17.052,95 ; 18.758,24 ; 20.463,54 ; 22.168,83 ; 23.784,52 ; 25.557,00 ; 25.557,00 ; 27.260,80 ; 27.862,53 ; 27.912,36 ; 27.912,36 ; 27.912,36 ; 51.565,14 ; 343.767,63 
RS;PASSO DO SOBRADO;4314076; 21.474,30 ; 23.621,73 ; 25.769,16 ; 27.916,59 ; 29.951,56 ; 32.183,32 ; 32.183,32 ; 34.328,87 ; 35.083,11 ; 35.148,89 ; 35.148,89 ; 35.148,89 ; 64.933,87 ; 432.892,50 
RS;PAULO BENTO;4314134; 8.041,03 ; 8.845,14 ; 9.649,24 ; 10.453,35 ; 11.215,39 ; 12.051,01 ; 12.051,01 ; 12.854,41 ; 13.136,98 ; 13.161,49 ; 13.161,49 ; 13.161,49 ; 24.314,47 ; 162.096,50 
RS;PEDRO OSORIO;4314209; 21.590,15 ; 23.749,17 ; 25.908,18 ; 28.067,20 ; 30.112,56 ; 32.356,80 ; 32.356,80 ; 34.513,92 ; 35.277,35 ; 35.339,04 ; 35.339,04 ; 35.339,04 ; 65.285,16 ; 435.234,41 
RS;PICADA CAFE;4314423; 25.953,96 ; 28.549,36 ; 31.144,75 ; 33.740,15 ; 36.200,61 ; 38.897,20 ; 38.897,20 ; 41.490,35 ; 42.392,38 ; 42.480,15 ; 42.480,15 ; 42.480,15 ; 78.477,59 ; 523.184,00 
RS;PINHAL;4314456; 16.804,66 ; 18.485,12 ; 20.165,59 ; 21.846,05 ; 23.438,85 ; 25.185,05 ; 25.185,05 ; 26.864,06 ; 27.451,20 ; 27.505,35 ; 27.505,35 ; 27.505,35 ; 50.813,23 ; 338.754,91 
RS;PINHAL DA SERRA;4314464; 10.297,38 ; 11.327,12 ; 12.356,85 ; 13.386,59 ; 14.362,60 ; 15.432,63 ; 15.432,63 ; 16.461,47 ; 16.821,37 ; 16.854,44 ; 16.854,44 ; 16.854,44 ; 31.136,81 ; 207.578,77 
RS;PINHEIRO MACHADO;4314506; 22.064,03 ; 24.270,43 ; 26.476,83 ; 28.683,23 ; 30.765,56 ; 33.065,01 ; 33.065,01 ; 35.269,35 ; 36.121,72 ; 36.122,20 ; 36.122,20 ; 36.122,20 ; 66.731,95 ; 444.879,72 
RS;PIRAPO;4314555; 2.165,90 ; 2.382,49 ; 2.599,08 ; 2.815,68 ; 3.020,16 ; 3.245,81 ; 3.245,81 ; 3.462,20 ; 3.545,87 ; 3.545,92 ; 3.545,92 ; 3.545,92 ; 6.550,71 ; 43.671,47 
RS;PIRATINI;4314605; 21.451,51 ; 23.596,66 ; 25.741,81 ; 27.886,96 ; 27.028,79 ; 31.426,42 ; 31.426,42 ; 33.521,52 ; 34.331,66 ; 34.332,10 ; 34.332,10 ; 34.332,10 ; 63.424,94 ; 422.832,99 
RS;PLANALTO;4314704; 21.516,48 ; 23.668,13 ; 25.819,78 ; 27.971,43 ; 30.002,07 ; 32.244,47 ; 32.244,47 ; 34.394,10 ; 35.225,33 ; 35.225,78 ; 35.225,78 ; 35.225,78 ; 65.075,92 ; 433.839,52 
RS;POCO DAS ANTAS;4314753; 8.904,06 ; 9.794,47 ; 10.684,88 ; 11.575,28 ; 12.419,34 ; 13.344,50 ; 13.344,50 ; 14.234,13 ; 14.544,42 ; 14.573,81 ; 14.573,81 ; 14.573,81 ; 26.923,58 ; 179.490,59 
RS;PONTE PRETA;4314787; 2.702,34 ; 2.972,58 ; 3.242,81 ; 3.513,05 ; 3.768,14 ; 4.049,72 ; 4.049,72 ; 4.319,70 ; 4.424,12 ; 4.424,15 ; 4.424,15 ; 4.424,15 ; 8.173,16 ; 54.487,79 
RS;PORTO LUCENA;4315008; 4.742,12 ; 5.216,33 ; 5.690,55 ; 6.164,76 ; 6.612,37 ; 7.106,51 ; 7.106,51 ; 7.580,28 ; 62.564,98 ; 15.101,20 ; 15.101,20 ; 15.101,20 ; 27.897,88 ; 185.985,89 
RS;PORTO MAUA;4315057; 8.341,67 ; 9.175,84 ; 10.010,01 ; 10.844,18 ; 11.634,83 ; 12.501,61 ; 12.501,61 ; 13.335,05 ; 13.627,02 ; 13.653,45 ; 13.653,45 ; 13.653,45 ; 25.223,32 ; 168.155,49 
RS;PORTO VERA CRUZ;4315073; 2.612,86 ; 2.874,15 ; 3.135,43 ; 3.396,72 ; 3.643,40 ; 3.915,62 ; 3.915,62 ; 4.176,66 ; 4.277,59 ; 4.277,66 ; 4.277,66 ; 4.277,66 ; 7.902,53 ; 52.683,56 
RS;POUSO NOVO;4315131; 3.597,16 ; 3.956,88 ; 4.316,59 ; 4.676,31 ; 5.015,83 ; 5.390,69 ; 5.390,69 ; 5.750,07 ; 47.105,02 ; 11.407,70 ; 11.407,70 ; 11.407,70 ; 21.074,52 ; 140.496,86 
RS;PRESIDENTE LUCENA;4315149; 15.583,89 ; 17.142,28 ; 18.700,67 ; 20.259,06 ; 21.736,33 ; 23.355,54 ; 23.355,54 ; 24.912,57 ; 25.455,59 ; 25.507,09 ; 25.507,09 ; 25.507,09 ; 47.121,65 ; 314.144,39 
RS;PROGRESSO;4315156; 17.671,84 ; 19.439,03 ; 21.206,21 ; 22.973,40 ; 24.648,45 ; 26.484,71 ; 26.484,71 ; 28.250,36 ; 28.867,40 ; 28.924,69 ; 28.924,69 ; 28.924,69 ; 53.435,32 ; 356.235,50 
RS;PROTASIO ALVES;4315172; 8.148,85 ; 8.963,74 ; 9.778,63 ; 10.593,51 ; 11.366,09 ; 12.212,69 ; 12.212,69 ; 13.026,87 ; 13.309,99 ; 13.337,63 ; 13.337,63 ; 13.337,63 ; 24.639,87 ; 164.265,82 
RS;PUTINGA;4315206; 10.999,66 ; 12.099,63 ; 13.199,60 ; 14.299,56 ; 15.342,50 ; 16.485,23 ; 16.485,23 ; 17.584,24 ; 17.965,40 ; 18.003,59 ; 18.003,59 ; 18.003,59 ; 33.259,73 ; 221.731,55 
RS;QUARAI;4315305; 72.207,33 ; 79.428,07 ; 86.648,80 ; 93.869,53 ; 106.902,15 ; 109.763,98 ; 109.763,98 ; 117.081,58 ; 119.647,68 ; 119.877,47 ; 119.877,47 ; 119.877,47 ; 221.460,98 ; 1.476.406,49 
RS;QUINZE DE NOVEMBRO;4315354; 21.472,42 ; 23.619,66 ; 25.766,91 ; 27.914,15 ; 29.949,64 ; 32.180,69 ; 32.180,69 ; 34.326,07 ; 35.073,49 ; 35.145,11 ; 35.145,11 ; 35.145,11 ; 64.926,89 ; 432.845,94 
RS;REDENTORA;4315404; 23.847,24 ; 26.231,97 ; 28.616,69 ; 31.001,42 ; 33.260,71 ; 35.739,49 ; 35.739,49 ; 38.122,12 ; 38.964,52 ; 39.033,39 ; 39.033,39 ; 39.033,39 ; 72.110,08 ; 480.733,90 
RS;RELVADO;4315453; 2.935,00 ; 3.228,50 ; 3.522,00 ; 3.815,50 ; 4.092,56 ; 4.398,37 ; 4.398,37 ; 4.691,59 ; 39.470,28 ; 9.446,54 ; 9.446,54 ; 9.446,54 ; 17.451,49 ; 116.343,28 
RS;RIO DOS INDIOS;4315552; 9.856,52 ; 10.842,18 ; 11.827,83 ; 12.813,48 ; 13.747,25 ; 14.771,79 ; 14.771,79 ; 15.756,58 ; 16.105,69 ; 16.133,35 ; 16.133,35 ; 16.133,35 ; 29.804,67 ; 198.697,83 
RS;RIOZINHO;4315750; 17.333,85 ; 19.067,24 ; 20.800,63 ; 22.534,01 ; 24.176,40 ; 25.978,01 ; 25.978,01 ; 27.709,88 ; 28.320,82 ; 28.372,08 ; 28.372,08 ; 28.372,08 ; 52.414,42 ; 349.429,51 
RS;ROCA SALES;4315800; 36.795,47 ; 40.475,02 ; 44.154,57 ; 47.834,12 ; 51.321,43 ; 55.145,14 ; 55.145,14 ; 58.821,49 ; 60.108,78 ; 60.225,88 ; 60.225,88 ; 60.225,88 ; 111.260,96 ; 741.739,76 
RS;RODEIO BONITO;4315909; 28.615,45 ; 31.477,00 ; 34.338,55 ; 37.200,09 ; 39.912,24 ; 42.885,82 ; 42.885,82 ; 45.744,87 ; 46.745,29 ; 46.836,97 ; 46.836,97 ; 46.836,97 ; 86.526,36 ; 576.842,40 
RS;ROLANTE;4316006; 105.796,92 ; 116.376,61 ; 126.956,30 ; 137.535,99 ; 147.563,08 ; 158.557,24 ; 158.557,24 ; 169.127,73 ; 172.825,83 ; 173.165,31 ; 173.165,31 ; 173.165,31 ; 319.904,63 ; 2.132.697,50 
RS;ROQUE GONZALES;4316303; 21.073,46 ; 23.180,81 ; 25.288,16 ; 27.395,50 ; 29.392,47 ; 31.582,59 ; 31.582,59 ; 33.688,09 ; 34.428,27 ; 34.492,80 ; 34.492,80 ; 34.492,80 ; 63.721,82 ; 424.812,16 
RS;SAGRADA FAMILIA;4316428; 5.181,79 ; 5.699,97 ; 6.218,15 ; 6.736,32 ; 7.225,39 ; 7.765,40 ; 7.765,40 ; 8.283,09 ; 8.483,29 ; 8.483,38 ; 8.483,38 ; 8.483,38 ; 15.672,16 ; 104.481,10 
RS;SALDANHA MARINHO;4316436; 10.751,71 ; 11.826,88 ; 12.902,05 ; 13.977,22 ; 14.996,07 ; 16.113,46 ; 16.113,46 ; 17.187,69 ; 17.565,95 ; 17.598,34 ; 17.598,34 ; 17.598,34 ; 32.511,08 ; 216.740,59 
RS;SALTO DO JACUI;4316451; 34.126,98 ; 37.539,68 ; 40.952,38 ; 44.365,08 ; 47.599,10 ; 51.145,80 ; 51.145,80 ; 54.555,52 ; 55.752,74 ; 55.858,49 ; 55.858,49 ; 55.858,49 ; 103.192,68 ; 687.951,23 
RS;SALVADOR DAS MISSOES;4316477; 5.387,56 ; 5.926,32 ; 6.465,07 ; 7.003,83 ; 7.512,33 ; 8.073,76 ; 8.073,76 ; 8.612,02 ; 8.820,17 ; 8.820,26 ; 8.820,26 ; 8.820,26 ; 16.294,51 ; 108.630,11 
RS;SANANDUVA;4316600; 53.318,67 ; 58.650,53 ; 63.982,40 ; 69.314,27 ; 74.366,46 ; 79.908,10 ; 79.908,10 ; 85.235,30 ; 87.109,52 ; 87.271,52 ; 87.271,52 ; 87.271,52 ; 161.224,93 ; 1.074.832,84 
RS;SANTA BARBARA DO SUL;4316709; 31.747,26 ; 34.921,98 ; 38.096,71 ; 41.271,43 ; 47.244,30 ; 48.320,41 ; 48.320,41 ; 51.541,77 ; 52.673,87 ; 52.772,90 ; 52.772,90 ; 52.772,90 ; 97.492,38 ; 649.949,22 
RS;SANTA CECILIA DO SUL;4316733; 10.354,79 ; 11.390,27 ; 12.425,75 ; 13.461,23 ; 14.442,76 ; 15.518,68 ; 15.518,68 ; 16.553,26 ; 16.914,80 ; 16.948,38 ; 16.948,38 ; 16.948,38 ; 31.310,35 ; 208.735,71 
RS;SANTA CLARA DO SUL;4316758; 27.256,87 ; 29.982,56 ; 32.708,25 ; 35.433,93 ; 38.017,21 ; 40.849,68 ; 40.849,68 ; 43.572,99 ; 44.527,13 ; 44.613,40 ; 44.613,40 ; 44.613,40 ; 82.418,55 ; 549.457,05 
RS;SANTA CRUZ DO SUL;4316808; 402.335,63 ; 442.569,19 ; 482.802,76 ; 523.036,32 ; 561.166,09 ; 602.977,50 ; 602.977,50 ; 643.176,00 ; 657.262,50 ; 658.533,60 ; 658.533,60 ; 658.533,60 ; 1.216.571,35 ; 8.110.475,64 
RS;SANTANA DA BOA VISTA;4317004; 19.368,37 ; 21.305,21 ; 23.242,04 ; 25.178,88 ; 27.014,21 ; 29.027,17 ; 29.027,17 ; 30.962,31 ; 31.643,11 ; 31.701,98 ; 31.701,98 ; 31.701,98 ; 58.566,07 ; 390.440,48 
RS;SANTANA DO LIVRAMENTO;4317103; 178.932,79 ; 196.826,06 ; 214.719,34 ; 232.612,62 ; 237.559,45 ; 265.162,58 ; 265.162,58 ; 282.840,09 ; 289.072,04 ; 289.598,67 ; 289.598,67 ; 289.598,67 ; 535.002,99 ; 3.566.686,55 
RS;SANTO ANGELO;4317509; 184.242,27 ; 202.666,50 ; 221.090,73 ; 239.514,95 ; 256.973,89 ; 276.122,09 ; 276.122,09 ; 294.530,23 ; 300.997,91 ; 301.565,24 ; 301.565,24 ; 301.565,24 ; 557.109,95 ; 3.714.066,33 
RS;SANTO ANTONIO DA PATRULHA;4317608; 131.818,38 ; 145.000,22 ; 158.182,05 ; 171.363,89 ; 183.855,91 ; 197.555,14 ; 197.555,14 ; 210.725,48 ; 215.344,92 ; 215.757,70 ; 215.757,70 ; 215.757,70 ; 398.589,58 ; 2.657.263,81 
RS;SANTO ANTONIO DAS MISSOES;4317707; 38.351,95 ; 42.187,14 ; 46.022,34 ; 49.857,53 ; 53.491,97 ; 57.477,72 ; 57.477,72 ; 61.309,57 ; 62.654,78 ; 62.773,83 ; 62.773,83 ; 62.773,83 ; 115.968,03 ; 773.120,24 
RS;SANTO ANTONIO DO PALMA;4317558; 7.578,84 ; 8.336,73 ; 9.094,61 ; 9.852,49 ; 10.570,90 ; 11.358,37 ; 11.358,37 ; 12.115,60 ; 12.380,30 ; 12.404,80 ; 12.404,80 ; 12.404,80 ; 22.916,57 ; 152.777,18 
RS;SANTO EXPEDITO DO SUL;4317954; 4.116,16 ; 4.527,77 ; 4.939,39 ; 5.351,00 ; 5.739,51 ; 6.168,45 ; 6.168,45 ; 6.579,68 ; 56.456,16 ; 13.395,67 ; 13.395,67 ; 13.395,67 ; 24.747,10 ; 164.980,68 
RS;SAO DOMINGOS DO SUL;4318051; 3.453,99 ; 3.799,39 ; 4.144,79 ; 4.490,19 ; 4.816,21 ; 5.176,13 ; 5.176,13 ; 5.521,21 ; 5.654,64 ; 5.654,72 ; 5.654,72 ; 5.654,72 ; 10.446,49 ; 69.643,33 
RS;SAO FRANCISCO DE ASSIS;4318101; 53.271,38 ; 58.598,52 ; 63.925,66 ; 69.252,80 ; 74.299,98 ; 79.837,10 ; 79.837,10 ; 85.159,57 ; 87.036,96 ; 87.194,63 ; 87.194,63 ; 87.194,63 ; 161.082,88 ; 1.073.885,84 
RS;SAO JOAO DA URTIGA;4318424; 15.106,90 ; 16.617,59 ; 18.128,28 ; 19.638,97 ; 21.070,54 ; 22.640,55 ; 22.640,55 ; 24.149,92 ; 24.680,86 ; 24.726,84 ; 24.726,84 ; 24.726,84 ; 45.680,23 ; 304.534,91 
RS;SAO JORGE;4318440; 10.873,54 ; 11.960,89 ; 13.048,24 ; 14.135,60 ; 15.166,56 ; 16.296,20 ; 16.296,20 ; 17.382,61 ; 17.759,51 ; 17.797,16 ; 17.797,16 ; 17.797,16 ; 32.878,38 ; 219.189,21 
RS;SAO JOSE DO NORTE;4318507; 95.754,99 ; 105.330,49 ; 114.905,98 ; 124.481,48 ; 146.641,70 ; 146.778,67 ; 146.778,67 ; 156.563,91 ; 160.004,04 ; 160.303,81 ; 160.303,81 ; 160.303,81 ; 296.144,36 ; 1.974.295,72 
RS;SAO JOSE DO OURO;4318606; 22.142,27 ; 24.356,50 ; 26.570,72 ; 28.784,95 ; 30.883,64 ; 33.184,51 ; 33.184,51 ; 35.396,81 ; 36.170,32 ; 36.241,77 ; 36.241,77 ; 36.241,77 ; 66.952,85 ; 446.352,39 
RS;SAO JOSE DO SUL;4318614; 6.020,00 ; 6.622,00 ; 7.224,00 ; 7.826,00 ; 8.394,16 ; 9.021,53 ; 9.021,53 ; 9.622,97 ; 9.855,54 ; 9.855,66 ; 9.855,66 ; 9.855,66 ; 18.207,30 ; 121.382,01 
RS;SAO LOURENCO DO SUL;4318804; 74.369,12 ; 81.806,04 ; 89.242,95 ; 96.679,86 ; 103.698,35 ; 111.449,10 ; 111.449,10 ; 118.879,04 ; 121.752,00 ; 121.753,66 ; 121.753,66 ; 121.753,66 ; 224.927,04 ; 1.499.513,58 
RS;SAO LUIZ GONZAGA;4318903; 94.944,24 ; 104.438,66 ; 113.933,09 ; 123.427,51 ; 137.788,30 ; 143.632,95 ; 143.632,95 ; 153.208,48 ; 156.573,53 ; 156.868,04 ; 156.868,04 ; 156.868,04 ; 289.797,15 ; 1.931.980,98 
RS;SAO MARTINHO;4319109; 30.067,84 ; 33.074,63 ; 36.081,41 ; 39.088,20 ; 50.092,29 ; 47.101,07 ; 47.101,07 ; 50.241,14 ; 51.338,97 ; 51.440,46 ; 51.440,46 ; 51.440,46 ; 95.030,82 ; 633.538,82 
RS;SAO MARTINHO DA SERRA;4319125; 4.295,12 ; 4.724,63 ; 5.154,14 ; 5.583,66 ; 5.989,07 ; 6.436,64 ; 6.436,64 ; 6.865,75 ; 7.031,69 ; 7.031,77 ; 7.031,77 ; 7.031,77 ; 12.990,46 ; 86.603,11 
RS;SAO MIGUEL DAS MISSOES;4319158; 30.615,16 ; 33.676,67 ; 36.738,19 ; 39.799,70 ; 33.475,10 ; 43.576,20 ; 43.576,20 ; 46.481,28 ; 47.503,51 ; 47.591,71 ; 47.591,71 ; 47.591,71 ; 87.920,67 ; 586.137,81 
RS;SAO PAULO DAS MISSOES;4319307; 27.237,76 ; 29.961,54 ; 32.685,31 ; 35.409,09 ; 37.990,41 ; 40.821,00 ; 40.821,00 ; 43.542,40 ; 44.497,16 ; 44.582,25 ; 44.582,25 ; 44.582,25 ; 82.361,01 ; 549.073,43 
RS;SAO PEDRO DA SERRA;4319356; 18.828,61 ; 20.711,48 ; 22.594,34 ; 24.477,20 ; 26.262,42 ; 28.218,50 ; 28.218,50 ; 30.099,73 ; 30.752,11 ; 30.817,53 ; 30.817,53 ; 30.817,53 ; 56.932,14 ; 379.547,62 
RS;SAO PEDRO DAS MISSOES;4319364; 4.023,68 ; 4.426,05 ; 4.828,42 ; 5.230,79 ; 5.610,60 ; 6.029,87 ; 6.029,87 ; 6.431,86 ; 6.587,30 ; 6.587,39 ; 6.587,39 ; 6.587,39 ; 12.169,51 ; 81.130,12 
RS;SAO PEDRO DO BUTIA;4319372; 8.544,14 ; 9.398,55 ; 10.252,97 ; 11.107,38 ; 11.917,06 ; 12.805,01 ; 12.805,01 ; 13.658,67 ; 13.959,09 ; 13.984,99 ; 13.984,99 ; 13.984,99 ; 25.835,79 ; 172.238,64 
RS;SAO SEPE;4319604; 37.047,72 ; 40.752,50 ; 44.457,27 ; 48.162,04 ; 51.242,24 ; 55.415,42 ; 55.415,42 ; 59.109,78 ; 60.538,28 ; 60.539,12 ; 60.539,12 ; 60.539,12 ; 111.839,65 ; 745.597,68 
RS;SAO VALENTIM;4319703; 17.148,39 ; 18.863,23 ; 20.578,07 ; 22.292,91 ; 23.918,46 ; 25.700,26 ; 25.700,26 ; 27.413,61 ; 28.011,06 ; 28.067,78 ; 28.067,78 ; 28.067,78 ; 51.852,27 ; 345.681,86 
RS;SAO VALENTIM DO SUL;4319711; 2.559,17 ; 2.815,09 ; 3.071,01 ; 3.326,93 ; 3.568,52 ; 3.835,16 ; 3.835,16 ; 4.090,84 ; 4.189,70 ; 4.189,76 ; 4.189,76 ; 4.189,76 ; 7.740,15 ; 51.601,01 
RS;SAO VENDELINO;4319752; 11.673,10 ; 12.840,41 ; 14.007,72 ; 15.175,03 ; 16.281,83 ; 17.494,50 ; 17.494,50 ; 18.660,80 ; 19.065,40 ; 19.105,83 ; 19.105,83 ; 19.105,83 ; 35.296,02 ; 235.306,80 
RS;SAO VICENTE DO SUL;4319802; 27.785,62 ; 30.564,18 ; 33.342,74 ; 36.121,30 ; 38.754,79 ; 41.642,14 ; 41.642,14 ; 44.418,28 ; 45.389,86 ; 45.478,73 ; 45.478,73 ; 45.478,73 ; 84.017,15 ; 560.114,39 
RS;SEBERI;4320206; 40.162,23 ; 44.178,46 ; 48.194,68 ; 52.210,91 ; 61.883,71 ; 61.657,48 ; 61.657,48 ; 65.767,98 ; 67.217,53 ; 67.339,60 ; 67.339,60 ; 67.339,60 ; 124.402,80 ; 829.352,06 
RS;SEDE NOVA;4320230; 14.141,82 ; 15.556,00 ; 16.970,19 ; 18.384,37 ; 19.724,46 ; 21.194,19 ; 21.194,19 ; 22.607,14 ; 23.104,24 ; 23.147,21 ; 23.147,21 ; 23.147,21 ; 42.762,04 ; 285.080,27 
RS;SEGREDO;4320263; 17.600,65 ; 19.360,71 ; 21.120,78 ; 22.880,84 ; 24.548,62 ; 26.377,88 ; 26.377,88 ; 28.136,41 ; 28.755,58 ; 28.808,64 ; 28.808,64 ; 28.808,64 ; 53.220,92 ; 354.806,19 
RS;SELBACH;4320305; 5.691,55 ; 6.260,71 ; 6.829,86 ; 7.399,02 ; 7.936,21 ; 8.529,32 ; 8.529,32 ; 9.097,95 ; 9.317,82 ; 9.317,95 ; 9.317,95 ; 9.317,95 ; 17.213,92 ; 114.759,53 
RS;SENADOR SALGADO FILHO;4320321; 9.232,45 ; 10.155,69 ; 11.078,94 ; 12.002,18 ; 12.877,37 ; 13.836,64 ; 13.836,64 ; 14.759,08 ; 15.081,03 ; 15.111,33 ; 15.111,33 ; 15.111,33 ; 27.916,59 ; 186.110,60 
RS;SENTINELA DO SUL;4320354; 20.476,88 ; 22.524,57 ; 24.572,26 ; 26.619,95 ; 28.560,61 ; 30.688,56 ; 30.688,56 ; 32.734,46 ; 33.451,41 ; 33.516,09 ; 33.516,09 ; 33.516,09 ; 61.917,44 ; 412.782,97 
RS;SERIO;4320453; 3.009,54 ; 3.310,49 ; 3.611,44 ; 3.912,40 ; 4.198,87 ; 4.510,67 ; 4.510,67 ; 4.811,38 ; 4.905,89 ; 4.924,81 ; 4.924,81 ; 4.924,81 ; 9.098,07 ; 60.653,85 
RS;SERTAO;4320503; 20.188,66 ; 22.207,52 ; 24.226,39 ; 26.245,26 ; 28.158,85 ; 30.256,65 ; 30.256,65 ; 32.273,76 ; 32.978,63 ; 33.044,12 ; 33.044,12 ; 33.044,12 ; 61.045,53 ; 406.970,26 
RS;SERTAO SANTANA;4320552; 25.413,09 ; 27.954,39 ; 30.495,70 ; 33.037,01 ; 35.445,38 ; 38.086,38 ; 38.086,38 ; 40.625,47 ; 41.516,41 ; 41.595,67 ; 41.595,67 ; 41.595,67 ; 76.843,62 ; 512.290,84 
RS;SEVERIANO DE ALMEIDA;4320602; 5.010,97 ; 5.512,07 ; 6.013,17 ; 6.514,27 ; 6.987,26 ; 7.509,41 ; 7.509,41 ; 8.010,04 ; 8.203,62 ; 8.203,73 ; 8.203,73 ; 8.203,73 ; 15.155,54 ; 101.036,95 
RS;SINIMBU;4320677; 34.359,21 ; 37.795,13 ; 41.231,05 ; 44.666,97 ; 47.923,16 ; 51.493,86 ; 51.493,86 ; 54.926,78 ; 56.131,10 ; 56.238,50 ; 56.238,50 ; 56.238,50 ; 103.894,69 ; 692.631,31 
RS;SOBRADINHO;4320701; 28.701,19 ; 31.571,31 ; 34.441,42 ; 37.311,54 ; 43.254,94 ; 43.820,10 ; 43.820,10 ; 46.741,44 ; 47.871,08 ; 47.871,69 ; 47.871,69 ; 47.871,69 ; 88.437,91 ; 589.586,10 
RS;SOLEDADE;4320800; 93.320,33 ; 102.652,37 ; 111.984,40 ; 121.316,43 ; 130.366,20 ; 139.909,95 ; 139.909,95 ; 149.237,27 ; 152.505,13 ; 152.800,64 ; 152.800,64 ; 152.800,64 ; 282.283,05 ; 1.881.887,00 
RS;TABAI;4320859; 19.367,05 ; 21.303,76 ; 23.240,46 ; 25.177,17 ; 27.012,23 ; 29.025,15 ; 29.025,15 ; 30.960,16 ; 31.642,22 ; 31.699,95 ; 31.699,95 ; 31.699,95 ; 58.562,32 ; 390.415,52 
RS;TAPEJARA;4320909; 129.984,10 ; 142.982,51 ; 155.980,92 ; 168.979,32 ; 162.605,55 ; 190.133,11 ; 190.133,11 ; 202.808,65 ; 207.259,83 ; 207.652,53 ; 207.652,53 ; 207.652,53 ; 383.616,13 ; 2.557.440,82 
RS;TAPERA;4321006; 32.126,02 ; 35.338,62 ; 38.551,22 ; 41.763,83 ; 44.808,84 ; 48.147,11 ; 48.147,11 ; 51.356,92 ; 52.478,82 ; 52.582,83 ; 52.582,83 ; 52.582,83 ; 97.141,23 ; 647.608,21 
RS;TAPES;4321105; 51.846,93 ; 57.031,62 ; 62.216,32 ; 67.401,01 ; 82.340,72 ; 80.209,17 ; 80.209,17 ; 85.556,45 ; 87.429,82 ; 87.599,28 ; 87.599,28 ; 87.599,28 ; 161.830,43 ; 1.078.869,48 
RS;TIO HUGO;4321469; 21.221,00 ; 23.343,10 ; 25.465,20 ; 27.587,30 ; 29.598,85 ; 31.803,85 ; 31.803,85 ; 33.924,11 ; 34.663,71 ; 34.733,69 ; 34.733,69 ; 34.733,69 ; 64.166,82 ; 427.778,86 
RS;TIRADENTES DO SUL;4321477; 7.064,31 ; 7.770,74 ; 8.477,17 ; 9.183,60 ; 9.850,37 ; 10.586,53 ; 10.586,53 ; 11.292,30 ; 11.565,20 ; 11.565,36 ; 11.565,36 ; 11.565,36 ; 21.365,79 ; 142.438,62 
RS;TRAVESSEIRO;4321626; 4.162,54 ; 4.578,79 ; 4.995,04 ; 5.411,30 ; 5.804,20 ; 6.237,95 ; 6.237,95 ; 6.653,82 ; 57.628,92 ; 13.618,47 ; 13.618,47 ; 13.618,47 ; 25.158,69 ; 167.724,61 
RS;TRES CACHOEIRAS;4321667; 47.083,19 ; 51.791,51 ; 56.499,82 ; 61.208,14 ; 72.012,92 ; 72.148,91 ; 72.148,91 ; 76.958,84 ; 78.644,70 ; 78.796,49 ; 78.796,49 ; 78.796,49 ; 145.568,20 ; 970.454,61 
RS;TRES FORQUILHAS;4321832; 9.939,66 ; 10.933,63 ; 11.927,59 ; 12.921,56 ; 13.863,46 ; 14.896,46 ; 14.896,46 ; 15.889,55 ; 16.239,10 ; 16.269,17 ; 16.269,17 ; 16.269,17 ; 30.055,58 ; 200.370,56 
RS;TRES PASSOS;4321907; 122.227,15 ; 134.449,87 ; 146.672,58 ; 158.895,29 ; 185.227,77 ; 186.868,19 ; 186.868,19 ; 199.326,07 ; 203.687,58 ; 204.084,98 ; 204.084,98 ; 204.084,98 ; 377.025,47 ; 2.513.503,10 
RS;TRIUNFO;4322004; 146.839,49 ; 161.523,44 ; 176.207,39 ; 190.891,33 ; 204.808,32 ; 220.067,51 ; 220.067,51 ; 234.738,68 ; 239.871,37 ; 240.342,58 ; 240.342,58 ; 240.342,58 ; 444.007,55 ; 2.960.050,33 
RS;TUCUNDUVA;4322103; 5.728,86 ; 6.301,75 ; 6.874,64 ; 7.447,53 ; 7.988,28 ; 8.585,24 ; 8.585,24 ; 9.157,59 ; 9.378,90 ; 9.379,03 ; 9.379,03 ; 9.379,03 ; 17.326,78 ; 115.511,90 
RS;TUPANCI DO SUL;4322186; 7.155,04 ; 7.870,54 ; 8.586,04 ; 9.301,55 ; 9.979,98 ; 10.723,27 ; 10.723,27 ; 11.438,15 ; 11.686,24 ; 11.710,95 ; 11.710,95 ; 11.710,95 ; 21.634,75 ; 144.231,68 
RS;TUPARENDI;4322301; 12.272,62 ; 13.499,88 ; 14.727,14 ; 15.954,40 ; 17.112,67 ; 18.391,67 ; 18.391,67 ; 19.617,78 ; 20.091,88 ; 20.092,16 ; 20.092,16 ; 20.092,16 ; 37.118,15 ; 247.454,34 
RS;TURUCU;4322327; 16.881,55 ; 18.569,71 ; 20.257,86 ; 21.946,02 ; 23.545,86 ; 25.300,23 ; 25.300,23 ; 26.986,91 ; 27.579,09 ; 27.631,45 ; 27.631,45 ; 27.631,45 ; 51.046,20 ; 340.308,01 
RS;UBIRETAMA;4322343; 1.986,49 ; 2.185,14 ; 2.383,79 ; 2.582,44 ; 2.769,98 ; 2.976,94 ; 2.976,94 ; 3.175,41 ; 3.252,15 ; 3.252,19 ; 3.252,19 ; 3.252,19 ; 6.008,08 ; 40.053,93 
RS;VALE VERDE;4322525; 12.611,89 ; 13.873,08 ; 15.134,27 ; 16.395,46 ; 17.590,63 ; 18.901,32 ; 18.901,32 ; 20.161,40 ; 20.604,40 ; 20.643,00 ; 20.643,00 ; 20.643,00 ; 38.135,78 ; 254.238,55 
RS;VANINI;4322558; 3.591,18 ; 3.950,30 ; 4.309,42 ; 4.668,54 ; 5.007,53 ; 5.381,72 ; 5.381,72 ; 5.740,50 ; 47.984,94 ; 11.517,04 ; 11.517,04 ; 11.517,04 ; 21.276,52 ; 141.843,49 
RS;VENANCIO AIRES;4322608; 201.408,61 ; 221.549,47 ; 241.690,33 ; 261.831,19 ; 289.178,82 ; 303.914,62 ; 303.914,62 ; 324.175,59 ; 331.262,53 ; 331.914,44 ; 331.914,44 ; 331.914,44 ; 613.176,90 ; 4.087.846,00 
RS;VERA CRUZ;4322707; 99.821,23 ; 109.803,36 ; 119.785,48 ; 129.767,60 ; 139.226,91 ; 149.601,17 ; 149.601,17 ; 159.574,58 ; 163.076,64 ; 163.385,81 ; 163.385,81 ; 163.385,81 ; 301.838,05 ; 2.012.253,62 
RS;VIADUTOS;4322905; 16.337,37 ; 17.971,11 ; 19.604,85 ; 21.238,58 ; 22.787,50 ; 24.484,83 ; 24.484,83 ; 26.117,15 ; 26.684,43 ; 26.740,14 ; 26.740,14 ; 26.740,14 ; 49.399,60 ; 329.330,67 
RS;VICENTE DUTRA;4323101; 21.420,12 ; 23.562,13 ; 25.704,14 ; 27.846,15 ; 29.875,96 ; 32.102,11 ; 32.102,11 ; 34.242,25 ; 34.994,70 ; 35.060,21 ; 35.060,21 ; 35.060,21 ; 64.770,05 ; 431.800,35 
RS;VICTOR GRAEFF;4323200; 6.653,17 ; 7.318,49 ; 7.983,81 ; 8.649,13 ; 9.277,07 ; 9.970,41 ; 9.970,41 ; 10.635,10 ; 10.892,12 ; 10.892,27 ; 10.892,27 ; 10.892,27 ; 20.122,32 ; 134.148,84 
RS;VILA FLORES;4323309; 19.069,45 ; 20.976,40 ; 22.883,35 ; 24.790,29 ; 26.597,82 ; 28.579,32 ; 28.579,32 ; 30.484,61 ; 31.149,97 ; 31.212,20 ; 31.212,20 ; 31.212,20 ; 57.661,25 ; 384.408,38 
RS;VILA LANGARO;4323358; 5.422,59 ; 5.964,85 ; 6.507,11 ; 7.049,37 ; 7.561,18 ; 8.126,26 ; 8.126,26 ; 8.668,01 ; 8.877,50 ; 8.877,61 ; 8.877,61 ; 8.877,61 ; 16.400,46 ; 109.336,42 
RS;VILA NOVA DO SUL;4323457; 15.043,27 ; 16.547,60 ; 18.051,93 ; 19.556,26 ; 20.981,69 ; 22.545,17 ; 22.545,17 ; 24.048,19 ; 24.577,59 ; 24.622,77 ; 24.622,77 ; 24.622,77 ; 45.487,97 ; 303.253,15 
RS;VISTA ALEGRE;4323507; 4.850,73 ; 5.335,80 ; 5.820,87 ; 6.305,95 ; 6.763,79 ; 7.269,27 ; 7.269,27 ; 7.753,89 ; 7.941,27 ; 7.941,39 ; 7.941,39 ; 7.941,39 ; 14.670,88 ; 97.805,89 
RS;VISTA ALEGRE DO PRATA;4323606; 5.231,51 ; 5.754,67 ; 6.277,82 ; 6.800,97 ; 7.296,86 ; 7.840,44 ; 7.840,44 ; 8.363,14 ; 8.546,06 ; 8.562,80 ; 8.562,80 ; 8.562,80 ; 15.818,87 ; 105.459,18 
RS;VISTA GAUCHA;4323705; 14.288,22 ; 15.717,04 ; 17.145,86 ; 18.574,69 ; 19.929,35 ; 21.413,77 ; 21.413,77 ; 22.841,36 ; 23.337,17 ; 23.386,17 ; 23.386,17 ; 23.386,17 ; 43.203,48 ; 288.023,22 
RS;VITORIA DAS MISSOES;4323754; 4.858,63 ; 5.344,49 ; 5.830,36 ; 6.316,22 ; 6.774,83 ; 7.281,12 ; 7.281,12 ; 7.766,52 ; 7.954,19 ; 7.954,33 ; 7.954,33 ; 7.954,33 ; 14.694,78 ; 97.965,25 
RS;WESTFALIA;4323770; 9.312,79 ; 10.244,07 ; 11.175,35 ; 12.106,63 ; 12.985,59 ; 13.956,10 ; 13.956,10 ; 14.886,50 ; 15.246,28 ; 15.246,47 ; 15.246,47 ; 15.246,47 ; 28.166,26 ; 187.775,08 
SC;ABDON BATISTA;4200051; 11.432,39 ; 12.575,63 ; 13.718,87 ; 14.862,10 ; 15.295,01 ; 16.970,99 ; 16.970,99 ; 18.102,39 ; 18.498,50 ; 18.534,58 ; 18.534,58 ; 18.534,58 ; 34.240,69 ; 228.271,30 
SC;ABELARDO LUZ;4200101; 52.734,17 ; 58.007,58 ; 63.281,00 ; 68.554,41 ; 73.531,11 ; 79.027,09 ; 79.027,09 ; 84.295,56 ; 86.332,72 ; 86.333,92 ; 86.333,92 ; 86.333,92 ; 159.492,80 ; 1.063.285,29 
SC;AGROLANDIA;4200200; 62.451,70 ; 68.696,87 ; 74.942,04 ; 81.187,21 ; 87.106,26 ; 93.596,04 ; 93.596,04 ; 99.835,78 ; 102.017,44 ; 102.218,98 ; 102.218,98 ; 102.218,98 ; 188.838,77 ; 1.258.925,09 
SC;AGRONOMICA;4200309; 25.432,92 ; 27.976,21 ; 30.519,50 ; 33.062,79 ; 35.473,19 ; 38.116,14 ; 38.116,14 ; 40.657,21 ; 41.547,42 ; 41.627,99 ; 41.627,99 ; 41.627,99 ; 76.903,31 ; 512.688,80 
SC;AGUAS DE CHAPECO;4200507; 15.734,51 ; 17.307,96 ; 18.881,41 ; 20.454,86 ; 21.946,04 ; 23.581,18 ; 23.581,18 ; 25.153,26 ; 25.704,83 ; 25.753,96 ; 25.753,96 ; 25.753,96 ; 47.577,72 ; 317.184,83 
SC;AGUAS FRIAS;4200556; 13.490,68 ; 14.839,74 ; 16.188,81 ; 17.537,88 ; 18.816,87 ; 20.218,47 ; 20.218,47 ; 21.566,37 ; 22.035,29 ; 22.080,87 ; 22.080,87 ; 22.080,87 ; 40.792,09 ; 271.947,28 
SC;ANGELINA;4200903; 15.091,37 ; 16.600,50 ; 18.109,64 ; 19.618,78 ; 21.049,44 ; 22.617,42 ; 22.617,42 ; 24.125,25 ; 24.650,17 ; 24.700,84 ; 24.700,84 ; 24.700,84 ; 45.632,20 ; 304.214,71 
SC;ANITAPOLIS;4201109; 13.625,02 ; 14.987,52 ; 16.350,03 ; 17.712,53 ; 19.004,28 ; 20.419,83 ; 20.419,83 ; 21.781,15 ; 22.254,36 ; 22.300,72 ; 22.300,72 ; 22.300,72 ; 41.198,24 ; 274.654,95 
SC;APIUNA;4201257; 31.251,16 ; 34.376,27 ; 37.501,39 ; 40.626,50 ; 43.600,61 ; 46.838,97 ; 46.838,97 ; 49.961,57 ; 50.942,99 ; 51.139,43 ; 51.139,43 ; 51.139,43 ; 94.474,71 ; 629.831,43 
SC;ASCURRA;4201703; 23.576,13 ; 25.933,74 ; 28.291,35 ; 30.648,97 ; 32.883,91 ; 35.333,50 ; 35.333,50 ; 37.689,07 ; 38.509,75 ; 38.588,37 ; 38.588,37 ; 38.588,37 ; 71.287,94 ; 475.252,97 
SC;ATALANTA;4201802; 13.711,52 ; 15.082,68 ; 16.453,83 ; 17.824,98 ; 19.124,70 ; 20.549,41 ; 20.549,41 ; 21.919,37 ; 22.397,70 ; 22.442,53 ; 22.442,53 ; 22.442,53 ; 41.460,21 ; 276.401,40 
SC;BARRA BONITA;4202099; 3.096,06 ; 3.405,67 ; 3.715,28 ; 4.024,88 ; 4.317,15 ; 4.639,74 ; 4.639,74 ; 4.949,06 ; 5.068,68 ; 5.068,73 ; 5.068,73 ; 5.068,73 ; 9.363,96 ; 62.426,41 
SC;BELA VISTA DO TOLDO;4202131; 37.906,09 ; 41.696,70 ; 45.487,31 ; 49.277,92 ; 52.869,17 ; 56.809,28 ; 56.809,28 ; 60.596,56 ; 61.934,92 ; 62.044,97 ; 62.044,97 ; 62.044,97 ; 114.621,55 ; 764.143,69 
SC;BELMONTE;4202156; 13.753,65 ; 15.129,02 ; 16.504,38 ; 17.879,75 ; 19.183,88 ; 20.612,65 ; 20.612,65 ; 21.986,83 ; 22.462,72 ; 22.511,07 ; 22.511,07 ; 22.511,07 ; 41.586,83 ; 277.245,57 
SC;BENEDITO NOVO;4202206; 27.438,58 ; 30.182,43 ; 32.926,29 ; 35.670,15 ; 38.270,82 ; 41.122,06 ; 41.122,06 ; 43.863,53 ; 44.822,08 ; 44.910,61 ; 44.910,61 ; 44.910,61 ; 82.967,61 ; 553.117,44 
SC;BIGUACU;4202305; 103.789,94 ; 114.168,94 ; 124.547,93 ; 134.926,92 ; 144.804,16 ; 155.559,49 ; 155.559,49 ; 165.930,12 ; 169.189,52 ; 169.841,99 ; 169.841,99 ; 169.841,99 ; 313.765,15 ; 2.091.767,63 
SC;BOCAINA DO SUL;4202438; 11.609,21 ; 12.770,13 ; 13.931,05 ; 15.091,97 ; 16.187,63 ; 17.397,49 ; 17.397,49 ; 18.557,32 ; 19.005,78 ; 19.006,06 ; 19.006,06 ; 19.006,06 ; 35.111,69 ; 234.077,94 
SC;BOM RETIRO;4202602; 29.927,67 ; 32.920,44 ; 35.913,21 ; 38.905,97 ; 41.742,03 ; 44.852,31 ; 44.852,31 ; 47.842,46 ; 48.893,13 ; 48.985,22 ; 48.985,22 ; 48.985,22 ; 90.495,03 ; 603.300,22 
SC;BOTUVERA;4202701; 19.375,58 ; 21.313,14 ; 23.250,70 ; 25.188,26 ; 27.024,69 ; 29.038,08 ; 29.038,08 ; 30.973,95 ; 31.651,10 ; 31.713,38 ; 31.713,38 ; 31.713,38 ; 58.587,12 ; 390.580,84 
SC;BRACO DO NORTE;4202800; 146.956,34 ; 161.651,98 ; 176.347,61 ; 191.043,24 ; 204.969,10 ; 220.242,09 ; 220.242,09 ; 234.924,89 ; 240.081,82 ; 240.535,94 ; 240.535,94 ; 240.535,94 ; 444.364,77 ; 2.962.431,75 
SC;BRACO DO TROMBUDO;4202859; 10.429,86 ; 11.472,85 ; 12.515,83 ; 13.558,82 ; 14.543,21 ; 15.630,13 ; 15.630,13 ; 16.672,13 ; 17.075,05 ; 17.075,28 ; 17.075,28 ; 17.075,28 ; 31.544,79 ; 210.298,64 
SC;BRUNOPOLIS;4202875; 5.064,66 ; 5.571,13 ; 6.077,60 ; 6.584,06 ; 7.062,13 ; 7.589,87 ; 7.589,87 ; 8.095,86 ; 8.291,50 ; 8.291,63 ; 8.291,63 ; 8.291,63 ; 15.317,92 ; 102.119,49 
SC;BRUSQUE;4202909; 623.852,11 ; 686.237,32 ; 748.622,53 ; 811.007,74 ; 870.129,60 ; 934.962,35 ; 934.962,35 ; 997.293,17 ; 1.019.146,53 ; 1.021.107,78 ; 1.021.107,78 ; 1.021.107,78 ; 1.886.388,89 ; 12.575.925,93 
SC;CACADOR;4203006; 316.333,03 ; 347.966,34 ; 379.599,64 ; 411.232,94 ; 441.208,56 ; 474.085,14 ; 474.085,14 ; 505.690,81 ; 516.798,85 ; 517.769,95 ; 517.769,95 ; 517.769,95 ; 956.525,35 ; 6.376.835,65 
SC;CAIBI;4203105; 11.362,75 ; 12.499,03 ; 13.635,30 ; 14.771,58 ; 15.843,98 ; 17.028,15 ; 17.028,15 ; 18.163,36 ; 18.602,31 ; 18.602,57 ; 18.602,57 ; 18.602,57 ; 34.366,29 ; 229.108,61 
SC;CALMON;4203154; 23.459,41 ; 25.805,35 ; 28.151,29 ; 30.497,23 ; 32.720,26 ; 35.158,37 ; 35.158,37 ; 37.502,26 ; 38.326,41 ; 38.398,10 ; 38.398,10 ; 38.398,10 ; 70.936,45 ; 472.909,70 
SC;CAMPO BELO DO SUL;4203402; 26.154,50 ; 28.769,95 ; 31.385,40 ; 34.000,86 ; 36.479,43 ; 39.197,52 ; 39.197,52 ; 41.810,68 ; 42.728,23 ; 42.809,28 ; 42.809,28 ; 42.809,28 ; 79.085,63 ; 527.237,56 
SC;CAMPO ERE;4203501; 52.894,80 ; 58.184,28 ; 63.473,76 ; 68.763,24 ; 73.776,71 ; 79.273,22 ; 79.273,22 ; 84.558,10 ; 86.404,29 ; 86.576,39 ; 86.576,39 ; 86.576,39 ; 159.940,73 ; 1.066.271,52 
SC;CANELINHA;4203709; 28.087,33 ; 30.896,06 ; 33.704,79 ; 36.513,53 ; 39.164,36 ; 42.091,49 ; 42.091,49 ; 44.897,59 ; 45.982,60 ; 45.983,27 ; 45.983,27 ; 45.983,27 ; 84.949,24 ; 566.328,29 
SC;CANOINHAS;4203808; 111.490,11 ; 122.639,12 ; 133.788,13 ; 144.937,14 ; 155.458,96 ; 167.078,37 ; 167.078,37 ; 178.216,93 ; 182.523,89 ; 182.526,41 ; 182.526,41 ; 182.526,41 ; 337.198,28 ; 2.247.988,53 
SC;CATANDUVAS;4204004; 51.360,80 ; 56.496,87 ; 61.632,95 ; 66.769,03 ; 71.637,33 ; 76.974,26 ; 76.974,26 ; 82.105,88 ; 83.896,46 ; 84.065,35 ; 84.065,35 ; 84.065,35 ; 155.301,87 ; 1.035.345,76 
SC;CAXAMBU DO SUL;4204103; 19.000,60 ; 20.900,66 ; 22.800,72 ; 24.700,78 ; 26.502,15 ; 28.476,22 ; 28.476,22 ; 30.374,64 ; 31.033,95 ; 31.099,12 ; 31.099,12 ; 31.099,12 ; 57.452,34 ; 383.015,64 
SC;CERRO NEGRO;4204178; 15.310,40 ; 16.841,45 ; 18.372,49 ; 19.903,53 ; 21.354,11 ; 22.945,49 ; 22.945,49 ; 24.475,19 ; 25.015,25 ; 25.060,13 ; 25.060,13 ; 25.060,13 ; 46.295,96 ; 308.639,75 
SC;CHAPADAO DO LAGEADO;4204194; 6.545,79 ; 7.200,37 ; 7.854,95 ; 8.509,53 ; 9.127,36 ; 9.809,48 ; 9.809,48 ; 10.463,44 ; 10.716,29 ; 10.716,46 ; 10.716,46 ; 10.716,46 ; 19.797,54 ; 131.983,61 
SC;COCAL DO SUL;4204251; 38.714,30 ; 42.585,73 ; 46.457,16 ; 50.328,59 ; 53.982,35 ; 58.017,01 ; 58.017,01 ; 61.884,81 ; 63.380,35 ; 63.381,26 ; 63.381,26 ; 63.381,26 ; 117.090,19 ; 780.601,28 
SC;CORDILHEIRA ALTA;4204350; 29.512,49 ; 32.463,74 ; 35.414,99 ; 38.366,24 ; 41.163,38 ; 44.230,20 ; 44.230,20 ; 47.178,88 ; 48.210,82 ; 48.305,23 ; 48.305,23 ; 48.305,23 ; 89.238,81 ; 594.925,44 
SC;CORONEL FREITAS;4204400; 39.309,60 ; 43.240,57 ; 47.171,53 ; 51.102,49 ; 54.828,39 ; 58.913,13 ; 58.913,13 ; 62.840,67 ; 64.213,09 ; 64.340,64 ; 64.340,64 ; 64.340,64 ; 118.862,56 ; 792.417,08 
SC;CORONEL MARTINS;4204459; 11.633,42 ; 12.796,76 ; 13.960,10 ; 15.123,45 ; 16.226,48 ; 17.435,03 ; 17.435,03 ; 18.597,37 ; 19.000,59 ; 19.040,89 ; 19.040,89 ; 19.040,89 ; 35.176,04 ; 234.506,94 
SC;CORREIA PINTO;4204558; 68.688,47 ; 75.557,32 ; 82.426,17 ; 89.295,01 ; 95.803,11 ; 102.942,54 ; 102.942,54 ; 109.805,37 ; 112.224,12 ; 112.429,13 ; 112.429,13 ; 112.429,13 ; 207.700,95 ; 1.384.672,99 
SC;CURITIBANOS;4204806; 150.323,24 ; 165.355,56 ; 180.387,89 ; 195.420,21 ; 209.664,04 ; 225.287,75 ; 225.287,75 ; 240.306,93 ; 245.592,06 ; 246.047,88 ; 246.047,88 ; 246.047,88 ; 454.547,49 ; 3.030.316,56 
SC;DESCANSO;4204905; 14.462,73 ; 15.909,00 ; 17.355,27 ; 18.801,54 ; 20.166,52 ; 21.673,75 ; 21.673,75 ; 23.118,67 ; 23.677,40 ; 23.677,70 ; 23.677,70 ; 23.677,70 ; 43.742,06 ; 291.613,79 
SC;DONA EMMA;4205100; 8.712,16 ; 9.583,38 ; 10.454,60 ; 11.325,81 ; 12.148,11 ; 13.055,99 ; 13.055,99 ; 13.926,39 ; 14.262,93 ; 14.263,15 ; 14.263,15 ; 14.263,15 ; 26.349,67 ; 175.664,48 
SC;DOUTOR PEDRINHO;4205159; 14.169,81 ; 15.586,80 ; 17.003,78 ; 18.420,76 ; 19.763,59 ; 21.236,17 ; 21.236,17 ; 22.651,92 ; 23.149,03 ; 23.192,93 ; 23.192,93 ; 23.192,93 ; 42.846,49 ; 285.643,31 
SC;ENTRE RIOS;4205175; 14.012,75 ; 15.414,02 ; 16.815,30 ; 18.216,57 ; 19.544,54 ; 21.000,78 ; 21.000,78 ; 22.400,84 ; 22.892,26 ; 22.935,82 ; 22.935,82 ; 22.935,82 ; 42.371,52 ; 282.476,82 
SC;ERMO;4205191; 13.453,16 ; 14.798,47 ; 16.143,79 ; 17.489,10 ; 18.764,05 ; 20.162,13 ; 20.162,13 ; 21.506,27 ; 21.978,12 ; 22.019,90 ; 22.019,90 ; 22.019,90 ; 40.679,45 ; 271.196,37 
SC;FAXINAL DOS GUEDES;4205308; 67.900,40 ; 74.690,43 ; 81.480,47 ; 88.270,51 ; 94.704,90 ; 101.761,69 ; 101.761,69 ; 108.545,81 ; 110.928,09 ; 111.138,30 ; 111.138,30 ; 111.138,30 ; 205.316,28 ; 1.368.775,17 
SC;FLOR DO SERTAO;4205357; 4.500,75 ; 4.950,82 ; 5.400,90 ; 5.850,97 ; 6.275,79 ; 6.744,79 ; 6.744,79 ; 7.194,45 ; 7.368,31 ; 7.368,42 ; 7.368,42 ; 7.368,42 ; 13.612,38 ; 90.749,21 
SC;FREI ROGERIO;4205555; 11.661,89 ; 12.828,08 ; 13.994,26 ; 15.160,45 ; 16.265,85 ; 17.477,62 ; 17.477,62 ; 18.642,80 ; 19.049,88 ; 19.087,78 ; 19.087,78 ; 19.087,78 ; 35.262,66 ; 235.084,45 
SC;GALVAO;4205605; 16.712,49 ; 18.383,74 ; 20.054,99 ; 21.726,24 ; 23.310,00 ; 25.046,86 ; 25.046,86 ; 26.716,65 ; 27.302,93 ; 27.354,73 ; 27.354,73 ; 27.354,73 ; 50.534,98 ; 336.899,93 
SC;GASPAR;4205902; 352.680,70 ; 387.948,76 ; 423.216,83 ; 458.484,90 ; 491.907,31 ; 528.559,64 ; 528.559,64 ; 563.796,95 ; 576.158,48 ; 577.260,97 ; 577.260,97 ; 577.260,97 ; 1.066.428,73 ; 7.109.524,85 
SC;GOVERNADOR CELSO RAMOS;4206009; 120.592,26 ; 132.651,49 ; 144.710,71 ; 156.769,94 ; 168.199,08 ; 180.730,88 ; 180.730,88 ; 192.779,60 ; 196.997,02 ; 197.382,12 ; 197.382,12 ; 197.382,12 ; 364.642,63 ; 2.430.950,85 
SC;GRAVATAL;4206207; 33.545,65 ; 36.900,21 ; 40.254,78 ; 43.609,35 ; 46.787,73 ; 50.274,42 ; 50.274,42 ; 53.626,04 ; 54.808,19 ; 54.907,54 ; 54.907,54 ; 54.907,54 ; 101.435,89 ; 676.239,30 
SC;GUABIRUBA;4206306; 172.049,89 ; 189.254,88 ; 206.459,86 ; 223.664,85 ; 239.970,16 ; 257.849,93 ; 257.849,93 ; 275.039,92 ; 281.063,59 ; 281.607,24 ; 281.607,24 ; 281.607,24 ; 520.239,67 ; 3.468.264,40 
SC;GUARUJA DO SUL;4206603; 13.968,27 ; 15.365,10 ; 16.761,93 ; 18.158,76 ; 19.477,04 ; 20.932,77 ; 20.932,77 ; 22.328,29 ; 22.867,90 ; 22.868,21 ; 22.868,21 ; 22.868,21 ; 42.246,61 ; 281.644,07 
SC;GUATAMBU;4206652; 43.098,32 ; 47.408,16 ; 51.717,99 ; 56.027,81 ; 60.112,74 ; 64.591,25 ; 64.591,25 ; 68.897,33 ; 70.402,31 ; 70.541,91 ; 70.541,91 ; 70.541,91 ; 130.318,75 ; 868.791,64 
SC;HERVAL DOESTE;4206702; 90.303,55 ; 99.333,90 ; 108.364,26 ; 117.394,61 ; 125.952,71 ; 135.337,27 ; 135.337,27 ; 144.359,75 ; 147.521,71 ; 147.806,78 ; 147.806,78 ; 147.806,78 ; 273.057,42 ; 1.820.382,79 
SC;IBIAM;4206751; 4.646,67 ; 5.111,33 ; 5.576,00 ; 6.040,67 ; 6.479,26 ; 6.963,47 ; 6.963,47 ; 7.427,70 ; 7.607,20 ; 7.607,31 ; 7.607,31 ; 7.607,31 ; 14.053,71 ; 93.691,41 
SC;IBICARE;4206801; 14.699,34 ; 16.169,28 ; 17.639,21 ; 19.109,15 ; 20.502,42 ; 22.029,83 ; 22.029,83 ; 23.498,49 ; 24.012,04 ; 24.059,43 ; 24.059,43 ; 24.059,43 ; 44.447,27 ; 296.315,15 
SC;ICARA;4207007; 269.089,57 ; 295.998,52 ; 322.907,48 ; 349.816,44 ; 375.320,21 ; 403.283,06 ; 403.283,06 ; 430.168,60 ; 439.572,57 ; 440.437,74 ; 440.437,74 ; 440.437,74 ; 813.662,25 ; 5.424.414,98 
SC;ILHOTA;4207106; 117.139,22 ; 128.853,14 ; 140.567,07 ; 152.280,99 ; 163.381,19 ; 175.555,41 ; 175.555,41 ; 187.259,10 ; 191.371,02 ; 191.731,87 ; 191.731,87 ; 191.731,87 ; 354.204,39 ; 2.361.362,55 
SC;IMBITUBA;4207304; 164.918,92 ; 181.410,81 ; 197.902,71 ; 214.394,60 ; 230.025,98 ; 247.163,28 ; 247.163,28 ; 263.640,83 ; 269.397,38 ; 269.933,63 ; 269.933,63 ; 269.933,63 ; 498.673,89 ; 3.324.492,57 
SC;IOMERE;4207577; 18.497,22 ; 20.346,94 ; 22.196,66 ; 24.046,38 ; 25.799,46 ; 27.721,64 ; 27.721,64 ; 29.569,75 ; 30.217,57 ; 30.275,84 ; 30.275,84 ; 30.275,84 ; 55.931,42 ; 372.876,20 
SC;IPORA DO OESTE;4207650; 41.523,90 ; 45.676,29 ; 49.828,68 ; 53.981,07 ; 57.917,63 ; 62.231,88 ; 62.231,88 ; 66.380,67 ; 67.823,21 ; 67.964,18 ; 67.964,18 ; 67.964,18 ; 125.556,65 ; 837.044,40 
SC;IPUACU;4207684; 25.204,55 ; 27.725,00 ; 30.245,46 ; 32.765,91 ; 35.154,89 ; 37.773,93 ; 37.773,93 ; 40.292,19 ; 41.172,66 ; 41.254,02 ; 41.254,02 ; 41.254,02 ; 76.212,45 ; 508.083,03 
SC;IPUMIRIM;4207700; 38.436,92 ; 42.280,62 ; 46.124,31 ; 49.968,00 ; 53.611,11 ; 57.605,23 ; 57.605,23 ; 61.445,58 ; 62.788,12 ; 62.912,33 ; 62.912,33 ; 62.912,33 ; 116.223,89 ; 774.826,00 
SC;IRACEMINHA;4207759; 5.898,17 ; 6.487,98 ; 7.077,80 ; 7.667,62 ; 8.224,32 ; 8.838,96 ; 8.838,96 ; 9.428,22 ; 79.160,05 ; 18.962,40 ; 18.962,40 ; 18.962,40 ; 35.031,04 ; 233.540,32 
SC;IRATI;4207858; 9.193,19 ; 10.112,51 ; 11.031,83 ; 11.951,15 ; 12.822,23 ; 13.777,72 ; 13.777,72 ; 14.696,24 ; 15.020,01 ; 15.047,40 ; 15.047,40 ; 15.047,40 ; 27.798,49 ; 185.323,29 
SC;ITAPIRANGA;4208401; 80.440,61 ; 88.484,67 ; 96.528,73 ; 104.572,79 ; 112.197,77 ; 120.556,15 ; 120.556,15 ; 128.593,23 ; 131.395,29 ; 131.661,83 ; 131.661,83 ; 131.661,83 ; 243.231,34 ; 1.621.542,22 
SC;ITAPOA;4208450; 219.361,71 ; 241.297,88 ; 263.234,05 ; 285.170,22 ; 305.957,12 ; 328.755,26 ; 328.755,26 ; 350.672,28 ; 358.372,52 ; 359.048,22 ; 359.048,22 ; 359.048,22 ; 663.303,70 ; 4.422.024,66 
SC;JARDINOPOLIS;4208955; 7.688,16 ; 8.456,98 ; 9.225,80 ; 9.994,61 ; 10.723,62 ; 11.522,27 ; 11.522,27 ; 12.290,42 ; 12.556,80 ; 12.583,52 ; 12.583,52 ; 12.583,52 ; 23.246,73 ; 154.978,22 
SC;JOACABA;4209003; 56.701,42 ; 62.371,56 ; 68.041,70 ; 73.711,84 ; 78.744,39 ; 84.892,75 ; 84.892,75 ; 90.552,27 ; 92.740,65 ; 92.741,92 ; 92.741,92 ; 92.741,92 ; 171.330,90 ; 1.142.205,99 
SC;JOSE BOITEUX;4209151; 31.231,63 ; 34.354,80 ; 37.477,96 ; 40.601,13 ; 44.153,48 ; 46.954,73 ; 46.954,73 ; 50.085,05 ; 51.188,26 ; 51.281,81 ; 51.281,81 ; 51.281,81 ; 94.737,74 ; 631.584,94 
SC;JUPIA;4209177; 4.957,28 ; 5.453,01 ; 5.948,74 ; 6.444,47 ; 6.912,38 ; 7.428,96 ; 7.428,96 ; 7.924,22 ; 8.115,72 ; 8.115,84 ; 8.115,84 ; 8.115,84 ; 14.993,16 ; 99.954,42 
SC;LACERDOPOLIS;4209201; 4.640,49 ; 5.104,54 ; 5.568,59 ; 6.032,64 ; 6.470,64 ; 6.954,21 ; 6.954,21 ; 7.417,82 ; 7.597,09 ; 7.597,19 ; 7.597,19 ; 7.597,19 ; 14.035,02 ; 93.566,82 
SC;LAJEADO GRANDE;4209458; 9.600,68 ; 10.560,74 ; 11.520,81 ; 12.480,88 ; 13.391,14 ; 14.388,54 ; 14.388,54 ; 15.347,78 ; 15.681,10 ; 15.713,87 ; 15.713,87 ; 15.713,87 ; 29.029,73 ; 193.531,55 
SC;LAURENTINO;4209508; 33.635,53 ; 36.999,09 ; 40.362,64 ; 43.726,19 ; 46.913,89 ; 50.409,32 ; 50.409,32 ; 53.769,95 ; 54.947,91 ; 55.053,89 ; 55.053,89 ; 55.053,89 ; 101.706,26 ; 678.041,77 
SC;LAURO MULLER;4209607; 68.198,38 ; 75.018,22 ; 81.838,06 ; 88.657,89 ; 95.120,95 ; 102.208,39 ; 102.208,39 ; 109.022,29 ; 111.411,01 ; 111.625,62 ; 111.625,62 ; 111.625,62 ; 206.216,56 ; 1.374.777,00 
SC;LEOBERTO LEAL;4209805; 14.697,55 ; 16.167,30 ; 17.637,06 ; 19.106,82 ; 20.500,22 ; 22.027,22 ; 22.027,22 ; 23.495,70 ; 24.006,42 ; 24.056,21 ; 24.056,21 ; 24.056,21 ; 44.441,31 ; 296.275,45 
SC;LINDOIA DO SUL;4209854; 18.802,33 ; 20.682,57 ; 22.562,80 ; 24.443,04 ; 26.225,40 ; 28.179,03 ; 28.179,03 ; 30.057,63 ; 30.712,26 ; 30.774,84 ; 30.774,84 ; 30.774,84 ; 56.853,28 ; 379.021,89 
SC;LONTRAS;4209904; 66.193,07 ; 72.812,37 ; 79.431,68 ; 86.050,99 ; 92.323,55 ; 99.202,94 ; 99.202,94 ; 105.816,47 ; 108.138,86 ; 108.343,77 ; 108.343,77 ; 108.343,77 ; 200.153,69 ; 1.334.357,87 
SC;LUIZ ALVES;4210001; 67.769,34 ; 74.546,27 ; 81.323,21 ; 88.100,14 ; 94.523,26 ; 101.565,58 ; 101.565,58 ; 108.336,62 ; 110.703,58 ; 110.922,68 ; 110.922,68 ; 110.922,68 ; 204.917,94 ; 1.366.119,56 
SC;LUZERNA;4210035; 18.272,17 ; 20.099,39 ; 21.926,60 ; 23.753,82 ; 25.478,32 ; 27.382,56 ; 27.382,56 ; 29.208,06 ; 29.913,91 ; 29.914,35 ; 29.914,35 ; 29.914,35 ; 55.263,60 ; 368.424,04 
SC;MACIEIRA;4210050; 9.832,10 ; 10.815,31 ; 11.798,52 ; 12.781,73 ; 13.713,75 ; 14.735,34 ; 14.735,34 ; 15.717,70 ; 16.060,23 ; 16.092,77 ; 16.092,77 ; 16.092,77 ; 29.729,70 ; 198.198,03 
SC;MARAVILHA;4210506; 122.497,63 ; 134.747,39 ; 146.997,16 ; 159.246,92 ; 170.857,17 ; 183.586,58 ; 183.586,58 ; 195.825,68 ; 200.104,86 ; 200.500,27 ; 200.500,27 ; 200.500,27 ; 370.403,08 ; 2.469.353,86 
SC;MAREMA;4210555; 4.277,22 ; 4.704,95 ; 5.132,67 ; 5.560,39 ; 5.964,13 ; 6.409,82 ; 6.409,82 ; 6.837,14 ; 7.002,38 ; 7.002,47 ; 7.002,47 ; 7.002,47 ; 12.936,33 ; 86.242,26 
SC;MATOS COSTA;4210704; 6.228,50 ; 6.851,35 ; 7.474,20 ; 8.097,05 ; 8.684,94 ; 9.334,00 ; 9.334,00 ; 9.956,26 ; 10.196,85 ; 10.197,02 ; 10.197,02 ; 10.197,02 ; 18.837,92 ; 125.586,13 
SC;MODELO;4210902; 9.019,76 ; 9.921,73 ; 10.823,71 ; 11.725,68 ; 12.576,98 ; 13.516,95 ; 13.516,95 ; 14.418,08 ; 14.766,52 ; 14.766,73 ; 14.766,73 ; 14.766,73 ; 27.279,97 ; 181.866,52 
SC;MONDAI;4211009; 25.331,20 ; 27.864,32 ; 30.397,44 ; 32.930,56 ; 35.341,33 ; 37.966,19 ; 37.966,19 ; 40.497,27 ; 41.292,78 ; 41.452,01 ; 41.452,01 ; 41.452,01 ; 76.578,22 ; 510.521,53 
SC;MORRO GRANDE;4211256; 11.452,97 ; 12.598,27 ; 13.743,56 ; 14.888,86 ; 15.974,17 ; 17.164,44 ; 17.164,44 ; 18.308,73 ; 18.711,45 ; 18.746,14 ; 18.746,14 ; 18.746,14 ; 34.631,52 ; 230.876,83 
SC;NOVA ERECHIM;4211405; 25.648,66 ; 28.213,52 ; 30.778,39 ; 33.343,25 ; 35.774,38 ; 38.439,53 ; 38.439,53 ; 41.002,16 ; 41.897,50 ; 41.980,85 ; 41.980,85 ; 41.980,85 ; 77.555,20 ; 517.034,67 
SC;NOVA ITABERABA;4211454; 17.329,94 ; 19.062,93 ; 20.795,92 ; 22.528,92 ; 24.171,54 ; 25.972,30 ; 25.972,30 ; 27.703,78 ; 28.308,93 ; 28.365,07 ; 28.365,07 ; 28.365,07 ; 52.401,48 ; 349.343,25 
SC;NOVA TRENTO;4211504; 32.085,08 ; 35.293,59 ; 38.502,10 ; 41.710,61 ; 44.738,69 ; 48.082,51 ; 48.082,51 ; 51.288,01 ; 52.527,49 ; 52.528,21 ; 52.528,21 ; 52.528,21 ; 97.040,33 ; 646.935,55 
SC;NOVA VENEZA;4211603; 64.387,82 ; 70.826,60 ; 77.265,39 ; 83.704,17 ; 89.806,41 ; 96.497,61 ; 96.497,61 ; 102.930,79 ; 105.183,26 ; 105.388,29 ; 105.388,29 ; 105.388,29 ; 194.693,75 ; 1.297.958,28 
SC;NOVO HORIZONTE;4211652; 8.591,63 ; 9.450,80 ; 10.309,96 ; 11.169,13 ; 11.983,38 ; 12.876,21 ; 12.876,21 ; 13.734,63 ; 14.035,83 ; 14.062,63 ; 14.062,63 ; 14.062,63 ; 25.979,23 ; 173.194,90 
SC;ORLEANS;4211702; 71.523,15 ; 78.675,46 ; 85.827,78 ; 92.980,09 ; 99.345,37 ; 107.087,98 ; 107.087,98 ; 114.227,18 ; 116.733,52 ; 116.955,28 ; 116.955,28 ; 116.955,28 ; 216.062,54 ; 1.440.416,89 
SC;OTACILIO COSTA;4211751; 45.383,83 ; 49.922,21 ; 54.460,59 ; 58.998,97 ; 63.282,02 ; 68.011,91 ; 68.011,91 ; 72.546,04 ; 74.299,26 ; 74.300,28 ; 74.300,28 ; 74.300,28 ; 137.261,93 ; 915.079,51 
SC;PAINEL;4211892; 3.177,13 ; 3.494,84 ; 3.812,55 ; 4.130,27 ; 4.430,18 ; 4.761,23 ; 4.761,23 ; 5.078,64 ; 42.361,66 ; 10.177,00 ; 10.177,00 ; 10.177,00 ; 18.800,95 ; 125.339,68 
SC;PALMITOS;4212106; 26.553,38 ; 29.208,72 ; 31.864,06 ; 34.519,40 ; 37.025,45 ; 39.792,73 ; 39.792,73 ; 42.445,58 ; 43.471,36 ; 43.471,96 ; 43.471,96 ; 43.471,96 ; 80.309,87 ; 535.399,16 
SC;PAPANDUVA;4212205; 33.742,41 ; 37.116,65 ; 40.490,89 ; 43.865,13 ; 47.049,61 ; 50.566,16 ; 50.566,16 ; 53.937,24 ; 55.240,73 ; 55.241,50 ; 55.241,50 ; 55.241,50 ; 102.052,85 ; 680.352,33 
SC;PARAISO;4212239; 18.133,83 ; 19.947,22 ; 21.760,60 ; 23.573,99 ; 25.292,88 ; 27.177,12 ; 27.177,12 ; 28.988,93 ; 29.621,28 ; 29.680,77 ; 29.680,77 ; 29.680,77 ; 54.832,10 ; 365.547,38 
SC;PASSO DE TORRES;4212254; 88.934,59 ; 97.828,05 ; 106.721,51 ; 115.614,97 ; 124.043,10 ; 133.285,57 ; 133.285,57 ; 142.171,27 ; 145.287,14 ; 145.566,29 ; 145.566,29 ; 145.566,29 ; 268.918,36 ; 1.792.789,00 
SC;PASSOS MAIA;4212270; 14.627,71 ; 16.090,48 ; 17.553,25 ; 19.016,02 ; 20.402,00 ; 21.922,35 ; 21.922,35 ; 23.383,84 ; 23.899,35 ; 23.942,64 ; 23.942,64 ; 23.942,64 ; 44.231,51 ; 294.876,78 
SC;PAULO LOPES;4212304; 50.378,04 ; 55.415,85 ; 60.453,65 ; 65.491,45 ; 70.266,20 ; 75.501,30 ; 75.501,30 ; 80.534,72 ; 82.294,99 ; 82.457,24 ; 82.457,24 ; 82.457,24 ; 152.331,04 ; 1.015.540,26 
SC;PEDRAS GRANDES;4212403; 16.939,82 ; 18.633,80 ; 20.327,78 ; 22.021,77 ; 23.627,80 ; 25.387,73 ; 25.387,73 ; 27.080,24 ; 27.668,24 ; 27.726,18 ; 27.726,18 ; 27.726,18 ; 51.221,19 ; 341.474,64 
SC;PERITIBA;4212601; 8.427,65 ; 9.270,41 ; 10.113,18 ; 10.955,94 ; 11.751,34 ; 12.629,62 ; 12.629,62 ; 13.471,60 ; 13.797,20 ; 13.797,35 ; 13.797,35 ; 13.797,35 ; 25.489,16 ; 169.927,77 
SC;PESCARIA BRAVA;4212650; 47.042,44 ; 51.746,68 ; 56.450,92 ; 61.155,17 ; 65.613,36 ; 70.502,15 ; 70.502,15 ; 75.202,30 ; 76.849,43 ; 76.997,97 ; 76.997,97 ; 76.997,97 ; 142.245,63 ; 948.304,14 
SC;PETROLANDIA;4212700; 32.076,60 ; 35.284,26 ; 38.491,92 ; 41.699,58 ; 44.739,63 ; 48.072,98 ; 48.072,98 ; 51.277,85 ; 52.400,43 ; 52.502,18 ; 52.502,18 ; 52.502,18 ; 96.992,25 ; 646.615,02 
SC;PINHEIRO PRETO;4213005; 17.286,05 ; 19.014,65 ; 20.743,26 ; 22.471,86 ; 24.110,10 ; 25.906,47 ; 25.906,47 ; 27.633,57 ; 28.239,16 ; 28.293,44 ; 28.293,44 ; 28.293,44 ; 52.269,16 ; 348.461,07 
SC;PORTO UNIAO;4213609; 84.562,28 ; 93.018,51 ; 101.474,74 ; 109.930,97 ; 117.945,89 ; 126.733,11 ; 126.733,11 ; 135.181,98 ; 138.134,34 ; 138.408,71 ; 138.408,71 ; 138.408,71 ; 255.695,49 ; 1.704.636,55 
SC;POUSO REDONDO;4213708; 61.115,72 ; 67.227,29 ; 73.338,86 ; 79.450,44 ; 85.241,18 ; 91.593,39 ; 91.593,39 ; 97.699,61 ; 99.850,38 ; 100.033,93 ; 100.033,93 ; 100.033,93 ; 184.802,13 ; 1.232.014,18 
SC;PRESIDENTE CASTELLO BRANCO;4213906; 4.340,67 ; 4.774,74 ; 5.208,81 ; 5.642,87 ; 6.052,58 ; 6.504,90 ; 6.504,90 ; 6.938,57 ; 60.127,06 ; 14.205,54 ; 14.205,54 ; 14.205,54 ; 26.243,24 ; 174.954,96 
SC;PRINCESA;4214151; 6.961,67 ; 7.657,84 ; 8.354,01 ; 9.050,18 ; 9.707,27 ; 10.432,72 ; 10.432,72 ; 11.128,24 ; 11.397,18 ; 11.397,33 ; 11.397,33 ; 11.397,33 ; 21.055,38 ; 140.369,20 
SC;QUILOMBO;4214201; 47.483,57 ; 52.231,92 ; 56.980,28 ; 61.728,63 ; 66.229,10 ; 71.163,38 ; 71.163,38 ; 75.907,61 ; 77.566,07 ; 77.719,58 ; 77.719,58 ; 77.719,58 ; 143.578,71 ; 957.191,39 
SC;RIO DO CAMPO;4214508; 25.377,15 ; 27.914,86 ; 30.452,58 ; 32.990,29 ; 35.394,99 ; 38.032,45 ; 38.032,45 ; 40.567,94 ; 41.460,19 ; 41.537,12 ; 41.537,12 ; 41.537,12 ; 76.735,45 ; 511.569,71 
SC;RIO DO OESTE;4214607; 31.037,97 ; 34.141,77 ; 37.245,56 ; 40.349,36 ; 43.291,14 ; 46.516,44 ; 46.516,44 ; 49.617,54 ; 50.702,19 ; 50.802,02 ; 50.802,02 ; 50.802,02 ; 93.851,37 ; 625.675,84 
SC;RIO RUFINO;4215059; 5.309,05 ; 5.839,96 ; 6.370,86 ; 6.901,77 ; 7.402,85 ; 7.956,11 ; 7.956,11 ; 8.486,52 ; 71.861,18 ; 17.149,79 ; 17.149,79 ; 17.149,79 ; 31.682,43 ; 211.216,21 
SC;RIQUEZA;4215075; 22.134,98 ; 24.348,47 ; 26.561,97 ; 28.775,47 ; 30.873,88 ; 33.173,67 ; 33.173,67 ; 35.385,25 ; 36.155,11 ; 36.229,48 ; 36.229,48 ; 36.229,48 ; 66.930,15 ; 446.201,06 
SC;RODEIO;4215109; 55.685,24 ; 61.253,76 ; 66.822,28 ; 72.390,81 ; 77.051,73 ; 83.300,97 ; 83.300,97 ; 88.854,36 ; 90.804,66 ; 90.976,58 ; 90.976,58 ; 90.976,58 ; 168.069,63 ; 1.120.464,15 
SC;ROMELANDIA;4215208; 13.524,23 ; 14.876,65 ; 16.229,08 ; 17.581,50 ; 18.863,08 ; 20.268,62 ; 20.268,62 ; 21.619,87 ; 22.095,08 ; 22.136,32 ; 22.136,32 ; 22.136,32 ; 40.894,53 ; 272.630,22 
SC;SALTO VELOSO;4215406; 32.803,64 ; 36.084,00 ; 39.364,37 ; 42.644,73 ; 45.754,26 ; 49.162,73 ; 49.162,73 ; 52.440,25 ; 53.583,22 ; 53.691,66 ; 53.691,66 ; 53.691,66 ; 99.189,69 ; 661.264,60 
SC;SANGAO;4215455; 36.533,80 ; 40.187,18 ; 43.840,56 ; 47.493,94 ; 50.956,25 ; 54.752,91 ; 54.752,91 ; 58.403,11 ; 59.683,24 ; 59.797,78 ; 59.797,78 ; 59.797,78 ; 110.470,10 ; 736.467,34 
SC;SANTA CECILIA;4215505; 72.278,61 ; 79.506,47 ; 86.734,34 ; 93.962,20 ; 100.810,96 ; 108.323,16 ; 108.323,16 ; 115.544,70 ; 118.085,35 ; 118.305,00 ; 118.305,00 ; 118.305,00 ; 218.556,00 ; 1.457.039,95 
SC;SANTA HELENA;4215554; 10.519,72 ; 11.571,70 ; 12.623,67 ; 13.675,64 ; 14.672,84 ; 15.765,88 ; 15.765,88 ; 16.816,94 ; 17.183,65 ; 17.218,27 ; 17.218,27 ; 17.218,27 ; 31.808,95 ; 212.059,68 
SC;SANTA ROSA DO SUL;4215653; 55.616,80 ; 61.178,48 ; 66.740,16 ; 72.301,84 ; 77.573,03 ; 83.352,58 ; 83.352,58 ; 88.909,42 ; 90.853,41 ; 91.031,95 ; 91.031,95 ; 91.031,95 ; 168.171,92 ; 1.121.146,07 
SC;SANTA TEREZINHA DO PROGRESSO;4215687; 5.494,17 ; 6.043,59 ; 6.593,01 ; 7.142,43 ; 7.661,01 ; 8.233,54 ; 8.233,54 ; 8.782,44 ; 8.994,67 ; 8.994,81 ; 8.994,81 ; 8.994,81 ; 16.616,97 ; 110.779,80 
SC;SANTIAGO DO SUL;4215695; 6.588,64 ; 7.247,50 ; 7.906,37 ; 8.565,23 ; 9.189,81 ; 9.874,37 ; 9.874,37 ; 10.532,67 ; 10.762,48 ; 10.784,04 ; 10.784,04 ; 10.784,04 ; 19.922,39 ; 132.815,95 
SC;SANTO AMARO DA IMPERATRIZ;4215703; 140.987,67 ; 155.086,44 ; 169.185,21 ; 183.283,97 ; 196.644,17 ; 211.296,88 ; 211.296,88 ; 225.383,33 ; 230.331,58 ; 230.766,59 ; 230.766,59 ; 230.766,59 ; 426.316,93 ; 2.842.112,83 
SC;SAO BENTO DO SUL;4215802; 397.841,91 ; 437.626,10 ; 477.410,29 ; 517.194,49 ; 554.896,03 ; 596.242,22 ; 596.242,22 ; 635.991,70 ; 649.942,12 ; 651.180,60 ; 651.180,60 ; 651.180,60 ; 1.202.987,46 ; 8.019.916,34 
SC;SAO BERNARDINO;4215752; 12.669,27 ; 13.936,19 ; 15.203,12 ; 16.470,05 ; 17.671,14 ; 18.987,43 ; 18.987,43 ; 20.253,26 ; 20.693,67 ; 20.736,44 ; 20.736,44 ; 20.736,44 ; 38.308,38 ; 255.389,26 
SC;SAO CARLOS;4216008; 17.360,70 ; 19.096,77 ; 20.832,84 ; 22.568,92 ; 24.207,40 ; 26.016,64 ; 26.016,64 ; 27.751,09 ; 28.421,74 ; 28.422,14 ; 28.422,14 ; 28.422,14 ; 52.506,91 ; 350.046,07 
SC;SAO CRISTOVAO DO SUL;4216057; 24.326,74 ; 26.759,42 ; 29.192,09 ; 31.624,77 ; 33.930,26 ; 36.458,31 ; 36.458,31 ; 38.888,87 ; 39.740,86 ; 39.817,48 ; 39.817,48 ; 39.817,48 ; 73.558,59 ; 490.390,66 
SC;SAO DOMINGOS;4216107; 33.477,65 ; 36.825,41 ; 40.173,18 ; 43.520,94 ; 46.694,10 ; 50.172,81 ; 50.172,81 ; 53.517,67 ; 54.686,16 ; 54.795,06 ; 54.795,06 ; 54.795,06 ; 101.228,10 ; 674.854,01 
SC;SAO JOAO DO ITAPERIU;4216354; 27.751,23 ; 30.526,35 ; 33.301,48 ; 36.076,60 ; 38.706,84 ; 41.590,60 ; 41.590,60 ; 44.363,31 ; 45.333,69 ; 45.422,45 ; 45.422,45 ; 45.422,45 ; 83.913,18 ; 559.421,23 
SC;SAO JOAO DO OESTE;4216255; 26.592,93 ; 29.252,22 ; 31.911,52 ; 34.570,81 ; 37.091,86 ; 39.854,81 ; 39.854,81 ; 42.511,80 ; 43.436,35 ; 43.526,01 ; 43.526,01 ; 43.526,01 ; 80.409,72 ; 536.064,86 
SC;SAO JOAO DO SUL;4216404; 54.171,08 ; 59.588,19 ; 65.005,30 ; 70.422,41 ; 75.556,24 ; 81.185,82 ; 81.185,82 ; 86.598,20 ; 88.494,62 ; 88.665,95 ; 88.665,95 ; 88.665,95 ; 163.800,98 ; 1.092.006,51 
SC;SAO JOAQUIM;4216503; 91.649,82 ; 100.814,81 ; 109.979,79 ; 119.144,77 ; 127.827,80 ; 137.354,26 ; 137.354,26 ; 146.511,21 ; 149.744,40 ; 150.012,83 ; 150.012,83 ; 150.012,83 ; 277.132,88 ; 1.847.552,49 
SC;SAO JOSE DO CERRITO;4216800; 11.999,27 ; 13.199,19 ; 14.399,12 ; 15.599,05 ; 16.731,55 ; 17.982,03 ; 17.982,03 ; 19.180,83 ; 19.644,36 ; 19.644,65 ; 19.644,65 ; 19.644,65 ; 36.291,41 ; 241.942,79 
SC;SAO MARTINHO;4217105; 6.657,44 ; 7.323,18 ; 7.988,93 ; 8.654,67 ; 9.282,99 ; 9.976,80 ; 9.976,80 ; 10.641,92 ; 91.003,61 ; 21.624,79 ; 21.624,79 ; 21.624,79 ; 39.949,53 ; 266.330,24 
SC;SAO MIGUEL DA BOA VISTA;4217154; 8.024,81 ; 8.827,29 ; 9.629,77 ; 10.432,25 ; 11.192,85 ; 12.026,73 ; 12.026,73 ; 12.828,51 ; 13.109,24 ; 13.134,80 ; 13.134,80 ; 13.134,80 ; 24.265,16 ; 161.767,74 
SC;SAUDADES;4217303; 46.607,39 ; 51.268,13 ; 55.928,87 ; 60.589,61 ; 65.007,89 ; 69.850,50 ; 69.850,50 ; 74.507,20 ; 76.126,66 ; 76.284,61 ; 76.284,61 ; 76.284,61 ; 140.927,76 ; 939.518,34 
SC;SERRA ALTA;4217550; 7.838,60 ; 8.622,46 ; 9.406,32 ; 10.190,18 ; 10.930,00 ; 11.746,87 ; 11.746,87 ; 12.530,00 ; 12.832,80 ; 12.832,99 ; 12.832,99 ; 12.832,99 ; 23.707,59 ; 158.050,66 
SC;TANGARA;4217907; 35.908,29 ; 39.499,12 ; 43.089,95 ; 46.680,78 ; 50.083,51 ; 53.815,40 ; 53.815,40 ; 57.403,10 ; 58.663,73 ; 58.774,21 ; 58.774,21 ; 58.774,21 ; 108.579,15 ; 723.861,06 
SC;TIGRINHOS;4217956; 6.005,16 ; 6.605,68 ; 7.206,20 ; 7.806,71 ; 8.373,53 ; 8.999,30 ; 8.999,30 ; 9.599,25 ; 9.831,24 ; 9.831,37 ; 9.831,37 ; 9.831,37 ; 18.162,43 ; 121.082,91 
SC;TIMBE DO SUL;4218103; 22.766,67 ; 25.043,34 ; 27.320,01 ; 29.596,68 ; 31.754,23 ; 34.120,23 ; 34.120,23 ; 36.394,91 ; 37.193,07 ; 37.264,07 ; 37.264,07 ; 37.264,07 ; 68.841,45 ; 458.943,03 
SC;TIMBO GRANDE;4218251; 49.391,36 ; 54.330,49 ; 59.269,63 ; 64.208,77 ; 68.889,62 ; 74.022,48 ; 74.022,48 ; 78.957,32 ; 80.686,14 ; 80.842,57 ; 80.842,57 ; 80.842,57 ; 149.348,12 ; 995.654,12 
SC;TRES BARRAS;4218301; 108.527,25 ; 119.379,98 ; 130.232,70 ; 141.085,43 ; 151.368,69 ; 162.648,53 ; 162.648,53 ; 173.491,76 ; 177.309,10 ; 177.636,72 ; 177.636,72 ; 177.636,72 ; 328.165,09 ; 2.187.767,22 
SC;TREVISO;4218350; 14.395,91 ; 15.835,50 ; 17.275,09 ; 18.714,68 ; 20.079,27 ; 21.575,09 ; 21.575,09 ; 23.013,43 ; 23.515,67 ; 23.562,71 ; 23.562,71 ; 23.562,71 ; 43.529,62 ; 290.197,48 
SC;TREZE DE MAIO;4218400; 35.094,82 ; 38.604,31 ; 42.113,79 ; 45.623,27 ; 48.949,56 ; 52.596,43 ; 52.596,43 ; 56.102,86 ; 57.329,23 ; 57.442,15 ; 57.442,15 ; 57.442,15 ; 106.118,32 ; 707.455,47 
SC;TUBARAO;4218707; 243.601,29 ; 267.961,42 ; 292.321,55 ; 316.681,67 ; 339.767,56 ; 365.083,39 ; 365.083,39 ; 389.422,29 ; 397.954,79 ; 398.721,30 ; 398.721,30 ; 398.721,30 ; 736.595,52 ; 4.910.636,77 
SC;TUNAPOLIS;4218756; 20.503,83 ; 22.554,22 ; 24.604,60 ; 26.654,98 ; 28.598,79 ; 30.729,09 ; 30.729,09 ; 32.777,69 ; 33.490,43 ; 33.559,67 ; 33.559,67 ; 33.559,67 ; 61.997,94 ; 413.319,67 
SC;UNIAO DO OESTE;4218855; 5.637,35 ; 6.201,08 ; 6.764,82 ; 7.328,55 ; 7.860,63 ; 8.448,09 ; 8.448,09 ; 9.011,30 ; 9.229,08 ; 9.229,20 ; 9.229,20 ; 9.229,20 ; 17.049,98 ; 113.666,57 
SC;URUBICI;4218905; 51.444,96 ; 56.589,46 ; 61.733,96 ; 66.878,45 ; 70.240,46 ; 76.721,83 ; 76.721,83 ; 81.836,62 ; 83.624,83 ; 83.790,15 ; 83.790,15 ; 83.790,15 ; 154.793,45 ; 1.031.956,30 
SC;URUPEMA;4218954; 4.715,71 ; 5.187,28 ; 5.658,85 ; 6.130,43 ; 6.575,53 ; 7.066,94 ; 7.066,94 ; 7.538,07 ; 7.720,24 ; 7.720,35 ; 7.720,35 ; 7.720,35 ; 14.262,53 ; 95.083,57 
SC;VARGEM BONITA;4219176; 9.218,90 ; 10.140,79 ; 11.062,68 ; 11.984,57 ; 12.854,66 ; 13.815,39 ; 13.815,39 ; 14.736,42 ; 15.092,56 ; 15.092,76 ; 15.092,76 ; 15.092,76 ; 27.882,28 ; 185.881,92 
SC;VIDEIRA;4219309; 259.789,04 ; 285.767,94 ; 311.746,84 ; 337.725,75 ; 362.347,33 ; 389.344,24 ; 389.344,24 ; 415.300,52 ; 424.385,79 ; 425.215,57 ; 425.215,57 ; 425.215,57 ; 785.540,90 ; 5.236.939,30 
SC;VITOR MEIRELES;4219358; 24.002,74 ; 26.403,02 ; 28.803,29 ; 31.203,57 ; 33.478,79 ; 35.972,83 ; 35.972,83 ; 38.371,02 ; 39.208,06 ; 39.286,79 ; 39.286,79 ; 39.286,79 ; 72.578,20 ; 483.854,72 
SC;WITMARSUM;4219408; 21.315,37 ; 23.446,91 ; 25.578,45 ; 27.709,99 ; 29.730,51 ; 31.945,30 ; 31.945,30 ; 34.074,99 ; 34.817,73 ; 34.888,14 ; 34.888,14 ; 34.888,14 ; 64.452,16 ; 429.681,13 
SC;XANXERE;4219507; 160.730,52 ; 176.803,57 ; 192.876,62 ; 208.949,67 ; 223.527,74 ; 240.722,04 ; 240.722,04 ; 256.770,17 ; 262.378,08 ; 262.899,17 ; 262.899,17 ; 262.899,17 ; 485.678,47 ; 3.237.856,43 
SE;AQUIDABA;2800209; 113.299,10 ; 124.629,01 ; 135.958,92 ; 147.288,83 ; 158.022,57 ; 169.799,63 ; 169.799,63 ; 181.119,60 ; 185.120,03 ; 185.448,84 ; 185.448,84 ; 185.448,84 ; 342.597,16 ; 2.283.981,00 
SE;ARACAJU;2800308; 1.152.691,21 ; 1.267.960,33 ; 1.383.229,45 ; 1.498.498,57 ; 1.606.736,52 ; 1.727.279,03 ; 1.727.279,03 ; 1.842.430,96 ; 1.882.957,53 ; 1.886.447,46 ; 1.886.447,46 ; 1.886.447,46 ; 3.485.012,66 ; 23.233.417,67 
SE;ARAUA;2800407; 70.073,78 ; 77.081,16 ; 84.088,54 ; 91.095,91 ; 97.734,67 ; 105.018,53 ; 105.018,53 ; 112.019,76 ; 114.492,84 ; 114.697,18 ; 114.697,18 ; 114.697,18 ; 211.890,93 ; 1.412.606,19 
SE;BARRA DOS COQUEIROS;2800605; 146.092,51 ; 160.701,76 ; 175.311,01 ; 189.920,26 ; 203.762,04 ; 218.946,91 ; 218.946,91 ; 233.543,37 ; 238.690,29 ; 239.124,15 ; 239.124,15 ; 239.124,15 ; 441.756,63 ; 2.945.044,14 
SE;BOQUIM;2800670; 47.048,01 ; 51.752,81 ; 56.457,61 ; 61.162,41 ; 65.639,71 ; 70.515,15 ; 70.515,15 ; 75.216,16 ; 76.693,65 ; 76.989,41 ; 76.989,41 ; 76.989,41 ; 142.229,81 ; 948.198,70 
SE;BREJO GRANDE;2800704; 20.634,18 ; 22.697,60 ; 24.761,02 ; 26.824,44 ; 28.788,21 ; 30.926,34 ; 30.926,34 ; 32.988,10 ; 33.636,08 ; 33.765,81 ; 33.765,81 ; 33.765,81 ; 62.378,77 ; 415.858,51 
SE;CAMPO DO BRITO;2801009; 64.547,16 ; 71.001,87 ; 77.456,59 ; 83.911,30 ; 90.027,68 ; 96.736,16 ; 96.736,16 ; 103.185,24 ; 105.452,25 ; 105.650,02 ; 105.650,02 ; 105.650,02 ; 195.177,26 ; 1.301.181,73 
SE;CANHOBA;2801108; 27.001,19 ; 29.701,31 ; 32.401,43 ; 35.101,55 ; 37.659,89 ; 40.466,32 ; 40.466,32 ; 43.164,08 ; 44.115,64 ; 44.195,57 ; 44.195,57 ; 44.195,57 ; 81.646,66 ; 544.311,10 
SE;CANINDE DE SAO FRANCISCO;2801207; 227.971,00 ; 250.768,10 ; 273.565,20 ; 296.362,30 ; 317.962,91 ; 341.657,40 ; 341.657,40 ; 364.434,56 ; 372.456,41 ; 373.141,82 ; 373.141,82 ; 373.141,82 ; 689.340,14 ; 4.595.600,88 
SE;CAPELA;2801306; 180.350,54 ; 198.385,60 ; 216.420,65 ; 234.455,71 ; 251.542,13 ; 270.288,68 ; 270.288,68 ; 288.307,93 ; 294.672,64 ; 295.198,81 ; 295.198,81 ; 295.198,81 ; 545.348,65 ; 3.635.657,64 
SE;CARIRA;2801405; 121.229,36 ; 133.352,30 ; 145.475,24 ; 157.598,17 ; 169.084,32 ; 181.684,87 ; 181.684,87 ; 193.797,19 ; 198.067,42 ; 198.428,08 ; 198.428,08 ; 198.428,08 ; 366.574,95 ; 2.443.832,93 
SE;CARMOPOLIS;2801504; 67.350,36 ; 74.085,40 ; 80.820,43 ; 87.555,47 ; 93.936,81 ; 100.937,14 ; 100.937,14 ; 107.666,28 ; 110.037,55 ; 110.238,88 ; 110.238,88 ; 110.238,88 ; 203.654,69 ; 1.357.697,91 
SE;CEDRO DE SAO JOAO;2801603; 24.849,16 ; 27.334,08 ; 29.818,99 ; 32.303,91 ; 34.658,49 ; 37.241,14 ; 37.241,14 ; 39.723,88 ; 40.598,32 ; 40.672,99 ; 40.672,99 ; 40.672,99 ; 75.139,07 ; 500.927,15 
SE;CRISTINAPOLIS;2801702; 61.608,47 ; 67.769,31 ; 73.930,16 ; 80.091,00 ; 85.905,19 ; 92.326,06 ; 92.326,06 ; 98.481,13 ; 100.861,12 ; 100.862,51 ; 100.862,51 ; 100.862,51 ; 186.332,84 ; 1.242.218,87 
SE;CUMBE;2801900; 13.629,25 ; 14.992,18 ; 16.355,10 ; 17.718,03 ; 19.009,34 ; 20.425,95 ; 20.425,95 ; 21.787,68 ; 22.268,91 ; 22.308,47 ; 22.308,47 ; 22.308,47 ; 41.212,55 ; 274.750,35 
SE;DIVINA PASTORA;2802007; 34.903,20 ; 38.393,52 ; 41.883,84 ; 45.374,16 ; 48.681,39 ; 52.309,01 ; 52.309,01 ; 55.796,27 ; 57.024,34 ; 57.129,37 ; 57.129,37 ; 57.129,37 ; 105.540,50 ; 703.603,35 
SE;FEIRA NOVA;2802205; 26.355,26 ; 28.990,79 ; 31.626,31 ; 34.261,84 ; 36.758,98 ; 39.498,28 ; 39.498,28 ; 42.131,50 ; 43.060,05 ; 43.138,29 ; 43.138,29 ; 43.138,29 ; 79.693,44 ; 531.289,60 
SE;FREI PAULO;2802304; 65.507,29 ; 72.058,02 ; 78.608,75 ; 85.159,48 ; 91.365,85 ; 98.174,86 ; 98.174,86 ; 104.719,86 ; 107.029,55 ; 107.222,50 ; 107.222,50 ; 107.222,50 ; 198.082,25 ; 1.320.548,27 
SE;GENERAL MAYNARD;2802502; 17.377,58 ; 19.115,34 ; 20.853,10 ; 22.590,85 ; 24.237,31 ; 26.043,53 ; 26.043,53 ; 27.779,77 ; 28.392,66 ; 28.443,68 ; 28.443,68 ; 28.443,68 ; 52.546,71 ; 350.311,42 
SE;ILHA DAS FLORES;2802700; 74.312,80 ; 81.744,08 ; 89.175,36 ; 96.606,64 ; 103.647,29 ; 111.371,56 ; 111.371,56 ; 118.796,33 ; 121.416,27 ; 121.635,35 ; 121.635,35 ; 121.635,35 ; 224.708,47 ; 1.498.056,41 
SE;INDIAROBA;2802809; 136.195,93 ; 149.815,52 ; 163.435,12 ; 177.054,71 ; 189.957,83 ; 204.114,79 ; 204.114,79 ; 217.722,44 ; 222.529,93 ; 222.926,40 ; 222.926,40 ; 222.926,40 ; 411.832,99 ; 2.745.553,25 
SE;ITABI;2803104; 20.865,45 ; 22.952,00 ; 25.038,55 ; 27.125,09 ; 29.101,92 ; 31.270,74 ; 31.270,74 ; 33.355,46 ; 34.092,16 ; 34.152,73 ; 34.152,73 ; 34.152,73 ; 63.093,58 ; 420.623,88 
SE;ITAPORANGA DAJUDA;2803203; 180.286,46 ; 198.315,11 ; 216.343,75 ; 234.372,40 ; 251.453,61 ; 270.192,85 ; 270.192,85 ; 288.205,70 ; 294.560,47 ; 295.093,12 ; 295.093,12 ; 295.093,12 ; 545.153,40 ; 3.634.355,96 
SE;JAPOATA;2803401; 82.902,93 ; 91.193,22 ; 99.483,51 ; 107.773,81 ; 115.628,35 ; 124.245,48 ; 124.245,48 ; 132.528,51 ; 135.450,97 ; 135.695,65 ; 135.695,65 ; 135.695,65 ; 250.683,39 ; 1.671.222,60 
SE;LARANJEIRAS;2803609; 253.748,94 ; 279.123,84 ; 304.498,73 ; 329.873,62 ; 353.913,92 ; 380.289,78 ; 380.289,78 ; 405.642,43 ; 414.597,10 ; 415.337,70 ; 415.337,70 ; 415.337,70 ; 767.292,58 ; 5.115.283,82 
SE;MALHADA DOS BOIS;2803807; 15.856,01 ; 17.441,61 ; 19.027,21 ; 20.612,81 ; 22.109,30 ; 23.761,72 ; 23.761,72 ; 25.345,83 ; 25.958,36 ; 25.958,72 ; 25.958,72 ; 25.958,72 ; 47.956,01 ; 319.706,74 
SE;MALHADOR;2803906; 59.947,51 ; 65.942,27 ; 71.937,02 ; 77.931,77 ; 83.612,28 ; 89.842,72 ; 89.842,72 ; 95.832,24 ; 97.937,73 ; 98.121,38 ; 98.121,38 ; 98.121,38 ; 181.268,90 ; 1.208.459,30 
SE;MONTE ALEGRE DE SERGIPE;2804201; 69.795,14 ; 76.774,66 ; 83.754,17 ; 90.733,69 ; 97.347,13 ; 104.601,21 ; 104.601,21 ; 111.574,63 ; 114.027,91 ; 114.240,07 ; 114.240,07 ; 114.240,07 ; 211.046,47 ; 1.406.976,43 
SE;MURIBECA;2804300; 38.341,57 ; 42.175,73 ; 46.009,88 ; 49.844,04 ; 53.477,02 ; 57.462,05 ; 57.462,05 ; 61.292,85 ; 62.642,15 ; 62.757,31 ; 62.757,31 ; 62.757,31 ; 115.937,51 ; 772.916,78 
SE;NEOPOLIS;2804409; 74.500,90 ; 81.950,99 ; 89.401,08 ; 96.851,17 ; 103.909,17 ; 111.653,34 ; 111.653,34 ; 119.096,89 ; 121.727,83 ; 121.943,68 ; 121.943,68 ; 121.943,68 ; 225.278,08 ; 1.501.853,83 
SE;NOSSA SENHORA APARECIDA;2804458; 33.758,07 ; 37.133,88 ; 40.509,69 ; 43.885,50 ; 47.084,00 ; 50.592,76 ; 50.592,76 ; 53.965,61 ; 55.155,57 ; 55.255,27 ; 55.255,27 ; 55.255,27 ; 102.078,28 ; 680.521,93 
SE;NOSSA SENHORA DA GLORIA;2804508; 212.418,61 ; 233.660,47 ; 254.902,33 ; 276.144,19 ; 296.270,88 ; 318.349,13 ; 318.349,13 ; 339.572,40 ; 347.049,78 ; 347.686,02 ; 347.686,02 ; 347.686,02 ; 642.313,24 ; 4.282.088,22 
SE;NOSSA SENHORA DAS DORES;2804607; 114.330,24 ; 125.763,26 ; 137.196,28 ; 148.629,31 ; 159.460,61 ; 171.344,93 ; 171.344,93 ; 182.767,93 ; 186.806,02 ; 187.136,73 ; 187.136,73 ; 187.136,73 ; 345.715,37 ; 2.304.769,07 
SE;NOSSA SENHORA DE LOURDES;2804706; 31.370,55 ; 34.507,61 ; 37.644,66 ; 40.781,72 ; 43.753,65 ; 47.014,53 ; 47.014,53 ; 50.148,83 ; 51.257,82 ; 51.347,70 ; 51.347,70 ; 51.347,70 ; 94.859,47 ; 632.396,47 
SE;PACATUBA;2804904; 88.640,32 ; 97.504,35 ; 106.368,39 ; 115.232,42 ; 123.629,38 ; 132.843,73 ; 132.843,73 ; 141.699,97 ; 144.835,67 ; 145.087,77 ; 145.087,77 ; 145.087,77 ; 268.034,35 ; 1.786.895,62 
SE;PEDRA MOLE;2805000; 20.846,13 ; 22.930,75 ; 25.015,36 ; 27.099,98 ; 29.074,86 ; 31.241,76 ; 31.241,76 ; 33.324,54 ; 34.061,60 ; 34.121,22 ; 34.121,22 ; 34.121,22 ; 63.035,36 ; 420.235,76 
SE;PINHAO;2805208; 13.765,42 ; 15.141,96 ; 16.518,50 ; 17.895,04 ; 19.194,21 ; 20.628,77 ; 20.628,77 ; 22.004,02 ; 22.535,79 ; 22.536,10 ; 22.536,10 ; 22.536,10 ; 41.633,07 ; 277.553,85 
SE;POCO VERDE;2805505; 78.883,79 ; 86.772,17 ; 94.660,55 ; 102.548,93 ; 110.022,89 ; 118.222,09 ; 118.222,09 ; 126.103,56 ; 128.882,76 ; 129.116,96 ; 129.116,96 ; 129.116,96 ; 238.529,96 ; 1.590.199,67 
SE;PORTO DA FOLHA;2805604; 127.543,11 ; 140.297,42 ; 153.051,73 ; 165.806,04 ; 177.889,53 ; 191.146,97 ; 191.146,97 ; 203.890,11 ; 208.390,50 ; 208.763,21 ; 208.763,21 ; 208.763,21 ; 385.668,01 ; 2.571.120,02 
SE;PROPRIA;2805703; 59.525,52 ; 65.478,07 ; 71.430,62 ; 77.383,17 ; 83.023,73 ; 89.210,30 ; 89.210,30 ; 95.157,65 ; 97.247,84 ; 97.430,61 ; 97.430,61 ; 97.430,61 ; 179.992,78 ; 1.199.951,81 
SE;RIACHAO DO DANTAS;2805802; 100.338,79 ; 110.372,67 ; 120.406,54 ; 130.440,42 ; 139.947,35 ; 150.376,45 ; 150.376,45 ; 160.401,55 ; 163.935,03 ; 164.234,32 ; 164.234,32 ; 164.234,32 ; 303.405,57 ; 2.022.703,78 
SE;ROSARIO DO CATETE;2806107; 54.360,95 ; 59.797,04 ; 65.233,13 ; 70.669,23 ; 75.819,98 ; 81.470,11 ; 81.470,11 ; 86.901,45 ; 88.813,84 ; 88.977,67 ; 88.977,67 ; 88.977,67 ; 164.376,86 ; 1.095.845,71 
SE;SALGADO;2806206; 78.333,03 ; 86.166,34 ; 93.999,64 ; 101.832,94 ; 109.254,91 ; 117.396,73 ; 117.396,73 ; 125.223,18 ; 127.981,12 ; 128.215,29 ; 128.215,29 ; 128.215,29 ; 236.864,21 ; 1.579.094,70 
SE;SANTA LUZIA DO ITANHY;2806305; 110.572,33 ; 121.629,56 ; 132.686,79 ; 143.744,02 ; 154.219,97 ; 165.713,19 ; 165.713,19 ; 176.760,73 ; 180.659,82 ; 180.985,10 ; 180.985,10 ; 180.985,10 ; 334.350,87 ; 2.229.005,77 
SE;SANTA ROSA DE LIMA;2806503; 28.667,29 ; 31.534,02 ; 34.400,75 ; 37.267,48 ; 39.983,17 ; 42.963,15 ; 42.963,15 ; 45.827,36 ; 46.842,42 ; 46.923,15 ; 46.923,15 ; 46.923,15 ; 86.685,57 ; 577.903,81 
SE;SANTANA DO SAO FRANCISCO;2806404; 46.158,33 ; 50.774,16 ; 55.389,99 ; 60.005,82 ; 64.378,50 ; 69.176,71 ; 69.176,71 ; 73.788,49 ; 75.420,55 ; 75.552,53 ; 75.552,53 ; 75.552,53 ; 139.575,33 ; 930.502,18 
SE;SANTO AMARO DAS BROTAS;2806602; 49.250,56 ; 54.175,62 ; 59.100,68 ; 64.025,73 ; 68.691,78 ; 73.811,10 ; 73.811,10 ; 78.731,84 ; 80.469,34 ; 80.613,54 ; 80.613,54 ; 80.613,54 ; 148.925,01 ; 992.833,38 
SE;SAO CRISTOVAO;2806701; 317.500,64 ; 349.250,71 ; 381.000,77 ; 412.750,84 ; 442.842,19 ; 475.836,30 ; 475.836,30 ; 507.558,72 ; 518.661,11 ; 519.676,22 ; 519.676,22 ; 519.676,22 ; 960.046,99 ; 6.400.313,23 
SE;SAO FRANCISCO;2806909; 18.699,98 ; 20.569,98 ; 22.439,98 ; 24.309,98 ; 26.081,93 ; 28.025,45 ; 28.025,45 ; 29.893,82 ; 30.551,45 ; 30.608,00 ; 30.608,00 ; 30.608,00 ; 56.545,06 ; 376.967,08 
SE;SAO MIGUEL DO ALEIXO;2807006; 15.939,82 ; 17.533,81 ; 19.127,79 ; 20.721,77 ; 22.232,15 ; 23.888,82 ; 23.888,82 ; 25.481,40 ; 26.042,50 ; 26.090,25 ; 26.090,25 ; 26.090,25 ; 48.198,99 ; 321.326,62 
SE;SERGIPE;28; 4.649.247,14 ; 5.114.171,85 ; 5.579.096,56 ; 6.044.021,28 ; 6.485.461,06 ; 6.967.999,50 ; 6.967.999,50 ; 7.432.532,80 ; 7.596.206,46 ; 7.610.124,21 ; 7.610.124,21 ; 7.610.124,21 ; 14.058.901,55 ; 93.726.010,33 
SE;SIMAO DIAS;2807105; 153.300,20 ; 168.630,22 ; 183.960,24 ; 199.290,26 ; 213.815,10 ; 229.749,01 ; 229.749,01 ; 245.065,61 ; 250.465,42 ; 250.921,59 ; 250.921,59 ; 250.921,59 ; 463.551,15 ; 3.090.340,99 
SE;TOBIAS BARRETO;2807402; 226.175,54 ; 248.793,10 ; 271.410,65 ; 294.028,20 ; 315.459,40 ; 338.966,74 ; 338.966,74 ; 361.564,52 ; 369.516,67 ; 370.202,33 ; 370.202,33 ; 370.202,33 ; 683.909,75 ; 4.559.398,30 
SE;UMBAUBA;2807600; 149.532,38 ; 164.485,62 ; 179.438,86 ; 194.392,09 ; 208.560,70 ; 224.102,43 ; 224.102,43 ; 239.042,59 ; 244.302,42 ; 244.753,67 ; 244.753,67 ; 244.753,67 ; 452.156,57 ; 3.014.377,10 
SP;AGUAS DE LINDOIA;3500501; 82.876,41 ; 91.164,05 ; 99.451,69 ; 107.739,33 ; 108.334,99 ; 122.391,63 ; 122.391,63 ; 130.551,07 ; 133.404,96 ; 133.667,62 ; 133.667,62 ; 133.667,62 ; 246.936,82 ; 1.646.245,44 
SP;ALTAIR;3500907; 13.974,72 ; 15.372,19 ; 16.769,67 ; 18.167,14 ; 19.491,77 ; 20.943,86 ; 20.943,86 ; 22.340,12 ; 22.827,83 ; 22.873,34 ; 22.873,34 ; 22.873,34 ; 42.256,08 ; 281.707,26 
SP;ALTINOPOLIS;3501004; 74.525,79 ; 81.978,37 ; 89.430,94 ; 96.883,52 ; 96.163,78 ; 109.745,61 ; 109.745,61 ; 117.061,98 ; 119.625,41 ; 119.857,11 ; 119.857,11 ; 119.857,11 ; 221.423,36 ; 1.476.155,70 
SP;ALTO ALEGRE;3501103; 12.829,95 ; 14.112,94 ; 15.395,94 ; 16.678,94 ; 17.895,47 ; 19.228,29 ; 19.228,29 ; 20.510,18 ; 20.954,33 ; 20.999,24 ; 20.999,24 ; 20.999,24 ; 38.793,89 ; 258.625,94 
SP;ALVARES MACHADO;3501301; 130.573,80 ; 143.631,18 ; 156.688,56 ; 169.745,94 ; 181.700,39 ; 195.584,99 ; 195.584,99 ; 208.623,99 ; 213.185,46 ; 213.604,43 ; 213.604,43 ; 213.604,43 ; 394.611,64 ; 2.630.744,23 
SP;ALVINLANDIA;3501509; 14.827,23 ; 16.309,95 ; 17.792,68 ; 19.275,40 ; 20.680,66 ; 22.221,46 ; 22.221,46 ; 23.702,89 ; 24.222,18 ; 24.268,89 ; 24.268,89 ; 24.268,89 ; 44.834,21 ; 298.894,79 
SP;AMERICO DE CAMPOS;3501806; 28.665,06 ; 31.531,56 ; 34.398,07 ; 37.264,58 ; 39.982,02 ; 42.960,30 ; 42.960,30 ; 45.824,32 ; 46.821,19 ; 46.917,60 ; 46.917,60 ; 46.917,60 ; 86.675,32 ; 577.835,52 
SP;ANHUMAS;3502408; 17.705,65 ; 19.476,21 ; 21.246,78 ; 23.017,34 ; 24.695,99 ; 26.535,47 ; 26.535,47 ; 28.304,50 ; 28.919,02 ; 28.979,63 ; 28.979,63 ; 28.979,63 ; 53.536,81 ; 356.912,13 
SP;APIAI;3502705; 84.721,12 ; 93.193,23 ; 101.665,34 ; 110.137,46 ; 118.170,06 ; 126.971,82 ; 126.971,82 ; 135.436,61 ; 138.370,32 ; 138.666,17 ; 138.666,17 ; 138.666,17 ; 256.171,11 ; 1.707.807,40 
SP;ARANDU;3503109; 15.256,72 ; 16.782,39 ; 18.308,06 ; 19.833,74 ; 21.273,64 ; 22.863,63 ; 22.863,63 ; 24.387,87 ; 24.977,27 ; 24.977,59 ; 24.977,59 ; 24.977,59 ; 46.143,47 ; 307.623,19 
SP;ARAPEI;3503158; 12.653,12 ; 13.918,44 ; 15.183,75 ; 16.449,06 ; 17.647,94 ; 18.963,06 ; 18.963,06 ; 20.227,27 ; 20.673,39 ; 20.710,67 ; 20.710,67 ; 20.710,67 ; 38.260,78 ; 255.071,88 
SP;AREALVA;3503406; 30.660,32 ; 33.726,35 ; 36.792,38 ; 39.858,41 ; 42.764,81 ; 45.950,55 ; 45.950,55 ; 49.013,92 ; 50.081,86 ; 50.183,52 ; 50.183,52 ; 50.183,52 ; 92.708,77 ; 618.058,48 
SP;AREIAS;3503505; 10.502,14 ; 11.552,35 ; 12.602,57 ; 13.652,78 ; 14.644,00 ; 15.738,44 ; 15.738,44 ; 16.787,67 ; 17.193,36 ; 17.193,62 ; 17.193,62 ; 17.193,62 ; 31.763,40 ; 211.756,01 
SP;AREIOPOLIS;3503604; 60.109,87 ; 66.120,85 ; 72.131,84 ; 78.142,82 ; 83.839,47 ; 90.086,23 ; 90.086,23 ; 96.091,98 ; 98.196,21 ; 98.386,40 ; 98.386,40 ; 98.386,40 ; 181.758,48 ; 1.211.723,18 
SP;ASPASIA;3503950; 1.995,08 ; 2.194,59 ; 2.394,10 ; 2.593,61 ; 2.781,98 ; 2.989,82 ; 2.989,82 ; 3.189,15 ; 3.266,23 ; 3.266,26 ; 3.266,26 ; 3.266,26 ; 6.034,08 ; 40.227,24 
SP;AVANHANDAVA;3504404; 44.372,73 ; 48.810,00 ; 53.247,27 ; 57.684,55 ; 61.890,88 ; 66.501,37 ; 66.501,37 ; 70.934,80 ; 72.477,92 ; 72.627,16 ; 72.627,16 ; 72.627,16 ; 134.171,01 ; 894.473,38 
SP;BARIRI;3505203; 68.835,92 ; 75.719,52 ; 82.603,11 ; 89.486,70 ; 96.037,47 ; 103.170,70 ; 103.170,70 ; 110.048,75 ; 112.210,49 ; 112.643,19 ; 112.643,19 ; 112.643,19 ; 208.096,40 ; 1.387.309,33 
SP;BARRA BONITA;3505302; 98.238,90 ; 108.062,79 ; 117.886,68 ; 127.710,57 ; 137.023,97 ; 147.230,75 ; 147.230,75 ; 157.046,13 ; 160.455,64 ; 160.792,02 ; 160.792,02 ; 160.792,02 ; 297.046,28 ; 1.980.308,52 
SP;BARRA DO TURVO;3505401; 26.602,81 ; 29.263,09 ; 31.923,37 ; 34.583,65 ; 37.104,65 ; 39.869,38 ; 39.869,38 ; 42.527,33 ; 43.460,91 ; 43.543,08 ; 43.543,08 ; 43.543,08 ; 80.441,26 ; 536.275,07 
SP;BARRETOS;3505500; 509.054,45 ; 559.959,90 ; 610.865,34 ; 661.770,79 ; 710.025,19 ; 762.918,93 ; 762.918,93 ; 813.780,20 ; 831.504,51 ; 833.198,23 ; 833.198,23 ; 833.198,23 ; 1.539.245,82 ; 10.261.638,75 
SP;BATATAIS;3505906; 185.109,80 ; 203.620,78 ; 222.131,76 ; 240.642,74 ; 261.847,03 ; 278.338,05 ; 278.338,05 ; 296.893,92 ; 303.392,84 ; 303.982,61 ; 303.982,61 ; 303.982,61 ; 561.575,79 ; 3.743.838,59 
SP;BERNARDINO DE CAMPOS;3506300; 19.703,88 ; 21.674,26 ; 23.644,65 ; 25.615,04 ; 27.474,63 ; 29.528,11 ; 29.528,11 ; 31.496,65 ; 32.257,84 ; 32.258,27 ; 32.258,27 ; 32.258,27 ; 59.593,76 ; 397.291,74 
SP;BRAUNA;3507704; 23.439,51 ; 25.783,46 ; 28.127,41 ; 30.471,36 ; 32.693,43 ; 35.128,78 ; 35.128,78 ; 37.470,69 ; 38.285,71 ; 38.364,66 ; 38.364,66 ; 38.364,66 ; 70.874,66 ; 472.497,77 
SP;BRODOWSKY;3507803; 120.835,54 ; 132.919,09 ; 145.002,65 ; 157.086,20 ; 168.536,05 ; 181.094,90 ; 181.094,90 ; 193.167,89 ; 197.415,09 ; 197.782,52 ; 197.782,52 ; 197.782,52 ; 365.382,34 ; 2.435.882,21 
SP;BURI;3508009; 148.143,50 ; 162.957,85 ; 177.772,20 ; 192.586,55 ; 197.873,22 ; 219.833,34 ; 219.833,34 ; 234.488,90 ; 239.636,71 ; 240.089,60 ; 240.089,60 ; 240.089,60 ; 443.540,19 ; 2.956.934,60 
SP;BURITIZAL;3508207; 11.330,87 ; 12.463,96 ; 13.597,05 ; 14.730,14 ; 15.799,57 ; 16.980,38 ; 16.980,38 ; 18.112,40 ; 18.550,11 ; 18.550,38 ; 18.550,38 ; 18.550,38 ; 34.269,88 ; 228.465,88 
SP;CAIUA;3509106; 12.754,57 ; 14.030,03 ; 15.305,49 ; 16.580,95 ; 17.790,03 ; 19.115,24 ; 19.115,24 ; 20.389,59 ; 20.834,10 ; 20.876,18 ; 20.876,18 ; 20.876,18 ; 38.566,55 ; 257.110,33 
SP;CAJAMAR;3509205; 609.405,45 ; 670.345,99 ; 731.286,54 ; 792.227,08 ; 849.974,37 ; 913.309,87 ; 913.309,87 ; 974.197,20 ; 995.594,67 ; 997.467,03 ; 997.467,03 ; 997.467,03 ; 1.842.715,09 ; 12.284.767,22 
SP;CAPIVARI;3510401; 117.029,25 ; 128.732,17 ; 140.435,10 ; 152.138,02 ; 163.182,57 ; 175.379,29 ; 175.379,29 ; 187.071,24 ; 191.592,17 ; 191.594,83 ; 191.594,83 ; 191.594,83 ; 353.951,23 ; 2.359.674,82 
SP;CARDOSO;3510708; 44.757,76 ; 49.233,54 ; 53.709,31 ; 58.185,09 ; 62.427,55 ; 67.078,34 ; 67.078,34 ; 71.550,23 ; 73.109,87 ; 73.257,69 ; 73.257,69 ; 73.257,69 ; 135.335,85 ; 902.238,95 
SP;CASA BRANCA;3510807; 46.755,13 ; 51.430,64 ; 56.106,15 ; 60.781,66 ; 65.619,52 ; 70.173,30 ; 70.173,30 ; 74.851,52 ; 76.660,47 ; 76.661,51 ; 76.661,51 ; 76.661,51 ; 141.624,04 ; 944.160,26 
SP;CASTILHO;3511003; 41.182,81 ; 45.301,09 ; 49.419,37 ; 53.537,66 ; 57.424,36 ; 61.716,30 ; 61.716,30 ; 65.830,72 ; 67.421,65 ; 67.422,58 ; 67.422,58 ; 67.422,58 ; 124.556,11 ; 830.374,11 
SP;CATANDUVA;3511102; 374.470,48 ; 411.917,52 ; 449.364,57 ; 486.811,62 ; 522.302,75 ; 561.216,75 ; 561.216,75 ; 598.631,20 ; 611.721,97 ; 612.922,48 ; 612.922,48 ; 612.922,48 ; 1.132.309,60 ; 7.548.730,65 
SP;CHARQUEADA;3511706; 87.214,30 ; 95.935,73 ; 104.657,16 ; 113.378,59 ; 121.643,84 ; 130.707,42 ; 130.707,42 ; 139.421,24 ; 142.475,75 ; 142.750,44 ; 142.750,44 ; 142.750,44 ; 263.716,38 ; 1.758.109,15 
SP;COLINA;3512001; 48.420,96 ; 53.263,06 ; 58.105,16 ; 62.947,25 ; 67.516,89 ; 72.563,35 ; 72.563,35 ; 77.400,91 ; 79.271,48 ; 79.272,54 ; 79.272,54 ; 79.272,54 ; 146.447,66 ; 976.317,69 
SP;COLOMBIA;3512100; 54.810,57 ; 60.291,63 ; 65.772,69 ; 71.253,74 ; 76.449,09 ; 82.144,44 ; 82.144,44 ; 87.620,73 ; 89.531,25 ; 89.711,78 ; 89.711,78 ; 89.711,78 ; 165.733,05 ; 1.104.886,97 
SP;CORONEL MACEDO;3512605; 16.447,47 ; 18.092,22 ; 19.736,97 ; 21.381,72 ; 22.940,57 ; 24.649,72 ; 24.649,72 ; 26.293,04 ; 26.868,53 ; 26.920,81 ; 26.920,81 ; 26.920,81 ; 49.733,36 ; 331.555,75 
SP;CRUZALIA;3513306; 4.026,67 ; 4.429,34 ; 4.832,01 ; 5.234,68 ; 5.614,76 ; 6.034,35 ; 6.034,35 ; 6.436,64 ; 6.592,18 ; 6.592,29 ; 6.592,29 ; 6.592,29 ; 12.178,56 ; 81.190,41 
SP;DOBRADA;3514007; 10.612,53 ; 11.673,78 ; 12.735,04 ; 13.796,29 ; 14.797,93 ; 15.903,87 ; 15.903,87 ; 16.964,13 ; 17.374,11 ; 17.374,34 ; 17.374,34 ; 17.374,34 ; 32.097,27 ; 213.981,84 
SP;DRACENA;3514403; 145.773,15 ; 160.350,46 ; 174.927,78 ; 189.505,09 ; 203.322,51 ; 218.469,75 ; 218.469,75 ; 233.034,40 ; 238.116,62 ; 238.595,85 ; 238.595,85 ; 238.595,85 ; 440.780,66 ; 2.938.537,72 
SP;ECHAPORA;3514700; 13.475,95 ; 14.823,54 ; 16.171,14 ; 17.518,73 ; 18.790,59 ; 20.194,97 ; 20.194,97 ; 21.541,30 ; 22.061,90 ; 22.062,19 ; 22.062,19 ; 22.062,19 ; 40.757,58 ; 271.717,24 
SP;ELIAS FAUSTO;3514908; 106.856,71 ; 117.542,38 ; 128.228,05 ; 138.913,72 ; 149.040,05 ; 160.145,23 ; 160.145,23 ; 170.821,58 ; 174.568,16 ; 174.901,14 ; 174.901,14 ; 174.901,14 ; 323.111,39 ; 2.154.075,92 
SP;EMBAUBA;3514957; 8.809,25 ; 9.690,17 ; 10.571,10 ; 11.452,02 ; 12.287,44 ; 13.202,48 ; 13.202,48 ; 14.082,65 ; 14.386,59 ; 14.418,31 ; 14.418,31 ; 14.418,31 ; 26.636,31 ; 177.575,42 
SP;EMILIANOPOLIS;3515129; 17.137,52 ; 18.851,27 ; 20.565,02 ; 22.278,78 ; 23.903,02 ; 25.683,89 ; 25.683,89 ; 27.396,15 ; 27.995,78 ; 28.050,25 ; 28.050,25 ; 28.050,25 ; 51.819,89 ; 345.465,96 
SP;ESPIRITO SANTO DO PINHAL;3515186; 41.377,53 ; 45.515,28 ; 49.653,04 ; 53.790,79 ; 59.088,69 ; 62.356,32 ; 62.356,32 ; 66.513,41 ; 68.120,85 ; 68.121,77 ; 68.121,77 ; 68.121,77 ; 125.847,80 ; 838.985,34 
SP;ESPIRITO SANTO DO TURVO;3515194; 22.544,53 ; 24.798,98 ; 27.053,43 ; 29.307,89 ; 31.445,24 ; 33.787,50 ; 33.787,50 ; 36.040,00 ; 36.822,75 ; 36.899,67 ; 36.899,67 ; 36.899,67 ; 68.168,26 ; 454.455,09 
SP;ESTRELA DO NORTE;3515301; 11.575,99 ; 12.733,59 ; 13.891,19 ; 15.048,79 ; 16.146,28 ; 17.348,94 ; 17.348,94 ; 18.505,54 ; 18.907,61 ; 18.946,98 ; 18.946,98 ; 18.946,98 ; 35.002,55 ; 233.350,36 
SP;EUCLIDES DA CUNHA PAULISTA;3515350; 13.448,05 ; 14.792,86 ; 16.137,66 ; 17.482,47 ; 18.751,67 ; 20.153,17 ; 20.153,17 ; 21.496,72 ; 22.016,25 ; 22.016,53 ; 22.016,53 ; 22.016,53 ; 40.673,22 ; 271.154,83 
SP;FERNANDO PRESTES;3515608; 31.409,25 ; 34.550,18 ; 37.691,10 ; 40.832,03 ; 43.809,23 ; 47.072,93 ; 47.072,93 ; 50.211,12 ; 51.306,94 ; 51.409,54 ; 51.409,54 ; 51.409,54 ; 94.973,70 ; 633.158,03 
SP;FERNAO;3515657; 7.407,45 ; 8.148,20 ; 8.888,95 ; 9.629,69 ; 10.331,96 ; 11.101,54 ; 11.101,54 ; 11.841,64 ; 12.099,52 ; 12.124,20 ; 12.124,20 ; 12.124,20 ; 22.398,19 ; 149.321,28 
SP;FLOREAL;3515905; 3.983,26 ; 4.381,59 ; 4.779,91 ; 5.178,24 ; 5.554,24 ; 5.969,29 ; 5.969,29 ; 6.367,24 ; 6.521,12 ; 6.521,21 ; 6.521,21 ; 6.521,21 ; 12.047,25 ; 80.315,06 
SP;FLORINIA;3516101; 3.060,27 ; 3.366,30 ; 3.672,33 ; 3.978,35 ; 4.267,19 ; 4.586,11 ; 4.586,11 ; 4.891,85 ; 5.010,09 ; 5.010,14 ; 5.010,14 ; 5.010,14 ; 9.255,70 ; 61.704,72 
SP;GARCA;3516705; 133.238,62 ; 146.562,48 ; 159.886,34 ; 173.210,20 ; 187.569,93 ; 200.116,91 ; 200.116,91 ; 213.458,04 ; 218.128,53 ; 218.554,32 ; 218.554,32 ; 218.554,32 ; 403.756,05 ; 2.691.706,97 
SP;GASTAO VIDIGAL;3516804; 3.759,51 ; 4.135,46 ; 4.511,41 ; 4.887,36 ; 5.242,23 ; 5.633,98 ; 5.633,98 ; 6.009,57 ; 6.154,81 ; 6.154,89 ; 6.154,89 ; 6.154,89 ; 11.370,52 ; 75.803,50 
SP;GAVIAO PEIXOTO;3516853; 17.988,67 ; 19.787,54 ; 21.586,40 ; 23.385,27 ; 25.083,03 ; 26.957,71 ; 26.957,71 ; 28.754,89 ; 29.449,79 ; 29.450,22 ; 29.450,22 ; 29.450,22 ; 54.406,17 ; 362.707,84 
SP;GUAIMBE;3517307; 21.750,27 ; 23.925,30 ; 26.100,33 ; 28.275,36 ; 30.336,86 ; 32.597,02 ; 32.597,02 ; 34.770,15 ; 35.530,36 ; 35.600,21 ; 35.600,21 ; 35.600,21 ; 65.767,64 ; 438.450,94 
SP;GUARACAI;3517802; 21.096,78 ; 23.206,46 ; 25.316,14 ; 27.425,82 ; 29.425,65 ; 31.617,70 ; 31.617,70 ; 33.725,55 ; 34.460,52 ; 34.530,34 ; 34.530,34 ; 34.530,34 ; 63.791,17 ; 425.274,51 
SP;GUARACI;3517901; 57.973,52 ; 63.770,87 ; 69.568,22 ; 75.365,58 ; 80.859,45 ; 86.884,42 ; 86.884,42 ; 92.676,71 ; 94.709,19 ; 94.889,99 ; 94.889,99 ; 94.889,99 ; 175.299,24 ; 1.168.661,59 
SP;GUARANTA;3518107; 22.339,63 ; 24.573,59 ; 26.807,56 ; 29.041,52 ; 31.158,71 ; 33.480,24 ; 33.480,24 ; 35.712,25 ; 36.494,62 ; 36.565,01 ; 36.565,01 ; 36.565,01 ; 67.550,01 ; 450.333,40 
SP;GUARARAPES;3518206; 53.156,18 ; 58.471,80 ; 63.787,42 ; 69.103,04 ; 74.119,60 ; 79.659,52 ; 79.659,52 ; 84.970,15 ; 87.023,59 ; 87.024,83 ; 87.024,83 ; 87.024,83 ; 160.769,18 ; 1.071.794,49 
SP;GUARAREMA;3518305; 152.011,34 ; 167.212,48 ; 182.413,61 ; 197.614,74 ; 212.024,10 ; 227.819,07 ; 227.819,07 ; 243.007,01 ; 248.300,82 ; 248.805,67 ; 248.805,67 ; 248.805,67 ; 459.642,23 ; 3.064.281,48 
SP;GUAREI;3518503; 51.655,85 ; 56.821,43 ; 61.987,02 ; 67.152,60 ; 72.704,71 ; 77.580,42 ; 77.580,42 ; 82.752,45 ; 84.559,13 ; 84.727,63 ; 84.727,63 ; 84.727,63 ; 156.525,34 ; 1.043.502,26 
SP;GUARIBA;3518602; 203.342,01 ; 223.676,21 ; 244.010,41 ; 264.344,62 ; 283.616,10 ; 304.747,35 ; 304.747,35 ; 325.063,84 ; 332.177,87 ; 332.824,92 ; 332.824,92 ; 332.824,92 ; 614.858,92 ; 4.099.059,44 
SP;HERCULANDIA;3519006; 16.044,61 ; 17.649,07 ; 19.253,53 ; 20.857,99 ; 22.372,26 ; 24.044,35 ; 24.044,35 ; 25.647,31 ; 26.267,13 ; 26.267,49 ; 26.267,49 ; 26.267,49 ; 48.526,42 ; 323.509,49 
SP;IACANGA;3519105; 57.688,68 ; 63.457,55 ; 69.226,42 ; 74.995,29 ; 80.462,74 ; 86.457,69 ; 86.457,69 ; 92.221,54 ; 94.238,40 ; 94.423,18 ; 94.423,18 ; 94.423,18 ; 174.436,87 ; 1.162.912,41 
SP;IACRI;3519204; 6.084,75 ; 6.693,23 ; 7.301,71 ; 7.910,18 ; 8.484,49 ; 9.118,58 ; 9.118,58 ; 9.726,48 ; 9.961,54 ; 9.961,68 ; 9.961,68 ; 9.961,68 ; 18.403,15 ; 122.687,73 
SP;IBIRAREMA;3519501; 25.205,49 ; 27.726,04 ; 30.246,59 ; 32.767,14 ; 35.156,01 ; 37.775,31 ; 37.775,31 ; 40.293,66 ; 41.175,74 ; 41.255,73 ; 41.255,73 ; 41.255,73 ; 76.215,61 ; 508.104,09 
SP;ICEM;3519808; 33.064,92 ; 36.371,41 ; 39.677,90 ; 42.984,40 ; 46.117,32 ; 49.553,97 ; 49.553,97 ; 52.857,57 ; 54.021,99 ; 54.120,60 ; 54.120,60 ; 54.120,60 ; 99.982,10 ; 666.547,35 
SP;IGARACU DO TIETE;3520004; 75.879,11 ; 83.467,02 ; 91.054,94 ; 98.642,85 ; 105.834,09 ; 113.719,53 ; 113.719,53 ; 121.300,83 ; 123.955,76 ; 124.196,98 ; 124.196,98 ; 124.196,98 ; 229.440,82 ; 1.529.605,42 
SP;IGARATA;3520202; 62.320,44 ; 68.552,49 ; 74.784,53 ; 81.016,57 ; 86.923,32 ; 93.399,35 ; 93.399,35 ; 99.625,97 ; 101.802,32 ; 102.004,06 ; 102.004,06 ; 102.004,06 ; 188.441,74 ; 1.256.278,26 
SP;ILHA COMPRIDA;3520426; 91.987,43 ; 101.186,18 ; 110.384,92 ; 119.583,66 ; 128.301,04 ; 137.860,82 ; 137.860,82 ; 147.051,54 ; 150.275,10 ; 150.563,19 ; 150.563,19 ; 150.563,19 ; 278.149,61 ; 1.854.330,69 
SP;IPORANGA;3521200; 14.811,48 ; 16.292,63 ; 17.773,78 ; 19.254,92 ; 20.658,41 ; 22.197,79 ; 22.197,79 ; 23.677,64 ; 24.198,80 ; 24.243,35 ; 24.243,35 ; 24.243,35 ; 44.787,04 ; 298.580,33 
SP;IPUA;3521309; 70.939,02 ; 78.032,92 ; 85.126,82 ; 92.220,72 ; 98.943,25 ; 106.315,70 ; 106.315,70 ; 113.403,42 ; 115.890,36 ; 116.111,66 ; 116.111,66 ; 116.111,66 ; 214.504,05 ; 1.430.026,94 
SP;IRAPUA;3521507; 14.551,23 ; 16.006,35 ; 17.461,47 ; 18.916,60 ; 20.289,94 ; 21.806,38 ; 21.806,38 ; 23.260,14 ; 23.822,25 ; 23.822,60 ; 23.822,60 ; 23.822,60 ; 44.009,74 ; 293.398,28 
SP;ITABERA;3521705; 19.990,22 ; 21.989,24 ; 23.988,26 ; 25.987,28 ; 27.873,93 ; 29.957,22 ; 29.957,22 ; 31.954,36 ; 32.726,58 ; 32.727,06 ; 32.727,06 ; 32.727,06 ; 60.459,79 ; 403.065,28 
SP;ITAOCA;3522158; 6.353,12 ; 6.988,43 ; 7.623,75 ; 8.259,06 ; 8.858,69 ; 9.520,75 ; 9.520,75 ; 10.155,47 ; 10.400,90 ; 10.401,04 ; 10.401,04 ; 10.401,04 ; 19.214,82 ; 128.098,86 
SP;ITAPIRAPUA PAULISTA;3522653; 9.932,47 ; 10.925,72 ; 11.918,96 ; 12.912,21 ; 13.849,67 ; 14.884,74 ; 14.884,74 ; 15.877,05 ; 16.260,73 ; 16.260,98 ; 16.260,98 ; 16.260,98 ; 30.040,45 ; 200.269,68 
SP;ITAPOLIS;3522703; 62.228,76 ; 68.451,64 ; 74.674,52 ; 80.897,39 ; 86.770,18 ; 93.255,63 ; 93.255,63 ; 99.472,67 ; 101.876,61 ; 101.878,03 ; 101.878,03 ; 101.878,03 ; 188.208,91 ; 1.254.726,03 
SP;ITAPURA;3523008; 16.439,38 ; 18.083,31 ; 19.727,25 ; 21.371,19 ; 22.929,54 ; 24.637,64 ; 24.637,64 ; 26.280,15 ; 26.853,21 ; 26.907,33 ; 26.907,33 ; 26.907,33 ; 49.708,46 ; 331.389,76 
SP;ITAQUAQUECETUBA;3523107; 1.549.249,41 ; 1.704.174,35 ; 1.859.099,29 ; 2.014.024,23 ; 2.115.223,64 ; 2.310.442,74 ; 2.310.442,74 ; 2.464.472,25 ; 2.518.451,63 ; 2.523.318,84 ; 2.523.318,84 ; 2.523.318,84 ; 4.661.565,32 ; 31.077.102,12 
SP;ITU;3523909; 599.991,44 ; 659.990,58 ; 719.989,72 ; 779.988,86 ; 814.454,58 ; 893.603,81 ; 893.603,81 ; 953.177,40 ; 974.053,33 ; 975.937,13 ; 975.937,13 ; 975.937,13 ; 1.802.940,87 ; 12.019.605,79 
SP;ITUVERAVA;3524105; 150.944,54 ; 166.038,99 ; 181.133,44 ; 196.227,90 ; 215.278,77 ; 227.405,93 ; 227.405,93 ; 242.566,32 ; 247.898,72 ; 248.360,91 ; 248.360,91 ; 248.360,91 ; 458.820,58 ; 3.058.803,85 
SP;JABORANDI;3524204; 33.431,42 ; 36.774,56 ; 40.117,70 ; 43.460,84 ; 46.628,91 ; 50.103,34 ; 50.103,34 ; 53.443,56 ; 54.617,22 ; 54.720,10 ; 54.720,10 ; 54.720,10 ; 101.089,62 ; 673.930,81 
SP;JACI;3524501; 33.593,28 ; 36.952,61 ; 40.311,94 ; 43.671,27 ; 46.855,18 ; 50.346,05 ; 50.346,05 ; 53.702,45 ; 54.877,34 ; 54.984,58 ; 54.984,58 ; 54.984,58 ; 101.578,22 ; 677.188,13 
SP;JERIQUARA;3525409; 12.956,95 ; 14.252,65 ; 15.548,34 ; 16.844,04 ; 18.066,92 ; 19.417,21 ; 19.417,21 ; 20.711,69 ; 21.212,23 ; 21.212,52 ; 21.212,52 ; 21.212,52 ; 39.187,90 ; 261.252,70 
SP;JULIO MESQUITA;3525805; 21.050,87 ; 23.155,95 ; 25.261,04 ; 27.366,13 ; 29.361,37 ; 31.548,83 ; 31.548,83 ; 33.652,08 ; 34.387,53 ; 34.455,41 ; 34.455,41 ; 34.455,41 ; 63.652,73 ; 424.351,59 
SP;JUNDIAI;3525904; 609.411,45 ; 670.352,60 ; 731.293,74 ; 792.234,89 ; 849.747,90 ; 913.260,16 ; 913.260,16 ; 974.144,17 ; 997.686,28 ; 997.700,04 ; 997.700,04 ; 997.700,04 ; 1.843.145,56 ; 12.287.637,03 
SP;JUNQUEIROPOLIS;3526001; 77.875,14 ; 85.662,65 ; 93.450,16 ; 101.237,68 ; 108.620,65 ; 116.711,58 ; 116.711,58 ; 124.492,36 ; 127.194,05 ; 127.461,62 ; 127.461,62 ; 127.461,62 ; 235.471,90 ; 1.569.812,61 
SP;LUCELIA;3527405; 78.840,86 ; 86.724,94 ; 94.609,03 ; 102.493,11 ; 109.965,85 ; 118.158,46 ; 118.158,46 ; 126.035,69 ; 128.787,26 ; 129.043,97 ; 129.043,97 ; 129.043,97 ; 238.395,11 ; 1.589.300,68 
SP;LUPERCIO;3527801; 8.339,69 ; 9.173,66 ; 10.007,63 ; 10.841,60 ; 11.628,77 ; 12.497,81 ; 12.497,81 ; 13.331,00 ; 13.653,16 ; 13.653,36 ; 13.653,36 ; 13.653,36 ; 25.223,15 ; 168.154,36 
SP;LUTECIA;3527900; 12.116,35 ; 13.327,98 ; 14.539,62 ; 15.751,25 ; 16.899,83 ; 18.158,75 ; 18.158,75 ; 19.369,33 ; 19.791,35 ; 19.831,53 ; 19.831,53 ; 19.831,53 ; 36.636,67 ; 244.244,47 
SP;MACEDONIA;3528205; 13.912,07 ; 15.303,28 ; 16.694,49 ; 18.085,70 ; 19.404,58 ; 20.850,02 ; 20.850,02 ; 22.240,02 ; 22.723,75 ; 22.770,61 ; 22.770,61 ; 22.770,61 ; 42.066,30 ; 280.442,06 
SP;MARABA PAULISTA;3528700; 6.156,34 ; 6.771,97 ; 7.387,61 ; 8.003,24 ; 8.584,33 ; 9.225,85 ; 9.225,85 ; 9.840,91 ; 10.078,75 ; 10.078,87 ; 10.078,87 ; 10.078,87 ; 18.619,66 ; 124.131,12 
SP;MARACAI;3528809; 45.266,64 ; 49.793,30 ; 54.319,96 ; 58.846,62 ; 63.136,60 ; 67.840,80 ; 67.840,80 ; 72.363,52 ; 73.947,60 ; 74.091,29 ; 74.091,29 ; 74.091,29 ; 136.875,84 ; 912.505,55 
SP;MARIAPOLIS;3528908; 11.933,60 ; 13.126,96 ; 14.320,32 ; 15.513,68 ; 16.644,77 ; 17.884,82 ; 17.884,82 ; 19.077,14 ; 19.494,34 ; 19.532,57 ; 19.532,57 ; 19.532,57 ; 36.084,37 ; 240.562,53 
SP;MARINOPOLIS;3529104; 3.471,89 ; 3.819,08 ; 4.166,27 ; 4.513,45 ; 4.841,19 ; 5.202,95 ; 5.202,95 ; 5.549,81 ; 5.683,93 ; 5.684,01 ; 5.684,01 ; 5.684,01 ; 10.500,62 ; 70.004,17 
SP;MENDONCA;3529500; 30.728,60 ; 33.801,46 ; 36.874,32 ; 39.947,18 ; 42.860,42 ; 46.052,99 ; 46.052,99 ; 49.123,19 ; 50.189,73 ; 50.294,89 ; 50.294,89 ; 50.294,89 ; 92.914,50 ; 619.430,05 
SP;MIGUELOPOLIS;3529708; 46.872,62 ; 51.559,89 ; 56.247,15 ; 60.934,41 ; 65.357,96 ; 70.243,02 ; 70.243,02 ; 74.925,88 ; 76.736,61 ; 76.737,67 ; 76.737,67 ; 76.737,67 ; 141.764,75 ; 945.098,32 
SP;MINEIROS DO TIETE;3529807; 19.451,11 ; 21.396,22 ; 23.341,33 ; 25.286,44 ; 27.122,17 ; 29.149,31 ; 29.149,31 ; 31.092,60 ; 31.844,02 ; 31.844,45 ; 31.844,45 ; 31.844,45 ; 58.829,26 ; 392.195,12 
SP;MIRASSOL;3530300; 194.972,56 ; 214.469,81 ; 233.967,07 ; 253.464,33 ; 272.167,71 ; 292.260,39 ; 292.260,39 ; 311.744,42 ; 318.543,63 ; 319.184,36 ; 319.184,36 ; 319.184,36 ; 589.659,43 ; 3.931.062,82 
SP;MIRASSOLANDIA;3530409; 21.381,18 ; 23.519,30 ; 25.657,42 ; 27.795,54 ; 29.822,56 ; 32.043,98 ; 32.043,98 ; 34.180,24 ; 34.923,22 ; 34.995,64 ; 34.995,64 ; 34.995,64 ; 64.650,76 ; 431.005,10 
SP;MONCOES;3531001; 3.489,78 ; 3.838,76 ; 4.187,74 ; 4.536,72 ; 4.866,15 ; 5.229,77 ; 5.229,77 ; 5.578,42 ; 5.713,23 ; 5.713,31 ; 5.713,31 ; 5.713,31 ; 10.554,75 ; 70.365,02 
SP;MONTE ALTO;3531308; 159.669,89 ; 175.636,88 ; 191.603,86 ; 207.570,85 ; 223.330,16 ; 239.452,93 ; 239.452,93 ; 255.416,46 ; 261.020,11 ; 261.516,52 ; 261.516,52 ; 261.516,52 ; 483.124,17 ; 3.220.827,80 
SP;MONTE APRAZIVEL;3531407; 91.128,52 ; 100.241,37 ; 109.354,22 ; 118.467,07 ; 127.311,13 ; 136.625,59 ; 136.625,59 ; 145.733,96 ; 148.929,73 ; 149.214,30 ; 149.214,30 ; 149.214,30 ; 275.657,67 ; 1.837.717,75 
SP;MONTE CASTELO;3531605; 7.659,63 ; 8.425,60 ; 9.191,56 ; 9.957,52 ; 10.680,45 ; 11.478,68 ; 11.478,68 ; 12.243,93 ; 12.539,82 ; 12.540,00 ; 12.540,00 ; 12.540,00 ; 23.166,33 ; 154.442,20 
SP;NHANDEARA;3532603; 12.185,34 ; 13.403,88 ; 14.622,41 ; 15.840,94 ; 17.416,88 ; 18.367,36 ; 18.367,36 ; 19.591,85 ; 20.065,33 ; 20.065,60 ; 20.065,60 ; 20.065,60 ; 37.069,08 ; 247.127,23 
SP;NIPOA;3532702; 11.927,31 ; 13.120,04 ; 14.312,77 ; 15.505,50 ; 16.631,22 ; 17.874,19 ; 17.874,19 ; 19.065,80 ; 19.526,55 ; 19.526,84 ; 19.526,84 ; 19.526,84 ; 36.073,77 ; 240.491,86 
SP;NOVA CAMPINA;3532827; 54.680,28 ; 60.148,31 ; 65.616,34 ; 71.084,37 ; 76.265,59 ; 81.948,74 ; 81.948,74 ; 87.411,99 ; 89.333,86 ; 89.500,19 ; 89.500,19 ; 89.500,19 ; 165.342,15 ; 1.102.280,94 
SP;NOVA CANAA PAULISTA;3532843; 6.844,61 ; 7.529,07 ; 8.213,53 ; 8.897,99 ; 9.547,08 ; 10.258,04 ; 10.258,04 ; 10.941,91 ; 11.178,55 ; 11.202,79 ; 11.202,79 ; 11.202,79 ; 20.695,97 ; 137.973,16 
SP;NOVA CASTILHO;3532868; 2.362,31 ; 2.598,54 ; 2.834,78 ; 3.071,01 ; 3.294,02 ; 3.540,15 ; 3.540,15 ; 3.776,16 ; 3.867,42 ; 3.867,47 ; 3.867,47 ; 3.867,47 ; 7.144,75 ; 47.631,70 
SP;NOVA LUZITANIA;3533304; 5.112,17 ; 5.623,39 ; 6.134,60 ; 6.645,82 ; 7.128,35 ; 7.661,07 ; 7.661,07 ; 8.171,80 ; 8.369,27 ; 8.369,41 ; 8.369,41 ; 8.369,41 ; 15.461,60 ; 103.077,37 
SP;OCAUCU;3533700; 20.550,39 ; 22.605,42 ; 24.660,46 ; 26.715,50 ; 28.663,81 ; 30.798,87 ; 30.798,87 ; 32.852,13 ; 33.565,90 ; 33.635,80 ; 33.635,80 ; 33.635,80 ; 62.138,60 ; 414.257,35 
SP;OLEO;3533809; 9.410,08 ; 10.351,09 ; 11.292,09 ; 12.233,10 ; 13.124,97 ; 14.102,82 ; 14.102,82 ; 15.043,01 ; 15.372,43 ; 15.402,19 ; 15.402,19 ; 15.402,19 ; 28.453,93 ; 189.692,91 
SP;ONDA VERDE;3534005; 10.386,27 ; 11.424,90 ; 12.463,53 ; 13.502,16 ; 14.482,41 ; 15.564,81 ; 15.564,81 ; 16.602,46 ; 17.003,68 ; 17.003,93 ; 17.003,93 ; 17.003,93 ; 31.412,96 ; 209.419,78 
SP;ORIENTE;3534104; 9.842,99 ; 10.827,29 ; 11.811,59 ; 12.795,89 ; 13.724,86 ; 14.750,64 ; 14.750,64 ; 15.734,02 ; 16.114,28 ; 16.114,48 ; 16.114,48 ; 16.114,48 ; 29.769,81 ; 198.465,45 
SP;ORINDIUVA;3534203; 18.869,30 ; 20.756,23 ; 22.643,16 ; 24.530,09 ; 26.310,96 ; 28.277,42 ; 28.277,42 ; 30.162,58 ; 30.891,50 ; 30.891,95 ; 30.891,95 ; 30.891,95 ; 57.069,62 ; 380.464,13 
SP;OURO VERDE;3534807; 49.018,30 ; 53.920,13 ; 58.821,96 ; 63.723,79 ; 68.369,22 ; 73.463,37 ; 73.463,37 ; 78.360,92 ; 80.077,20 ; 80.232,02 ; 80.232,02 ; 80.232,02 ; 148.220,18 ; 988.134,50 
SP;PALESTINA;3535002; 30.367,08 ; 33.403,79 ; 36.440,50 ; 39.477,21 ; 42.343,17 ; 45.507,92 ; 45.507,92 ; 48.541,78 ; 49.714,88 ; 49.715,58 ; 49.715,58 ; 49.715,58 ; 91.844,28 ; 612.295,27 
SP;PALMARES PAULISTA;3535101; 41.095,42 ; 45.204,97 ; 49.314,51 ; 53.424,05 ; 57.319,95 ; 61.589,71 ; 61.589,71 ; 65.695,69 ; 67.123,89 ; 67.262,93 ; 67.262,93 ; 67.262,93 ; 124.261,17 ; 828.407,86 
SP;PALMEIRA DOESTE;3535200; 23.945,12 ; 26.339,63 ; 28.734,14 ; 31.128,66 ; 33.398,56 ; 35.886,52 ; 35.886,52 ; 38.278,96 ; 39.112,22 ; 39.192,29 ; 39.192,29 ; 39.192,29 ; 72.403,62 ; 482.690,82 
SP;PALMITAL;3535309; 67.241,27 ; 73.965,39 ; 80.689,52 ; 87.413,65 ; 94.219,72 ; 100.882,40 ; 100.882,40 ; 107.607,89 ; 109.961,05 ; 110.176,84 ; 110.176,84 ; 110.176,84 ; 203.540,09 ; 1.356.933,90 
SP;PARANAPANEMA;3535804; 59.021,29 ; 64.923,42 ; 70.825,55 ; 76.727,68 ; 82.297,73 ; 88.448,94 ; 88.448,94 ; 94.345,53 ; 96.625,57 ; 96.626,91 ; 96.626,91 ; 96.626,91 ; 178.508,01 ; 1.190.053,39 
SP;PARIQUERA-ACU;3536208; 31.225,28 ; 34.347,81 ; 37.470,34 ; 40.592,87 ; 38.509,93 ; 45.536,54 ; 45.536,54 ; 48.572,31 ; 49.746,16 ; 49.746,84 ; 49.746,84 ; 49.746,84 ; 91.902,05 ; 612.680,35 
SP;PARISI;3536257; 13.774,37 ; 15.151,80 ; 16.529,24 ; 17.906,68 ; 19.212,93 ; 20.643,73 ; 20.643,73 ; 22.019,98 ; 22.495,40 ; 22.544,86 ; 22.544,86 ; 22.544,86 ; 41.649,25 ; 277.661,69 
SP;PAULICEIA;3536406; 39.886,59 ; 43.875,25 ; 47.863,91 ; 51.852,57 ; 55.633,96 ; 59.778,05 ; 59.778,05 ; 63.763,25 ; 65.148,86 ; 65.284,32 ; 65.284,32 ; 65.284,32 ; 120.605,90 ; 804.039,35 
SP;PEDREGULHO;3537008; 64.231,04 ; 70.654,14 ; 77.077,25 ; 83.500,35 ; 89.588,18 ; 96.262,75 ; 96.262,75 ; 102.680,27 ; 104.923,34 ; 105.131,27 ; 105.131,27 ; 105.131,27 ; 194.218,93 ; 1.294.792,81 
SP;PEDRINHAS PAULISTA;3537156; 11.806,44 ; 12.987,08 ; 14.167,73 ; 15.348,37 ; 16.467,54 ; 17.694,27 ; 17.694,27 ; 18.873,89 ; 19.285,52 ; 19.324,33 ; 19.324,33 ; 19.324,33 ; 35.699,66 ; 237.997,76 
SP;PENAPOLIS;3537305; 211.096,25 ; 232.205,87 ; 253.315,50 ; 274.425,12 ; 344.544,23 ; 328.896,76 ; 328.896,76 ; 350.823,21 ; 358.441,83 ; 359.191,38 ; 359.191,38 ; 359.191,38 ; 663.568,18 ; 4.423.787,85 
SP;PEREIRA BARRETO;3537404; 42.539,18 ; 46.793,10 ; 51.047,02 ; 55.300,94 ; 59.315,62 ; 63.748,95 ; 63.748,95 ; 67.998,88 ; 69.642,21 ; 69.643,17 ; 69.643,17 ; 69.643,17 ; 128.658,41 ; 857.722,77 
SP;PIQUETE;3538501; 33.682,39 ; 37.050,63 ; 40.418,87 ; 43.787,11 ; 46.979,50 ; 50.479,62 ; 50.479,62 ; 53.844,93 ; 55.022,26 ; 55.130,36 ; 55.130,36 ; 55.130,36 ; 101.847,52 ; 678.983,53 
SP;PIRAJUI;3538907; 31.375,38 ; 34.512,92 ; 37.650,46 ; 40.788,00 ; 43.429,61 ; 46.939,08 ; 46.939,08 ; 50.068,36 ; 51.278,38 ; 51.279,06 ; 51.279,06 ; 51.279,06 ; 94.732,66 ; 631.551,11 
SP;PIRANGI;3539004; 16.494,18 ; 18.143,59 ; 19.793,01 ; 21.442,43 ; 22.999,15 ; 24.718,07 ; 24.718,07 ; 26.365,94 ; 27.003,13 ; 27.003,50 ; 27.003,50 ; 27.003,50 ; 49.886,12 ; 332.574,19 
SP;PIRAPORA DO BOM JESUS;3539103; 121.036,28 ; 133.139,91 ; 145.243,54 ; 157.347,17 ; 168.814,68 ; 181.395,40 ; 181.395,40 ; 193.488,43 ; 197.755,32 ; 198.112,41 ; 198.112,41 ; 198.112,41 ; 365.991,77 ; 2.439.945,13 
SP;PIRAPOZINHO;3539202; 43.560,87 ; 47.916,97 ; 52.273,05 ; 56.629,13 ; 62.126,29 ; 65.626,58 ; 65.626,58 ; 70.001,68 ; 71.693,41 ; 71.694,40 ; 71.694,40 ; 71.694,40 ; 132.447,84 ; 882.985,60 
SP;PITANGUEIRAS;3539509; 69.540,37 ; 76.494,41 ; 83.448,45 ; 90.402,48 ; 96.965,26 ; 104.212,76 ; 104.212,76 ; 111.160,28 ; 113.846,71 ; 113.848,25 ; 113.848,25 ; 113.848,25 ; 210.322,63 ; 1.402.150,86 
SP;PLATINA;3539707; 14.042,19 ; 15.446,41 ; 16.850,63 ; 18.254,85 ; 19.585,95 ; 21.044,98 ; 21.044,98 ; 22.447,98 ; 22.937,58 ; 22.983,72 ; 22.983,72 ; 22.983,72 ; 42.460,00 ; 283.066,71 
SP;PONTES GESTAL;3540309; 10.962,72 ; 12.058,99 ; 13.155,26 ; 14.251,54 ; 15.290,84 ; 16.429,82 ; 16.429,82 ; 17.525,15 ; 17.906,27 ; 17.943,25 ; 17.943,25 ; 17.943,25 ; 33.148,26 ; 220.988,42 
SP;PRADOPOLIS;3540903; 45.733,54 ; 50.306,89 ; 54.880,24 ; 59.453,60 ; 63.769,61 ; 68.535,99 ; 68.535,99 ; 73.105,06 ; 74.871,78 ; 74.872,82 ; 74.872,82 ; 74.872,82 ; 138.319,62 ; 922.130,78 
SP;PRESIDENTE EPITACIO;3541307; 106.271,84 ; 116.899,03 ; 127.526,21 ; 138.153,40 ; 148.227,44 ; 159.269,49 ; 159.269,49 ; 169.887,45 ; 173.584,62 ; 173.940,83 ; 173.940,83 ; 173.940,83 ; 321.337,32 ; 2.142.248,78 
SP;RIBEIRA;3542800; 6.639,54 ; 7.303,50 ; 7.967,45 ; 8.631,40 ; 9.258,06 ; 9.949,98 ; 9.949,98 ; 10.613,31 ; 10.869,81 ; 10.869,95 ; 10.869,95 ; 10.869,95 ; 20.081,09 ; 133.873,97 
SP;RIBEIRAO BRANCO;3543006; 44.385,77 ; 48.824,35 ; 53.262,92 ; 57.701,50 ; 61.890,31 ; 66.516,23 ; 66.516,23 ; 70.950,65 ; 72.665,32 ; 72.666,31 ; 72.666,31 ; 72.666,31 ; 134.243,34 ; 894.955,55 
SP;RIBEIRAO CORRENTE;3543105; 33.881,78 ; 37.269,96 ; 40.658,14 ; 44.046,32 ; 47.257,54 ; 50.778,41 ; 50.778,41 ; 54.163,64 ; 55.348,82 ; 55.456,80 ; 55.456,80 ; 55.456,80 ; 102.450,60 ; 683.004,02 
SP;RIBEIRAO DOS INDIOS;3543238; 2.666,55 ; 2.933,21 ; 3.199,86 ; 3.466,52 ; 3.718,26 ; 3.996,08 ; 3.996,08 ; 4.262,48 ; 4.365,47 ; 4.365,56 ; 4.365,56 ; 4.365,56 ; 8.064,91 ; 53.766,10 
SP;RIFAINA;3543600; 8.506,62 ; 9.357,29 ; 10.207,95 ; 11.058,61 ; 11.861,49 ; 12.747,98 ; 12.747,98 ; 13.597,84 ; 13.926,47 ; 13.926,65 ; 13.926,65 ; 13.926,65 ; 25.728,02 ; 171.520,20 
SP;RINCAO;3543709; 36.169,71 ; 39.786,69 ; 43.403,66 ; 47.020,63 ; 42.479,89 ; 52.215,13 ; 52.215,13 ; 55.696,13 ; 56.916,77 ; 57.026,15 ; 57.026,15 ; 57.026,15 ; 105.349,79 ; 702.331,98 
SP;RIVERSUL;3543501; 12.124,58 ; 13.337,03 ; 14.549,49 ; 15.761,95 ; 15.409,92 ; 17.795,73 ; 17.795,73 ; 18.982,12 ; 19.440,88 ; 19.441,12 ; 19.441,12 ; 19.441,12 ; 35.915,43 ; 239.436,22 
SP;ROSANA;3544251; 24.848,16 ; 27.332,97 ; 29.817,79 ; 32.302,61 ; 31.129,21 ; 36.357,67 ; 36.357,67 ; 38.781,52 ; 39.718,75 ; 39.719,30 ; 39.719,30 ; 39.719,30 ; 73.377,21 ; 489.181,46 
SP;RUBIACEA;3544400; 13.055,97 ; 14.361,57 ; 15.667,17 ; 16.972,76 ; 18.210,28 ; 19.566,93 ; 19.566,93 ; 20.871,39 ; 21.327,30 ; 21.369,59 ; 21.369,59 ; 21.369,59 ; 39.478,06 ; 263.187,13 
SP;RUBINEIA;3544509; 16.339,41 ; 17.973,35 ; 19.607,29 ; 21.241,24 ; 22.790,13 ; 24.487,84 ; 24.487,84 ; 26.120,37 ; 26.689,41 ; 26.743,66 ; 26.743,66 ; 26.743,66 ; 49.406,09 ; 329.373,95 
SP;SABINO;3544608; 16.336,73 ; 17.970,40 ; 19.604,08 ; 21.237,75 ; 22.786,06 ; 24.483,75 ; 24.483,75 ; 26.116,00 ; 26.687,77 ; 26.739,56 ; 26.739,56 ; 26.739,56 ; 49.398,52 ; 329.323,49 
SP;SAGRES;3544707; 10.213,01 ; 11.234,31 ; 12.255,61 ; 13.276,91 ; 14.245,01 ; 15.306,19 ; 15.306,19 ; 16.326,61 ; 16.683,08 ; 16.716,31 ; 16.716,31 ; 16.716,31 ; 30.881,61 ; 205.877,46 
SP;SALES;3544806; 24.278,29 ; 26.706,12 ; 29.133,95 ; 31.561,78 ; 33.863,00 ; 36.385,77 ; 36.385,77 ; 38.811,49 ; 39.658,90 ; 39.737,87 ; 39.737,87 ; 39.737,87 ; 73.411,53 ; 489.410,21 
SP;SALES OLIVEIRA;3544905; 18.021,62 ; 19.823,78 ; 21.625,94 ; 23.428,11 ; 25.128,95 ; 27.007,09 ; 27.007,09 ; 28.807,56 ; 29.503,76 ; 29.504,16 ; 29.504,16 ; 29.504,16 ; 54.505,82 ; 363.372,20 
SP;SALESOPOLIS;3545001; 65.527,45 ; 72.080,19 ; 78.632,94 ; 85.185,68 ; 91.396,74 ; 98.205,77 ; 98.205,77 ; 104.752,82 ; 107.037,62 ; 107.252,82 ; 107.252,82 ; 107.252,82 ; 198.138,26 ; 1.320.921,70 
SP;SALTINHO;3545159; 36.151,55 ; 39.766,71 ; 43.381,86 ; 46.997,02 ; 50.424,09 ; 54.180,30 ; 54.180,30 ; 57.792,32 ; 59.049,91 ; 59.171,18 ; 59.171,18 ; 59.171,18 ; 109.312,51 ; 728.750,11 
SP;SANTA CRUZ DA ESPERANCA;3546256; 13.798,27 ; 15.178,10 ; 16.557,93 ; 17.937,76 ; 19.245,54 ; 20.679,39 ; 20.679,39 ; 22.058,02 ; 22.540,61 ; 22.584,64 ; 22.584,64 ; 22.584,64 ; 41.722,75 ; 278.151,68 
SP;SANTA LUCIA;3546900; 13.521,57 ; 14.873,72 ; 16.225,88 ; 17.578,04 ; 18.854,18 ; 20.263,34 ; 20.263,34 ; 21.614,23 ; 22.136,59 ; 22.136,88 ; 22.136,88 ; 22.136,88 ; 40.895,56 ; 272.637,09 
SP;SANTA MERCEDES;3547106; 13.593,08 ; 14.952,39 ; 16.311,70 ; 17.671,01 ; 18.959,64 ; 20.371,94 ; 20.371,94 ; 21.730,07 ; 22.203,01 ; 22.248,54 ; 22.248,54 ; 22.248,54 ; 41.101,83 ; 274.012,23 
SP;SANTA RITA DO PASSA QUATRO;3547502; 68.442,90 ; 75.287,19 ; 82.131,48 ; 88.975,77 ; 95.462,32 ; 102.574,92 ; 102.574,92 ; 109.413,25 ; 111.807,88 ; 112.025,57 ; 112.025,57 ; 112.025,57 ; 206.955,42 ; 1.379.702,76 
SP;SANTA SALETE;3547650; 1.861,21 ; 2.047,34 ; 2.233,46 ; 2.419,58 ; 2.595,29 ; 2.789,21 ; 2.789,21 ; 2.975,16 ; 3.047,04 ; 3.047,10 ; 3.047,10 ; 3.047,10 ; 5.629,20 ; 37.528,00 
SP;SANTANA DE PARNAIBA;3547304; 936.066,61 ; 1.029.673,27 ; 1.123.279,93 ; 1.216.886,59 ; 1.305.592,18 ; 1.402.874,67 ; 1.402.874,67 ; 1.496.399,65 ; 1.529.231,65 ; 1.532.138,17 ; 1.532.138,17 ; 1.532.138,17 ; 2.830.463,61 ; 18.869.757,34 
SP;SANTO EXPEDITO;3548302; 12.241,76 ; 13.465,94 ; 14.690,12 ; 15.914,29 ; 17.074,46 ; 18.346,64 ; 18.346,64 ; 19.569,75 ; 19.998,63 ; 20.037,06 ; 20.037,06 ; 20.037,06 ; 37.016,36 ; 246.775,77 
SP;SANTOS;3548500; 1.067.636,05 ; 1.174.399,65 ; 1.281.163,25 ; 1.387.926,86 ; 1.656.209,59 ; 1.641.833,87 ; 1.641.833,87 ; 1.751.289,46 ; 1.789.730,95 ; 1.793.117,79 ; 1.793.117,79 ; 1.793.117,79 ; 3.312.595,93 ; 22.083.972,85 
SP;SAO BENTO DO SAPUCAI;3548609; 32.645,09 ; 35.909,60 ; 39.174,11 ; 42.438,62 ; 45.533,38 ; 48.925,19 ; 48.925,19 ; 52.186,87 ; 53.321,56 ; 53.431,86 ; 53.431,86 ; 53.431,86 ; 98.709,73 ; 658.064,92 
SP;SAO JOAO DE IRACEMA;3549250; 3.857,62 ; 4.243,38 ; 4.629,14 ; 5.014,90 ; 5.379,07 ; 5.781,00 ; 5.781,00 ; 6.166,40 ; 6.315,42 ; 6.315,51 ; 6.315,51 ; 6.315,51 ; 11.667,25 ; 77.781,71 
SP;SAO JOAQUIM DA BARRA;3549409; 115.891,58 ; 127.480,74 ; 139.069,90 ; 150.659,06 ; 162.071,05 ; 173.793,10 ; 173.793,10 ; 185.379,30 ; 189.439,07 ; 189.805,71 ; 189.805,71 ; 189.805,71 ; 350.646,01 ; 2.337.640,04 
SP;SAO JOSE DA BELA VISTA;3549508; 13.204,11 ; 14.524,52 ; 15.844,93 ; 17.165,34 ; 18.411,54 ; 19.787,59 ; 19.787,59 ; 21.106,76 ; 21.616,83 ; 21.617,15 ; 21.617,15 ; 21.617,15 ; 39.935,41 ; 266.236,07 
SP;SAO JOSE DO RIO PARDO;3549706; 126.343,54 ; 138.977,89 ; 151.612,24 ; 164.246,60 ; 186.720,71 ; 191.975,26 ; 191.975,26 ; 204.773,61 ; 209.275,23 ; 209.665,39 ; 209.665,39 ; 209.665,39 ; 387.334,69 ; 2.582.231,20 
SP;SAO LUIS DO PARAITINGA;3550001; 53.837,67 ; 59.221,44 ; 64.605,20 ; 69.988,97 ; 75.090,99 ; 80.686,08 ; 80.686,08 ; 86.065,16 ; 87.951,66 ; 88.120,41 ; 88.120,41 ; 88.120,41 ; 162.793,15 ; 1.085.287,63 
SP;SAO MIGUEL ARCANJO;3550209; 59.687,82 ; 65.656,60 ; 71.625,39 ; 77.594,17 ; 83.227,11 ; 89.447,79 ; 89.447,79 ; 95.410,98 ; 97.716,78 ; 97.718,12 ; 97.718,12 ; 97.718,12 ; 180.523,91 ; 1.203.492,70 
SP;SAO SEBASTIAO DA GRAMA;3550803; 21.598,02 ; 23.757,82 ; 25.917,62 ; 28.077,43 ; 27.358,93 ; 31.677,44 ; 31.677,44 ; 33.789,27 ; 34.605,86 ; 34.606,33 ; 34.606,33 ; 34.606,33 ; 63.931,55 ; 426.210,37 
SP;SAO SIMAO;3550902; 28.370,89 ; 31.207,98 ; 34.045,07 ; 36.882,16 ; 39.571,60 ; 42.519,41 ; 42.519,41 ; 45.354,04 ; 46.341,71 ; 46.436,23 ; 46.436,23 ; 46.436,23 ; 85.786,05 ; 571.907,01 
SP;SEBASTIANOPOLIS DO SUL;3551306; 6.831,07 ; 7.514,17 ; 8.197,28 ; 8.880,39 ; 9.525,15 ; 10.236,99 ; 10.236,99 ; 10.919,46 ; 11.183,32 ; 11.183,51 ; 11.183,51 ; 11.183,51 ; 20.660,35 ; 137.735,70 
SP;SERRA NEGRA;3551603; 28.292,24 ; 31.121,47 ; 33.950,69 ; 36.779,92 ; 39.450,06 ; 42.398,58 ; 42.398,58 ; 45.225,15 ; 46.318,09 ; 46.318,75 ; 46.318,75 ; 46.318,75 ; 85.569,00 ; 570.460,03 
SP;SEVERINIA;3551900; 40.329,76 ; 44.362,74 ; 48.395,71 ; 52.428,69 ; 56.234,89 ; 60.437,93 ; 60.437,93 ; 64.467,12 ; 66.025,07 ; 66.026,01 ; 66.026,01 ; 66.026,01 ; 121.976,09 ; 813.173,96 
SP;SUZANAPOLIS;3552551; 15.565,55 ; 17.122,11 ; 18.678,67 ; 20.235,22 ; 21.711,05 ; 23.328,13 ; 23.328,13 ; 24.883,34 ; 25.423,02 ; 25.476,79 ; 25.476,79 ; 25.476,79 ; 47.065,69 ; 313.771,28 
SP;TABAPUA;3552601; 24.946,37 ; 27.441,00 ; 29.935,64 ; 32.430,28 ; 34.784,64 ; 37.384,47 ; 37.384,47 ; 39.876,77 ; 40.840,48 ; 40.841,03 ; 40.841,03 ; 40.841,03 ; 75.449,50 ; 502.996,71 
SP;TACIBA;3552908; 30.824,46 ; 33.906,90 ; 36.989,35 ; 40.071,79 ; 42.993,83 ; 46.196,58 ; 46.196,58 ; 49.276,35 ; 50.348,87 ; 50.452,06 ; 50.452,06 ; 50.452,06 ; 93.204,86 ; 621.365,75 
SP;TAMBAU;3553302; 70.733,00 ; 77.806,30 ; 84.879,60 ; 91.952,90 ; 98.655,85 ; 106.006,92 ; 106.006,92 ; 113.074,05 ; 115.554,55 ; 115.774,55 ; 115.774,55 ; 115.774,55 ; 213.881,26 ; 1.425.875,00 
SP;TAQUARAL;3553658; 4.134,05 ; 4.547,46 ; 4.960,86 ; 5.374,27 ; 5.764,50 ; 6.195,27 ; 6.195,27 ; 6.608,28 ; 6.767,97 ; 6.768,08 ; 6.768,08 ; 6.768,08 ; 12.503,32 ; 83.355,49 
SP;TAQUARITINGA;3553708; 162.342,51 ; 178.576,76 ; 194.811,01 ; 211.045,26 ; 205.568,50 ; 238.086,03 ; 238.086,03 ; 253.958,43 ; 259.505,22 ; 260.020,34 ; 260.020,34 ; 260.020,34 ; 480.360,14 ; 3.202.400,91 
SP;TAQUARITUBA;3553807; 47.340,80 ; 52.074,88 ; 56.808,96 ; 61.543,04 ; 66.117,94 ; 70.971,42 ; 70.971,42 ; 75.702,84 ; 77.532,34 ; 77.533,42 ; 77.533,42 ; 77.533,42 ; 143.234,81 ; 954.898,71 
SP;TAQUARIVAI;3553856; 22.718,87 ; 24.990,76 ; 27.262,65 ; 29.534,53 ; 31.678,67 ; 34.046,36 ; 34.046,36 ; 36.316,12 ; 37.193,78 ; 37.194,28 ; 37.194,28 ; 37.194,28 ; 68.712,51 ; 458.083,45 
SP;TARUMA;3553955; 42.146,98 ; 46.361,68 ; 50.576,38 ; 54.791,08 ; 58.802,12 ; 63.169,55 ; 63.169,55 ; 67.380,85 ; 68.704,43 ; 68.969,38 ; 68.969,38 ; 68.969,38 ; 127.413,66 ; 849.424,42 
SP;TEJUPA;3554201; 21.205,85 ; 23.326,43 ; 25.447,02 ; 27.567,60 ; 29.577,64 ; 31.781,13 ; 31.781,13 ; 33.899,87 ; 34.639,66 ; 34.708,97 ; 34.708,97 ; 34.708,97 ; 64.121,16 ; 427.474,40 
SP;TERRA ROXA;3554409; 19.971,18 ; 21.968,30 ; 23.965,42 ; 25.962,54 ; 27.847,38 ; 29.928,69 ; 29.928,69 ; 31.923,93 ; 32.695,42 ; 32.695,89 ; 32.695,89 ; 32.695,89 ; 60.402,21 ; 402.681,43 
SP;TIMBURI;3554607; 9.354,16 ; 10.289,58 ; 11.224,99 ; 12.160,41 ; 13.046,95 ; 14.019,00 ; 14.019,00 ; 14.953,60 ; 15.281,48 ; 15.310,72 ; 15.310,72 ; 15.310,72 ; 28.284,94 ; 188.566,27 
SP;TUPA;3555000; 78.885,69 ; 86.774,25 ; 94.662,82 ; 102.551,39 ; 112.127,15 ; 118.750,34 ; 118.750,34 ; 126.667,03 ; 129.728,18 ; 129.729,98 ; 129.729,98 ; 129.729,98 ; 239.662,44 ; 1.597.749,57 
SP;TUPI PAULISTA;3555109; 33.281,88 ; 36.610,07 ; 39.938,26 ; 43.266,45 ; 43.103,76 ; 49.050,09 ; 49.050,09 ; 52.320,09 ; 53.584,49 ; 53.585,25 ; 53.585,25 ; 53.585,25 ; 98.993,10 ; 659.954,03 
SP;TURIUBA;3555208; 3.113,96 ; 3.425,36 ; 3.736,75 ; 4.048,15 ; 4.342,09 ; 4.666,56 ; 4.666,56 ; 4.977,67 ; 5.097,98 ; 5.098,03 ; 5.098,03 ; 5.098,03 ; 9.418,08 ; 62.787,25 
SP;URUPES;3556008; 73.596,68 ; 80.956,34 ; 88.316,01 ; 95.675,68 ; 102.651,50 ; 110.299,07 ; 110.299,07 ; 117.652,34 ; 120.219,52 ; 120.460,33 ; 120.460,33 ; 120.460,33 ; 222.537,75 ; 1.483.584,95 
SP;VALENTIM GENTIL;3556107; 27.269,30 ; 29.996,23 ; 32.723,16 ; 35.450,09 ; 38.023,69 ; 40.865,61 ; 40.865,61 ; 43.589,98 ; 44.643,43 ; 44.644,03 ; 44.644,03 ; 44.644,03 ; 82.475,15 ; 549.834,34 
SP;VERA CRUZ;3556602; 34.426,62 ; 37.869,28 ; 41.311,94 ; 44.754,61 ; 48.017,50 ; 51.594,97 ; 51.594,97 ; 55.034,64 ; 56.238,31 ; 56.348,52 ; 56.348,52 ; 56.348,52 ; 104.097,95 ; 693.986,35 
SP;VIRADOURO;3556800; 77.269,39 ; 84.996,33 ; 92.723,27 ; 100.450,21 ; 104.116,09 ; 114.888,84 ; 114.888,84 ; 122.548,10 ; 125.246,68 ; 125.476,22 ; 125.476,22 ; 125.476,22 ; 231.804,08 ; 1.545.360,49 
SP;VISTA ALEGRE DO ALTO;3556909; 36.298,16 ; 39.927,98 ; 43.557,80 ; 47.187,61 ; 50.628,20 ; 54.399,92 ; 54.399,92 ; 58.026,59 ; 59.292,88 ; 59.411,51 ; 59.411,51 ; 59.411,51 ; 109.756,51 ; 731.710,10 
SP;VOTUPORANGA;3557105; 153.770,90 ; 169.147,99 ; 184.525,08 ; 199.902,16 ; 215.903,12 ; 230.812,33 ; 230.812,33 ; 246.199,82 ; 252.149,72 ; 252.153,20 ; 252.153,20 ; 252.153,20 ; 465.826,43 ; 3.105.509,48 
SP;ZACARIAS;3557154; 10.823,14 ; 11.905,45 ; 12.987,76 ; 14.070,08 ; 15.096,15 ; 16.220,63 ; 16.220,63 ; 17.302,00 ; 17.678,42 ; 17.714,80 ; 17.714,80 ; 17.714,80 ; 32.726,23 ; 218.174,89 
TO;ABREULANDIA;1700251; 17.804,35 ; 19.584,78 ; 21.365,22 ; 23.145,65 ; 24.833,04 ; 26.683,24 ; 26.683,24 ; 28.462,13 ; 29.085,75 ; 29.141,77 ; 29.141,77 ; 29.141,77 ; 53.836,35 ; 358.909,06 
TO;AGUIARNOPOLIS;1700301; 13.144,15 ; 14.458,57 ; 15.772,98 ; 17.087,40 ; 18.327,94 ; 19.697,74 ; 19.697,74 ; 21.010,93 ; 21.518,69 ; 21.519,00 ; 21.519,00 ; 21.519,00 ; 39.754,08 ; 265.027,22 
TO;ALIANCA DO TOCANTINS;1700350; 22.714,59 ; 24.986,05 ; 27.257,51 ; 29.528,96 ; 31.681,31 ; 34.042,10 ; 34.042,10 ; 36.311,57 ; 37.110,34 ; 37.179,07 ; 37.179,07 ; 37.179,07 ; 68.684,42 ; 457.896,16 
TO;ANANAS;1701002; 46.693,79 ; 51.363,17 ; 56.032,55 ; 60.701,93 ; 65.126,72 ; 69.979,55 ; 69.979,55 ; 74.644,85 ; 76.283,11 ; 76.427,67 ; 76.427,67 ; 76.427,67 ; 141.192,04 ; 941.280,27 
TO;ANGICO;1701051; 13.265,76 ; 14.592,34 ; 15.918,92 ; 17.245,49 ; 18.502,44 ; 19.881,22 ; 19.881,22 ; 21.206,63 ; 21.674,31 ; 21.713,43 ; 21.713,43 ; 21.713,43 ; 40.113,28 ; 267.421,90 
TO;ARAGOMINAS;1701309; 18.302,07 ; 20.132,28 ; 21.962,48 ; 23.792,69 ; 25.526,76 ; 27.429,05 ; 27.429,05 ; 29.257,65 ; 29.903,24 ; 29.956,90 ; 29.956,90 ; 29.956,90 ; 55.342,22 ; 368.948,19 
TO;ARAGUATINS;1702208; 53.514,75 ; 58.866,23 ; 64.217,70 ; 69.569,18 ; 74.661,90 ; 80.207,46 ; 80.207,46 ; 85.554,62 ; 87.235,21 ; 87.571,60 ; 87.571,60 ; 87.571,60 ; 161.779,29 ; 1.078.528,60 
TO;AXIXA DO TOCANTINS;1702901; 74.400,94 ; 81.841,04 ; 89.281,13 ; 96.721,23 ; 103.769,66 ; 111.503,51 ; 111.503,51 ; 118.937,08 ; 121.565,41 ; 121.780,17 ; 121.780,17 ; 121.780,17 ; 224.976,01 ; 1.499.840,03 
TO;BABACULANDIA;1703008; 33.818,31 ; 37.200,15 ; 40.581,98 ; 43.963,81 ; 47.167,27 ; 50.682,87 ; 50.682,87 ; 54.061,73 ; 55.260,25 ; 55.354,54 ; 55.354,54 ; 55.354,54 ; 102.261,68 ; 681.744,54 
TO;BANDEIRANTES DO TOCANTINS;1703057; 20.213,00 ; 22.234,30 ; 24.255,60 ; 26.276,90 ; 28.191,93 ; 30.292,91 ; 30.292,91 ; 32.312,44 ; 33.026,03 ; 33.084,78 ; 33.084,78 ; 33.084,78 ; 61.120,64 ; 407.471,00 
TO;BARRA DO OURO;1703073; 22.746,74 ; 25.021,42 ; 27.296,09 ; 29.570,77 ; 31.725,80 ; 34.090,19 ; 34.090,19 ; 36.362,87 ; 37.166,37 ; 37.232,08 ; 37.232,08 ; 37.232,08 ; 68.782,35 ; 458.549,03 
TO;BERNARDO SAYAO;1703206; 14.413,26 ; 15.854,59 ; 17.295,91 ; 18.737,24 ; 20.097,53 ; 21.599,62 ; 21.599,62 ; 23.039,60 ; 23.596,40 ; 23.596,72 ; 23.596,72 ; 23.596,72 ; 43.592,45 ; 290.616,38 
TO;BREJINHO DE NAZARE;1703701; 12.569,78 ; 13.826,75 ; 15.083,73 ; 16.340,71 ; 17.527,05 ; 18.836,99 ; 18.836,99 ; 20.092,79 ; 20.578,35 ; 20.578,66 ; 20.578,66 ; 20.578,66 ; 38.016,90 ; 253.446,02 
TO;BURITI DO TOCANTINS;1703800; 45.916,90 ; 50.508,59 ; 55.100,28 ; 59.691,97 ; 64.042,31 ; 68.815,04 ; 68.815,04 ; 73.402,71 ; 75.021,05 ; 75.156,83 ; 75.156,83 ; 75.156,83 ; 138.844,31 ; 925.628,69 
TO;CACHOEIRINHA;1703826; 6.809,05 ; 7.489,95 ; 8.170,86 ; 8.851,76 ; 9.494,43 ; 10.204,00 ; 10.204,00 ; 10.884,27 ; 11.147,32 ; 11.147,46 ; 11.147,46 ; 11.147,46 ; 20.593,76 ; 137.291,78 
TO;CAMPOS LINDOS;1703842; 67.845,39 ; 74.629,93 ; 81.414,46 ; 88.199,00 ; 94.626,16 ; 101.678,75 ; 101.678,75 ; 108.457,33 ; 110.856,11 ; 111.050,18 ; 111.050,18 ; 111.050,18 ; 205.153,49 ; 1.367.689,91 
TO;CARIRI DO TOCANTINS;1703867; 11.197,30 ; 12.317,03 ; 13.436,76 ; 14.556,49 ; 15.613,28 ; 16.780,20 ; 16.780,20 ; 17.898,88 ; 18.331,44 ; 18.331,69 ; 18.331,69 ; 18.331,69 ; 33.865,88 ; 225.772,53 
TO;CARRASCO BONITO;1703891; 17.553,94 ; 19.309,34 ; 21.064,73 ; 22.820,13 ; 24.483,26 ; 26.307,83 ; 26.307,83 ; 28.061,68 ; 28.681,50 ; 28.732,44 ; 28.732,44 ; 28.732,44 ; 53.080,15 ; 353.867,71 
TO;CASEARA;1703909; 28.631,60 ; 31.494,76 ; 34.357,92 ; 37.221,08 ; 39.933,73 ; 42.909,75 ; 42.909,75 ; 45.770,40 ; 46.780,78 ; 46.864,36 ; 46.864,36 ; 46.864,36 ; 86.576,97 ; 577.179,82 
TO;CENTENARIO;1704105; 9.609,58 ; 10.570,53 ; 11.531,49 ; 12.492,45 ; 13.402,88 ; 14.401,72 ; 14.401,72 ; 15.361,84 ; 15.701,29 ; 15.729,04 ; 15.729,04 ; 15.729,04 ; 29.057,75 ; 193.718,37 
TO;CHAPADA DA NATIVIDADE;1705102; 12.460,85 ; 13.706,94 ; 14.953,03 ; 16.199,11 ; 17.379,88 ; 18.674,94 ; 18.674,94 ; 19.919,94 ; 20.358,21 ; 20.395,84 ; 20.395,84 ; 20.395,84 ; 37.679,18 ; 251.194,54 
TO;CHAPADA DE AREIA;1704600; 9.258,44 ; 10.184,29 ; 11.110,13 ; 12.035,98 ; 12.913,17 ; 13.875,49 ; 13.875,49 ; 14.800,53 ; 15.127,34 ; 15.154,28 ; 15.154,28 ; 15.154,28 ; 27.995,94 ; 186.639,64 
TO;COLINAS DO TOCANTINS;1705508; 190.454,13 ; 209.499,54 ; 228.544,95 ; 247.590,37 ; 260.079,00 ; 284.042,01 ; 284.042,01 ; 302.978,15 ; 309.618,23 ; 310.213,17 ; 310.213,17 ; 310.213,17 ; 573.086,11 ; 3.820.574,01 
TO;COUTO DE MAGALHAES;1706001; 17.122,81 ; 18.835,09 ; 20.547,37 ; 22.259,65 ; 22.824,07 ; 25.397,22 ; 25.397,22 ; 27.090,37 ; 27.745,05 ; 27.745,45 ; 27.745,45 ; 27.745,45 ; 51.256,79 ; 341.711,99 
TO;CRISTALANDIA;1706100; 22.978,82 ; 25.276,70 ; 27.574,59 ; 29.872,47 ; 31.253,52 ; 34.239,02 ; 34.239,02 ; 36.521,62 ; 37.325,68 ; 37.394,23 ; 37.394,23 ; 37.394,23 ; 69.081,90 ; 460.546,03 
TO;CRIXAS DO TOCANTINS;1706258; 9.180,34 ; 10.098,38 ; 11.016,41 ; 11.934,45 ; 12.804,32 ; 13.758,47 ; 13.758,47 ; 14.675,70 ; 14.999,08 ; 15.026,38 ; 15.026,38 ; 15.026,38 ; 27.759,66 ; 185.064,42 
TO;DIANOPOLIS;1707009; 94.357,02 ; 103.792,72 ; 113.228,42 ; 122.664,12 ; 128.328,25 ; 140.592,65 ; 140.592,65 ; 149.965,49 ; 153.262,60 ; 153.548,02 ; 153.548,02 ; 153.548,02 ; 283.663,77 ; 1.891.091,75 
TO;DUERE;1707306; 9.783,37 ; 10.761,71 ; 11.740,04 ; 12.718,38 ; 13.641,74 ; 14.661,30 ; 14.661,30 ; 15.638,72 ; 16.016,66 ; 16.016,88 ; 16.016,88 ; 16.016,88 ; 29.589,50 ; 197.263,36 
TO;ESPERANTINA;1707405; 50.204,55 ; 55.225,00 ; 60.245,46 ; 65.265,91 ; 70.022,18 ; 75.240,80 ; 75.240,80 ; 80.256,85 ; 82.028,98 ; 82.175,13 ; 82.175,13 ; 82.175,13 ; 151.809,87 ; 1.012.065,79 
TO;FILADELFIA;1707702; 30.041,25 ; 33.045,38 ; 36.049,50 ; 39.053,63 ; 41.899,53 ; 45.022,31 ; 45.022,31 ; 48.023,79 ; 49.086,62 ; 49.171,97 ; 49.171,97 ; 49.171,97 ; 90.840,03 ; 605.600,26 
TO;FORTALEZA DO TABOCAO;1708254; 11.874,95 ; 13.062,45 ; 14.249,94 ; 15.437,44 ; 16.558,19 ; 17.795,73 ; 17.795,73 ; 18.982,12 ; 19.440,88 ; 19.441,12 ; 19.441,12 ; 19.441,12 ; 35.915,43 ; 239.436,22 
TO;GOIATINS;1709005; 71.737,78 ; 78.911,55 ; 86.085,33 ; 93.259,11 ; 100.055,33 ; 107.512,29 ; 107.512,29 ; 114.679,78 ; 117.213,05 ; 117.420,97 ; 117.420,97 ; 117.420,97 ; 216.922,85 ; 1.446.152,27 
TO;IPUEIRAS;1709807; 10.638,36 ; 11.702,20 ; 12.766,04 ; 13.829,87 ; 14.837,99 ; 15.943,60 ; 15.943,60 ; 17.006,51 ; 17.380,41 ; 17.412,78 ; 17.412,78 ; 17.412,78 ; 32.168,27 ; 214.455,19 
TO;ITAGUATINS;1710706; 27.151,91 ; 29.867,10 ; 32.582,30 ; 35.297,49 ; 37.869,51 ; 40.692,07 ; 40.692,07 ; 43.404,87 ; 44.366,95 ; 44.442,81 ; 44.442,81 ; 44.442,81 ; 82.103,41 ; 547.356,11 
TO;ITAPIRATINS;1710904; 16.431,41 ; 18.074,55 ; 19.717,69 ; 21.360,84 ; 22.917,96 ; 24.625,59 ; 24.625,59 ; 26.267,30 ; 26.844,23 ; 26.894,72 ; 26.894,72 ; 26.894,72 ; 49.685,17 ; 331.234,49 
TO;ITAPORA DO TOCANTINS;1711100; 10.834,84 ; 11.918,32 ; 13.001,81 ; 14.085,29 ; 15.111,94 ; 16.238,04 ; 16.238,04 ; 17.320,58 ; 17.702,08 ; 17.734,44 ; 17.734,44 ; 17.734,44 ; 32.762,51 ; 218.416,77 
TO;JAU DO TOCANTINS;1711506; 10.334,20 ; 11.367,62 ; 12.401,04 ; 13.434,46 ; 14.409,80 ; 15.486,77 ; 15.486,77 ; 16.519,22 ; 16.918,44 ; 16.918,67 ; 16.918,67 ; 16.918,67 ; 31.255,46 ; 208.369,79 
TO;JUARINA;1711803; 14.516,47 ; 15.968,12 ; 17.419,77 ; 18.871,42 ; 20.246,91 ; 21.755,66 ; 21.755,66 ; 23.206,04 ; 23.717,03 ; 23.760,51 ; 23.760,51 ; 23.760,51 ; 43.895,04 ; 292.633,65 
TO;LAGOA DO TOCANTINS;1711951; 21.411,92 ; 23.553,11 ; 25.694,30 ; 27.835,50 ; 29.863,92 ; 32.089,67 ; 32.089,67 ; 34.228,98 ; 34.986,73 ; 35.047,38 ; 35.047,38 ; 35.047,38 ; 64.746,34 ; 431.642,28 
TO;MAURILANDIA DO TOCANTINS;1712801; 21.111,91 ; 23.223,10 ; 25.334,29 ; 27.445,48 ; 29.445,73 ; 31.640,12 ; 31.640,12 ; 33.749,46 ; 34.494,22 ; 34.556,07 ; 34.556,07 ; 34.556,07 ; 63.838,70 ; 425.591,34 
TO;MIRACEMA DO TOCANTINS;1713205; 57.184,44 ; 62.902,88 ; 68.621,33 ; 74.339,77 ; 75.390,95 ; 84.609,86 ; 84.609,86 ; 90.250,52 ; 92.238,03 ; 92.406,96 ; 92.406,96 ; 92.406,96 ; 170.712,10 ; 1.138.080,62 
TO;MONTE DO CARMO;1713601; 17.166,22 ; 18.882,84 ; 20.599,46 ; 22.316,08 ; 23.936,18 ; 25.725,19 ; 25.725,19 ; 27.440,20 ; 28.103,37 ; 28.103,73 ; 28.103,73 ; 28.103,73 ; 51.918,68 ; 346.124,60 
TO;MONTE SANTO DO TOCANTINS;1713700; 11.816,40 ; 12.998,04 ; 14.179,68 ; 15.361,32 ; 16.481,05 ; 17.709,11 ; 17.709,11 ; 18.889,72 ; 19.305,12 ; 19.340,98 ; 19.340,98 ; 19.340,98 ; 35.730,43 ; 238.202,92 
TO;MURICILANDIA;1713957; 12.139,02 ; 13.352,93 ; 14.566,83 ; 15.780,73 ; 16.930,82 ; 18.192,56 ; 18.192,56 ; 19.405,40 ; 19.834,27 ; 19.869,27 ; 19.869,27 ; 19.869,27 ; 36.706,39 ; 244.709,32 
TO;NAZARE;1714302; 20.068,69 ; 22.075,56 ; 24.082,43 ; 26.089,30 ; 24.518,67 ; 29.208,65 ; 29.208,65 ; 31.155,90 ; 31.840,49 ; 31.900,12 ; 31.900,12 ; 31.900,12 ; 58.932,12 ; 392.880,82 
TO;NOVA ROSALANDIA;1715002; 6.417,72 ; 7.059,49 ; 7.701,27 ; 8.343,04 ; 8.948,76 ; 9.617,56 ; 9.617,56 ; 10.258,73 ; 10.506,65 ; 10.506,80 ; 10.506,80 ; 10.506,80 ; 19.410,20 ; 129.401,38 
TO;NOVO ACORDO;1715101; 21.017,67 ; 23.119,44 ; 25.221,21 ; 27.322,97 ; 29.314,43 ; 31.498,92 ; 31.498,92 ; 33.598,85 ; 34.338,94 ; 34.401,67 ; 34.401,67 ; 34.401,67 ; 63.553,47 ; 423.689,83 
TO;NOVO ALEGRE;1715150; 2.737,45 ; 3.011,19 ; 3.284,94 ; 3.558,68 ; 3.817,13 ; 4.102,32 ; 4.102,32 ; 4.375,81 ; 4.481,53 ; 4.481,63 ; 4.481,63 ; 4.481,63 ; 8.279,34 ; 55.195,60 
TO;OLIVEIRA DE FATIMA;1715507; 8.578,43 ; 9.436,27 ; 10.294,11 ; 11.151,96 ; 11.964,68 ; 12.856,35 ; 12.856,35 ; 13.713,44 ; 14.016,72 ; 14.041,28 ; 14.041,28 ; 14.041,28 ; 25.939,78 ; 172.931,93 
TO;PALMEIRANTE;1715705; 27.491,95 ; 30.241,15 ; 32.990,34 ; 35.739,54 ; 38.344,01 ; 41.201,73 ; 41.201,73 ; 43.948,52 ; 44.920,43 ; 44.999,16 ; 44.999,16 ; 44.999,16 ; 83.131,21 ; 554.208,09 
TO;PALMEIRAS DO TOCANTINS;1713809; 20.496,53 ; 22.546,19 ; 24.595,84 ; 26.645,49 ; 28.587,42 ; 30.717,85 ; 30.717,85 ; 32.765,70 ; 33.489,21 ; 33.548,86 ; 33.548,86 ; 33.548,86 ; 61.977,99 ; 413.186,65 
TO;PALMEIROPOLIS;1715754; 38.837,69 ; 42.721,46 ; 46.605,23 ; 50.489,00 ; 54.169,86 ; 58.205,79 ; 58.205,79 ; 62.086,18 ; 63.445,17 ; 63.568,55 ; 63.568,55 ; 63.568,55 ; 117.436,20 ; 782.908,02 
TO;PARANA;1716208; 48.863,38 ; 53.749,72 ; 58.636,06 ; 63.522,39 ; 68.151,72 ; 73.230,83 ; 73.230,83 ; 78.112,89 ; 79.836,88 ; 79.979,81 ; 79.979,81 ; 79.979,81 ; 147.754,26 ; 985.028,39 
TO;PEDRO AFONSO;1716505; 68.756,37 ; 75.632,00 ; 82.507,64 ; 89.383,27 ; 95.264,45 ; 102.885,94 ; 102.885,94 ; 109.745,00 ; 112.149,70 ; 112.365,62 ; 112.365,62 ; 112.365,62 ; 207.583,62 ; 1.383.890,79 
TO;PEQUIZEIRO;1716653; 14.425,94 ; 15.868,54 ; 17.311,13 ; 18.753,73 ; 20.115,28 ; 21.618,63 ; 21.618,63 ; 23.059,87 ; 23.617,14 ; 23.617,49 ; 23.617,49 ; 23.617,49 ; 43.630,82 ; 290.872,18 
TO;PINDORAMA DO TOCANTINS;1717008; 9.675,65 ; 10.643,21 ; 11.610,78 ; 12.578,35 ; 13.491,54 ; 14.499,87 ; 14.499,87 ; 15.466,53 ; 15.840,31 ; 15.840,53 ; 15.840,53 ; 15.840,53 ; 29.263,70 ; 195.091,40 
TO;PONTE ALTA DO BOM JESUS;1717800; 14.757,85 ; 16.233,64 ; 17.709,42 ; 19.185,21 ; 20.583,67 ; 22.117,43 ; 22.117,43 ; 23.591,93 ; 24.110,68 ; 24.155,52 ; 24.155,52 ; 24.155,52 ; 44.624,79 ; 297.498,61 
TO;PORTO ALEGRE DO TOCANTINS;1718006; 7.590,03 ; 8.349,04 ; 9.108,04 ; 9.867,05 ; 10.583,43 ; 11.374,38 ; 11.374,38 ; 12.132,67 ; 12.425,88 ; 12.426,05 ; 12.426,05 ; 12.426,05 ; 22.955,83 ; 153.038,88 
TO;PRAIA NORTE;1718303; 50.287,78 ; 55.316,56 ; 60.345,34 ; 65.374,11 ; 70.137,76 ; 75.365,39 ; 75.365,39 ; 80.389,75 ; 82.170,10 ; 82.311,92 ; 82.311,92 ; 82.311,92 ; 152.062,58 ; 1.013.750,52 
TO;PRESIDENTE KENNEDY;1718402; 11.555,50 ; 12.711,05 ; 13.866,60 ; 15.022,15 ; 16.117,07 ; 17.318,09 ; 17.318,09 ; 18.472,63 ; 18.879,59 ; 18.914,03 ; 18.914,03 ; 18.914,03 ; 34.941,67 ; 232.944,53 
TO;RIACHINHO;1718550; 12.919,52 ; 14.211,48 ; 15.503,43 ; 16.795,38 ; 18.014,73 ; 19.361,12 ; 19.361,12 ; 20.651,86 ; 21.150,94 ; 21.151,25 ; 21.151,25 ; 21.151,25 ; 39.074,70 ; 260.498,03 
TO;RIO DOS BOIS;1718709; 12.730,11 ; 14.003,12 ; 15.276,13 ; 16.549,14 ; 17.755,70 ; 19.078,53 ; 19.078,53 ; 20.350,43 ; 20.795,85 ; 20.836,32 ; 20.836,32 ; 20.836,32 ; 38.492,91 ; 256.619,41 
TO;RIO SONO;1718758; 24.857,05 ; 27.342,76 ; 29.828,46 ; 32.314,17 ; 34.669,24 ; 37.252,90 ; 37.252,90 ; 39.736,43 ; 40.613,45 ; 40.686,15 ; 40.686,15 ; 40.686,15 ; 75.163,37 ; 501.089,18 
TO;SAMPAIO;1718808; 13.156,11 ; 14.471,72 ; 15.787,33 ; 17.102,94 ; 18.344,65 ; 19.715,66 ; 19.715,66 ; 21.030,04 ; 21.538,27 ; 21.538,57 ; 21.538,57 ; 21.538,57 ; 39.790,24 ; 265.268,33 
TO;SANTA FE DO ARAGUAIA;1718865; 16.528,61 ; 18.181,47 ; 19.834,33 ; 21.487,20 ; 23.047,13 ; 24.769,68 ; 24.769,68 ; 26.420,99 ; 27.059,50 ; 27.059,88 ; 27.059,88 ; 27.059,88 ; 49.990,27 ; 333.268,50 
TO;SANTA MARIA DO TOCANTINS;1718881; 13.520,17 ; 14.872,19 ; 16.224,21 ; 17.576,22 ; 18.857,36 ; 20.262,52 ; 20.262,52 ; 21.613,36 ; 22.089,02 ; 22.129,75 ; 22.129,75 ; 22.129,75 ; 40.882,38 ; 272.549,20 
TO;SANTA ROSA DO TOCANTINS;1718907; 28.508,95 ; 31.359,84 ; 34.210,74 ; 37.061,63 ; 39.762,43 ; 42.725,88 ; 42.725,88 ; 45.574,28 ; 46.582,35 ; 46.663,82 ; 46.663,82 ; 46.663,82 ; 86.206,48 ; 574.709,92 
TO;SANTA TEREZINHA DO TOCANTINS;1720002; 13.326,00 ; 14.658,61 ; 15.991,21 ; 17.323,81 ; 18.586,54 ; 19.971,53 ; 19.971,53 ; 21.302,96 ; 21.771,80 ; 21.811,94 ; 21.811,94 ; 21.811,94 ; 40.295,25 ; 268.635,06 
TO;SAO BENTO DO TOCANTINS;1720101; 41.134,17 ; 45.247,59 ; 49.361,01 ; 53.474,43 ; 57.371,44 ; 61.647,15 ; 61.647,15 ; 65.756,96 ; 67.209,67 ; 67.328,77 ; 67.328,77 ; 67.328,77 ; 124.382,80 ; 829.218,68 
TO;SAO FELIX DO TOCANTINS;1720150; 4.214,03 ; 4.635,43 ; 5.056,83 ; 5.478,24 ; 5.875,97 ; 6.315,12 ; 6.315,12 ; 6.736,13 ; 6.898,95 ; 6.899,01 ; 6.899,01 ; 6.899,01 ; 12.745,20 ; 84.968,05 
TO;SAO MIGUEL DO TOCANTINS;1720200; 84.276,24 ; 92.703,86 ; 101.131,48 ; 109.559,11 ; 117.543,82 ; 126.303,64 ; 126.303,64 ; 134.723,88 ; 137.694,51 ; 137.943,46 ; 137.943,46 ; 137.943,46 ; 254.835,99 ; 1.698.906,55 
TO;SAO SALVADOR DO TOCANTINS;1720259; 11.861,34 ; 13.047,47 ; 14.233,61 ; 15.419,74 ; 16.543,82 ; 17.776,47 ; 17.776,47 ; 18.961,57 ; 19.377,89 ; 19.414,47 ; 19.414,47 ; 19.414,47 ; 35.866,19 ; 239.107,98 
TO;SAO SEBASTIAO DO TOCANTINS;1720309; 26.800,09 ; 29.480,09 ; 32.160,10 ; 34.840,11 ; 37.379,39 ; 40.164,93 ; 40.164,93 ; 42.842,59 ; 43.787,07 ; 43.866,40 ; 43.866,40 ; 43.866,40 ; 81.038,55 ; 540.257,05 
TO;SAO VALERIO;1720499; 12.866,37 ; 14.153,01 ; 15.439,65 ; 16.726,28 ; 17.940,59 ; 19.281,47 ; 19.281,47 ; 20.566,90 ; 21.063,95 ; 21.064,23 ; 21.064,23 ; 21.064,23 ; 38.913,94 ; 259.426,32 
TO;SITIO NOVO DO TOCANTINS;1720804; 75.002,62 ; 82.502,88 ; 90.003,14 ; 97.503,40 ; 104.609,43 ; 112.405,38 ; 112.405,38 ; 119.899,07 ; 122.543,33 ; 122.764,44 ; 122.764,44 ; 122.764,44 ; 226.794,35 ; 1.511.962,30 
TO;TAIPAS DO TOCANTINS;1720937; 9.149,35 ; 10.064,29 ; 10.979,23 ; 11.894,16 ; 12.761,20 ; 13.712,05 ; 13.712,05 ; 14.626,19 ; 14.947,44 ; 14.975,54 ; 14.975,54 ; 14.975,54 ; 27.665,74 ; 184.438,32 
TO;TALISMA;1720978; 7.488,12 ; 8.236,94 ; 8.985,75 ; 9.734,56 ; 10.441,33 ; 11.221,66 ; 11.221,66 ; 11.969,77 ; 12.259,04 ; 12.259,21 ; 12.259,21 ; 12.259,21 ; 22.647,61 ; 150.984,07 
TO;TOCANTINOPOLIS;1721208; 94.862,95 ; 104.349,24 ; 113.835,54 ; 123.321,83 ; 130.862,07 ; 141.807,93 ; 141.807,93 ; 151.261,79 ; 154.582,15 ; 154.874,59 ; 154.874,59 ; 154.874,59 ; 286.114,45 ; 1.907.429,65 
TO;WANDERLANDIA;1722081; 45.571,66 ; 50.128,83 ; 54.685,99 ; 59.243,16 ; 63.561,40 ; 68.297,77 ; 68.297,77 ; 72.850,95 ; 74.451,79 ; 74.591,18 ; 74.591,18 ; 74.591,18 ; 137.799,34 ; 918.662,20 
TO;XAMBIOA;1722107; 56.618,42 ; 62.280,26 ; 67.942,10 ; 73.603,94 ; 78.968,38 ; 84.853,28 ; 84.853,28 ; 90.510,17 ; 92.504,45 ; 92.672,95 ; 92.672,95 ; 92.672,95 ; 171.203,50 ; 1.141.356,63 
;TOTAL;; 376.305.900,81 ; 413.936.490,89 ; 451.567.080,97 ; 489.197.671,05 ; 528.362.378,02 ; 564.842.380,43 ; 564.842.380,43 ; 602.498.539,13 ; 617.068.928,85 ; 617.068.928,85 ; 617.068.928,85 ; 617.068.928,85 ; 1.139.969.741,82 ; 7.599.798.278,95 
;;;;;;;;;;;;;;;;
;;;;;;;;;;;;;;;;
